date,open,high,low,close,volume
2020-01-02,100.0,100.0,99.3000030517578,99.5999984741211,3326184
2020-01-03,99.5999984741211,101.5,99.3000030517578,101.5,5636265
2020-01-06,101.5,102.0,101.0,102.0,6514815
2020-01-07,101.5,102.0,101.0,101.5,6945442
2020-01-08,101.5,101.5,100.0,100.0,4643180
2020-01-09,100.0,101.0,99.3000030517578,100.0,3764115
2020-01-10,99.5999984741211,100.5,99.5999984741211,99.8000030517578,1771225
2020-01-13,99.8000030517578,100.0,99.0999984741211,99.6999969482422,3901996
2020-01-14,99.3000030517578,99.5,98.5,98.8000030517578,8346931
2020-01-15,98.8000030517578,98.8000030517578,98.0,98.5,5092736
2020-01-16,98.0,98.0999984741211,97.8000030517578,97.9000015258789,3519448
2020-01-17,98.3000030517578,99.0,98.0999984741211,99.0,2646386
2020-01-20,98.6999969482422,99.4000015258789,98.6999969482422,99.0,2212807
2020-01-30,95.4000015258789,95.5999984741211,91.4000015258789,91.5999984741211,18763647
2020-01-31,92.1999969482422,94.0999984741211,92.1999969482422,93.4000015258789,7374210
2020-02-03,92.0,94.3000030517578,91.0999984741211,93.0,7610581
2020-02-04,96.8000030517578,96.8000030517578,93.5,93.5,4797825
2020-02-05,93.0,93.0,91.8000030517578,92.6999969482422,5458431
2020-02-06,93.4000015258789,94.6999969482422,93.0,94.5,4602623
2020-02-07,93.3000030517578,94.1999969482422,93.3000030517578,93.6999969482422,3776264
2020-02-10,93.0,94.0,92.0999984741211,94.0,3487178
2020-02-11,93.8000030517578,94.0,93.3000030517578,93.6999969482422,2993810
2020-02-12,93.5,94.3000030517578,93.5,94.0,3709189
2020-02-13,93.8000030517578,95.0,93.8000030517578,94.8000030517578,4425809
2020-02-14,94.5999984741211,95.3000030517578,94.5999984741211,95.1999969482422,4111365
2020-02-17,94.3000030517578,94.8000030517578,93.5999984741211,94.8000030517578,4204922
2020-02-18,94.4000015258789,94.9000015258789,93.9000015258789,94.8000030517578,3612597
2020-02-19,95.4000015258789,96.5,95.0999984741211,96.1999969482422,4207394
2020-02-20,96.1999969482422,96.4000015258789,94.6999969482422,94.6999969482422,4669002
2020-02-21,94.5999984741211,95.5999984741211,94.5,94.5999984741211,3810385
2020-02-24,93.0,94.0,93.0,93.3000030517578,6602369
2020-02-25,93.0999984741211,93.1999969482422,92.4000015258789,93.0999984741211,10882880
2020-02-26,91.5999984741211,92.0,91.5,91.5,13300382
2020-02-27,91.0999984741211,91.5,90.6999969482422,91.0,11741327
2020-03-02,90.0,90.5,89.0,90.0,10056015
2020-03-03,90.5,92.1999969482422,90.4000015258789,91.5999984741211,6652079
2020-03-04,91.4000015258789,92.5999984741211,91.3000030517578,92.5,4707906
2020-03-05,92.5,93.4000015258789,92.3000030517578,93.3000030517578,3877076
2020-03-06,93.0,93.0,91.0999984741211,91.4000015258789,6610017
2020-03-09,89.0,90.0,89.0,89.30000305175781,15180384
2020-03-10,89.19999694824219,89.69999694824219,88.0999984741211,89.0,9498287
2020-03-11,88.9000015258789,90.1999969482422,88.30000305175781,88.9000015258789,8459290
2020-03-12,88.0,88.0,83.69999694824219,84.0,17004759
2020-03-13,78.0,82.0999984741211,77.19999694824219,80.5999984741211,21022278
2020-03-16,80.69999694824219,81.0,78.0,78.19999694824219,11464248
2020-03-17,77.19999694824219,77.5,74.0999984741211,74.5999984741211,16959562
2020-03-18,74.4000015258789,74.4000015258789,70.0,70.0,24594228
2020-03-19,67.0,67.4000015258789,64.80000305175781,66.5999984741211,27553547
2020-03-20,67.30000305175781,69.69999694824219,67.30000305175781,68.80000305175781,27125856
2020-03-23,65.5,68.0,65.0,66.69999694824219,17033927
2020-03-24,69.5,71.0,69.0999984741211,70.5,12773263
2020-03-25,72.5999984741211,75.30000305175781,72.5999984741211,74.9000015258789,14694236
2020-03-26,76.0,76.0,73.19999694824219,74.0999984741211,10096363
2020-03-27,75.4000015258789,75.80000305175781,74.5,74.69999694824219,10394418
2020-03-30,73.19999694824219,76.0,71.5999984741211,75.19999694824219,11356529
2020-03-31,75.4000015258789,76.19999694824219,75.0,75.0999984741211,10645383
2020-04-01,75.19999694824219,75.5999984741211,74.4000015258789,74.4000015258789,7804138
2020-04-06,78.4000015258789,79.0,75.80000305175781,77.5999984741211,14843479
2020-04-07,79.0999984741211,80.0,79.0,79.80000305175781,11267920
2020-04-08,79.5999984741211,80.9000015258789,79.0,80.4000015258789,10349004
2020-04-09,80.5999984741211,81.0,80.0999984741211,80.5999984741211,7789986
2020-04-10,80.5,83.19999694824219,80.5,81.9000015258789,7685743
2020-04-13,81.0999984741211,82.0,80.69999694824219,80.69999694824219,6968203
2020-04-14,80.69999694824219,82.80000305175781,80.69999694824219,82.19999694824219,9733832
2020-04-15,82.69999694824219,83.4000015258789,82.5999984741211,83.0999984741211,8529766
2020-04-16,81.80000305175781,83.0,81.5,82.0999984741211,8351347
2020-04-17,83.19999694824219,84.69999694824219,83.0999984741211,83.19999694824219,8984434
2020-04-20,82.80000305175781,83.0,81.69999694824219,82.4000015258789,11097728
2020-04-21,81.5,81.5999984741211,80.0,80.0999984741211,13382653
2020-04-22,79.5999984741211,80.19999694824219,78.5999984741211,80.19999694824219,10182344
2020-04-23,80.5999984741211,81.5,80.0999984741211,80.4000015258789,7311066
2020-04-24,80.4000015258789,80.9000015258789,80.0,80.0,4599765
2020-04-27,81.4000015258789,82.4000015258789,80.69999694824219,82.0,7579371
2020-04-28,82.69999694824219,82.69999694824219,82.0,82.69999694824219,5111272
2020-04-29,83.0,84.30000305175781,83.0,83.80000305175781,8766547
2020-04-30,85.0,88.0,84.5,87.9000015258789,16349434
2020-05-04,83.5999984741211,86.69999694824219,83.5999984741211,85.5,12297808
2020-05-05,86.4000015258789,87.0999984741211,85.0999984741211,85.80000305175781,5736789
2020-05-06,85.80000305175781,86.69999694824219,85.0,85.30000305175781,7289209
2020-05-07,85.30000305175781,86.0999984741211,85.0999984741211,85.30000305175781,6107377
2020-05-08,86.69999694824219,87.19999694824219,86.0,86.4000015258789,6407175
2020-05-11,87.5,87.9000015258789,87.0,87.5,5707057
2020-05-12,87.0,87.19999694824219,86.19999694824219,86.5,6454715
2020-05-13,85.80000305175781,85.9000015258789,84.0,85.0999984741211,15932450
2020-05-14,83.80000305175781,84.4000015258789,83.5,83.5,13424766
2020-05-15,84.0,84.30000305175781,83.0,83.5999984741211,7819003
2020-05-18,83.0999984741211,85.5,82.5,85.0,8185536
2020-05-19,86.5999984741211,87.80000305175781,86.0,86.19999694824219,19084022
2020-05-20,86.80000305175781,86.9000015258789,85.4000015258789,86.4000015258789,6018660
2020-05-21,86.0,86.69999694824219,85.80000305175781,86.5,6359310
2020-05-22,86.0999984741211,86.19999694824219,85.0,85.0,8336697
2020-05-25,85.0,85.30000305175781,83.19999694824219,84.30000305175781,6865207
2020-05-26,84.9000015258789,86.30000305175781,84.5999984741211,85.69999694824219,8869865
2020-05-27,85.5999984741211,86.0999984741211,85.0,85.19999694824219,6288692
2020-05-28,85.30000305175781,85.69999694824219,83.5,83.80000305175781,12712233
2020-05-29,83.4000015258789,84.5999984741211,83.0,83.0,69623419
2020-06-01,83.4000015258789,84.5,83.19999694824219,83.80000305175781,11063191
2020-06-02,84.19999694824219,84.5,84.0,84.30000305175781,5399308
2020-06-03,85.9000015258789,86.4000015258789,85.4000015258789,86.0999984741211,11542197
2020-06-04,87.0,87.0,86.0999984741211,86.80000305175781,9112138
2020-06-05,87.0,87.5999984741211,86.5999984741211,87.5999984741211,8290499
2020-06-08,88.19999694824219,89.30000305175781,87.69999694824219,89.19999694824219,11075553
2020-06-09,89.0,89.5,88.30000305175781,89.5,6933175
2020-06-10,89.5,89.80000305175781,89.0,89.4000015258789,7237968
2020-06-11,89.30000305175781,89.30000305175781,87.4000015258789,88.0,10038435
2020-06-12,85.5,86.9000015258789,85.5,86.4000015258789,9396385
2020-06-15,86.4000015258789,87.0999984741211,85.5999984741211,86.0,7930932
2020-06-16,86.30000305175781,86.9000015258789,86.0,86.0999984741211,11128020
2020-06-17,86.0999984741211,87.0999984741211,86.0999984741211,86.19999694824219,8446686
2020-06-18,86.30000305175781,86.5999984741211,85.80000305175781,86.19999694824219,7511835
2020-06-19,86.30000305175781,87.19999694824219,85.80000305175781,85.80000305175781,13837173
2020-06-22,86.0,87.5999984741211,86.0,86.80000305175781,9261908
2020-06-23,87.0,87.5,86.5,86.9000015258789,7802954
2020-06-24,87.0999984741211,87.69999694824219,87.0,87.4000015258789,8483435
2020-06-29,86.69999694824219,87.19999694824219,86.5,86.5999984741211,10214303
2020-06-30,87.0,87.69999694824219,86.9000015258789,87.5999984741211,14889625
2020-07-01,87.5999984741211,88.19999694824219,87.4000015258789,87.5999984741211,21516545
2020-07-02,83.19999694824219,84.9000015258789,83.19999694824219,83.80000305175781,25404826
2020-07-03,84.5999984741211,84.69999694824219,84.19999694824219,84.30000305175781,5090732
2020-07-06,84.5,84.80000305175781,84.4000015258789,84.4000015258789,7815980
2020-07-07,84.69999694824219,84.80000305175781,83.5999984741211,83.69999694824219,9299477
2020-07-08,83.69999694824219,84.0,83.19999694824219,83.19999694824219,7838377
2020-07-09,83.5,83.69999694824219,83.0,83.0,7188407
2020-07-10,82.80000305175781,82.80000305175781,82.0,82.0,8422659
2020-07-13,82.0,82.5,81.9000015258789,82.0,7260204
2020-07-14,82.0,82.0,81.0,81.0,10503731
2020-07-15,81.30000305175781,81.4000015258789,80.0,80.4000015258789,14697334
2020-07-16,81.0,81.19999694824219,80.5999984741211,81.0,8437803
2020-07-17,81.80000305175781,81.80000305175781,81.0,81.0,4780364
2020-07-20,81.0,81.0,80.19999694824219,80.5,3568746
2020-07-21,80.9000015258789,81.0999984741211,80.5,80.5,6208029
2020-07-22,80.5,81.19999694824219,80.19999694824219,80.5,7030672
2020-07-23,80.4000015258789,80.9000015258789,80.0999984741211,80.0999984741211,4345195
2020-07-24,79.9000015258789,80.4000015258789,79.69999694824219,79.69999694824219,9196555
2020-07-27,79.5,79.5,77.80000305175781,78.0999984741211,13527205
2020-07-28,77.5,77.5999984741211,77.0,77.30000305175781,13680028
2020-07-29,77.30000305175781,79.5999984741211,77.19999694824219,77.9000015258789,5872856
2020-07-30,79.19999694824219,79.19999694824219,78.19999694824219,78.5,5746834
2020-07-31,78.5,79.0999984741211,78.30000305175781,78.5,4007654
2020-08-03,78.5,78.5,77.30000305175781,77.4000015258789,7811199
2020-08-04,77.5,78.0,77.4000015258789,77.5999984741211,4943523
2020-08-05,77.69999694824219,78.30000305175781,77.69999694824219,78.0999984741211,3181007
2020-08-06,78.5999984741211,79.5,78.5,79.0999984741211,5637607
2020-08-07,79.5999984741211,80.4000015258789,79.5999984741211,79.5999984741211,6965602
2020-08-10,80.0,81.0999984741211,79.69999694824219,81.0999984741211,6045551
2020-08-11,81.5,82.19999694824219,81.4000015258789,81.5,8342796
2020-08-12,81.5,81.69999694824219,80.4000015258789,80.69999694824219,4268848
2020-08-13,81.4000015258789,81.4000015258789,80.5,80.9000015258789,2862998
2020-08-14,80.19999694824219,80.80000305175781,80.0,80.80000305175781,2780428
2020-08-17,80.9000015258789,81.69999694824219,80.80000305175781,81.5,3828700
2020-08-18,81.69999694824219,81.69999694824219,80.80000305175781,81.4000015258789,3303896
2020-08-19,81.4000015258789,81.4000015258789,80.5,80.5,4540528
2020-08-20,80.0,80.5,78.19999694824219,79.0,8217518
2020-08-21,79.80000305175781,80.0999984741211,79.4000015258789,79.80000305175781,3340144
2020-08-24,79.69999694824219,79.69999694824219,79.0,79.19999694824219,2361903
2020-08-25,79.19999694824219,80.0,79.19999694824219,79.19999694824219,3314528
2020-08-26,79.30000305175781,79.69999694824219,79.0,79.5999984741211,3310861
2020-08-27,79.80000305175781,79.80000305175781,78.69999694824219,78.9000015258789,4445017
2020-08-28,78.9000015258789,79.4000015258789,78.5999984741211,78.9000015258789,5059080
2020-08-31,79.0,79.30000305175781,78.0,78.19999694824219,8254788
2020-09-01,78.0,78.0,77.0999984741211,77.9000015258789,7295393
2020-09-02,77.69999694824219,78.5,77.5,78.0,5344879
2020-09-03,78.19999694824219,80.0,78.0,78.4000015258789,5315631
2020-09-04,77.9000015258789,78.5,77.5999984741211,78.5,5506077
2020-09-07,78.69999694824219,79.80000305175781,78.69999694824219,79.5999984741211,5932388
2020-09-08,79.80000305175781,79.80000305175781,79.0,79.5999984741211,3870535
2020-09-09,79.0,79.19999694824219,78.30000305175781,79.19999694824219,4124409
2020-09-10,79.19999694824219,79.4000015258789,78.69999694824219,78.69999694824219,2738104
2020-09-11,78.80000305175781,79.0999984741211,78.0999984741211,79.0,4324874
2020-09-14,79.5,79.5,78.69999694824219,79.19999694824219,2830084
2020-09-15,79.0,79.30000305175781,78.5999984741211,79.19999694824219,2796146
2020-09-16,79.19999694824219,79.30000305175781,78.80000305175781,78.9000015258789,4017518
2020-09-17,79.19999694824219,79.19999694824219,78.30000305175781,78.5999984741211,4652128
2020-09-18,79.5,82.30000305175781,79.4000015258789,81.5999984741211,31396447
2020-09-21,81.9000015258789,83.4000015258789,81.9000015258789,83.30000305175781,20734957
2020-09-22,82.69999694824219,82.80000305175781,81.0,81.4000015258789,10823429
2020-09-23,81.4000015258789,81.5999984741211,80.0,80.0999984741211,7134644
2020-09-24,79.0,79.5,77.5999984741211,78.0,17089274
2020-09-25,78.9000015258789,79.30000305175781,78.30000305175781,79.0,7051070
2020-09-28,79.30000305175781,79.69999694824219,79.0,79.4000015258789,4240332
2020-09-29,79.9000015258789,79.9000015258789,78.9000015258789,78.9000015258789,4268696
2020-09-30,79.5999984741211,79.5999984741211,78.5999984741211,78.5999984741211,5597014
2020-10-05,79.5999984741211,80.19999694824219,79.0999984741211,80.0,7443940
2020-10-06,80.69999694824219,81.4000015258789,80.5999984741211,81.19999694824219,5456942
2020-10-07,80.80000305175781,81.0,80.30000305175781,80.80000305175781,3928719
2020-10-08,81.0,81.0,80.19999694824219,81.0,3948999
2020-10-12,81.19999694824219,81.5999984741211,80.5999984741211,81.19999694824219,4155788
2020-10-13,80.9000015258789,80.9000015258789,80.0999984741211,80.9000015258789,2812322
2020-10-14,80.9000015258789,81.0999984741211,80.0,80.0,4262030
2020-10-15,79.80000305175781,80.5,79.0,79.19999694824219,6822543
2020-10-16,79.30000305175781,79.80000305175781,79.0,79.0,4611489
2020-10-19,79.0999984741211,79.80000305175781,79.0,79.0999984741211,3265835
2020-10-20,79.0999984741211,79.5,79.0,79.5,2426165
2020-10-21,79.5999984741211,79.69999694824219,79.0,79.0,4306026
2020-10-22,78.9000015258789,79.80000305175781,78.9000015258789,79.80000305175781,3502081
2020-10-23,79.5999984741211,79.80000305175781,79.19999694824219,79.80000305175781,2247120
2020-10-26,79.80000305175781,80.4000015258789,79.80000305175781,80.19999694824219,3565565
2020-10-27,79.5,80.30000305175781,79.5,80.30000305175781,2603527
2020-10-28,80.19999694824219,80.30000305175781,79.5,79.5,2808928
2020-10-29,78.69999694824219,79.30000305175781,78.5,78.9000015258789,5064288
2020-10-30,78.80000305175781,79.19999694824219,78.19999694824219,79.0999984741211,6519061
2020-11-02,79.0999984741211,79.69999694824219,78.9000015258789,79.69999694824219,2927339
2020-11-03,80.0,81.19999694824219,79.9000015258789,81.0,8197392
2020-11-04,80.0,81.4000015258789,79.80000305175781,81.30000305175781,6599819
2020-11-05,81.4000015258789,81.80000305175781,81.0,81.5,4712120
2020-11-06,81.5,81.69999694824219,81.19999694824219,81.5,5233111
2020-11-09,82.0,82.4000015258789,81.30000305175781,81.80000305175781,6065059
2020-11-10,82.5,85.0,82.5,84.9000015258789,28422601
2020-11-11,85.30000305175781,89.0,85.19999694824219,89.0,42945966
2020-11-12,89.0,89.0,87.0999984741211,88.0,13287237
2020-11-13,87.5,87.5999984741211,86.5,87.0,9784428
2020-11-16,87.4000015258789,88.69999694824219,87.0999984741211,88.0999984741211,18506033
2020-11-17,88.4000015258789,88.4000015258789,87.19999694824219,88.0,12145023
2020-11-18,88.0,88.0,87.19999694824219,88.0,9109907
2020-11-19,87.5999984741211,88.30000305175781,87.19999694824219,88.0999984741211,8995101
2020-11-20,88.0,88.30000305175781,87.5,88.30000305175781,6098640
2020-11-23,88.4000015258789,89.0,88.30000305175781,88.80000305175781,8910146
2020-11-24,88.69999694824219,88.80000305175781,87.19999694824219,87.5999984741211,7889988
2020-11-25,88.0,88.4000015258789,87.69999694824219,87.80000305175781,5913834
2020-11-26,87.5999984741211,88.0,87.30000305175781,87.5999984741211,4372248
2020-11-27,87.0999984741211,87.5,86.5999984741211,87.19999694824219,10296172
2020-11-30,87.5,88.0,85.19999694824219,85.19999694824219,18988489
2020-12-01,85.69999694824219,87.5999984741211,85.69999694824219,87.5999984741211,7172352
2020-12-02,86.4000015258789,88.0,86.4000015258789,87.69999694824219,7846393
2020-12-03,87.4000015258789,88.5,87.4000015258789,88.5,10791003
2020-12-04,88.5999984741211,90.0,88.5999984741211,89.30000305175781,16668347
2020-12-07,89.5999984741211,90.3000030517578,89.30000305175781,89.5,9772073
2020-12-08,89.19999694824219,90.1999969482422,89.0999984741211,89.5,9332577
2020-12-09,89.5,90.0999984741211,89.30000305175781,90.0,7754600
2020-12-10,89.69999694824219,90.0999984741211,89.30000305175781,89.9000015258789,7364860
2020-12-11,90.0,90.3000030517578,88.9000015258789,89.80000305175781,6612502
2020-12-14,90.0,90.1999969482422,89.80000305175781,89.80000305175781,3875423
2020-12-15,89.5,89.80000305175781,88.0,89.19999694824219,6676860
2020-12-16,89.4000015258789,90.1999969482422,89.19999694824219,90.1999969482422,6192016
2020-12-17,90.0999984741211,90.1999969482422,88.9000015258789,89.80000305175781,3967644
2020-12-18,89.5,90.0,88.19999694824219,88.19999694824219,7415187
2020-12-21,88.69999694824219,92.5,88.69999694824219,92.3000030517578,16671899
2020-12-22,92.3000030517578,94.3000030517578,91.8000030517578,92.0999984741211,16873871
2020-12-23,91.8000030517578,92.5,91.0999984741211,91.5,5275000
2020-12-24,91.9000015258789,93.0,91.9000015258789,92.5999984741211,3549849
2020-12-25,92.5,93.0999984741211,92.5,92.8000030517578,4322398
2020-12-28,93.0999984741211,94.0,92.9000015258789,93.8000030517578,5671921
2020-12-29,93.8000030517578,94.1999969482422,92.5999984741211,94.0,7024722
2020-12-30,94.0,96.9000015258789,94.0,96.6999969482422,16378121
2020-12-31,96.6999969482422,98.0,96.0999984741211,96.4000015258789,11815375
2021-01-04,95.0999984741211,97.9000015258789,94.9000015258789,96.6999969482422,12946782
2021-01-05,96.8000030517578,96.8000030517578,94.5,95.0,9383075
2021-01-06,94.8000030517578,95.9000015258789,93.1999969482422,94.4000015258789,9460649
2021-01-07,94.5,97.3000030517578,94.5,97.0999984741211,14112223
2021-01-08,98.0,98.0,96.3000030517578,98.0,14566747
2021-01-11,98.0,99.0,97.5999984741211,99.0,13360531
2021-01-12,99.0999984741211,99.1999969482422,97.0,97.5999984741211,8986652
2021-01-13,97.9000015258789,98.9000015258789,97.5,98.0,8136973
2021-01-14,98.3000030517578,98.3000030517578,96.5999984741211,97.4000015258789,7768587
2021-01-15,97.0,97.4000015258789,93.9000015258789,94.5,13281210
2021-01-18,94.5,94.5999984741211,91.6999969482422,93.0999984741211,10137457
2021-01-19,92.6999969482422,93.4000015258789,92.5,93.1999969482422,6063756
2021-01-20,92.6999969482422,92.8000030517578,91.0,91.5999984741211,13930743
2021-01-21,91.4000015258789,92.5999984741211,91.0999984741211,91.4000015258789,5968627
2021-01-22,91.5999984741211,91.5999984741211,90.3000030517578,90.5999984741211,9659937
2021-01-25,90.5,92.5999984741211,90.4000015258789,92.4000015258789,8024695
2021-01-26,92.4000015258789,92.5,90.5,91.0999984741211,9310892
2021-01-27,91.6999969482422,91.8000030517578,90.8000030517578,90.8000030517578,6481760
2021-01-28,90.0,90.5,88.0999984741211,89.0999984741211,11856652
2021-01-29,88.30000305175781,89.0999984741211,87.0,87.0,13002929
2021-02-01,87.0,88.69999694824219,87.0,88.0999984741211,5543821
2021-02-02,88.0,90.5,86.5999984741211,90.0999984741211,7940416
2021-02-03,90.0999984741211,90.5999984741211,89.0,90.5,5850610
2021-02-04,89.19999694824219,91.0,89.19999694824219,90.5,5069245
2021-02-05,90.1999969482422,91.1999969482422,89.5,89.80000305175781,13332002
2021-02-17,91.6999969482422,96.9000015258789,91.1999969482422,96.1999969482422,25322899
2021-02-18,97.0,97.5999984741211,95.4000015258789,95.9000015258789,12129232
2021-02-19,96.0,96.8000030517578,95.0999984741211,95.3000030517578,10350079
2021-02-22,96.8000030517578,98.4000015258789,96.3000030517578,97.0999984741211,13585539
2021-02-23,97.5,100.5,97.0999984741211,99.6999969482422,25138149
2021-02-24,100.5,101.0,99.6999969482422,100.0,17507657
2021-02-25,100.5,101.0,99.9000015258789,100.0,12349707
2021-02-26,98.5,99.0,96.0,97.5,19343125
2021-03-02,98.4000015258789,99.9000015258789,98.1999969482422,98.1999969482422,10805088
2021-03-03,99.1999969482422,102.0,98.5,101.0,23395611
2021-03-04,101.0,103.0,100.5,101.5,16393293
2021-03-05,101.5,102.5,100.5,101.5,9530231
2021-03-08,102.5,103.0,101.0,101.5,10008686
2021-03-09,102.0,103.0,101.5,102.5,9414567
2021-03-10,103.0,106.0,102.5,104.5,20415321
2021-03-11,105.0,107.5,104.5,105.0,16312916
2021-03-12,105.5,106.0,103.5,105.0,6780750
2021-03-15,104.0,105.0,102.0,103.0,10107746
2021-03-16,102.5,103.0,100.5,101.0,12675839
2021-03-17,100.5,102.0,100.5,101.0,10277939
2021-03-18,100.5,101.5,100.0,100.5,10700380
2021-03-19,99.0999984741211,99.5999984741211,97.0,97.0999984741211,25535213
2021-03-22,96.5999984741211,100.5,96.0999984741211,100.0,12361357
2021-03-23,100.0,101.0,99.0999984741211,99.5999984741211,6411643
2021-03-24,99.4000015258789,99.9000015258789,98.4000015258789,98.9000015258789,7199359
2021-03-25,98.5,100.5,98.5,100.0,5136407
2021-03-26,100.5,101.0,99.5,101.0,7703460
2021-03-29,101.5,101.5,100.5,101.5,5510396
2021-03-30,101.5,101.5,100.0,100.5,6732907
2021-03-31,100.5,101.0,100.0,101.0,6467496
2021-04-01,101.5,101.5,100.0,100.5,3630314
2021-04-07,100.5,101.0,99.6999969482422,100.5,6485415
2021-04-08,100.0,101.0,99.6999969482422,100.5,7052060
2021-04-09,101.5,104.5,101.0,103.0,16387338
2021-04-12,103.5,104.5,102.0,103.0,14514776
2021-04-13,103.5,104.5,102.0,102.0,13269613
2021-04-14,102.0,104.5,102.0,104.0,18777516
2021-04-15,105.0,109.0,105.0,108.0,28876842
2021-04-16,107.5,110.5,106.5,109.0,22477012
2021-04-19,110.5,112.0,110.0,111.5,16014029
2021-04-20,111.5,111.5,108.5,109.5,13642901
2021-04-21,108.5,109.0,107.0,108.5,14874480
2021-04-22,109.0,110.5,106.5,108.0,19186680
2021-04-23,106.5,108.0,104.0,107.0,15154342
2021-04-26,106.5,107.5,105.5,107.5,9158952
2021-04-27,107.0,108.5,106.0,108.5,8673785
2021-04-28,107.5,108.5,105.5,106.0,9938186
2021-04-29,105.5,108.0,105.5,106.0,12263727
2021-05-03,106.0,109.0,106.0,107.5,13662334
2021-05-04,109.0,110.5,106.0,107.0,23652627
2021-05-05,107.5,109.5,107.0,108.0,11252737
2021-05-06,108.0,113.0,108.0,113.0,30406788
2021-05-07,112.0,112.5,103.0,105.0,44335742
2021-05-10,105.5,107.0,104.5,106.0,12991695
2021-05-11,104.0,105.0,100.5,102.5,19797644
2021-05-12,102.5,102.5,92.3000030517578,95.6999969482422,27995167
2021-05-13,94.0,96.3000030517578,91.1999969482422,94.3000030517578,15117259
2021-05-14,94.5,97.6999969482422,93.4000015258789,95.5,11546259
2021-05-17,93.3000030517578,94.9000015258789,92.5,93.4000015258789,14965355
2021-05-18,92.9000015258789,98.4000015258789,92.8000030517578,97.9000015258789,10313994
2021-05-19,96.3000030517578,99.6999969482422,96.0,98.5,7970276
2021-05-20,97.0999984741211,98.4000015258789,96.0,96.8000030517578,9030333
2021-05-21,97.3000030517578,99.5,96.5,98.0999984741211,6496488
2021-05-24,97.9000015258789,99.5,97.0,98.9000015258789,5686134
2021-05-25,99.1999969482422,103.5,99.0999984741211,102.5,12404063
2021-05-26,102.0,102.5,100.0,101.5,4843370
2021-05-27,102.0,102.0,100.0,101.0,11117669
2021-05-28,101.5,102.0,100.5,101.5,8125041
2021-05-31,101.5,104.5,101.5,103.5,10837082
2021-06-01,103.0,104.0,102.5,103.0,3769909
2021-06-02,104.0,106.5,103.0,106.0,11154432
2021-06-03,106.0,106.5,105.0,106.0,6580741
2021-06-04,104.5,106.5,104.5,106.0,6543387
2021-06-07,106.0,107.0,105.5,106.5,6442394
2021-06-08,107.0,107.0,104.0,104.0,6765341
2021-06-09,104.0,104.5,102.5,103.0,7110382
2021-06-10,103.0,105.5,103.0,105.5,6311707
2021-06-11,105.0,105.0,103.5,103.5,2963563
2021-06-15,104.5,105.0,103.5,104.0,3919625
2021-06-16,103.0,105.0,103.0,104.5,5405312
2021-06-17,103.0,104.0,103.0,103.5,3671293
2021-06-18,102.5,103.0,101.0,102.0,13281704
2021-06-21,100.0,101.5,99.5999984741211,100.0,7287008
2021-06-22,101.5,103.0,100.5,102.0,7277419
2021-06-23,101.5,104.0,101.5,103.5,5100799
2021-06-24,103.5,104.0,102.0,103.0,3044218
2021-06-25,102.5,105.0,102.5,104.0,7467282
2021-06-28,104.5,105.0,102.5,103.0,5593404
2021-06-29,102.5,104.5,102.0,104.0,6156300
2021-06-30,104.0,104.5,102.5,103.0,7752310
2021-07-01,102.5,105.0,102.5,104.0,10184256
2021-07-02,105.0,108.0,104.0,105.0,14769547
2021-07-05,106.5,108.0,106.0,107.5,12918683
2021-07-06,108.0,108.0,105.5,106.0,6847019
2021-07-07,105.0,106.0,104.0,105.0,6943574
2021-07-08,105.5,105.5,103.0,103.5,7440947
2021-07-09,102.5,104.0,101.0,103.5,13888633
2021-07-12,105.0,105.5,102.5,103.0,6949690
2021-07-13,103.5,104.0,101.5,103.0,7872240
2021-07-14,103.0,104.0,102.0,103.5,6464192
2021-07-15,103.5,104.5,102.5,104.0,4727873
2021-07-16,103.5,104.5,103.0,104.5,4795206
2021-07-19,103.5,104.0,101.5,102.5,6297096
2021-07-20,101.5,102.5,101.0,101.5,5916922
2021-07-21,101.5,102.0,99.6999969482422,100.0,10681259
2021-07-22,101.0,102.0,100.0,102.0,6303779
2021-07-23,101.5,102.5,101.0,101.5,3272324
2021-07-26,101.0,101.5,99.3000030517578,99.4000015258789,8284135
2021-07-27,99.3000030517578,100.0,99.0999984741211,99.6999969482422,5840220
2021-07-28,99.6999969482422,100.5,98.5,100.0,7843154
2021-07-29,99.5,102.0,99.5,102.0,8026295
2021-07-30,100.0,101.0,99.6999969482422,99.8000030517578,13041114
2021-08-02,101.0,102.0,100.5,102.0,6361568
2021-08-03,100.5,101.0,100.0,101.0,4584571
2021-08-04,100.5,101.5,100.0,101.5,3369532
2021-08-05,101.5,102.0,101.0,101.0,4387056
2021-08-06,101.0,103.0,100.5,102.5,5194329
2021-08-09,101.5,102.0,100.5,101.5,4884829
2021-08-10,101.5,101.5,99.1999969482422,99.5,7327379
2021-08-11,99.8000030517578,100.5,99.4000015258789,100.5,4163398
2021-08-12,100.5,101.0,100.0,100.5,1656894
2021-08-13,100.0,100.0,98.5,99.8000030517578,4146597
2021-08-16,98.5,100.5,98.5,99.3000030517578,5418255
2021-08-17,99.3000030517578,99.3000030517578,99.3000030517578,99.3000030517578,0
2021-08-18,98.5,99.5,98.0,99.5,5803242
2021-08-19,99.3000030517578,99.4000015258789,96.5999984741211,96.6999969482422,8112078
2021-08-20,98.1999969482422,98.1999969482422,95.5999984741211,95.8000030517578,5278331
2021-08-23,96.6999969482422,98.3000030517578,96.4000015258789,98.0,2884625
2021-08-24,98.6999969482422,99.1999969482422,98.3000030517578,99.0999984741211,3047427
2021-08-25,99.3000030517578,99.8000030517578,98.0,99.5,3669792
2021-08-26,98.6999969482422,99.0999984741211,98.3000030517578,98.9000015258789,3139549
2021-08-27,98.9000015258789,100.5,98.5,100.5,3952033
2021-08-30,101.5,102.5,101.0,102.5,7144422
2021-08-31,101.5,102.5,100.0,102.5,6681799
2021-09-01,101.0,101.5,99.5999984741211,100.0,7024512
2021-09-02,100.0,100.5,98.8000030517578,98.8000030517578,5659462
2021-09-03,99.6999969482422,101.5,99.0,100.5,6928312
2021-09-06,100.0,100.5,99.1999969482422,99.3000030517578,3574524
2021-09-07,99.5999984741211,101.0,99.4000015258789,100.5,3952426
2021-09-08,100.5,101.0,99.3000030517578,100.5,4266240
2021-09-09,99.6999969482422,99.6999969482422,98.5,99.0999984741211,6253161
2021-09-10,99.0,99.5999984741211,98.6999969482422,99.1999969482422,6691147
2021-09-13,99.6999969482422,101.5,99.3000030517578,100.5,9050237
2021-09-14,101.0,102.5,100.5,102.0,10643525
2021-09-15,102.0,103.0,101.0,102.0,6623367
2021-09-16,103.0,104.0,102.5,103.0,10646584
2021-09-17,104.0,104.0,102.0,102.0,10686630
2021-09-22,100.5,101.5,100.0,100.0,7913252
2021-09-23,101.5,103.5,100.5,102.5,7161484
2021-09-24,103.5,106.5,102.5,106.0,18883390
2021-09-27,107.5,112.0,107.0,111.5,33746221
2021-09-28,111.5,114.0,109.0,114.0,29468954
2021-09-29,111.5,117.0,111.0,113.5,36366252
2021-09-30,114.5,115.0,110.5,113.5,19900858
2021-10-01,112.5,113.5,108.0,110.0,17380201
2021-10-04,112.0,112.0,108.5,111.0,14805053
2021-10-05,110.5,116.0,110.5,115.0,29107912
2021-10-06,115.5,119.0,115.0,118.0,30193967
2021-10-07,117.5,118.0,116.0,118.0,19525969
2021-10-08,119.0,119.0,116.0,118.0,12037882
2021-10-12,117.0,119.0,115.0,117.5,15456321
2021-10-13,118.0,121.0,114.5,115.5,19475600
2021-10-14,115.5,116.0,113.0,114.0,13185434
2021-10-15,114.5,115.0,111.0,114.5,11985201
2021-10-18,114.0,116.0,113.0,115.0,10848908
2021-10-19,115.0,115.5,113.0,114.0,8131424
2021-10-20,113.5,114.0,110.0,113.5,16774594
2021-10-21,112.5,113.5,111.5,113.5,20192338
2021-10-22,112.0,113.0,109.5,110.0,11878548
2021-10-25,109.0,111.5,109.0,111.5,7520209
2021-10-26,111.5,111.5,110.0,110.0,7136523
2021-10-27,110.0,111.0,109.5,111.0,9325583
2021-10-28,110.0,110.0,107.5,108.0,10725293
2021-10-29,107.5,108.0,106.5,107.5,12808884
2021-11-01,108.5,108.5,105.5,107.0,9306560
2021-11-02,107.5,108.5,106.0,106.5,11763369
2021-11-03,106.0,107.5,106.0,107.5,9004976
2021-11-04,108.0,108.0,105.0,106.0,9162650
2021-11-05,106.0,108.0,105.5,107.0,8745405
2021-11-08,107.5,110.0,107.0,110.0,12758923
2021-11-09,109.0,109.5,107.0,107.5,11716857
2021-11-10,108.0,108.5,106.0,107.0,10129963
2021-11-11,106.5,106.5,104.5,105.5,15001508
2021-11-12,106.0,108.0,105.5,107.5,8068265
2021-11-15,107.5,107.5,106.0,107.0,7902519
2021-11-16,107.0,107.0,105.5,106.5,7170296
2021-11-17,105.5,106.0,105.0,106.0,14505416
2021-11-18,105.5,107.5,105.0,107.0,8788125
2021-11-19,107.0,107.0,103.5,103.5,16148275
2021-11-22,102.5,105.5,102.5,104.5,9126562
2021-11-23,104.5,105.5,104.0,105.0,4975372
2021-11-24,105.0,106.5,104.5,106.0,7428995
2021-11-25,106.0,106.0,104.5,105.0,3850810
2021-11-26,104.0,104.5,103.5,103.5,6102358
2021-11-29,102.0,104.5,101.5,103.0,8153692
2021-11-30,102.5,104.0,102.0,102.5,17823759
2021-12-01,102.0,104.0,102.0,104.0,4434349
2021-12-02,103.0,104.5,103.0,103.5,4627920
2021-12-03,103.5,104.5,103.0,103.5,4786457
2021-12-06,103.0,104.5,102.5,104.0,5737825
2021-12-07,104.0,105.0,103.0,103.5,6835096
2021-12-08,104.5,106.0,104.0,104.5,8568255
2021-12-09,105.0,105.5,104.0,105.0,5401323
2021-12-10,104.5,105.0,104.0,104.0,3734500
2021-12-13,104.0,105.0,103.0,103.0,7761328
2021-12-14,102.5,104.0,102.5,103.5,7134203
2021-12-15,103.0,103.5,101.5,102.0,10060191
2021-12-16,102.5,103.0,101.0,101.5,10762999
2021-12-17,101.5,103.5,101.5,103.0,9063299
2021-12-20,102.0,103.0,101.5,102.0,4153147
2021-12-21,102.5,104.0,102.5,103.5,4787349
2021-12-22,103.5,104.0,103.0,103.0,3562484
2021-12-23,103.5,104.5,103.0,104.5,3899556
2021-12-24,104.5,104.5,104.0,104.0,3484022
2021-12-27,104.0,104.5,103.5,104.5,1543610
2021-12-28,104.5,105.0,103.0,105.0,6052970
2021-12-29,105.5,106.0,104.5,105.5,5162033
2021-12-30,105.0,105.5,104.0,104.0,4638513
2022-01-03,105.0,106.0,104.5,105.5,5819619
2022-01-04,105.5,106.0,104.5,105.0,5326584
2022-01-05,104.5,105.5,104.0,105.5,5868106
2022-01-06,105.5,106.5,105.0,106.5,6364876
2022-01-07,106.5,107.0,105.0,105.5,5016773
2022-01-10,105.0,106.0,104.5,105.5,5457965
2022-01-11,105.5,106.5,105.0,106.0,6470339
2022-01-12,106.5,109.5,106.0,109.0,12931257
2022-01-13,109.5,110.5,108.0,108.5,9908998
2022-01-14,108.5,108.5,107.0,107.0,5378274
2022-01-17,107.0,107.5,105.5,106.0,4362237
2022-01-18,106.5,107.5,106.0,106.5,3598990
2022-01-19,107.0,108.0,106.0,106.0,6166485
2022-01-20,106.0,108.5,106.0,107.5,5588674
2022-01-21,106.5,107.0,104.5,105.0,9856751
2022-01-24,105.0,106.0,104.5,105.5,4655215
2022-01-25,104.5,104.5,103.0,104.5,9986966
2022-01-26,104.0,105.5,103.5,105.0,6708522
2022-02-07,104.5,108.5,104.5,107.0,8446403
2022-02-08,106.5,107.5,105.0,105.5,6623834
2022-02-09,105.0,106.5,104.5,105.5,8842224
2022-02-10,105.5,106.5,105.0,106.5,6359942
2022-02-11,106.0,106.5,105.0,106.0,6321482
2022-02-14,106.5,107.0,104.5,105.0,7819246
2022-02-15,105.0,105.5,104.0,104.0,5740042
2022-02-16,104.5,107.0,104.0,106.5,11580507
2022-02-17,106.5,107.5,105.0,105.5,11477841
2022-02-18,105.0,106.5,105.0,106.0,7229196
2022-02-21,105.5,106.5,105.0,105.0,7462983
2022-02-22,105.5,105.5,104.0,104.0,9545904
2022-02-23,105.0,105.5,104.0,105.0,3104266
2022-02-24,104.5,105.5,104.0,104.0,11000721
2022-02-25,104.0,105.0,103.5,105.0,8170305
2022-03-01,106.0,108.5,105.5,108.0,11127941
2022-03-02,109.0,110.0,107.5,108.5,13826086
2022-03-03,109.0,109.5,108.0,109.0,9738287
2022-03-04,108.0,108.5,107.0,108.0,8142564
2022-03-07,107.0,107.5,105.5,106.0,13833387
2022-03-08,106.0,106.0,103.0,104.0,15295676
2022-03-09,105.0,106.0,104.5,105.5,7149974
2022-03-10,106.0,107.0,104.5,105.0,12817579
2022-03-11,107.0,108.0,105.5,106.5,18192230
2022-03-14,107.0,107.5,105.5,106.5,10849133
2022-03-15,106.5,106.5,105.0,106.0,7843315
2022-03-16,105.5,106.5,104.5,106.0,12897655
2022-03-17,107.5,108.0,106.0,107.0,12148809
2022-03-18,107.5,107.5,105.5,106.0,13195830
2022-03-21,106.0,108.0,106.0,107.5,9251718
2022-03-22,107.0,107.5,106.5,107.5,7062479
2022-03-23,107.5,107.5,107.0,107.5,6709320
2022-03-24,106.5,107.5,106.5,107.0,6326098
2022-03-25,106.5,107.0,106.0,106.5,6576941
2022-03-28,106.5,106.5,105.5,105.5,6979401
2022-03-29,106.0,106.5,105.0,105.5,7721306
2022-03-30,106.0,107.0,105.5,106.5,7742342
2022-03-31,106.5,107.0,106.0,106.5,4551618
2022-04-01,105.5,107.0,105.5,107.0,7657338
2022-04-06,106.0,107.5,105.5,107.0,9394664
2022-04-07,106.5,107.0,106.0,106.5,7638963
2022-04-08,107.0,107.5,105.5,106.5,7255413
2022-04-11,106.0,106.5,105.0,105.5,7225289
2022-04-12,106.0,106.0,104.5,105.0,9800443
2022-04-13,105.0,106.0,104.5,105.5,6547003
2022-04-14,106.0,106.0,105.0,105.5,4017322
2022-04-15,105.0,106.0,105.0,105.0,3808590
2022-04-18,105.0,105.5,104.5,104.5,4263307
2022-04-19,105.0,105.5,105.0,105.5,5198847
2022-04-20,105.5,106.5,105.0,106.5,9038941
2022-04-21,107.0,107.0,106.0,107.0,8015750
2022-04-22,106.0,107.0,106.0,107.0,8047663
2022-04-25,106.0,106.5,105.0,106.0,9233277
2022-04-26,105.5,106.0,105.0,105.5,6947826
2022-04-27,105.0,105.0,104.0,104.5,8778018
2022-04-28,104.5,105.0,104.0,104.5,7646170
2022-04-29,105.0,105.5,104.5,105.5,5782646
2022-05-03,106.0,106.0,105.0,106.0,3513733
2022-05-04,106.0,106.5,105.5,106.5,3880761
2022-05-05,106.5,107.0,105.5,106.0,6125650
2022-05-06,105.5,106.0,105.0,105.5,4741367
2022-05-09,104.5,105.0,103.5,103.5,7471260
2022-05-10,102.5,103.5,101.5,103.5,8025334
2022-05-11,102.5,103.0,102.0,102.0,6158343
2022-05-12,102.0,103.0,100.5,100.5,8881337
2022-05-13,102.0,104.0,101.5,102.5,16019325
2022-05-16,103.5,103.5,102.5,102.5,5845510
2022-05-17,103.0,103.5,102.0,103.0,7918387
2022-05-18,103.0,104.5,103.0,104.5,9456294
2022-05-19,103.0,103.5,102.5,103.0,5641353
2022-05-20,103.5,104.5,103.0,104.5,7255241
2022-05-23,105.0,105.5,104.0,105.0,4493105
2022-05-24,104.5,105.0,104.5,105.0,3595942
2022-05-25,105.0,106.0,104.5,105.5,6644975
2022-05-26,106.0,106.5,104.5,105.0,6797682
2022-05-27,106.0,106.5,105.5,106.5,9377872
2022-05-30,107.0,107.5,106.5,106.5,9348338
2022-05-31,106.5,107.5,105.0,105.0,33045360
2022-06-01,106.0,107.5,106.0,106.5,12977105
2022-06-02,106.0,107.0,105.5,107.0,5666522
2022-06-06,108.0,109.0,107.0,108.5,9909555
2022-06-07,108.0,108.5,107.0,107.0,6681185
2022-06-08,107.5,108.0,107.0,107.5,5334823
2022-06-09,107.5,108.0,107.0,108.0,6372178
2022-06-10,107.0,108.0,106.5,107.5,5471257
2022-06-13,106.5,107.0,105.5,106.5,8451495
2022-06-14,106.0,107.0,105.5,106.5,6172400
2022-06-15,106.5,107.5,106.0,106.5,8881737
2022-06-16,107.5,107.5,106.0,106.5,6448863
2022-06-17,105.5,106.5,105.0,106.5,13524327
2022-06-20,106.0,108.0,106.0,107.5,10688615
2022-06-21,108.0,108.5,107.0,108.5,13121310
2022-06-22,108.5,109.0,107.5,108.0,7349190
2022-06-23,108.5,109.5,107.5,108.0,8891795
2022-06-24,108.5,109.0,108.0,109.0,10468531
2022-06-27,109.5,110.0,109.0,109.5,6506021
2022-06-28,109.0,110.0,108.5,109.5,7598930
2022-06-29,109.0,110.5,109.0,109.5,11918307
2022-06-30,110.0,110.0,108.5,108.5,12100690
2022-07-01,109.0,109.5,107.0,108.0,15458593
2022-07-04,108.0,108.5,106.0,107.5,19877580
2022-07-05,99.0,99.0999984741211,93.0,94.0,42916295
2022-07-06,94.0,94.0,87.0,87.0,30237581
2022-07-07,86.5,86.5999984741211,84.19999694824219,84.5999984741211,32829682
2022-07-08,85.0999984741211,86.0999984741211,84.30000305175781,85.0,20436644
2022-07-11,86.0,86.0,84.80000305175781,84.9000015258789,10995320
2022-07-12,85.0,85.69999694824219,84.69999694824219,85.4000015258789,12462458
2022-07-13,87.5,87.80000305175781,85.5,85.69999694824219,17770031
2022-07-14,85.69999694824219,87.4000015258789,84.9000015258789,87.0,10347722
2022-07-15,87.0,87.19999694824219,86.0999984741211,86.5999984741211,8712587
2022-07-18,86.5,88.19999694824219,86.4000015258789,88.0,9750743
2022-07-19,87.80000305175781,89.5,87.19999694824219,88.5999984741211,12714961
2022-07-20,89.5,89.5999984741211,87.80000305175781,87.80000305175781,13748964
2022-07-21,88.5,89.4000015258789,87.30000305175781,88.80000305175781,12786986
2022-07-22,88.30000305175781,88.80000305175781,87.5999984741211,87.9000015258789,11911444
2022-07-25,88.0,90.5,87.9000015258789,90.3000030517578,8054745
2022-07-26,90.0,91.1999969482422,89.9000015258789,90.3000030517578,7681459
2022-07-27,90.6999969482422,90.9000015258789,89.5,90.1999969482422,5975067
2022-07-28,90.8000030517578,91.0999984741211,90.0999984741211,91.0999984741211,3988422
2022-07-29,92.0,92.0,91.5,92.0,6176099
2022-08-01,92.0,93.0,91.6999969482422,92.5,6618649
2022-08-02,91.8000030517578,91.8000030517578,90.3000030517578,91.5999984741211,11996688
2022-08-03,91.0,91.6999969482422,90.6999969482422,91.6999969482422,8211048
2022-08-04,91.1999969482422,91.6999969482422,89.4000015258789,90.9000015258789,14965346
2022-08-05,91.8000030517578,91.8000030517578,90.9000015258789,91.0,7422912
2022-08-08,91.0,91.0999984741211,90.0999984741211,91.0,3499131
2022-08-09,90.6999969482422,91.0,90.0,90.9000015258789,4844629
2022-08-10,90.5,91.3000030517578,90.0999984741211,91.3000030517578,6156603
2022-08-11,91.8000030517578,92.8000030517578,91.5999984741211,92.5999984741211,7745875
2022-08-12,93.0,94.0,92.8000030517578,93.8000030517578,5589463
2022-08-15,94.1999969482422,94.6999969482422,93.9000015258789,94.5,3951609
2022-08-16,94.5,94.5999984741211,93.5999984741211,94.4000015258789,4254828
2022-08-17,94.4000015258789,94.5999984741211,93.8000030517578,94.1999969482422,5289626
2022-08-18,94.0,94.4000015258789,93.3000030517578,94.1999969482422,3073897
2022-08-19,93.5999984741211,94.4000015258789,93.5999984741211,94.3000030517578,3514198
2022-08-22,93.5,94.6999969482422,93.4000015258789,94.4000015258789,2201000
2022-08-23,94.3000030517578,94.4000015258789,93.5999984741211,93.5999984741211,4068278
2022-08-24,94.1999969482422,94.5,93.5,93.5999984741211,3010183
2022-08-25,93.6999969482422,94.4000015258789,93.6999969482422,93.9000015258789,2927459
2022-08-26,94.0,94.4000015258789,93.0,93.1999969482422,6477214
2022-08-29,92.0999984741211,92.1999969482422,91.0,91.3000030517578,7647579
2022-08-30,91.0,91.8000030517578,90.8000030517578,91.3000030517578,7373692
2022-08-31,90.5,91.5999984741211,90.5,91.0999984741211,6895426
2022-09-01,90.0999984741211,90.6999969482422,89.5,90.0,10430273
2022-09-02,90.0,90.0999984741211,88.5999984741211,88.80000305175781,12291129
2022-09-05,88.9000015258789,89.5,88.0,89.30000305175781,7641926
2022-09-06,89.30000305175781,89.80000305175781,88.5999984741211,89.80000305175781,7234421
2022-09-07,89.0,89.0,88.0999984741211,88.30000305175781,8597030
2022-09-08,88.4000015258789,88.5999984741211,87.5,88.30000305175781,7291455
2022-09-12,88.80000305175781,89.5999984741211,88.4000015258789,89.4000015258789,5849833
2022-09-13,89.80000305175781,90.3000030517578,88.80000305175781,90.3000030517578,7583023
2022-09-14,88.30000305175781,88.69999694824219,87.69999694824219,88.0999984741211,12055305
2022-09-15,88.0999984741211,88.4000015258789,87.0999984741211,88.0999984741211,11724858
2022-09-16,87.19999694824219,88.0,86.5,86.5,78462113
2022-09-19,86.5,86.69999694824219,85.30000305175781,85.5,15244672
2022-09-20,86.0,86.5999984741211,85.80000305175781,86.0999984741211,5833857
2022-09-21,86.0999984741211,86.5999984741211,86.0,86.19999694824219,5849150
2022-09-22,85.9000015258789,86.30000305175781,85.0999984741211,85.9000015258789,5870601
2022-09-23,85.9000015258789,87.0999984741211,85.9000015258789,86.5999984741211,5840402
2022-09-26,85.80000305175781,86.69999694824219,85.30000305175781,86.0,10526456
2022-09-27,86.19999694824219,86.80000305175781,85.19999694824219,85.19999694824219,7870379
2022-09-28,85.5,86.0999984741211,84.30000305175781,84.80000305175781,9966769
2022-09-29,85.30000305175781,85.69999694824219,85.0,85.69999694824219,8245712
2022-09-30,85.5,86.9000015258789,85.19999694824219,86.5999984741211,10304280
2022-10-03,85.5999984741211,87.4000015258789,85.5999984741211,86.5,5071676
2022-10-04,87.4000015258789,87.9000015258789,86.80000305175781,87.80000305175781,5798580
2022-10-05,87.5999984741211,88.19999694824219,87.4000015258789,87.69999694824219,6387644
2022-10-06,87.69999694824219,87.69999694824219,85.80000305175781,86.0999984741211,10187980
2022-10-07,85.69999694824219,86.0,85.0999984741211,85.0999984741211,8679272
2022-10-11,85.0,85.4000015258789,84.19999694824219,84.5,10752507
2022-10-12,84.30000305175781,84.4000015258789,80.5999984741211,80.80000305175781,25307046
2022-10-13,80.19999694824219,80.30000305175781,78.0999984741211,78.9000015258789,24151542
2022-10-14,79.5,80.9000015258789,79.30000305175781,79.9000015258789,11081145
2022-10-17,79.5999984741211,80.5999984741211,78.69999694824219,80.5999984741211,8270624
2022-10-18,80.9000015258789,81.0,80.0,80.9000015258789,10375902
2022-10-19,80.69999694824219,81.30000305175781,80.19999694824219,80.19999694824219,11659054
2022-10-20,78.80000305175781,82.19999694824219,78.5999984741211,80.80000305175781,28598192
2022-10-21,80.9000015258789,82.80000305175781,80.5999984741211,81.80000305175781,10635766
2022-10-24,82.5999984741211,83.0,81.69999694824219,82.0,5864335
2022-10-25,82.69999694824219,82.9000015258789,81.80000305175781,82.30000305175781,6751241
2022-10-26,82.80000305175781,83.0,82.19999694824219,82.5999984741211,5892652
2022-10-27,83.0,83.9000015258789,82.5,82.5,7409584
2022-10-28,83.0999984741211,83.4000015258789,82.5999984741211,82.9000015258789,4081855
2022-10-31,83.0,83.30000305175781,82.5999984741211,83.0999984741211,4948542
2022-11-01,83.0999984741211,83.80000305175781,82.4000015258789,83.30000305175781,4358815
2022-11-02,83.4000015258789,84.0,82.5999984741211,82.80000305175781,6595684
2022-11-03,82.0999984741211,82.9000015258789,81.9000015258789,82.80000305175781,6570104
2022-11-04,82.0999984741211,83.0999984741211,82.0999984741211,82.9000015258789,5101500
2022-11-07,83.0,84.5999984741211,82.9000015258789,84.5999984741211,7951284
2022-11-08,84.9000015258789,85.5,84.69999694824219,85.5,5104452
2022-11-09,85.5,86.0,85.0,86.0,5080178
2022-11-10,86.0,86.30000305175781,85.5,86.0,3713085
2022-11-11,86.80000305175781,87.80000305175781,86.80000305175781,87.69999694824219,9509304
2022-11-14,88.30000305175781,89.19999694824219,88.0999984741211,89.0999984741211,12131683
2022-11-15,88.80000305175781,89.0,87.80000305175781,88.5999984741211,7263265
2022-11-16,88.4000015258789,88.9000015258789,87.0,87.4000015258789,10144201
2022-11-17,87.0,87.69999694824219,87.0,87.4000015258789,4095031
2022-11-18,87.0,88.0,86.80000305175781,87.69999694824219,4435131
2022-11-21,87.80000305175781,88.0,87.30000305175781,88.0,4430445
2022-11-22,88.5,88.69999694824219,88.0999984741211,88.69999694824219,5953644
2022-11-23,88.9000015258789,89.0,88.19999694824219,88.9000015258789,3917179
2022-11-24,89.19999694824219,89.69999694824219,89.0,89.69999694824219,6134365
2022-11-25,89.80000305175781,90.0999984741211,89.19999694824219,89.9000015258789,6613840
2022-11-28,89.5,89.5999984741211,88.0,89.0999984741211,8378626
2022-11-29,89.5,89.5,88.30000305175781,88.9000015258789,4743951
2022-11-30,89.19999694824219,90.1999969482422,89.0,90.1999969482422,9348274
2022-12-01,90.9000015258789,91.5,90.0,90.6999969482422,6929264
2022-12-02,90.0,90.3000030517578,89.0999984741211,89.0999984741211,7114274
2022-12-05,88.9000015258789,90.0,88.80000305175781,89.0999984741211,7161605
2022-12-06,88.80000305175781,89.0999984741211,87.0999984741211,87.30000305175781,9571596
2022-12-07,87.4000015258789,89.19999694824219,87.30000305175781,88.0999984741211,7933509
2022-12-08,87.5999984741211,87.5999984741211,87.19999694824219,87.30000305175781,4771380
2022-12-09,87.30000305175781,88.4000015258789,87.19999694824219,87.9000015258789,5490286
2022-12-12,87.0999984741211,87.19999694824219,86.19999694824219,86.69999694824219,7423903
2022-12-13,86.69999694824219,87.30000305175781,86.0999984741211,86.30000305175781,9268604
2022-12-14,86.9000015258789,87.69999694824219,86.80000305175781,87.19999694824219,7696433
2022-12-15,87.5,89.0999984741211,87.19999694824219,88.9000015258789,12547066
2022-12-16,88.0,88.80000305175781,87.5999984741211,87.5999984741211,20718342
2022-12-19,86.80000305175781,87.5999984741211,86.19999694824219,86.30000305175781,16315405
2022-12-20,86.0,86.69999694824219,85.19999694824219,85.30000305175781,14490452
2022-12-21,85.30000305175781,85.9000015258789,85.0999984741211,85.4000015258789,12815360
2022-12-22,85.80000305175781,87.19999694824219,85.69999694824219,87.19999694824219,14027573
2022-12-23,85.9000015258789,86.80000305175781,85.5,86.80000305175781,6000769
2022-12-26,86.80000305175781,86.9000015258789,86.5,86.9000015258789,2523183
2022-12-27,86.9000015258789,87.19999694824219,86.5,87.19999694824219,3101681
2022-12-28,86.4000015258789,87.0,86.0999984741211,86.9000015258789,5781585
2022-12-29,86.0999984741211,86.4000015258789,85.9000015258789,86.0999984741211,4037150
2022-12-30,86.69999694824219,87.19999694824219,86.5999984741211,86.80000305175781,3144657
2023-01-03,86.19999694824219,87.0,85.5999984741211,87.0,6417169
2023-01-04,86.80000305175781,87.0,86.4000015258789,86.5999984741211,3205343
2023-01-05,86.5,87.5999984741211,86.4000015258789,87.5,5759186
2023-01-06,87.4000015258789,88.0,87.19999694824219,88.0,4026855
2023-01-09,88.30000305175781,88.9000015258789,88.0999984741211,88.9000015258789,7417439
2023-01-10,89.19999694824219,89.30000305175781,88.4000015258789,88.9000015258789,4465172
2023-01-11,88.0,88.4000015258789,87.5,87.9000015258789,6891479
2023-01-12,88.30000305175781,88.30000305175781,87.5,87.69999694824219,4662734
2023-01-13,87.5999984741211,88.4000015258789,87.5999984741211,88.19999694824219,5243724
2023-01-16,88.0999984741211,88.9000015258789,88.0,88.30000305175781,5363697
2023-01-17,88.5,88.9000015258789,88.30000305175781,88.5999984741211,4986490
2023-01-30,88.9000015258789,90.0,88.80000305175781,90.0,13262616
2023-01-31,90.0,90.4000015258789,89.0999984741211,89.30000305175781,11413800
2023-02-01,89.4000015258789,89.5,88.0999984741211,88.9000015258789,6858192
2023-02-02,88.9000015258789,89.0,88.0999984741211,89.0,5958711
2023-02-03,88.69999694824219,88.80000305175781,88.0999984741211,88.5999984741211,3564969
2023-02-06,88.5,89.5,88.4000015258789,88.4000015258789,4905035
2023-02-07,88.4000015258789,89.5,88.4000015258789,89.0,3658106
2023-02-08,88.9000015258789,89.5999984741211,88.69999694824219,89.4000015258789,4327840
2023-02-09,89.0,89.80000305175781,88.9000015258789,89.5,2760688
2023-02-10,88.9000015258789,89.5,88.69999694824219,89.0999984741211,2785670
2023-02-13,88.80000305175781,89.5,88.69999694824219,89.30000305175781,2776111
2023-02-14,89.69999694824219,90.9000015258789,89.5999984741211,90.5999984741211,6874240
2023-02-15,90.6999969482422,90.8000030517578,89.19999694824219,89.5999984741211,5756228
2023-02-16,89.80000305175781,90.0,89.19999694824219,89.69999694824219,2685936
2023-02-17,89.4000015258789,90.0999984741211,89.30000305175781,90.0999984741211,2502020
2023-02-20,89.9000015258789,90.6999969482422,89.9000015258789,90.6999969482422,3269390
2023-02-21,90.6999969482422,91.4000015258789,90.3000030517578,91.3000030517578,4941310
2023-02-22,90.6999969482422,91.6999969482422,90.1999969482422,91.6999969482422,6178261
2023-02-23,91.6999969482422,91.6999969482422,91.3000030517578,91.3000030517578,5265657
2023-02-24,91.3000030517578,91.4000015258789,90.6999969482422,90.9000015258789,6581325
2023-03-01,89.80000305175781,90.5999984741211,89.69999694824219,90.1999969482422,5911007
2023-03-02,90.1999969482422,90.3000030517578,89.69999694824219,90.1999969482422,3930249
2023-03-03,90.1999969482422,90.6999969482422,90.1999969482422,90.6999969482422,2319176
2023-03-06,91.0999984741211,91.5,90.6999969482422,91.5,5408106
2023-03-07,91.3000030517578,91.5,91.0,91.4000015258789,4425021
2023-03-08,90.9000015258789,91.9000015258789,90.8000030517578,91.8000030517578,5022258
2023-03-09,91.8000030517578,91.9000015258789,90.4000015258789,90.5999984741211,4760079
2023-03-10,89.80000305175781,90.3000030517578,89.69999694824219,89.80000305175781,5674615
2023-03-13,89.80000305175781,90.5,89.0999984741211,90.0999984741211,5154147
2023-03-14,89.19999694824219,89.9000015258789,89.0999984741211,89.4000015258789,4603535
2023-03-15,89.4000015258789,90.0999984741211,89.0,89.0,6317959
2023-03-16,88.5,88.80000305175781,88.0,88.5,7823983
2023-03-17,88.5999984741211,90.6999969482422,88.5,90.6999969482422,9492073
2023-03-20,90.5,90.5,89.80000305175781,90.0,3717614
2023-03-21,90.1999969482422,91.0999984741211,90.0999984741211,90.5,3899869
2023-03-22,90.6999969482422,91.0,90.5,90.9000015258789,3623154
2023-03-23,91.0,91.4000015258789,90.8000030517578,91.4000015258789,4421133
2023-03-24,91.3000030517578,91.5,90.9000015258789,91.4000015258789,4407399
2023-03-27,91.4000015258789,91.8000030517578,91.4000015258789,91.8000030517578,3793355
2023-03-28,91.8000030517578,92.5,91.5,92.3000030517578,5676103
2023-03-29,92.3000030517578,92.5999984741211,92.0,92.3000030517578,3847024
2023-03-30,92.5,92.5,91.8000030517578,92.4000015258789,3995309
2023-03-31,92.3000030517578,92.5999984741211,91.8000030517578,91.8000030517578,4699195
2023-04-06,91.9000015258789,92.1999969482422,91.0,91.4000015258789,5805242
2023-04-07,91.4000015258789,91.4000015258789,90.8000030517578,90.8000030517578,4549540
2023-04-10,90.9000015258789,92.1999969482422,90.8000030517578,92.0999984741211,4843431
2023-04-11,92.3000030517578,92.5999984741211,91.9000015258789,92.5999984741211,4995744
2023-04-12,92.4000015258789,92.8000030517578,91.8000030517578,92.5999984741211,4671496
2023-04-13,92.8000030517578,93.4000015258789,92.4000015258789,93.0999984741211,5780513
2023-04-14,93.0,93.8000030517578,92.5999984741211,93.3000030517578,5451563
2023-04-17,93.3000030517578,94.3000030517578,93.0999984741211,94.0,5646442
2023-04-18,93.8000030517578,93.8000030517578,93.0,93.0,4734288
2023-04-19,93.5,93.9000015258789,92.3000030517578,92.5,6823534
2023-04-20,92.3000030517578,92.6999969482422,91.5999984741211,92.0999984741211,5066061
2023-04-21,92.5,93.0999984741211,91.9000015258789,92.5,7063930
2023-04-24,92.5999984741211,93.4000015258789,91.9000015258789,93.0,7220567
2023-04-25,93.0999984741211,93.5999984741211,92.0,92.0,9153776
2023-04-26,92.0,93.5999984741211,92.0,93.5999984741211,8544778
2023-04-27,93.0999984741211,93.8000030517578,92.8000030517578,93.6999969482422,8024019
2023-04-28,94.0,94.4000015258789,93.3000030517578,93.9000015258789,6239893
2023-05-02,93.6999969482422,94.1999969482422,93.0999984741211,93.9000015258789,6942063
2023-05-03,93.8000030517578,94.0,93.1999969482422,93.5999984741211,4341776
2023-05-04,93.5999984741211,93.8000030517578,93.3000030517578,93.6999969482422,3020888
2023-05-05,93.9000015258789,94.0,93.5999984741211,93.8000030517578,2436672
2023-05-08,94.0999984741211,94.0999984741211,93.4000015258789,93.8000030517578,2952879
2023-05-09,93.6999969482422,94.0,93.1999969482422,94.0,4927939
2023-05-10,93.5999984741211,93.8000030517578,92.8000030517578,93.8000030517578,5530762
2023-05-11,93.4000015258789,93.5999984741211,92.8000030517578,93.4000015258789,4664957
2023-05-12,92.8000030517578,92.9000015258789,91.8000030517578,92.5,6244184
2023-05-15,91.8000030517578,92.9000015258789,91.3000030517578,92.9000015258789,4648217
2023-05-16,92.9000015258789,93.1999969482422,92.0999984741211,93.0999984741211,6930870
2023-05-17,92.9000015258789,94.3000030517578,92.5,94.3000030517578,10835446
2023-05-18,93.5,94.3000030517578,93.5,94.3000030517578,7619528
2023-05-19,94.3000030517578,94.3000030517578,93.4000015258789,94.0,8942115
2023-05-22,94.0,94.1999969482422,93.0999984741211,93.5,6050175
2023-05-23,93.6999969482422,93.8000030517578,93.1999969482422,93.5,6367407
2023-05-24,93.3000030517578,93.9000015258789,93.0,93.9000015258789,5634546
2023-05-25,93.3000030517578,94.0999984741211,93.1999969482422,93.1999969482422,4572073
2023-05-26,92.5999984741211,93.5999984741211,92.5,93.5,5674814
2023-05-29,93.5,94.0999984741211,93.3000030517578,93.3000030517578,5402986
2023-05-30,93.3000030517578,93.5999984741211,92.8000030517578,93.5,8170329
2023-05-31,93.0999984741211,94.0999984741211,93.0999984741211,94.0999984741211,33359347
2023-06-01,94.0999984741211,94.0999984741211,93.1999969482422,93.3000030517578,6286608
2023-06-02,93.5999984741211,93.9000015258789,93.4000015258789,93.6999969482422,7010032
2023-06-05,93.5,94.4000015258789,93.5,94.0,8061221
2023-06-06,94.1999969482422,94.8000030517578,94.0,94.4000015258789,10374130
2023-06-07,94.0,94.5,93.9000015258789,94.0,8373855
2023-06-08,94.0999984741211,94.3000030517578,93.6999969482422,93.8000030517578,6872186
2023-06-09,94.4000015258789,94.4000015258789,94.0,94.0999984741211,4379798
2023-06-12,94.5,94.5,93.9000015258789,93.9000015258789,3731781
2023-06-13,93.9000015258789,94.0999984741211,93.3000030517578,93.6999969482422,7102949
2023-06-14,93.8000030517578,94.1999969482422,93.5,93.8000030517578,5527815
2023-06-15,94.0999984741211,94.1999969482422,93.5999984741211,94.0999984741211,5192177
2023-06-16,94.0999984741211,94.0999984741211,92.5,92.5,20535246
2023-06-19,92.8000030517578,93.0,91.5999984741211,91.5999984741211,16422709
2023-06-20,92.5,92.5999984741211,91.9000015258789,92.5999984741211,10746777
2023-06-21,92.4000015258789,92.8000030517578,91.8000030517578,92.8000030517578,7389014
2023-06-26,92.3000030517578,92.6999969482422,92.0,92.0,11597658
2023-06-27,88.0,88.4000015258789,87.0,87.0,18596218
2023-06-28,87.0,87.19999694824219,86.0,86.19999694824219,11086603
2023-06-29,86.69999694824219,87.0,86.19999694824219,86.19999694824219,8122126
2023-06-30,86.19999694824219,86.30000305175781,85.69999694824219,85.69999694824219,9654487
2023-07-03,86.0999984741211,86.30000305175781,85.5999984741211,85.5999984741211,7027120
2023-07-04,85.69999694824219,85.69999694824219,84.5999984741211,84.69999694824219,11700854
2023-07-05,84.9000015258789,85.0999984741211,84.69999694824219,84.69999694824219,6506833
2023-07-06,84.5,84.69999694824219,83.19999694824219,83.19999694824219,15858323
2023-07-07,83.0,83.0999984741211,82.0,82.0,15799268
2023-07-10,82.30000305175781,83.0,82.30000305175781,82.30000305175781,10649694
2023-07-11,82.5,83.5,82.30000305175781,82.4000015258789,9198565
2023-07-12,83.19999694824219,83.30000305175781,82.19999694824219,82.4000015258789,8798729
2023-07-13,82.5,83.19999694824219,82.5,82.69999694824219,8335101
2023-07-14,83.0,84.19999694824219,83.0,83.69999694824219,8742038
2023-07-17,84.0,84.0999984741211,83.0,83.0999984741211,8311123
2023-07-18,83.0,83.69999694824219,82.9000015258789,82.9000015258789,10127334
2023-07-19,83.0999984741211,83.5999984741211,82.80000305175781,82.80000305175781,9526590
2023-07-20,82.9000015258789,83.4000015258789,82.9000015258789,83.19999694824219,8132610
2023-07-21,83.19999694824219,83.5999984741211,82.5999984741211,82.5999984741211,11163927
2023-07-24,82.5999984741211,82.69999694824219,82.19999694824219,82.19999694824219,13250087
2023-07-25,82.5,82.5,82.0,82.0999984741211,9511250
2023-07-26,82.19999694824219,83.0,82.0999984741211,83.0,7380319
2023-07-27,83.0,83.5999984741211,83.0,83.30000305175781,7303957
2023-07-28,83.30000305175781,83.5999984741211,83.0,83.0,5342217
2023-07-31,83.0999984741211,83.80000305175781,83.0999984741211,83.19999694824219,6254702
2023-08-01,83.5999984741211,84.30000305175781,83.5999984741211,84.19999694824219,7043118
2023-08-02,84.0,84.19999694824219,83.4000015258789,83.5,7850360
2023-08-04,83.5999984741211,84.30000305175781,83.5,84.0,5406884
2023-08-07,84.0,84.69999694824219,84.0,84.19999694824219,4197257
2023-08-08,84.30000305175781,84.4000015258789,83.5999984741211,83.69999694824219,5102111
2023-08-09,83.9000015258789,84.30000305175781,83.69999694824219,84.30000305175781,3549705
2023-08-10,84.5,84.69999694824219,84.0,84.5,5469756
2023-08-11,84.4000015258789,84.5,84.0,84.0,3978817
2023-08-14,84.0,84.0,82.80000305175781,83.0,6859873
2023-08-15,83.0,83.0999984741211,82.4000015258789,82.4000015258789,5991925
2023-08-16,81.9000015258789,82.0,80.5999984741211,80.9000015258789,14129601
2023-08-17,80.5,80.5,79.0,79.80000305175781,12613879
2023-08-18,79.80000305175781,80.5999984741211,79.19999694824219,80.30000305175781,9006372
2023-08-21,80.30000305175781,80.30000305175781,79.5999984741211,80.0999984741211,8180979
2023-08-22,80.19999694824219,80.19999694824219,79.5,79.9000015258789,7065944
2023-08-23,79.9000015258789,79.9000015258789,79.19999694824219,79.4000015258789,6844242
2023-08-24,79.4000015258789,79.80000305175781,79.0999984741211,79.69999694824219,8041963
2023-08-25,79.5999984741211,79.69999694824219,79.19999694824219,79.30000305175781,7134174
2023-08-28,79.0,79.80000305175781,79.0,79.5999984741211,6219358
2023-08-29,79.5999984741211,80.4000015258789,79.5,80.30000305175781,3259688
2023-08-30,80.30000305175781,80.80000305175781,79.9000015258789,80.30000305175781,5599350
2023-08-31,80.30000305175781,80.30000305175781,79.5,79.5,12725047
2023-09-01,79.5999984741211,80.4000015258789,79.5,80.19999694824219,3093680
2023-09-04,80.0,81.69999694824219,80.0,81.5,7470794
2023-09-05,81.5,82.0999984741211,81.5,82.0,3501749
2023-09-06,81.9000015258789,81.9000015258789,81.19999694824219,81.19999694824219,4494769
2023-09-07,81.0,81.5999984741211,80.80000305175781,81.30000305175781,3640930
2023-09-08,81.69999694824219,82.19999694824219,81.5,82.0999984741211,4784358
2023-09-11,82.30000305175781,82.5,82.19999694824219,82.4000015258789,4222287
2023-09-12,82.5999984741211,82.5999984741211,82.0999984741211,82.4000015258789,6107655
2023-09-13,82.5,82.69999694824219,82.0999984741211,82.5,4019153
2023-09-14,83.0,83.30000305175781,82.5,83.0999984741211,7095214
2023-09-15,83.19999694824219,83.30000305175781,82.19999694824219,83.30000305175781,11513265
2023-09-18,82.5999984741211,82.80000305175781,82.0,82.30000305175781,4123539
2023-09-19,82.19999694824219,82.69999694824219,82.0999984741211,82.4000015258789,2298145
2023-09-20,82.4000015258789,82.5999984741211,82.0,82.4000015258789,2183329
2023-09-21,82.0999984741211,82.19999694824219,81.19999694824219,81.19999694824219,5046255
2023-09-22,81.0,81.5,80.5999984741211,81.0999984741211,2977848
2023-09-25,81.0999984741211,81.5999984741211,81.0,81.5999984741211,1784557
2023-09-26,81.0999984741211,81.0999984741211,80.4000015258789,80.4000015258789,4128092
2023-09-27,80.0999984741211,80.30000305175781,79.69999694824219,79.80000305175781,6435098
2023-09-28,80.0,80.4000015258789,79.5999984741211,79.80000305175781,6431743
2023-10-02,79.9000015258789,80.0,79.5,79.5999984741211,6372432
2023-10-03,79.5999984741211,79.5999984741211,79.0999984741211,79.0999984741211,6766576
2023-10-04,78.9000015258789,78.9000015258789,78.19999694824219,78.4000015258789,9445565
2023-10-05,78.69999694824219,78.9000015258789,78.4000015258789,78.69999694824219,5269348
2023-10-06,78.80000305175781,79.30000305175781,78.4000015258789,78.80000305175781,3797317
2023-10-11,79.9000015258789,79.9000015258789,79.0999984741211,79.5999984741211,9371315
2023-10-12,80.0999984741211,80.69999694824219,79.80000305175781,80.69999694824219,7767146
2023-10-13,80.4000015258789,80.5,79.9000015258789,80.5,5374944
2023-10-16,80.0,80.4000015258789,79.80000305175781,80.30000305175781,4168063
2023-10-17,80.0,80.30000305175781,79.69999694824219,79.9000015258789,6823376
2023-10-18,80.19999694824219,80.19999694824219,79.19999694824219,80.0999984741211,11871351
2023-10-19,79.5999984741211,79.9000015258789,79.30000305175781,79.30000305175781,5634463
2023-10-20,79.0,79.19999694824219,78.5,78.5999984741211,6337424
2023-10-23,78.5,78.5999984741211,78.0999984741211,78.0999984741211,5671058
2023-10-24,78.0999984741211,78.30000305175781,77.80000305175781,77.80000305175781,7256440
2023-10-25,78.0,78.19999694824219,77.80000305175781,77.80000305175781,4681830
2023-10-26,77.5999984741211,77.5999984741211,77.0,77.0999984741211,6858733
2023-10-27,77.0999984741211,77.5,77.0999984741211,77.19999694824219,4073113
2023-10-30,77.4000015258789,77.80000305175781,77.0999984741211,77.19999694824219,4666961
2023-10-31,77.19999694824219,77.4000015258789,77.0,77.0,7014750
2023-11-01,77.0,77.0999984741211,76.80000305175781,76.80000305175781,4998753
2023-11-02,76.69999694824219,77.4000015258789,76.69999694824219,77.19999694824219,4257082
2023-11-03,77.9000015258789,77.9000015258789,77.4000015258789,77.9000015258789,4876607
2023-11-06,78.4000015258789,79.0,78.0,78.5999984741211,6331476
2023-11-07,78.5,78.5,77.69999694824219,78.0999984741211,4688296
2023-11-08,78.0,78.0,77.5999984741211,77.9000015258789,3591800
2023-11-09,78.0,78.5999984741211,77.80000305175781,78.30000305175781,3446222
2023-11-10,78.0,78.0999984741211,77.5999984741211,77.69999694824219,3318462
2023-11-13,77.69999694824219,77.80000305175781,77.30000305175781,77.5,5908030
2023-11-14,77.5999984741211,78.0,77.30000305175781,77.80000305175781,6255129
2023-11-15,78.5999984741211,79.9000015258789,78.30000305175781,79.9000015258789,12180079
2023-11-16,80.4000015258789,81.19999694824219,80.19999694824219,81.19999694824219,10172204
2023-11-17,81.4000015258789,81.69999694824219,80.5999984741211,80.80000305175781,6163164
2023-11-20,80.9000015258789,81.0,80.0999984741211,80.80000305175781,4979511
2023-11-21,81.0,81.9000015258789,80.80000305175781,81.9000015258789,8789988
2023-11-22,81.80000305175781,81.80000305175781,81.0999984741211,81.30000305175781,3339621
2023-11-23,81.19999694824219,81.19999694824219,80.5,80.9000015258789,2603301
2023-11-24,81.5,81.9000015258789,81.19999694824219,81.5999984741211,4228481
2023-11-27,81.69999694824219,81.9000015258789,81.0,81.4000015258789,4042859
2023-11-28,81.80000305175781,82.0,81.4000015258789,82.0,6932530
2023-11-29,81.9000015258789,81.9000015258789,81.30000305175781,81.4000015258789,4307005
2023-11-30,81.0999984741211,81.19999694824219,80.69999694824219,80.80000305175781,11379708
2023-12-01,80.80000305175781,81.0,80.5,80.69999694824219,2412532
2023-12-04,80.9000015258789,81.19999694824219,80.69999694824219,80.9000015258789,3917453
2023-12-05,80.5999984741211,80.9000015258789,80.19999694824219,80.69999694824219,4092756
2023-12-06,80.9000015258789,81.0,80.4000015258789,80.4000015258789,3063995
2023-12-07,80.30000305175781,80.4000015258789,79.9000015258789,79.9000015258789,3702325
2023-12-08,79.9000015258789,80.0999984741211,79.69999694824219,80.0,4265448
2023-12-11,80.0999984741211,80.0999984741211,79.5999984741211,79.9000015258789,2254958
2023-12-12,79.9000015258789,80.0,79.4000015258789,79.5999984741211,3879449
2023-12-13,79.69999694824219,79.69999694824219,78.9000015258789,78.9000015258789,5304991
2023-12-14,79.4000015258789,80.0,78.80000305175781,79.80000305175781,4629049
2023-12-15,79.9000015258789,80.4000015258789,79.69999694824219,79.69999694824219,11018135
2023-12-18,79.69999694824219,80.5,79.69999694824219,80.5,2957872
2023-12-19,80.19999694824219,80.30000305175781,79.69999694824219,79.80000305175781,3087804
2023-12-20,80.0,80.30000305175781,79.69999694824219,79.9000015258789,4146727
2023-12-21,79.80000305175781,79.9000015258789,79.30000305175781,79.5,3391712
2023-12-22,79.30000305175781,79.30000305175781,78.69999694824219,78.80000305175781,4420539
2023-12-25,78.5,78.80000305175781,78.30000305175781,78.69999694824219,3282148
2023-12-26,79.0999984741211,79.0999984741211,78.69999694824219,78.80000305175781,4632298
2023-12-27,78.9000015258789,79.69999694824219,78.80000305175781,79.5999984741211,5581874
2023-12-28,79.4000015258789,79.80000305175781,79.19999694824219,79.80000305175781,4364712
2023-12-29,79.69999694824219,79.69999694824219,79.0,79.19999694824219,4480172
2024-01-02,79.0999984741211,79.30000305175781,78.80000305175781,79.19999694824219,3055976
2024-01-03,78.5999984741211,78.80000305175781,78.0,78.0999984741211,7019321
2024-01-04,78.0999984741211,78.4000015258789,78.0999984741211,78.30000305175781,2661257
2024-01-05,78.30000305175781,78.4000015258789,78.0999984741211,78.0999984741211,2359702
2024-01-08,78.0999984741211,78.69999694824219,78.0999984741211,78.0999984741211,3008686
2024-01-09,78.19999694824219,78.19999694824219,77.5999984741211,77.5999984741211,5374112
2024-01-10,77.5999984741211,77.69999694824219,77.0,77.0,5498542
2024-01-11,76.69999694824219,76.9000015258789,75.5,75.9000015258789,12406141
2024-01-12,75.9000015258789,76.4000015258789,75.69999694824219,76.0,5365256
2024-01-15,76.0,76.30000305175781,75.5,75.5,6785964
2024-01-16,75.0999984741211,75.30000305175781,73.30000305175781,73.5999984741211,19082776
2024-01-17,73.0,73.0999984741211,71.30000305175781,71.80000305175781,16725726
2024-01-18,71.69999694824219,71.69999694824219,70.80000305175781,71.0999984741211,10903859
2024-01-19,70.9000015258789,71.5999984741211,70.80000305175781,71.19999694824219,9593320
2024-01-22,71.4000015258789,71.4000015258789,70.5999984741211,70.5999984741211,8020046
2024-01-23,70.69999694824219,71.4000015258789,70.69999694824219,71.0999984741211,5734395
2024-01-24,71.0999984741211,72.30000305175781,71.0999984741211,72.0999984741211,6226870
2024-01-25,72.19999694824219,72.30000305175781,71.5,71.69999694824219,4293970
2024-01-26,71.5,72.9000015258789,71.30000305175781,72.69999694824219,5624232
2024-01-29,72.9000015258789,73.69999694824219,72.80000305175781,73.5999984741211,5860853
2024-01-30,73.5999984741211,73.69999694824219,72.0,72.0,7064600
2024-01-31,72.0,72.5,71.80000305175781,72.0999984741211,6010092
2024-02-01,72.5,73.5,72.4000015258789,73.5,4769508
2024-02-02,73.19999694824219,73.5,72.80000305175781,73.5,4129689
2024-02-05,72.4000015258789,72.9000015258789,72.19999694824219,72.4000015258789,5197498
2024-02-15,72.30000305175781,72.5,71.4000015258789,72.4000015258789,8884075
2024-02-16,72.5,73.30000305175781,72.5,73.0,4544612
2024-02-19,73.5999984741211,74.4000015258789,73.5999984741211,73.80000305175781,4972006
2024-02-20,73.80000305175781,73.9000015258789,73.19999694824219,73.69999694824219,3827150
2024-02-21,73.69999694824219,73.80000305175781,73.19999694824219,73.5,4292930
2024-02-22,73.5,73.5,73.0,73.19999694824219,2926698
2024-02-23,72.5,72.69999694824219,72.0,72.0,6229642
2024-02-26,71.80000305175781,72.19999694824219,71.69999694824219,72.0999984741211,4003519
2024-02-27,71.9000015258789,71.9000015258789,71.5,71.80000305175781,5192475
2024-02-29,71.80000305175781,72.19999694824219,71.5,71.69999694824219,9845587
2024-03-01,71.69999694824219,71.80000305175781,71.30000305175781,71.5999984741211,3688579
2024-03-04,71.0999984741211,71.19999694824219,70.80000305175781,70.80000305175781,9662435
2024-03-05,70.80000305175781,71.19999694824219,70.4000015258789,70.4000015258789,10161922
2024-03-06,70.4000015258789,71.0,70.4000015258789,70.5,5815940
2024-03-07,70.30000305175781,70.4000015258789,69.69999694824219,69.80000305175781,10719490
2024-03-08,69.5,69.5999984741211,68.5999984741211,68.5999984741211,15921025
2024-03-11,68.0,69.30000305175781,67.80000305175781,68.9000015258789,10193686
2024-03-12,69.0,69.5999984741211,69.0,69.30000305175781,6311742
2024-03-13,69.30000305175781,69.30000305175781,68.0999984741211,68.4000015258789,8935632
2024-03-14,68.5,69.30000305175781,68.4000015258789,69.30000305175781,7257536
2024-03-15,69.4000015258789,69.4000015258789,68.5999984741211,68.5999984741211,10333425
2024-03-18,68.80000305175781,68.9000015258789,68.19999694824219,68.4000015258789,4969244
2024-03-19,68.0,68.0,67.80000305175781,67.80000305175781,7730243
2024-03-20,67.80000305175781,67.80000305175781,66.5,66.80000305175781,14910821
2024-03-21,66.5999984741211,67.9000015258789,66.4000015258789,67.4000015258789,11231491
2024-03-22,67.4000015258789,67.4000015258789,66.69999694824219,67.0,6697596
2024-03-25,66.9000015258789,68.0,66.80000305175781,67.80000305175781,4599950
2024-03-26,67.9000015258789,69.4000015258789,67.80000305175781,69.30000305175781,10158477
2024-03-27,69.19999694824219,69.19999694824219,68.5,68.5,4920805
2024-03-28,68.5,68.5999984741211,68.0,68.0999984741211,4279439
2024-03-29,68.5,69.30000305175781,68.30000305175781,69.0999984741211,4947000
2024-04-01,69.4000015258789,71.30000305175781,69.4000015258789,70.9000015258789,13064844
2024-04-02,70.9000015258789,71.0,69.9000015258789,70.80000305175781,5428670
2024-04-03,70.30000305175781,70.69999694824219,69.80000305175781,70.0,6532831
2024-04-08,69.9000015258789,70.5999984741211,69.4000015258789,70.4000015258789,7011807
2024-04-09,70.80000305175781,71.69999694824219,70.69999694824219,71.5,7595488
2024-04-10,71.80000305175781,72.4000015258789,71.5,72.0,7521289
2024-04-11,71.5999984741211,71.80000305175781,70.69999694824219,70.9000015258789,6240179
2024-04-12,70.0999984741211,70.19999694824219,69.5999984741211,69.69999694824219,9627241
2024-04-15,69.69999694824219,70.4000015258789,69.5,69.5999984741211,8084046
2024-04-16,69.5,69.5,68.0,68.0,9773557
2024-04-17,68.0,68.19999694824219,67.5999984741211,67.80000305175781,7237806
2024-04-18,67.5999984741211,68.30000305175781,67.19999694824219,68.0999984741211,9049872
2024-04-19,67.5999984741211,68.30000305175781,66.80000305175781,67.0999984741211,12801661
2024-04-22,67.9000015258789,69.9000015258789,67.5999984741211,69.69999694824219,10966830
2024-04-23,69.69999694824219,69.80000305175781,68.9000015258789,69.0999984741211,5939120
2024-04-24,69.4000015258789,69.80000305175781,68.69999694824219,68.80000305175781,4811997
2024-04-25,68.5,68.5,67.5,67.9000015258789,7362141
2024-04-26,67.69999694824219,68.5,67.5999984741211,67.69999694824219,6558251
2024-04-29,68.0999984741211,69.4000015258789,68.0999984741211,69.30000305175781,7425698
2024-04-30,69.0,69.0999984741211,68.5,68.5,5978393
2024-05-02,68.5,68.9000015258789,68.0,68.80000305175781,4027331
2024-05-03,69.0,69.69999694824219,68.19999694824219,68.30000305175781,8731013
2024-05-06,68.4000015258789,69.19999694824219,68.4000015258789,69.0,8476522
2024-05-07,69.0,69.0999984741211,68.0999984741211,68.30000305175781,6759864
2024-05-08,68.30000305175781,68.69999694824219,68.0999984741211,68.30000305175781,4920988
2024-05-09,68.19999694824219,68.19999694824219,67.69999694824219,67.69999694824219,5975007
2024-05-10,67.9000015258789,68.69999694824219,67.69999694824219,68.5999984741211,3679478
2024-05-13,68.69999694824219,69.19999694824219,68.4000015258789,68.69999694824219,5121878
2024-05-14,68.69999694824219,69.0,68.19999694824219,68.4000015258789,4934460
2024-05-15,68.80000305175781,69.0,68.0999984741211,68.0999984741211,6979448
2024-05-16,68.80000305175781,68.80000305175781,68.0,68.4000015258789,8588429
2024-05-17,67.9000015258789,68.5999984741211,67.9000015258789,68.30000305175781,5603300
2024-05-20,68.5999984741211,68.69999694824219,68.0,68.0999984741211,6070604
2024-05-21,68.0999984741211,68.19999694824219,67.0,67.4000015258789,10209655
2024-05-22,67.4000015258789,67.5999984741211,67.0,67.5,7588757
2024-05-23,67.0,67.30000305175781,66.80000305175781,67.0,7461519
2024-05-24,67.0,67.0,66.0999984741211,66.30000305175781,9383528
2024-05-27,66.19999694824219,66.5,65.4000015258789,66.5,11280171
2024-05-28,66.4000015258789,67.4000015258789,66.30000305175781,67.0999984741211,9922663
2024-05-29,67.0,67.0,66.0999984741211,66.0999984741211,7286034
2024-05-30,65.80000305175781,65.9000015258789,65.5,65.5999984741211,8316290
2024-05-31,66.19999694824219,66.30000305175781,65.30000305175781,65.30000305175781,20813276
2024-06-03,65.5,65.69999694824219,64.5999984741211,64.9000015258789,9621829
2024-06-04,64.5,64.69999694824219,63.59999847412109,63.70000076293945,13680729
2024-06-05,63.70000076293945,63.70000076293945,62.59999847412109,62.59999847412109,14031465
2024-06-06,62.59999847412109,63.0,62.09999847412109,62.400001525878906,11352923
2024-06-07,62.09999847412109,63.0,61.59999847412109,62.70000076293945,13704389
2024-06-11,62.5,62.59999847412109,61.5,61.5,20664029
2024-06-12,61.20000076293945,61.400001525878906,60.59999847412109,60.900001525878906,13260894
2024-06-13,60.900001525878906,61.400001525878906,60.59999847412109,60.59999847412109,13333492
2024-06-14,60.70000076293945,61.29999923706055,60.09999847412109,61.0,13568297
2024-06-17,61.0,61.0,60.20000076293945,60.20000076293945,12912947
2024-06-18,60.29999923706055,60.70000076293945,59.79999923706055,60.5,19990541
2024-06-19,60.5,60.59999847412109,60.0,60.0,16456218
2024-06-20,60.20000076293945,60.59999847412109,60.0,60.5,17602607
2024-06-21,61.0,61.59999847412109,60.20000076293945,60.20000076293945,49293035
2024-06-24,60.400001525878906,60.5,59.5,59.5,25952567
2024-06-25,59.79999923706055,59.79999923706055,58.29999923706055,58.400001525878906,26841394
2024-06-26,58.400001525878906,58.59999847412109,57.0,57.20000076293945,30890348
2024-06-27,56.79999923706055,57.59999847412109,56.400001525878906,57.0,24714037
2024-06-28,57.09999847412109,58.400001525878906,57.0,57.5,14057865
2024-07-01,58.0,58.0,57.0,57.20000076293945,7680299
2024-07-02,57.0,57.0,55.79999923706055,55.900001525878906,18152511
2024-07-03,56.0,56.59999847412109,55.70000076293945,56.5,7672293
2024-07-04,56.900001525878906,57.900001525878906,56.900001525878906,57.59999847412109,10696203
2024-07-05,58.0,58.0,57.20000076293945,57.29999923706055,5574806
2024-07-08,57.400001525878906,58.400001525878906,57.29999923706055,58.0,9884934
2024-07-09,58.09999847412109,58.20000076293945,56.900001525878906,57.0,8909885
2024-07-10,57.0,57.0,56.29999923706055,56.5,7413737
2024-07-11,57.0,57.0,56.29999923706055,57.0,10442432
2024-07-12,56.900001525878906,58.59999847412109,56.59999847412109,57.900001525878906,17997898
2024-07-15,58.29999923706055,58.29999923706055,57.20000076293945,57.29999923706055,11830843
2024-07-16,57.5,57.5,57.0,57.20000076293945,7705147
2024-07-17,57.5,60.5,57.400001525878906,60.09999847412109,32001276
2024-07-18,60.5,61.70000076293945,60.09999847412109,60.79999923706055,32886294
2024-07-19,60.79999923706055,61.20000076293945,59.79999923706055,60.09999847412109,19012186
2024-07-22,60.09999847412109,60.29999923706055,59.09999847412109,60.20000076293945,16441321
2024-07-23,59.70000076293945,59.900001525878906,58.5,58.79999923706055,14015176
2024-07-26,58.79999923706055,59.20000076293945,58.20000076293945,58.79999923706055,9320746
2024-07-29,59.0,59.20000076293945,58.5,58.79999923706055,7928622
2024-07-30,58.900001525878906,58.900001525878906,57.59999847412109,57.900001525878906,7364181
2024-07-31,57.79999923706055,58.20000076293945,57.5,57.900001525878906,7569627
2024-08-01,58.29999923706055,58.70000076293945,57.59999847412109,58.5,8691725
2024-08-02,57.79999923706055,58.0,57.09999847412109,57.29999923706055,9662792
2024-08-05,56.09999847412109,56.09999847412109,53.59999847412109,54.79999923706055,26461708
2024-08-06,55.0,55.79999923706055,53.09999847412109,55.20000076293945,15546577
2024-08-07,54.5,55.5,54.5,55.0,8582489
2024-08-08,54.29999923706055,54.400001525878906,53.20000076293945,53.29999923706055,16230280
2024-08-09,53.59999847412109,55.20000076293945,53.59999847412109,54.79999923706055,13844058
2024-08-12,54.20000076293945,54.59999847412109,53.79999923706055,54.0,8923906
2024-08-13,53.900001525878906,53.900001525878906,52.70000076293945,52.79999923706055,15697002
2024-08-14,52.79999923706055,54.09999847412109,52.79999923706055,53.400001525878906,15254388
2024-08-15,53.900001525878906,53.900001525878906,52.5,52.5,11312450
2024-08-16,53.09999847412109,53.29999923706055,52.29999923706055,52.400001525878906,13115080
2024-08-19,52.59999847412109,52.70000076293945,52.09999847412109,52.20000076293945,7785905
2024-08-20,52.5,52.59999847412109,51.20000076293945,51.70000076293945,16597435
2024-08-21,51.70000076293945,52.20000076293945,51.29999923706055,52.0,8489584
2024-08-22,52.0,52.900001525878906,51.59999847412109,52.29999923706055,8612334
2024-08-23,52.09999847412109,52.29999923706055,51.29999923706055,51.900001525878906,7978763
2024-08-26,51.79999923706055,52.59999847412109,51.70000076293945,52.29999923706055,8524481
2024-08-27,52.0,52.09999847412109,51.400001525878906,51.900001525878906,6054806
2024-08-28,51.70000076293945,51.900001525878906,51.29999923706055,51.70000076293945,7291536
2024-08-29,51.5,51.900001525878906,51.29999923706055,51.5,4609990
2024-08-30,51.59999847412109,52.20000076293945,51.400001525878906,51.59999847412109,10964090
2024-09-02,51.900001525878906,51.900001525878906,50.5,50.5,11161075
2024-09-03,50.5,50.59999847412109,49.79999923706055,49.79999923706055,14705298
2024-09-04,48.34999847412109,48.34999847412109,47.0,47.0,28243808
2024-09-05,47.25,47.59999847412109,46.20000076293945,46.20000076293945,16943387
2024-09-06,46.20000076293945,46.75,45.59999847412109,46.25,15097824
2024-09-09,45.09999847412109,45.20000076293945,44.650001525878906,45.0,17464291
2024-09-10,45.0,45.09999847412109,44.150001525878906,44.20000076293945,16455914
2024-09-11,44.20000076293945,45.0,44.150001525878906,44.400001525878906,11568708
2024-09-12,45.29999923706055,45.400001525878906,44.400001525878906,45.0,13085719
2024-09-13,45.04999923706055,47.400001525878906,44.900001525878906,46.95000076293945,19815552
2024-09-16,47.20000076293945,49.25,46.5,48.25,26182142
2024-09-18,48.29999923706055,49.70000076293945,47.900001525878906,48.25,19571961
2024-09-19,48.20000076293945,48.75,47.34999847412109,48.54999923706055,16015943
2024-09-20,48.70000076293945,49.5,48.400001525878906,48.75,15470496
2024-09-23,49.09999847412109,49.45000076293945,48.5,48.75,8673852
2024-09-24,48.70000076293945,48.70000076293945,47.900001525878906,48.5,10469409
2024-09-25,49.25,50.59999847412109,49.0,50.59999847412109,24363551
2024-09-26,51.0,51.09999847412109,50.0,50.09999847412109,10182032
2024-09-27,50.400001525878906,53.70000076293945,50.20000076293945,53.5,32720001
2024-09-30,53.20000076293945,54.70000076293945,52.20000076293945,53.5,36901435
2024-10-01,53.5,53.70000076293945,52.70000076293945,53.0,13472484
2024-10-04,53.0,55.09999847412109,52.79999923706055,53.0,21184436
2024-10-07,53.09999847412109,53.400001525878906,51.29999923706055,52.20000076293945,16527108
2024-10-08,51.70000076293945,52.09999847412109,50.59999847412109,50.79999923706055,13039958
2024-10-09,51.09999847412109,51.20000076293945,49.400001525878906,49.54999923706055,12458863
2024-10-11,49.95000076293945,50.400001525878906,49.45000076293945,49.59999847412109,7733542
2024-10-14,49.59999847412109,50.400001525878906,48.45000076293945,50.0,13044986
2024-10-15,50.20000076293945,50.20000076293945,48.34999847412109,48.34999847412109,16756242
2024-10-16,48.0,48.45000076293945,47.59999847412109,47.95000076293945,19318992
2024-10-17,48.0,49.20000076293945,47.95000076293945,48.400001525878906,9235307
2024-10-18,48.75,49.04999923706055,48.09999847412109,48.20000076293945,8477259
2024-10-21,48.59999847412109,48.650001525878906,47.29999923706055,47.29999923706055,11318112
2024-10-22,47.5,47.5,46.400001525878906,46.70000076293945,13608917
2024-10-23,46.75,47.150001525878906,46.20000076293945,46.20000076293945,9599022
2024-10-24,46.29999923706055,46.84999847412109,45.79999923706055,46.20000076293945,11764545
2024-10-25,46.29999923706055,47.0,46.29999923706055,46.84999847412109,7670729
2024-10-28,47.0,48.900001525878906,46.70000076293945,48.54999923706055,17189394
2024-10-29,48.45000076293945,48.650001525878906,47.150001525878906,47.70000076293945,11856501
2024-10-30,47.900001525878906,47.95000076293945,47.25,47.29999923706055,8568578
2024-11-01,46.75,47.25,46.150001525878906,47.09999847412109,13066316
2024-11-04,47.09999847412109,47.29999923706055,46.54999923706055,46.79999923706055,5880715
2024-11-05,46.650001525878906,47.29999923706055,46.45000076293945,47.20000076293945,7875755
2024-11-06,46.95000076293945,47.75,46.79999923706055,47.20000076293945,8693677
2024-11-07,47.59999847412109,49.45000076293945,47.54999923706055,48.75,19310796
2024-11-08,48.900001525878906,49.25,47.59999847412109,47.70000076293945,12633730
2024-11-11,46.70000076293945,47.20000076293945,45.84999847412109,46.5,13315559
2024-11-12,45.900001525878906,46.150001525878906,45.0,45.0,17302391
2024-11-13,44.84999847412109,45.20000076293945,44.400001525878906,44.79999923706055,13773148
2024-11-14,44.59999847412109,44.70000076293945,43.20000076293945,43.29999923706055,20930774
2024-11-15,43.34999847412109,45.34999847412109,43.34999847412109,44.34999847412109,15396209
2024-11-18,45.5,47.20000076293945,45.29999923706055,47.0,33183419
2024-11-19,47.29999923706055,47.34999847412109,45.400001525878906,45.75,20293199
2024-11-20,45.29999923706055,45.29999923706055,45.29999923706055,45.29999923706055,9813177
2024-11-21,45.0,45.0,44.04999923706055,44.09999847412109,15455826
2024-11-22,44.400001525878906,44.54999923706055,43.79999923706055,43.95000076293945,13127993
2024-11-25,44.29999923706055,44.34999847412109,43.79999923706055,43.95000076293945,20102131
2024-11-26,44.04999923706055,45.04999923706055,43.54999923706055,43.84999847412109,11956986
2024-11-27,44.04999923706055,44.04999923706055,43.29999923706055,43.29999923706055,11505314
2024-11-28,43.59999847412109,43.70000076293945,42.400001525878906,42.70000076293945,12907156
2024-11-29,42.5,42.5,41.25,41.34999847412109,30605164
2024-12-02,41.45000076293945,42.09999847412109,40.79999923706055,41.20000076293945,21685756
2024-12-03,41.5,42.0,41.25,41.79999923706055,14207478
2024-12-04,42.150001525878906,42.25,41.04999923706055,41.400001525878906,14197551
2024-12-05,41.400001525878906,41.5,40.5,40.5,13028827
2024-12-06,40.400001525878906,40.70000076293945,40.0,40.150001525878906,17645196
2024-12-09,40.79999923706055,41.29999923706055,39.79999923706055,40.20000076293945,22087230
2024-12-10,40.75,41.900001525878906,40.400001525878906,40.70000076293945,21246134
2024-12-11,40.75,40.75,39.900001525878906,40.0,15786489
2024-12-12,40.04999923706055,40.150001525878906,38.84999847412109,38.84999847412109,27981068
2024-12-13,38.70000076293945,38.70000076293945,38.0,38.0,20633479
2024-12-16,37.75,38.400001525878906,37.0,37.09999847412109,26031860
2024-12-17,37.34999847412109,38.0,36.79999923706055,36.79999923706055,23520340
2024-12-18,37.0,38.650001525878906,36.79999923706055,38.150001525878906,35309995
2024-12-19,37.79999923706055,38.70000076293945,37.45000076293945,38.25,28350224
2024-12-20,38.09999847412109,38.20000076293945,36.59999847412109,36.70000076293945,30331638
2024-12-23,36.95000076293945,37.84999847412109,36.95000076293945,37.25,18949611
2024-12-24,37.45000076293945,38.09999847412109,37.34999847412109,37.54999923706055,15495208
2024-12-25,38.09999847412109,38.25,37.20000076293945,37.400001525878906,12885521
2024-12-26,37.54999923706055,37.900001525878906,36.900001525878906,36.900001525878906,10904571
2024-12-27,37.0,37.04999923706055,36.25,37.0,15332455
2024-12-30,37.0,37.0,35.5,35.5,18864999
2024-12-31,35.599998474121094,36.0,35.099998474121094,35.5,20174734
2025-01-02,35.29999923706055,35.45000076293945,34.70000076293945,34.900001525878906,20592141
2025-01-03,35.20000076293945,36.0,34.5,34.5,18199398
2025-01-06,34.70000076293945,36.70000076293945,34.45000076293945,36.25,27879488
2025-01-07,36.25,36.25,34.54999923706055,34.54999923706055,22191063
2025-01-08,34.5,34.5,33.0,33.25,29986295
2025-01-09,32.79999923706055,33.0,32.0,32.0,32452964
2025-01-10,31.799999237060547,32.45000076293945,31.350000381469727,31.450000762939453,35658992
2025-01-13,31.700000762939453,32.599998474121094,31.25,32.349998474121094,40014854
2025-01-14,32.400001525878906,35.25,32.400001525878906,34.95000076293945,58288137
2025-01-15,34.79999923706055,36.59999847412109,34.54999923706055,35.54999923706055,70071764
2025-01-16,35.5,36.5,34.900001525878906,35.400001525878906,50061293
2025-01-17,35.400001525878906,37.79999923706055,34.849998474121094,37.20000076293945,50040206
2025-01-20,36.650001525878906,37.5,36.0,36.900001525878906,40858798
2025-01-21,36.59999847412109,37.04999923706055,36.0,36.0,26477493
2025-01-22,36.0,36.34999847412109,35.45000076293945,36.25,19802469
2025-02-03,36.04999923706055,37.150001525878906,34.29999923706055,34.45000076293945,41983300
2025-02-04,34.54999923706055,34.900001525878906,33.79999923706055,34.0,19966181
2025-02-05,34.099998474121094,34.95000076293945,33.79999923706055,33.95000076293945,19861698
2025-02-06,33.900001525878906,34.599998474121094,33.75,34.5,11162982
2025-02-07,34.349998474121094,34.5,33.349998474121094,33.5,20835430
2025-02-10,33.45000076293945,34.349998474121094,33.45000076293945,33.54999923706055,19164816
2025-02-11,33.75,34.5,33.75,34.0,15908653
2025-02-12,34.20000076293945,36.5,34.099998474121094,35.650001525878906,44948890
2025-02-13,35.79999923706055,37.5,35.400001525878906,37.45000076293945,48227945
2025-02-14,37.59999847412109,38.45000076293945,36.95000076293945,38.400001525878906,46376042
2025-02-17,38.650001525878906,39.70000076293945,37.900001525878906,39.45000076293945,52266108
2025-02-18,39.45000076293945,39.45000076293945,38.0,38.34999847412109,38190853
2025-02-19,38.29999923706055,39.59999847412109,38.29999923706055,39.0,25629074
2025-02-20,39.20000076293945,39.5,38.5,38.84999847412109,15436276
2025-02-21,39.0,39.400001525878906,38.5,39.20000076293945,16637596
2025-02-24,39.0,39.75,38.70000076293945,39.70000076293945,19852110
2025-02-25,39.59999847412109,40.79999923706055,39.400001525878906,40.34999847412109,43597446
2025-02-26,40.400001525878906,40.59999847412109,39.20000076293945,39.650001525878906,26413207
2025-02-27,39.29999923706055,39.900001525878906,38.45000076293945,38.79999923706055,51707077
2025-03-03,38.09999847412109,38.59999847412109,37.400001525878906,37.79999923706055,27247684
2025-03-04,37.25,37.79999923706055,36.900001525878906,37.34999847412109,20343161
2025-03-05,37.650001525878906,39.5,37.59999847412109,39.09999847412109,35194194
2025-03-06,39.20000076293945,39.29999923706055,38.5,38.59999847412109,20960574
2025-03-07,38.59999847412109,39.09999847412109,38.20000076293945,38.650001525878906,15392608
2025-03-10,38.900001525878906,39.59999847412109,38.34999847412109,39.04999923706055,20839354
2025-03-11,38.400001525878906,39.04999923706055,37.0,39.0,29370530
2025-03-12,38.900001525878906,38.95000076293945,38.0,38.20000076293945,25008504
2025-03-13,38.400001525878906,38.54999923706055,37.150001525878906,37.25,17943234
2025-03-14,37.70000076293945,40.04999923706055,37.70000076293945,39.95000076293945,54651099
2025-03-17,40.20000076293945,41.0,39.5,40.5,37276860
2025-03-18,40.79999923706055,41.54999923706055,40.25,40.75,29694498
2025-03-19,40.650001525878906,40.84999847412109,39.95000076293945,40.150001525878906,17676111
2025-03-20,40.150001525878906,41.54999923706055,40.150001525878906,40.79999923706055,19707930
2025-03-21,40.5,40.54999923706055,39.0,39.04999923706055,40682273
2025-03-24,39.25,39.400001525878906,38.5,38.650001525878906,18480184
2025-03-25,39.0,39.5,38.20000076293945,38.25,15844968
2025-03-26,38.5,38.75,38.150001525878906,38.54999923706055,9270504
2025-03-27,38.20000076293945,38.95000076293945,37.79999923706055,38.95000076293945,15003696
2025-03-28,38.70000076293945,38.75,37.400001525878906,37.5,23800248
2025-03-31,37.0,37.45000076293945,36.29999923706055,36.59999847412109,22528692
2025-04-01,36.84999847412109,38.20000076293945,36.84999847412109,37.84999847412109,13366122
2025-04-02,38.0,38.20000076293945,37.150001525878906,38.20000076293945,11500081
2025-04-07,34.400001525878906,34.400001525878906,34.400001525878906,34.400001525878906,5501245
2025-04-08,33.79999923706055,35.45000076293945,33.70000076293945,35.04999923706055,32518037
2025-04-09,34.54999923706055,34.95000076293945,31.549999237060547,31.64999961853028,34068874
2025-04-10,34.79999923706055,34.79999923706055,34.400001525878906,34.79999923706055,8528762
2025-04-11,34.349998474121094,35.29999923706055,33.75,34.79999923706055,19506912
2025-04-14,34.79999923706055,35.95000076293945,34.45000076293945,35.349998474121094,18095482
2025-04-15,35.54999923706055,36.54999923706055,35.45000076293945,36.54999923706055,14174051
2025-04-16,36.29999923706055,36.45000076293945,35.04999923706055,35.79999923706055,14839128
2025-04-17,35.900001525878906,36.0,35.04999923706055,35.5,10168006
2025-04-18,35.599998474121094,35.650001525878906,35.20000076293945,35.45000076293945,5545658
2025-04-21,35.70000076293945,35.70000076293945,34.599998474121094,34.599998474121094,7778450
2025-04-22,34.400001525878906,34.79999923706055,34.0,34.650001525878906,7083820
2025-04-23,35.150001525878906,35.849998474121094,35.099998474121094,35.650001525878906,9774923
2025-04-24,35.599998474121094,35.650001525878906,34.04999923706055,34.04999923706055,20754577
2025-04-25,34.54999923706055,34.79999923706055,34.099998474121094,34.099998474121094,13350187
2025-04-28,34.20000076293945,34.349998474121094,33.70000076293945,33.849998474121094,10365013
2025-04-29,34.0,34.70000076293945,33.70000076293945,34.54999923706055,9096346
2025-04-30,34.45000076293945,34.45000076293945,33.900001525878906,34.0,7606647
2025-05-02,34.349998474121094,34.849998474121094,33.900001525878906,34.79999923706055,11504591
2025-05-05,34.849998474121094,36.34999847412109,34.79999923706055,36.09999847412109,27152215
2025-05-06,36.29999923706055,36.900001525878906,35.650001525878906,36.20000076293945,17754701
2025-05-07,36.5,37.150001525878906,36.150001525878906,36.70000076293945,20179066
2025-05-08,36.25,36.34999847412109,35.599998474121094,35.650001525878906,15554296
2025-05-09,35.79999923706055,36.400001525878906,35.400001525878906,36.34999847412109,11778643
2025-05-12,36.70000076293945,37.25,36.59999847412109,36.70000076293945,10137327
2025-05-13,37.09999847412109,37.09999847412109,35.79999923706055,36.0,15583073
2025-05-14,36.25,37.20000076293945,36.20000076293945,36.900001525878906,15994376
2025-05-15,36.900001525878906,36.95000076293945,36.45000076293945,36.70000076293945,7114826
2025-05-16,36.79999923706055,37.20000076293945,36.54999923706055,37.0,9454179
2025-05-19,37.150001525878906,37.25,36.400001525878906,36.84999847412109,8843817
2025-05-20,37.04999923706055,37.09999847412109,36.59999847412109,36.900001525878906,5692087
2025-05-21,37.0,37.09999847412109,36.45000076293945,36.84999847412109,7491757
2025-05-22,36.59999847412109,36.59999847412109,35.95000076293945,36.0,8918865
2025-05-23,36.0,36.59999847412109,36.0,36.34999847412109,6776791
2025-05-26,36.5,36.84999847412109,35.95000076293945,36.04999923706055,9264666
2025-05-27,36.04999923706055,36.650001525878906,35.5,35.5,11649305
2025-05-28,35.900001525878906,36.04999923706055,35.349998474121094,35.650001525878906,8998057
2025-05-29,35.900001525878906,35.900001525878906,34.70000076293945,34.70000076293945,17711249
2025-06-02,34.5,34.5,32.95000076293945,33.20000076293945,22526924
2025-06-03,33.5,33.95000076293945,33.20000076293945,33.349998474121094,8601450
2025-06-04,33.599998474121094,34.099998474121094,33.54999923706055,33.650001525878906,9295764
2025-06-05,33.650001525878906,34.45000076293945,33.349998474121094,34.29999923706055,8840359
2025-06-06,34.29999923706055,35.400001525878906,34.099998474121094,35.29999923706055,10639630
2025-06-09,35.599998474121094,35.599998474121094,34.75,35.29999923706055,6067175
2025-06-10,35.04999923706055,36.5,35.04999923706055,35.75,14589180
2025-06-11,35.900001525878906,36.150001525878906,35.400001525878906,35.95000076293945,6098863
2025-06-12,35.95000076293945,36.70000076293945,35.900001525878906,36.34999847412109,10349370
2025-06-13,36.650001525878906,36.900001525878906,35.75,36.75,19017994
2025-06-16,37.0,38.34999847412109,36.04999923706055,37.5,35071589
2025-06-17,37.54999923706055,37.59999847412109,35.900001525878906,36.0,23830738
2025-06-18,36.25,36.34999847412109,35.400001525878906,35.54999923706055,12554401
2025-06-19,35.5,35.70000076293945,34.400001525878906,34.400001525878906,14953957
2025-06-20,34.45000076293945,35.0,34.150001525878906,34.20000076293945,35444140
2025-06-23,34.5,34.79999923706055,33.54999923706055,34.75,15602614
2025-06-24,34.599998474121094,35.349998474121094,34.349998474121094,35.20000076293945,15023427
2025-06-25,35.29999923706055,35.599998474121094,34.849998474121094,35.04999923706055,8839047
2025-06-26,35.099998474121094,36.29999923706055,35.099998474121094,35.5,15433087
2025-06-27,35.75,36.0,34.849998474121094,35.25,13572319
2025-06-30,35.0,35.20000076293945,34.349998474121094,34.849998474121094,11742017
2025-07-01,34.849998474121094,36.0,34.849998474121094,35.599998474121094,12397760
2025-07-02,35.349998474121094,36.04999923706055,35.349998474121094,36.0,7364013
2025-07-03,35.900001525878906,36.54999923706055,35.900001525878906,36.29999923706055,10246955
2025-07-04,36.29999923706055,36.54999923706055,36.04999923706055,36.29999923706055,5297052
2025-07-07,36.150001525878906,36.20000076293945,35.0,35.20000076293945,10403247
2025-07-08,35.400001525878906,35.70000076293945,34.54999923706055,34.599998474121094,8293320
2025-07-09,34.54999923706055,34.70000076293945,34.20000076293945,34.20000076293945,8416459
2025-07-10,34.54999923706055,34.79999923706055,34.20000076293945,34.5,5721054
2025-07-11,34.099998474121094,34.29999923706055,33.400001525878906,34.0,13131830
2025-07-14,34.20000076293945,36.0,34.20000076293945,35.70000076293945,25771438
2025-07-15,35.75,37.20000076293945,35.599998474121094,35.95000076293945,39899145
2025-07-16,36.0,36.34999847412109,35.29999923706055,35.400001525878906,20833731
2025-07-17,35.70000076293945,37.900001525878906,35.54999923706055,37.75,46356769
2025-07-18,38.0,39.45000076293945,37.84999847412109,38.79999923706055,57726932
2025-07-21,38.5,39.5,38.45000076293945,38.900001525878906,29810506
2025-07-22,39.09999847412109,39.79999923706055,38.5,38.95000076293945,29116354
2025-07-23,39.0,40.400001525878906,38.79999923706055,40.20000076293945,34083461
2025-07-24,40.59999847412109,40.59999847412109,38.650001525878906,39.29999923706055,37132477
2025-07-25,39.29999923706055,39.75,38.84999847412109,39.25,19990045
2025-07-28,39.29999923706055,40.900001525878906,38.75,40.04999923706055,42130631
2025-07-29,40.150001525878906,40.150001525878906,38.75,38.79999923706055,26692854
2025-07-30,39.04999923706055,42.650001525878906,39.04999923706055,42.650001525878906,64209578
2025-07-31,43.150001525878906,43.20000076293945,41.95000076293945,42.650001525878906,73565264
2025-08-04,39.54999923706055,39.54999923706055,37.04999923706055,37.84999847412109,64074156
2025-08-05,38.25,38.400001525878906,37.25,37.45000076293945,32940583
2025-08-06,37.45000076293945,39.09999847412109,37.29999923706055,38.400001525878906,38863893
2025-08-07,38.400001525878906,38.95000076293945,38.04999923706055,38.20000076293945,18567827
2025-08-08,38.150001525878906,38.25,37.400001525878906,37.54999923706055,18479942
2025-08-11,36.95000076293945,38.5,36.400001525878906,38.45000076293945,27669422
2025-08-12,39.0,40.84999847412109,38.79999923706055,39.70000076293945,50809191
2025-08-13,39.900001525878906,40.75,39.150001525878906,39.29999923706055,31769643
2025-08-14,39.70000076293945,40.20000076293945,39.25,39.29999923706055,19482112
2025-08-15,39.5,40.0,38.5,39.75,20629950
2025-08-18,39.900001525878906,40.95000076293945,39.75,40.400001525878906,28491895
2025-08-19,40.79999923706055,41.09999847412109,39.150001525878906,39.20000076293945,22542216
2025-08-20,39.04999923706055,39.650001525878906,38.09999847412109,38.09999847412109,24323913
2025-08-21,38.54999923706055,41.20000076293945,38.5,40.54999923706055,50645680
2025-08-22,40.900001525878906,41.150001525878906,40.29999923706055,40.29999923706055,23632271
2025-08-25,40.79999923706055,40.900001525878906,39.900001525878906,40.0,17915304
2025-08-26,40.29999923706055,41.150001525878906,39.95000076293945,40.75,43826960
2025-08-27,40.45000076293945,40.95000076293945,40.0,40.0,22230786
2025-08-28,40.20000076293945,40.20000076293945,39.04999923706055,39.09999847412109,19012309
2025-08-29,39.20000076293945,39.59999847412109,38.54999923706055,38.95000076293945,18947981
2025-09-01,38.54999923706055,38.900001525878906,38.09999847412109,38.79999923706055,17720143
2025-09-02,38.900001525878906,39.25,38.0,38.04999923706055,15670167
2025-09-03,38.04999923706055,38.400001525878906,37.70000076293945,37.75,12623564
2025-09-04,38.09999847412109,38.650001525878906,37.79999923706055,38.25,9410321
2025-09-05,38.25,38.70000076293945,37.400001525878906,37.79999923706055,15171919
2025-09-08,38.0,38.5,37.79999923706055,38.150001525878906,8464637
2025-09-09,38.0,38.70000076293945,37.84999847412109,38.150001525878906,11988261
2025-09-10,38.400001525878906,38.400001525878906,37.79999923706055,38.150001525878906,10059075
2025-09-11,38.04999923706055,38.09999847412109,37.45000076293945,37.45000076293945,13958908
2025-09-12,37.45000076293945,37.95000076293945,37.45000076293945,37.70000076293945,8167504
2025-09-15,38.20000076293945,38.29999923706055,37.70000076293945,37.75,6349252
2025-09-16,38.34999847412109,38.45000076293945,37.5,37.5,10452147
2025-09-17,37.5,38.20000076293945,37.400001525878906,37.400001525878906,10311004
2025-09-18,37.45000076293945,37.650001525878906,37.34999847412109,37.34999847412109,7425989
2025-09-19,37.5,38.5,37.45000076293945,38.400001525878906,17016897
2025-09-22,38.59999847412109,38.70000076293945,38.04999923706055,38.650001525878906,10513517
2025-09-23,38.75,39.20000076293945,38.5,38.59999847412109,11509298
2025-09-24,38.84999847412109,38.84999847412109,37.900001525878906,38.04999923706055,8773101
2025-09-25,38.04999923706055,39.0,38.0,38.900001525878906,15577500
2025-09-26,38.900001525878906,38.95000076293945,38.0,38.400001525878906,8295192
2025-09-30,38.84999847412109,39.20000076293945,38.5,38.54999923706055,10012699
2025-10-01,38.59999847412109,38.95000076293945,38.25,38.25,6331142
2025-10-02,38.54999923706055,38.54999923706055,37.5,37.5,12138965
2025-10-03,37.54999923706055,37.54999923706055,36.400001525878906,36.650001525878906,19850558
2025-10-07,36.54999923706055,38.150001525878906,36.25,37.5,22707500
2025-10-08,37.59999847412109,38.75,37.59999847412109,38.75,17565561
2025-10-09,38.75,39.400001525878906,38.54999923706055,39.150001525878906,24070827
2025-10-13,38.400001525878906,38.45000076293945,37.54999923706055,38.20000076293945,16739422
2025-10-14,38.29999923706055,38.650001525878906,37.34999847412109,37.34999847412109,17188078
2025-10-15,37.5,37.59999847412109,36.70000076293945,37.0,13327739
2025-10-16,37.0,37.84999847412109,37.0,37.45000076293945,8495448
2025-10-17,37.400001525878906,39.650001525878906,37.34999847412109,38.900001525878906,28929163
2025-10-20,39.04999923706055,39.70000076293945,38.59999847412109,38.84999847412109,12563945
2025-10-21,39.09999847412109,39.34999847412109,38.34999847412109,38.45000076293945,9275177
2025-10-22,38.45000076293945,39.45000076293945,38.45000076293945,38.95000076293945,11133302
2025-10-23,39.25,40.79999923706055,38.84999847412109,40.20000076293945,38661398
2025-10-27,40.79999923706055,41.25,39.900001525878906,40.0,22746510
2025-10-28,40.0,40.20000076293945,39.150001525878906,39.70000076293945,17040874
2025-10-29,39.79999923706055,39.84999847412109,39.150001525878906,39.150001525878906,9215578
2025-10-30,39.5,39.650001525878906,38.70000076293945,39.20000076293945,10877558
2025-10-31,39.29999923706055,39.29999923706055,38.04999923706055,38.09999847412109,19164572
2025-11-03,38.09999847412109,38.34999847412109,37.650001525878906,37.70000076293945,14300610
2025-11-04,38.04999923706055,38.5,37.59999847412109,37.650001525878906,15317545
2025-11-05,37.400001525878906,37.45000076293945,36.5,36.84999847412109,32496357
2025-11-06,36.95000076293945,37.54999923706055,36.70000076293945,37.34999847412109,17318508
2025-11-07,37.34999847412109,39.09999847412109,37.09999847412109,38.59999847412109,25303848
2025-11-10,38.59999847412109,39.25,38.0,39.0,16496751
2025-11-11,39.25,41.0,39.04999923706055,39.900001525878906,41932308
2025-11-12,40.20000076293945,41.900001525878906,39.59999847412109,41.34999847412109,55564352
2025-11-13,41.400001525878906,44.09999847412109,41.09999847412109,42.650001525878906,87350192
2025-11-14,42.0,43.09999847412109,41.59999847412109,42.54999923706055,38821497
2025-11-17,42.5,43.95000076293945,42.0,43.09999847412109,41898180
2025-11-18,42.70000076293945,43.09999847412109,41.29999923706055,41.5,37711396
2025-11-19,41.0,41.25,40.04999923706055,40.04999923706055,31721098
2025-11-20,40.84999847412109,42.25,40.400001525878906,41.29999923706055,22570110
2025-11-21,40.59999847412109,41.150001525878906,39.79999923706055,40.0,20451407
2025-11-24,40.34999847412109,40.84999847412109,39.59999847412109,40.5,18749000
2025-11-25,41.0,41.0,38.400001525878906,38.900001525878906,30094624
2025-11-26,39.04999923706055,39.70000076293945,38.900001525878906,39.5,12774080
2025-11-27,39.45000076293945,41.75,39.45000076293945,41.54999923706055,29781864
2025-11-28,41.59999847412109,42.25,41.150001525878906,41.650001525878906,22444793
2025-12-01,41.650001525878906,42.59999847412109,41.650001525878906,41.900001525878906,22925888
2025-12-02,42.20000076293945,44.400001525878906,42.04999923706055,43.45000076293945,45595117
2025-12-03,43.79999923706055,44.59999847412109,43.04999923706055,43.84999847412109,42925203
2025-12-04,44.5,44.79999923706055,42.25,42.79999923706055,32683731
2025-12-05,42.59999847412109,42.59999847412109,41.59999847412109,42.150001525878906,17821176
2025-12-08,42.150001525878906,42.29999923706055,41.5,41.900001525878906,11637777
2025-12-09,41.45000076293945,41.5,40.25,40.29999923706055,25941604
2025-12-10,40.29999923706055,40.59999847412109,39.79999923706055,39.79999923706055,15903142
2025-12-11,40.0,40.20000076293945,39.45000076293945,39.84999847412109,14728322
2025-12-12,40.25,40.400001525878906,39.70000076293945,39.900001525878906,14038789
2025-12-15,39.75,41.400001525878906,39.54999923706055,40.900001525878906,23121033
2025-12-16,40.75,41.150001525878906,40.09999847412109,40.150001525878906,16754621
2025-12-17,40.79999923706055,41.150001525878906,39.70000076293945,39.900001525878906,16852246
2025-12-18,40.34999847412109,40.650001525878906,39.650001525878906,39.650001525878906,12537245
2025-12-19,40.0,40.25,39.79999923706055,40.0,9987990
2025-12-22,40.20000076293945,40.54999923706055,40.09999847412109,40.150001525878906,8313591
2025-12-23,40.29999923706055,40.5,39.650001525878906,40.09999847412109,9373883
2025-12-24,40.34999847412109,40.45000076293945,39.70000076293945,39.75,9200149
2025-12-26,40.04999923706055,40.04999923706055,39.650001525878906,39.75,5276149
2025-12-29,39.84999847412109,40.34999847412109,39.400001525878906,39.5,14551550
2025-12-30,39.59999847412109,39.650001525878906,38.70000076293945,39.09999847412109,15851514
2025-12-31,39.20000076293945,39.400001525878906,38.79999923706055,39.0,10541113
2026-01-02,39.29999923706055,39.29999923706055,38.20000076293945,38.45000076293945,20186529
2026-01-05,38.45000076293945,38.650001525878906,37.900001525878906,38.0,16596635
2026-01-06,38.0,38.79999923706055,38.0,38.20000076293945,18526842
2026-01-07,38.54999923706055,41.09999847412109,38.54999923706055,40.650001525878906,53686914
2026-01-08,41.400001525878906,43.5,41.29999923706055,41.70000076293945,64787162
2026-01-09,42.54999923706055,43.70000076293945,40.5,41.0,48130373
2026-01-12,41.84999847412109,42.45000076293945,40.95000076293945,41.5,26761436
2026-01-13,40.75,40.79999923706055,39.650001525878906,40.20000076293945,41156243
2026-01-14,40.20000076293945,41.150001525878906,40.04999923706055,41.04999923706055,24449573
2026-01-15,40.95000076293945,42.79999923706055,40.900001525878906,42.59999847412109,57631904
2026-01-16,42.900001525878906,43.400001525878906,42.59999847412109,43.0,42626066
2026-01-19,43.0,43.95000076293945,42.34999847412109,43.70000076293945,34107182
2026-01-20,43.0,43.59999847412109,42.25,42.400001525878906,25769422
2026-01-21,42.0,42.70000076293945,41.59999847412109,41.84999847412109,16086196
2026-01-22,42.29999923706055,43.70000076293945,42.25,43.59999847412109,35959685
2026-01-23,43.79999923706055,45.0,43.5,44.400001525878906,46030319
2026-01-26,44.900001525878906,48.79999923706055,44.84999847412109,48.79999923706055,88903464
2026-01-27,51.20000076293945,52.09999847412109,48.84999847412109,51.0,190828298
2026-01-28,51.29999923706055,52.79999923706055,50.5,51.29999923706055,94528372
2026-01-29,51.70000076293945,52.400001525878906,49.09999847412109,49.29999923706055,65221018
2026-01-30,49.59999847412109,50.09999847412109,47.150001525878906,47.29999923706055,48473195
2026-02-02,46.54999923706055,46.900001525878906,43.70000076293945,44.29999923706055,47071195
2026-02-03,45.0,45.84999847412109,44.70000076293945,44.95000076293945,27649813
2026-02-04,44.95000076293945,47.45000076293945,44.84999847412109,46.84999847412109,27336111
2026-02-05,47.20000076293945,47.95000076293945,46.79999923706055,47.20000076293945,25503022
2026-02-06,46.95000076293945,47.54999923706055,45.29999923706055,45.75,37334688
2026-02-09,46.20000076293945,47.400001525878906,45.650001525878906,46.650001525878906,27488086
2026-02-10,46.900001525878906,46.95000076293945,45.0,45.400001525878906,22621808
2026-02-11,45.54999923706055,46.900001525878906,45.400001525878906,46.5,22588689
2026-02-23,47.09999847412109,47.400001525878906,46.400001525878906,47.04999923706055,25724076
2026-02-24,47.650001525878906,48.95000076293945,46.900001525878906,48.59999847412109,33916823
2026-02-25,49.25,53.400001525878906,49.0,53.400001525878906,105201859
2026-02-26,53.0,53.20000076293945,50.900001525878906,51.59999847412109,68478784
2026-03-02,53.70000076293945,54.5,50.59999847412109,50.70000076293945,87362057
2026-03-03,51.0,52.5,49.29999923706055,49.95000076293945,37291767
2026-03-04,49.25,49.95000076293945,46.70000076293945,46.95000076293945,39003862
2026-03-05,48.400001525878906,48.400001525878906,46.29999923706055,47.400001525878906,30729842
2026-03-06,46.75,50.29999923706055,46.75,50.20000076293945,38588191
2026-03-09,53.400001525878906,54.79999923706055,46.09999847412109,47.34999847412109,151359438
2026-03-10,47.20000076293945,48.29999923706055,46.20000076293945,46.5,42654840
2026-03-11,47.0,47.29999923706055,46.0,47.150001525878906,22500244
2026-03-12,47.70000076293945,48.0,45.04999923706055,46.25,45918551
2026-03-13,45.20000076293945,46.59999847412109,45.09999847412109,45.5,26397657
2026-03-16,46.09999847412109,47.400001525878906,45.84999847412109,46.84999847412109,36589871
2026-03-17,47.04999923706055,47.650001525878906,46.400001525878906,46.45000076293945,23413055
2026-03-18,46.70000076293945,47.84999847412109,46.650001525878906,47.29999923706055,30486133
2026-03-19,47.95000076293945,50.5,46.900001525878906,48.59999847412109,66611958
2026-03-20,49.0,49.70000076293945,47.34999847412109,47.59999847412109,43312732
2026-03-23,47.25,48.0,44.75,44.75,47182243
2026-03-24,45.34999847412109,45.650001525878906,44.650001525878906,45.04999923706055,15330808
2026-03-25,45.95000076293945,46.400001525878906,45.0,45.650001525878906,16668883
2026-03-26,46.0,48.75,46.0,47.45000076293945,39713774
2026-03-27,48.0,48.150001525878906,46.75,46.900001525878906,19650252
2026-03-30,46.59999847412109,49.29999923706055,46.5,48.25,58985551
2026-03-31,48.29999923706055,48.79999923706055,45.5,45.900001525878906,45083426
2026-04-01,46.5,47.20000076293945,46.20000076293945,46.650001525878906,21805146
2026-04-02,46.59999847412109,46.84999847412109,45.75,45.900001525878906,17233360
2026-04-07,46.59999847412109,48.400001525878906,46.34999847412109,47.5,30370993
2026-04-08,47.20000076293945,47.25,46.04999923706055,47.20000076293945,29665051
2026-04-09,47.09999847412109,47.95000076293945,46.79999923706055,47.400001525878906,21025076
2026-04-10,47.900001525878906,47.900001525878906,46.400001525878906,46.95000076293945,15631075
2026-04-13,47.5,51.59999847412109,47.150001525878906,51.400001525878906,89341438
2026-04-14,51.20000076293945,55.5,50.59999847412109,54.29999923706055,112897938
2026-04-15,54.29999923706055,54.400001525878906,51.900001525878906,52.29999923706055,45672581
2026-04-16,53.0,54.5,51.70000076293945,54.5,40305153
2026-04-17,54.79999923706055,56.29999923706055,52.79999923706055,53.400001525878906,34122434
2026-04-20,54.0,54.5,51.900001525878906,52.59999847412109,22114986
2026-04-21,52.70000076293945,53.0,51.59999847412109,51.79999923706055,20994130
2026-04-22,52.0,52.5,51.20000076293945,51.900001525878906,15142188
2026-04-23,51.900001525878906,52.09999847412109,49.84999847412109,51.0,28700439
2026-04-24,51.0,51.29999923706055,49.20000076293945,50.20000076293945,25838310
2026-04-27,49.70000076293945,51.09999847412109,49.45000076293945,50.29999923706055,16059635
2026-04-28,50.5,52.20000076293945,50.5,51.09999847412109,17495122
2026-04-29,51.70000076293945,52.400001525878906,51.0,51.0,19975676
2026-04-30,51.20000076293945,52.09999847412109,50.59999847412109,51.5,20595698
2026-05-04,51.79999923706055,52.20000076293945,50.79999923706055,50.79999923706055,12652936
2026-05-05,50.79999923706055,51.900001525878906,50.5,51.29999923706055,17120574
2026-05-06,51.79999923706055,52.0,50.59999847412109,50.70000076293945,20648556
2026-05-07,50.70000076293945,50.79999923706055,49.34999847412109,49.54999923706055,27459450
2026-05-08,51.0,51.29999923706055,48.150001525878906,48.54999923706055,38163997
2026-05-11,48.0,51.0,47.95000076293945,49.25,18657955
2026-05-12,49.54999923706055,49.54999923706055,47.59999847412109,47.650001525878906,25676256
2026-05-13,47.650001525878906,47.70000076293945,46.84999847412109,46.900001525878906,15603122
2026-05-14,46.84999847412109,47.09999847412109,46.0,46.09999847412109,18320813
2026-05-15,46.20000076293945,46.5,45.34999847412109,45.70000076293945,17001006
2026-05-18,45.70000076293945,46.20000076293945,45.5,45.900001525878906,11927356
2026-05-19,46.20000076293945,46.70000076293945,45.900001525878906,45.95000076293945,12389007
2026-05-20,45.95000076293945,46.09999847412109,45.0,45.400001525878906,18767752
2026-05-21,45.75,46.29999923706055,45.34999847412109,45.75,14563232
2026-05-22,45.84999847412109,45.95000076293945,45.20000076293945,45.25,12192417
2026-05-25,45.45000076293945,45.5,44.20000076293945,44.79999923706055,21242482
2026-05-26,44.70000076293945,45.70000076293945,44.20000076293945,44.75,21964926
2026-05-27,44.95000076293945,46.09999847412109,44.900001525878906,45.45000076293945,21602376
2026-05-28,45.79999923706055,45.84999847412109,44.79999923706055,45.04999923706055,16712131
2026-05-29,45.45000076293945,47.900001525878906,45.45000076293945,47.45000076293945,45600737
2026-06-01,47.900001525878906,50.29999923706055,46.400001525878906,50.0,65520183
2026-06-02,49.75,51.09999847412109,49.150001525878906,50.900001525878906,51940132
2026-06-03,51.400001525878906,53.400001525878906,50.70000076293945,52.0,49641367
2026-06-04,52.0,53.09999847412109,50.59999847412109,50.79999923706055,50271050
2026-06-05,51.0,51.0,48.59999847412109,48.900001525878906,27113652
2026-06-08,45.5,46.09999847412109,45.150001525878906,45.84999847412109,32543971
2026-06-09,45.5,45.95000076293945,45.150001525878906,45.54999923706055,24690481
2026-06-10,45.29999923706055,45.5,44.400001525878906,44.400001525878906,31995639
2026-06-11,44.400001525878906,44.84999847412109,43.09999847412109,43.79999923706055,30303951
2026-06-12,44.54999923706055,45.45000076293945,44.54999923706055,45.25,21404748
2026-06-15,45.79999923706055,47.34999847412109,45.45000076293945,47.25,36007074
2026-06-16,47.29999923706055,48.650001525878906,46.650001525878906,46.75,25959539
2026-06-17,46.70000076293945,48.0,46.34999847412109,47.95000076293945,18564168
2026-06-18,48.400001525878906,51.79999923706055,48.400001525878906,51.70000076293945,188065545
2026-06-22,52.70000076293945,53.5,51.70000076293945,52.400001525878906,51528306
2026-06-23,52.79999923706055,53.20000076293945,49.25,49.54999923706055,35897966
2026-06-24,49.09999847412109,54.5,48.150001525878906,54.5,78711420
2026-06-25,55.0,59.79999923706055,54.29999923706055,58.0,145989912
2026-06-26,57.5,57.5,52.20000076293945,52.20000076293945,62110469
2026-06-29,52.70000076293945,53.5,52.09999847412109,53.20000076293945,21545120
2026-06-30,53.5,55.0,53.0,54.5,36311157
2026-07-01,54.900001525878906,55.400001525878906,52.79999923706055,54.29999923706055,44671443
2026-07-02,53.20000076293945,59.70000076293945,52.79999923706055,59.70000076293945,112132737
2026-07-03,60.59999847412109,64.0,59.0,62.09999847412109,189353771
2026-07-06,63.20000076293945,63.29999923706055,60.0,60.400001525878906,75461606
2026-07-07,60.09999847412109,60.20000076293945,57.0,57.29999923706055,47496993
2026-07-08,57.0,58.5,56.5,58.0,44452791
2026-07-09,58.400001525878906,58.400001525878906,54.70000076293945,54.79999923706055,56238107
2026-07-10,54.79999923706055,54.79999923706055,54.79999923706055,54.79999923706055,0
2026-07-13,56.0,60.20000076293945,56.0,60.20000076293945,51739697
2026-07-14,61.5,63.59999847412109,59.400001525878906,63.59999847412109,139949121
2026-07-15,64.0,66.4000015258789,63.0,65.69999694824219,146165982
2026-07-16,66.80000305175781,68.5999984741211,65.0,65.5999984741211,121935483
2026-07-17,65.0,65.9000015258789,62.0,62.79999923706055,73121290
2026-07-20,63.70000076293945,63.70000076293945,60.0,60.59999847412109,46215147
2026-07-21,61.29999923706055,63.70000076293945,60.59999847412109,63.0,60201466
2026-07-22,63.09999847412109,66.5,63.09999847412109,63.5,61149326
2026-07-23,64.80000305175781,69.80000305175781,64.69999694824219,66.19999694824219,162708782
2026-07-24,66.5,67.0,62.09999847412109,62.70000076293945,63321479
2026-07-27,62.29999923706055,62.5,59.79999923706055,61.70000076293945,37903050
2026-07-28,59.900001525878906,59.900001525878906,57.20000076293945,57.5,42504179
2026-07-29,57.70000076293945,58.09999847412109,54.20000076293945,56.20000076293945,44956932
2026-07-30,55.59999847412109,56.09999847412109,53.5,54.0,38264844
2026-07-31,57.0,57.79999923706055,54.400001525878906,55.0,48892511
2026-08-03,54.59999847412109,55.29999923706055,53.70000076293945,53.79999923706055,25907525
2026-08-04,53.09999847412109,55.70000076293945,52.900001525878906,55.29999923706055,23087275
2026-08-05,55.79999923706055,57.20000076293945,55.29999923706055,56.0,20912647
2026-08-06,55.59999847412109,55.900001525878906,54.70000076293945,55.09999847412109,12688900
2026-08-07,55.79999923706055,57.20000076293945,55.400001525878906,55.79999923706055,24552159
2026-08-10,56.20000076293945,56.59999847412109,55.0,55.59999847412109,14260137
2026-08-11,55.59999847412109,55.900001525878906,54.29999923706055,55.59999847412109,16944217
2026-08-12,55.70000076293945,56.5,55.59999847412109,56.20000076293945,14624311
2026-08-13,57.900001525878906,59.79999923706055,57.5,57.5,32944383
2026-08-14,58.0,60.59999847412109,57.59999847412109,60.0,53145302
2026-08-17,61.0,61.79999923706055,59.09999847412109,59.09999847412109,30589820
2026-08-18,59.20000076293945,60.29999923706055,58.70000076293945,58.900001525878906,20484481
2026-08-19,58.29999923706055,58.400001525878906,56.79999923706055,56.79999923706055,23499240
2026-08-20,57.5,58.900001525878906,57.400001525878906,57.79999923706055,13587007
2026-08-21,57.79999923706055,59.5,57.79999923706055,59.400001525878906,20068936
2026-08-24,59.0,59.29999923706055,55.900001525878906,57.0,41541763
2026-08-25,56.70000076293945,58.5,56.20000076293945,57.79999923706055,18888309
2026-08-26,58.5,61.20000076293945,58.0,60.09999847412109,35347422
2026-08-27,60.5,64.4000015258789,60.20000076293945,63.09999847412109,49947267
2026-08-28,63.20000076293945,64.80000305175781,62.09999847412109,62.70000076293945,33472886
2026-08-31,61.900001525878906,66.19999694824219,61.900001525878906,66.19999694824219,62867727
2026-09-01,66.4000015258789,69.0,65.80000305175781,67.80000305175781,68939982
2026-09-02,69.0,70.5999984741211,65.5,66.80000305175781,53159842
2026-09-03,67.0,71.19999694824219,65.69999694824219,65.69999694824219,52064669
2026-09-04,66.5,66.9000015258789,64.0999984741211,66.0,26744737
2026-09-07,67.0,68.9000015258789,66.19999694824219,66.5999984741211,29251657
2026-09-08,67.4000015258789,67.4000015258789,64.69999694824219,65.0999984741211,27992045
2026-09-09,64.9000015258789,67.4000015258789,64.5999984741211,66.69999694824219,26758834
2026-09-10,66.30000305175781,66.5,64.69999694824219,65.5999984741211,21846189
2026-09-11,64.5999984741211,65.5,64.19999694824219,64.5999984741211,12559254
2026-09-14,63.70000076293945,63.79999923706055,61.5,62.900001525878906,23644556
2026-09-15,62.09999847412109,62.5,61.20000076293945,62.0,17776671
2026-09-16,62.09999847412109,63.70000076293945,61.70000076293945,62.400001525878906,18657704
2026-09-17,62.79999923706055,64.69999694824219,62.5,64.5999984741211,24093303
2026-09-18,65.4000015258789,65.5999984741211,64.19999694824219,65.0,28782417
2026-09-21,65.0999984741211,66.0,64.69999694824219,65.19999694824219,12500236
2026-09-22,65.80000305175781,66.5,64.5,64.5999984741211,18285881
2026-09-23,64.80000305175781,64.9000015258789,62.900001525878906,63.09999847412109,18950102
2026-09-24,62.70000076293945,64.69999694824219,62.0,64.0999984741211,16324024
2026-09-29,65.0,67.69999694824219,64.5999984741211,64.5999984741211,34794313
2026-09-30,65.5,68.4000015258789,65.4000015258789,68.0999984741211,52385596
2026-10-01,68.19999694824219,69.19999694824219,66.30000305175781,66.80000305175781,18925779
2026-10-02,67.0,69.5999984741211,66.80000305175781,68.30000305175781,32848838
