date,open,high,low,close,volume
2020-01-02,23.64999961853028,23.850000381469727,23.600000381469727,23.799999237060547,128428
2020-01-03,23.89999961853028,23.89999961853028,23.5,23.700000762939453,95299
2020-01-06,23.700000762939453,23.700000762939453,23.450000762939453,23.450000762939453,84048
2020-01-07,23.450000762939453,23.64999961853028,23.39999961853028,23.39999961853028,92803
2020-01-08,23.39999961853028,23.5,23.299999237060547,23.39999961853028,81247
2020-01-09,23.350000381469727,23.350000381469727,23.14999961853028,23.25,104358
2020-01-10,23.25,23.25,22.950000762939453,23.200000762939453,283928
2020-01-13,23.200000762939453,23.39999961853028,23.0,23.299999237060547,98586
2020-01-14,23.299999237060547,23.350000381469727,23.200000762939453,23.299999237060547,49794
2020-01-15,23.299999237060547,23.299999237060547,23.0,23.14999961853028,246927
2020-01-16,23.200000762939453,23.200000762939453,22.799999237060547,23.100000381469727,118257
2020-01-17,23.14999961853028,23.14999961853028,23.0,23.0,124551
2020-01-20,23.0,23.100000381469727,22.89999961853028,23.100000381469727,109658
2020-01-30,22.600000381469727,22.75,22.0,22.100000381469727,436171
2020-01-31,22.100000381469727,22.39999961853028,22.100000381469727,22.299999237060547,239650
2020-02-03,22.0,22.5,21.799999237060547,22.0,246307
2020-02-04,23.700000762939453,23.700000762939453,22.049999237060547,22.049999237060547,197013
2020-02-05,22.049999237060547,22.100000381469727,22.0,22.049999237060547,161558
2020-02-06,22.049999237060547,22.39999961853028,22.049999237060547,22.39999961853028,98632
2020-02-07,22.350000381469727,22.350000381469727,22.0,22.0,169193
2020-02-10,22.0,22.049999237060547,21.89999961853028,21.950000762939453,138340
2020-02-11,21.950000762939453,22.049999237060547,21.89999961853028,21.89999961853028,98275
2020-02-12,22.0,22.100000381469727,21.950000762939453,22.0,122264
2020-02-13,22.14999961853028,22.14999961853028,22.0,22.0,111626
2020-02-14,22.0,22.100000381469727,21.950000762939453,22.049999237060547,71930
2020-02-17,22.049999237060547,22.049999237060547,21.950000762939453,22.0,110129
2020-02-18,22.049999237060547,22.049999237060547,21.950000762939453,22.049999237060547,43830
2020-02-19,22.100000381469727,22.39999961853028,22.100000381469727,22.299999237060547,124341
2020-02-20,22.350000381469727,22.75,22.350000381469727,22.64999961853028,175996
2020-02-21,22.64999961853028,22.64999961853028,22.5,22.600000381469727,108762
2020-02-24,22.600000381469727,22.600000381469727,22.25,22.299999237060547,77200
2020-02-25,22.200000762939453,22.200000762939453,22.0,22.100000381469727,85692
2020-02-26,22.100000381469727,22.14999961853028,22.0,22.100000381469727,37863
2020-02-27,22.100000381469727,22.100000381469727,21.850000381469727,21.950000762939453,138041
2020-03-02,21.950000762939453,21.950000762939453,21.549999237060547,21.700000762939453,158118
2020-03-03,21.700000762939453,21.850000381469727,21.700000762939453,21.75,115031
2020-03-04,21.75,21.75,21.549999237060547,21.600000381469727,129052
2020-03-05,21.75,21.850000381469727,21.64999961853028,21.75,120694
2020-03-06,21.64999961853028,21.64999961853028,21.350000381469727,21.450000762939453,174062
2020-03-09,21.39999961853028,21.39999961853028,20.64999961853028,20.700000762939453,284958
2020-03-10,20.600000381469727,20.89999961853028,20.100000381469727,20.89999961853028,268854
2020-03-11,20.89999961853028,21.39999961853028,20.600000381469727,20.600000381469727,206198
2020-03-12,20.200000762939453,20.200000762939453,19.0,19.299999237060547,387335
2020-03-13,18.14999961853028,18.200000762939453,17.600000381469727,18.14999961853028,542817
2020-03-16,18.14999961853028,18.200000762939453,17.5,17.5,402980
2020-03-17,16.600000381469727,17.850000381469727,16.399999618530273,17.600000381469727,382235
2020-03-18,17.600000381469727,17.600000381469727,16.649999618530273,16.850000381469727,325443
2020-03-19,16.549999237060547,16.549999237060547,15.399999618530272,15.449999809265137,481446
2020-03-20,15.550000190734863,16.600000381469727,15.550000190734863,16.350000381469727,212551
2020-03-23,15.399999618530272,16.149999618530273,15.25,15.949999809265137,124551
2020-03-24,15.649999618530272,16.600000381469727,15.649999618530272,16.549999237060547,120467
2020-03-25,17.0,17.299999237060547,17.0,17.200000762939453,140202
2020-03-26,17.350000381469727,17.399999618530273,16.399999618530273,17.049999237060547,170183
2020-03-27,17.200000762939453,17.350000381469727,17.049999237060547,17.200000762939453,92001
2020-03-30,17.200000762939453,17.299999237060547,16.549999237060547,17.200000762939453,116000
2020-03-31,17.399999618530273,17.399999618530273,17.049999237060547,17.100000381469727,159220
2020-04-01,17.100000381469727,17.25,17.0,17.200000762939453,93319
2020-04-06,17.100000381469727,17.200000762939453,16.75,17.200000762939453,115091
2020-04-07,17.299999237060547,17.649999618530273,17.299999237060547,17.649999618530273,141290
2020-04-08,17.649999618530273,18.0,17.450000762939453,18.0,95435
2020-04-09,18.100000381469727,18.350000381469727,17.549999237060547,17.799999237060547,181517
2020-04-10,17.899999618530273,18.39999961853028,17.799999237060547,18.350000381469727,130074
2020-04-13,19.14999961853028,19.14999961853028,18.450000762939453,18.600000381469727,316493
2020-04-14,18.64999961853028,18.850000381469727,18.64999961853028,18.850000381469727,286450
2020-04-15,18.89999961853028,19.5,18.89999961853028,19.39999961853028,379646
2020-04-16,19.14999961853028,19.14999961853028,18.799999237060547,18.950000762939453,188612
2020-04-17,19.14999961853028,19.350000381469727,18.89999961853028,19.0,290554
2020-04-20,19.0,19.0,18.549999237060547,18.75,233494
2020-04-21,18.75,18.799999237060547,18.0,18.200000762939453,216100
2020-04-22,18.14999961853028,18.600000381469727,18.0,18.299999237060547,78693
2020-04-23,18.5,19.200000762939453,18.5,19.049999237060547,235618
2020-04-24,19.049999237060547,19.350000381469727,18.799999237060547,19.14999961853028,147119
2020-04-27,19.14999961853028,21.049999237060547,19.14999961853028,21.049999237060547,1209313
2020-04-28,22.25,23.14999961853028,22.25,23.14999961853028,3188657
2020-04-29,23.25,24.89999961853028,23.200000762939453,24.299999237060547,6073343
2020-04-30,24.299999237060547,24.350000381469727,23.299999237060547,23.64999961853028,2559524
2020-05-04,22.799999237060547,26.0,22.25,26.0,4322151
2020-05-05,28.600000381469727,28.600000381469727,28.600000381469727,28.600000381469727,2441004
2020-05-06,31.450000762939453,31.450000762939453,31.450000762939453,31.450000762939453,3501182
2020-05-07,33.5,33.5,29.100000381469727,29.25,8556132
2020-05-08,29.25,29.25,26.350000381469727,26.350000381469727,3973768
2020-05-11,25.5,25.5,23.75,24.700000762939453,2715916
2020-05-12,23.299999237060547,24.450000762939453,23.299999237060547,24.0,1928745
2020-05-13,24.100000381469727,24.75,24.100000381469727,24.600000381469727,2058150
2020-05-14,24.600000381469727,24.600000381469727,22.64999961853028,22.64999961853028,1546216
2020-05-15,22.75,22.950000762939453,21.5,22.600000381469727,1023251
2020-05-18,22.549999237060547,24.850000381469727,22.549999237060547,24.850000381469727,1903051
2020-05-19,25.5,25.5,23.100000381469727,24.25,1708623
2020-05-20,24.049999237060547,25.600000381469727,24.0,24.75,1816221
2020-05-21,24.89999961853028,25.5,24.049999237060547,24.200000762939453,2715977
2020-05-22,24.450000762939453,26.25,24.350000381469727,25.549999237060547,6906343
2020-05-25,27.89999961853028,27.89999961853028,25.89999961853028,25.950000762939453,4787957
2020-05-26,25.950000762939453,25.950000762939453,24.450000762939453,24.5,3073580
2020-05-27,24.5,24.950000762939453,23.450000762939453,23.75,1773332
2020-05-28,23.799999237060547,24.14999961853028,23.299999237060547,23.5,983331
2020-05-29,24.0,24.25,23.299999237060547,23.549999237060547,1038189
2020-06-01,23.75,23.75,23.299999237060547,23.700000762939453,733540
2020-06-02,23.75,24.0,23.25,23.25,810063
2020-06-03,23.299999237060547,23.700000762939453,23.299999237060547,23.39999961853028,572742
2020-06-04,23.64999961853028,23.64999961853028,23.25,23.299999237060547,422975
2020-06-05,23.350000381469727,23.600000381469727,23.25,23.600000381469727,563916
2020-06-08,23.64999961853028,23.799999237060547,23.39999961853028,23.39999961853028,509149
2020-06-09,23.350000381469727,23.700000762939453,23.0,23.39999961853028,578028
2020-06-10,23.5,23.5,23.049999237060547,23.049999237060547,743515
2020-06-11,23.0,23.0,21.600000381469727,21.64999961853028,1728534
2020-06-12,20.799999237060547,21.350000381469727,20.39999961853028,21.299999237060547,1004501
2020-06-15,21.700000762939453,21.850000381469727,21.299999237060547,21.299999237060547,678838
2020-06-16,21.549999237060547,21.75,21.450000762939453,21.75,494638
2020-06-17,21.799999237060547,22.299999237060547,21.549999237060547,22.200000762939453,535684
2020-06-18,22.39999961853028,22.39999961853028,22.0,22.14999961853028,411791
2020-06-19,22.14999961853028,22.14999961853028,21.799999237060547,21.850000381469727,383579
2020-06-22,22.0,22.700000762939453,21.89999961853028,22.100000381469727,784175
2020-06-23,22.25,22.25,21.799999237060547,21.89999961853028,340016
2020-06-24,22.14999961853028,22.14999961853028,21.700000762939453,21.850000381469727,271203
2020-06-29,21.5,21.75,21.299999237060547,21.549999237060547,405469
2020-06-30,21.799999237060547,21.799999237060547,21.450000762939453,21.5,338726
2020-07-01,21.64999961853028,21.700000762939453,21.39999961853028,21.549999237060547,340910
2020-07-02,21.700000762939453,21.850000381469727,21.5,21.799999237060547,405736
2020-07-03,22.0,22.049999237060547,21.75,21.799999237060547,257803
2020-07-06,21.799999237060547,21.850000381469727,21.600000381469727,21.700000762939453,565788
2020-07-07,21.799999237060547,21.850000381469727,21.600000381469727,21.75,297578
2020-07-08,21.75,22.0,21.700000762939453,21.75,221709
2020-07-09,21.799999237060547,21.89999961853028,21.75,21.850000381469727,313055
2020-07-10,21.850000381469727,21.89999961853028,20.89999961853028,21.350000381469727,408857
2020-07-13,21.100000381469727,21.39999961853028,21.100000381469727,21.350000381469727,337758
2020-07-14,21.350000381469727,21.89999961853028,21.25,21.25,214150
2020-07-15,21.299999237060547,21.350000381469727,21.0,21.14999961853028,269308
2020-07-16,21.25,21.5,21.0,21.299999237060547,258310
2020-07-17,21.39999961853028,21.39999961853028,20.75,20.950000762939453,465958
2020-07-20,20.950000762939453,20.950000762939453,20.39999961853028,20.64999961853028,339397
2020-07-21,21.299999237060547,21.299999237060547,20.75,21.200000762939453,376301
2020-07-22,21.0,21.350000381469727,21.0,21.14999961853028,137125
2020-07-23,21.14999961853028,21.200000762939453,20.850000381469727,20.89999961853028,149456
2020-07-24,20.850000381469727,20.850000381469727,20.0,20.39999961853028,576523
2020-07-27,20.350000381469727,20.350000381469727,19.799999237060547,19.850000381469727,459475
2020-07-28,19.950000762939453,20.049999237060547,19.299999237060547,19.39999961853028,509875
2020-07-29,19.5,20.39999961853028,19.5,20.14999961853028,331073
2020-07-30,20.600000381469727,20.600000381469727,20.200000762939453,20.350000381469727,150401
2020-07-31,20.450000762939453,20.450000762939453,20.100000381469727,20.350000381469727,97390
2020-08-03,20.450000762939453,20.549999237060547,20.049999237060547,20.049999237060547,280974
2020-08-04,20.049999237060547,20.299999237060547,20.049999237060547,20.049999237060547,104807
2020-08-05,20.14999961853028,20.25,20.049999237060547,20.14999961853028,131269
2020-08-06,20.14999961853028,22.14999961853028,20.14999961853028,22.14999961853028,1761333
2020-08-07,22.549999237060547,22.850000381469727,22.25,22.39999961853028,2162978
2020-08-10,22.549999237060547,22.549999237060547,21.700000762939453,22.100000381469727,570619
2020-08-11,21.850000381469727,22.100000381469727,21.600000381469727,21.700000762939453,317950
2020-08-12,21.700000762939453,21.700000762939453,21.299999237060547,21.39999961853028,180807
2020-08-13,21.100000381469727,21.64999961853028,21.100000381469727,21.5,219055
2020-08-14,21.600000381469727,21.700000762939453,21.299999237060547,21.700000762939453,295087
2020-08-17,21.700000762939453,22.299999237060547,21.700000762939453,22.100000381469727,646664
2020-08-18,22.299999237060547,22.549999237060547,21.850000381469727,22.0,560169
2020-08-19,22.0,22.200000762939453,21.75,21.799999237060547,333571
2020-08-20,21.799999237060547,21.850000381469727,20.5,20.89999961853028,581875
2020-08-21,21.100000381469727,21.5,21.0,21.350000381469727,217586
2020-08-24,21.200000762939453,21.5,21.100000381469727,21.350000381469727,185744
2020-08-25,21.25,21.700000762939453,21.25,21.549999237060547,197378
2020-08-26,21.600000381469727,21.89999961853028,21.600000381469727,21.850000381469727,498647
2020-08-27,21.5,21.5,20.850000381469727,21.049999237060547,302061
2020-08-28,21.049999237060547,21.350000381469727,20.89999961853028,21.100000381469727,150900
2020-08-31,21.25,21.299999237060547,20.89999961853028,20.89999961853028,123610
2020-09-01,21.200000762939453,21.200000762939453,20.75,20.89999961853028,132140
2020-09-02,20.950000762939453,20.950000762939453,20.64999961853028,20.75,256385
2020-09-03,20.75,21.100000381469727,20.75,20.950000762939453,201103
2020-09-04,20.799999237060547,21.049999237060547,20.5,20.950000762939453,131286
2020-09-07,21.049999237060547,22.0,21.0,21.549999237060547,676866
2020-09-08,21.64999961853028,21.64999961853028,21.14999961853028,21.350000381469727,155500
2020-09-09,21.14999961853028,21.25,20.799999237060547,21.200000762939453,140455
2020-09-10,21.200000762939453,21.75,21.200000762939453,21.600000381469727,411190
2020-09-11,21.700000762939453,21.850000381469727,21.200000762939453,21.25,266555
2020-09-14,21.5,21.700000762939453,21.299999237060547,21.299999237060547,170001
2020-09-15,21.39999961853028,21.39999961853028,21.200000762939453,21.39999961853028,131150
2020-09-16,21.39999961853028,21.450000762939453,21.049999237060547,21.39999961853028,144737
2020-09-17,21.39999961853028,21.89999961853028,21.39999961853028,21.549999237060547,264492
2020-09-18,21.700000762939453,22.39999961853028,21.700000762939453,21.950000762939453,927300
2020-09-21,22.200000762939453,22.25,21.850000381469727,22.100000381469727,343213
2020-09-22,22.049999237060547,22.049999237060547,21.200000762939453,21.350000381469727,285784
2020-09-23,21.64999961853028,21.64999961853028,21.0,21.049999237060547,300741
2020-09-24,20.89999961853028,20.89999961853028,20.049999237060547,20.14999961853028,511095
2020-09-25,20.200000762939453,20.299999237060547,19.799999237060547,20.049999237060547,248298
2020-09-28,20.100000381469727,20.299999237060547,20.100000381469727,20.100000381469727,127002
2020-09-29,20.350000381469727,20.350000381469727,20.200000762939453,20.25,60165
2020-09-30,20.450000762939453,20.5,20.200000762939453,20.39999961853028,58177
2020-10-05,20.39999961853028,21.0,20.100000381469727,20.700000762939453,101418
2020-10-06,20.799999237060547,21.299999237060547,20.75,20.799999237060547,210984
2020-10-07,20.850000381469727,21.049999237060547,20.799999237060547,21.049999237060547,77746
2020-10-08,21.100000381469727,21.100000381469727,20.89999961853028,21.049999237060547,91086
2020-10-12,21.049999237060547,21.049999237060547,20.5,20.89999961853028,83200
2020-10-13,20.89999961853028,20.89999961853028,20.600000381469727,20.64999961853028,67590
2020-10-14,20.700000762939453,21.14999961853028,20.700000762939453,21.100000381469727,167668
2020-10-15,21.049999237060547,21.14999961853028,20.89999961853028,20.950000762939453,69249
2020-10-16,20.950000762939453,20.950000762939453,20.75,20.75,95072
2020-10-19,20.950000762939453,21.64999961853028,20.850000381469727,21.600000381469727,469360
2020-10-20,21.600000381469727,21.850000381469727,21.39999961853028,21.5,235871
2020-10-21,21.5,21.5,21.299999237060547,21.5,128381
2020-10-22,21.5,21.5,21.100000381469727,21.25,120720
2020-10-23,21.14999961853028,21.25,21.14999961853028,21.25,36192
2020-10-26,21.25,21.700000762939453,21.25,21.299999237060547,156314
2020-10-27,21.25,21.299999237060547,20.600000381469727,21.100000381469727,119885
2020-10-28,21.14999961853028,21.25,21.14999961853028,21.200000762939453,110151
2020-10-29,21.0,21.0,20.799999237060547,20.89999961853028,119219
2020-10-30,20.799999237060547,21.14999961853028,20.64999961853028,20.700000762939453,123959
2020-11-02,20.799999237060547,20.799999237060547,20.450000762939453,20.600000381469727,82006
2020-11-03,20.700000762939453,20.850000381469727,20.700000762939453,20.799999237060547,170108
2020-11-04,20.89999961853028,20.89999961853028,20.64999961853028,20.799999237060547,78407
2020-11-05,20.850000381469727,20.850000381469727,20.64999961853028,20.75,30730
2020-11-06,20.75,20.799999237060547,20.64999961853028,20.700000762939453,82166
2020-11-09,20.89999961853028,20.89999961853028,20.75,20.850000381469727,90000
2020-11-10,20.850000381469727,21.14999961853028,20.850000381469727,21.049999237060547,138693
2020-11-11,21.14999961853028,21.39999961853028,21.100000381469727,21.350000381469727,283774
2020-11-12,21.450000762939453,21.5,21.299999237060547,21.39999961853028,406517
2020-11-13,21.450000762939453,21.450000762939453,21.350000381469727,21.39999961853028,187455
2020-11-16,21.549999237060547,21.600000381469727,21.200000762939453,21.350000381469727,128507
2020-11-17,21.39999961853028,21.39999961853028,21.299999237060547,21.350000381469727,112990
2020-11-18,21.350000381469727,21.39999961853028,21.25,21.299999237060547,265505
2020-11-19,21.450000762939453,21.450000762939453,21.299999237060547,21.350000381469727,219936
2020-11-20,21.39999961853028,23.200000762939453,21.39999961853028,22.700000762939453,1679693
2020-11-23,23.299999237060547,23.850000381469727,22.950000762939453,23.049999237060547,1962822
2020-11-24,23.049999237060547,23.14999961853028,22.200000762939453,22.64999961853028,545502
2020-11-25,23.0,23.0,22.700000762939453,22.700000762939453,477151
2020-11-26,22.75,22.89999961853028,22.5,22.850000381469727,367648
2020-11-27,22.850000381469727,23.0,22.75,22.89999961853028,223006
2020-11-30,22.950000762939453,23.200000762939453,22.850000381469727,22.850000381469727,494400
2020-12-01,22.850000381469727,23.0,22.700000762939453,22.799999237060547,251865
2020-12-02,23.0,23.0,22.64999961853028,22.799999237060547,250127
2020-12-03,22.700000762939453,22.799999237060547,22.600000381469727,22.799999237060547,301864
2020-12-04,22.799999237060547,23.049999237060547,22.75,22.850000381469727,286224
2020-12-07,23.0,23.0,22.64999961853028,22.64999961853028,242531
2020-12-08,22.64999961853028,22.799999237060547,22.64999961853028,22.700000762939453,255088
2020-12-09,22.850000381469727,22.850000381469727,22.600000381469727,22.64999961853028,255830
2020-12-10,22.600000381469727,22.600000381469727,22.0,22.100000381469727,483814
2020-12-11,21.950000762939453,22.200000762939453,21.600000381469727,21.850000381469727,348731
2020-12-14,21.850000381469727,22.0,21.850000381469727,22.0,85912
2020-12-15,22.0,22.0,21.64999961853028,21.64999961853028,142335
2020-12-16,21.700000762939453,22.39999961853028,21.700000762939453,22.25,390502
2020-12-17,22.299999237060547,22.299999237060547,21.89999961853028,22.299999237060547,183466
2020-12-18,22.299999237060547,22.299999237060547,21.89999961853028,21.89999961853028,149265
2020-12-21,21.89999961853028,22.600000381469727,21.700000762939453,22.39999961853028,301819
2020-12-22,22.39999961853028,23.799999237060547,22.350000381469727,22.350000381469727,2231580
2020-12-23,22.350000381469727,22.600000381469727,22.100000381469727,22.5,326601
2020-12-24,22.5,22.75,22.39999961853028,22.700000762939453,259100
2020-12-25,22.89999961853028,23.049999237060547,22.64999961853028,22.700000762939453,213303
2020-12-28,22.950000762939453,22.950000762939453,22.64999961853028,22.75,333996
2020-12-29,22.64999961853028,22.75,22.350000381469727,22.5,266320
2020-12-30,22.5,22.89999961853028,22.5,22.600000381469727,297529
2020-12-31,22.75,22.75,22.600000381469727,22.64999961853028,235066
2021-01-04,22.700000762939453,23.0,22.600000381469727,22.799999237060547,475827
2021-01-05,22.799999237060547,22.799999237060547,22.450000762939453,22.5,279766
2021-01-06,22.5,22.5,21.600000381469727,21.75,666995
2021-01-07,22.0,22.100000381469727,21.75,21.799999237060547,222070
2021-01-08,21.799999237060547,21.89999961853028,21.600000381469727,21.75,196281
2021-01-11,21.700000762939453,21.950000762939453,21.600000381469727,21.64999961853028,197250
2021-01-12,21.64999961853028,21.64999961853028,21.200000762939453,21.299999237060547,382197
2021-01-13,21.25,21.600000381469727,21.25,21.5,173445
2021-01-14,21.600000381469727,21.600000381469727,21.299999237060547,21.450000762939453,84581
2021-01-15,21.350000381469727,21.39999961853028,20.950000762939453,21.14999961853028,440996
2021-01-18,20.950000762939453,21.14999961853028,20.600000381469727,20.89999961853028,234026
2021-01-19,20.89999961853028,20.89999961853028,20.64999961853028,20.850000381469727,136721
2021-01-20,20.700000762939453,20.700000762939453,20.200000762939453,20.299999237060547,430144
2021-01-21,20.299999237060547,20.700000762939453,20.100000381469727,20.200000762939453,151620
2021-01-22,20.5,20.5,20.049999237060547,20.14999961853028,132415
2021-01-25,20.14999961853028,20.5,19.89999961853028,20.5,103375
2021-01-26,20.450000762939453,20.5,20.100000381469727,20.25,196300
2021-01-27,20.5,20.5,20.100000381469727,20.200000762939453,137912
2021-01-28,20.25,20.25,20.0,20.049999237060547,280160
2021-01-29,20.0,20.100000381469727,19.64999961853028,19.64999961853028,575001
2021-02-01,19.64999961853028,20.0,19.350000381469727,19.850000381469727,248318
2021-02-02,19.64999961853028,20.299999237060547,19.64999961853028,20.100000381469727,246182
2021-02-03,20.100000381469727,20.14999961853028,19.75,19.850000381469727,135434
2021-02-04,19.75,20.0,19.75,19.950000762939453,111152
2021-02-05,19.89999961853028,20.14999961853028,19.850000381469727,19.950000762939453,83472
2021-02-17,20.049999237060547,20.39999961853028,20.0,20.350000381469727,381786
2021-02-18,20.350000381469727,21.049999237060547,20.350000381469727,20.89999961853028,398855
2021-02-19,20.89999961853028,21.0,20.64999961853028,20.700000762939453,191264
2021-02-22,20.950000762939453,21.049999237060547,20.799999237060547,20.850000381469727,291051
2021-02-23,20.850000381469727,21.299999237060547,20.850000381469727,21.299999237060547,499205
2021-02-24,21.350000381469727,21.39999961853028,21.049999237060547,21.100000381469727,258964
2021-02-25,21.299999237060547,21.299999237060547,21.049999237060547,21.14999961853028,87387
2021-02-26,21.0,21.100000381469727,20.600000381469727,20.950000762939453,279499
2021-03-02,21.0,21.100000381469727,20.89999961853028,20.950000762939453,172000
2021-03-03,21.14999961853028,21.14999961853028,20.950000762939453,21.049999237060547,124362
2021-03-04,21.100000381469727,21.700000762939453,21.100000381469727,21.299999237060547,403938
2021-03-05,21.299999237060547,21.600000381469727,21.14999961853028,21.600000381469727,455589
2021-03-08,21.75,22.200000762939453,21.5,21.700000762939453,666227
2021-03-09,21.799999237060547,21.89999961853028,21.600000381469727,21.700000762939453,238625
2021-03-10,21.75,21.75,21.600000381469727,21.600000381469727,126426
2021-03-11,21.600000381469727,21.950000762939453,21.600000381469727,21.799999237060547,243024
2021-03-12,21.799999237060547,21.799999237060547,21.600000381469727,21.64999961853028,206085
2021-03-15,21.64999961853028,21.75,21.549999237060547,21.700000762939453,209046
2021-03-16,21.75,21.75,21.549999237060547,21.64999961853028,151506
2021-03-17,21.75,21.75,21.25,21.350000381469727,203400
2021-03-18,21.350000381469727,21.450000762939453,21.100000381469727,21.25,267675
2021-03-19,21.25,21.25,20.89999961853028,21.0,395228
2021-03-22,21.0,21.350000381469727,20.89999961853028,21.299999237060547,253039
2021-03-23,21.299999237060547,21.299999237060547,21.0,21.100000381469727,157760
2021-03-24,21.200000762939453,21.200000762939453,21.0,21.200000762939453,159914
2021-03-25,21.049999237060547,21.25,21.049999237060547,21.200000762939453,179236
2021-03-26,21.200000762939453,21.5,21.14999961853028,21.5,297687
2021-03-29,21.5,21.799999237060547,21.450000762939453,21.700000762939453,332456
2021-03-30,21.600000381469727,21.700000762939453,21.5,21.600000381469727,151823
2021-03-31,21.600000381469727,21.600000381469727,21.450000762939453,21.549999237060547,111501
2021-04-01,21.450000762939453,21.5,21.39999961853028,21.5,131915
2021-04-07,21.64999961853028,21.700000762939453,21.549999237060547,21.64999961853028,147186
2021-04-08,21.600000381469727,22.200000762939453,21.549999237060547,21.950000762939453,504868
2021-04-09,22.049999237060547,22.549999237060547,22.0,22.39999961853028,819684
2021-04-12,22.5,22.64999961853028,22.200000762939453,22.64999961853028,829588
2021-04-13,22.64999961853028,22.799999237060547,21.950000762939453,22.049999237060547,584427
2021-04-14,22.049999237060547,22.100000381469727,21.549999237060547,21.850000381469727,378003
2021-04-15,22.0,22.700000762939453,21.89999961853028,22.5,652663
2021-04-16,22.600000381469727,23.5,22.5,22.950000762939453,1531306
2021-04-19,23.25,24.700000762939453,23.0,24.200000762939453,2896192
2021-04-20,24.5,24.5,23.350000381469727,23.700000762939453,1650236
2021-04-21,23.75,23.75,23.200000762939453,23.75,764967
2021-04-22,24.0,24.25,22.75,22.89999961853028,1578556
2021-04-23,23.0,23.350000381469727,22.5,23.100000381469727,585381
2021-04-26,23.14999961853028,23.25,22.64999961853028,22.850000381469727,485683
2021-04-27,22.89999961853028,23.25,22.549999237060547,22.89999961853028,574484
2021-04-28,22.950000762939453,24.0,22.950000762939453,23.75,1024836
2021-04-29,23.799999237060547,23.799999237060547,23.299999237060547,23.5,490255
2021-05-03,23.299999237060547,23.299999237060547,22.600000381469727,22.600000381469727,535926
2021-05-04,22.75,23.049999237060547,21.14999961853028,21.600000381469727,857151
2021-05-05,21.600000381469727,21.850000381469727,21.25,21.549999237060547,280179
2021-05-06,21.64999961853028,22.100000381469727,21.39999961853028,21.700000762939453,229320
2021-05-07,21.89999961853028,22.100000381469727,21.600000381469727,21.950000762939453,252322
2021-05-10,22.0,22.549999237060547,22.0,22.25,358939
2021-05-11,21.799999237060547,22.25,21.200000762939453,21.350000381469727,520262
2021-05-12,21.39999961853028,21.600000381469727,19.850000381469727,20.299999237060547,796964
2021-05-13,20.100000381469727,20.600000381469727,19.64999961853028,20.049999237060547,684028
2021-05-14,20.5,20.700000762939453,20.049999237060547,20.14999961853028,523001
2021-05-17,19.5,20.100000381469727,19.39999961853028,19.89999961853028,804374
2021-05-18,19.89999961853028,21.0,19.89999961853028,21.0,344968
2021-05-19,20.549999237060547,20.950000762939453,20.39999961853028,20.950000762939453,322333
2021-05-20,20.950000762939453,20.950000762939453,20.450000762939453,20.549999237060547,301421
2021-05-21,20.600000381469727,21.5,20.600000381469727,21.049999237060547,377094
2021-05-24,20.600000381469727,21.89999961853028,20.600000381469727,21.5,418772
2021-05-25,21.600000381469727,22.299999237060547,21.600000381469727,21.75,514054
2021-05-26,21.75,21.75,21.5,21.600000381469727,146165
2021-05-27,21.549999237060547,21.700000762939453,21.39999961853028,21.600000381469727,286135
2021-05-28,21.799999237060547,22.049999237060547,21.600000381469727,21.850000381469727,278000
2021-05-31,22.0,22.200000762939453,21.75,21.75,326746
2021-06-01,21.799999237060547,22.049999237060547,21.799999237060547,22.0,267419
2021-06-02,22.200000762939453,22.850000381469727,22.100000381469727,22.39999961853028,724097
2021-06-03,22.799999237060547,22.950000762939453,22.600000381469727,22.75,513068
2021-06-04,22.700000762939453,23.0,22.39999961853028,22.75,475709
2021-06-07,22.799999237060547,23.25,22.5,23.049999237060547,826039
2021-06-08,23.100000381469727,23.200000762939453,22.89999961853028,23.049999237060547,295322
2021-06-09,23.100000381469727,23.100000381469727,22.700000762939453,22.950000762939453,341151
2021-06-10,23.0,23.0,22.700000762939453,22.799999237060547,425313
2021-06-11,22.75,23.100000381469727,22.75,22.89999961853028,264797
2021-06-15,22.799999237060547,22.950000762939453,22.75,22.799999237060547,128000
2021-06-16,22.799999237060547,22.89999961853028,22.64999961853028,22.64999961853028,173054
2021-06-17,22.600000381469727,22.850000381469727,22.600000381469727,22.64999961853028,170478
2021-06-18,22.600000381469727,23.0,22.450000762939453,22.89999961853028,373602
2021-06-21,22.64999961853028,22.700000762939453,22.200000762939453,22.299999237060547,319775
2021-06-22,22.700000762939453,22.700000762939453,22.350000381469727,22.5,117651
2021-06-23,22.5,22.75,22.350000381469727,22.600000381469727,228235
2021-06-24,22.600000381469727,22.799999237060547,22.5,22.700000762939453,209000
2021-06-25,22.799999237060547,23.700000762939453,22.75,23.5,1688474
2021-06-28,23.89999961853028,23.950000762939453,23.25,23.5,876201
2021-06-29,23.600000381469727,23.600000381469727,23.14999961853028,23.200000762939453,563100
2021-06-30,23.450000762939453,23.950000762939453,23.350000381469727,23.549999237060547,864057
2021-07-01,23.700000762939453,25.89999961853028,23.5,25.89999961853028,7908461
2021-07-02,26.89999961853028,28.0,24.25,24.950000762939453,11823306
2021-07-05,25.200000762939453,25.549999237060547,24.350000381469727,24.450000762939453,1789325
2021-07-06,24.549999237060547,24.549999237060547,24.0,24.350000381469727,917766
2021-07-07,24.350000381469727,24.450000762939453,24.0,24.299999237060547,727362
2021-07-08,24.39999961853028,24.39999961853028,24.049999237060547,24.299999237060547,372555
2021-07-09,24.200000762939453,24.700000762939453,24.200000762939453,24.700000762939453,727756
2021-07-12,25.100000381469727,25.200000762939453,24.39999961853028,24.39999961853028,711400
2021-07-13,24.450000762939453,24.5,24.0,24.049999237060547,622206
2021-07-14,24.049999237060547,24.25,23.600000381469727,24.049999237060547,496422
2021-07-15,24.100000381469727,24.39999961853028,24.0,24.350000381469727,291297
2021-07-16,24.0,24.39999961853028,24.0,24.100000381469727,405276
2021-07-19,24.100000381469727,24.100000381469727,23.799999237060547,23.89999961853028,433002
2021-07-20,23.700000762939453,23.700000762939453,23.39999961853028,23.600000381469727,544011
2021-07-21,23.64999961853028,24.0,23.14999961853028,23.200000762939453,382151
2021-07-22,23.25,23.950000762939453,23.25,23.299999237060547,335225
2021-07-23,23.350000381469727,23.799999237060547,23.299999237060547,23.64999961853028,251002
2021-07-26,23.64999961853028,23.89999961853028,23.549999237060547,23.64999961853028,222331
2021-07-27,23.5,23.850000381469727,23.39999961853028,23.64999961853028,266784
2021-07-28,23.799999237060547,23.799999237060547,23.299999237060547,23.5,226000
2021-07-29,23.350000381469727,23.600000381469727,23.350000381469727,23.600000381469727,206000
2021-07-30,23.850000381469727,23.850000381469727,23.299999237060547,23.450000762939453,165194
2021-08-02,23.75,23.75,23.350000381469727,23.64999961853028,153683
2021-08-03,23.39999961853028,23.700000762939453,23.350000381469727,23.350000381469727,142300
2021-08-04,23.39999961853028,23.5,23.350000381469727,23.5,106373
2021-08-05,23.5,23.5,23.200000762939453,23.350000381469727,135060
2021-08-06,23.450000762939453,23.549999237060547,23.299999237060547,23.350000381469727,162149
2021-08-09,23.350000381469727,23.549999237060547,23.299999237060547,23.549999237060547,229029
2021-08-10,23.549999237060547,23.549999237060547,23.350000381469727,23.350000381469727,176200
2021-08-11,23.450000762939453,23.450000762939453,22.950000762939453,23.0,233057
2021-08-12,23.0,23.0,22.700000762939453,22.75,151412
2021-08-13,22.75,22.75,22.200000762939453,22.350000381469727,303001
2021-08-16,22.25,22.25,21.5,21.600000381469727,473471
2021-08-17,21.600000381469727,21.600000381469727,21.600000381469727,21.600000381469727,0
2021-08-18,21.100000381469727,21.5,21.049999237060547,21.5,185335
2021-08-19,21.5,21.5,21.100000381469727,21.14999961853028,245050
2021-08-20,21.200000762939453,21.25,21.0,21.049999237060547,177104
2021-08-23,21.100000381469727,21.600000381469727,21.100000381469727,21.350000381469727,101386
2021-08-24,21.39999961853028,21.64999961853028,21.350000381469727,21.600000381469727,129404
2021-08-25,21.600000381469727,21.700000762939453,21.600000381469727,21.700000762939453,108000
2021-08-26,21.299999237060547,21.450000762939453,21.200000762939453,21.200000762939453,132000
2021-08-27,21.299999237060547,21.5,21.299999237060547,21.450000762939453,79241
2021-08-30,21.5,21.600000381469727,21.5,21.600000381469727,56030
2021-08-31,21.64999961853028,21.64999961853028,21.350000381469727,21.64999961853028,62348
2021-09-01,21.549999237060547,21.850000381469727,21.549999237060547,21.75,96250
2021-09-02,21.75,21.799999237060547,21.5,21.5,98115
2021-09-03,21.600000381469727,21.700000762939453,21.549999237060547,21.700000762939453,120250
2021-09-06,21.700000762939453,21.700000762939453,21.5,21.5,83121
2021-09-07,21.450000762939453,21.64999961853028,21.39999961853028,21.39999961853028,113000
2021-09-08,21.5,21.5,21.049999237060547,21.049999237060547,142602
2021-09-09,21.0,21.100000381469727,20.950000762939453,20.950000762939453,164126
2021-09-10,21.0,21.049999237060547,21.0,21.0,106026
2021-09-13,21.0,21.0,20.89999961853028,21.0,122065
2021-09-14,20.89999961853028,21.200000762939453,20.89999961853028,21.200000762939453,88061
2021-09-15,21.200000762939453,21.350000381469727,21.049999237060547,21.299999237060547,83024
2021-09-16,21.299999237060547,21.39999961853028,21.200000762939453,21.299999237060547,99579
2021-09-17,21.200000762939453,21.350000381469727,21.100000381469727,21.100000381469727,90022
2021-09-22,21.5,21.5,20.850000381469727,21.049999237060547,262500
2021-09-23,21.100000381469727,21.25,20.89999961853028,21.25,114266
2021-09-24,21.049999237060547,21.5,21.049999237060547,21.39999961853028,94269
2021-09-27,21.350000381469727,22.450000762939453,21.350000381469727,22.100000381469727,496729
2021-09-28,22.100000381469727,22.200000762939453,21.799999237060547,22.0,184364
2021-09-29,21.950000762939453,22.100000381469727,21.64999961853028,21.850000381469727,242884
2021-09-30,21.75,22.100000381469727,21.64999961853028,22.100000381469727,115309
2021-10-01,21.89999961853028,21.950000762939453,21.299999237060547,21.39999961853028,338000
2021-10-04,21.450000762939453,21.5,21.0,21.200000762939453,289155
2021-10-05,21.0,21.14999961853028,20.950000762939453,21.14999961853028,85118
2021-10-06,21.14999961853028,21.25,21.049999237060547,21.14999961853028,80005
2021-10-07,21.14999961853028,21.700000762939453,21.14999961853028,21.5,180000
2021-10-08,21.39999961853028,21.5,21.25,21.39999961853028,46002
2021-10-12,21.100000381469727,21.39999961853028,20.950000762939453,21.39999961853028,114234
2021-10-13,21.799999237060547,21.799999237060547,21.049999237060547,21.350000381469727,94768
2021-10-14,21.25,21.450000762939453,21.200000762939453,21.450000762939453,71791
2021-10-15,21.450000762939453,21.950000762939453,21.450000762939453,21.799999237060547,159056
2021-10-18,21.799999237060547,22.0,21.600000381469727,21.600000381469727,91613
2021-10-19,21.549999237060547,22.100000381469727,21.549999237060547,22.0,223377
2021-10-20,22.0,22.100000381469727,21.799999237060547,22.0,77654
2021-10-21,21.799999237060547,22.200000762939453,21.799999237060547,21.89999961853028,104197
2021-10-22,21.89999961853028,22.14999961853028,21.600000381469727,21.64999961853028,81000
2021-10-25,21.5,21.700000762939453,21.5,21.549999237060547,62840
2021-10-26,21.549999237060547,21.89999961853028,21.549999237060547,21.75,87132
2021-10-27,21.600000381469727,21.799999237060547,21.600000381469727,21.600000381469727,84000
2021-10-28,21.600000381469727,21.600000381469727,21.39999961853028,21.5,107339
2021-10-29,21.5,21.75,21.5,21.600000381469727,64315
2021-11-01,21.549999237060547,21.89999961853028,21.549999237060547,21.799999237060547,58547
2021-11-02,21.850000381469727,21.850000381469727,21.39999961853028,21.39999961853028,184155
2021-11-03,21.39999961853028,21.600000381469727,21.299999237060547,21.350000381469727,132476
2021-11-04,21.64999961853028,21.75,21.549999237060547,21.75,114002
2021-11-05,21.700000762939453,21.700000762939453,21.450000762939453,21.600000381469727,64100
2021-11-08,21.600000381469727,21.89999961853028,21.450000762939453,21.75,100266
2021-11-09,21.75,21.75,21.600000381469727,21.700000762939453,57050
2021-11-10,21.549999237060547,21.600000381469727,21.450000762939453,21.600000381469727,96258
2021-11-11,21.700000762939453,21.700000762939453,21.0,21.25,305075
2021-11-12,21.350000381469727,21.450000762939453,21.100000381469727,21.25,161030
2021-11-15,21.14999961853028,21.14999961853028,21.049999237060547,21.100000381469727,219848
2021-11-16,21.100000381469727,21.200000762939453,21.049999237060547,21.100000381469727,126795
2021-11-17,21.100000381469727,21.100000381469727,20.89999961853028,21.049999237060547,171955
2021-11-18,21.049999237060547,21.049999237060547,20.89999961853028,20.89999961853028,204953
2021-11-19,20.89999961853028,21.0,20.89999961853028,20.89999961853028,110367
2021-11-22,20.89999961853028,20.950000762939453,20.850000381469727,20.89999961853028,87381
2021-11-23,20.89999961853028,20.89999961853028,20.75,20.75,132176
2021-11-24,20.799999237060547,20.89999961853028,20.75,20.850000381469727,131369
2021-11-25,20.850000381469727,21.0,20.75,20.950000762939453,86100
2021-11-26,20.799999237060547,21.0,20.75,20.850000381469727,150627
2021-11-29,20.600000381469727,20.75,20.350000381469727,20.450000762939453,121036
2021-11-30,20.39999961853028,20.64999961853028,20.39999961853028,20.450000762939453,63080
2021-12-01,20.39999961853028,20.600000381469727,20.39999961853028,20.5,76119
2021-12-02,20.5,20.600000381469727,20.450000762939453,20.5,57000
2021-12-03,20.549999237060547,20.549999237060547,20.450000762939453,20.5,67923
2021-12-06,20.450000762939453,20.5,20.39999961853028,20.450000762939453,76000
2021-12-07,20.39999961853028,20.89999961853028,20.39999961853028,20.600000381469727,107790
2021-12-08,20.600000381469727,20.850000381469727,20.600000381469727,20.850000381469727,63252
2021-12-09,20.850000381469727,20.950000762939453,20.75,20.75,48020
2021-12-10,20.75,20.950000762939453,20.75,20.850000381469727,59486
2021-12-13,20.850000381469727,21.0,20.850000381469727,20.850000381469727,64415
2021-12-14,20.64999961853028,20.700000762939453,20.600000381469727,20.64999961853028,39000
2021-12-15,20.549999237060547,20.64999961853028,20.5,20.5,105000
2021-12-16,20.5,20.549999237060547,20.5,20.549999237060547,51000
2021-12-17,21.14999961853028,21.14999961853028,20.549999237060547,20.64999961853028,180499
2021-12-20,20.75,20.75,20.549999237060547,20.600000381469727,159079
2021-12-21,20.950000762939453,20.950000762939453,20.549999237060547,20.700000762939453,47051
2021-12-22,20.799999237060547,20.850000381469727,20.75,20.799999237060547,74001
2021-12-23,20.89999961853028,20.950000762939453,20.799999237060547,20.89999961853028,30001
2021-12-24,20.89999961853028,20.89999961853028,20.700000762939453,20.850000381469727,51212
2021-12-27,20.700000762939453,20.799999237060547,20.64999961853028,20.799999237060547,61000
2021-12-28,20.850000381469727,20.850000381469727,20.700000762939453,20.799999237060547,44901
2021-12-29,20.700000762939453,21.0,20.700000762939453,20.850000381469727,85069
2021-12-30,21.200000762939453,21.200000762939453,20.850000381469727,20.850000381469727,71742
2022-01-03,20.850000381469727,21.0,20.75,20.850000381469727,82630
2022-01-04,20.75,20.850000381469727,20.75,20.850000381469727,69190
2022-01-05,20.75,20.850000381469727,20.75,20.799999237060547,50025
2022-01-06,20.950000762939453,20.950000762939453,20.75,20.799999237060547,61737
2022-01-07,21.0,21.0,20.75,20.75,65001
2022-01-10,21.0,21.0,20.700000762939453,20.700000762939453,74122
2022-01-11,20.64999961853028,20.700000762939453,20.600000381469727,20.600000381469727,68304
2022-01-12,20.64999961853028,20.799999237060547,20.600000381469727,20.799999237060547,36063
2022-01-13,20.89999961853028,20.89999961853028,20.600000381469727,20.700000762939453,56382
2022-01-14,20.700000762939453,20.700000762939453,20.549999237060547,20.600000381469727,58714
2022-01-17,20.5,20.5,20.39999961853028,20.450000762939453,112288
2022-01-18,20.5,20.549999237060547,20.39999961853028,20.5,51381
2022-01-19,20.5,20.5,20.39999961853028,20.450000762939453,59190
2022-01-20,20.450000762939453,20.600000381469727,20.39999961853028,20.5,50000
2022-01-21,20.450000762939453,20.450000762939453,20.350000381469727,20.39999961853028,98218
2022-01-24,20.39999961853028,20.39999961853028,20.25,20.299999237060547,126646
2022-01-25,20.39999961853028,20.39999961853028,20.200000762939453,20.299999237060547,133532
2022-01-26,20.200000762939453,20.350000381469727,20.200000762939453,20.200000762939453,29000
2022-02-07,20.200000762939453,20.350000381469727,20.200000762939453,20.350000381469727,33331
2022-02-08,20.299999237060547,20.39999961853028,20.299999237060547,20.39999961853028,43061
2022-02-09,20.350000381469727,20.549999237060547,20.350000381469727,20.549999237060547,55062
2022-02-10,20.450000762939453,20.5,20.39999961853028,20.450000762939453,38000
2022-02-11,20.450000762939453,21.299999237060547,20.450000762939453,20.700000762939453,169156
2022-02-14,20.700000762939453,21.14999961853028,20.700000762939453,21.100000381469727,273189
2022-02-15,21.25,21.39999961853028,20.850000381469727,20.850000381469727,174000
2022-02-16,20.850000381469727,21.0,20.799999237060547,21.0,97495
2022-02-17,21.100000381469727,21.100000381469727,20.850000381469727,20.89999961853028,49002
2022-02-18,20.89999961853028,20.950000762939453,20.850000381469727,20.950000762939453,26000
2022-02-21,20.75,20.950000762939453,20.600000381469727,20.89999961853028,53030
2022-02-22,20.700000762939453,20.700000762939453,20.549999237060547,20.64999961853028,72401
2022-02-23,20.64999961853028,20.700000762939453,20.600000381469727,20.700000762939453,26673
2022-02-24,20.450000762939453,20.64999961853028,20.39999961853028,20.39999961853028,199961
2022-02-25,20.39999961853028,20.600000381469727,20.39999961853028,20.600000381469727,60140
2022-03-01,20.75,20.850000381469727,20.64999961853028,20.64999961853028,64000
2022-03-02,20.850000381469727,20.850000381469727,20.700000762939453,20.850000381469727,50001
2022-03-03,20.600000381469727,20.850000381469727,20.600000381469727,20.700000762939453,35012
2022-03-04,20.5,20.700000762939453,20.450000762939453,20.700000762939453,65000
2022-03-07,20.5,20.5,20.299999237060547,20.350000381469727,168055
2022-03-08,20.25,20.299999237060547,20.0,20.0,354269
2022-03-09,20.100000381469727,20.299999237060547,20.0,20.100000381469727,149000
2022-03-10,20.100000381469727,20.25,20.100000381469727,20.25,105153
2022-03-11,20.25,20.25,20.049999237060547,20.14999961853028,61525
2022-03-14,20.14999961853028,20.700000762939453,20.100000381469727,20.299999237060547,68454
2022-03-15,20.549999237060547,20.549999237060547,20.049999237060547,20.14999961853028,104002
2022-03-16,20.100000381469727,20.200000762939453,20.0,20.14999961853028,89101
2022-03-17,20.299999237060547,20.450000762939453,20.299999237060547,20.39999961853028,90446
2022-03-18,20.450000762939453,20.450000762939453,20.100000381469727,20.100000381469727,35125
2022-03-21,20.200000762939453,20.350000381469727,20.14999961853028,20.25,35294
2022-03-22,20.25,20.25,20.0,20.14999961853028,103001
2022-03-23,20.200000762939453,20.25,20.100000381469727,20.14999961853028,151346
2022-03-24,20.14999961853028,20.14999961853028,20.049999237060547,20.14999961853028,119274
2022-03-25,20.100000381469727,20.14999961853028,20.049999237060547,20.100000381469727,78000
2022-03-28,20.0,20.100000381469727,20.0,20.100000381469727,127075
2022-03-29,20.100000381469727,20.100000381469727,20.049999237060547,20.100000381469727,120050
2022-03-30,20.100000381469727,20.25,20.100000381469727,20.25,109033
2022-03-31,20.25,20.5,20.200000762939453,20.200000762939453,62179
2022-04-01,20.14999961853028,20.25,20.100000381469727,20.100000381469727,54301
2022-04-06,20.100000381469727,20.200000762939453,20.100000381469727,20.14999961853028,66000
2022-04-07,20.100000381469727,20.14999961853028,20.049999237060547,20.049999237060547,80165
2022-04-08,20.049999237060547,20.14999961853028,20.049999237060547,20.049999237060547,79440
2022-04-11,20.25,20.350000381469727,20.100000381469727,20.200000762939453,150060
2022-04-12,20.200000762939453,20.350000381469727,20.100000381469727,20.14999961853028,76092
2022-04-13,20.14999961853028,20.200000762939453,20.100000381469727,20.200000762939453,86257
2022-04-14,20.299999237060547,20.299999237060547,20.14999961853028,20.25,49475
2022-04-15,20.100000381469727,20.14999961853028,20.049999237060547,20.100000381469727,90055
2022-04-18,20.049999237060547,20.299999237060547,20.049999237060547,20.100000381469727,73544
2022-04-19,20.14999961853028,20.39999961853028,20.14999961853028,20.350000381469727,92115
2022-04-20,20.350000381469727,20.350000381469727,20.049999237060547,20.200000762939453,77189
2022-04-21,20.200000762939453,20.450000762939453,20.100000381469727,20.39999961853028,128011
2022-04-22,20.39999961853028,20.5,20.299999237060547,20.450000762939453,113155
2022-04-25,20.100000381469727,20.39999961853028,20.100000381469727,20.200000762939453,73030
2022-04-26,20.100000381469727,20.25,20.100000381469727,20.200000762939453,31000
2022-04-27,20.25,20.25,20.049999237060547,20.100000381469727,98697
2022-04-28,20.049999237060547,20.25,20.049999237060547,20.100000381469727,57023
2022-04-29,20.049999237060547,20.200000762939453,20.049999237060547,20.200000762939453,95071
2022-05-03,20.200000762939453,20.200000762939453,20.049999237060547,20.14999961853028,61000
2022-05-04,20.100000381469727,20.14999961853028,20.049999237060547,20.14999961853028,55000
2022-05-05,20.14999961853028,20.14999961853028,20.100000381469727,20.14999961853028,45000
2022-05-06,20.049999237060547,20.049999237060547,20.0,20.049999237060547,152745
2022-05-09,20.0,20.0,19.799999237060547,19.850000381469727,112140
2022-05-10,19.799999237060547,19.850000381469727,19.600000381469727,19.799999237060547,87100
2022-05-11,19.799999237060547,19.950000762939453,19.75,19.950000762939453,100697
2022-05-12,19.799999237060547,19.89999961853028,19.64999961853028,19.700000762939453,99801
2022-05-13,19.64999961853028,19.89999961853028,19.64999961853028,19.799999237060547,62046
2022-05-16,19.89999961853028,19.89999961853028,19.75,19.799999237060547,34957
2022-05-17,19.75,19.950000762939453,19.64999961853028,19.850000381469727,94149
2022-05-18,19.850000381469727,19.89999961853028,19.850000381469727,19.850000381469727,65278
2022-05-19,19.700000762939453,19.799999237060547,19.64999961853028,19.75,66000
2022-05-20,19.799999237060547,19.89999961853028,19.75,19.89999961853028,26092
2022-05-23,19.89999961853028,19.89999961853028,19.799999237060547,19.89999961853028,37001
2022-05-24,19.799999237060547,19.950000762939453,19.799999237060547,19.850000381469727,48356
2022-05-25,19.850000381469727,19.89999961853028,19.850000381469727,19.89999961853028,49002
2022-05-26,19.89999961853028,19.950000762939453,19.89999961853028,19.950000762939453,79054
2022-05-27,19.89999961853028,20.14999961853028,19.89999961853028,20.14999961853028,90798
2022-05-30,20.100000381469727,20.200000762939453,20.0,20.049999237060547,114000
2022-05-31,20.049999237060547,20.100000381469727,20.0,20.100000381469727,62862
2022-06-01,20.0,20.049999237060547,19.950000762939453,19.950000762939453,49000
2022-06-02,19.950000762939453,20.0,19.850000381469727,20.0,80243
2022-06-06,20.0,20.049999237060547,19.89999961853028,19.89999961853028,32388
2022-06-07,19.89999961853028,20.0,19.89999961853028,19.89999961853028,30021
2022-06-08,20.0,20.100000381469727,20.0,20.0,144205
2022-06-09,20.0,20.0,20.0,20.0,35602
2022-06-10,20.0,20.200000762939453,20.0,20.100000381469727,132250
2022-06-13,19.89999961853028,20.049999237060547,19.850000381469727,19.850000381469727,173482
2022-06-14,19.850000381469727,20.0,19.75,19.850000381469727,124671
2022-06-15,19.850000381469727,20.450000762939453,19.850000381469727,20.450000762939453,153015
2022-06-16,20.5,20.600000381469727,20.100000381469727,20.100000381469727,133343
2022-06-17,20.0,20.299999237060547,20.0,20.299999237060547,233639
2022-06-20,20.299999237060547,20.549999237060547,20.049999237060547,20.350000381469727,164002
2022-06-21,20.450000762939453,20.600000381469727,20.350000381469727,20.350000381469727,295848
2022-06-22,20.350000381469727,20.350000381469727,20.0,20.0,107654
2022-06-23,20.049999237060547,20.39999961853028,20.049999237060547,20.350000381469727,138752
2022-06-24,20.39999961853028,20.5,20.25,20.39999961853028,99000
2022-06-27,20.5,20.5,20.299999237060547,20.5,183108
2022-06-28,20.299999237060547,20.5,20.200000762939453,20.39999961853028,109000
2022-06-29,20.049999237060547,20.39999961853028,20.049999237060547,20.14999961853028,38000
2022-06-30,20.049999237060547,20.14999961853028,20.049999237060547,20.049999237060547,123562
2022-07-01,20.0,20.14999961853028,19.850000381469727,19.850000381469727,188000
2022-07-04,20.0,20.600000381469727,19.950000762939453,20.049999237060547,105379
2022-07-05,20.299999237060547,20.299999237060547,20.0,20.200000762939453,71000
2022-07-06,20.200000762939453,20.200000762939453,19.75,19.799999237060547,180035
2022-07-07,19.600000381469727,20.0,19.39999961853028,19.450000762939453,93025
2022-07-08,19.799999237060547,19.850000381469727,19.600000381469727,19.600000381469727,77458
2022-07-11,19.600000381469727,19.64999961853028,19.549999237060547,19.600000381469727,42005
2022-07-12,19.549999237060547,19.700000762939453,19.299999237060547,19.299999237060547,76000
2022-07-13,19.39999961853028,19.5,19.14999961853028,19.5,57250
2022-07-14,19.25,19.799999237060547,19.25,19.5,96000
2022-07-15,19.5,19.5,19.299999237060547,19.299999237060547,53000
2022-07-18,19.299999237060547,19.39999961853028,19.299999237060547,19.299999237060547,75000
2022-07-19,19.5,19.5,19.299999237060547,19.450000762939453,55476
2022-07-20,19.5,19.549999237060547,19.200000762939453,19.200000762939453,81555
2022-07-21,19.299999237060547,19.39999961853028,19.299999237060547,19.299999237060547,13263
2022-07-22,19.299999237060547,19.39999961853028,19.200000762939453,19.200000762939453,60025
2022-07-25,19.200000762939453,19.450000762939453,19.200000762939453,19.450000762939453,27273
2022-07-26,19.5,19.5,19.39999961853028,19.39999961853028,22000
2022-07-27,19.5,19.600000381469727,19.5,19.5,19010
2022-07-28,19.64999961853028,19.700000762939453,19.549999237060547,19.600000381469727,50683
2022-07-29,19.600000381469727,19.600000381469727,19.299999237060547,19.549999237060547,65005
2022-08-01,19.549999237060547,19.600000381469727,19.549999237060547,19.600000381469727,28500
2022-08-02,19.299999237060547,19.600000381469727,19.299999237060547,19.5,38020
2022-08-03,19.5,19.600000381469727,19.350000381469727,19.5,44917
2022-08-04,19.39999961853028,19.5,19.200000762939453,19.5,59001
2022-08-05,19.5,19.64999961853028,19.5,19.600000381469727,36076
2022-08-08,19.39999961853028,19.600000381469727,19.39999961853028,19.600000381469727,43685
2022-08-09,19.799999237060547,19.850000381469727,19.549999237060547,19.850000381469727,78389
2022-08-10,19.89999961853028,20.200000762939453,19.89999961853028,20.200000762939453,186001
2022-08-11,20.200000762939453,20.39999961853028,20.0,20.299999237060547,74125
2022-08-12,20.299999237060547,20.350000381469727,20.049999237060547,20.25,31222
2022-08-15,20.200000762939453,20.25,20.100000381469727,20.25,66335
2022-08-16,20.200000762939453,20.299999237060547,20.100000381469727,20.299999237060547,82000
2022-08-17,20.25,20.350000381469727,20.14999961853028,20.299999237060547,128172
2022-08-18,20.299999237060547,20.39999961853028,20.14999961853028,20.350000381469727,65157
2022-08-19,20.350000381469727,21.100000381469727,20.299999237060547,20.799999237060547,342030
2022-08-22,20.75,20.850000381469727,20.600000381469727,20.799999237060547,88000
2022-08-23,20.5,21.0,20.5,20.89999961853028,100000
2022-08-24,20.850000381469727,20.950000762939453,20.64999961853028,20.89999961853028,114209
2022-08-25,20.850000381469727,20.89999961853028,20.700000762939453,20.799999237060547,46142
2022-08-26,20.850000381469727,21.700000762939453,20.850000381469727,21.25,867272
2022-08-29,20.89999961853028,21.299999237060547,20.89999961853028,21.25,236339
2022-08-30,21.100000381469727,21.350000381469727,21.100000381469727,21.25,108280
2022-08-31,21.25,21.450000762939453,21.25,21.350000381469727,83709
2022-09-01,21.100000381469727,21.25,20.89999961853028,21.25,168141
2022-09-02,21.049999237060547,21.25,21.049999237060547,21.049999237060547,91050
2022-09-05,21.049999237060547,21.100000381469727,20.799999237060547,21.0,93147
2022-09-06,21.100000381469727,21.100000381469727,20.850000381469727,20.89999961853028,166030
2022-09-07,20.89999961853028,21.350000381469727,20.799999237060547,21.100000381469727,134318
2022-09-08,21.5,21.799999237060547,21.39999961853028,21.64999961853028,532723
2022-09-12,21.850000381469727,22.0,21.549999237060547,21.75,436287
2022-09-13,21.850000381469727,22.0,21.600000381469727,22.0,542100
2022-09-14,21.799999237060547,22.39999961853028,21.64999961853028,22.25,434200
2022-09-15,22.25,22.64999961853028,22.049999237060547,22.14999961853028,598000
2022-09-16,22.0,22.350000381469727,21.75,22.100000381469727,291101
2022-09-19,22.14999961853028,22.450000762939453,21.799999237060547,22.0,259521
2022-09-20,22.200000762939453,22.200000762939453,21.75,22.0,136218
2022-09-21,21.799999237060547,21.89999961853028,21.450000762939453,21.450000762939453,386156
2022-09-22,21.450000762939453,21.64999961853028,20.89999961853028,21.350000381469727,248006
2022-09-23,21.350000381469727,21.350000381469727,20.850000381469727,20.89999961853028,140001
2022-09-26,20.89999961853028,20.89999961853028,20.100000381469727,20.600000381469727,229387
2022-09-27,20.350000381469727,21.0,20.350000381469727,20.549999237060547,101240
2022-09-28,20.450000762939453,20.450000762939453,20.14999961853028,20.299999237060547,106548
2022-09-29,20.350000381469727,21.0,20.350000381469727,20.700000762939453,71000
2022-09-30,20.64999961853028,21.200000762939453,20.39999961853028,21.100000381469727,119000
2022-10-03,20.600000381469727,21.299999237060547,20.5,20.950000762939453,139000
2022-10-04,21.0,21.200000762939453,20.950000762939453,20.950000762939453,82202
2022-10-05,20.850000381469727,20.950000762939453,20.850000381469727,20.850000381469727,65297
2022-10-06,21.200000762939453,21.200000762939453,20.89999961853028,21.14999961853028,33000
2022-10-07,20.850000381469727,21.14999961853028,20.799999237060547,21.100000381469727,71000
2022-10-11,20.600000381469727,21.100000381469727,20.549999237060547,20.799999237060547,78000
2022-10-12,20.64999961853028,20.75,20.549999237060547,20.600000381469727,77000
2022-10-13,20.5,20.5,19.75,19.89999961853028,189053
2022-10-14,20.25,20.549999237060547,20.0,20.100000381469727,175010
2022-10-17,20.100000381469727,20.200000762939453,19.89999961853028,20.100000381469727,110000
2022-10-18,20.100000381469727,20.200000762939453,19.89999961853028,20.100000381469727,87035
2022-10-19,19.950000762939453,20.14999961853028,19.950000762939453,20.14999961853028,87086
2022-10-20,20.0,20.0,19.75,19.850000381469727,76000
2022-10-21,19.89999961853028,20.049999237060547,19.89999961853028,19.950000762939453,46000
2022-10-24,19.950000762939453,20.299999237060547,19.950000762939453,20.200000762939453,44000
2022-10-25,20.299999237060547,20.299999237060547,19.89999961853028,20.100000381469727,84448
2022-10-26,20.049999237060547,20.100000381469727,19.950000762939453,19.950000762939453,61000
2022-10-27,20.14999961853028,20.200000762939453,20.0,20.14999961853028,35582
2022-10-28,20.200000762939453,20.200000762939453,19.950000762939453,20.049999237060547,20050
2022-10-31,20.0,20.200000762939453,19.89999961853028,20.0,65817
2022-11-01,19.950000762939453,20.14999961853028,19.89999961853028,20.0,86153
2022-11-02,20.0,20.100000381469727,19.950000762939453,20.0,67066
2022-11-03,19.850000381469727,20.0,19.850000381469727,20.0,25000
2022-11-04,20.0,20.100000381469727,20.0,20.100000381469727,47750
2022-11-07,20.14999961853028,20.299999237060547,20.14999961853028,20.200000762939453,83000
2022-11-08,20.25,20.299999237060547,20.14999961853028,20.25,70487
2022-11-09,20.100000381469727,20.39999961853028,20.0,20.14999961853028,255220
2022-11-10,20.049999237060547,20.100000381469727,19.89999961853028,20.049999237060547,131000
2022-11-11,20.299999237060547,20.700000762939453,20.100000381469727,20.299999237060547,133064
2022-11-14,20.39999961853028,21.700000762939453,20.350000381469727,21.200000762939453,476030
2022-11-15,21.39999961853028,21.39999961853028,21.0,21.200000762939453,140001
2022-11-16,21.200000762939453,21.200000762939453,20.549999237060547,20.549999237060547,173754
2022-11-17,20.600000381469727,20.75,20.600000381469727,20.64999961853028,100663
2022-11-18,20.64999961853028,20.950000762939453,20.600000381469727,20.700000762939453,127276
2022-11-21,20.75,21.049999237060547,20.700000762939453,20.950000762939453,114232
2022-11-22,21.0,21.100000381469727,20.75,20.950000762939453,94212
2022-11-23,21.049999237060547,21.049999237060547,20.89999961853028,20.950000762939453,56200
2022-11-24,21.049999237060547,21.100000381469727,20.850000381469727,21.100000381469727,112381
2022-11-25,21.100000381469727,21.200000762939453,20.89999961853028,20.950000762939453,49000
2022-11-28,20.799999237060547,20.950000762939453,20.700000762939453,20.950000762939453,78000
2022-11-29,20.950000762939453,21.100000381469727,20.89999961853028,21.049999237060547,74609
2022-11-30,21.100000381469727,21.799999237060547,21.049999237060547,21.5,317002
2022-12-01,21.700000762939453,22.5,21.25,21.850000381469727,1228101
2022-12-02,21.850000381469727,21.850000381469727,21.5,21.549999237060547,92409
2022-12-05,21.64999961853028,21.850000381469727,21.450000762939453,21.5,246100
2022-12-06,21.64999961853028,21.64999961853028,20.75,20.75,433000
2022-12-07,20.799999237060547,21.14999961853028,20.64999961853028,21.100000381469727,144200
2022-12-08,21.100000381469727,21.100000381469727,20.799999237060547,21.049999237060547,29110
2022-12-09,20.89999961853028,21.100000381469727,20.799999237060547,20.89999961853028,120714
2022-12-12,21.0,21.0,20.700000762939453,20.89999961853028,41000
2022-12-13,21.0,21.14999961853028,21.0,21.14999961853028,178646
2022-12-14,21.14999961853028,21.350000381469727,21.14999961853028,21.14999961853028,124000
2022-12-15,21.14999961853028,21.200000762939453,20.950000762939453,20.950000762939453,64151
2022-12-16,20.799999237060547,20.950000762939453,20.75,20.75,81485
2022-12-19,20.75,20.950000762939453,20.700000762939453,20.700000762939453,46005
2022-12-20,20.700000762939453,20.850000381469727,20.450000762939453,20.600000381469727,127897
2022-12-21,20.600000381469727,20.799999237060547,20.549999237060547,20.64999961853028,30055
2022-12-22,20.799999237060547,21.100000381469727,20.799999237060547,20.799999237060547,88304
2022-12-23,20.700000762939453,20.799999237060547,20.64999961853028,20.700000762939453,58226
2022-12-26,20.700000762939453,20.850000381469727,20.700000762939453,20.850000381469727,42000
2022-12-27,20.89999961853028,20.950000762939453,20.75,20.89999961853028,88000
2022-12-28,20.700000762939453,20.799999237060547,20.64999961853028,20.700000762939453,97000
2022-12-29,20.64999961853028,20.700000762939453,20.450000762939453,20.700000762939453,89183
2022-12-30,20.75,20.75,20.5,20.5,40000
2023-01-03,20.5,20.600000381469727,20.350000381469727,20.549999237060547,66727
2023-01-04,20.75,20.75,20.5,20.549999237060547,43060
2023-01-05,20.549999237060547,20.64999961853028,20.5,20.549999237060547,93105
2023-01-06,20.450000762939453,20.64999961853028,20.450000762939453,20.64999961853028,22398
2023-01-09,20.75,21.0,20.75,20.799999237060547,88304
2023-01-10,20.950000762939453,21.0,20.850000381469727,20.89999961853028,85600
2023-01-11,20.89999961853028,20.89999961853028,20.700000762939453,20.75,30025
2023-01-12,20.75,20.89999961853028,20.75,20.850000381469727,26001
2023-01-13,20.850000381469727,20.850000381469727,20.799999237060547,20.799999237060547,37070
2023-01-16,20.799999237060547,20.850000381469727,20.75,20.850000381469727,52652
2023-01-17,20.950000762939453,20.950000762939453,20.850000381469727,20.850000381469727,75111
2023-01-30,20.799999237060547,20.950000762939453,20.799999237060547,20.850000381469727,108278
2023-01-31,20.799999237060547,21.049999237060547,20.799999237060547,20.950000762939453,101750
2023-02-01,21.0,21.049999237060547,20.89999961853028,20.89999961853028,84916
2023-02-02,20.89999961853028,21.049999237060547,20.850000381469727,20.950000762939453,36001
2023-02-03,20.89999961853028,21.100000381469727,20.89999961853028,21.100000381469727,75012
2023-02-06,21.100000381469727,21.100000381469727,20.950000762939453,21.100000381469727,51121
2023-02-07,20.950000762939453,21.100000381469727,20.950000762939453,21.100000381469727,73230
2023-02-08,21.0,21.14999961853028,20.950000762939453,20.950000762939453,82241
2023-02-09,20.89999961853028,21.0,20.850000381469727,20.950000762939453,60900
2023-02-10,20.89999961853028,20.89999961853028,20.75,20.89999961853028,65000
2023-02-13,20.799999237060547,20.799999237060547,20.700000762939453,20.75,95000
2023-02-14,20.75,20.89999961853028,20.75,20.799999237060547,39141
2023-02-15,20.75,20.850000381469727,20.75,20.799999237060547,28703
2023-02-16,20.799999237060547,20.89999961853028,20.799999237060547,20.89999961853028,64000
2023-02-17,20.89999961853028,20.89999961853028,20.799999237060547,20.799999237060547,129001
2023-02-20,20.700000762939453,20.799999237060547,20.700000762939453,20.799999237060547,124342
2023-02-21,20.799999237060547,21.0,20.75,20.89999961853028,95599
2023-02-22,20.75,20.850000381469727,20.700000762939453,20.799999237060547,108382
2023-02-23,21.049999237060547,21.049999237060547,20.850000381469727,20.89999961853028,92001
2023-02-24,20.89999961853028,21.0,20.89999961853028,21.0,66123
2023-03-01,21.100000381469727,21.100000381469727,20.850000381469727,20.850000381469727,118094
2023-03-02,20.850000381469727,20.89999961853028,20.850000381469727,20.89999961853028,48100
2023-03-03,20.89999961853028,21.049999237060547,20.89999961853028,20.950000762939453,120335
2023-03-06,20.950000762939453,21.100000381469727,20.950000762939453,21.0,215285
2023-03-07,21.0,21.14999961853028,21.0,21.14999961853028,211055
2023-03-08,21.0,21.200000762939453,21.0,21.14999961853028,111031
2023-03-09,21.14999961853028,21.14999961853028,21.049999237060547,21.100000381469727,103572
2023-03-10,21.14999961853028,21.5,21.049999237060547,21.25,338151
2023-03-13,21.25,21.25,21.049999237060547,21.100000381469727,218795
2023-03-14,21.100000381469727,21.100000381469727,21.0,21.100000381469727,109199
2023-03-15,21.100000381469727,21.100000381469727,21.0,21.049999237060547,77000
2023-03-16,21.049999237060547,21.049999237060547,20.700000762939453,20.799999237060547,190001
2023-03-17,20.850000381469727,21.0,20.850000381469727,20.89999961853028,37002
2023-03-20,20.89999961853028,21.0,20.850000381469727,20.950000762939453,64231
2023-03-21,21.0,21.049999237060547,20.89999961853028,21.0,53456
2023-03-22,21.0,21.299999237060547,21.0,21.200000762939453,274003
2023-03-23,21.200000762939453,21.299999237060547,21.200000762939453,21.200000762939453,121145
2023-03-24,21.200000762939453,21.200000762939453,21.0,21.100000381469727,178430
2023-03-27,21.100000381469727,21.200000762939453,21.049999237060547,21.14999961853028,98649
2023-03-28,21.0,21.0,20.89999961853028,20.89999961853028,68000
2023-03-29,21.0,21.100000381469727,20.89999961853028,21.100000381469727,62141
2023-03-30,21.0,21.0,20.89999961853028,20.950000762939453,52001
2023-03-31,21.049999237060547,21.049999237060547,20.950000762939453,20.950000762939453,64034
2023-04-06,20.850000381469727,20.950000762939453,20.799999237060547,20.850000381469727,155000
2023-04-07,20.89999961853028,21.100000381469727,20.799999237060547,20.950000762939453,129000
2023-04-10,21.0,21.100000381469727,20.950000762939453,21.049999237060547,84182
2023-04-11,21.049999237060547,21.14999961853028,20.89999961853028,21.100000381469727,331128
2023-04-12,21.049999237060547,21.14999961853028,20.950000762939453,21.14999961853028,180426
2023-04-13,21.100000381469727,21.25,20.950000762939453,21.049999237060547,146000
2023-04-14,21.100000381469727,21.14999961853028,21.049999237060547,21.14999961853028,107745
2023-04-17,21.14999961853028,21.200000762939453,21.0,21.14999961853028,156425
2023-04-18,21.100000381469727,21.200000762939453,21.049999237060547,21.049999237060547,91650
2023-04-19,21.100000381469727,21.25,21.049999237060547,21.100000381469727,169127
2023-04-20,21.049999237060547,21.049999237060547,20.950000762939453,20.950000762939453,124745
2023-04-21,20.89999961853028,20.950000762939453,20.700000762939453,20.850000381469727,155000
2023-04-24,20.950000762939453,21.0,20.950000762939453,20.950000762939453,30155
2023-04-25,21.0,21.14999961853028,20.75,20.850000381469727,160572
2023-04-26,20.89999961853028,21.0,20.799999237060547,20.850000381469727,116100
2023-04-27,20.89999961853028,20.89999961853028,20.799999237060547,20.850000381469727,103094
2023-04-28,21.0,21.0,20.850000381469727,20.89999961853028,62000
2023-05-02,21.049999237060547,21.049999237060547,20.850000381469727,21.0,48035
2023-05-03,21.0,21.0,20.850000381469727,20.89999961853028,32000
2023-05-04,20.89999961853028,22.950000762939453,20.799999237060547,22.950000762939453,3726114
2023-05-05,22.75,22.75,22.049999237060547,22.600000381469727,2165400
2023-05-08,23.89999961853028,24.299999237060547,23.049999237060547,23.200000762939453,4188150
2023-05-09,23.049999237060547,23.049999237060547,22.299999237060547,22.5,1387401
2023-05-10,22.5,22.700000762939453,21.89999961853028,22.200000762939453,815300
2023-05-11,22.299999237060547,22.350000381469727,21.549999237060547,21.700000762939453,514582
2023-05-12,21.700000762939453,22.350000381469727,21.450000762939453,21.950000762939453,509577
2023-05-15,22.100000381469727,22.89999961853028,21.799999237060547,22.64999961853028,763232
2023-05-16,22.64999961853028,23.39999961853028,22.5,22.600000381469727,892722
2023-05-17,22.75,23.25,22.600000381469727,23.049999237060547,1066064
2023-05-18,23.200000762939453,23.39999961853028,23.0,23.299999237060547,870586
2023-05-19,23.450000762939453,24.0,23.14999961853028,23.75,1281824
2023-05-22,23.75,24.299999237060547,23.75,23.799999237060547,1034738
2023-05-23,24.0,24.39999961853028,23.700000762939453,24.100000381469727,915900
2023-05-24,24.299999237060547,24.299999237060547,23.850000381469727,24.299999237060547,887150
2023-05-25,24.299999237060547,24.299999237060547,23.89999961853028,24.0,647418
2023-05-26,24.0,24.100000381469727,23.049999237060547,23.14999961853028,1218350
2023-05-29,23.299999237060547,23.350000381469727,22.89999961853028,23.14999961853028,508096
2023-05-30,23.200000762939453,23.200000762939453,22.600000381469727,22.700000762939453,420510
2023-05-31,22.75,23.5,22.600000381469727,23.299999237060547,401061
2023-06-01,23.450000762939453,23.5,23.049999237060547,23.25,330671
2023-06-02,23.200000762939453,23.299999237060547,23.0,23.299999237060547,485173
2023-06-05,23.450000762939453,24.14999961853028,23.350000381469727,23.89999961853028,660165
2023-06-06,23.75,23.89999961853028,23.64999961853028,23.75,213064
2023-06-07,23.700000762939453,24.850000381469727,23.64999961853028,24.14999961853028,1109381
2023-06-08,24.14999961853028,24.799999237060547,23.950000762939453,24.450000762939453,1141258
2023-06-09,24.799999237060547,25.799999237060547,24.64999961853028,25.700000762939453,3605931
2023-06-12,25.700000762939453,26.25,25.049999237060547,26.100000381469727,2501624
2023-06-13,26.25,26.25,25.5,25.75,1377150
2023-06-14,26.14999961853028,26.5,25.600000381469727,25.75,1628869
2023-06-15,25.89999961853028,26.75,25.75,26.700000762939453,2372009
2023-06-16,27.450000762939453,28.350000381469727,26.049999237060547,26.25,9001688
2023-06-19,26.39999961853028,27.799999237060547,25.350000381469727,25.600000381469727,5579359
2023-06-20,25.600000381469727,26.299999237060547,25.14999961853028,25.89999961853028,1781350
2023-06-21,26.100000381469727,26.200000762939453,25.39999961853028,26.100000381469727,1245082
2023-06-26,25.850000381469727,26.0,25.5,25.5,547076
2023-06-27,25.600000381469727,25.700000762939453,24.299999237060547,24.450000762939453,1913400
2023-06-28,24.700000762939453,25.25,24.600000381469727,24.850000381469727,1443564
2023-06-29,24.89999961853028,25.64999961853028,24.89999961853028,25.5,1160437
2023-06-30,25.5,26.0,25.25,26.0,1128112
2023-07-03,25.25,25.549999237060547,24.850000381469727,24.850000381469727,1023255
2023-07-04,24.89999961853028,24.89999961853028,24.100000381469727,24.14999961853028,895291
2023-07-05,24.14999961853028,24.14999961853028,23.75,23.75,794021
2023-07-06,23.799999237060547,24.0,23.549999237060547,23.600000381469727,494660
2023-07-07,23.600000381469727,23.600000381469727,23.14999961853028,23.25,463080
2023-07-10,23.200000762939453,23.5,23.0,23.25,423261
2023-07-11,23.25,23.299999237060547,22.850000381469727,22.850000381469727,620394
2023-07-12,22.850000381469727,23.0,22.299999237060547,22.350000381469727,782797
2023-07-13,22.39999961853028,22.89999961853028,22.39999961853028,22.549999237060547,508000
2023-07-14,22.64999961853028,22.950000762939453,22.600000381469727,22.850000381469727,273000
2023-07-17,22.850000381469727,22.850000381469727,22.299999237060547,22.549999237060547,617013
2023-07-18,22.450000762939453,22.450000762939453,22.049999237060547,22.14999961853028,578000
2023-07-19,22.14999961853028,22.75,22.14999961853028,22.5,666425
2023-07-20,22.5,22.850000381469727,22.5,22.799999237060547,512368
2023-07-21,22.600000381469727,22.850000381469727,22.600000381469727,22.600000381469727,328100
2023-07-24,22.700000762939453,22.700000762939453,22.100000381469727,22.25,411200
2023-07-25,22.299999237060547,22.700000762939453,22.200000762939453,22.549999237060547,270231
2023-07-26,22.549999237060547,22.799999237060547,22.5,22.75,172506
2023-07-27,22.700000762939453,23.049999237060547,22.700000762939453,23.049999237060547,364886
2023-07-28,22.950000762939453,23.200000762939453,22.850000381469727,23.14999961853028,327059
2023-07-31,23.100000381469727,24.100000381469727,23.049999237060547,23.700000762939453,903200
2023-08-01,23.850000381469727,23.950000762939453,23.700000762939453,23.850000381469727,379000
2023-08-02,23.75,23.850000381469727,22.950000762939453,22.950000762939453,458000
2023-08-04,22.950000762939453,23.549999237060547,22.950000762939453,23.450000762939453,566077
2023-08-07,23.5,24.600000381469727,23.450000762939453,24.600000381469727,970100
2023-08-08,24.64999961853028,24.64999961853028,23.799999237060547,24.049999237060547,469200
2023-08-09,24.049999237060547,24.25,23.89999961853028,23.89999961853028,338183
2023-08-10,23.89999961853028,24.75,23.600000381469727,24.450000762939453,1422660
2023-08-11,24.5,24.600000381469727,23.850000381469727,23.89999961853028,585100
2023-08-14,23.950000762939453,23.950000762939453,23.200000762939453,23.5,511250
2023-08-15,23.600000381469727,24.350000381469727,23.600000381469727,24.14999961853028,777200
2023-08-16,23.450000762939453,24.25,23.450000762939453,24.049999237060547,365047
2023-08-17,23.799999237060547,24.049999237060547,23.549999237060547,23.799999237060547,231000
2023-08-18,23.89999961853028,24.0,23.25,23.39999961853028,349761
2023-08-21,23.39999961853028,23.64999961853028,23.350000381469727,23.64999961853028,151401
2023-08-22,23.64999961853028,23.64999961853028,23.200000762939453,23.200000762939453,182348
2023-08-23,23.100000381469727,23.299999237060547,22.89999961853028,23.25,292036
2023-08-24,23.25,23.850000381469727,23.100000381469727,23.64999961853028,423100
2023-08-25,23.64999961853028,24.5,23.350000381469727,24.5,866376
2023-08-28,24.549999237060547,24.700000762939453,24.0,24.100000381469727,371000
2023-08-29,24.100000381469727,24.39999961853028,23.89999961853028,24.39999961853028,176001
2023-08-30,24.299999237060547,24.450000762939453,24.14999961853028,24.25,140478
2023-08-31,24.25,24.5,24.100000381469727,24.39999961853028,378415
2023-09-01,24.5,25.25,24.5,25.14999961853028,2016133
2023-09-04,25.89999961853028,27.0,25.89999961853028,26.0,5410196
2023-09-05,26.049999237060547,26.950000762939453,26.049999237060547,26.299999237060547,2789890
2023-09-06,26.39999961853028,27.0,26.14999961853028,26.200000762939453,2365651
2023-09-07,26.200000762939453,27.39999961853028,25.049999237060547,27.100000381469727,5354050
2023-09-08,27.5,27.5,26.549999237060547,26.799999237060547,2636150
2023-09-11,27.299999237060547,27.299999237060547,26.350000381469727,26.850000381469727,2070605
2023-09-12,26.950000762939453,27.0,26.100000381469727,26.200000762939453,1477579
2023-09-13,26.39999961853028,28.350000381469727,26.39999961853028,27.299999237060547,5923030
2023-09-14,27.299999237060547,28.14999961853028,27.100000381469727,27.200000762939453,2509404
2023-09-15,27.350000381469727,27.5,26.89999961853028,27.299999237060547,1066053
2023-09-18,27.200000762939453,27.700000762939453,27.100000381469727,27.100000381469727,554394
2023-09-19,27.299999237060547,27.39999961853028,26.600000381469727,26.64999961853028,967506
2023-09-20,26.549999237060547,26.549999237060547,25.700000762939453,25.799999237060547,2559165
2023-09-21,25.89999961853028,26.5,25.700000762939453,26.049999237060547,1462092
2023-09-22,26.049999237060547,26.049999237060547,25.5,25.5,1051941
2023-09-25,25.450000762939453,27.299999237060547,25.39999961853028,26.850000381469727,1975219
2023-09-26,26.850000381469727,26.950000762939453,26.049999237060547,26.200000762939453,798739
2023-09-27,26.200000762939453,26.299999237060547,25.89999961853028,25.950000762939453,425050
2023-09-28,26.100000381469727,26.64999961853028,26.049999237060547,26.299999237060547,527162
2023-10-02,26.799999237060547,26.89999961853028,26.200000762939453,26.75,738244
2023-10-03,26.799999237060547,26.799999237060547,26.100000381469727,26.100000381469727,660921
2023-10-04,25.89999961853028,25.950000762939453,25.64999961853028,25.75,507000
2023-10-05,26.049999237060547,26.39999961853028,25.75,26.100000381469727,323050
2023-10-06,26.14999961853028,26.200000762939453,25.89999961853028,26.049999237060547,171329
2023-10-11,25.75,25.850000381469727,24.299999237060547,24.75,2269349
2023-10-12,24.75,25.350000381469727,24.75,25.350000381469727,328156
2023-10-13,25.100000381469727,25.350000381469727,24.850000381469727,25.200000762939453,358090
2023-10-16,25.200000762939453,25.200000762939453,24.799999237060547,25.0,334799
2023-10-17,25.049999237060547,25.200000762939453,24.850000381469727,24.850000381469727,377500
2023-10-18,24.850000381469727,24.89999961853028,24.25,24.39999961853028,575621
2023-10-19,24.350000381469727,24.700000762939453,24.25,24.64999961853028,250500
2023-10-20,24.64999961853028,24.64999961853028,23.75,24.0,760473
2023-10-23,24.200000762939453,24.39999961853028,23.89999961853028,24.100000381469727,305223
2023-10-24,24.100000381469727,24.200000762939453,23.89999961853028,24.200000762939453,198063
2023-10-25,24.450000762939453,24.600000381469727,24.39999961853028,24.600000381469727,153260
2023-10-26,24.299999237060547,24.39999961853028,24.0,24.0,192030
2023-10-27,24.14999961853028,24.14999961853028,23.89999961853028,23.950000762939453,192001
2023-10-30,23.950000762939453,24.14999961853028,23.89999961853028,23.89999961853028,225300
2023-10-31,23.850000381469727,23.950000762939453,23.299999237060547,23.350000381469727,448348
2023-11-01,23.39999961853028,23.700000762939453,23.299999237060547,23.700000762939453,218030
2023-11-02,23.850000381469727,24.049999237060547,23.850000381469727,23.950000762939453,169578
2023-11-03,23.950000762939453,24.299999237060547,23.950000762939453,24.200000762939453,384065
2023-11-06,24.14999961853028,24.299999237060547,23.850000381469727,24.200000762939453,134342
2023-11-07,24.0,24.549999237060547,24.0,24.200000762939453,148000
2023-11-08,24.200000762939453,24.850000381469727,24.200000762939453,24.799999237060547,320278
2023-11-09,25.799999237060547,27.0,25.39999961853028,25.700000762939453,1327112
2023-11-10,25.450000762939453,26.89999961853028,25.450000762939453,26.200000762939453,1968595
2023-11-13,25.89999961853028,26.950000762939453,25.89999961853028,25.950000762939453,1398153
2023-11-14,26.25,26.600000381469727,25.799999237060547,26.299999237060547,1360000
2023-11-15,26.700000762939453,27.0,26.5,26.75,1459128
2023-11-16,26.850000381469727,27.0,26.39999961853028,26.950000762939453,926000
2023-11-17,27.0,27.25,26.799999237060547,26.950000762939453,858144
2023-11-20,27.299999237060547,27.450000762939453,27.0,27.049999237060547,507000
2023-11-21,27.049999237060547,27.100000381469727,26.5,26.700000762939453,835260
2023-11-22,27.0,27.100000381469727,26.549999237060547,26.950000762939453,571781
2023-11-23,26.850000381469727,27.14999961853028,26.64999961853028,26.89999961853028,430068
2023-11-24,26.850000381469727,27.049999237060547,26.64999961853028,26.64999961853028,281168
2023-11-27,26.600000381469727,26.700000762939453,26.25,26.25,417025
2023-11-28,26.299999237060547,26.89999961853028,26.299999237060547,26.700000762939453,318866
2023-11-29,26.700000762939453,26.850000381469727,26.549999237060547,26.799999237060547,321670
2023-11-30,26.799999237060547,27.100000381469727,26.64999961853028,27.100000381469727,442452
2023-12-01,27.100000381469727,27.350000381469727,27.0,27.200000762939453,544030
2023-12-04,27.350000381469727,27.350000381469727,27.0,27.25,449073
2023-12-05,27.049999237060547,27.200000762939453,26.89999961853028,27.0,362001
2023-12-06,27.25,27.25,26.950000762939453,27.14999961853028,281589
2023-12-07,27.049999237060547,27.25,26.700000762939453,26.700000762939453,447946
2023-12-08,27.100000381469727,27.100000381469727,26.799999237060547,27.100000381469727,242619
2023-12-11,27.100000381469727,27.100000381469727,26.75,26.799999237060547,272111
2023-12-12,26.75,26.799999237060547,26.0,26.39999961853028,679401
2023-12-13,26.39999961853028,26.600000381469727,26.25,26.299999237060547,223000
2023-12-14,26.299999237060547,26.799999237060547,26.299999237060547,26.700000762939453,281865
2023-12-15,26.75,27.0,26.549999237060547,26.700000762939453,268283
2023-12-18,26.75,27.100000381469727,26.75,26.799999237060547,403000
2023-12-19,26.75,26.950000762939453,26.14999961853028,26.200000762939453,419135
2023-12-20,26.299999237060547,26.450000762939453,26.25,26.39999961853028,124000
2023-12-21,26.39999961853028,26.700000762939453,26.299999237060547,26.5,253000
2023-12-22,26.299999237060547,26.39999961853028,26.14999961853028,26.200000762939453,157500
2023-12-25,26.200000762939453,26.200000762939453,25.700000762939453,25.75,426274
2023-12-26,26.0,26.049999237060547,25.700000762939453,26.0,291348
2023-12-27,25.799999237060547,26.100000381469727,25.799999237060547,25.89999961853028,148565
2023-12-28,26.14999961853028,26.14999961853028,25.850000381469727,26.0,133333
2023-12-29,26.0,26.0,25.850000381469727,25.850000381469727,201457
2024-01-02,25.89999961853028,26.100000381469727,25.799999237060547,25.89999961853028,124205
2024-01-03,25.89999961853028,25.89999961853028,25.75,25.75,168591
2024-01-04,25.700000762939453,25.950000762939453,25.700000762939453,25.700000762939453,161987
2024-01-05,25.600000381469727,26.0,25.600000381469727,25.75,91010
2024-01-08,25.75,25.89999961853028,25.549999237060547,25.64999961853028,183698
2024-01-09,25.64999961853028,25.64999961853028,25.299999237060547,25.350000381469727,251481
2024-01-10,25.350000381469727,25.350000381469727,25.0,25.100000381469727,405140
2024-01-11,25.0,25.25,25.0,25.200000762939453,206567
2024-01-12,25.049999237060547,25.299999237060547,25.049999237060547,25.100000381469727,88401
2024-01-15,25.100000381469727,25.25,25.049999237060547,25.049999237060547,128000
2024-01-16,25.049999237060547,25.049999237060547,24.5,24.549999237060547,616414
2024-01-17,24.39999961853028,24.700000762939453,24.200000762939453,24.549999237060547,601000
2024-01-18,24.950000762939453,24.950000762939453,24.39999961853028,24.700000762939453,146600
2024-01-19,24.549999237060547,24.950000762939453,24.450000762939453,24.600000381469727,260903
2024-01-22,24.700000762939453,25.200000762939453,24.700000762939453,25.100000381469727,241000
2024-01-23,25.100000381469727,25.350000381469727,25.100000381469727,25.25,236130
2024-01-24,25.100000381469727,25.350000381469727,25.100000381469727,25.25,92828
2024-01-25,25.200000762939453,25.39999961853028,25.14999961853028,25.350000381469727,96470
2024-01-26,25.14999961853028,25.5,25.14999961853028,25.299999237060547,116163
2024-01-29,25.600000381469727,26.700000762939453,25.600000381469727,26.25,1373224
2024-01-30,26.299999237060547,26.350000381469727,26.100000381469727,26.299999237060547,373610
2024-01-31,26.299999237060547,26.39999961853028,26.0,26.299999237060547,290425
2024-02-01,26.299999237060547,26.39999961853028,26.25,26.350000381469727,189429
2024-02-02,26.350000381469727,26.5,25.5,25.75,733202
2024-02-05,25.799999237060547,26.14999961853028,25.549999237060547,26.100000381469727,322121
2024-02-15,26.200000762939453,26.39999961853028,26.0,26.14999961853028,498337
2024-02-16,26.299999237060547,27.0,26.299999237060547,27.0,960736
2024-02-19,27.0,27.100000381469727,26.700000762939453,26.799999237060547,431619
2024-02-20,26.75,27.0,26.700000762939453,26.700000762939453,522835
2024-02-21,26.89999961853028,27.0,26.700000762939453,26.850000381469727,273000
2024-02-22,26.850000381469727,26.950000762939453,26.700000762939453,26.850000381469727,275323
2024-02-23,26.700000762939453,26.75,26.350000381469727,26.39999961853028,427020
2024-02-26,26.39999961853028,26.850000381469727,26.39999961853028,26.700000762939453,268188
2024-02-27,26.75,26.850000381469727,26.350000381469727,26.39999961853028,357250
2024-02-29,26.39999961853028,26.700000762939453,26.350000381469727,26.700000762939453,280902
2024-03-01,26.700000762939453,27.25,26.700000762939453,26.850000381469727,628685
2024-03-04,26.850000381469727,27.350000381469727,26.75,26.950000762939453,482556
2024-03-05,27.0,27.100000381469727,26.799999237060547,26.850000381469727,427402
2024-03-06,26.89999961853028,27.0,26.799999237060547,26.89999961853028,270070
2024-03-07,27.049999237060547,27.25,26.89999961853028,27.0,793889
2024-03-08,27.0,27.0,26.350000381469727,26.39999961853028,621274
2024-03-11,26.14999961853028,26.700000762939453,26.14999961853028,26.450000762939453,401187
2024-03-12,26.5,27.0,26.5,27.0,332541
2024-03-13,26.850000381469727,27.0,26.700000762939453,26.89999961853028,360001
2024-03-14,26.950000762939453,27.799999237060547,26.75,27.799999237060547,1542463
2024-03-15,28.0,28.299999237060547,27.600000381469727,28.299999237060547,1578958
2024-03-18,28.5,29.299999237060547,28.5,28.75,1817426
2024-03-19,28.75,29.350000381469727,27.700000762939453,27.850000381469727,2066824
2024-03-20,27.549999237060547,28.200000762939453,27.549999237060547,28.049999237060547,787302
2024-03-21,28.200000762939453,28.200000762939453,27.5,28.049999237060547,655284
2024-03-22,28.0,28.049999237060547,27.5,27.850000381469727,547733
2024-03-25,27.700000762939453,28.39999961853028,27.700000762939453,28.25,720844
2024-03-26,28.25,28.89999961853028,28.0,28.25,896184
2024-03-27,28.25,29.200000762939453,28.25,29.049999237060547,1632489
2024-03-28,29.450000762939453,29.700000762939453,29.0,29.450000762939453,1422672
2024-03-29,29.5,29.75,29.25,29.600000381469727,578000
2024-04-01,29.799999237060547,29.850000381469727,29.39999961853028,29.450000762939453,687901
2024-04-02,29.350000381469727,29.600000381469727,28.950000762939453,29.25,1163709
2024-04-03,29.450000762939453,30.0,29.14999961853028,29.950000762939453,985522
2024-04-08,30.0,30.299999237060547,29.549999237060547,30.200000762939453,1169996
2024-04-09,30.25,30.39999961853028,29.799999237060547,30.39999961853028,743351
2024-04-10,30.39999961853028,30.450000762939453,29.64999961853028,29.700000762939453,788344
2024-04-11,29.64999961853028,30.14999961853028,29.64999961853028,29.799999237060547,603000
2024-04-12,29.799999237060547,29.799999237060547,29.049999237060547,29.450000762939453,1008000
2024-04-15,29.350000381469727,29.75,28.89999961853028,28.950000762939453,706000
2024-04-16,28.950000762939453,28.950000762939453,28.100000381469727,28.299999237060547,933000
2024-04-17,28.299999237060547,29.0,28.299999237060547,28.700000762939453,408410
2024-04-18,28.549999237060547,29.25,28.549999237060547,28.950000762939453,309020
2024-04-19,29.299999237060547,29.299999237060547,27.799999237060547,28.600000381469727,981623
2024-04-22,28.600000381469727,29.39999961853028,28.299999237060547,29.39999961853028,671643
2024-04-23,29.600000381469727,29.64999961853028,29.14999961853028,29.5,365398
2024-04-24,29.299999237060547,29.549999237060547,29.299999237060547,29.5,354000
2024-04-25,29.299999237060547,29.64999961853028,29.14999961853028,29.25,235500
2024-04-26,29.299999237060547,29.5,28.64999961853028,28.950000762939453,547030
2024-04-29,28.89999961853028,30.5,28.89999961853028,30.25,1109246
2024-04-30,30.299999237060547,30.549999237060547,30.049999237060547,30.450000762939453,681394
2024-05-02,30.450000762939453,31.64999961853028,30.350000381469727,31.350000381469727,1623097
2024-05-03,31.14999961853028,31.450000762939453,30.799999237060547,30.89999961853028,548859
2024-05-06,31.0,31.799999237060547,30.799999237060547,31.799999237060547,1126826
2024-05-07,31.600000381469727,31.75,30.89999961853028,31.299999237060547,890005
2024-05-08,31.299999237060547,31.799999237060547,30.600000381469727,30.89999961853028,681812
2024-05-09,33.29999923706055,33.95000076293945,32.599998474121094,33.5,10531804
2024-05-10,33.45000076293945,34.04999923706055,32.95000076293945,33.29999923706055,3100022
2024-05-13,34.0,34.54999923706055,32.20000076293945,33.95000076293945,3048067
2024-05-14,34.5,34.5,33.54999923706055,33.599998474121094,1248925
2024-05-15,33.70000076293945,34.349998474121094,33.599998474121094,33.79999923706055,1173959
2024-05-16,33.79999923706055,34.150001525878906,33.650001525878906,33.75,1320778
2024-05-17,34.0,34.150001525878906,33.5,33.54999923706055,1042243
2024-05-20,33.54999923706055,33.849998474121094,33.25,33.599998474121094,844600
2024-05-21,33.70000076293945,33.79999923706055,32.900001525878906,33.0,957461
2024-05-22,33.0,33.099998474121094,31.799999237060547,32.54999923706055,1273498
2024-05-23,32.400001525878906,32.5,31.75,31.950000762939453,1382977
2024-05-24,31.75,31.75,31.450000762939453,31.700000762939453,744213
2024-05-27,31.700000762939453,32.0,31.64999961853028,31.799999237060547,461300
2024-05-28,32.0,32.25,31.799999237060547,32.099998474121094,569152
2024-05-29,32.0,32.099998474121094,31.75,32.099998474121094,384001
2024-05-30,31.799999237060547,32.0,31.5,31.75,563001
2024-05-31,31.75,32.900001525878906,31.64999961853028,32.45000076293945,605986
2024-06-03,32.45000076293945,32.45000076293945,32.0,32.25,292911
2024-06-04,32.400001525878906,32.5,32.0,32.0,423182
2024-06-05,32.099998474121094,32.349998474121094,32.0,32.25,262526
2024-06-06,32.25,32.29999923706055,31.600000381469727,31.64999961853028,581367
2024-06-07,31.549999237060547,32.54999923706055,31.549999237060547,32.5,563128
2024-06-11,32.04999923706055,32.099998474121094,31.600000381469727,31.600000381469727,575649
2024-06-12,31.64999961853028,31.700000762939453,31.200000762939453,31.350000381469727,658320
2024-06-13,31.200000762939453,31.350000381469727,30.850000381469727,31.14999961853028,885187
2024-06-14,31.14999961853028,31.350000381469727,30.89999961853028,31.100000381469727,564270
2024-06-17,31.299999237060547,31.299999237060547,30.950000762939453,31.0,301005
2024-06-18,31.25,31.299999237060547,30.75,31.0,402261
2024-06-19,31.049999237060547,31.39999961853028,31.0,31.049999237060547,329100
2024-06-20,31.25,31.350000381469727,31.100000381469727,31.299999237060547,358062
2024-06-21,31.299999237060547,31.350000381469727,31.200000762939453,31.299999237060547,221000
2024-06-24,31.350000381469727,31.64999961853028,31.299999237060547,31.39999961853028,297509
2024-06-25,31.64999961853028,31.64999961853028,30.89999961853028,31.450000762939453,483757
2024-06-26,31.450000762939453,31.450000762939453,30.700000762939453,30.89999961853028,820634
2024-06-27,30.700000762939453,31.14999961853028,30.700000762939453,31.0,204442
2024-06-28,31.200000762939453,31.299999237060547,31.0,31.0,376440
2024-07-01,30.799999237060547,31.200000762939453,30.799999237060547,31.049999237060547,274075
2024-07-02,30.950000762939453,31.100000381469727,30.799999237060547,31.049999237060547,311000
2024-07-03,31.100000381469727,31.350000381469727,31.049999237060547,31.350000381469727,322000
2024-07-04,31.5,31.89999961853028,31.350000381469727,31.850000381469727,543983
2024-07-05,32.04999923706055,32.20000076293945,31.450000762939453,31.5,586047
2024-07-08,31.600000381469727,31.700000762939453,31.299999237060547,31.350000381469727,451179
2024-07-09,31.600000381469727,31.75,30.799999237060547,30.950000762939453,624479
2024-07-10,30.850000381469727,30.89999961853028,29.700000762939453,29.799999237060547,1864702
2024-07-11,29.89999961853028,30.600000381469727,29.64999961853028,30.350000381469727,722147
2024-07-12,30.350000381469727,30.64999961853028,30.049999237060547,30.39999961853028,308104
2024-07-15,30.799999237060547,30.799999237060547,30.14999961853028,30.25,295290
2024-07-16,30.350000381469727,30.799999237060547,30.25,30.799999237060547,333032
2024-07-17,31.049999237060547,31.600000381469727,31.049999237060547,31.39999961853028,806623
2024-07-18,31.450000762939453,31.700000762939453,31.0,31.5,378020
2024-07-19,31.5,31.5,30.64999961853028,30.799999237060547,409100
2024-07-22,30.950000762939453,30.950000762939453,29.89999961853028,30.39999961853028,544222
2024-07-23,30.799999237060547,31.25,30.75,31.100000381469727,396408
2024-07-26,31.200000762939453,31.850000381469727,31.0,31.549999237060547,792842
2024-07-29,31.799999237060547,31.799999237060547,31.450000762939453,31.549999237060547,529100
2024-07-30,31.64999961853028,31.64999961853028,31.0,31.600000381469727,405565
2024-07-31,31.450000762939453,31.799999237060547,31.39999961853028,31.600000381469727,165090
2024-08-01,32.0,32.349998474121094,31.600000381469727,32.25,807354
2024-08-02,32.150001525878906,32.150001525878906,31.25,31.299999237060547,493116
2024-08-05,30.549999237060547,30.600000381469727,28.799999237060547,28.89999961853028,1341450
2024-08-06,29.600000381469727,29.600000381469727,26.89999961853028,29.100000381469727,917400
2024-08-07,30.0,31.75,30.0,31.700000762939453,961878
2024-08-08,31.049999237060547,31.549999237060547,30.89999961853028,31.200000762939453,472976
2024-08-09,32.400001525878906,34.29999923706055,32.099998474121094,34.04999923706055,4265950
2024-08-12,34.099998474121094,34.20000076293945,33.599998474121094,33.70000076293945,1887573
2024-08-13,33.95000076293945,33.95000076293945,32.79999923706055,33.29999923706055,1351335
2024-08-14,33.650001525878906,34.400001525878906,33.099998474121094,33.099998474121094,1412763
2024-08-15,33.29999923706055,33.75,33.04999923706055,33.099998474121094,1198297
2024-08-16,33.20000076293945,33.29999923706055,32.599998474121094,32.650001525878906,1332573
2024-08-19,33.45000076293945,33.45000076293945,32.70000076293945,32.849998474121094,727182
2024-08-20,33.0,33.349998474121094,32.54999923706055,32.54999923706055,1410088
2024-08-21,32.599998474121094,32.75,32.150001525878906,32.20000076293945,1134675
2024-08-22,32.20000076293945,32.70000076293945,32.20000076293945,32.650001525878906,1533270
2024-08-23,31.049999237060547,31.39999961853028,30.75,31.14999961853028,2516446
2024-08-26,31.39999961853028,32.099998474121094,31.200000762939453,31.75,681204
2024-08-27,31.5,32.20000076293945,31.5,32.150001525878906,682171
2024-08-28,32.349998474121094,32.349998474121094,31.75,32.099998474121094,561679
2024-08-29,31.850000381469727,32.79999923706055,31.850000381469727,32.75,1018511
2024-08-30,32.75,34.29999923706055,32.75,33.79999923706055,2160906
2024-09-02,34.099998474121094,34.29999923706055,33.29999923706055,33.5,945081
2024-09-03,33.5,34.099998474121094,33.5,33.5,554923
2024-09-04,32.29999923706055,33.5,31.799999237060547,32.400001525878906,1192118
2024-09-05,32.599998474121094,33.75,32.599998474121094,33.150001525878906,677106
2024-09-06,33.099998474121094,33.849998474121094,32.79999923706055,33.75,843999
2024-09-09,33.0,34.20000076293945,32.75,34.0,867200
2024-09-10,34.04999923706055,35.0,33.79999923706055,34.54999923706055,1892326
2024-09-11,35.25,36.900001525878906,34.900001525878906,36.150001525878906,4002174
2024-09-12,36.34999847412109,36.650001525878906,35.79999923706055,36.0,1400708
2024-09-13,36.09999847412109,38.45000076293945,36.04999923706055,38.0,3265416
2024-09-16,38.79999923706055,40.29999923706055,38.0,38.650001525878906,3933250
2024-09-18,38.900001525878906,39.29999923706055,36.70000076293945,37.29999923706055,2517349
2024-09-19,37.59999847412109,39.59999847412109,37.5,38.34999847412109,2174287
2024-09-20,37.79999923706055,38.45000076293945,37.150001525878906,37.79999923706055,1557001
2024-09-23,38.79999923706055,38.79999923706055,38.0,38.54999923706055,1103500
2024-09-24,38.54999923706055,38.70000076293945,37.25,37.29999923706055,1317402
2024-09-25,37.5,37.59999847412109,36.0,37.04999923706055,1673197
2024-09-26,37.54999923706055,38.34999847412109,37.20000076293945,37.400001525878906,879599
2024-09-27,37.54999923706055,39.20000076293945,37.400001525878906,39.09999847412109,2400537
2024-09-30,39.29999923706055,40.70000076293945,38.45000076293945,38.45000076293945,3851909
2024-10-01,38.54999923706055,40.20000076293945,38.25,39.95000076293945,3146688
2024-10-04,40.04999923706055,40.34999847412109,38.70000076293945,39.0,2196344
2024-10-07,40.5,42.25,38.09999847412109,39.45000076293945,3351202
2024-10-08,39.0,39.79999923706055,38.59999847412109,38.70000076293945,1508249
2024-10-09,39.0,39.0,37.45000076293945,37.95000076293945,1683409
2024-10-11,38.79999923706055,40.0,36.0,36.20000076293945,3008050
2024-10-14,36.0,36.900001525878906,35.75,36.09999847412109,1350300
2024-10-15,36.09999847412109,36.95000076293945,36.09999847412109,36.650001525878906,861886
2024-10-16,36.400001525878906,38.09999847412109,36.400001525878906,36.650001525878906,847230
2024-10-17,36.79999923706055,38.400001525878906,36.79999923706055,37.59999847412109,1035093
2024-10-18,37.70000076293945,40.650001525878906,37.45000076293945,39.0,3781715
2024-10-21,40.29999923706055,42.900001525878906,39.59999847412109,42.54999923706055,10777817
2024-10-22,42.84999847412109,43.84999847412109,41.150001525878906,42.84999847412109,8196448
2024-10-23,43.0,43.150001525878906,41.25,42.04999923706055,3957770
2024-10-24,42.04999923706055,43.59999847412109,41.400001525878906,42.25,3831734
2024-10-25,41.84999847412109,46.45000076293945,41.84999847412109,46.400001525878906,16762953
2024-10-28,46.54999923706055,46.59999847412109,42.29999923706055,42.29999923706055,10441436
2024-10-29,41.84999847412109,43.45000076293945,40.20000076293945,41.04999923706055,6276735
2024-10-30,42.79999923706055,45.150001525878906,42.79999923706055,45.150001525878906,12101762
2024-11-01,45.0,49.650001525878906,43.59999847412109,47.0,62062463
2024-11-04,46.900001525878906,47.20000076293945,45.20000076293945,47.09999847412109,17554721
2024-11-05,47.20000076293945,48.5,46.09999847412109,46.150001525878906,9644692
2024-11-06,46.34999847412109,50.0,44.150001525878906,47.04999923706055,17191266
2024-11-07,47.70000076293945,48.900001525878906,46.5,47.59999847412109,8223277
2024-11-08,47.900001525878906,49.900001525878906,47.0,47.04999923706055,11491411
2024-11-11,45.900001525878906,46.650001525878906,43.04999923706055,44.54999923706055,8213713
2024-11-12,44.150001525878906,46.650001525878906,44.150001525878906,44.70000076293945,6561523
2024-11-13,45.25,45.45000076293945,43.29999923706055,43.45000076293945,4600717
2024-11-14,43.650001525878906,44.20000076293945,43.09999847412109,43.45000076293945,3234833
2024-11-15,43.25,45.150001525878906,43.20000076293945,43.20000076293945,4657211
2024-11-18,43.54999923706055,43.54999923706055,40.5,41.79999923706055,5518739
2024-11-19,41.900001525878906,43.25,41.400001525878906,42.900001525878906,3161956
2024-11-20,41.0,41.0,41.0,41.0,4230656
2024-11-21,41.0,43.20000076293945,40.900001525878906,43.04999923706055,3409687
2024-11-22,43.20000076293945,43.5,42.5,43.0,2257393
2024-11-25,43.150001525878906,43.400001525878906,41.900001525878906,42.0,3574197
2024-11-26,42.29999923706055,42.900001525878906,41.900001525878906,42.29999923706055,1531773
2024-11-27,41.95000076293945,41.95000076293945,40.04999923706055,40.20000076293945,4781258
2024-11-28,40.25,40.5,38.84999847412109,39.04999923706055,3718319
2024-11-29,39.400001525878906,40.29999923706055,39.150001525878906,40.20000076293945,2073510
2024-12-02,40.29999923706055,40.70000076293945,39.04999923706055,39.150001525878906,2085100
2024-12-03,39.34999847412109,39.79999923706055,39.0,39.29999923706055,1088030
2024-12-04,39.54999923706055,39.59999847412109,38.5,39.09999847412109,2584970
2024-12-05,39.25,40.25,39.150001525878906,39.95000076293945,2458604
2024-12-06,40.0,40.09999847412109,39.400001525878906,39.400001525878906,1466011
2024-12-09,39.400001525878906,39.400001525878906,38.650001525878906,38.75,886894
2024-12-10,38.84999847412109,40.400001525878906,38.84999847412109,39.20000076293945,1597314
2024-12-11,39.04999923706055,39.150001525878906,38.54999923706055,38.79999923706055,1751073
2024-12-12,38.79999923706055,39.34999847412109,38.09999847412109,38.09999847412109,1372700
2024-12-13,38.09999847412109,38.5,37.400001525878906,38.04999923706055,1888260
2024-12-16,38.150001525878906,38.150001525878906,37.04999923706055,37.04999923706055,1394000
2024-12-17,37.150001525878906,37.5,36.84999847412109,37.5,1269021
2024-12-18,37.54999923706055,38.04999923706055,37.04999923706055,37.900001525878906,1005184
2024-12-19,37.79999923706055,38.70000076293945,37.54999923706055,38.25,1280032
2024-12-20,38.25,38.25,36.95000076293945,37.0,1178000
2024-12-23,37.400001525878906,39.0,37.400001525878906,38.79999923706055,1627136
2024-12-24,39.20000076293945,39.5,38.150001525878906,38.25,1096151
2024-12-25,38.29999923706055,38.5,37.650001525878906,37.75,721265
2024-12-26,37.84999847412109,38.54999923706055,37.59999847412109,37.70000076293945,749005
2024-12-27,38.0,38.0,37.400001525878906,37.400001525878906,420749
2024-12-30,37.400001525878906,37.54999923706055,37.09999847412109,37.34999847412109,293845
2024-12-31,37.34999847412109,37.34999847412109,36.79999923706055,36.84999847412109,514811
2025-01-02,36.79999923706055,37.45000076293945,36.650001525878906,37.20000076293945,606627
2025-01-03,37.20000076293945,38.04999923706055,37.04999923706055,37.5,1024345
2025-01-06,37.75,39.25,37.59999847412109,38.75,1828027
2025-01-07,39.150001525878906,39.45000076293945,38.150001525878906,38.45000076293945,1458200
2025-01-08,38.45000076293945,40.5,38.09999847412109,40.150001525878906,2604250
2025-01-09,40.20000076293945,40.20000076293945,39.0,39.0,1576776
2025-01-10,38.70000076293945,39.20000076293945,38.0,38.0,1109123
2025-01-13,38.0,38.0,36.84999847412109,37.75,1394125
2025-01-14,38.20000076293945,39.900001525878906,37.84999847412109,39.04999923706055,1322184
2025-01-15,39.0,39.900001525878906,38.400001525878906,38.59999847412109,1196012
2025-01-16,38.95000076293945,39.45000076293945,38.5,38.5,900142
2025-01-17,38.70000076293945,39.04999923706055,37.79999923706055,38.59999847412109,1672371
2025-01-20,38.20000076293945,38.34999847412109,37.20000076293945,38.0,1861354
2025-01-21,37.70000076293945,38.20000076293945,37.25,37.34999847412109,1622050
2025-01-22,37.54999923706055,38.04999923706055,36.95000076293945,38.04999923706055,2395568
2025-02-03,37.09999847412109,38.79999923706055,37.09999847412109,38.400001525878906,2024700
2025-02-04,38.54999923706055,39.20000076293945,38.09999847412109,38.45000076293945,993919
2025-02-05,38.79999923706055,39.29999923706055,38.70000076293945,39.09999847412109,936000
2025-02-06,39.25,42.54999923706055,39.25,42.29999923706055,4821101
2025-02-07,42.09999847412109,43.09999847412109,41.0,42.45000076293945,4204507
2025-02-10,42.59999847412109,44.09999847412109,41.900001525878906,42.95000076293945,4396264
2025-02-11,43.04999923706055,43.5,42.25,43.25,3395638
2025-02-12,44.59999847412109,46.29999923706055,43.29999923706055,45.79999923706055,8643002
2025-02-13,45.09999847412109,46.25,44.59999847412109,46.0,4892236
2025-02-14,46.150001525878906,46.54999923706055,45.09999847412109,46.0,2495076
2025-02-17,46.400001525878906,46.900001525878906,44.0,44.400001525878906,5882569
2025-02-18,44.59999847412109,46.75,43.650001525878906,46.5,4226106
2025-02-19,46.70000076293945,48.5,46.25,46.79999923706055,3929544
2025-02-20,46.84999847412109,47.0,46.04999923706055,46.5,1558316
2025-02-21,46.150001525878906,50.400001525878906,46.150001525878906,49.54999923706055,8581023
2025-02-24,49.79999923706055,53.5,49.45000076293945,52.20000076293945,14140337
2025-02-25,52.400001525878906,56.20000076293945,52.0,53.79999923706055,13825454
2025-02-26,53.79999923706055,54.900001525878906,52.79999923706055,53.5,8457816
2025-02-27,54.0,54.0,50.5,51.20000076293945,5911496
2025-03-03,51.70000076293945,52.79999923706055,51.0,51.20000076293945,3430684
2025-03-04,50.900001525878906,50.900001525878906,49.54999923706055,50.70000076293945,3103825
2025-03-05,50.900001525878906,51.59999847412109,49.95000076293945,50.900001525878906,2209588
2025-03-06,50.900001525878906,53.400001525878906,50.900001525878906,52.400001525878906,5310494
2025-03-07,51.79999923706055,52.900001525878906,50.20000076293945,50.79999923706055,2989948
2025-03-10,52.09999847412109,54.5,51.09999847412109,51.5,5655526
2025-03-11,50.20000076293945,51.09999847412109,49.70000076293945,49.95000076293945,3374432
2025-03-12,50.400001525878906,50.70000076293945,48.54999923706055,48.79999923706055,3617196
2025-03-13,49.45000076293945,49.45000076293945,47.04999923706055,47.09999847412109,3279400
2025-03-14,47.0,47.5,46.34999847412109,46.5,2578397
2025-03-17,46.70000076293945,47.29999923706055,46.04999923706055,46.70000076293945,1537060
2025-03-18,47.20000076293945,47.20000076293945,46.5,46.650001525878906,875500
2025-03-19,46.70000076293945,46.70000076293945,46.09999847412109,46.150001525878906,924210
2025-03-20,46.45000076293945,48.45000076293945,46.34999847412109,47.29999923706055,2392517
2025-03-21,47.29999923706055,47.400001525878906,46.45000076293945,46.5,1181068
2025-03-24,46.70000076293945,46.75,45.95000076293945,46.09999847412109,890357
2025-03-25,46.0,46.29999923706055,44.04999923706055,45.79999923706055,3718295
2025-03-26,45.75,46.25,44.79999923706055,45.79999923706055,1516105
2025-03-27,45.70000076293945,45.75,44.900001525878906,45.34999847412109,1057191
2025-03-28,44.95000076293945,45.04999923706055,44.20000076293945,44.84999847412109,993100
2025-03-31,44.04999923706055,44.650001525878906,43.25,43.95000076293945,1720264
2025-04-01,44.09999847412109,44.09999847412109,43.20000076293945,43.5,1508877
2025-04-02,43.54999923706055,44.400001525878906,43.20000076293945,44.34999847412109,1383104
2025-04-07,39.95000076293945,39.95000076293945,39.95000076293945,39.95000076293945,293005
2025-04-08,36.0,37.20000076293945,36.0,36.0,1383885
2025-04-09,32.45000076293945,33.400001525878906,32.400001525878906,32.400001525878906,2911380
2025-04-10,35.599998474121094,35.599998474121094,35.599998474121094,35.599998474121094,692001
2025-04-11,34.04999923706055,34.70000076293945,32.04999923706055,34.599998474121094,2577222
2025-04-14,35.45000076293945,36.5,34.849998474121094,35.349998474121094,1699150
2025-04-15,35.849998474121094,36.79999923706055,35.099998474121094,36.75,1416128
2025-04-16,36.650001525878906,36.650001525878906,35.20000076293945,35.20000076293945,1722183
2025-04-17,35.099998474121094,35.099998474121094,34.04999923706055,34.400001525878906,2132200
2025-04-18,34.70000076293945,35.25,34.45000076293945,34.900001525878906,1022367
2025-04-21,35.099998474121094,35.099998474121094,33.70000076293945,33.70000076293945,1115978
2025-04-22,33.5,34.79999923706055,33.0,34.400001525878906,1457106
2025-04-23,35.099998474121094,35.400001525878906,34.849998474121094,34.900001525878906,1088000
2025-04-24,35.150001525878906,36.20000076293945,35.099998474121094,35.45000076293945,1605304
2025-04-25,36.70000076293945,36.95000076293945,36.0,36.95000076293945,1803080
2025-04-28,37.150001525878906,37.150001525878906,36.45000076293945,36.79999923706055,1150200
2025-04-29,37.0,39.150001525878906,37.0,38.59999847412109,3132060
2025-04-30,38.900001525878906,39.650001525878906,38.20000076293945,39.20000076293945,2179528
2025-05-02,39.5,40.5,39.0,40.25,2208225
2025-05-05,40.34999847412109,40.45000076293945,37.59999847412109,38.0,2896137
2025-05-06,37.70000076293945,39.0,37.70000076293945,38.34999847412109,1438020
2025-05-07,38.5,39.5,38.400001525878906,39.34999847412109,1746028
2025-05-08,39.84999847412109,40.04999923706055,39.25,39.29999923706055,2147000
2025-05-09,39.79999923706055,40.29999923706055,39.59999847412109,39.900001525878906,2341650
2025-05-12,40.29999923706055,40.650001525878906,39.79999923706055,39.900001525878906,1351072
2025-05-13,40.400001525878906,40.54999923706055,39.34999847412109,39.34999847412109,2878500
2025-05-14,39.900001525878906,40.5,39.70000076293945,40.400001525878906,1997369
2025-05-15,40.400001525878906,40.45000076293945,39.79999923706055,39.79999923706055,1618126
2025-05-16,39.95000076293945,40.29999923706055,39.75,39.95000076293945,906611
2025-05-19,39.95000076293945,39.95000076293945,38.84999847412109,39.04999923706055,1490632
2025-05-20,39.29999923706055,39.400001525878906,38.95000076293945,38.95000076293945,763519
2025-05-21,38.95000076293945,39.5,38.79999923706055,39.25,681331
2025-05-22,38.95000076293945,39.0,38.650001525878906,38.70000076293945,869013
2025-05-23,38.70000076293945,39.29999923706055,38.650001525878906,39.09999847412109,537092
2025-05-26,39.04999923706055,39.29999923706055,38.95000076293945,39.0,499322
2025-05-27,39.09999847412109,40.04999923706055,39.09999847412109,39.400001525878906,1368116
2025-05-28,39.59999847412109,39.84999847412109,38.5,38.59999847412109,992020
2025-05-29,39.09999847412109,39.09999847412109,38.25,38.5,966040
2025-06-02,38.29999923706055,38.29999923706055,37.54999923706055,37.70000076293945,846124
2025-06-03,37.84999847412109,38.20000076293945,37.70000076293945,37.84999847412109,471460
2025-06-04,38.0,38.59999847412109,38.0,38.150001525878906,775199
2025-06-05,38.150001525878906,38.45000076293945,37.79999923706055,37.95000076293945,602657
2025-06-06,38.150001525878906,38.400001525878906,37.79999923706055,38.0,429249
2025-06-09,38.0,38.09999847412109,37.650001525878906,37.84999847412109,631150
2025-06-10,37.45000076293945,37.45000076293945,36.5,36.5,2736600
2025-06-11,36.59999847412109,36.900001525878906,36.25,36.84999847412109,710515
2025-06-12,36.95000076293945,37.400001525878906,36.70000076293945,36.84999847412109,1246130
2025-06-13,36.59999847412109,37.20000076293945,36.400001525878906,36.70000076293945,740195
2025-06-16,36.29999923706055,37.09999847412109,36.20000076293945,36.84999847412109,654224
2025-06-17,37.0,38.0,37.0,37.400001525878906,1181000
2025-06-18,37.59999847412109,37.95000076293945,37.29999923706055,37.70000076293945,969301
2025-06-19,37.84999847412109,38.20000076293945,37.70000076293945,37.75,1377150
2025-06-20,38.0,38.0,37.25,37.5,762696
2025-06-23,37.04999923706055,37.150001525878906,36.25,36.34999847412109,1589427
2025-06-24,36.84999847412109,37.70000076293945,36.70000076293945,37.45000076293945,1324903
2025-06-25,37.95000076293945,37.95000076293945,37.25,37.25,547200
2025-06-26,37.25,37.79999923706055,37.25,37.5,586387
2025-06-27,37.79999923706055,38.0,37.400001525878906,37.79999923706055,766250
2025-06-30,38.150001525878906,38.34999847412109,37.75,37.95000076293945,981063
2025-07-01,37.95000076293945,38.650001525878906,37.95000076293945,38.0,758395
2025-07-02,38.29999923706055,38.400001525878906,37.95000076293945,38.20000076293945,533133
2025-07-03,38.900001525878906,40.0,38.45000076293945,38.900001525878906,6351230
2025-07-04,38.900001525878906,39.400001525878906,38.25,38.34999847412109,1963540
2025-07-07,38.54999923706055,38.59999847412109,37.75,38.29999923706055,1709010
2025-07-08,37.900001525878906,37.900001525878906,36.5,36.5,4104812
2025-07-09,36.84999847412109,36.900001525878906,36.25,36.45000076293945,2998201
2025-07-10,32.900001525878906,33.099998474121094,32.150001525878906,32.25,4218408
2025-07-11,32.150001525878906,32.25,31.950000762939453,31.950000762939453,1873367
2025-07-14,32.099998474121094,32.20000076293945,31.549999237060547,31.75,1588001
2025-07-15,31.799999237060547,32.54999923706055,31.600000381469727,31.950000762939453,1425283
2025-07-16,32.0,33.150001525878906,31.89999961853028,32.95000076293945,1916842
2025-07-17,33.349998474121094,34.95000076293945,33.099998474121094,34.849998474121094,3310500
2025-07-18,35.29999923706055,35.400001525878906,34.349998474121094,34.400001525878906,2077910
2025-07-21,34.650001525878906,35.45000076293945,34.650001525878906,34.650001525878906,1708100
2025-07-22,34.75,34.75,33.400001525878906,33.45000076293945,1612430
2025-07-23,33.650001525878906,34.349998474121094,33.650001525878906,34.349998474121094,884312
2025-07-24,34.5,34.849998474121094,33.900001525878906,34.349998474121094,938000
2025-07-25,34.400001525878906,34.599998474121094,34.150001525878906,34.25,766330
2025-07-28,34.5,35.54999923706055,34.5,35.29999923706055,2128355
2025-07-29,35.54999923706055,35.54999923706055,34.0,34.0,1682400
2025-07-30,34.0,35.099998474121094,33.849998474121094,34.650001525878906,1672000
2025-07-31,34.650001525878906,34.650001525878906,34.099998474121094,34.29999923706055,841035
2025-08-04,33.54999923706055,33.75,32.75,33.5,1047304
2025-08-05,33.849998474121094,34.0,33.45000076293945,33.900001525878906,665368
2025-08-06,34.099998474121094,34.400001525878906,33.900001525878906,33.95000076293945,654201
2025-08-07,33.79999923706055,34.099998474121094,33.400001525878906,33.45000076293945,959514
2025-08-08,32.849998474121094,32.900001525878906,31.600000381469727,31.89999961853028,4406405
2025-08-11,31.89999961853028,31.89999961853028,31.200000762939453,31.200000762939453,1895000
2025-08-12,31.200000762939453,31.700000762939453,31.200000762939453,31.25,939104
2025-08-13,31.600000381469727,32.349998474121094,31.39999961853028,31.600000381469727,1864725
2025-08-14,31.950000762939453,32.349998474121094,31.75,32.0,1405940
2025-08-15,32.25,32.75,31.700000762939453,32.54999923706055,1616806
2025-08-18,32.54999923706055,32.900001525878906,32.099998474121094,32.25,1152156
2025-08-19,32.400001525878906,32.400001525878906,31.799999237060547,31.89999961853028,923300
2025-08-20,31.799999237060547,32.099998474121094,31.200000762939453,31.600000381469727,1589000
2025-08-21,31.75,32.29999923706055,31.75,32.099998474121094,831502
2025-08-22,32.04999923706055,32.04999923706055,31.39999961853028,31.549999237060547,718669
2025-08-25,31.799999237060547,32.150001525878906,31.799999237060547,31.89999961853028,582697
2025-08-26,32.0,32.150001525878906,31.75,31.950000762939453,543636
2025-08-27,31.850000381469727,32.25,31.799999237060547,31.89999961853028,592620
2025-08-28,32.0,32.0,31.549999237060547,31.600000381469727,954781
2025-08-29,31.75,31.850000381469727,31.25,31.299999237060547,1040050
2025-09-01,31.299999237060547,31.39999961853028,30.75,30.850000381469727,1020616
2025-09-02,30.850000381469727,30.850000381469727,30.25,30.5,1079172
2025-09-03,30.600000381469727,30.64999961853028,30.25,30.549999237060547,509101
2025-09-04,30.64999961853028,31.200000762939453,30.64999961853028,30.950000762939453,688557
2025-09-05,31.14999961853028,31.299999237060547,30.850000381469727,30.850000381469727,508150
2025-09-08,30.850000381469727,31.100000381469727,30.600000381469727,30.75,665727
2025-09-09,30.850000381469727,30.850000381469727,30.39999961853028,30.5,690705
2025-09-10,30.64999961853028,30.700000762939453,30.0,30.25,1265693
2025-09-11,30.299999237060547,30.39999961853028,29.39999961853028,29.39999961853028,1447500
2025-09-12,29.549999237060547,29.850000381469727,29.549999237060547,29.799999237060547,551338
2025-09-15,29.89999961853028,30.350000381469727,29.799999237060547,29.799999237060547,831692
2025-09-16,29.850000381469727,30.100000381469727,29.600000381469727,29.950000762939453,559370
2025-09-17,29.850000381469727,30.299999237060547,29.75,29.850000381469727,641903
2025-09-18,29.950000762939453,30.049999237060547,29.75,29.850000381469727,441572
2025-09-19,30.25,30.600000381469727,30.200000762939453,30.549999237060547,982365
2025-09-22,30.64999961853028,30.700000762939453,30.39999961853028,30.39999961853028,520001
2025-09-23,30.5,30.600000381469727,30.100000381469727,30.299999237060547,456110
2025-09-24,30.450000762939453,30.700000762939453,30.350000381469727,30.5,343600
2025-09-25,30.600000381469727,31.14999961853028,30.5,30.64999961853028,1179100
2025-09-26,30.64999961853028,30.75,29.89999961853028,29.950000762939453,831173
2025-09-30,30.25,30.299999237060547,29.950000762939453,30.14999961853028,377179
2025-10-01,30.14999961853028,30.5,30.14999961853028,30.39999961853028,363498
2025-10-02,30.549999237060547,31.0,30.549999237060547,30.600000381469727,855688
2025-10-03,30.75,30.75,30.25,30.350000381469727,585423
2025-10-07,30.39999961853028,30.799999237060547,30.200000762939453,30.350000381469727,879150
2025-10-08,30.299999237060547,30.799999237060547,30.200000762939453,30.700000762939453,635000
2025-10-09,30.799999237060547,31.5,30.600000381469727,31.25,1471139
2025-10-13,30.64999961853028,30.700000762939453,30.100000381469727,30.350000381469727,1020085
2025-10-14,30.549999237060547,30.950000762939453,29.89999961853028,30.0,1038180
2025-10-15,30.100000381469727,30.14999961853028,29.64999961853028,29.89999961853028,775103
2025-10-16,30.049999237060547,30.450000762939453,30.0,30.299999237060547,508300
2025-10-17,30.14999961853028,30.64999961853028,30.0,30.299999237060547,634502
2025-10-20,30.39999961853028,30.850000381469727,30.39999961853028,30.549999237060547,853172
2025-10-21,30.549999237060547,31.25,30.549999237060547,31.049999237060547,935060
2025-10-22,31.5,32.099998474121094,31.100000381469727,31.950000762939453,1543720
2025-10-23,31.850000381469727,33.5,31.64999961853028,32.29999923706055,2085368
2025-10-27,32.79999923706055,32.79999923706055,31.850000381469727,31.89999961853028,1035025
2025-10-28,32.0,32.0,31.200000762939453,31.25,914670
2025-10-29,31.299999237060547,31.5,31.0,31.200000762939453,837352
2025-10-30,31.049999237060547,31.25,30.5,30.5,1192160
2025-10-31,30.700000762939453,31.299999237060547,30.5,30.950000762939453,929025
2025-11-03,30.950000762939453,31.850000381469727,30.850000381469727,31.350000381469727,1212001
2025-11-04,31.700000762939453,31.700000762939453,30.89999961853028,31.100000381469727,932155
2025-11-05,30.799999237060547,31.25,30.450000762939453,31.14999961853028,923005
2025-11-06,31.350000381469727,32.45000076293945,31.350000381469727,32.25,1818344
2025-11-07,32.349998474121094,34.0,31.75,33.45000076293945,3966900
2025-11-10,32.95000076293945,32.95000076293945,31.049999237060547,31.200000762939453,2793450
2025-11-11,31.0,32.099998474121094,30.799999237060547,31.39999961853028,3235055
2025-11-12,31.5,33.20000076293945,31.5,33.04999923706055,3547201
2025-11-13,33.099998474121094,34.04999923706055,32.849998474121094,33.900001525878906,2952196
2025-11-14,33.599998474121094,34.349998474121094,33.400001525878906,33.70000076293945,1921779
2025-11-17,33.70000076293945,33.75,32.70000076293945,32.75,1644040
2025-11-18,32.95000076293945,33.29999923706055,32.150001525878906,32.20000076293945,1387698
2025-11-19,32.29999923706055,32.75,32.20000076293945,32.650001525878906,811154
2025-11-20,32.79999923706055,33.5,32.70000076293945,33.150001525878906,888003
2025-11-21,33.150001525878906,33.400001525878906,32.75,32.79999923706055,1105266
2025-11-24,33.20000076293945,34.0,33.150001525878906,33.349998474121094,937200
2025-11-25,33.349998474121094,33.70000076293945,33.25,33.5,607442
2025-11-26,33.599998474121094,34.45000076293945,33.5,34.349998474121094,1481817
2025-11-27,34.45000076293945,34.599998474121094,33.599998474121094,33.79999923706055,1039249
2025-11-28,34.0,34.150001525878906,33.54999923706055,33.79999923706055,401101
2025-12-01,33.650001525878906,33.849998474121094,33.5,33.599998474121094,566473
2025-12-02,33.599998474121094,34.5,33.599998474121094,34.29999923706055,1240360
2025-12-03,34.5,34.5,33.79999923706055,33.95000076293945,922790
2025-12-04,33.900001525878906,34.20000076293945,33.54999923706055,33.599998474121094,580108
2025-12-05,33.599998474121094,33.599998474121094,32.95000076293945,33.04999923706055,817045
2025-12-08,32.900001525878906,32.900001525878906,31.89999961853028,32.04999923706055,1762046
2025-12-09,32.099998474121094,32.400001525878906,31.75,32.150001525878906,559261
2025-12-10,32.29999923706055,32.599998474121094,32.25,32.29999923706055,483000
2025-12-11,32.29999923706055,32.599998474121094,31.850000381469727,32.099998474121094,700058
2025-12-12,32.29999923706055,32.79999923706055,32.29999923706055,32.5,437390
2025-12-15,32.29999923706055,32.70000076293945,32.20000076293945,32.349998474121094,468514
2025-12-16,32.20000076293945,32.400001525878906,31.89999961853028,32.25,503205
2025-12-17,32.25,32.650001525878906,32.25,32.5,710053
2025-12-18,32.5,33.29999923706055,32.5,33.099998474121094,1099200
2025-12-19,33.099998474121094,34.20000076293945,33.099998474121094,33.70000076293945,2922587
2025-12-22,33.95000076293945,34.20000076293945,33.5,34.099998474121094,1299958
2025-12-23,33.95000076293945,34.20000076293945,33.54999923706055,33.54999923706055,785229
2025-12-24,33.45000076293945,33.599998474121094,32.70000076293945,32.75,913374
2025-12-26,32.75,32.900001525878906,32.650001525878906,32.70000076293945,241824
2025-12-29,32.70000076293945,32.900001525878906,32.599998474121094,32.79999923706055,410152
2025-12-30,32.849998474121094,32.849998474121094,32.20000076293945,32.400001525878906,474121
2025-12-31,32.400001525878906,32.400001525878906,31.850000381469727,32.29999923706055,827150
2026-01-02,32.099998474121094,32.349998474121094,31.100000381469727,31.14999961853028,1937219
2026-01-05,31.049999237060547,31.049999237060547,30.64999961853028,30.799999237060547,723300
2026-01-06,30.850000381469727,31.299999237060547,30.850000381469727,31.14999961853028,729225
2026-01-07,31.14999961853028,32.25,31.14999961853028,32.150001525878906,1203602
2026-01-08,32.150001525878906,32.650001525878906,31.600000381469727,31.799999237060547,1205956
2026-01-09,31.89999961853028,32.099998474121094,31.549999237060547,31.950000762939453,564090
2026-01-12,31.75,31.75,31.0,31.350000381469727,1206200
2026-01-13,31.350000381469727,31.39999961853028,30.89999961853028,31.14999961853028,960005
2026-01-14,31.200000762939453,32.20000076293945,31.200000762939453,32.150001525878906,1391214
2026-01-15,32.20000076293945,32.400001525878906,31.799999237060547,32.150001525878906,518569
2026-01-16,32.349998474121094,32.400001525878906,31.850000381469727,31.950000762939453,554827
2026-01-19,31.950000762939453,33.0,31.799999237060547,32.79999923706055,994619
2026-01-20,32.79999923706055,33.0,32.25,32.400001525878906,799180
2026-01-21,32.0,32.04999923706055,31.75,31.950000762939453,549050
2026-01-22,32.0,32.599998474121094,32.0,32.5,643203
2026-01-23,32.5,32.650001525878906,32.099998474121094,32.150001525878906,246093
2026-01-26,32.20000076293945,32.75,32.150001525878906,32.5,890010
2026-01-27,32.75,33.0,32.5,32.599998474121094,796246
2026-01-28,32.599998474121094,33.0,32.349998474121094,32.349998474121094,791108
2026-01-29,32.349998474121094,32.599998474121094,32.150001525878906,32.29999923706055,585805
2026-01-30,32.349998474121094,32.54999923706055,31.5,31.549999237060547,960537
2026-02-02,31.200000762939453,31.200000762939453,30.600000381469727,30.799999237060547,1046050
2026-02-03,31.0,31.299999237060547,30.950000762939453,31.049999237060547,524154
2026-02-04,31.39999961853028,31.75,30.850000381469727,31.600000381469727,661136
2026-02-05,31.700000762939453,31.950000762939453,31.5,31.75,564287
2026-02-06,31.75,31.75,30.700000762939453,31.100000381469727,715336
2026-02-09,31.14999961853028,31.350000381469727,30.549999237060547,30.700000762939453,1135509
2026-02-10,30.549999237060547,30.75,30.100000381469727,30.600000381469727,892346
2026-02-11,32.400001525878906,33.650001525878906,32.150001525878906,33.0,5762392
2026-02-23,33.45000076293945,34.099998474121094,33.0,34.0,2661038
2026-02-24,33.95000076293945,34.54999923706055,33.900001525878906,33.95000076293945,1492100
2026-02-25,34.54999923706055,36.650001525878906,34.54999923706055,36.150001525878906,4107613
2026-02-26,36.150001525878906,36.150001525878906,34.849998474121094,35.25,2331025
2026-03-02,34.5,35.099998474121094,34.0,34.099998474121094,1208200
2026-03-03,33.95000076293945,35.95000076293945,33.5,35.099998474121094,3566260
2026-03-04,34.599998474121094,34.599998474121094,32.29999923706055,32.849998474121094,2200176
2026-03-05,33.900001525878906,34.5,33.20000076293945,34.20000076293945,1701120
2026-03-06,34.150001525878906,36.20000076293945,33.70000076293945,35.25,4777505
2026-03-09,34.5,36.0,32.599998474121094,33.20000076293945,4326262
2026-03-10,33.75,34.04999923706055,33.099998474121094,33.75,1676192
2026-03-11,32.95000076293945,33.349998474121094,32.650001525878906,33.20000076293945,2278640
2026-03-12,33.20000076293945,33.54999923706055,33.0,33.45000076293945,956150
2026-03-13,33.099998474121094,33.599998474121094,33.04999923706055,33.349998474121094,1005074
2026-03-16,33.5,34.29999923706055,33.349998474121094,34.29999923706055,1575030
2026-03-17,34.45000076293945,34.45000076293945,33.95000076293945,34.099998474121094,849000
2026-03-18,34.45000076293945,34.45000076293945,33.95000076293945,34.0,564005
2026-03-19,34.150001525878906,35.29999923706055,33.900001525878906,34.79999923706055,1838601
2026-03-20,34.79999923706055,35.5,34.20000076293945,34.25,1530200
2026-03-23,33.5,35.20000076293945,33.5,34.95000076293945,1990612
2026-03-24,34.20000076293945,35.349998474121094,33.70000076293945,34.0,1806177
2026-03-25,34.5,34.5,33.70000076293945,33.95000076293945,777100
2026-03-26,34.20000076293945,35.0,34.150001525878906,34.150001525878906,1214000
2026-03-27,34.5,34.95000076293945,34.04999923706055,34.150001525878906,774066
2026-03-30,34.0,35.70000076293945,33.70000076293945,34.79999923706055,2795554
2026-03-31,34.599998474121094,34.599998474121094,32.349998474121094,32.349998474121094,3026398
2026-04-01,32.900001525878906,32.900001525878906,32.29999923706055,32.5,1203787
2026-04-02,32.54999923706055,32.54999923706055,31.5,31.5,1340670
2026-04-07,31.600000381469727,31.799999237060547,30.950000762939453,31.0,1064206
2026-04-08,31.600000381469727,31.89999961853028,30.89999961853028,31.799999237060547,807971
2026-04-09,31.600000381469727,31.850000381469727,31.39999961853028,31.39999961853028,523000
2026-04-10,31.299999237060547,31.89999961853028,31.299999237060547,31.799999237060547,609001
2026-04-13,31.700000762939453,32.45000076293945,31.600000381469727,32.150001525878906,664575
2026-04-14,32.20000076293945,32.599998474121094,32.099998474121094,32.25,518715
2026-04-15,32.45000076293945,32.45000076293945,32.0,32.0,618305
2026-04-16,32.04999923706055,32.29999923706055,31.89999961853028,32.04999923706055,537030
2026-04-17,32.20000076293945,32.400001525878906,31.850000381469727,31.89999961853028,593675
2026-04-20,32.099998474121094,32.099998474121094,31.5,31.5,573317
2026-04-21,31.5,31.75,31.450000762939453,31.5,473853
2026-04-22,31.700000762939453,32.349998474121094,31.600000381469727,32.150001525878906,980738
2026-04-23,32.599998474121094,32.599998474121094,31.200000762939453,31.799999237060547,1132050
2026-04-24,31.700000762939453,31.850000381469727,31.100000381469727,31.700000762939453,827148
2026-04-27,31.600000381469727,31.64999961853028,31.049999237060547,31.25,797260
2026-04-28,31.25,31.450000762939453,31.0,31.049999237060547,647015
2026-04-29,31.39999961853028,31.5,31.0,31.350000381469727,1002000
2026-04-30,31.5,32.0,31.350000381469727,31.700000762939453,1017095
2026-05-04,32.0,32.0,31.25,31.549999237060547,1222364
2026-05-05,31.700000762939453,31.799999237060547,31.14999961853028,31.350000381469727,1461150
2026-05-06,31.5,31.600000381469727,31.100000381469727,31.25,982120
2026-05-07,31.39999961853028,31.600000381469727,31.200000762939453,31.5,777178
2026-05-08,31.5,32.29999923706055,31.5,32.20000076293945,1459350
2026-05-11,32.25,33.0,32.25,32.45000076293945,1951120
2026-05-12,32.650001525878906,32.75,32.29999923706055,32.29999923706055,1087841
2026-05-13,32.04999923706055,32.349998474121094,31.850000381469727,31.850000381469727,629011
2026-05-14,31.89999961853028,32.099998474121094,31.700000762939453,31.89999961853028,896189
2026-05-15,32.0,32.400001525878906,31.799999237060547,31.850000381469727,644000
2026-05-18,31.799999237060547,32.099998474121094,31.700000762939453,31.799999237060547,425373
2026-05-19,31.799999237060547,32.150001525878906,31.64999961853028,31.64999961853028,513917
2026-05-20,31.64999961853028,31.700000762939453,31.350000381469727,31.350000381469727,534279
2026-05-21,31.350000381469727,31.75,31.350000381469727,31.64999961853028,436666
2026-05-22,31.600000381469727,31.799999237060547,31.5,31.5,513911
2026-05-25,31.5,31.64999961853028,30.75,31.0,1659775
2026-05-26,31.049999237060547,31.100000381469727,30.799999237060547,30.850000381469727,836755
2026-05-27,31.0,31.100000381469727,30.600000381469727,30.600000381469727,1000830
2026-05-28,30.799999237060547,31.0,30.600000381469727,30.75,754119
2026-05-29,30.799999237060547,31.39999961853028,30.799999237060547,31.14999961853028,790300
2026-06-01,31.14999961853028,32.54999923706055,30.799999237060547,32.5,1871553
2026-06-02,32.54999923706055,33.20000076293945,32.150001525878906,33.150001525878906,1542437
2026-06-03,33.20000076293945,34.20000076293945,32.95000076293945,34.0,2693110
2026-06-04,34.0,34.95000076293945,33.849998474121094,34.45000076293945,2289185
2026-06-05,34.45000076293945,34.95000076293945,33.5,34.29999923706055,2006966
2026-06-08,32.650001525878906,34.79999923706055,32.599998474121094,34.54999923706055,2041213
2026-06-09,34.54999923706055,35.75,34.54999923706055,34.599998474121094,2264544
2026-06-10,34.79999923706055,35.5,34.70000076293945,35.0,2051905
2026-06-11,35.25,35.599998474121094,34.70000076293945,35.20000076293945,1284100
2026-06-12,35.70000076293945,36.900001525878906,35.599998474121094,36.75,2834905
2026-06-15,37.04999923706055,38.0,36.59999847412109,37.04999923706055,1988165
2026-06-16,37.650001525878906,38.29999923706055,37.150001525878906,37.400001525878906,2257163
2026-06-17,37.25,37.29999923706055,36.09999847412109,36.09999847412109,1590150
2026-06-18,36.20000076293945,37.09999847412109,36.04999923706055,36.400001525878906,871629
2026-06-22,37.0,37.0,36.09999847412109,36.400001525878906,1164879
2026-06-23,36.45000076293945,36.45000076293945,35.0,35.04999923706055,1723816
2026-06-24,34.79999923706055,35.95000076293945,34.79999923706055,35.849998474121094,897531
2026-06-25,36.20000076293945,36.400001525878906,35.20000076293945,35.20000076293945,854574
2026-06-26,35.04999923706055,35.20000076293945,34.25,34.349998474121094,1117001
2026-06-29,34.349998474121094,34.900001525878906,34.29999923706055,34.650001525878906,685071
2026-06-30,34.70000076293945,34.70000076293945,33.849998474121094,34.29999923706055,1262791
2026-07-01,34.54999923706055,34.599998474121094,34.04999923706055,34.29999923706055,1010135
2026-07-02,34.29999923706055,35.20000076293945,34.150001525878906,35.0,1043462
2026-07-03,35.5,36.54999923706055,35.5,35.79999923706055,2901599
2026-07-06,33.599998474121094,34.70000076293945,32.95000076293945,33.150001525878906,2733500
2026-07-07,33.650001525878906,33.849998474121094,32.95000076293945,33.0,1327483
2026-07-08,33.29999923706055,33.29999923706055,31.799999237060547,32.0,1508000
2026-07-09,32.0,32.29999923706055,31.64999961853028,32.150001525878906,934207
2026-07-10,32.150001525878906,32.150001525878906,32.150001525878906,32.150001525878906,0
2026-07-13,32.45000076293945,32.75,32.0,32.349998474121094,953620
2026-07-14,32.5,32.5,31.799999237060547,32.5,727929
2026-07-15,32.95000076293945,32.95000076293945,32.099998474121094,32.400001525878906,1073650
2026-07-16,32.400001525878906,32.75,32.099998474121094,32.70000076293945,491549
2026-07-17,32.70000076293945,32.849998474121094,31.89999961853028,32.04999923706055,995376
2026-07-20,32.04999923706055,32.29999923706055,31.25,31.5,1455101
2026-07-21,31.5,32.349998474121094,31.5,32.349998474121094,452000
2026-07-22,32.400001525878906,33.0,32.400001525878906,32.5,545000
2026-07-23,32.5,32.849998474121094,32.400001525878906,32.599998474121094,474987
2026-07-24,32.29999923706055,32.54999923706055,31.950000762939453,32.29999923706055,435300
2026-07-27,32.04999923706055,32.099998474121094,31.299999237060547,31.450000762939453,660065
2026-07-28,31.450000762939453,31.450000762939453,30.799999237060547,31.0,599168
2026-07-29,31.25,31.350000381469727,30.0,30.64999961853028,1333035
2026-07-30,30.700000762939453,30.89999961853028,30.299999237060547,30.64999961853028,627100
2026-07-31,30.89999961853028,31.799999237060547,30.89999961853028,31.75,585300
2026-08-03,31.700000762939453,31.700000762939453,31.100000381469727,31.350000381469727,461164
2026-08-04,31.100000381469727,31.799999237060547,31.100000381469727,31.75,397130
2026-08-05,31.799999237060547,32.20000076293945,31.700000762939453,32.0,357502
2026-08-06,31.75,32.20000076293945,31.75,32.150001525878906,380573
2026-08-07,32.20000076293945,32.75,32.20000076293945,32.5,370842
2026-08-10,32.0,32.0,30.100000381469727,30.89999961853028,2196669
2026-08-11,31.0,31.39999961853028,30.64999961853028,31.0,880076
2026-08-12,31.100000381469727,31.299999237060547,30.89999961853028,30.89999961853028,590100
2026-08-13,30.89999961853028,31.0,30.5,30.549999237060547,939445
2026-08-14,30.5,30.600000381469727,30.25,30.39999961853028,789000
2026-08-17,30.299999237060547,30.600000381469727,30.25,30.5,422364
2026-08-18,30.350000381469727,30.549999237060547,30.299999237060547,30.299999237060547,511393
2026-08-19,30.299999237060547,30.549999237060547,30.25,30.299999237060547,398030
2026-08-20,30.5,30.799999237060547,30.5,30.75,434001
2026-08-21,30.64999961853028,31.14999961853028,30.600000381469727,31.14999961853028,722111
2026-08-24,31.14999961853028,31.200000762939453,30.700000762939453,30.799999237060547,505036
2026-08-25,30.850000381469727,30.850000381469727,30.549999237060547,30.600000381469727,548090
2026-08-26,30.700000762939453,30.950000762939453,30.700000762939453,30.850000381469727,352001
2026-08-27,30.89999961853028,31.200000762939453,30.89999961853028,30.950000762939453,580714
2026-08-28,31.0,31.100000381469727,30.600000381469727,30.700000762939453,594026
2026-08-31,30.600000381469727,31.0,30.549999237060547,30.549999237060547,481000
2026-09-01,30.549999237060547,30.89999961853028,30.549999237060547,30.600000381469727,461700
2026-09-02,30.600000381469727,30.700000762939453,30.39999961853028,30.450000762939453,578594
2026-09-03,30.5,30.75,30.350000381469727,30.350000381469727,636088
2026-09-04,30.39999961853028,30.5,30.299999237060547,30.450000762939453,665000
2026-09-07,30.75,30.75,30.299999237060547,30.5,311100
2026-09-08,30.299999237060547,30.64999961853028,30.299999237060547,30.64999961853028,342084
2026-09-09,30.700000762939453,30.89999961853028,30.450000762939453,30.850000381469727,382295
2026-09-10,31.0,31.0,30.700000762939453,30.75,380133
2026-09-11,30.549999237060547,30.700000762939453,30.350000381469727,30.549999237060547,336000
2026-09-14,30.549999237060547,30.549999237060547,30.049999237060547,30.299999237060547,367180
2026-09-15,30.25,30.299999237060547,30.14999961853028,30.14999961853028,276033
2026-09-16,30.299999237060547,30.549999237060547,30.25,30.350000381469727,280000
2026-09-17,30.350000381469727,30.75,30.350000381469727,30.600000381469727,327000
2026-09-18,30.799999237060547,30.850000381469727,30.450000762939453,30.549999237060547,307090
2026-09-21,30.5,30.899999618530273,30.5,30.850000381469727,290200
2026-09-22,30.950000762939453,30.950000762939453,30.649999618530273,30.649999618530273,327957
2026-09-23,30.799999237060547,30.850000381469727,30.600000381469727,30.649999618530273,389611
2026-09-24,30.549999237060547,30.75,30.399999618530273,30.700000762939453,207000
