date,open,high,low,close,volume
2020-01-02,6.199999809265137,6.199999809265137,6.199999809265137,6.199999809265137,21270
2020-01-03,6.0,6.010000228881836,6.0,6.010000228881836,6099
2020-01-06,6.010000228881836,6.010000228881836,6.010000228881836,6.010000228881836,0
2020-01-07,6.28000020980835,6.28000020980835,6.28000020980835,6.28000020980835,1424
2020-01-08,6.0,6.179999828338623,6.0,6.179999828338623,2000
2020-01-09,6.730000019073486,6.730000019073486,6.730000019073486,6.730000019073486,1238
2020-01-10,6.119999885559082,6.119999885559082,6.099999904632568,6.099999904632568,8100
2020-01-13,6.599999904632568,6.599999904632568,6.5,6.5,7624
2020-01-14,7.090000152587891,7.090000152587891,6.190000057220459,6.190000057220459,7633
2020-01-15,6.25,6.25,6.25,6.25,1060
2020-01-16,6.550000190734863,6.559999942779541,6.550000190734863,6.559999942779541,2016
2020-01-17,6.559999942779541,6.559999942779541,6.559999942779541,6.559999942779541,0
2020-01-20,7.190000057220459,7.190000057220459,6.989999771118164,7.0,15002
2020-01-30,7.0,7.0,7.0,7.0,0
2020-01-31,6.949999809265137,6.949999809265137,6.949999809265137,6.949999809265137,1889
2020-02-03,6.849999904632568,6.849999904632568,6.28000020980835,6.5,11518
2020-02-04,6.429999828338623,6.429999828338623,6.429999828338623,6.429999828338623,3009
2020-02-05,6.53000020980835,6.53000020980835,6.53000020980835,6.53000020980835,1193
2020-02-06,6.5,6.5,6.5,6.5,1003
2020-02-07,6.699999809265137,6.699999809265137,6.699999809265137,6.699999809265137,5008
2020-02-10,6.699999809265137,6.699999809265137,6.699999809265137,6.699999809265137,0
2020-02-11,6.699999809265137,6.699999809265137,6.699999809265137,6.699999809265137,0
2020-02-12,7.28000020980835,7.28000020980835,7.0,7.0,10066
2020-02-13,7.0,7.0,7.0,7.0,3022
2020-02-14,6.5,6.5,6.5,6.5,1233
2020-02-17,6.5,6.5,6.5,6.5,0
2020-02-18,6.389999866485596,6.389999866485596,6.389999866485596,6.389999866485596,5011
2020-02-19,6.389999866485596,6.389999866485596,6.389999866485596,6.389999866485596,0
2020-02-20,6.389999866485596,6.389999866485596,6.389999866485596,6.389999866485596,0
2020-02-21,6.389999866485596,6.389999866485596,6.389999866485596,6.389999866485596,0
2020-02-24,6.389999866485596,6.389999866485596,6.389999866485596,6.389999866485596,0
2020-02-25,6.389999866485596,6.389999866485596,6.389999866485596,6.389999866485596,0
2020-02-26,6.389999866485596,6.389999866485596,6.389999866485596,6.389999866485596,12420
2020-02-27,6.389999866485596,6.389999866485596,6.389999866485596,6.389999866485596,0
2020-03-02,6.03000020980835,6.03000020980835,6.019999980926514,6.019999980926514,5022
2020-03-03,6.25,6.25,6.25,6.25,2010
2020-03-04,6.25,6.25,6.25,6.25,0
2020-03-05,6.239999771118164,6.25,6.239999771118164,6.25,4470
2020-03-06,6.28000020980835,6.28000020980835,6.28000020980835,6.28000020980835,4008
2020-03-09,6.28000020980835,6.28000020980835,6.28000020980835,6.28000020980835,0
2020-03-10,5.760000228881836,5.760000228881836,5.75,5.75,2130
2020-03-11,5.989999771118164,6.0,5.989999771118164,6.0,3045
2020-03-12,6.0,6.0,6.0,6.0,0
2020-03-13,5.400000095367432,6.409999847412109,5.400000095367432,6.409999847412109,3662
2020-03-16,6.170000076293945,6.579999923706055,6.170000076293945,6.579999923706055,5397
2020-03-17,6.579999923706055,6.579999923706055,6.579999923706055,6.579999923706055,0
2020-03-18,6.960000038146973,6.960000038146973,6.960000038146973,6.960000038146973,1039
2020-03-19,6.269999980926514,6.269999980926514,6.269999980926514,6.269999980926514,25265
2020-03-20,5.650000095367432,5.650000095367432,5.650000095367432,5.650000095367432,1021
2020-03-23,5.650000095367432,5.650000095367432,5.650000095367432,5.650000095367432,0
2020-03-24,5.460000038146973,5.650000095367432,5.460000038146973,5.650000095367432,4245
2020-03-25,5.650000095367432,5.650000095367432,5.650000095367432,5.650000095367432,0
2020-03-26,5.110000133514404,5.800000190734863,5.110000133514404,5.800000190734863,11119
2020-03-27,5.800000190734863,5.800000190734863,5.800000190734863,5.800000190734863,0
2020-03-30,5.800000190734863,5.800000190734863,5.800000190734863,5.800000190734863,0
2020-03-31,5.800000190734863,5.800000190734863,5.800000190734863,5.800000190734863,0
2020-04-01,5.800000190734863,5.800000190734863,5.800000190734863,5.800000190734863,0
2020-04-06,5.800000190734863,5.800000190734863,5.800000190734863,5.800000190734863,0
2020-04-07,5.400000095367432,5.400000095367432,5.400000095367432,5.400000095367432,2305
2020-04-08,5.920000076293945,5.940000057220459,5.920000076293945,5.940000057220459,8288
2020-04-09,5.429999828338623,5.429999828338623,5.429999828338623,5.429999828338623,1410
2020-04-10,5.889999866485596,5.949999809265137,5.889999866485596,5.949999809265137,3905
2020-04-13,5.599999904632568,5.610000133514404,5.599999904632568,5.610000133514404,3488
2020-04-14,5.610000133514404,5.610000133514404,5.610000133514404,5.610000133514404,0
2020-04-15,5.610000133514404,5.610000133514404,5.610000133514404,5.610000133514404,3051
2020-04-16,5.610000133514404,5.610000133514404,5.610000133514404,5.610000133514404,0
2020-04-17,6.130000114440918,6.130000114440918,6.130000114440918,6.130000114440918,5007
2020-04-20,5.619999885559082,5.619999885559082,5.619999885559082,5.619999885559082,3301
2020-04-21,5.619999885559082,5.619999885559082,5.619999885559082,5.619999885559082,0
2020-04-22,5.619999885559082,5.619999885559082,5.619999885559082,5.619999885559082,3248
2020-04-23,5.619999885559082,5.619999885559082,5.619999885559082,5.619999885559082,0
2020-04-24,6.119999885559082,6.119999885559082,6.119999885559082,6.119999885559082,3247
2020-04-27,6.119999885559082,6.119999885559082,6.119999885559082,6.119999885559082,0
2020-04-28,6.119999885559082,6.119999885559082,6.119999885559082,6.119999885559082,0
2020-04-29,6.119999885559082,6.119999885559082,6.119999885559082,6.119999885559082,0
2020-04-30,6.039999961853027,6.050000190734863,6.039999961853027,6.050000190734863,3001
2020-05-04,6.050000190734863,6.050000190734863,6.050000190734863,6.050000190734863,0
2020-05-05,6.050000190734863,6.050000190734863,6.050000190734863,6.050000190734863,0
2020-05-06,6.039999961853027,6.039999961853027,6.039999961853027,6.039999961853027,2293
2020-05-07,5.699999809265137,5.699999809265137,5.699999809265137,5.699999809265137,1528
2020-05-08,5.699999809265137,5.699999809265137,5.699999809265137,5.699999809265137,0
2020-05-11,5.199999809265137,6.0,5.199999809265137,5.309999942779541,25844
2020-05-12,5.550000190734863,5.550000190734863,5.550000190734863,5.550000190734863,16005
2020-05-13,5.550000190734863,5.550000190734863,5.550000190734863,5.550000190734863,0
2020-05-14,5.550000190734863,5.550000190734863,5.550000190734863,5.550000190734863,0
2020-05-15,5.550000190734863,5.550000190734863,5.550000190734863,5.550000190734863,0
2020-05-18,5.550000190734863,5.550000190734863,5.550000190734863,5.550000190734863,0
2020-05-19,5.130000114440918,5.130000114440918,5.130000114440918,5.130000114440918,1953
2020-05-20,5.619999885559082,5.630000114440918,5.5,5.5,14689
2020-05-21,5.5,5.5,5.5,5.5,0
2020-05-22,5.5,5.5,5.5,5.5,0
2020-05-25,5.5,5.5,5.5,5.5,0
2020-05-26,5.989999771118164,5.989999771118164,5.989999771118164,5.989999771118164,1039
2020-05-27,5.989999771118164,5.989999771118164,5.989999771118164,5.989999771118164,0
2020-05-28,5.53000020980835,5.75,5.53000020980835,5.75,3000
2020-05-29,5.849999904632568,5.849999904632568,5.800000190734863,5.800000190734863,2000
2020-06-01,5.800000190734863,5.800000190734863,5.800000190734863,5.800000190734863,0
2020-06-02,5.800000190734863,5.800000190734863,5.800000190734863,5.800000190734863,0
2020-06-03,5.800000190734863,5.800000190734863,5.800000190734863,5.800000190734863,0
2020-06-04,5.800000190734863,5.800000190734863,5.800000190734863,5.800000190734863,0
2020-06-05,5.800000190734863,5.800000190734863,5.800000190734863,5.800000190734863,0
2020-06-08,5.800000190734863,5.800000190734863,5.800000190734863,5.800000190734863,0
2020-06-09,5.800000190734863,5.800000190734863,5.800000190734863,5.800000190734863,0
2020-06-10,5.320000171661377,5.789999961853027,5.320000171661377,5.789999961853027,12415
2020-06-11,5.739999771118164,5.789999961853027,5.739999771118164,5.789999961853027,4003
2020-06-12,5.789999961853027,5.789999961853027,5.789999961853027,5.789999961853027,0
2020-06-15,5.789999961853027,5.789999961853027,5.789999961853027,5.789999961853027,0
2020-06-16,5.679999828338623,5.699999809265137,5.679999828338623,5.699999809265137,2000
2020-06-17,5.699999809265137,5.699999809265137,5.699999809265137,5.699999809265137,0
2020-06-18,6.0,6.210000038146973,6.0,6.210000038146973,5000
2020-06-19,5.900000095367432,6.5,5.900000095367432,6.5,4018
2020-06-22,6.5,6.5,6.5,6.5,0
2020-06-23,6.300000190734863,6.300000190734863,6.300000190734863,6.300000190734863,1513
2020-06-24,6.300000190734863,6.300000190734863,6.300000190734863,6.300000190734863,0
2020-06-29,6.300000190734863,6.300000190734863,6.300000190734863,6.300000190734863,0
2020-06-30,6.300000190734863,6.300000190734863,6.300000190734863,6.300000190734863,0
2020-07-01,6.889999866485596,6.929999828338623,6.889999866485596,6.889999866485596,22710
2020-07-02,6.210000038146973,6.329999923706055,6.210000038146973,6.329999923706055,4107
2020-07-03,6.329999923706055,6.329999923706055,6.329999923706055,6.329999923706055,0
2020-07-06,6.550000190734863,6.550000190734863,6.550000190734863,6.550000190734863,2016
2020-07-07,6.550000190734863,6.550000190734863,6.550000190734863,6.550000190734863,0
2020-07-08,6.210000038146973,6.559999942779541,6.210000038146973,6.559999942779541,3423
2020-07-09,6.559999942779541,6.559999942779541,6.559999942779541,6.559999942779541,0
2020-07-10,7.150000095367432,7.150000095367432,6.28000020980835,6.28000020980835,3148
2020-07-13,6.300000190734863,6.900000095367432,6.300000190734863,6.900000095367432,19028
2020-07-14,6.900000095367432,6.900000095367432,6.900000095367432,6.900000095367432,0
2020-07-15,6.510000228881836,7.099999904632568,6.510000228881836,7.099999904632568,20992
2020-07-16,7.800000190734863,7.809999942779541,7.650000095367432,7.809999942779541,82443
2020-07-17,7.699999809265137,8.579999923706055,7.699999809265137,7.800000190734863,15180
2020-07-20,7.369999885559082,8.390000343322754,7.369999885559082,7.5,7160
2020-07-21,7.889999866485596,8.0,7.659999847412109,7.960000038146973,26065
2020-07-22,7.71999979019165,7.71999979019165,7.71999979019165,7.71999979019165,1599
2020-07-23,8.140000343322754,8.489999771118164,8.119999885559082,8.489999771118164,47122
2020-07-24,9.31999969482422,9.329999923706056,9.0,9.3100004196167,63731
2020-07-27,10.0,10.0,8.90999984741211,8.90999984741211,21820
2020-07-28,8.90999984741211,8.90999984741211,8.800000190734863,8.800000190734863,8650
2020-07-29,8.8100004196167,9.600000381469728,8.699999809265137,9.600000381469728,6194
2020-07-30,8.779999732971191,8.779999732971191,8.699999809265137,8.699999809265137,11170
2020-07-31,8.5,8.5,7.829999923706055,8.0,11133
2020-08-03,8.0,8.0,8.0,8.0,8001
2020-08-04,8.279999732971191,8.800000190734863,8.279999732971191,8.800000190734863,21016
2020-08-05,8.800000190734863,8.850000381469727,8.0,8.0,26001
2020-08-06,8.279999732971191,8.279999732971191,7.519999980926514,8.239999771118164,4775
2020-08-07,8.239999771118164,8.239999771118164,8.239999771118164,8.239999771118164,8223
2020-08-10,8.199999809265137,8.199999809265137,7.789999961853027,7.789999961853027,6619
2020-08-11,8.199999809265137,8.199999809265137,8.0,8.0,6257
2020-08-12,8.0,8.0,8.0,8.0,0
2020-08-13,8.100000381469727,8.199999809265137,8.09000015258789,8.199999809265137,13244
2020-08-14,8.1899995803833,8.199999809265137,7.800000190734863,7.800000190734863,10615
2020-08-17,8.100000381469727,8.199999809265137,8.100000381469727,8.199999809265137,17487
2020-08-18,7.860000133514404,8.199999809265137,7.860000133514404,8.199999809265137,4242
2020-08-19,8.170000076293945,8.289999961853027,8.170000076293945,8.289999961853027,9074
2020-08-20,7.659999847412109,8.199999809265137,7.659999847412109,8.199999809265137,20762
2020-08-21,7.550000190734863,8.289999961853027,7.550000190734863,8.199999809265137,30809
2020-08-24,8.170000076293945,8.199999809265137,8.170000076293945,8.199999809265137,7041
2020-08-25,8.0,8.0,8.0,8.0,4421
2020-08-26,8.0,8.050000190734863,8.0,8.050000190734863,4273
2020-08-27,8.1899995803833,8.1899995803833,8.1899995803833,8.1899995803833,1001
2020-08-28,8.1899995803833,8.1899995803833,8.1899995803833,8.1899995803833,0
2020-08-31,8.1899995803833,8.1899995803833,8.1899995803833,8.1899995803833,0
2020-09-01,7.96999979019165,7.96999979019165,7.96999979019165,7.96999979019165,1181
2020-09-02,7.96999979019165,8.0,7.96999979019165,8.0,8100
2020-09-03,7.630000114440918,8.0,7.510000228881836,8.0,14340
2020-09-04,7.920000076293945,7.949999809265137,7.75,7.75,6302
2020-09-07,8.0,8.0,8.0,8.0,12064
2020-09-08,7.989999771118164,8.0,7.699999809265137,7.699999809265137,11840
2020-09-09,8.0,8.0,8.0,8.0,7401
2020-09-10,8.199999809265137,8.199999809265137,8.199999809265137,8.199999809265137,2500
2020-09-11,7.809999942779541,7.809999942779541,7.809999942779541,7.809999942779541,2177
2020-09-14,8.0,8.300000190734863,7.789999961853027,8.0,18827
2020-09-15,8.149999618530273,8.149999618530273,8.100000381469727,8.100000381469727,11029
2020-09-16,7.860000133514404,7.889999866485596,7.860000133514404,7.889999866485596,4595
2020-09-17,7.619999885559082,7.769999980926514,7.619999885559082,7.769999980926514,4003
2020-09-18,7.53000020980835,8.0,7.53000020980835,8.0,16177
2020-09-21,7.829999923706055,7.849999904632568,7.829999923706055,7.849999904632568,3000
2020-09-22,7.599999904632568,7.730000019073486,7.599999904632568,7.699999809265137,27775
2020-09-23,7.619999885559082,8.0,7.619999885559082,7.769999980926514,10799
2020-09-24,7.75,8.0,7.75,8.0,9901
2020-09-25,7.980000019073486,7.989999771118164,7.980000019073486,7.989999771118164,3010
2020-09-28,7.989999771118164,8.0,7.739999771118164,7.739999771118164,8068
2020-09-29,7.929999828338623,7.940000057220459,7.929999828338623,7.940000057220459,4045
2020-09-30,7.579999923706055,8.0,7.579999923706055,8.0,16818
2020-10-05,8.0,8.0,8.0,8.0,10003
2020-10-06,8.0,8.0,8.0,8.0,0
2020-10-07,8.0,8.0,8.0,8.0,0
2020-10-08,7.989999771118164,8.0,7.989999771118164,8.0,11355
2020-10-12,8.0,8.0,8.0,8.0,0
2020-10-13,8.0,8.0,8.0,8.0,0
2020-10-14,7.989999771118164,8.0,7.989999771118164,8.0,6710
2020-10-15,7.989999771118164,8.0,7.989999771118164,8.0,7325
2020-10-16,7.989999771118164,8.0,7.989999771118164,8.0,15119
2020-10-19,8.0,8.0,8.0,8.0,0
2020-10-20,7.989999771118164,8.0,7.989999771118164,8.0,6413
2020-10-21,8.0,8.0,8.0,8.0,1290
2020-10-22,7.559999942779541,7.559999942779541,7.559999942779541,7.559999942779541,1541
2020-10-23,7.820000171661377,7.989999771118164,7.820000171661377,7.989999771118164,23000
2020-10-26,8.0,8.0,8.0,8.0,10479
2020-10-27,8.0,8.0,8.0,8.0,10002
2020-10-28,7.730000019073486,8.0,7.730000019073486,8.0,11475
2020-10-29,7.369999885559082,8.0,7.369999885559082,8.0,15128
2020-10-30,7.869999885559082,7.900000095367432,7.869999885559082,7.900000095367432,8142
2020-11-02,7.989999771118164,8.0,7.989999771118164,8.0,7000
2020-11-03,8.0,8.0,8.0,8.0,11080
2020-11-04,8.0,8.0,8.0,8.0,0
2020-11-05,7.730000019073486,7.730000019073486,7.659999847412109,7.659999847412109,2356
2020-11-06,7.659999847412109,7.659999847412109,7.659999847412109,7.659999847412109,0
2020-11-09,7.659999847412109,7.659999847412109,7.659999847412109,7.659999847412109,0
2020-11-10,7.659999847412109,7.659999847412109,7.659999847412109,7.659999847412109,0
2020-11-11,7.900000095367432,8.0,7.570000171661377,8.0,18100
2020-11-12,7.349999904632568,7.349999904632568,7.349999904632568,7.349999904632568,1877
2020-11-13,7.420000076293945,7.420000076293945,7.420000076293945,7.420000076293945,1002
2020-11-16,7.670000076293945,7.670000076293945,7.670000076293945,7.670000076293945,1416
2020-11-17,7.429999828338623,7.429999828338623,7.210000038146973,7.300000190734863,9810
2020-11-18,7.53000020980835,7.539999961853027,7.260000228881836,7.300000190734863,31275
2020-11-19,7.5,7.550000190734863,7.190000057220459,7.349999904632568,17971
2020-11-20,7.409999847412109,7.409999847412109,7.300000190734863,7.309999942779541,5767
2020-11-23,7.5,7.5,7.25,7.25,24001
2020-11-24,7.25,7.25,7.25,7.25,0
2020-11-25,7.0,7.199999809265137,7.0,7.199999809265137,10460
2020-11-26,7.199999809265137,7.199999809265137,7.199999809265137,7.199999809265137,17000
2020-11-27,7.0,7.0,7.0,7.0,1003
2020-11-30,7.099999904632568,7.099999904632568,7.099999904632568,7.099999904632568,8060
2020-12-01,7.159999847412109,7.199999809265137,7.159999847412109,7.159999847412109,20001
2020-12-02,7.159999847412109,7.389999866485596,7.159999847412109,7.389999866485596,3127
2020-12-03,7.489999771118164,7.489999771118164,7.489999771118164,7.489999771118164,5064
2020-12-04,7.489999771118164,7.690000057220459,7.110000133514404,7.690000057220459,3000
2020-12-07,7.300000190734863,7.300000190734863,7.300000190734863,7.300000190734863,1672
2020-12-08,7.300000190734863,7.320000171661377,7.300000190734863,7.320000171661377,8106
2020-12-09,7.329999923706055,7.329999923706055,7.329999923706055,7.329999923706055,9549
2020-12-10,7.019999980926514,7.03000020980835,7.019999980926514,7.019999980926514,6004
2020-12-11,7.190000057220459,7.199999809265137,7.099999904632568,7.099999904632568,11317
2020-12-14,7.099999904632568,7.099999904632568,7.099999904632568,7.099999904632568,0
2020-12-15,7.150000095367432,7.170000076293945,7.150000095367432,7.170000076293945,5080
2020-12-16,7.25,7.25,7.25,7.25,6887
2020-12-17,7.440000057220459,7.440000057220459,7.440000057220459,7.440000057220459,1533
2020-12-18,7.010000228881836,7.440000057220459,7.010000228881836,7.440000057220459,26590
2020-12-21,7.440000057220459,7.440000057220459,7.440000057220459,7.440000057220459,0
2020-12-22,7.28000020980835,7.449999809265137,7.28000020980835,7.449999809265137,11030
2020-12-23,7.449999809265137,7.449999809265137,7.449999809265137,7.449999809265137,0
2020-12-24,7.130000114440918,7.130000114440918,7.130000114440918,7.130000114440918,2930
2020-12-25,7.190000057220459,7.190000057220459,7.130000114440918,7.130000114440918,5338
2020-12-28,7.119999885559082,7.150000095367432,7.119999885559082,7.150000095367432,6126
2020-12-29,7.150000095367432,7.150000095367432,7.150000095367432,7.150000095367432,1793
2020-12-30,7.25,7.389999866485596,7.159999847412109,7.349999904632568,13001
2020-12-31,7.389999866485596,7.389999866485596,7.210000038146973,7.210000038146973,3430
2021-01-04,7.210000038146973,7.210000038146973,7.210000038146973,7.210000038146973,12031
2021-01-05,7.489999771118164,7.489999771118164,7.300000190734863,7.480000019073486,16185
2021-01-06,7.480000019073486,7.480000019073486,7.150000095367432,7.199999809265137,28863
2021-01-07,7.860000133514404,7.860000133514404,7.050000190734863,7.230000019073486,5775
2021-01-08,7.349999904632568,7.400000095367432,7.349999904632568,7.400000095367432,8177
2021-01-11,7.400000095367432,7.400000095367432,7.400000095367432,7.400000095367432,0
2021-01-12,7.46999979019165,7.5,7.46999979019165,7.5,28592
2021-01-13,7.5,7.5,7.5,7.5,0
2021-01-14,7.5,7.5,7.5,7.5,0
2021-01-15,7.300000190734863,7.300000190734863,7.300000190734863,7.300000190734863,4089
2021-01-18,7.300000190734863,7.300000190734863,7.300000190734863,7.300000190734863,0
2021-01-19,7.300000190734863,7.429999828338623,7.300000190734863,7.309999942779541,9815
2021-01-20,7.449999809265137,7.449999809265137,7.429999828338623,7.429999828338623,14000
2021-01-21,7.429999828338623,7.429999828338623,7.429999828338623,7.429999828338623,0
2021-01-22,7.989999771118164,7.989999771118164,7.989999771118164,7.989999771118164,9806
2021-01-25,7.989999771118164,7.989999771118164,7.989999771118164,7.989999771118164,1139
2021-01-26,7.989999771118164,7.989999771118164,7.989999771118164,7.989999771118164,0
2021-01-27,8.770000457763672,8.770000457763672,7.389999866485596,7.389999866485596,4432
2021-01-28,7.800000190734863,7.800000190734863,7.800000190734863,7.800000190734863,3000
2021-01-29,8.130000114440918,8.5,8.130000114440918,8.5,4002
2021-02-01,8.789999961853027,8.789999961853027,8.779999732971191,8.779999732971191,4019
2021-02-02,8.779999732971191,8.779999732971191,8.779999732971191,8.779999732971191,0
2021-02-03,7.889999866485596,7.889999866485596,7.889999866485596,7.889999866485596,28031
2021-02-04,7.110000133514404,7.840000152587891,7.110000133514404,7.840000152587891,100002
2021-02-05,7.239999771118164,7.239999771118164,7.159999847412109,7.159999847412109,12203
2021-02-17,7.010000228881836,7.300000190734863,7.010000228881836,7.059999942779541,8031
2021-02-18,7.25,7.25,7.25,7.25,2015
2021-02-19,7.25,7.25,7.25,7.25,0
2021-02-22,7.400000095367432,7.400000095367432,7.400000095367432,7.400000095367432,1645
2021-02-23,7.400000095367432,7.400000095367432,7.400000095367432,7.400000095367432,0
2021-02-24,7.400000095367432,7.400000095367432,7.400000095367432,7.400000095367432,0
2021-02-25,7.119999885559082,7.199999809265137,7.119999885559082,7.199999809265137,4889
2021-02-26,7.190000057220459,7.190000057220459,7.190000057220459,7.190000057220459,1030
2021-03-02,7.199999809265137,7.199999809265137,7.199999809265137,7.199999809265137,8073
2021-03-03,7.050000190734863,7.210000038146973,7.050000190734863,7.210000038146973,13146
2021-03-04,7.210000038146973,7.210000038146973,7.210000038146973,7.210000038146973,0
2021-03-05,7.210000038146973,7.210000038146973,7.210000038146973,7.210000038146973,0
2021-03-08,7.210000038146973,7.210000038146973,7.210000038146973,7.210000038146973,0
2021-03-09,7.210000038146973,7.210000038146973,7.210000038146973,7.210000038146973,0
2021-03-10,7.210000038146973,7.210000038146973,7.210000038146973,7.210000038146973,0
2021-03-11,6.920000076293945,7.360000133514404,6.920000076293945,7.230000019073486,15015
2021-03-12,7.230000019073486,7.230000019073486,7.230000019073486,7.230000019073486,0
2021-03-15,7.510000228881836,7.510000228881836,7.039999961853027,7.150000095367432,12794
2021-03-16,7.099999904632568,7.159999847412109,7.099999904632568,7.159999847412109,3025
2021-03-17,7.099999904632568,7.099999904632568,7.099999904632568,7.099999904632568,5007
2021-03-18,7.190000057220459,7.300000190734863,7.190000057220459,7.300000190734863,4985
2021-03-19,7.300000190734863,7.300000190734863,7.300000190734863,7.300000190734863,0
2021-03-22,7.300000190734863,7.300000190734863,7.300000190734863,7.300000190734863,0
2021-03-23,7.300000190734863,7.300000190734863,7.300000190734863,7.300000190734863,0
2021-03-24,7.300000190734863,7.300000190734863,7.300000190734863,7.300000190734863,0
2021-03-25,7.300000190734863,7.300000190734863,7.300000190734863,7.300000190734863,0
2021-03-26,7.380000114440918,7.380000114440918,7.03000020980835,7.03000020980835,6002
2021-03-29,6.800000190734863,6.820000171661377,6.800000190734863,6.800000190734863,4339
2021-03-30,6.949999809265137,7.079999923706055,6.900000095367432,7.079999923706055,10018
2021-03-31,7.079999923706055,7.079999923706055,7.079999923706055,7.079999923706055,1906
2021-04-01,7.079999923706055,7.079999923706055,7.079999923706055,7.079999923706055,0
2021-04-07,8.550000190734863,8.550000190734863,8.550000190734863,8.550000190734863,14953
2021-04-08,9.399999618530272,9.399999618530272,9.399999618530272,9.399999618530272,7439
2021-04-09,10.300000190734863,10.300000190734863,10.300000190734863,10.300000190734863,20060
2021-04-12,11.25,11.300000190734863,10.800000190734863,11.300000190734863,316530
2021-04-13,12.350000381469728,12.399999618530272,12.0,12.350000381469728,274240
2021-04-14,13.5,13.5,11.449999809265137,12.399999618530272,99215
2021-04-15,12.300000190734863,12.300000190734863,11.25,11.5,123724
2021-04-16,11.399999618530272,11.399999618530272,11.199999809265137,11.399999618530272,63376
2021-04-19,11.5,12.199999809265137,11.449999809265137,11.449999809265137,75548
2021-04-20,11.449999809265137,11.600000381469728,11.449999809265137,11.600000381469728,29528
2021-04-21,11.800000190734863,12.699999809265137,11.800000190734863,12.300000190734863,79782
2021-04-22,12.25,12.699999809265137,12.25,12.25,64316
2021-04-23,12.199999809265137,12.300000190734863,12.199999809265137,12.300000190734863,5368
2021-04-26,12.0,12.600000381469728,12.0,12.5,24606
2021-04-27,11.399999618530272,12.550000190734863,11.399999618530272,12.199999809265137,56662
2021-04-28,11.399999618530272,11.449999809265137,11.0,11.100000381469728,58011
2021-04-29,11.0,11.300000190734863,11.0,11.0,47799
2021-05-03,11.050000190734863,11.100000381469728,10.699999809265137,11.100000381469728,40098
2021-05-04,11.0,11.0,10.550000190734863,10.949999809265137,46157
2021-05-05,10.600000381469728,11.0,10.600000381469728,11.0,15099
2021-05-06,11.100000381469728,11.449999809265137,10.600000381469728,11.449999809265137,46645
2021-05-07,11.449999809265137,11.649999618530272,11.0,11.449999809265137,37255
2021-05-10,11.699999809265137,11.699999809265137,11.149999618530272,11.449999809265137,21579
2021-05-11,11.449999809265137,11.5,11.199999809265137,11.449999809265137,45673
2021-05-12,11.449999809265137,11.600000381469728,10.899999618530272,11.399999618530272,42400
2021-05-13,11.050000190734863,12.25,11.0,12.25,25543
2021-05-14,11.199999809265137,12.0,11.199999809265137,12.0,13000
2021-05-17,12.0,12.0,12.0,12.0,0
2021-05-18,12.0,12.0,12.0,12.0,0
2021-05-19,11.300000190734863,11.800000190734863,11.300000190734863,11.800000190734863,3609
2021-05-20,11.649999618530272,12.649999618530272,11.649999618530272,12.649999618530272,13002
2021-05-21,12.5,12.5,11.899999618530272,12.399999618530272,22097
2021-05-24,12.0,12.0,12.0,12.0,5011
2021-05-25,12.0,12.0,12.0,12.0,0
2021-05-26,11.399999618530272,12.100000381469728,11.300000190734863,12.100000381469728,5177
2021-05-27,12.100000381469728,12.100000381469728,12.100000381469728,12.100000381469728,0
2021-05-28,11.100000381469728,11.75,10.949999809265137,11.600000381469728,16552
2021-05-31,11.5,11.550000190734863,11.449999809265137,11.5,10150
2021-06-01,11.0,11.350000381469728,11.0,11.350000381469728,3840
2021-06-02,11.199999809265137,11.25,11.199999809265137,11.25,2012
2021-06-03,11.350000381469728,11.350000381469728,11.350000381469728,11.350000381469728,11004
2021-06-04,11.5,11.5,10.550000190734863,10.550000190734863,4404
2021-06-07,10.649999618530272,10.800000190734863,10.649999618530272,10.800000190734863,2599
2021-06-08,11.100000381469728,11.649999618530272,11.100000381469728,11.649999618530272,7662
2021-06-09,12.0,12.0,11.199999809265137,11.800000190734863,4731
2021-06-10,11.0,11.149999618530272,10.800000190734863,10.800000190734863,14642
2021-06-11,11.399999618530272,11.399999618530272,11.050000190734863,11.350000381469728,9399
2021-06-15,11.5,11.800000190734863,11.399999618530272,11.800000190734863,5047
2021-06-16,11.300000190734863,11.800000190734863,10.800000190734863,10.850000381469728,41414
2021-06-17,11.0,11.100000381469728,11.0,11.100000381469728,8118
2021-06-18,11.149999618530272,11.149999618530272,11.149999618530272,11.149999618530272,1614
2021-06-21,10.75,11.100000381469728,10.75,11.100000381469728,5001
2021-06-22,11.100000381469728,11.25,10.699999809265137,11.25,25428
2021-06-23,11.199999809265137,11.199999809265137,11.0,11.0,8533
2021-06-24,11.199999809265137,11.199999809265137,11.0,11.149999618530272,9000
2021-06-25,11.149999618530272,11.149999618530272,11.149999618530272,11.149999618530272,0
2021-06-28,11.100000381469728,11.100000381469728,11.100000381469728,11.100000381469728,2032
2021-06-29,10.25,11.050000190734863,10.25,10.949999809265137,16789
2021-06-30,10.899999618530272,10.949999809265137,10.899999618530272,10.949999809265137,8031
2021-07-01,10.949999809265137,11.050000190734863,10.75,11.050000190734863,15982
2021-07-02,10.899999618530272,11.149999618530272,10.899999618530272,11.149999618530272,6140
2021-07-05,10.899999618530272,11.100000381469728,10.75,11.100000381469728,30027
2021-07-06,10.899999618530272,11.149999618530272,10.899999618530272,11.149999618530272,4022
2021-07-07,11.149999618530272,11.149999618530272,11.149999618530272,11.149999618530272,8973
2021-07-08,11.050000190734863,11.149999618530272,10.850000381469728,11.149999618530272,15001
2021-07-09,11.0,11.899999618530272,11.0,11.899999618530272,4000
2021-07-12,11.149999618530272,11.600000381469728,11.149999618530272,11.600000381469728,39599
2021-07-13,11.100000381469728,11.600000381469728,11.100000381469728,11.600000381469728,5887
2021-07-14,11.25,11.699999809265137,11.25,11.699999809265137,9286
2021-07-15,11.649999618530272,11.699999809265137,11.25,11.699999809265137,31241
2021-07-16,11.5,11.699999809265137,11.5,11.699999809265137,2355
2021-07-19,11.5,11.699999809265137,11.5,11.699999809265137,6228
2021-07-20,11.75,11.75,11.199999809265137,11.649999618530272,32200
2021-07-21,11.050000190734863,11.600000381469728,11.050000190734863,11.600000381469728,7002
2021-07-22,11.300000190734863,11.550000190734863,11.300000190734863,11.550000190734863,7285
2021-07-23,11.600000381469728,11.649999618530272,11.600000381469728,11.649999618530272,10001
2021-07-26,11.75,11.800000190734863,11.350000381469728,11.800000190734863,8800
2021-07-27,11.699999809265137,11.699999809265137,11.699999809265137,11.699999809265137,1000
2021-07-28,11.550000190734863,11.649999618530272,11.199999809265137,11.649999618530272,21000
2021-07-29,11.25,11.350000381469728,11.199999809265137,11.350000381469728,15615
2021-07-30,11.199999809265137,11.350000381469728,11.149999618530272,11.350000381469728,30000
2021-08-02,11.149999618530272,11.600000381469728,11.149999618530272,11.600000381469728,28019
2021-08-03,11.300000190734863,11.600000381469728,11.300000190734863,11.600000381469728,22006
2021-08-04,11.5,11.600000381469728,11.5,11.600000381469728,12359
2021-08-05,11.449999809265137,11.699999809265137,11.399999618530272,11.699999809265137,14003
2021-08-06,11.399999618530272,11.600000381469728,11.300000190734863,11.600000381469728,53486
2021-08-09,11.300000190734863,11.449999809265137,11.199999809265137,11.449999809265137,42001
2021-08-10,11.449999809265137,11.800000190734863,11.449999809265137,11.800000190734863,8000
2021-08-11,11.399999618530272,11.850000381469728,11.350000381469728,11.850000381469728,15100
2021-08-12,11.850000381469728,11.850000381469728,11.850000381469728,11.850000381469728,0
2021-08-13,11.649999618530272,11.850000381469728,11.649999618530272,11.850000381469728,5208
2021-08-16,11.300000190734863,11.850000381469728,11.300000190734863,11.850000381469728,6101
2021-08-17,11.850000381469728,11.850000381469728,11.850000381469728,11.850000381469728,0
2021-08-18,11.850000381469728,11.899999618530272,11.850000381469728,11.899999618530272,5000
2021-08-19,11.850000381469728,11.899999618530272,11.850000381469728,11.899999618530272,4038
2021-08-20,11.899999618530272,11.899999618530272,11.899999618530272,11.899999618530272,11000
2021-08-23,11.399999618530272,11.949999809265137,11.399999618530272,11.949999809265137,7893
2021-08-24,11.300000190734863,11.649999618530272,11.100000381469728,11.600000381469728,55001
2021-08-25,11.199999809265137,11.550000190734863,11.199999809265137,11.550000190734863,6016
2021-08-26,11.100000381469728,11.5,11.100000381469728,11.5,22008
2021-08-27,11.350000381469728,11.449999809265137,11.350000381469728,11.449999809265137,7129
2021-08-30,11.149999618530272,11.449999809265137,11.100000381469728,11.449999809265137,13017
2021-08-31,11.050000190734863,11.449999809265137,11.050000190734863,11.449999809265137,21208
2021-09-01,11.100000381469728,11.350000381469728,11.0,11.350000381469728,51004
2021-09-02,11.350000381469728,11.350000381469728,11.350000381469728,11.350000381469728,0
2021-09-03,11.0,11.25,11.0,11.25,11020
2021-09-06,11.25,11.25,11.25,11.25,0
2021-09-07,11.100000381469728,11.25,11.100000381469728,11.25,60325
2021-09-08,11.0,11.25,10.800000190734863,11.25,22775
2021-09-09,11.300000190734863,11.300000190734863,11.300000190734863,11.300000190734863,1253
2021-09-10,11.300000190734863,11.350000381469728,11.300000190734863,11.350000381469728,2009
2021-09-13,11.300000190734863,11.300000190734863,11.050000190734863,11.300000190734863,29479
2021-09-14,11.25,11.25,11.050000190734863,11.25,27861
2021-09-15,11.0,11.25,11.0,11.25,30907
2021-09-16,11.25,11.25,11.25,11.25,0
2021-09-17,11.050000190734863,11.199999809265137,11.050000190734863,11.199999809265137,6001
2021-09-22,11.199999809265137,11.199999809265137,11.199999809265137,11.199999809265137,0
2021-09-23,11.149999618530272,11.199999809265137,11.149999618530272,11.199999809265137,2037
2021-09-24,11.149999618530272,11.149999618530272,10.649999618530272,11.149999618530272,5002
2021-09-27,11.050000190734863,11.149999618530272,11.050000190734863,11.149999618530272,4917
2021-09-28,11.149999618530272,11.149999618530272,11.149999618530272,11.149999618530272,0
2021-09-29,11.149999618530272,11.149999618530272,11.149999618530272,11.149999618530272,0
2021-09-30,11.050000190734863,11.149999618530272,11.050000190734863,11.149999618530272,3100
2021-10-01,11.149999618530272,11.149999618530272,11.149999618530272,11.149999618530272,0
2021-10-04,11.050000190734863,11.050000190734863,10.350000381469728,11.0,27355
2021-10-05,10.350000381469728,10.899999618530272,10.149999618530272,10.850000381469728,48002
2021-10-06,10.899999618530272,10.899999618530272,10.899999618530272,10.899999618530272,1000
2021-10-07,10.899999618530272,10.899999618530272,10.899999618530272,10.899999618530272,0
2021-10-08,10.899999618530272,10.899999618530272,10.899999618530272,10.899999618530272,0
2021-10-12,10.0,10.550000190734863,10.0,10.550000190734863,18001
2021-10-13,10.100000381469728,10.350000381469728,9.9399995803833,10.25,27031
2021-10-14,10.199999809265137,10.449999809265137,10.199999809265137,10.449999809265137,7006
2021-10-15,10.800000190734863,11.100000381469728,10.600000381469728,10.800000190734863,7200
2021-10-18,10.800000190734863,10.800000190734863,10.199999809265137,10.800000190734863,8000
2021-10-19,11.100000381469728,11.100000381469728,10.75,10.800000190734863,10000
2021-10-20,11.100000381469728,11.100000381469728,11.100000381469728,11.100000381469728,1004
2021-10-21,11.399999618530272,11.75,10.300000190734863,11.449999809265137,5196
2021-10-22,11.449999809265137,11.449999809265137,11.449999809265137,11.449999809265137,1009
2021-10-25,10.5,11.149999618530272,10.5,11.149999618530272,7000
2021-10-26,11.100000381469728,11.149999618530272,11.100000381469728,11.149999618530272,5001
2021-10-27,10.550000190734863,10.850000381469728,10.5,10.850000381469728,4741
2021-10-28,10.850000381469728,10.850000381469728,10.850000381469728,10.850000381469728,0
2021-10-29,11.0,11.0,10.75,10.800000190734863,3000
2021-11-01,11.149999618530272,11.149999618530272,10.75,10.850000381469728,9002
2021-11-02,10.75,10.850000381469728,10.100000381469728,10.850000381469728,7240
2021-11-03,10.600000381469728,10.800000190734863,10.600000381469728,10.800000190734863,5002
2021-11-04,10.75,10.800000190734863,10.649999618530272,10.800000190734863,5006
2021-11-05,10.25,10.649999618530272,10.25,10.649999618530272,4469
2021-11-08,10.550000190734863,10.550000190734863,10.5,10.5,2000
2021-11-09,10.5,10.5,10.5,10.5,0
2021-11-10,10.449999809265137,10.5,10.449999809265137,10.5,5405
2021-11-11,10.449999809265137,10.5,10.449999809265137,10.5,4000
2021-11-12,10.5,10.5,10.5,10.5,0
2021-11-15,10.399999618530272,10.449999809265137,10.399999618530272,10.449999809265137,3000
2021-11-16,10.0,10.449999809265137,10.0,10.449999809265137,11004
2021-11-17,10.399999618530272,10.699999809265137,10.0,10.5,8130
2021-11-18,10.649999618530272,10.649999618530272,10.649999618530272,10.649999618530272,1291
2021-11-19,10.649999618530272,10.649999618530272,10.649999618530272,10.649999618530272,0
2021-11-22,10.649999618530272,10.649999618530272,10.649999618530272,10.649999618530272,0
2021-11-23,10.649999618530272,10.649999618530272,10.649999618530272,10.649999618530272,0
2021-11-24,10.199999809265137,10.699999809265137,10.199999809265137,10.699999809265137,2355
2021-11-25,10.699999809265137,10.699999809265137,10.699999809265137,10.699999809265137,0
2021-11-26,10.699999809265137,10.699999809265137,10.699999809265137,10.699999809265137,0
2021-11-29,10.699999809265137,10.699999809265137,10.699999809265137,10.699999809265137,0
2021-11-30,10.75,11.5,10.75,11.5,15001
2021-12-01,10.449999809265137,11.399999618530272,10.449999809265137,11.399999618530272,3001
2021-12-02,11.0,11.0,11.0,11.0,4775
2021-12-03,11.25,11.25,11.25,11.25,1177
2021-12-06,11.350000381469728,11.399999618530272,11.100000381469728,11.199999809265137,4775
2021-12-07,10.850000381469728,11.199999809265137,10.850000381469728,11.199999809265137,6684
2021-12-08,11.0,11.149999618530272,10.949999809265137,11.149999618530272,7550
2021-12-09,11.149999618530272,11.149999618530272,11.149999618530272,11.149999618530272,0
2021-12-10,11.100000381469728,11.100000381469728,11.100000381469728,11.100000381469728,5000
2021-12-13,11.0,11.149999618530272,10.899999618530272,11.149999618530272,6253
2021-12-14,11.149999618530272,11.149999618530272,11.149999618530272,11.149999618530272,0
2021-12-15,11.0,11.149999618530272,11.0,11.149999618530272,3000
2021-12-16,11.149999618530272,11.149999618530272,11.149999618530272,11.149999618530272,0
2021-12-17,10.899999618530272,11.149999618530272,10.899999618530272,11.149999618530272,16000
2021-12-20,11.149999618530272,11.449999809265137,11.149999618530272,11.449999809265137,2005
2021-12-21,11.199999809265137,11.449999809265137,11.199999809265137,11.449999809265137,3557
2021-12-22,11.050000190734863,11.350000381469728,11.050000190734863,11.350000381469728,4369
2021-12-23,11.350000381469728,11.350000381469728,11.350000381469728,11.350000381469728,0
2021-12-24,11.25,11.300000190734863,11.25,11.300000190734863,2237
2021-12-27,11.399999618530272,11.550000190734863,11.100000381469728,11.449999809265137,9209
2021-12-28,11.5,11.649999618530272,11.199999809265137,11.649999618530272,12600
2021-12-29,11.600000381469728,11.600000381469728,10.600000381469728,10.600000381469728,7165
2021-12-30,11.0,11.649999618530272,11.0,11.649999618530272,83103
2022-01-03,11.600000381469728,12.800000190734863,11.600000381469728,12.699999809265137,68495
2022-01-04,12.699999809265137,13.949999809265137,12.699999809265137,13.899999618530272,106184
2022-01-05,14.649999618530272,15.25,13.899999618530272,14.649999618530272,102127
2022-01-06,15.800000190734863,15.800000190734863,13.25,14.5,26494
2022-01-07,14.5,14.550000190734863,13.399999618530272,14.5,43340
2022-01-10,13.449999809265137,14.300000190734863,13.449999809265137,14.300000190734863,3000
2022-01-11,14.149999618530272,14.149999618530272,14.149999618530272,14.149999618530272,4000
2022-01-12,13.149999618530272,13.149999618530272,13.149999618530272,13.149999618530272,3001
2022-01-13,13.100000381469728,14.25,13.100000381469728,14.25,3999
2022-01-14,14.699999809265137,14.699999809265137,14.699999809265137,14.699999809265137,2019
2022-01-17,16.100000381469727,16.100000381469727,14.850000381469728,14.899999618530272,8001
2022-01-18,14.899999618530272,14.899999618530272,14.899999618530272,14.899999618530272,0
2022-01-19,13.800000190734863,14.699999809265137,13.75,14.5,10200
2022-01-20,14.0,14.449999809265137,14.0,14.449999809265137,11179
2022-01-21,14.399999618530272,14.5,13.899999618530272,14.5,5001
2022-01-24,14.600000381469728,14.600000381469728,14.0,14.449999809265137,11775
2022-01-25,14.449999809265137,14.449999809265137,14.449999809265137,14.449999809265137,0
2022-01-26,13.800000190734863,14.25,13.800000190734863,14.25,2002
2022-02-07,15.199999809265137,15.649999618530272,15.0,15.600000381469728,76072
2022-02-08,16.299999237060547,16.299999237060547,14.5,15.800000190734863,50000
2022-02-09,16.899999618530273,16.899999618530273,16.899999618530273,16.899999618530273,2320
2022-02-10,16.899999618530273,16.950000762939453,15.699999809265137,16.549999237060547,41636
2022-02-11,16.5,16.5,16.5,16.5,5109
2022-02-14,16.5,16.5,15.300000190734863,16.25,7019
2022-02-15,15.449999809265137,15.800000190734863,15.300000190734863,15.800000190734863,8014
2022-02-16,15.100000381469728,15.449999809265137,15.100000381469728,15.449999809265137,6382
2022-02-17,15.399999618530272,15.5,15.0,15.5,7003
2022-02-18,15.5,15.5,15.5,15.5,0
2022-02-21,15.600000381469728,15.600000381469728,15.600000381469728,15.600000381469728,1202
2022-02-22,15.5,15.550000190734863,15.5,15.550000190734863,3009
2022-02-23,15.0,15.0,15.0,15.0,4352
2022-02-24,15.0,15.0,15.0,15.0,0
2022-02-25,14.550000190734863,15.149999618530272,14.550000190734863,15.149999618530272,2508
2022-03-01,15.600000381469728,15.800000190734863,15.100000381469728,15.300000190734863,9052
2022-03-02,15.5,15.699999809265137,15.5,15.699999809265137,2194
2022-03-03,15.850000381469728,15.850000381469728,15.850000381469728,15.850000381469728,1626
2022-03-04,15.149999618530272,15.5,15.149999618530272,15.5,2012
2022-03-07,15.5,15.5,15.5,15.5,0
2022-03-08,15.949999809265137,15.949999809265137,15.0,15.699999809265137,4420
2022-03-09,15.699999809265137,15.699999809265137,15.699999809265137,15.699999809265137,0
2022-03-10,15.949999809265137,15.949999809265137,15.899999618530272,15.949999809265137,4411
2022-03-11,15.899999618530272,15.949999809265137,15.899999618530272,15.949999809265137,6010
2022-03-14,16.350000381469727,16.350000381469727,14.800000190734863,16.049999237060547,4189
2022-03-15,15.899999618530272,15.949999809265137,15.899999618530272,15.949999809265137,8369
2022-03-16,15.949999809265137,15.949999809265137,15.949999809265137,15.949999809265137,0
2022-03-17,15.5,15.5,15.449999809265137,15.449999809265137,4121
2022-03-18,15.600000381469728,15.600000381469728,15.300000190734863,15.5,7775
2022-03-21,15.5,15.550000190734863,15.449999809265137,15.550000190734863,7664
2022-03-22,15.600000381469728,16.0,15.600000381469728,16.0,11790
2022-03-23,16.0,16.0,16.0,16.0,0
2022-03-24,15.800000190734863,16.100000381469727,15.550000190734863,15.600000381469728,21561
2022-03-25,15.949999809265137,15.949999809265137,15.949999809265137,15.949999809265137,16241
2022-03-28,15.899999618530272,16.049999237060547,15.899999618530272,16.049999237060547,11005
2022-03-29,15.600000381469728,16.049999237060547,15.550000190734863,16.0,46391
2022-03-30,16.0,16.0,15.649999618530272,16.0,14101
2022-03-31,15.899999618530272,15.899999618530272,15.899999618530272,15.899999618530272,1005
2022-04-01,15.899999618530272,15.899999618530272,15.899999618530272,15.899999618530272,12008
2022-04-06,15.899999618530272,15.899999618530272,15.899999618530272,15.899999618530272,0
2022-04-07,15.899999618530272,15.899999618530272,15.899999618530272,15.899999618530272,0
2022-04-08,15.600000381469728,15.75,15.600000381469728,15.75,2002
2022-04-11,15.800000190734863,15.800000190734863,15.800000190734863,15.800000190734863,1052
2022-04-12,15.899999618530272,16.799999237060547,15.899999618530272,16.299999237060547,15816
2022-04-13,16.299999237060547,16.299999237060547,16.299999237060547,16.299999237060547,0
2022-04-14,16.600000381469727,16.600000381469727,15.75,16.149999618530273,18008
2022-04-15,16.200000762939453,16.450000762939453,15.75,16.350000381469727,53136
2022-04-18,16.350000381469727,16.350000381469727,15.5,16.350000381469727,32110
2022-04-19,16.25,17.950000762939453,15.800000190734863,17.25,45195
2022-04-20,17.0,18.450000762939453,17.0,18.0,72436
2022-04-21,18.100000381469727,19.0,17.299999237060547,18.200000762939453,116935
2022-04-22,18.14999961853028,18.89999961853028,17.799999237060547,18.299999237060547,66058
2022-04-25,18.25,18.25,16.5,17.950000762939453,42061
2022-04-26,16.549999237060547,19.700000762939453,16.25,19.0,155565
2022-04-27,19.14999961853028,19.75,18.5,18.75,136562
2022-04-28,18.700000762939453,19.100000381469727,17.600000381469727,17.899999618530273,178522
2022-04-29,18.75,19.600000381469727,17.799999237060547,19.0,247120
2022-05-03,18.89999961853028,19.89999961853028,18.89999961853028,19.799999237060547,181441
2022-05-04,19.950000762939453,20.5,19.0,19.850000381469727,191248
2022-05-05,19.89999961853028,19.950000762939453,17.899999618530273,17.950000762939453,213001
2022-05-06,17.950000762939453,19.700000762939453,16.299999237060547,19.350000381469727,247197
2022-05-09,18.700000762939453,19.89999961853028,17.5,19.14999961853028,101002
2022-05-10,19.100000381469727,19.799999237060547,19.100000381469727,19.5,193246
2022-05-11,19.799999237060547,19.799999237060547,18.14999961853028,19.600000381469727,112356
2022-05-12,19.5,20.0,17.75,19.950000762939453,155547
2022-05-13,19.850000381469727,19.950000762939453,18.200000762939453,19.850000381469727,119016
2022-05-16,18.850000381469727,20.0,18.100000381469727,20.0,209408
2022-05-17,19.700000762939453,19.700000762939453,18.299999237060547,19.700000762939453,79000
2022-05-18,19.39999961853028,19.850000381469727,18.5,19.850000381469727,118154
2022-05-19,19.049999237060547,19.64999961853028,18.5,18.64999961853028,30685
2022-05-20,18.5,18.89999961853028,17.899999618530273,18.549999237060547,155000
2022-05-23,18.549999237060547,20.0,18.0,19.14999961853028,98185
2022-05-24,19.200000762939453,19.39999961853028,18.100000381469727,18.350000381469727,36775
2022-05-25,18.39999961853028,18.39999961853028,17.100000381469727,17.5,151305
2022-05-26,17.549999237060547,17.850000381469727,16.450000762939453,16.450000762939453,149103
2022-05-27,16.799999237060547,17.299999237060547,16.450000762939453,16.549999237060547,70069
2022-05-30,16.700000762939453,17.350000381469727,15.550000190734863,15.75,276081
2022-05-31,15.949999809265137,16.149999618530273,15.949999809265137,16.049999237060547,28501
2022-06-01,16.049999237060547,16.899999618530273,16.0,16.75,54315
2022-06-02,16.200000762939453,16.850000381469727,16.149999618530273,16.600000381469727,26201
2022-06-06,16.5,16.950000762939453,16.149999618530273,16.950000762939453,55005
2022-06-07,16.549999237060547,16.75,16.399999618530273,16.75,28681
2022-06-08,16.25,18.39999961853028,16.25,18.299999237060547,93967
2022-06-09,18.25,18.25,17.100000381469727,17.799999237060547,87052
2022-06-10,17.799999237060547,18.299999237060547,17.200000762939453,18.0,71088
2022-06-13,17.0,18.299999237060547,16.549999237060547,17.399999618530273,105500
2022-06-14,16.850000381469727,17.149999618530273,16.600000381469727,17.100000381469727,63500
2022-06-15,16.850000381469727,17.049999237060547,16.200000762939453,16.600000381469727,91814
2022-06-16,16.600000381469727,16.75,16.200000762939453,16.549999237060547,19000
2022-06-17,16.5,16.5,15.699999809265137,16.299999237060547,63098
2022-06-20,16.299999237060547,17.0,15.899999618530272,16.649999618530273,28795
2022-06-21,16.649999618530273,17.149999618530273,16.299999237060547,16.649999618530273,23000
2022-06-22,16.899999618530273,16.899999618530273,15.649999618530272,15.75,83029
2022-06-23,15.5,16.75,15.5,16.100000381469727,53200
2022-06-24,16.299999237060547,17.049999237060547,16.149999618530273,16.450000762939453,41000
2022-06-27,16.450000762939453,17.200000762939453,16.399999618530273,16.799999237060547,48000
2022-06-28,16.950000762939453,16.950000762939453,16.350000381469727,16.700000762939453,34001
2022-06-29,16.75,17.049999237060547,16.200000762939453,16.700000762939453,53650
2022-06-30,16.850000381469727,16.850000381469727,16.200000762939453,16.5,11073
2022-07-01,16.100000381469727,16.600000381469727,16.100000381469727,16.5,14000
2022-07-04,16.149999618530273,16.75,16.100000381469727,16.5,19201
2022-07-05,16.600000381469727,16.600000381469727,16.149999618530273,16.399999618530273,33532
2022-07-06,16.200000762939453,16.600000381469727,15.949999809265137,16.100000381469727,30000
2022-07-07,16.649999618530273,16.649999618530273,15.699999809265137,16.049999237060547,37002
2022-07-08,16.549999237060547,16.549999237060547,15.800000190734863,16.200000762939453,28005
2022-07-11,16.5,16.5,16.5,16.5,1741
2022-07-12,16.549999237060547,16.600000381469727,14.850000381469728,15.550000190734863,125000
2022-07-13,15.550000190734863,15.699999809265137,14.949999809265137,15.699999809265137,52177
2022-07-14,15.699999809265137,15.699999809265137,15.149999618530272,15.199999809265137,34000
2022-07-15,15.0,15.199999809265137,14.899999618530272,15.149999618530272,35003
2022-07-18,14.899999618530272,15.300000190734863,14.899999618530272,15.100000381469728,17002
2022-07-19,15.050000190734863,16.450000762939453,15.0,16.200000762939453,46646
2022-07-20,16.799999237060547,16.850000381469727,16.299999237060547,16.450000762939453,27149
2022-07-21,16.899999618530273,16.899999618530273,16.399999618530273,16.399999618530273,21242
2022-07-22,15.850000381469728,17.0,15.850000381469728,16.950000762939453,27001
2022-07-25,17.5,17.5,16.149999618530273,16.149999618530273,46030
2022-07-26,15.850000381469728,16.399999618530273,15.850000381469728,16.25,22001
2022-07-27,16.700000762939453,16.700000762939453,16.649999618530273,16.649999618530273,4000
2022-07-28,16.649999618530273,17.450000762939453,16.649999618530273,17.0,103001
2022-07-29,17.399999618530273,17.5,16.600000381469727,17.299999237060547,19001
2022-08-01,17.399999618530273,17.549999237060547,16.0,16.0,87333
2022-08-02,16.0,16.0,15.5,15.600000381469728,32001
2022-08-03,16.100000381469727,16.25,15.399999618530272,15.800000190734863,28001
2022-08-04,16.549999237060547,16.700000762939453,15.75,15.899999618530272,44010
2022-08-05,15.949999809265137,17.399999618530273,15.949999809265137,16.549999237060547,152000
2022-08-08,17.100000381469727,17.549999237060547,16.049999237060547,16.299999237060547,190000
2022-08-09,16.100000381469727,16.350000381469727,16.100000381469727,16.350000381469727,26785
2022-08-10,16.450000762939453,16.799999237060547,15.949999809265137,16.049999237060547,36044
2022-08-11,16.350000381469727,16.350000381469727,16.149999618530273,16.149999618530273,4031
2022-08-12,16.0,16.149999618530273,15.949999809265137,16.149999618530273,15037
2022-08-15,16.0,16.200000762939453,15.949999809265137,16.049999237060547,14009
2022-08-16,16.0,16.149999618530273,15.949999809265137,16.149999618530273,16065
2022-08-17,16.0,16.049999237060547,15.149999618530272,15.699999809265137,54000
2022-08-18,15.699999809265137,16.0,15.5,15.800000190734863,30032
2022-08-19,16.0,16.149999618530273,15.699999809265137,15.850000381469728,56602
2022-08-22,15.600000381469728,15.949999809265137,15.600000381469728,15.600000381469728,11000
2022-08-23,15.600000381469728,15.600000381469728,15.600000381469728,15.600000381469728,1200
2022-08-24,15.550000190734863,15.600000381469728,15.5,15.600000381469728,20042
2022-08-25,15.800000190734863,15.800000190734863,14.850000381469728,15.600000381469728,69355
2022-08-26,15.649999618530272,15.75,15.649999618530272,15.699999809265137,33000
2022-08-29,15.199999809265137,16.600000381469727,14.850000381469728,16.149999618530273,119147
2022-08-30,16.149999618530273,16.450000762939453,15.25,15.800000190734863,94154
2022-08-31,15.399999618530272,15.75,15.399999618530272,15.649999618530272,16178
2022-09-01,15.399999618530272,15.449999809265137,15.25,15.449999809265137,57001
2022-09-02,15.600000381469728,15.600000381469728,15.350000381469728,15.449999809265137,10000
2022-09-05,15.699999809265137,15.699999809265137,15.25,15.550000190734863,13495
2022-09-06,15.600000381469728,15.600000381469728,15.25,15.449999809265137,22000
2022-09-07,15.449999809265137,15.449999809265137,15.149999618530272,15.300000190734863,9000
2022-09-08,15.550000190734863,15.550000190734863,15.199999809265137,15.449999809265137,11000
2022-09-12,15.699999809265137,15.699999809265137,15.5,15.600000381469728,14000
2022-09-13,15.600000381469728,15.699999809265137,15.600000381469728,15.600000381469728,11010
2022-09-14,15.600000381469728,15.600000381469728,15.149999618530272,15.550000190734863,10023
2022-09-15,15.199999809265137,15.300000190734863,15.199999809265137,15.300000190734863,5532
2022-09-16,15.100000381469728,15.25,14.949999809265137,15.100000381469728,46015
2022-09-19,15.100000381469728,15.100000381469728,15.100000381469728,15.100000381469728,0
2022-09-20,15.100000381469728,15.100000381469728,15.100000381469728,15.100000381469728,0
2022-09-21,15.25,15.25,15.149999618530272,15.149999618530272,6000
2022-09-22,15.050000190734863,15.199999809265137,15.050000190734863,15.199999809265137,4024
2022-09-23,15.449999809265137,16.0,15.449999809265137,15.75,8000
2022-09-26,15.75,15.75,15.75,15.75,0
2022-09-27,15.0,15.300000190734863,15.0,15.300000190734863,3002
2022-09-28,15.0,15.0,14.399999618530272,14.649999618530272,43001
2022-09-29,14.75,15.0,14.75,15.0,3093
2022-09-30,14.649999618530272,14.850000381469728,14.199999809265137,14.600000381469728,85000
2022-10-03,14.100000381469728,14.800000190734863,13.899999618530272,14.300000190734863,164002
2022-10-04,14.699999809265137,15.0,14.350000381469728,14.399999618530272,34001
2022-10-05,14.949999809265137,14.949999809265137,14.25,14.350000381469728,36002
2022-10-06,14.600000381469728,14.75,14.0,14.149999618530272,88000
2022-10-07,13.899999618530272,14.050000190734863,13.899999618530272,14.050000190734863,49006
2022-10-11,13.600000381469728,14.050000190734863,13.600000381469728,14.050000190734863,36013
2022-10-12,13.75,14.25,13.75,14.050000190734863,36267
2022-10-13,13.899999618530272,14.050000190734863,13.899999618530272,14.050000190734863,17226
2022-10-14,13.75,14.399999618530272,13.75,14.050000190734863,20201
2022-10-17,13.75,14.0,13.75,14.0,13202
2022-10-18,13.899999618530272,14.350000381469728,13.899999618530272,14.199999809265137,3053
2022-10-19,13.850000381469728,14.0,13.850000381469728,14.0,23000
2022-10-20,14.0,14.050000190734863,13.850000381469728,14.050000190734863,54128
2022-10-21,13.600000381469728,14.050000190734863,13.600000381469728,14.050000190734863,28000
2022-10-24,13.850000381469728,14.050000190734863,13.850000381469728,13.949999809265137,27000
2022-10-25,14.050000190734863,14.050000190734863,13.949999809265137,14.050000190734863,28021
2022-10-26,13.899999618530272,14.050000190734863,13.899999618530272,14.0,40000
2022-10-27,14.350000381469728,14.350000381469728,13.949999809265137,14.149999618530272,5000
2022-10-28,14.0,14.149999618530272,14.0,14.149999618530272,4054
2022-10-31,14.050000190734863,14.050000190734863,14.0,14.0,14065
2022-11-01,14.0,14.100000381469728,13.949999809265137,14.0,33001
2022-11-02,14.149999618530272,14.149999618530272,13.949999809265137,14.050000190734863,22000
2022-11-03,13.899999618530272,14.100000381469728,13.899999618530272,14.050000190734863,11039
2022-11-04,13.949999809265137,14.100000381469728,13.649999618530272,14.100000381469728,25001
2022-11-07,14.350000381469728,14.350000381469728,13.949999809265137,14.199999809265137,4002
2022-11-08,13.899999618530272,14.199999809265137,13.399999618530272,13.800000190734863,51000
2022-11-09,14.0,14.0,13.800000190734863,13.850000381469728,14260
2022-11-10,13.850000381469728,14.0,13.399999618530272,14.0,4039
2022-11-11,13.949999809265137,13.949999809265137,13.800000190734863,13.949999809265137,4025
2022-11-14,13.949999809265137,13.949999809265137,13.949999809265137,13.949999809265137,1021
2022-11-15,13.949999809265137,13.949999809265137,13.550000190734863,13.949999809265137,4001
2022-11-16,13.949999809265137,13.949999809265137,13.800000190734863,13.850000381469728,17003
2022-11-17,14.050000190734863,14.050000190734863,13.899999618530272,13.899999618530272,6008
2022-11-18,14.0,14.0,13.800000190734863,13.899999618530272,26201
2022-11-21,13.949999809265137,13.949999809265137,13.949999809265137,13.949999809265137,4202
2022-11-22,13.800000190734863,14.149999618530272,13.800000190734863,14.100000381469728,13000
2022-11-23,14.050000190734863,14.050000190734863,14.050000190734863,14.050000190734863,2037
2022-11-24,13.800000190734863,14.050000190734863,13.800000190734863,14.050000190734863,33000
2022-11-25,13.899999618530272,14.0,13.899999618530272,14.0,15214
2022-11-28,13.899999618530272,13.899999618530272,13.899999618530272,13.899999618530272,3187
2022-11-29,14.0,14.050000190734863,14.0,14.050000190734863,3887
2022-11-30,13.850000381469728,14.050000190734863,13.850000381469728,14.050000190734863,4000
2022-12-01,14.100000381469728,14.100000381469728,14.100000381469728,14.100000381469728,1389
2022-12-02,14.100000381469728,14.149999618530272,13.899999618530272,14.0,14000
2022-12-05,13.550000190734863,14.0,13.399999618530272,14.0,5547
2022-12-06,13.800000190734863,13.800000190734863,13.800000190734863,13.800000190734863,1092
2022-12-07,14.050000190734863,14.050000190734863,13.800000190734863,13.899999618530272,9341
2022-12-08,14.050000190734863,14.050000190734863,13.949999809265137,13.949999809265137,2000
2022-12-09,14.75,14.800000190734863,13.899999618530272,14.050000190734863,28099
2022-12-12,13.800000190734863,14.149999618530272,13.75,14.149999618530272,7001
2022-12-13,13.850000381469728,14.100000381469728,13.850000381469728,14.100000381469728,10001
2022-12-14,13.699999809265137,14.149999618530272,13.699999809265137,14.149999618530272,26001
2022-12-15,14.149999618530272,14.199999809265137,14.149999618530272,14.149999618530272,20000
2022-12-16,14.149999618530272,14.149999618530272,13.899999618530272,14.149999618530272,23000
2022-12-19,14.300000190734863,14.449999809265137,14.199999809265137,14.25,12000
2022-12-20,14.25,14.399999618530272,14.149999618530272,14.199999809265137,24000
2022-12-21,14.050000190734863,14.050000190734863,14.0,14.050000190734863,5055
2022-12-22,14.0,14.149999618530272,13.899999618530272,14.149999618530272,25818
2022-12-23,14.0,14.399999618530272,14.0,14.25,35071
2022-12-26,14.350000381469728,14.399999618530272,14.350000381469728,14.350000381469728,10001
2022-12-27,14.399999618530272,14.399999618530272,14.100000381469728,14.300000190734863,9001
2022-12-28,14.300000190734863,14.300000190734863,14.050000190734863,14.25,19002
2022-12-29,13.800000190734863,14.149999618530272,13.699999809265137,14.149999618530272,14004
2022-12-30,13.850000381469728,14.100000381469728,13.850000381469728,14.100000381469728,5371
2023-01-03,13.850000381469728,14.100000381469728,13.850000381469728,14.100000381469728,3639
2023-01-04,14.100000381469728,14.100000381469728,14.100000381469728,14.100000381469728,0
2023-01-05,13.949999809265137,14.100000381469728,13.949999809265137,14.100000381469728,6354
2023-01-06,13.949999809265137,14.0,13.399999618530272,14.0,21910
2023-01-09,13.850000381469728,14.0,13.850000381469728,14.0,8000
2023-01-10,14.149999618530272,14.149999618530272,13.949999809265137,14.100000381469728,3001
2023-01-11,14.850000381469728,14.850000381469728,13.899999618530272,14.100000381469728,10436
2023-01-12,13.800000190734863,14.050000190734863,13.800000190734863,14.050000190734863,22840
2023-01-13,13.949999809265137,14.100000381469728,13.850000381469728,14.100000381469728,23001
2023-01-16,13.850000381469728,14.0,13.850000381469728,14.0,2212
2023-01-17,13.800000190734863,14.100000381469728,13.800000190734863,14.100000381469728,2339
2023-01-30,14.25,14.25,14.25,14.25,1711
2023-01-31,13.800000190734863,14.050000190734863,13.649999618530272,14.0,17203
2023-02-01,13.850000381469728,13.949999809265137,13.800000190734863,13.800000190734863,6001
2023-02-02,13.800000190734863,14.0,13.800000190734863,14.0,18025
2023-02-03,13.899999618530272,14.050000190734863,13.850000381469728,14.050000190734863,8106
2023-02-06,14.0,14.0,13.949999809265137,13.949999809265137,6005
2023-02-07,13.899999618530272,14.0,13.899999618530272,14.0,7000
2023-02-08,14.149999618530272,14.149999618530272,13.949999809265137,14.0,13008
2023-02-09,14.0,14.050000190734863,13.899999618530272,14.0,17000
2023-02-10,13.949999809265137,14.0,13.949999809265137,14.0,5010
2023-02-13,14.199999809265137,14.199999809265137,13.949999809265137,13.949999809265137,4000
2023-02-14,13.949999809265137,13.949999809265137,13.949999809265137,13.949999809265137,0
2023-02-15,13.949999809265137,14.100000381469728,13.949999809265137,14.100000381469728,6001
2023-02-16,14.100000381469728,14.199999809265137,14.0,14.050000190734863,12710
2023-02-17,14.25,14.25,14.050000190734863,14.100000381469728,19105
2023-02-20,14.100000381469728,14.100000381469728,13.949999809265137,14.100000381469728,10025
2023-02-21,13.949999809265137,14.050000190734863,13.949999809265137,14.050000190734863,13003
2023-02-22,14.050000190734863,14.149999618530272,14.0,14.0,20004
2023-02-23,14.0,14.0,13.899999618530272,14.0,28105
2023-02-24,13.949999809265137,14.0,13.800000190734863,14.0,43025
2023-03-01,13.800000190734863,14.0,13.800000190734863,14.0,10775
2023-03-02,13.850000381469728,14.0,13.800000190734863,14.0,34057
2023-03-03,13.899999618530272,13.949999809265137,13.899999618530272,13.899999618530272,16775
2023-03-06,13.899999618530272,13.949999809265137,13.899999618530272,13.949999809265137,5500
2023-03-07,13.949999809265137,14.0,13.949999809265137,14.0,12001
2023-03-08,14.050000190734863,14.149999618530272,13.949999809265137,14.100000381469728,54004
2023-03-09,14.100000381469728,14.25,14.100000381469728,14.199999809265137,39279
2023-03-10,14.100000381469728,14.149999618530272,14.0,14.149999618530272,53001
2023-03-13,14.050000190734863,14.050000190734863,14.0,14.050000190734863,21003
2023-03-14,14.0,14.0,13.949999809265137,14.0,4006
2023-03-15,14.0,14.100000381469728,14.0,14.0,16000
2023-03-16,14.149999618530272,14.149999618530272,13.949999809265137,14.100000381469728,41357
2023-03-17,14.100000381469728,14.100000381469728,14.0,14.100000381469728,6481
2023-03-20,14.100000381469728,14.149999618530272,14.100000381469728,14.100000381469728,21002
2023-03-21,14.100000381469728,14.100000381469728,14.050000190734863,14.100000381469728,21002
2023-03-22,14.100000381469728,14.149999618530272,14.100000381469728,14.149999618530272,5179
2023-03-23,14.149999618530272,14.199999809265137,14.149999618530272,14.199999809265137,17373
2023-03-24,14.199999809265137,14.25,14.149999618530272,14.199999809265137,12003
2023-03-27,14.199999809265137,14.199999809265137,14.100000381469728,14.199999809265137,6177
2023-03-28,14.199999809265137,14.25,14.199999809265137,14.25,6003
2023-03-29,14.25,14.25,14.25,14.25,8002
2023-03-30,14.25,14.25,14.050000190734863,14.149999618530272,32001
2023-03-31,14.100000381469728,14.149999618530272,14.100000381469728,14.149999618530272,16103
2023-04-06,14.300000190734863,14.399999618530272,14.199999809265137,14.199999809265137,52014
2023-04-07,14.199999809265137,15.600000381469728,14.199999809265137,15.600000381469728,186645
2023-04-10,16.950000762939453,17.149999618530273,16.5,17.149999618530273,459356
2023-04-11,16.549999237060547,16.850000381469727,15.899999618530272,16.200000762939453,322216
2023-04-12,16.399999618530273,16.399999618530273,15.899999618530272,16.149999618530273,119074
2023-04-13,16.200000762939453,16.200000762939453,15.550000190734863,15.550000190734863,123221
2023-04-14,15.600000381469728,16.25,15.600000381469728,16.149999618530273,120476
2023-04-17,16.149999618530273,16.25,15.949999809265137,16.049999237060547,53775
2023-04-18,16.200000762939453,16.299999237060547,15.699999809265137,15.800000190734863,88570
2023-04-19,15.899999618530272,16.200000762939453,15.850000381469728,15.899999618530272,56007
2023-04-20,15.899999618530272,16.049999237060547,15.800000190734863,15.949999809265137,21170
2023-04-21,16.5,16.5,15.800000190734863,15.899999618530272,73030
2023-04-24,15.899999618530272,16.0,15.800000190734863,15.850000381469728,38056
2023-04-25,15.899999618530272,16.200000762939453,15.800000190734863,15.800000190734863,50008
2023-04-26,16.0,16.0,15.800000190734863,15.899999618530272,32074
2023-04-27,15.899999618530272,15.899999618530272,15.300000190734863,15.5,50014
2023-04-28,15.5,15.699999809265137,15.5,15.550000190734863,18076
2023-05-02,15.550000190734863,15.699999809265137,15.550000190734863,15.550000190734863,23216
2023-05-03,15.550000190734863,15.550000190734863,15.449999809265137,15.5,12166
2023-05-04,15.449999809265137,15.5,15.199999809265137,15.199999809265137,32878
2023-05-05,15.199999809265137,15.350000381469728,15.199999809265137,15.300000190734863,29000
2023-05-08,15.350000381469728,15.350000381469728,15.199999809265137,15.25,13008
2023-05-09,15.199999809265137,15.25,15.0,15.0,24000
2023-05-10,15.0,15.0,14.800000190734863,14.850000381469728,35000
2023-05-11,15.149999618530272,15.149999618530272,14.899999618530272,15.0,27003
2023-05-12,15.0,15.0,14.949999809265137,15.0,19000
2023-05-15,15.100000381469728,15.100000381469728,14.949999809265137,14.949999809265137,18050
2023-05-16,15.25,15.25,15.100000381469728,15.100000381469728,35163
2023-05-17,15.100000381469728,15.100000381469728,15.0,15.050000190734863,14134
2023-05-18,15.100000381469728,15.100000381469728,15.0,15.100000381469728,17000
2023-05-19,14.949999809265137,15.100000381469728,14.949999809265137,15.100000381469728,23042
2023-05-22,15.100000381469728,16.100000381469727,15.100000381469728,15.949999809265137,52065
2023-05-23,15.949999809265137,17.5,15.949999809265137,17.5,360884
2023-05-24,17.600000381469727,17.600000381469727,16.600000381469727,17.200000762939453,281725
2023-05-25,17.200000762939453,17.200000762939453,16.850000381469727,16.950000762939453,30976
2023-05-26,17.299999237060547,17.299999237060547,16.850000381469727,17.200000762939453,71160
2023-05-29,17.200000762939453,17.5,17.049999237060547,17.450000762939453,23810
2023-05-30,17.149999618530273,18.0,17.149999618530273,17.450000762939453,52320
2023-05-31,17.350000381469727,17.600000381469727,17.299999237060547,17.600000381469727,16135
2023-06-01,17.950000762939453,17.950000762939453,17.450000762939453,17.75,47000
2023-06-02,17.049999237060547,17.5,17.049999237060547,17.350000381469727,47449
2023-06-05,17.350000381469727,17.75,17.350000381469727,17.549999237060547,37002
2023-06-06,17.600000381469727,17.899999618530273,17.600000381469727,17.75,43715
2023-06-07,18.0,18.0,17.549999237060547,17.799999237060547,25001
2023-06-08,17.799999237060547,17.850000381469727,17.700000762939453,17.799999237060547,24001
2023-06-09,18.0,18.0,17.799999237060547,18.0,18178
2023-06-12,18.0,18.0,17.75,17.799999237060547,11065
2023-06-13,17.799999237060547,18.200000762939453,17.700000762939453,17.799999237060547,14039
2023-06-14,17.799999237060547,18.299999237060547,17.799999237060547,18.049999237060547,26000
2023-06-15,18.049999237060547,18.049999237060547,17.600000381469727,17.950000762939453,29120
2023-06-16,18.049999237060547,18.049999237060547,17.700000762939453,18.0,10006
2023-06-19,18.049999237060547,18.299999237060547,18.049999237060547,18.299999237060547,12131
2023-06-20,18.350000381469727,18.350000381469727,18.299999237060547,18.350000381469727,8007
2023-06-21,18.5,20.0,18.5,19.799999237060547,121398
2023-06-26,21.049999237060547,21.75,21.049999237060547,21.75,310512
2023-06-27,22.350000381469727,23.799999237060547,21.89999961853028,22.64999961853028,620691
2023-06-28,22.700000762939453,22.700000762939453,20.5,20.5,316312
2023-06-29,20.5,20.549999237060547,20.14999961853028,20.450000762939453,60500
2023-06-30,20.450000762939453,21.299999237060547,20.450000762939453,20.850000381469727,46139
2023-07-03,20.549999237060547,22.799999237060547,20.549999237060547,22.450000762939453,59999
2023-07-04,22.600000381469727,22.799999237060547,21.89999961853028,22.200000762939453,61369
2023-07-05,21.5,21.850000381469727,21.14999961853028,21.600000381469727,35005
2023-07-06,22.0,22.0,20.850000381469727,20.950000762939453,25001
2023-07-07,20.25,21.350000381469727,20.100000381469727,20.89999961853028,38653
2023-07-10,20.700000762939453,21.100000381469727,20.450000762939453,20.64999961853028,24005
2023-07-11,20.25,20.950000762939453,20.25,20.950000762939453,18000
2023-07-12,21.14999961853028,22.0,21.100000381469727,21.600000381469727,26724
2023-07-13,21.950000762939453,23.39999961853028,21.39999961853028,21.39999961853028,117357
2023-07-14,22.0,22.299999237060547,21.200000762939453,21.600000381469727,35387
2023-07-17,22.200000762939453,22.200000762939453,21.0,21.799999237060547,50571
2023-07-18,21.75,21.75,21.450000762939453,21.450000762939453,5334
2023-07-19,22.0,22.0,21.0,21.0,16120
2023-07-20,21.700000762939453,21.700000762939453,21.100000381469727,21.25,24065
2023-07-21,21.25,21.75,21.25,21.450000762939453,13039
2023-07-24,21.100000381469727,22.450000762939453,21.0,21.450000762939453,21550
2023-07-25,22.0,22.100000381469727,21.39999961853028,21.549999237060547,24005
2023-07-26,22.0,22.0,21.299999237060547,21.350000381469727,10465
2023-07-27,21.600000381469727,21.600000381469727,21.350000381469727,21.5,10000
2023-07-28,21.950000762939453,21.950000762939453,21.75,21.75,2048
2023-07-31,21.0,22.14999961853028,20.950000762939453,21.799999237060547,41005
2023-08-01,22.200000762939453,22.200000762939453,21.549999237060547,21.64999961853028,27850
2023-08-02,21.75,21.950000762939453,21.5,21.600000381469727,27012
2023-08-04,21.25,21.799999237060547,21.14999961853028,21.75,10000
2023-08-07,21.14999961853028,21.600000381469727,21.14999961853028,21.549999237060547,24007
2023-08-08,21.049999237060547,21.89999961853028,21.049999237060547,21.5,11290
2023-08-09,21.299999237060547,21.799999237060547,21.299999237060547,21.600000381469727,26000
2023-08-10,20.850000381469727,21.25,20.850000381469727,21.25,14852
2023-08-11,20.64999961853028,21.39999961853028,20.64999961853028,21.14999961853028,5100
2023-08-14,21.0,21.64999961853028,20.799999237060547,21.299999237060547,16210
2023-08-15,21.0,21.450000762939453,20.89999961853028,21.299999237060547,19065
2023-08-16,22.600000381469727,22.600000381469727,21.299999237060547,21.850000381469727,56140
2023-08-17,21.850000381469727,22.25,21.5,21.600000381469727,31001
2023-08-18,21.450000762939453,21.75,21.450000762939453,21.75,11087
2023-08-21,21.350000381469727,21.75,21.350000381469727,21.75,6010
2023-08-22,21.75,21.75,21.5,21.5,7001
2023-08-23,22.0,22.0,21.5,21.600000381469727,8001
2023-08-24,21.5,21.600000381469727,21.5,21.600000381469727,7000
2023-08-25,21.600000381469727,21.89999961853028,21.200000762939453,21.64999961853028,9437
2023-08-28,22.600000381469727,22.799999237060547,22.100000381469727,22.799999237060547,69004
2023-08-29,23.39999961853028,23.39999961853028,22.5,22.700000762939453,20004
2023-08-30,22.600000381469727,22.799999237060547,22.5,22.600000381469727,41326
2023-08-31,23.0,23.0,22.549999237060547,22.89999961853028,6874
2023-09-01,23.39999961853028,23.39999961853028,22.75,23.0,20015
2023-09-04,22.89999961853028,23.5,22.799999237060547,23.200000762939453,40550
2023-09-05,23.64999961853028,23.850000381469727,23.25,23.600000381469727,23367
2023-09-06,24.0,24.0,23.299999237060547,23.5,13001
2023-09-07,23.39999961853028,24.100000381469727,23.39999961853028,23.5,31000
2023-09-08,23.89999961853028,23.89999961853028,23.450000762939453,23.600000381469727,5775
2023-09-11,23.950000762939453,25.049999237060547,23.700000762939453,23.700000762939453,31075
2023-09-12,23.75,23.75,23.200000762939453,23.450000762939453,24646
2023-09-13,23.0,24.0,22.950000762939453,23.799999237060547,27532
2023-09-14,24.0,24.0,23.39999961853028,23.600000381469727,30001
2023-09-15,23.799999237060547,23.850000381469727,23.600000381469727,23.600000381469727,16113
2023-09-18,23.200000762939453,23.950000762939453,23.200000762939453,23.700000762939453,7013
2023-09-19,23.89999961853028,23.89999961853028,23.600000381469727,23.700000762939453,7000
2023-09-20,23.39999961853028,23.700000762939453,23.39999961853028,23.700000762939453,11071
2023-09-21,23.700000762939453,23.700000762939453,23.299999237060547,23.5,26001
2023-09-22,23.5,23.5,22.89999961853028,23.450000762939453,28628
2023-09-25,23.700000762939453,23.700000762939453,23.0,23.700000762939453,14405
2023-09-26,23.549999237060547,23.549999237060547,23.14999961853028,23.5,9407
2023-09-27,23.39999961853028,23.600000381469727,23.39999961853028,23.600000381469727,12000
2023-09-28,23.600000381469727,23.799999237060547,23.549999237060547,23.549999237060547,20000
2023-10-02,23.89999961853028,23.89999961853028,23.39999961853028,23.700000762939453,10002
2023-10-03,23.450000762939453,23.64999961853028,23.39999961853028,23.5,10000
2023-10-04,23.0,23.25,23.0,23.25,11032
2023-10-05,23.299999237060547,23.39999961853028,23.299999237060547,23.39999961853028,3713
2023-10-06,22.89999961853028,23.39999961853028,22.89999961853028,23.39999961853028,4000
2023-10-11,23.100000381469727,23.450000762939453,23.100000381469727,23.450000762939453,3229
2023-10-12,22.89999961853028,23.5,22.89999961853028,23.5,13000
2023-10-13,22.89999961853028,23.5,22.89999961853028,23.5,15000
2023-10-16,22.850000381469727,23.299999237060547,22.799999237060547,23.299999237060547,14008
2023-10-17,22.700000762939453,23.39999961853028,22.700000762939453,23.39999961853028,9000
2023-10-18,23.5,23.5,22.200000762939453,22.799999237060547,56001
2023-10-19,22.25,22.799999237060547,22.25,22.700000762939453,35000
2023-10-20,22.89999961853028,23.0,22.850000381469727,23.0,6532
2023-10-23,22.200000762939453,22.75,22.200000762939453,22.75,3021
2023-10-24,22.75,22.75,22.39999961853028,22.75,15032
2023-10-25,22.75,22.89999961853028,22.200000762939453,22.700000762939453,27770
2023-10-26,22.700000762939453,22.700000762939453,22.0,22.350000381469727,37739
2023-10-27,22.200000762939453,22.450000762939453,22.100000381469727,22.350000381469727,6007
2023-10-30,22.049999237060547,22.25,22.049999237060547,22.25,8016
2023-10-31,22.25,22.25,22.25,22.25,1024
2023-11-01,22.200000762939453,22.299999237060547,22.200000762939453,22.25,7006
2023-11-02,21.75,22.14999961853028,21.0,22.0,23124
2023-11-03,21.549999237060547,22.0,21.549999237060547,22.0,4001
2023-11-06,21.39999961853028,21.89999961853028,21.39999961853028,21.89999961853028,8066
2023-11-07,21.64999961853028,21.64999961853028,21.5,21.64999961853028,37000
2023-11-08,21.64999961853028,21.700000762939453,21.64999961853028,21.700000762939453,13000
2023-11-09,21.5,21.700000762939453,21.350000381469727,21.5,33000
2023-11-10,21.5,21.600000381469727,21.299999237060547,21.450000762939453,13811
2023-11-13,20.700000762939453,21.549999237060547,20.700000762939453,21.5,11000
2023-11-14,22.25,22.25,20.299999237060547,20.700000762939453,61130
2023-11-15,20.950000762939453,20.950000762939453,20.5,20.75,17411
2023-11-16,20.850000381469727,20.850000381469727,20.5,20.700000762939453,18887
2023-11-17,20.549999237060547,20.75,20.39999961853028,20.39999961853028,6775
2023-11-20,20.799999237060547,20.799999237060547,20.450000762939453,20.700000762939453,24098
2023-11-21,20.299999237060547,20.75,20.299999237060547,20.75,15711
2023-11-22,21.89999961853028,21.89999961853028,20.75,20.75,23079
2023-11-23,20.799999237060547,20.799999237060547,20.5,20.799999237060547,18000
2023-11-24,20.799999237060547,21.0,20.799999237060547,20.89999961853028,86423
2023-11-27,21.299999237060547,21.600000381469727,21.200000762939453,21.600000381469727,7008
2023-11-28,21.600000381469727,21.600000381469727,20.64999961853028,20.950000762939453,14001
2023-11-29,20.600000381469727,21.299999237060547,20.5,20.850000381469727,219004
2023-11-30,20.5,21.200000762939453,20.39999961853028,21.14999961853028,346000
2023-12-01,20.75,21.25,20.64999961853028,21.0,222000
2023-12-04,20.75,21.14999961853028,20.75,21.0,6177
2023-12-05,21.0,21.0,20.299999237060547,20.89999961853028,58001
2023-12-06,21.0,21.100000381469727,20.850000381469727,20.850000381469727,41203
2023-12-07,21.0,21.0,20.850000381469727,20.89999961853028,69000
2023-12-08,20.799999237060547,21.299999237060547,20.600000381469727,21.299999237060547,31000
2023-12-11,21.0,21.0,20.89999961853028,21.0,23762
2023-12-12,21.5,21.5,20.75,20.950000762939453,17002
2023-12-13,20.700000762939453,20.89999961853028,20.700000762939453,20.850000381469727,11002
2023-12-14,20.549999237060547,21.25,20.549999237060547,20.850000381469727,18004
2023-12-15,20.64999961853028,20.75,20.5,20.75,28062
2023-12-18,20.700000762939453,20.75,20.600000381469727,20.700000762939453,47001
2023-12-19,20.700000762939453,20.799999237060547,20.700000762939453,20.700000762939453,12047
2023-12-20,20.5,20.950000762939453,20.5,20.700000762939453,15113
2023-12-21,20.5,20.799999237060547,20.299999237060547,20.700000762939453,17803
2023-12-22,20.5,20.5,20.299999237060547,20.5,49000
2023-12-25,20.5,20.600000381469727,20.450000762939453,20.600000381469727,17357
2023-12-26,20.299999237060547,20.64999961853028,20.200000762939453,20.64999961853028,27677
2023-12-27,20.75,20.75,20.64999961853028,20.64999961853028,6000
2023-12-28,21.25,21.299999237060547,20.5,20.799999237060547,19277
2023-12-29,20.75,20.75,20.5,20.549999237060547,13000
2024-01-02,20.549999237060547,20.549999237060547,20.299999237060547,20.5,10000
2024-01-03,20.299999237060547,20.299999237060547,19.950000762939453,20.299999237060547,13000
2024-01-04,20.200000762939453,20.850000381469727,20.0,20.450000762939453,46040
2024-01-05,20.64999961853028,20.64999961853028,20.5,20.600000381469727,6000
2024-01-08,20.600000381469727,20.600000381469727,20.600000381469727,20.600000381469727,3000
2024-01-09,20.600000381469727,20.600000381469727,20.600000381469727,20.600000381469727,0
2024-01-10,20.549999237060547,20.64999961853028,20.549999237060547,20.64999961853028,6001
2024-01-11,20.600000381469727,20.600000381469727,20.600000381469727,20.600000381469727,2532
2024-01-12,20.39999961853028,21.0,20.39999961853028,20.799999237060547,17001
2024-01-15,20.89999961853028,20.950000762939453,20.549999237060547,20.799999237060547,7001
2024-01-16,20.5,20.5,20.200000762939453,20.450000762939453,6003
2024-01-17,20.450000762939453,20.5,20.0,20.5,29000
2024-01-18,20.5,21.0,20.5,21.0,40000
2024-01-19,21.0,21.39999961853028,21.0,21.14999961853028,20000
2024-01-22,21.14999961853028,21.450000762939453,21.100000381469727,21.450000762939453,12033
2024-01-23,21.39999961853028,21.39999961853028,21.0,21.0,7003
2024-01-24,21.600000381469727,21.950000762939453,21.25,21.75,43000
2024-01-25,22.14999961853028,22.14999961853028,21.850000381469727,21.850000381469727,48000
2024-01-26,22.799999237060547,23.0,22.200000762939453,22.850000381469727,24000
2024-01-29,23.299999237060547,25.100000381469727,23.299999237060547,25.100000381469727,273839
2024-01-30,25.5,27.600000381469727,25.5,27.600000381469727,540846
2024-01-31,29.39999961853028,30.350000381469727,28.450000762939453,30.14999961853028,2326066
2024-02-01,30.350000381469727,33.099998474121094,29.64999961853028,29.64999961853028,1193904
2024-02-02,30.25,32.20000076293945,29.75,30.100000381469727,716915
2024-02-05,30.850000381469727,30.850000381469727,28.700000762939453,28.75,180703
2024-02-15,28.75,28.75,27.200000762939453,28.5,135026
2024-02-16,27.75,28.14999961853028,27.75,28.0,42532
2024-02-19,28.0,28.0,27.450000762939453,27.799999237060547,83146
2024-02-20,28.299999237060547,29.299999237060547,28.100000381469727,28.600000381469727,73638
2024-02-21,29.5,29.5,28.64999961853028,28.950000762939453,36051
2024-02-22,28.25,29.0,28.200000762939453,28.64999961853028,37832
2024-02-23,28.549999237060547,28.600000381469727,28.25,28.600000381469727,68364
2024-02-26,28.200000762939453,29.450000762939453,28.200000762939453,28.700000762939453,37982
2024-02-27,28.700000762939453,29.299999237060547,28.549999237060547,29.0,62003
2024-02-29,28.950000762939453,29.0,27.850000381469727,28.350000381469727,123046
2024-03-01,28.049999237060547,28.5,28.0,28.350000381469727,55033
2024-03-04,28.299999237060547,28.549999237060547,28.0,28.299999237060547,76003
2024-03-05,28.299999237060547,31.100000381469727,27.799999237060547,31.100000381469727,571002
2024-03-06,30.5,32.599998474121094,29.850000381469727,30.75,496005
2024-03-07,30.350000381469727,31.39999961853028,30.350000381469727,30.700000762939453,180008
2024-03-08,30.64999961853028,33.75,30.64999961853028,32.650001525878906,769218
2024-03-11,33.0,35.900001525878906,32.20000076293945,33.25,1979158
2024-03-12,33.349998474121094,35.5,32.45000076293945,33.0,636100
2024-03-13,33.099998474121094,33.79999923706055,29.950000762939453,30.75,499380
2024-03-14,30.850000381469727,32.150001525878906,30.850000381469727,31.89999961853028,201162
2024-03-15,31.89999961853028,32.5,30.64999961853028,31.14999961853028,51005
2024-03-18,31.14999961853028,33.0,31.14999961853028,32.29999923706055,113775
2024-03-19,32.29999923706055,32.599998474121094,31.700000762939453,32.0,72042
2024-03-20,31.64999961853028,32.0,31.600000381469727,32.0,34003
2024-03-21,32.04999923706055,32.04999923706055,31.39999961853028,31.700000762939453,61064
2024-03-22,31.5,31.600000381469727,31.200000762939453,31.600000381469727,41545
2024-03-25,31.200000762939453,34.20000076293945,31.200000762939453,34.20000076293945,52055
2024-03-26,34.599998474121094,34.70000076293945,32.75,33.70000076293945,211863
2024-03-27,32.849998474121094,34.29999923706055,32.849998474121094,33.25,191551
2024-03-28,34.0,34.20000076293945,32.900001525878906,33.650001525878906,91551
2024-03-29,33.25,33.79999923706055,33.25,33.79999923706055,35000
2024-04-01,33.54999923706055,33.650001525878906,33.099998474121094,33.5,101000
2024-04-02,34.0,34.0,32.599998474121094,33.20000076293945,258598
2024-04-03,32.75,33.5,32.70000076293945,33.400001525878906,35028
2024-04-08,33.400001525878906,34.599998474121094,33.400001525878906,34.099998474121094,153261
2024-04-09,33.849998474121094,34.599998474121094,33.849998474121094,34.0,47001
2024-04-10,33.650001525878906,34.150001525878906,33.25,33.95000076293945,105136
2024-04-11,33.150001525878906,33.79999923706055,33.150001525878906,33.54999923706055,76492
2024-04-12,33.20000076293945,33.75,33.20000076293945,33.400001525878906,72002
2024-04-15,33.599998474121094,33.599998474121094,33.29999923706055,33.45000076293945,104710
2024-04-16,33.45000076293945,33.599998474121094,32.79999923706055,33.099998474121094,42134
2024-04-17,32.54999923706055,33.650001525878906,32.54999923706055,33.0,33034
2024-04-18,32.79999923706055,32.900001525878906,32.29999923706055,32.400001525878906,90149
2024-04-19,32.04999923706055,32.099998474121094,30.049999237060547,31.549999237060547,94691
2024-04-22,31.549999237060547,31.700000762939453,31.299999237060547,31.299999237060547,30174
2024-04-23,33.54999923706055,33.54999923706055,31.600000381469727,32.0,29282
2024-04-24,32.150001525878906,33.45000076293945,32.150001525878906,32.70000076293945,104050
2024-04-25,32.70000076293945,32.70000076293945,32.099998474121094,32.20000076293945,29010
2024-04-26,31.549999237060547,32.20000076293945,31.5,31.950000762939453,91101
2024-04-29,32.54999923706055,32.95000076293945,32.29999923706055,32.849998474121094,100080
2024-04-30,33.849998474121094,33.849998474121094,32.70000076293945,32.849998474121094,28000
2024-05-02,32.400001525878906,32.650001525878906,32.349998474121094,32.5,52000
2024-05-03,32.5,32.79999923706055,32.400001525878906,32.650001525878906,71731
2024-05-06,32.599998474121094,33.29999923706055,32.349998474121094,32.95000076293945,58501
2024-05-07,32.5,32.54999923706055,32.29999923706055,32.54999923706055,21000
2024-05-08,32.29999923706055,32.70000076293945,32.150001525878906,32.54999923706055,22000
2024-05-09,32.5,32.54999923706055,31.600000381469727,31.75,108002
2024-05-10,31.75,32.099998474121094,31.600000381469727,32.099998474121094,29041
2024-05-13,34.0,34.0,31.89999961853028,32.25,24639
2024-05-14,31.950000762939453,31.950000762939453,31.350000381469727,31.64999961853028,43000
2024-05-15,31.64999961853028,31.799999237060547,31.39999961853028,31.5,33000
2024-05-16,32.25,32.25,30.049999237060547,30.14999961853028,227478
2024-05-17,30.14999961853028,30.5,29.799999237060547,29.950000762939453,137460
2024-05-20,29.75,30.350000381469727,29.75,30.350000381469727,23064
2024-05-21,29.950000762939453,30.350000381469727,29.950000762939453,30.0,63776
2024-05-22,29.700000762939453,30.25,29.700000762939453,30.25,35220
2024-05-23,31.0,31.0,30.25,30.25,63000
2024-05-24,30.25,30.25,29.89999961853028,30.0,34000
2024-05-27,30.0,30.14999961853028,29.64999961853028,29.850000381469727,56870
2024-05-28,29.799999237060547,29.799999237060547,29.75,29.799999237060547,34777
2024-05-29,29.700000762939453,30.5,29.64999961853028,29.950000762939453,25097
2024-05-30,29.39999961853028,30.350000381469727,29.39999961853028,30.350000381469727,26005
2024-05-31,30.350000381469727,30.350000381469727,29.850000381469727,29.850000381469727,10001
2024-06-03,29.5,30.0,29.39999961853028,29.950000762939453,80010
2024-06-04,30.0,30.450000762939453,29.950000762939453,30.0,32001
2024-06-05,30.0,31.049999237060547,29.799999237060547,31.0,18002
2024-06-06,30.39999961853028,31.5,30.049999237060547,30.950000762939453,102041
2024-06-07,31.5,31.5,30.39999961853028,31.049999237060547,29952
2024-06-11,30.200000762939453,31.39999961853028,30.200000762939453,31.0,42431
2024-06-12,31.0,31.0,30.25,30.75,36772
2024-06-13,30.299999237060547,30.299999237060547,29.200000762939453,29.950000762939453,85059
2024-06-14,30.0,30.0,29.64999961853028,29.850000381469727,26243
2024-06-17,29.950000762939453,30.0,29.89999961853028,30.0,4574
2024-06-18,29.950000762939453,29.950000762939453,29.450000762939453,29.600000381469727,22000
2024-06-19,29.600000381469727,29.600000381469727,29.0,29.39999961853028,63002
2024-06-20,29.75,29.89999961853028,29.549999237060547,29.549999237060547,25021
2024-06-21,29.600000381469727,29.600000381469727,29.0,29.350000381469727,20294
2024-06-24,32.25,32.25,32.25,32.25,240496
2024-06-25,35.45000076293945,35.45000076293945,35.45000076293945,35.45000076293945,398617
2024-06-26,38.95000076293945,38.95000076293945,38.95000076293945,38.95000076293945,1350688
2024-06-27,37.20000076293945,38.0,35.150001525878906,35.150001525878906,1320910
2024-06-28,33.29999923706055,34.95000076293945,33.150001525878906,33.5,481194
2024-07-01,33.79999923706055,34.900001525878906,33.0,33.599998474121094,235040
2024-07-02,33.599998474121094,36.95000076293945,33.599998474121094,36.95000076293945,339490
2024-07-03,37.900001525878906,39.400001525878906,36.150001525878906,36.150001525878906,902001
2024-07-04,36.5,37.04999923706055,35.54999923706055,35.849998474121094,165709
2024-07-05,36.04999923706055,39.400001525878906,36.04999923706055,39.150001525878906,1065545
2024-07-08,41.5,43.04999923706055,40.25,43.04999923706055,1879727
2024-07-09,43.04999923706055,43.04999923706055,38.75,39.79999923706055,1087781
2024-07-10,40.0,41.70000076293945,39.5,41.45000076293945,326014
2024-07-11,40.59999847412109,41.20000076293945,40.20000076293945,40.45000076293945,336201
2024-07-12,40.84999847412109,40.900001525878906,40.0,40.45000076293945,164540
2024-07-15,42.400001525878906,42.400001525878906,40.29999923706055,40.34999847412109,160150
2024-07-16,40.900001525878906,40.900001525878906,40.20000076293945,40.34999847412109,150314
2024-07-17,40.34999847412109,40.650001525878906,40.150001525878906,40.29999923706055,149000
2024-07-18,40.400001525878906,42.0,40.09999847412109,40.45000076293945,162001
2024-07-19,40.5,40.70000076293945,38.34999847412109,38.34999847412109,267060
2024-07-22,38.09999847412109,38.29999923706055,36.54999923706055,37.09999847412109,181001
2024-07-23,38.34999847412109,38.34999847412109,36.650001525878906,37.09999847412109,41000
2024-07-26,36.09999847412109,37.84999847412109,36.09999847412109,37.70000076293945,44150
2024-07-29,37.5,39.5,37.04999923706055,37.04999923706055,83000
2024-07-30,36.650001525878906,37.20000076293945,36.650001525878906,36.900001525878906,29032
2024-07-31,36.650001525878906,37.400001525878906,36.650001525878906,37.29999923706055,29000
2024-08-01,37.5,37.95000076293945,37.34999847412109,37.70000076293945,68625
2024-08-02,37.70000076293945,38.20000076293945,37.04999923706055,37.20000076293945,128025
2024-08-05,36.5,36.5,33.5,33.5,201174
2024-08-06,33.5,33.70000076293945,31.64999961853028,33.20000076293945,111001
2024-08-07,33.349998474121094,35.70000076293945,33.349998474121094,35.5,63000
2024-08-08,33.599998474121094,35.25,33.599998474121094,34.900001525878906,8000
2024-08-09,35.0,35.5,34.95000076293945,35.04999923706055,44186
2024-08-12,35.0,35.29999923706055,34.20000076293945,34.599998474121094,39775
2024-08-13,34.20000076293945,36.0,34.20000076293945,35.150001525878906,23374
2024-08-14,35.20000076293945,36.0,35.0,35.70000076293945,30002
2024-08-15,35.04999923706055,35.25,34.95000076293945,35.20000076293945,19178
2024-08-16,35.45000076293945,36.0,35.099998474121094,35.349998474121094,28132
2024-08-19,34.95000076293945,35.20000076293945,34.5,34.900001525878906,28002
2024-08-20,34.0,34.650001525878906,34.0,34.150001525878906,37001
2024-08-21,34.5,34.5,33.400001525878906,33.54999923706055,71001
2024-08-22,33.5,34.29999923706055,33.5,33.599998474121094,38359
2024-08-23,33.79999923706055,34.79999923706055,33.5,34.79999923706055,18001
2024-08-26,35.349998474121094,35.400001525878906,34.599998474121094,35.20000076293945,28108
2024-08-27,35.20000076293945,35.20000076293945,34.5,34.5,19000
2024-08-28,33.79999923706055,34.5,33.70000076293945,34.349998474121094,25002
2024-08-29,34.599998474121094,34.599998474121094,33.849998474121094,34.0,30550
2024-08-30,34.0,34.0,33.900001525878906,34.0,19002
2024-09-02,35.0,35.0,33.849998474121094,33.849998474121094,20001
2024-09-03,33.900001525878906,33.900001525878906,33.0,33.29999923706055,28050
2024-09-04,32.20000076293945,33.20000076293945,32.20000076293945,32.349998474121094,54051
2024-09-05,35.29999923706055,35.29999923706055,32.849998474121094,33.599998474121094,56325
2024-09-06,32.650001525878906,33.29999923706055,32.400001525878906,33.04999923706055,40000
2024-09-09,32.0,32.54999923706055,32.0,32.400001525878906,8024
2024-09-10,32.04999923706055,34.099998474121094,32.0,34.099998474121094,21006
2024-09-11,34.099998474121094,34.099998474121094,33.5,33.599998474121094,9000
2024-09-12,33.79999923706055,33.79999923706055,33.75,33.75,23834
2024-09-13,33.79999923706055,34.5,33.75,34.5,14116
2024-09-16,34.5,34.5,34.5,34.5,1002
2024-09-18,34.0,34.400001525878906,33.400001525878906,34.400001525878906,15078
2024-09-19,33.79999923706055,34.0,33.75,34.0,14182
2024-09-20,32.29999923706055,33.79999923706055,32.29999923706055,32.95000076293945,24000
2024-09-23,32.79999923706055,32.79999923706055,32.400001525878906,32.54999923706055,92202
2024-09-24,32.54999923706055,33.0,32.5,32.75,9425
2024-09-25,32.70000076293945,33.0,32.70000076293945,32.70000076293945,9777
2024-09-26,33.400001525878906,33.400001525878906,32.5,32.650001525878906,5110
2024-09-27,32.650001525878906,32.650001525878906,32.29999923706055,32.45000076293945,17148
2024-09-30,32.400001525878906,32.70000076293945,32.349998474121094,32.70000076293945,12000
2024-10-01,33.5,34.0,32.599998474121094,33.25,21001
2024-10-04,34.400001525878906,34.400001525878906,32.25,33.04999923706055,11059
2024-10-07,33.04999923706055,33.900001525878906,33.04999923706055,33.900001525878906,12000
2024-10-08,33.900001525878906,33.900001525878906,33.900001525878906,33.900001525878906,0
2024-10-09,32.0,32.849998474121094,32.0,32.349998474121094,13000
2024-10-11,32.349998474121094,32.79999923706055,32.349998474121094,32.349998474121094,6050
2024-10-14,33.400001525878906,33.400001525878906,32.79999923706055,32.79999923706055,2001
2024-10-15,32.0,32.79999923706055,32.0,32.79999923706055,3001
2024-10-16,32.75,32.75,32.099998474121094,32.45000076293945,43001
2024-10-17,32.5,32.599998474121094,32.5,32.599998474121094,5102
2024-10-18,32.599998474121094,32.599998474121094,32.0,32.29999923706055,5942
2024-10-21,33.0,33.0,32.0,32.20000076293945,14001
2024-10-22,32.0,32.0,31.0,31.450000762939453,30059
2024-10-23,31.950000762939453,32.29999923706055,31.75,31.75,54025
2024-10-24,31.549999237060547,31.75,30.049999237060547,31.39999961853028,78040
2024-10-25,31.0,31.14999961853028,31.0,31.100000381469727,48122
2024-10-28,30.75,31.0,30.75,31.0,7073
2024-10-29,32.0,32.0,30.600000381469727,30.75,58027
2024-10-30,30.5,30.89999961853028,30.200000762939453,30.200000762939453,28016
2024-11-01,30.5,30.700000762939453,30.5,30.549999237060547,20000
2024-11-04,30.39999961853028,30.39999961853028,30.200000762939453,30.200000762939453,23001
2024-11-05,30.200000762939453,30.299999237060547,29.799999237060547,29.799999237060547,52050
2024-11-06,29.600000381469727,29.600000381469727,29.100000381469727,29.450000762939453,31043
2024-11-07,29.549999237060547,29.600000381469727,29.450000762939453,29.450000762939453,19425
2024-11-08,31.5,31.5,29.5,29.5,86206
2024-11-11,29.299999237060547,30.049999237060547,29.14999961853028,29.5,15000
2024-11-12,30.100000381469727,30.549999237060547,28.799999237060547,29.25,71000
2024-11-13,29.200000762939453,29.549999237060547,28.200000762939453,29.200000762939453,33109
2024-11-14,28.100000381469727,28.799999237060547,28.100000381469727,28.39999961853028,30001
2024-11-15,29.39999961853028,29.39999961853028,28.0,28.549999237060547,39000
2024-11-18,28.600000381469727,28.600000381469727,28.25,28.25,43037
2024-11-19,28.25,28.950000762939453,28.100000381469727,28.25,8000
2024-11-20,28.64999961853028,28.64999961853028,28.64999961853028,28.64999961853028,20046
2024-11-21,28.39999961853028,28.64999961853028,28.299999237060547,28.64999961853028,29010
2024-11-22,28.64999961853028,28.64999961853028,28.5,28.600000381469727,11000
2024-11-25,28.64999961853028,28.799999237060547,28.600000381469727,28.799999237060547,11009
2024-11-26,28.0,28.799999237060547,28.0,28.799999237060547,2313
2024-11-27,28.799999237060547,28.799999237060547,28.799999237060547,28.799999237060547,0
2024-11-28,27.549999237060547,27.89999961853028,27.549999237060547,27.89999961853028,5000
2024-11-29,27.299999237060547,27.89999961853028,27.100000381469727,27.89999961853028,11000
2024-12-02,30.25,30.5,28.100000381469727,28.350000381469727,15444
2024-12-03,28.64999961853028,28.64999961853028,28.64999961853028,28.64999961853028,3139
2024-12-04,29.299999237060547,29.350000381469727,28.450000762939453,28.75,15001
2024-12-05,28.950000762939453,28.950000762939453,28.700000762939453,28.799999237060547,9251
2024-12-06,28.799999237060547,29.39999961853028,28.75,29.39999961853028,20400
2024-12-09,29.799999237060547,29.950000762939453,29.0,29.0,53177
2024-12-10,28.799999237060547,29.39999961853028,28.799999237060547,28.799999237060547,36042
2024-12-11,28.799999237060547,28.850000381469727,28.75,28.799999237060547,38136
2024-12-12,29.299999237060547,29.299999237060547,28.850000381469727,28.850000381469727,12059
2024-12-13,28.5,28.700000762939453,28.5,28.700000762939453,8000
2024-12-16,28.89999961853028,28.89999961853028,28.700000762939453,28.850000381469727,12000
2024-12-17,28.850000381469727,29.39999961853028,28.5,29.39999961853028,18001
2024-12-18,29.39999961853028,29.39999961853028,29.39999961853028,29.39999961853028,0
2024-12-19,27.799999237060547,28.049999237060547,27.5,27.5,33015
2024-12-20,27.0,27.950000762939453,27.0,27.0,32050
2024-12-23,27.350000381469727,29.700000762939453,27.350000381469727,29.700000762939453,183313
2024-12-24,30.549999237060547,30.549999237060547,28.5,28.5,107139
2024-12-25,28.600000381469727,29.0,28.39999961853028,28.39999961853028,18000
2024-12-26,28.39999961853028,28.700000762939453,28.0,28.299999237060547,19000
2024-12-27,28.14999961853028,28.64999961853028,28.0,28.299999237060547,39002
2024-12-30,28.25,28.64999961853028,28.25,28.450000762939453,19008
2024-12-31,28.0,28.700000762939453,28.0,28.299999237060547,6000
2025-01-02,29.950000762939453,29.950000762939453,28.100000381469727,28.25,27001
2025-01-03,28.89999961853028,28.89999961853028,27.5,27.950000762939453,34532
2025-01-06,28.39999961853028,28.39999961853028,27.950000762939453,27.950000762939453,11021
2025-01-07,28.799999237060547,28.799999237060547,28.0,28.0,9001
2025-01-08,28.700000762939453,28.799999237060547,28.049999237060547,28.049999237060547,5004
2025-01-09,28.600000381469727,28.600000381469727,27.5,28.299999237060547,22058
2025-01-10,28.299999237060547,28.299999237060547,28.0,28.100000381469727,8001
2025-01-13,28.100000381469727,28.100000381469727,27.5,27.600000381469727,5001
2025-01-14,27.600000381469727,28.5,26.5,28.5,21001
2025-01-15,28.5,28.5,28.5,28.5,5001
2025-01-16,28.5,28.799999237060547,28.5,28.799999237060547,5168
2025-01-17,27.700000762939453,28.89999961853028,27.700000762939453,27.950000762939453,20001
2025-01-20,28.89999961853028,29.299999237060547,27.799999237060547,27.799999237060547,37001
2025-01-21,27.549999237060547,27.549999237060547,27.299999237060547,27.450000762939453,30010
2025-01-22,28.299999237060547,28.299999237060547,27.600000381469727,27.850000381469727,75009
2025-02-03,27.600000381469727,27.600000381469727,26.39999961853028,26.5,18004
2025-02-04,27.450000762939453,27.450000762939453,26.0,26.100000381469727,58001
2025-02-05,26.100000381469727,27.299999237060547,26.100000381469727,26.799999237060547,59598
2025-02-06,27.0,27.350000381469727,26.700000762939453,26.75,26000
2025-02-07,26.64999961853028,27.0,26.5,27.0,16003
2025-02-10,27.0,27.0,26.100000381469727,26.39999961853028,24152
2025-02-11,26.39999961853028,26.700000762939453,26.0,26.600000381469727,53000
2025-02-12,27.100000381469727,27.14999961853028,26.5,26.5,20054
2025-02-13,26.14999961853028,26.5,26.0,26.5,51100
2025-02-14,26.75,26.75,26.5,26.5,6002
2025-02-17,26.450000762939453,26.450000762939453,25.950000762939453,26.14999961853028,37005
2025-02-18,26.14999961853028,26.350000381469727,26.049999237060547,26.200000762939453,17246
2025-02-19,26.64999961853028,26.64999961853028,26.450000762939453,26.450000762939453,10080
2025-02-20,26.100000381469727,26.450000762939453,26.100000381469727,26.200000762939453,5037
2025-02-21,26.350000381469727,26.799999237060547,26.350000381469727,26.350000381469727,19067
2025-02-24,26.700000762939453,26.700000762939453,26.350000381469727,26.350000381469727,3153
2025-02-25,26.950000762939453,26.950000762939453,26.049999237060547,26.350000381469727,6002
2025-02-26,27.0,27.0,26.450000762939453,26.450000762939453,15003
2025-02-27,26.850000381469727,26.850000381469727,26.850000381469727,26.850000381469727,3003
2025-03-03,26.850000381469727,27.299999237060547,26.299999237060547,26.299999237060547,4002
2025-03-04,25.89999961853028,26.200000762939453,25.89999961853028,26.200000762939453,10001
2025-03-05,26.100000381469727,26.89999961853028,26.100000381469727,26.89999961853028,13001
2025-03-06,26.89999961853028,26.89999961853028,26.89999961853028,26.89999961853028,0
2025-03-07,26.14999961853028,26.14999961853028,26.100000381469727,26.100000381469727,8003
2025-03-10,26.0,26.39999961853028,26.0,26.049999237060547,11532
2025-03-11,26.049999237060547,26.39999961853028,25.700000762939453,25.700000762939453,24057
2025-03-12,25.799999237060547,25.89999961853028,25.600000381469727,25.89999961853028,13007
2025-03-13,26.14999961853028,26.14999961853028,25.600000381469727,25.600000381469727,21002
2025-03-14,25.549999237060547,26.5,25.549999237060547,26.049999237060547,16002
2025-03-17,26.200000762939453,26.200000762939453,26.049999237060547,26.049999237060547,2006
2025-03-18,25.600000381469727,25.850000381469727,25.5,25.850000381469727,20001
2025-03-19,26.0,26.950000762939453,25.799999237060547,26.200000762939453,19001
2025-03-20,26.049999237060547,26.799999237060547,26.0,26.0,30012
2025-03-21,26.5,28.600000381469727,26.39999961853028,26.799999237060547,244022
2025-03-24,27.14999961853028,28.049999237060547,27.14999961853028,27.350000381469727,89009
2025-03-25,27.549999237060547,27.549999237060547,26.799999237060547,26.850000381469727,30641
2025-03-26,27.200000762939453,27.200000762939453,26.100000381469727,26.25,45036
2025-03-27,26.450000762939453,26.450000762939453,26.39999961853028,26.39999961853028,9044
2025-03-28,26.450000762939453,26.5,26.200000762939453,26.25,13184
2025-03-31,26.200000762939453,26.200000762939453,25.600000381469727,25.600000381469727,32128
2025-04-01,26.0,26.100000381469727,25.64999961853028,25.89999961853028,17003
2025-04-02,26.0,26.200000762939453,26.0,26.0,35070
2025-04-07,23.39999961853028,23.850000381469727,23.39999961853028,23.39999961853028,55003
2025-04-08,22.100000381469727,24.0,22.100000381469727,23.64999961853028,27177
2025-04-09,23.549999237060547,23.549999237060547,22.14999961853028,22.350000381469727,50201
2025-04-10,22.799999237060547,23.950000762939453,22.799999237060547,23.799999237060547,54004
2025-04-11,21.64999961853028,23.450000762939453,21.5,22.75,100008
2025-04-14,22.0,22.75,22.0,22.299999237060547,18007
2025-04-15,22.0,23.100000381469727,22.0,22.64999961853028,7001
2025-04-16,22.100000381469727,23.049999237060547,22.100000381469727,22.350000381469727,38002
2025-04-17,22.75,22.75,22.100000381469727,22.100000381469727,7002
2025-04-18,20.75,22.14999961853028,20.75,21.5,20000
2025-04-21,21.14999961853028,21.14999961853028,20.799999237060547,21.0,18003
2025-04-22,21.200000762939453,21.200000762939453,20.5,20.64999961853028,26848
2025-04-23,20.75,21.299999237060547,20.75,20.799999237060547,8305
2025-04-24,21.799999237060547,21.799999237060547,21.14999961853028,21.350000381469727,14000
2025-04-25,21.350000381469727,21.700000762939453,21.350000381469727,21.450000762939453,8000
2025-04-28,21.25,21.25,20.89999961853028,21.14999961853028,9000
2025-04-29,20.75,20.89999961853028,20.700000762939453,20.89999961853028,12009
2025-04-30,20.700000762939453,20.700000762939453,20.700000762939453,20.700000762939453,3049
2025-05-02,20.700000762939453,21.89999961853028,20.700000762939453,21.299999237060547,87077
2025-05-05,22.799999237060547,23.39999961853028,22.0,22.100000381469727,242000
2025-05-06,21.75,21.850000381469727,21.25,21.39999961853028,64024
2025-05-07,21.25,21.299999237060547,21.049999237060547,21.049999237060547,10000
2025-05-08,20.89999961853028,21.600000381469727,20.89999961853028,21.600000381469727,13000
2025-05-09,21.700000762939453,22.100000381469727,21.700000762939453,22.100000381469727,8001
2025-05-12,22.100000381469727,22.100000381469727,21.64999961853028,22.0,17178
2025-05-13,22.100000381469727,22.200000762939453,22.100000381469727,22.200000762939453,2002
2025-05-14,22.299999237060547,22.700000762939453,22.299999237060547,22.700000762939453,23001
2025-05-15,22.700000762939453,22.950000762939453,22.700000762939453,22.89999961853028,35000
2025-05-16,22.200000762939453,23.25,22.200000762939453,23.25,29104
2025-05-19,23.299999237060547,23.600000381469727,22.39999961853028,23.350000381469727,74550
2025-05-20,22.549999237060547,23.450000762939453,22.549999237060547,23.39999961853028,27177
2025-05-21,22.89999961853028,23.100000381469727,22.799999237060547,22.950000762939453,16000
2025-05-22,22.299999237060547,23.0,22.299999237060547,22.600000381469727,5000
2025-05-23,22.799999237060547,22.799999237060547,22.25,22.25,19887
2025-05-26,22.39999961853028,23.299999237060547,22.39999961853028,22.850000381469727,43010
2025-05-27,22.850000381469727,22.850000381469727,22.850000381469727,22.850000381469727,11353
2025-05-28,22.850000381469727,22.850000381469727,22.850000381469727,22.850000381469727,3000
2025-05-29,22.64999961853028,23.200000762939453,22.64999961853028,23.200000762939453,2001
2025-06-02,22.200000762939453,22.950000762939453,22.200000762939453,22.5,9046
2025-06-03,22.049999237060547,22.200000762939453,21.549999237060547,22.200000762939453,27003
2025-06-04,22.200000762939453,22.450000762939453,22.200000762939453,22.450000762939453,15004
2025-06-05,22.700000762939453,22.700000762939453,22.700000762939453,22.700000762939453,1403
2025-06-06,22.5,22.64999961853028,22.200000762939453,22.200000762939453,27290
2025-06-09,22.25,22.39999961853028,22.25,22.25,4001
2025-06-10,22.39999961853028,22.799999237060547,21.850000381469727,22.200000762939453,69651
2025-06-11,21.64999961853028,21.89999961853028,21.64999961853028,21.700000762939453,8011
2025-06-12,21.600000381469727,21.64999961853028,21.100000381469727,21.100000381469727,35006
2025-06-13,21.200000762939453,22.799999237060547,21.0,22.200000762939453,31067
2025-06-16,22.200000762939453,22.200000762939453,21.39999961853028,22.0,21357
2025-06-17,22.0,22.0,21.75,21.850000381469727,22355
2025-06-18,21.700000762939453,21.700000762939453,21.5,21.5,16001
2025-06-19,21.39999961853028,21.5,21.200000762939453,21.25,19001
2025-06-20,21.100000381469727,21.100000381469727,20.799999237060547,20.799999237060547,11280
2025-06-23,20.600000381469727,20.75,19.950000762939453,20.75,77060
2025-06-24,20.75,21.89999961853028,20.75,21.89999961853028,6101
2025-06-25,21.89999961853028,21.89999961853028,20.5,21.14999961853028,48002
2025-06-26,21.100000381469727,21.75,20.75,21.0,24001
2025-06-27,21.0,21.0,20.64999961853028,20.75,23041
2025-06-30,20.75,20.75,20.049999237060547,20.299999237060547,105184
2025-07-01,20.14999961853028,20.549999237060547,19.89999961853028,20.25,235584
2025-07-02,20.549999237060547,20.549999237060547,20.049999237060547,20.350000381469727,81000
2025-07-03,20.799999237060547,20.799999237060547,20.39999961853028,20.39999961853028,11000
2025-07-04,20.39999961853028,20.39999961853028,20.299999237060547,20.299999237060547,8000
2025-07-07,20.600000381469727,20.600000381469727,20.39999961853028,20.39999961853028,6002
2025-07-08,20.0,20.25,19.950000762939453,20.200000762939453,23009
2025-07-09,20.450000762939453,20.450000762939453,20.450000762939453,20.450000762939453,16000
2025-07-10,20.75,20.75,20.25,20.25,15000
2025-07-11,20.549999237060547,20.549999237060547,20.5,20.5,7073
2025-07-14,20.75,20.75,20.5,20.64999961853028,7111
2025-07-15,20.850000381469727,20.850000381469727,20.14999961853028,20.14999961853028,17000
2025-07-16,20.64999961853028,20.64999961853028,20.600000381469727,20.600000381469727,2032
2025-07-17,20.100000381469727,20.600000381469727,20.100000381469727,20.200000762939453,14000
2025-07-18,20.200000762939453,20.700000762939453,20.0,20.700000762939453,30426
2025-07-21,20.700000762939453,20.850000381469727,20.700000762939453,20.700000762939453,30000
2025-07-22,20.799999237060547,20.799999237060547,20.549999237060547,20.549999237060547,9001
2025-07-23,20.5,20.5,20.5,20.5,1887
2025-07-24,20.5,20.5,20.25,20.5,4261
2025-07-25,20.299999237060547,20.299999237060547,20.299999237060547,20.299999237060547,2107
2025-07-28,20.39999961853028,20.39999961853028,20.299999237060547,20.299999237060547,30165
2025-07-29,20.700000762939453,20.850000381469727,20.299999237060547,20.299999237060547,35000
2025-07-30,20.700000762939453,20.700000762939453,20.350000381469727,20.39999961853028,64037
2025-07-31,20.39999961853028,20.39999961853028,20.14999961853028,20.14999961853028,11005
2025-08-04,20.799999237060547,22.14999961853028,20.64999961853028,21.600000381469727,211001
2025-08-05,21.5,23.75,21.5,23.75,301104
2025-08-06,24.0,24.0,22.200000762939453,22.850000381469727,220010
2025-08-07,22.25,22.89999961853028,22.200000762939453,22.200000762939453,28000
2025-08-08,22.25,23.75,21.600000381469727,23.75,52177
2025-08-11,23.350000381469727,24.700000762939453,22.89999961853028,24.700000762939453,64401
2025-08-12,24.700000762939453,24.700000762939453,23.450000762939453,23.950000762939453,34357
2025-08-13,23.950000762939453,24.600000381469727,23.600000381469727,24.5,42787
2025-08-14,24.5,24.5,23.0,23.0,44277
2025-08-15,23.299999237060547,24.0,23.299999237060547,23.89999961853028,16178
2025-08-18,23.5,24.200000762939453,23.299999237060547,23.799999237060547,30000
2025-08-19,23.64999961853028,23.700000762939453,23.100000381469727,23.299999237060547,19000
2025-08-20,23.75,23.75,22.600000381469727,22.600000381469727,22040
2025-08-21,22.600000381469727,22.600000381469727,22.0,22.200000762939453,59821
2025-08-22,21.700000762939453,22.5,21.700000762939453,22.25,31024
2025-08-25,21.950000762939453,22.200000762939453,21.850000381469727,22.200000762939453,53001
2025-08-26,21.799999237060547,21.89999961853028,21.25,21.350000381469727,42189
2025-08-27,21.0,21.5,21.0,21.5,6260
2025-08-28,21.799999237060547,21.799999237060547,21.14999961853028,21.39999961853028,25173
2025-08-29,21.39999961853028,21.39999961853028,20.549999237060547,20.549999237060547,35046
2025-09-01,20.89999961853028,20.89999961853028,20.5,20.5,23645
2025-09-02,20.5,20.5,20.299999237060547,20.299999237060547,8117
2025-09-03,20.299999237060547,21.299999237060547,20.299999237060547,20.700000762939453,114710
2025-09-04,21.14999961853028,21.25,21.100000381469727,21.25,15001
2025-09-05,21.39999961853028,21.39999961853028,20.89999961853028,21.200000762939453,10001
2025-09-08,21.89999961853028,23.25,20.600000381469727,21.450000762939453,54114
2025-09-09,22.200000762939453,22.200000762939453,21.25,21.5,10000
2025-09-10,21.450000762939453,21.799999237060547,21.14999961853028,21.450000762939453,11001
2025-09-11,21.450000762939453,21.450000762939453,21.14999961853028,21.14999961853028,6002
2025-09-12,21.14999961853028,21.25,20.850000381469727,21.25,15550
2025-09-15,20.799999237060547,21.049999237060547,20.799999237060547,21.0,14001
2025-09-16,21.549999237060547,21.600000381469727,20.600000381469727,20.75,14000
2025-09-17,20.75,21.100000381469727,20.75,20.850000381469727,14177
2025-09-18,21.600000381469727,22.100000381469727,21.200000762939453,21.950000762939453,50459
2025-09-19,21.950000762939453,21.950000762939453,21.100000381469727,21.100000381469727,25144
2025-09-22,20.89999961853028,20.950000762939453,20.75,20.950000762939453,7051
2025-09-23,21.549999237060547,21.549999237060547,20.850000381469727,20.850000381469727,13000
2025-09-24,20.75,21.200000762939453,20.75,21.200000762939453,5675
2025-09-25,21.5,21.5,21.049999237060547,21.049999237060547,7000
2025-09-26,20.64999961853028,21.600000381469727,20.5,21.600000381469727,22005
2025-09-30,21.39999961853028,22.200000762939453,21.39999961853028,21.549999237060547,27010
2025-10-01,21.600000381469727,21.600000381469727,21.549999237060547,21.549999237060547,7000
2025-10-02,21.5,21.5,21.5,21.5,3002
2025-10-03,20.89999961853028,21.049999237060547,20.89999961853028,21.049999237060547,20000
2025-10-07,21.950000762939453,22.0,21.5,21.5,62006
2025-10-08,21.5,21.5,20.950000762939453,21.14999961853028,22019
2025-10-09,21.14999961853028,21.200000762939453,21.0,21.100000381469727,23063
2025-10-13,21.100000381469727,21.14999961853028,20.450000762939453,20.64999961853028,41290
2025-10-14,20.64999961853028,20.64999961853028,20.5,20.5,17355
2025-10-15,20.200000762939453,20.64999961853028,20.200000762939453,20.600000381469727,11000
2025-10-16,20.64999961853028,20.700000762939453,20.549999237060547,20.700000762939453,29002
2025-10-17,20.450000762939453,20.75,20.299999237060547,20.700000762939453,28000
2025-10-20,20.700000762939453,21.0,20.14999961853028,20.5,40240
2025-10-21,20.5,20.600000381469727,20.049999237060547,20.39999961853028,73001
2025-10-22,20.39999961853028,20.5,20.39999961853028,20.450000762939453,19000
2025-10-23,20.299999237060547,20.350000381469727,20.100000381469727,20.25,15001
2025-10-27,20.299999237060547,20.39999961853028,20.299999237060547,20.299999237060547,11000
2025-10-28,20.299999237060547,20.450000762939453,20.14999961853028,20.200000762939453,15035
2025-10-29,20.14999961853028,20.39999961853028,20.100000381469727,20.299999237060547,22087
2025-10-30,20.100000381469727,20.200000762939453,20.049999237060547,20.100000381469727,33001
2025-10-31,20.100000381469727,20.350000381469727,20.049999237060547,20.14999961853028,24161
2025-11-03,20.049999237060547,20.200000762939453,19.89999961853028,20.200000762939453,32076
2025-11-04,20.549999237060547,20.549999237060547,20.14999961853028,20.25,18775
2025-11-05,20.25,20.89999961853028,20.200000762939453,20.89999961853028,33000
2025-11-06,20.39999961853028,20.850000381469727,20.100000381469727,20.64999961853028,40244
2025-11-07,20.25,20.25,20.25,20.25,1030
2025-11-10,20.25,20.25,20.049999237060547,20.14999961853028,24050
2025-11-11,20.200000762939453,20.700000762939453,20.14999961853028,20.299999237060547,26101
2025-11-12,20.299999237060547,20.299999237060547,20.14999961853028,20.299999237060547,8006
2025-11-13,20.299999237060547,20.450000762939453,20.299999237060547,20.299999237060547,16144
2025-11-14,20.299999237060547,20.5,20.14999961853028,20.5,16179
2025-11-17,20.5,20.5,20.25,20.25,9003
2025-11-18,20.25,20.25,20.049999237060547,20.049999237060547,16001
2025-11-19,20.049999237060547,20.049999237060547,19.950000762939453,19.950000762939453,34177
2025-11-20,20.0,20.799999237060547,19.799999237060547,20.799999237060547,61775
2025-11-21,20.549999237060547,20.549999237060547,19.89999961853028,19.950000762939453,6000
2025-11-24,19.89999961853028,20.450000762939453,19.89999961853028,20.0,4008
2025-11-25,20.0,20.0,19.950000762939453,19.950000762939453,6002
2025-11-26,20.350000381469727,20.350000381469727,20.0,20.0,6000
2025-11-27,20.0,20.200000762939453,20.0,20.100000381469727,5000
2025-11-28,20.100000381469727,20.100000381469727,19.950000762939453,20.0,9001
2025-12-01,19.89999961853028,20.100000381469727,19.799999237060547,20.100000381469727,14021
2025-12-02,20.100000381469727,20.100000381469727,19.950000762939453,19.950000762939453,7002
2025-12-03,20.200000762939453,20.200000762939453,19.950000762939453,19.950000762939453,5000
2025-12-04,20.0,20.0,20.0,20.0,1001
2025-12-05,20.049999237060547,20.049999237060547,20.0,20.0,2009
2025-12-08,19.950000762939453,20.0,19.950000762939453,19.950000762939453,4117
2025-12-09,19.5,19.950000762939453,19.5,19.89999961853028,13000
2025-12-10,19.89999961853028,19.89999961853028,19.89999961853028,19.89999961853028,0
2025-12-11,19.950000762939453,20.0,19.89999961853028,19.89999961853028,14858
2025-12-12,19.75,19.799999237060547,19.600000381469727,19.799999237060547,19273
2025-12-15,19.64999961853028,19.700000762939453,19.5,19.64999961853028,8031
2025-12-16,19.5,19.5,19.0,19.450000762939453,15000
2025-12-17,19.049999237060547,19.100000381469727,19.0,19.100000381469727,7701
2025-12-18,19.450000762939453,19.450000762939453,19.450000762939453,19.450000762939453,1010
2025-12-19,19.25,19.25,19.25,19.25,2050
2025-12-22,19.299999237060547,19.299999237060547,19.299999237060547,19.299999237060547,1002
2025-12-23,19.39999961853028,19.5,19.39999961853028,19.5,2000
2025-12-24,19.89999961853028,20.0,19.5,19.799999237060547,24254
2025-12-26,19.799999237060547,19.799999237060547,19.600000381469727,19.799999237060547,10001
2025-12-29,19.799999237060547,19.799999237060547,19.799999237060547,19.799999237060547,0
2025-12-30,19.799999237060547,19.850000381469727,19.799999237060547,19.850000381469727,5000
2025-12-31,20.200000762939453,20.200000762939453,19.450000762939453,19.850000381469727,24001
2026-01-02,19.850000381469727,20.200000762939453,19.850000381469727,19.950000762939453,73264
2026-01-05,19.950000762939453,20.14999961853028,19.700000762939453,20.14999961853028,37006
2026-01-06,19.950000762939453,20.0,19.850000381469727,20.0,18020
2026-01-07,19.89999961853028,19.950000762939453,19.89999961853028,19.89999961853028,20002
2026-01-08,19.850000381469727,19.89999961853028,19.850000381469727,19.89999961853028,10000
2026-01-09,19.89999961853028,19.89999961853028,19.600000381469727,19.799999237060547,8010
2026-01-12,19.799999237060547,20.200000762939453,19.799999237060547,20.049999237060547,25007
2026-01-13,20.100000381469727,20.100000381469727,20.0,20.0,19001
2026-01-14,19.950000762939453,20.0,19.850000381469727,19.950000762939453,19198
2026-01-15,19.950000762939453,20.25,19.950000762939453,20.0,8085
2026-01-16,19.850000381469727,20.0,19.850000381469727,19.89999961853028,27900
2026-01-19,19.450000762939453,19.850000381469727,19.450000762939453,19.850000381469727,10050
2026-01-20,19.850000381469727,20.0,19.850000381469727,19.950000762939453,35532
2026-01-21,20.049999237060547,20.299999237060547,20.049999237060547,20.100000381469727,31072
2026-01-22,20.0,21.0,20.0,20.049999237060547,61273
2026-01-23,20.0,20.0,19.89999961853028,19.950000762939453,14000
2026-01-26,20.350000381469727,20.350000381469727,20.0,20.0,2000
2026-01-27,20.600000381469727,20.700000762939453,20.049999237060547,20.049999237060547,31002
2026-01-28,20.049999237060547,20.049999237060547,19.850000381469727,19.950000762939453,16264
2026-01-29,20.0,20.0,19.75,20.0,45001
2026-01-30,19.5,19.700000762939453,19.5,19.64999961853028,15001
2026-02-02,19.64999961853028,19.89999961853028,19.5,19.89999961853028,5001
2026-02-03,19.799999237060547,19.89999961853028,19.799999237060547,19.850000381469727,19010
2026-02-04,19.850000381469727,19.850000381469727,19.850000381469727,19.850000381469727,1241
2026-02-05,19.89999961853028,19.89999961853028,19.89999961853028,19.89999961853028,5000
2026-02-06,19.5,19.799999237060547,19.5,19.799999237060547,17003
2026-02-09,19.799999237060547,19.950000762939453,19.799999237060547,19.950000762939453,5005
2026-02-10,19.5,19.600000381469727,19.299999237060547,19.600000381469727,26993
2026-02-11,19.799999237060547,19.89999961853028,19.600000381469727,19.700000762939453,21565
2026-02-23,19.700000762939453,19.799999237060547,19.39999961853028,19.75,16005
2026-02-24,19.75,19.799999237060547,19.200000762939453,19.299999237060547,78004
2026-02-25,19.100000381469727,19.450000762939453,19.049999237060547,19.450000762939453,35021
2026-02-26,19.350000381469727,19.89999961853028,19.299999237060547,19.89999961853028,17841
2026-03-02,20.049999237060547,20.799999237060547,19.64999961853028,19.64999961853028,50050
2026-03-03,19.5,20.0,19.350000381469727,19.350000381469727,31004
2026-03-04,19.450000762939453,19.799999237060547,19.100000381469727,19.100000381469727,24005
2026-03-05,19.25,19.75,19.14999961853028,19.5,13020
2026-03-06,20.350000381469727,20.350000381469727,19.25,19.25,6001
2026-03-09,19.25,19.25,18.100000381469727,19.0,25009
2026-03-10,18.64999961853028,18.64999961853028,18.600000381469727,18.64999961853028,4007
2026-03-11,18.350000381469727,19.200000762939453,18.350000381469727,19.0,12001
2026-03-12,19.0,19.0,18.600000381469727,19.0,17025
2026-03-13,19.600000381469727,19.600000381469727,18.5,18.5,13545
2026-03-16,18.5,19.350000381469727,18.5,18.89999961853028,22162
2026-03-17,19.0,19.100000381469727,19.0,19.0,8014
2026-03-18,18.89999961853028,18.89999961853028,18.89999961853028,18.89999961853028,3055
2026-03-19,18.549999237060547,18.549999237060547,18.39999961853028,18.450000762939453,24001
2026-03-20,20.0,20.0,18.64999961853028,18.64999961853028,23501
2026-03-23,18.549999237060547,18.89999961853028,18.39999961853028,18.89999961853028,39585
2026-03-24,19.450000762939453,19.5,18.700000762939453,19.0,91033
2026-03-25,18.89999961853028,19.100000381469727,18.799999237060547,19.049999237060547,11012
2026-03-26,18.89999961853028,19.0,18.89999961853028,19.0,2067
2026-03-27,18.350000381469727,18.5,18.350000381469727,18.5,5008
2026-03-30,18.350000381469727,18.799999237060547,18.350000381469727,18.75,6015
2026-03-31,19.0,19.0,18.299999237060547,18.549999237060547,8010
2026-04-01,19.25,19.25,18.299999237060547,18.549999237060547,22008
2026-04-02,19.100000381469727,19.100000381469727,18.700000762939453,18.700000762939453,5002
2026-04-07,19.0,19.100000381469727,18.950000762939453,19.049999237060547,15021
2026-04-08,18.299999237060547,19.100000381469727,18.299999237060547,19.049999237060547,36004
2026-04-09,19.049999237060547,19.049999237060547,18.64999961853028,18.850000381469727,15001
2026-04-10,18.799999237060547,18.799999237060547,18.700000762939453,18.75,8006
2026-04-13,18.75,18.75,18.700000762939453,18.700000762939453,13103
2026-04-14,18.850000381469727,18.850000381469727,18.39999961853028,18.64999961853028,23003
2026-04-15,18.64999961853028,18.700000762939453,18.350000381469727,18.450000762939453,12775
2026-04-16,18.450000762939453,18.799999237060547,18.299999237060547,18.75,12081
2026-04-17,18.75,18.950000762939453,18.600000381469727,18.75,6000
2026-04-20,18.850000381469727,18.89999961853028,18.299999237060547,18.350000381469727,36256
2026-04-21,18.299999237060547,18.5,18.299999237060547,18.39999961853028,9000
2026-04-22,18.39999961853028,18.450000762939453,18.049999237060547,18.14999961853028,20001
2026-04-23,18.200000762939453,18.299999237060547,17.5,18.200000762939453,25001
2026-04-24,18.0,18.200000762939453,17.850000381469727,18.200000762939453,9000
2026-04-27,18.200000762939453,19.049999237060547,18.200000762939453,18.200000762939453,8001
2026-04-28,18.200000762939453,18.200000762939453,17.799999237060547,17.899999618530273,7001
2026-04-29,18.25,19.14999961853028,18.14999961853028,19.100000381469727,53403
2026-04-30,18.600000381469727,19.89999961853028,18.600000381469727,19.200000762939453,63010
2026-05-04,19.200000762939453,19.450000762939453,19.14999961853028,19.350000381469727,55002
2026-05-05,19.64999961853028,19.64999961853028,19.100000381469727,19.200000762939453,50034
2026-05-06,19.100000381469727,19.600000381469727,19.100000381469727,19.100000381469727,45002
2026-05-07,19.700000762939453,19.700000762939453,18.64999961853028,18.89999961853028,25005
2026-05-08,18.75,19.299999237060547,18.75,19.100000381469727,5003
2026-05-11,19.450000762939453,19.450000762939453,18.700000762939453,18.799999237060547,14151
2026-05-12,18.600000381469727,18.700000762939453,18.100000381469727,18.39999961853028,25263
2026-05-13,18.39999961853028,18.549999237060547,18.39999961853028,18.39999961853028,4355
2026-05-14,18.700000762939453,18.700000762939453,18.200000762939453,18.350000381469727,21001
2026-05-15,18.549999237060547,18.549999237060547,18.14999961853028,18.299999237060547,34003
2026-05-18,18.100000381469727,18.25,18.049999237060547,18.14999961853028,29000
2026-05-19,18.049999237060547,18.049999237060547,18.0,18.0,13000
2026-05-20,17.850000381469727,18.049999237060547,17.799999237060547,17.899999618530273,6001
2026-05-21,17.899999618530273,17.899999618530273,17.649999618530273,17.899999618530273,24775
2026-05-22,18.0,18.0,17.700000762939453,17.75,31276
2026-05-25,17.899999618530273,18.14999961853028,17.5,17.75,37005
2026-05-26,17.5,17.700000762939453,16.950000762939453,17.100000381469727,58010
2026-05-27,17.350000381469727,18.799999237060547,17.299999237060547,18.799999237060547,135001
2026-05-28,19.0,19.0,18.0,18.0,55055
2026-05-29,18.100000381469727,18.549999237060547,18.100000381469727,18.5,50260
2026-06-01,18.200000762939453,20.0,18.200000762939453,19.100000381469727,53014
2026-06-02,18.950000762939453,19.100000381469727,18.549999237060547,19.100000381469727,37420
2026-06-03,18.64999961853028,18.89999961853028,18.549999237060547,18.64999961853028,50050
2026-06-04,18.549999237060547,18.89999961853028,18.549999237060547,18.799999237060547,16138
2026-06-05,18.75,18.75,18.39999961853028,18.64999961853028,10001
2026-06-08,19.450000762939453,19.450000762939453,18.549999237060547,18.850000381469727,55031
2026-06-09,18.850000381469727,18.850000381469727,18.799999237060547,18.799999237060547,18036
2026-06-10,18.450000762939453,19.0,18.350000381469727,18.450000762939453,15001
2026-06-11,18.549999237060547,18.700000762939453,18.549999237060547,18.700000762939453,37001
2026-06-12,19.049999237060547,19.049999237060547,18.350000381469727,18.5,76001
2026-06-15,18.700000762939453,18.700000762939453,18.5,18.600000381469727,36000
2026-06-16,18.350000381469727,18.75,18.350000381469727,18.64999961853028,43177
2026-06-17,19.0,19.0,18.450000762939453,18.5,12177
2026-06-18,18.950000762939453,18.950000762939453,18.350000381469727,18.5,14555
2026-06-22,18.049999237060547,18.450000762939453,18.0,18.0,31590
2026-06-23,17.799999237060547,18.0,17.049999237060547,18.0,37422
2026-06-24,17.799999237060547,18.549999237060547,17.799999237060547,18.200000762939453,24082
2026-06-25,18.0,18.0,17.850000381469727,17.850000381469727,3355
2026-06-26,17.75,17.799999237060547,17.600000381469727,17.799999237060547,12004
2026-06-29,18.0,18.0,17.850000381469727,17.850000381469727,2002
2026-06-30,17.799999237060547,18.0,17.75,17.799999237060547,14502
2026-07-01,18.049999237060547,18.049999237060547,17.600000381469727,17.75,13160
2026-07-02,17.75,18.100000381469727,17.75,18.100000381469727,11001
2026-07-03,18.450000762939453,18.450000762939453,18.299999237060547,18.450000762939453,14001
2026-07-06,18.75,20.14999961853028,18.299999237060547,18.549999237060547,209027
2026-07-07,18.600000381469727,18.799999237060547,18.200000762939453,18.299999237060547,54001
2026-07-08,18.14999961853028,18.299999237060547,18.14999961853028,18.299999237060547,4000
2026-07-09,18.600000381469727,19.450000762939453,18.600000381469727,19.200000762939453,71064
2026-07-10,19.200000762939453,19.200000762939453,19.200000762939453,19.200000762939453,0
2026-07-13,19.200000762939453,19.200000762939453,18.200000762939453,18.5,21010
2026-07-14,18.75,18.75,18.200000762939453,18.64999961853028,35100
2026-07-15,18.700000762939453,18.89999961853028,18.549999237060547,18.75,6100
2026-07-16,18.100000381469727,18.549999237060547,18.100000381469727,18.5,3458
2026-07-17,18.950000762939453,18.950000762939453,18.049999237060547,18.350000381469727,12200
2026-07-20,18.600000381469727,18.600000381469727,18.450000762939453,18.450000762939453,2010
2026-07-21,18.450000762939453,18.549999237060547,18.200000762939453,18.200000762939453,45001
2026-07-22,18.100000381469727,18.299999237060547,17.899999618530273,18.14999961853028,11000
2026-07-23,18.350000381469727,19.25,18.200000762939453,19.25,91000
2026-07-24,19.299999237060547,19.299999237060547,18.700000762939453,18.700000762939453,22000
2026-07-27,18.5,18.700000762939453,18.5,18.700000762939453,4000
2026-07-28,18.600000381469727,18.600000381469727,18.200000762939453,18.600000381469727,19323
2026-07-29,18.549999237060547,18.549999237060547,17.899999618530273,18.450000762939453,22001
2026-07-30,18.600000381469727,18.600000381469727,17.899999618530273,17.950000762939453,14017
2026-07-31,18.350000381469727,18.350000381469727,18.0,18.25,11000
2026-08-03,18.75,18.75,17.950000762939453,18.049999237060547,43001
2026-08-04,18.14999961853028,18.200000762939453,17.950000762939453,18.0,15000
2026-08-05,18.25,18.299999237060547,18.100000381469727,18.299999237060547,8002
2026-08-06,18.200000762939453,18.200000762939453,18.0,18.200000762939453,7004
2026-08-07,18.0,18.049999237060547,17.850000381469727,18.049999237060547,12000
2026-08-10,18.049999237060547,18.049999237060547,18.049999237060547,18.049999237060547,1260
2026-08-11,17.899999618530273,18.0,17.899999618530273,18.0,2001
2026-08-12,17.850000381469727,18.049999237060547,17.799999237060547,18.049999237060547,5000
2026-08-13,17.899999618530273,18.14999961853028,17.850000381469727,18.0,12000
2026-08-14,17.850000381469727,17.950000762939453,17.850000381469727,17.899999618530273,24999
2026-08-17,17.850000381469727,17.850000381469727,17.850000381469727,17.850000381469727,5000
2026-08-18,17.850000381469727,18.14999961853028,17.799999237060547,17.799999237060547,37000
2026-08-19,17.799999237060547,17.899999618530273,17.649999618530273,17.75,9000
2026-08-20,17.75,17.799999237060547,17.600000381469727,17.649999618530273,18088
2026-08-21,17.600000381469727,17.75,17.600000381469727,17.75,7000
2026-08-24,17.950000762939453,17.950000762939453,17.600000381469727,17.850000381469727,15031
2026-08-25,17.649999618530273,17.799999237060547,17.600000381469727,17.799999237060547,14200
2026-08-26,17.799999237060547,17.950000762939453,17.549999237060547,17.950000762939453,11100
2026-08-27,17.950000762939453,17.950000762939453,17.899999618530273,17.950000762939453,3000
2026-08-28,17.75,17.75,17.75,17.75,6178
2026-08-31,17.600000381469727,17.799999237060547,17.600000381469727,17.75,14000
2026-09-01,17.700000762939453,17.700000762939453,17.549999237060547,17.649999618530273,12000
2026-09-02,17.549999237060547,17.649999618530273,17.5,17.649999618530273,9000
2026-09-03,17.5,17.899999618530273,17.450000762939453,17.450000762939453,10252
2026-09-04,17.649999618530273,17.649999618530273,17.600000381469727,17.600000381469727,6004
2026-09-07,17.75,17.850000381469727,17.5,17.850000381469727,5181
2026-09-08,17.850000381469727,17.850000381469727,17.799999237060547,17.799999237060547,23002
2026-09-09,17.5,17.549999237060547,17.399999618530273,17.549999237060547,30000
2026-09-10,17.549999237060547,17.600000381469727,17.350000381469727,17.600000381469727,20214
2026-09-11,17.549999237060547,17.600000381469727,17.350000381469727,17.5,40001
2026-09-14,17.5,17.5,17.25,17.399999618530273,17852
2026-09-15,17.450000762939453,17.549999237060547,17.299999237060547,17.549999237060547,4529
2026-09-16,17.549999237060547,18.14999961853028,17.549999237060547,17.899999618530273,33000
2026-09-17,17.450000762939453,17.799999237060547,17.450000762939453,17.600000381469727,29000
2026-09-18,17.549999237060547,17.75,17.399999618530273,17.649999618530273,23001
2026-09-21,17.5,17.649999618530273,17.350000381469727,17.549999237060547,68184
2026-09-22,17.549999237060547,17.600000381469727,17.350000381469727,17.350000381469727,37000
2026-09-23,17.350000381469727,18.549999237060547,17.350000381469727,18.25,110000
2026-09-24,18.950000762939453,18.950000762939453,18.0,18.299999237060547,39001
2026-09-29,18.299999237060547,18.799999237060547,18.299999237060547,18.299999237060547,24000
2026-09-30,18.350000381469727,18.5,18.350000381469727,18.350000381469727,45001
2026-10-01,18.399999618530273,18.5,18.399999618530273,18.5,11005
2026-10-02,18.5,18.600000381469727,18.399999618530273,18.399999618530273,43232
2026-10-05,19.600000381469727,19.600000381469727,18.299999237060547,18.700000762939453,29003
