date,open,high,low,close,volume
2020-01-02,93.32566833496094,98.14691925048828,92.6369171142578,94.01441192626952,76427
2020-01-03,94.70316314697266,94.70316314697266,90.9150390625,91.25941467285156,97568
2020-01-06,91.25941467285156,91.25941467285156,91.25941467285156,91.25941467285156,2962
2020-01-07,91.25941467285156,92.6369171142578,91.25941467285156,91.43160247802734,7840
2020-01-08,91.43160247802734,91.43160247802734,91.43160247802734,91.43160247802734,1742
2020-01-09,89.70972442626953,93.67003631591795,89.70972442626953,91.25941467285156,3774
2020-01-10,91.25941467285156,91.25941467285156,91.25941467285156,91.25941467285156,389
2020-01-13,91.43160247802734,91.43160247802734,91.25941467285156,91.25941467285156,741
2020-01-14,90.22628784179688,90.22628784179688,86.09378814697266,87.81565856933594,34684
2020-01-15,88.16004180908203,88.16004180908203,86.78253936767578,87.81565856933594,10453
2020-01-16,86.78253936767578,88.16004180908203,86.26597595214844,88.16004180908203,12196
2020-01-17,87.4712905883789,87.64347839355469,87.4712905883789,87.64347839355469,9292
2020-01-20,87.64347839355469,87.81565856933594,86.6103515625,87.81565856933594,6165
2020-01-30,87.81565856933594,87.81565856933594,85.40503692626953,87.64347839355469,17423
2020-01-31,88.50440979003906,88.67659759521484,86.6103515625,87.98784637451172,3223
2020-02-03,88.16004180908203,91.60379028320312,86.09378814697266,87.81565856933594,9583
2020-02-04,88.33222198486328,88.33222198486328,86.95472717285156,87.98784637451172,5807
2020-02-05,87.12691497802734,87.98784637451172,86.09378814697266,86.78253936767578,7259
2020-02-06,87.81565856933594,87.81565856933594,86.26597595214844,87.64347839355469,3885
2020-02-07,87.4712905883789,89.88191223144531,85.40503692626953,89.88191223144531,8198
2020-02-10,87.98784637451172,87.98784637451172,87.29910278320312,87.81565856933594,5517
2020-02-11,87.81565856933594,87.98784637451172,87.81565856933594,87.81565856933594,1163
2020-02-12,87.98784637451172,88.16004180908203,86.95472717285156,87.64347839355469,1742
2020-02-13,87.64347839355469,87.81565856933594,86.09378814697266,86.78253936767578,5227
2020-02-14,87.4712905883789,87.4712905883789,86.09378814697266,87.4712905883789,2613
2020-02-17,87.4712905883789,87.4712905883789,87.4712905883789,87.4712905883789,0
2020-02-18,87.12691497802734,87.64347839355469,85.57722473144531,85.57722473144531,5231
2020-02-19,87.12691497802734,87.12691497802734,85.92160034179688,85.92160034179688,1742
2020-02-20,84.54409790039062,86.43816375732422,84.54409790039062,86.43816375732422,1782
2020-02-21,86.43816375732422,86.43816375732422,84.88847351074219,85.92160034179688,2614
2020-02-24,85.7494125366211,85.92160034179688,85.7494125366211,85.92160034179688,1162
2020-02-25,85.7494125366211,85.7494125366211,83.68315887451172,85.7494125366211,5918
2020-02-26,85.06066131591797,85.40503692626953,84.19972229003906,85.40503692626953,3484
2020-02-27,84.19972229003906,85.06066131591797,83.16659545898438,84.37191009521484,8421
2020-03-02,84.37191009521484,85.40503692626953,83.51097106933594,84.7162857055664,3194
2020-03-03,82.9944076538086,84.37191009521484,82.65003204345703,83.68315887451172,4936
2020-03-04,81.96128845214844,83.68315887451172,81.27253723144531,81.27253723144531,7877
2020-03-05,81.27253723144531,83.68315887451172,81.27253723144531,81.61691284179688,2904
2020-03-06,81.61691284179688,83.68315887451172,80.92816162109375,82.13346862792969,29038
2020-03-09,80.92816162109375,81.78910064697266,79.89503479003906,80.58378601074219,8301
2020-03-10,80.23941040039062,80.23941040039062,76.62346649169922,76.62346649169922,10583
2020-03-11,76.45127868652344,76.45127868652344,73.00753021240234,73.17971801757812,23973
2020-03-12,72.31877899169922,74.04065704345703,65.94783782958984,72.14659118652344,32428
2020-03-13,65.08690643310547,66.98096466064453,65.08690643310547,66.46440124511719,48621
2020-03-16,59.9212760925293,59.9212760925293,59.9212760925293,59.9212760925293,33995
2020-03-17,54.06689834594727,54.06689834594727,54.06689834594727,54.06689834594727,5815
2020-03-18,48.72908401489258,48.72908401489258,48.72908401489258,48.72908401489258,9312
2020-03-19,43.90782928466797,43.90782928466797,43.90782928466797,43.90782928466797,19172
2020-03-20,39.60314178466797,39.60314178466797,39.60314178466797,39.60314178466797,61973
2020-03-23,35.642826080322266,35.642826080322266,35.642826080322266,35.642826080322266,10166
2020-03-24,32.09576416015625,32.09576416015625,32.09576416015625,32.09576416015625,280135
2020-03-25,28.89307403564453,35.2984504699707,28.89307403564453,35.2984504699707,1986814
2020-03-26,31.78582572937012,31.78582572937012,31.78582572937012,31.78582572937012,146642
2020-03-27,28.61757469177246,30.993762969970703,28.61757469177246,28.61757469177246,1284981
2020-03-30,30.924888610839844,31.475887298583984,29.271886825561523,31.475887298583984,305190
2020-03-31,34.33420181274414,34.609703063964844,31.992450714111328,31.992450714111328,334521
2020-04-01,31.9580135345459,31.9580135345459,30.16726303100586,30.16726303100586,94083
2020-04-06,31.165950775146484,31.682512283325195,29.960636138916016,31.682512283325195,95564
2020-04-07,32.37126159667969,32.37126159667969,30.71826362609864,30.71826362609864,79274
2020-04-08,31.37257575988769,32.13019943237305,30.993762969970703,32.06132507324219,116236
2020-04-09,32.71563720703125,35.12626647949219,32.64676284790039,35.12626647949219,198172
2020-04-10,36.15938949584961,38.57001495361328,36.15938949584961,38.57001495361328,214538
2020-04-13,42.3581428527832,42.3581428527832,40.98064041137695,42.3581428527832,374817
2020-04-14,46.49064636230469,46.49064636230469,44.940956115722656,46.49064636230469,590083
2020-04-15,48.212520599365234,50.79533386230469,47.17939376831055,47.17939376831055,1585566
2020-04-16,42.53033065795898,42.87470626831055,42.53033065795898,42.87470626831055,215172
2020-04-17,43.73564147949219,43.73564147949219,38.74220275878906,40.29189300537109,177713
2020-04-20,40.11970520019531,41.32501602172852,38.57001495361328,41.32501602172852,149546
2020-04-21,42.53033065795898,43.21908187866211,41.32501602172852,42.01376724243164,103666
2020-04-22,42.53033065795898,44.080020904541016,42.53033065795898,43.90782928466797,81597
2020-04-23,45.80189514160156,45.80189514160156,42.3581428527832,43.04689407348633,62756
2020-04-24,43.04689407348633,43.90782928466797,42.702518463134766,42.87470626831055,74627
2020-04-27,44.080020904541016,45.80189514160156,43.39126968383789,45.45751953125,79564
2020-04-28,45.80189514160156,46.83501815795898,44.940956115722656,46.83501815795898,76079
2020-04-29,46.146270751953125,48.04033279418945,46.146270751953125,47.86814498901367,126636
2020-04-30,48.212520599365234,49.76220703125,45.974082946777344,45.974082946777344,340380
2020-05-04,44.76876831054688,44.940956115722656,42.01376724243164,42.53033065795898,237676
2020-05-05,43.21908187866211,43.73564147949219,42.01376724243164,42.702518463134766,89372
2020-05-06,43.21908187866211,44.080020904541016,42.18595504760742,42.3581428527832,196878
2020-05-07,42.53033065795898,43.73564147949219,42.18595504760742,42.702518463134766,180779
2020-05-08,43.21908187866211,43.21908187866211,41.66939163208008,42.18595504760742,104751
2020-05-11,42.53033065795898,43.04689407348633,41.4972038269043,41.84157943725586,124575
2020-05-12,42.01376724243164,42.18595504760742,41.4972038269043,41.4972038269043,45589
2020-05-13,41.66939163208008,42.3581428527832,41.4972038269043,41.4972038269043,60950
2020-05-14,41.66939163208008,41.66939163208008,37.88126754760742,37.88126754760742,319793
2020-05-15,37.88126754760742,37.88126754760742,34.781890869140625,35.98720169067383,242468
2020-05-18,36.67595291137695,39.43095397949219,36.67595291137695,39.43095397949219,227956
2020-05-19,40.46408081054688,43.04689407348633,39.60314178466797,41.4972038269043,595922
2020-05-20,41.84157943725586,43.21908187866211,40.29189300537109,40.46408081054688,222249
2020-05-21,40.46408081054688,41.152828216552734,39.94751739501953,39.94751739501953,106584
2020-05-22,40.46408081054688,40.46408081054688,38.57001495361328,39.08657836914063,104537
2020-05-25,39.08657836914063,39.08657836914063,37.70907974243164,38.3978271484375,96133
2020-05-26,38.91439056396485,40.636268615722656,38.57001495361328,40.29189300537109,121379
2020-05-27,40.46408081054688,41.152828216552734,39.258766174316406,39.258766174316406,59528
2020-05-28,39.77532958984375,40.46408081054688,38.74220275878906,39.08657836914063,66403
2020-05-29,39.08657836914063,39.77532958984375,38.57001495361328,39.258766174316406,59237
2020-06-01,39.43095397949219,40.11970520019531,39.08657836914063,39.43095397949219,37749
2020-06-02,39.43095397949219,39.43095397949219,38.57001495361328,38.74220275878906,45009
2020-06-03,38.74220275878906,38.91439056396485,37.70907974243164,38.74220275878906,79567
2020-06-04,38.91439056396485,42.53033065795898,38.91439056396485,42.53033065795898,367323
2020-06-05,43.56345748901367,46.6628303527832,43.56345748901367,46.6628303527832,446012
2020-06-08,51.31189727783203,51.31189727783203,51.31189727783203,51.31189727783203,212939
2020-06-09,56.30533599853516,56.30533599853516,56.30533599853516,56.30533599853516,130294
2020-06-10,61.815338134765625,61.815338134765625,50.79533386230469,53.20595932006836,1395310
2020-06-11,49.59001922607422,51.31189727783203,48.212520599365234,48.212520599365234,481645
2020-06-12,44.42439270019531,49.07345962524414,43.90782928466797,49.07345962524414,299214
2020-06-15,48.72908401489258,50.10658264160156,46.83501815795898,47.86814498901367,222733
2020-06-16,48.212520599365234,49.41783142089844,47.86814498901367,47.86814498901367,139528
2020-06-17,48.212520599365234,52.517208099365234,48.212520599365234,52.517208099365234,328444
2020-06-18,55.78877258300781,56.8218994140625,54.06689834594727,56.64971160888672,669403
2020-06-19,57.85502243041992,58.19940185546875,52.517208099365234,53.03377151489258,358817
2020-06-22,53.03377151489258,55.27220916748047,53.03377151489258,53.20595932006836,154250
2020-06-23,52.8615837097168,52.8615837097168,50.10658264160156,50.450958251953125,177597
2020-06-24,49.59001922607422,49.93439483642578,48.5568962097168,48.72908401489258,160101
2020-06-29,48.72908401489258,52.34502029418945,47.69595718383789,50.96752166748047,141281
2020-06-30,51.31189727783203,51.6562728881836,50.10658264160156,50.450958251953125,89794
2020-07-01,50.10658264160156,50.278770446777344,49.59001922607422,49.76220703125,66497
2020-07-02,49.76220703125,49.76220703125,48.72908401489258,48.90127182006836,117604
2020-07-03,49.07345962524414,51.13970947265625,48.72908401489258,49.93439483642578,155451
2020-07-06,50.623146057128906,50.623146057128906,48.5568962097168,49.24564743041992,103685
2020-07-07,49.59001922607422,49.59001922607422,48.212520599365234,48.5568962097168,99600
2020-07-08,48.5568962097168,49.76220703125,48.212520599365234,48.384708404541016,104246
2020-07-09,48.5568962097168,48.5568962097168,47.007205963134766,47.69595718383789,147389
2020-07-10,47.69595718383789,48.212520599365234,45.974082946777344,46.318458557128906,143972
2020-07-13,46.318458557128906,49.07345962524414,44.76876831054688,48.212520599365234,216567
2020-07-14,47.007205963134766,48.212520599365234,46.49064636230469,47.17939376831055,96987
2020-07-15,47.52376937866211,47.52376937866211,46.146270751953125,46.318458557128906,80175
2020-07-16,46.49064636230469,47.17939376831055,45.80189514160156,46.49064636230469,36397
2020-07-17,46.6628303527832,47.17939376831055,45.62970733642578,46.146270751953125,54591
2020-07-20,45.80189514160156,45.80189514160156,44.25220489501953,45.11314392089844,94997
2020-07-21,45.45751953125,45.974082946777344,44.59658050537109,44.940956115722656,45590
2020-07-22,44.940956115722656,45.62970733642578,44.76876831054688,45.28533172607422,80799
2020-07-23,44.940956115722656,45.80189514160156,44.25220489501953,44.59658050537109,87985
2020-07-24,44.59658050537109,44.59658050537109,43.04689407348633,43.04689407348633,107440
2020-07-27,45.11314392089844,45.11314392089844,39.08657836914063,41.66939163208008,415131
2020-07-28,41.32501602172852,41.84157943725586,39.60314178466797,39.77532958984375,142170
2020-07-29,39.43095397949219,40.46408081054688,37.88126754760742,40.46408081054688,145872
2020-07-30,40.80845642089844,43.04689407348633,40.80845642089844,41.66939163208008,122685
2020-07-31,41.152828216552734,41.66939163208008,40.46408081054688,41.4972038269043,55753
2020-08-03,41.32501602172852,42.01376724243164,37.53689193725586,40.636268615722656,122422
2020-08-04,39.258766174316406,40.636268615722656,38.91439056396485,39.60314178466797,119749
2020-08-05,39.60314178466797,40.80845642089844,39.60314178466797,40.11970520019531,62856
2020-08-06,39.94751739501953,44.080020904541016,39.77532958984375,44.080020904541016,206417
2020-08-07,44.42439270019531,47.17939376831055,41.4972038269043,41.66939163208008,380430
2020-08-10,42.01376724243164,42.01376724243164,40.11970520019531,41.152828216552734,113884
2020-08-11,41.152828216552734,41.32501602172852,40.46408081054688,40.46408081054688,70591
2020-08-12,40.46408081054688,40.98064041137695,39.60314178466797,40.80845642089844,48884
2020-08-13,40.80845642089844,41.152828216552734,40.11970520019531,40.636268615722656,35179
2020-08-14,40.636268615722656,41.4972038269043,40.636268615722656,41.32501602172852,46751
2020-08-17,39.94751739501953,40.98064041137695,39.60314178466797,40.636268615722656,66845
2020-08-18,40.636268615722656,40.98064041137695,40.11970520019531,40.98064041137695,42395
2020-08-19,40.98064041137695,40.98064041137695,40.46408081054688,40.46408081054688,57309
2020-08-20,40.46408081054688,40.46408081054688,37.88126754760742,38.3978271484375,98438
2020-08-21,38.57001495361328,39.60314178466797,38.57001495361328,38.91439056396485,41621
2020-08-24,39.258766174316406,39.77532958984375,38.22563934326172,39.258766174316406,55802
2020-08-25,39.08657836914063,39.60314178466797,38.74220275878906,39.258766174316406,58366
2020-08-26,39.258766174316406,40.11970520019531,38.91439056396485,39.60314178466797,38395
2020-08-27,39.43095397949219,40.11970520019531,39.258766174316406,39.43095397949219,33416
2020-08-28,39.60314178466797,39.77532958984375,38.91439056396485,39.43095397949219,34186
2020-08-31,39.60314178466797,39.60314178466797,38.57001495361328,38.74220275878906,57085
2020-09-01,38.91439056396485,39.258766174316406,38.3978271484375,38.91439056396485,55753
2020-09-02,38.91439056396485,39.08657836914063,38.3978271484375,38.91439056396485,36927
2020-09-03,38.91439056396485,42.01376724243164,38.91439056396485,40.98064041137695,131810
2020-09-04,39.60314178466797,43.39126968383789,39.258766174316406,42.01376724243164,230068
2020-09-07,42.01376724243164,42.702518463134766,41.84157943725586,42.18595504760742,87226
2020-09-08,42.3581428527832,42.53033065795898,41.32501602172852,41.66939163208008,56905
2020-09-09,41.32501602172852,41.32501602172852,39.77532958984375,40.98064041137695,38912
2020-09-10,41.32501602172852,43.39126968383789,41.32501602172852,42.53033065795898,122370
2020-09-11,42.87470626831055,43.21908187866211,39.94751739501953,41.32501602172852,94527
2020-09-14,41.32501602172852,41.66939163208008,40.80845642089844,40.98064041137695,107767
2020-09-15,40.98064041137695,42.01376724243164,40.636268615722656,40.98064041137695,89197
2020-09-16,40.98064041137695,41.32501602172852,40.29189300537109,40.98064041137695,45653
2020-09-17,40.29189300537109,41.4972038269043,40.29189300537109,41.32501602172852,66532
2020-09-18,40.98064041137695,41.84157943725586,40.98064041137695,41.4972038269043,118719
2020-09-21,41.84157943725586,43.39126968383789,41.84157943725586,42.702518463134766,145572
2020-09-22,43.04689407348633,46.83501815795898,42.18595504760742,46.83501815795898,750062
2020-09-23,48.384708404541016,49.93439483642578,46.318458557128906,48.384708404541016,808266
2020-09-24,46.146270751953125,46.83501815795898,43.56345748901367,44.080020904541016,402823
2020-09-25,44.080020904541016,44.080020904541016,40.11970520019531,40.98064041137695,225354
2020-09-28,42.3581428527832,42.702518463134766,39.60314178466797,39.94751739501953,145539
2020-09-29,40.636268615722656,41.152828216552734,39.258766174316406,39.60314178466797,107681
2020-09-30,39.94751739501953,40.29189300537109,38.91439056396485,39.94751739501953,186244
2020-10-05,39.94751739501953,40.29189300537109,39.77532958984375,40.11970520019531,40660
2020-10-06,40.29189300537109,40.98064041137695,39.94751739501953,40.80845642089844,82258
2020-10-07,40.80845642089844,40.98064041137695,40.46408081054688,40.46408081054688,46181
2020-10-08,40.636268615722656,40.80845642089844,40.29189300537109,40.636268615722656,29374
2020-10-12,40.80845642089844,40.80845642089844,39.43095397949219,39.60314178466797,72920
2020-10-13,39.43095397949219,40.29189300537109,39.08657836914063,39.60314178466797,80291
2020-10-14,39.77532958984375,40.29189300537109,39.60314178466797,39.94751739501953,51687
2020-10-15,39.94751739501953,40.46408081054688,39.258766174316406,39.43095397949219,51722
2020-10-16,39.60314178466797,39.60314178466797,38.57001495361328,39.258766174316406,202773
2020-10-19,39.258766174316406,39.60314178466797,39.08657836914063,39.258766174316406,47657
2020-10-20,39.43095397949219,39.43095397949219,38.91439056396485,39.08657836914063,23102
2020-10-21,39.258766174316406,39.258766174316406,38.91439056396485,39.258766174316406,26192
2020-10-22,39.08657836914063,39.08657836914063,38.57001495361328,39.08657836914063,60428
2020-10-23,38.91439056396485,38.91439056396485,38.57001495361328,38.74220275878906,86662
2020-10-26,38.74220275878906,38.74220275878906,38.22563934326172,38.3978271484375,81343
2020-10-27,38.3978271484375,38.57001495361328,38.05345153808594,38.22563934326172,69691
2020-10-28,38.3978271484375,38.57001495361328,38.22563934326172,38.22563934326172,29618
2020-10-29,37.88126754760742,38.22563934326172,36.848140716552734,37.88126754760742,59528
2020-10-30,38.22563934326172,38.22563934326172,38.05345153808594,38.05345153808594,20955
2020-11-02,38.05345153808594,38.05345153808594,37.1925163269043,37.36470413208008,56973
2020-11-03,37.53689193725586,37.70907974243164,37.1925163269043,37.36470413208008,21817
2020-11-04,37.53689193725586,38.57001495361328,37.53689193725586,37.88126754760742,20326
2020-11-05,37.53689193725586,37.70907974243164,37.53689193725586,37.53689193725586,12486
2020-11-06,37.88126754760742,37.88126754760742,37.36470413208008,37.70907974243164,21778
2020-11-09,37.88126754760742,39.258766174316406,37.88126754760742,38.57001495361328,74631
2020-11-10,39.60314178466797,39.60314178466797,38.74220275878906,38.91439056396485,62144
2020-11-11,39.258766174316406,39.43095397949219,38.91439056396485,39.08657836914063,43755
2020-11-12,39.08657836914063,39.08657836914063,39.08657836914063,39.08657836914063,0
2020-11-13,35.2984504699707,38.22563934326172,35.2984504699707,37.88126754760742,421453
2020-11-16,37.70907974243164,38.05345153808594,35.470638275146484,35.81501388549805,283235
2020-11-17,35.81501388549805,36.67595291137695,35.470638275146484,36.67595291137695,83049
2020-11-18,33.74876403808594,34.781890869140625,33.025577545166016,33.404388427734375,533982
2020-11-19,32.784515380859375,33.06001281738281,30.20170021057129,32.99113845825195,127933
2020-11-20,32.99113845825195,33.92095184326172,32.37126159667969,33.36994934082031,81626
2020-11-23,33.36994934082031,35.470638275146484,33.36994934082031,34.781890869140625,74229
2020-11-24,35.470638275146484,35.470638275146484,34.43751525878906,34.43751525878906,40528
2020-11-25,33.06001281738281,34.403076171875,33.06001281738281,34.02426528930664,20215
2020-11-26,33.232200622558594,33.57657623291016,32.71563720703125,32.71563720703125,33718
2020-11-27,33.74876403808594,33.95538711547852,33.57657623291016,33.645450592041016,27878
2020-11-30,33.74876403808594,34.781890869140625,33.74876403808594,34.609703063964844,28234
2020-12-01,33.92095184326172,34.954078674316406,33.92095184326172,34.609703063964844,28166
2020-12-02,34.43751525878906,34.609703063964844,34.33420181274414,34.43751525878906,35571
2020-12-03,34.43751525878906,34.43751525878906,33.74876403808594,34.19645309448242,46461
2020-12-04,33.74876403808594,34.954078674316406,33.71432876586914,34.3686408996582,34177
2020-12-07,34.19645309448242,34.3686408996582,34.0931396484375,34.3686408996582,23811
2020-12-08,34.26532745361328,34.43751525878906,34.02426528930664,34.02426528930664,32847
2020-12-09,34.0931396484375,34.43751525878906,33.404388427734375,34.43751525878906,72300
2020-12-10,33.74876403808594,34.43751525878906,33.404388427734375,34.43751525878906,20656
2020-12-11,34.43751525878906,34.43751525878906,34.0931396484375,34.26532745361328,30490
2020-12-14,34.43751525878906,34.43751525878906,34.0931396484375,34.0931396484375,8829
2020-12-15,33.74876403808594,34.26532745361328,33.74876403808594,33.74876403808594,14812
2020-12-16,33.74876403808594,33.92095184326172,33.404388427734375,33.61101531982422,19179
2020-12-17,33.232200622558594,33.404388427734375,33.232200622558594,33.404388427734375,4646
2020-12-18,33.404388427734375,33.74876403808594,33.36994934082031,33.404388427734375,11675
2020-12-21,35.12626647949219,35.12626647949219,33.06001281738281,33.06001281738281,19191
2020-12-22,33.06001281738281,33.404388427734375,31.64807510375977,32.09576416015625,35137
2020-12-23,32.37126159667969,32.71563720703125,32.37126159667969,32.71563720703125,5241
2020-12-24,32.71563720703125,32.71563720703125,32.71563720703125,32.71563720703125,0
2020-12-25,35.81501388549805,35.98720169067383,34.43751525878906,35.98720169067383,127008
2020-12-28,38.57001495361328,38.57001495361328,36.848140716552734,37.88126754760742,159597
2020-12-29,40.11970520019531,40.11970520019531,38.22563934326172,38.91439056396485,83339
2020-12-30,39.43095397949219,39.60314178466797,38.3978271484375,39.08657836914063,58976
2020-12-31,38.22563934326172,38.91439056396485,37.53689193725586,37.88126754760742,25427
2021-01-04,38.57001495361328,38.74220275878906,37.88126754760742,38.57001495361328,21224
2021-01-05,38.74220275878906,38.74220275878906,37.53689193725586,37.53689193725586,11078
2021-01-06,36.67595291137695,36.67595291137695,33.92095184326172,34.43751525878906,49676
2021-01-07,34.12757873535156,34.43751525878906,34.0931396484375,34.43751525878906,14007
2021-01-08,33.783203125,34.23088836669922,33.74876403808594,34.0931396484375,9308
2021-01-11,34.43751525878906,34.954078674316406,34.16201400756836,34.16201400756836,10554
2021-01-12,34.26532745361328,34.43751525878906,34.26532745361328,34.43751525878906,3775
2021-01-13,34.403076171875,34.43751525878906,34.19645309448242,34.19645309448242,11615
2021-01-14,34.16201400756836,37.53689193725586,34.0931396484375,37.1925163269043,34187
2021-01-15,37.88126754760742,39.43095397949219,36.848140716552734,36.848140716552734,40425
2021-01-18,35.81501388549805,38.91439056396485,35.81501388549805,36.15938949584961,2105
2021-01-19,38.57001495361328,38.57001495361328,35.2984504699707,35.98720169067383,17161
2021-01-20,35.81501388549805,35.98720169067383,34.16201400756836,34.3686408996582,19455
2021-01-21,34.781890869140625,34.781890869140625,34.23088836669922,34.26532745361328,1756
2021-01-22,34.16201400756836,35.98720169067383,34.0931396484375,35.98720169067383,11324
2021-01-25,35.642826080322266,37.1925163269043,34.43751525878906,36.50376510620117,12008
2021-01-26,34.781890869140625,35.642826080322266,34.781890869140625,35.642826080322266,3484
2021-01-27,34.609703063964844,34.609703063964844,34.43751525878906,34.43751525878906,2904
2021-01-28,34.43751525878906,35.98720169067383,34.43751525878906,35.470638275146484,4817
2021-01-29,34.609703063964844,34.609703063964844,34.43751525878906,34.43751525878906,639
2021-02-01,34.43751525878906,34.43751525878906,34.26532745361328,34.26532745361328,2032
2021-02-02,34.26532745361328,35.12626647949219,34.23088836669922,34.23088836669922,3197
2021-02-03,34.26532745361328,34.26532745361328,34.0931396484375,34.0931396484375,8452
2021-02-04,33.886512756347656,34.26532745361328,33.71432876586914,34.26532745361328,9001
2021-02-05,33.92095184326172,34.26532745361328,33.886512756347656,34.26532745361328,4661
2021-02-17,35.470638275146484,35.470638275146484,34.23088836669922,34.23088836669922,10454
2021-02-18,34.12757873535156,34.12757873535156,33.783203125,33.886512756347656,6158
2021-02-19,33.92095184326172,34.26532745361328,33.886512756347656,34.26532745361328,6998
2021-02-22,34.43751525878906,35.81501388549805,34.43751525878906,35.81501388549805,35491
2021-02-23,35.12626647949219,36.33157730102539,34.954078674316406,36.33157730102539,10460
2021-02-24,37.53689193725586,39.60314178466797,37.36470413208008,38.74220275878906,23684
2021-02-25,38.91439056396485,39.258766174316406,38.05345153808594,38.05345153808594,24974
2021-02-26,37.88126754760742,37.88126754760742,37.53689193725586,37.88126754760742,8424
2021-03-02,37.88126754760742,37.88126754760742,35.12626647949219,36.15938949584961,11686
2021-03-03,34.954078674316406,38.05345153808594,34.954078674316406,35.642826080322266,9034
2021-03-04,35.642826080322266,35.81501388549805,35.12626647949219,35.12626647949219,36328
2021-03-05,35.642826080322266,35.642826080322266,34.954078674316406,35.642826080322266,12779
2021-03-08,35.98720169067383,35.98720169067383,34.954078674316406,34.954078674316406,21494
2021-03-09,34.954078674316406,35.642826080322266,34.43751525878906,35.642826080322266,11037
2021-03-10,34.43751525878906,35.642826080322266,34.43751525878906,35.642826080322266,2323
2021-03-11,34.781890869140625,36.50376510620117,34.43751525878906,36.50376510620117,10545
2021-03-12,35.470638275146484,35.642826080322266,33.95538711547852,35.642826080322266,9583
2021-03-15,34.954078674316406,35.470638275146484,34.954078674316406,35.470638275146484,11906
2021-03-16,34.43751525878906,34.954078674316406,34.43751525878906,34.954078674316406,8507
2021-03-17,35.642826080322266,35.642826080322266,34.26532745361328,35.2984504699707,7841
2021-03-18,34.43751525878906,35.81501388549805,34.43751525878906,34.954078674316406,16842
2021-03-19,35.12626647949219,35.2984504699707,34.3686408996582,34.3686408996582,42701
2021-03-22,34.43751525878906,34.609703063964844,34.43751525878906,34.609703063964844,20051
2021-03-23,34.0931396484375,35.470638275146484,34.0931396484375,34.609703063964844,4358
2021-03-24,34.609703063964844,34.609703063964844,34.19645309448242,34.26532745361328,4661
2021-03-25,34.33420181274414,35.642826080322266,34.23088836669922,34.781890869140625,22651
2021-03-26,34.19645309448242,34.43751525878906,31.407012939453125,34.33420181274414,46461
2021-03-29,31.889137268066406,34.0931396484375,30.993762969970703,32.922264099121094,79579
2021-03-30,32.64676284790039,32.64676284790039,31.475887298583984,31.854700088500977,57540
2021-03-31,31.37257575988769,32.71563720703125,30.993762969970703,32.33682632446289,49587
2021-04-01,32.99113845825195,34.29976272583008,32.81895065307617,32.81895065307617,22653
2021-04-07,34.954078674316406,35.470638275146484,34.781890869140625,35.12626647949219,31455
2021-04-08,34.781890869140625,35.642826080322266,34.43751525878906,34.781890869140625,38911
2021-04-09,34.954078674316406,36.15938949584961,34.781890869140625,34.781890869140625,47044
2021-04-12,34.43751525878906,35.2984504699707,34.43751525878906,35.2984504699707,19760
2021-04-13,35.2984504699707,35.642826080322266,34.954078674316406,35.2984504699707,37459
2021-04-14,35.2984504699707,35.470638275146484,35.12626647949219,35.470638275146484,27397
2021-04-15,35.98720169067383,35.98720169067383,35.470638275146484,35.470638275146484,35136
2021-04-16,35.642826080322266,35.81501388549805,35.12626647949219,35.2984504699707,32701
2021-04-19,35.2984504699707,35.470638275146484,35.12626647949219,35.12626647949219,45171
2021-04-20,35.2984504699707,35.81501388549805,35.2984504699707,35.470638275146484,48493
2021-04-21,35.12626647949219,35.642826080322266,35.12626647949219,35.12626647949219,46220
2021-04-22,35.12626647949219,35.470638275146484,34.781890869140625,34.781890869140625,49399
2021-04-23,34.781890869140625,34.954078674316406,34.43751525878906,34.781890869140625,31070
2021-04-26,34.954078674316406,35.470638275146484,34.781890869140625,35.470638275146484,36886
2021-04-27,35.2984504699707,35.2984504699707,34.954078674316406,34.954078674316406,28167
2021-04-28,35.12626647949219,35.12626647949219,34.954078674316406,35.12626647949219,25553
2021-04-29,35.12626647949219,35.12626647949219,34.954078674316406,35.12626647949219,28942
2021-05-03,35.12626647949219,35.12626647949219,34.781890869140625,34.781890869140625,40415
2021-05-04,34.781890869140625,35.12626647949219,33.74876403808594,34.43751525878906,42395
2021-05-05,34.43751525878906,34.954078674316406,34.26532745361328,34.781890869140625,41701
2021-05-06,34.781890869140625,34.954078674316406,34.609703063964844,34.781890869140625,23482
2021-05-07,34.781890869140625,35.12626647949219,34.781890869140625,34.781890869140625,56627
2021-05-10,35.12626647949219,37.88126754760742,35.12626647949219,37.88126754760742,71536
2021-05-11,38.57001495361328,40.636268615722656,36.67595291137695,36.848140716552734,122999
2021-05-12,37.88126754760742,37.88126754760742,34.781890869140625,35.642826080322266,42329
2021-05-13,34.954078674316406,37.1925163269043,34.781890869140625,37.1925163269043,11963
2021-05-14,37.53689193725586,38.57001495361328,36.50376510620117,36.848140716552734,29915
2021-05-17,33.404388427734375,35.81501388549805,33.163326263427734,34.43751525878906,191361
2021-05-18,34.43751525878906,36.15938949584961,34.43751525878906,36.15938949584961,97894
2021-05-19,36.15938949584961,36.50376510620117,34.781890869140625,35.470638275146484,23811
2021-05-20,35.12626647949219,35.2984504699707,35.12626647949219,35.2984504699707,11034
2021-05-21,35.98720169067383,35.98720169067383,34.781890869140625,35.98720169067383,6679
2021-05-24,35.98720169067383,36.15938949584961,35.12626647949219,35.12626647949219,162140
2021-05-25,36.15938949584961,36.33157730102539,35.470638275146484,36.33157730102539,139383
2021-05-26,36.15938949584961,36.15938949584961,35.81501388549805,36.15938949584961,139382
2021-05-27,36.33157730102539,36.33157730102539,35.98720169067383,36.15938949584961,137930
2021-05-28,36.15938949584961,36.15938949584961,36.15938949584961,36.15938949584961,45364
2021-05-31,36.15938949584961,36.50376510620117,36.15938949584961,36.50376510620117,15680
2021-06-01,36.50376510620117,36.848140716552734,36.50376510620117,36.848140716552734,17159
2021-06-02,37.02032852172852,37.02032852172852,36.33157730102539,36.33157730102539,22978
2021-06-03,36.15938949584961,36.50376510620117,36.15938949584961,36.15938949584961,7780
2021-06-04,34.43751525878906,35.642826080322266,34.43751525878906,35.470638275146484,11615
2021-06-07,35.642826080322266,35.98720169067383,35.642826080322266,35.98720169067383,2595
2021-06-08,35.98720169067383,35.98720169067383,35.98720169067383,35.98720169067383,29910
2021-06-09,35.12626647949219,35.12626647949219,35.12626647949219,35.12626647949219,928
2021-06-10,35.12626647949219,35.12626647949219,35.12626647949219,35.12626647949219,2904
2021-06-11,35.470638275146484,35.81501388549805,35.12626647949219,35.470638275146484,9875
2021-06-15,35.642826080322266,35.642826080322266,35.2984504699707,35.470638275146484,6969
2021-06-16,35.470638275146484,35.470638275146484,35.12626647949219,35.12626647949219,5133
2021-06-17,35.470638275146484,35.470638275146484,35.470638275146484,35.470638275146484,17422
2021-06-18,35.470638275146484,35.470638275146484,34.43751525878906,34.43751525878906,15106
2021-06-21,34.43751525878906,35.470638275146484,34.43751525878906,35.470638275146484,9872
2021-06-22,34.781890869140625,35.2984504699707,34.781890869140625,35.2984504699707,5517
2021-06-23,35.2984504699707,35.2984504699707,35.2984504699707,35.2984504699707,11324
2021-06-24,35.12626647949219,35.2984504699707,35.12626647949219,35.2984504699707,9001
2021-06-25,35.2984504699707,35.470638275146484,35.2984504699707,35.470638275146484,16223
2021-06-28,34.43751525878906,35.81501388549805,34.43751525878906,35.81501388549805,5918
2021-06-29,34.43751525878906,35.642826080322266,34.43751525878906,35.642826080322266,10327
2021-06-30,35.642826080322266,35.81501388549805,35.12626647949219,35.81501388549805,13547
2021-07-01,37.02032852172852,37.1925163269043,35.2984504699707,35.470638275146484,5618
2021-07-02,36.15938949584961,36.15938949584961,35.2984504699707,35.470638275146484,23288
2021-07-05,34.609703063964844,35.470638275146484,34.609703063964844,35.470638275146484,35646
2021-07-06,35.470638275146484,35.470638275146484,34.954078674316406,35.470638275146484,55334
2021-07-07,35.470638275146484,35.642826080322266,35.470638275146484,35.470638275146484,85073
2021-07-08,35.470638275146484,35.470638275146484,35.470638275146484,35.470638275146484,90047
2021-07-09,35.470638275146484,35.470638275146484,35.470638275146484,35.470638275146484,154511
2021-07-12,35.470638275146484,35.470638275146484,33.74876403808594,33.74876403808594,136321
2021-07-13,34.16201400756836,34.16201400756836,33.404388427734375,33.404388427734375,48784
2021-07-14,33.404388427734375,33.473262786865234,33.404388427734375,33.473262786865234,1161
2021-07-15,34.609703063964844,34.609703063964844,33.74876403808594,33.74876403808594,3484
2021-07-16,33.57657623291016,33.71432876586914,33.57657623291016,33.71432876586914,3194
2021-07-19,33.094451904296875,34.43751525878906,33.094451904296875,34.43751525878906,9747
2021-07-20,34.609703063964844,34.781890869140625,34.609703063964844,34.609703063964844,9001
2021-07-21,34.43751525878906,34.954078674316406,34.43751525878906,34.954078674316406,7840
2021-07-22,34.43751525878906,34.781890869140625,34.43751525878906,34.781890869140625,13938
2021-07-23,34.954078674316406,34.954078674316406,34.43751525878906,34.43751525878906,1451
2021-07-26,33.404388427734375,34.609703063964844,33.266639709472656,34.609703063964844,3595
2021-07-27,34.43751525878906,34.43751525878906,33.5077018737793,33.57657623291016,1553
2021-07-28,33.61101531982422,33.61101531982422,33.61101531982422,33.61101531982422,290
2021-07-29,33.92095184326172,34.0931396484375,33.92095184326172,34.0931396484375,7550
2021-07-30,34.0931396484375,34.0931396484375,33.74876403808594,33.74876403808594,11046
2021-08-02,34.3686408996582,34.3686408996582,34.3686408996582,34.3686408996582,406
2021-08-03,34.3686408996582,34.3686408996582,32.71563720703125,33.06001281738281,3774
2021-08-04,33.06001281738281,33.06001281738281,33.06001281738281,33.06001281738281,0
2021-08-05,33.06001281738281,33.92095184326172,33.06001281738281,33.92095184326172,993
2021-08-06,33.06001281738281,33.404388427734375,33.06001281738281,33.404388427734375,5226
2021-08-09,33.06001281738281,33.12888717651367,33.06001281738281,33.12888717651367,1748
2021-08-10,33.57657623291016,34.02426528930664,33.404388427734375,33.404388427734375,13964
2021-08-11,33.06001281738281,33.06001281738281,32.88782501220703,32.88782501220703,2323
2021-08-12,34.05870056152344,34.05870056152344,32.71563720703125,32.88782501220703,12196
2021-08-13,32.71563720703125,32.784515380859375,32.71563720703125,32.71563720703125,27296
2021-08-16,32.75007629394531,32.75007629394531,31.682512283325195,31.682512283325195,21488
2021-08-17,31.682512283325195,31.682512283325195,31.682512283325195,31.682512283325195,0
2021-08-18,30.993762969970703,30.993762969970703,30.924888610839844,30.924888610839844,27295
2021-08-19,28.996387481689453,28.996387481689453,28.75532341003418,28.78976249694824,46170
2021-08-20,28.61757469177246,28.61757469177246,25.93144798278809,27.171199798583984,124619
2021-08-23,26.06919860839844,28.23876190185547,26.06919860839844,28.23876190185547,30491
2021-08-24,28.23876190185547,31.06263732910156,28.23876190185547,31.06263732910156,33776
2021-08-25,29.271886825561523,31.54476356506348,29.271886825561523,31.54476356506348,19745
2021-08-26,31.54476356506348,32.16463851928711,31.407012939453125,32.16463851928711,2613
2021-08-27,32.37126159667969,32.37126159667969,32.30238723754883,32.30238723754883,16353
2021-08-30,32.30238723754883,32.37126159667969,32.30238723754883,32.37126159667969,13357
2021-08-31,32.37126159667969,34.02426528930664,32.37126159667969,32.37126159667969,20617
2021-09-01,32.54344940185547,32.54344940185547,32.40570068359375,32.40570068359375,3194
2021-09-02,32.40570068359375,32.40570068359375,32.40570068359375,32.40570068359375,0
2021-09-03,31.06263732910156,31.06263732910156,30.64938735961914,30.64938735961914,5546
2021-09-06,31.682512283325195,31.889137268066406,31.682512283325195,31.889137268066406,2751
2021-09-07,31.992450714111328,31.992450714111328,31.854700088500977,31.889137268066406,6388
2021-09-08,31.889137268066406,31.889137268066406,31.889137268066406,31.889137268066406,0
2021-09-09,31.78582572937012,31.78582572937012,31.78582572937012,31.78582572937012,598
2021-09-10,31.751388549804688,31.854700088500977,31.751388549804688,31.854700088500977,5807
2021-09-13,31.510326385498047,31.854700088500977,31.510326385498047,31.854700088500977,2906
2021-09-14,31.854700088500977,31.854700088500977,31.854700088500977,31.854700088500977,0
2021-09-15,31.854700088500977,31.854700088500977,31.854700088500977,31.854700088500977,871
2021-09-16,31.854700088500977,31.889137268066406,31.854700088500977,31.889137268066406,4067
2021-09-17,31.338138580322266,33.783203125,31.338138580322266,33.783203125,22365
2021-09-22,33.783203125,33.783203125,32.71563720703125,32.71563720703125,17462
2021-09-23,33.67988967895508,33.886512756347656,33.67988967895508,33.886512756347656,19485
2021-09-24,33.886512756347656,35.2984504699707,33.886512756347656,35.12626647949219,50326
2021-09-27,35.2984504699707,35.2984504699707,34.26532745361328,34.26532745361328,12654
2021-09-28,35.12626647949219,35.470638275146484,34.954078674316406,35.470638275146484,19514
2021-09-29,34.43751525878906,34.43751525878906,34.0931396484375,34.0931396484375,22504
2021-09-30,33.8176383972168,33.8176383972168,32.71563720703125,32.71563720703125,39501
2021-10-01,32.71563720703125,32.99113845825195,32.71563720703125,32.81895065307617,3485
2021-10-04,32.99113845825195,33.025577545166016,32.75007629394531,32.853389739990234,35720
2021-10-05,34.403076171875,34.403076171875,32.88782501220703,34.0931396484375,26431
2021-10-06,34.16201400756836,35.12626647949219,34.16201400756836,35.12626647949219,21672
2021-10-07,35.12627029418945,35.12627029418945,35.12627029418945,35.12627029418945,0
2021-10-08,35.12627029418945,35.12627029418945,35.12627029418945,35.12627029418945,0
2021-10-12,35.12627029418945,35.12627029418945,35.12627029418945,35.12627029418945,0
2021-10-13,35.12627029418945,35.12627029418945,35.12627029418945,35.12627029418945,0
2021-10-14,35.12627029418945,35.12627029418945,35.12627029418945,35.12627029418945,0
2021-10-15,35.12627029418945,35.12627029418945,35.12627029418945,35.12627029418945,0
2021-10-18,37.0,37.0,32.150001525878906,32.29999923706055,55097
2021-10-19,32.29999923706055,35.5,32.29999923706055,35.5,109069
2021-10-20,37.0,37.0,36.0,36.0,38773
2021-10-21,36.0,36.0,33.0,34.0,32191
2021-10-22,34.0,35.0,34.0,35.0,5502
2021-10-25,32.599998474121094,35.599998474121094,32.599998474121094,35.400001525878906,41828
2021-10-26,35.5,35.5,35.5,35.5,1480
2021-10-27,35.5,35.54999923706055,35.5,35.5,20037
2021-10-28,32.099998474121094,35.099998474121094,32.099998474121094,35.099998474121094,10467
2021-10-29,35.099998474121094,35.099998474121094,35.099998474121094,35.099998474121094,0
2021-11-01,33.099998474121094,33.5,33.099998474121094,33.5,5071
2021-11-02,33.5,33.5,33.400001525878906,33.400001525878906,7184
2021-11-03,35.099998474121094,35.099998474121094,35.0,35.0,7741
2021-11-04,35.0,35.0,35.0,35.0,6326
2021-11-05,36.0,36.0,35.04999923706055,35.79999923706055,12169
2021-11-08,35.79999923706055,35.79999923706055,35.79999923706055,35.79999923706055,4425
2021-11-09,36.5,36.5,36.400001525878906,36.400001525878906,16580
2021-11-10,36.400001525878906,36.5,36.09999847412109,36.29999923706055,10679
2021-11-11,36.29999923706055,36.29999923706055,36.29999923706055,36.29999923706055,0
2021-11-12,36.29999923706055,36.29999923706055,36.29999923706055,36.29999923706055,1011
2021-11-15,36.29999923706055,36.29999923706055,36.29999923706055,36.29999923706055,0
2021-11-16,35.849998474121094,35.849998474121094,35.849998474121094,35.849998474121094,7220
2021-11-17,36.0,36.0,35.5,35.900001525878906,6002
2021-11-18,35.5,35.5,35.5,35.5,2008
2021-11-19,36.59999847412109,36.59999847412109,35.0,35.0,6645
2021-11-22,34.0,35.0,34.0,35.0,13000
2021-11-23,35.0,35.0,35.0,35.0,3000
2021-11-24,35.5,35.5,35.5,35.5,2007
2021-11-25,35.45000076293945,35.650001525878906,35.45000076293945,35.650001525878906,8284
2021-11-26,35.650001525878906,35.650001525878906,35.650001525878906,35.650001525878906,0
2021-11-29,35.29999923706055,35.349998474121094,35.20000076293945,35.20000076293945,13002
2021-11-30,35.20000076293945,35.20000076293945,32.29999923706055,32.400001525878906,10293
2021-12-01,33.349998474121094,33.349998474121094,33.0,33.0,3306
2021-12-02,33.54999923706055,33.54999923706055,33.20000076293945,33.29999923706055,4006
2021-12-03,32.349998474121094,32.349998474121094,32.150001525878906,32.150001525878906,3549
2021-12-06,33.0,33.599998474121094,33.0,33.54999923706055,6742
2021-12-07,32.349998474121094,33.70000076293945,32.349998474121094,33.54999923706055,8455
2021-12-08,33.54999923706055,33.54999923706055,33.54999923706055,33.54999923706055,1197
2021-12-09,33.54999923706055,33.54999923706055,33.54999923706055,33.54999923706055,0
2021-12-10,31.64999961853028,32.5,31.64999961853028,32.5,3711
2021-12-13,32.5,32.5,29.25,29.299999237060547,62290
2021-12-14,27.450000762939453,29.700000762939453,27.450000762939453,29.700000762939453,8451
2021-12-15,29.049999237060547,29.64999961853028,29.049999237060547,29.64999961853028,4003
2021-12-16,30.39999961853028,30.39999961853028,30.39999961853028,30.39999961853028,1309
2021-12-17,30.450000762939453,31.0,29.700000762939453,29.700000762939453,16446
2021-12-20,31.0,32.25,31.0,32.25,4702
2021-12-21,32.349998474121094,32.349998474121094,30.100000381469727,30.100000381469727,3002
2021-12-22,30.100000381469727,31.0,30.100000381469727,31.0,8001
2021-12-23,31.100000381469727,31.100000381469727,31.100000381469727,31.100000381469727,1000
2021-12-24,31.100000381469727,31.100000381469727,31.100000381469727,31.100000381469727,0
2021-12-27,31.100000381469727,31.5,31.100000381469727,31.5,2420
2021-12-28,30.100000381469727,31.700000762939453,30.100000381469727,31.700000762939453,9999
2021-12-29,31.89999961853028,31.89999961853028,31.89999961853028,31.89999961853028,1000
2021-12-30,32.5,33.349998474121094,32.0,32.5,22000
2022-01-03,32.5,32.5,32.5,32.5,0
2022-01-04,33.349998474121094,33.349998474121094,33.25,33.25,2011
2022-01-05,35.70000076293945,35.70000076293945,34.70000076293945,34.70000076293945,18743
2022-01-06,34.75,35.0,33.79999923706055,34.0,16481
2022-01-07,34.0,34.0,34.0,34.0,0
2022-01-10,34.0,34.0,34.0,34.0,0
2022-01-11,33.95000076293945,33.95000076293945,33.900001525878906,33.95000076293945,3000
2022-01-12,35.04999923706055,35.04999923706055,35.04999923706055,35.04999923706055,1002
2022-01-13,35.04999923706055,35.04999923706055,35.04999923706055,35.04999923706055,0
2022-01-14,34.95000076293945,34.95000076293945,34.70000076293945,34.70000076293945,4155
2022-01-17,34.70000076293945,34.70000076293945,34.70000076293945,34.70000076293945,0
2022-01-18,33.5,34.0,33.5,34.0,3003
2022-01-19,34.0,34.0,34.0,34.0,0
2022-01-20,32.5,34.0,32.5,34.0,2000
2022-01-21,34.0,34.0,34.0,34.0,0
2022-01-24,33.650001525878906,33.75,33.650001525878906,33.70000076293945,5010
2022-01-25,33.70000076293945,33.70000076293945,33.70000076293945,33.70000076293945,0
2022-01-26,33.5,33.5,33.5,33.5,6290
2022-02-07,33.5,33.5,33.5,33.5,0
2022-02-08,31.100000381469727,31.100000381469727,31.100000381469727,31.100000381469727,1029
2022-02-09,31.0,31.100000381469727,29.700000762939453,29.700000762939453,7047
2022-02-10,29.600000381469727,30.5,29.600000381469727,30.5,3010
2022-02-11,30.5,30.5,30.5,30.5,0
2022-02-14,29.100000381469727,29.100000381469727,29.100000381469727,29.100000381469727,4186
2022-02-15,29.100000381469727,29.100000381469727,27.549999237060547,27.549999237060547,18005
2022-02-16,27.0,27.0,27.0,27.0,3023
2022-02-17,26.850000381469727,26.850000381469727,26.0,26.0,11205
2022-02-18,26.0,26.0,26.0,26.0,0
2022-02-21,26.0,26.0,26.0,26.0,0
2022-02-22,26.0,26.0,26.0,26.0,2938
2022-02-23,26.0,26.0,26.0,26.0,0
2022-02-24,25.39999961853028,25.39999961853028,25.299999237060547,25.299999237060547,3005
2022-02-25,25.600000381469727,25.89999961853028,25.600000381469727,25.89999961853028,4137
2022-03-01,26.39999961853028,26.39999961853028,26.0,26.0,2014
2022-03-02,26.0,26.0,26.0,26.0,0
2022-03-03,26.0,26.0,26.0,26.0,3009
2022-03-04,24.0,24.5,23.39999961853028,24.5,20490
2022-03-07,24.39999961853028,24.39999961853028,24.100000381469727,24.200000762939453,6581
2022-03-08,24.200000762939453,24.200000762939453,24.200000762939453,24.200000762939453,0
2022-03-09,24.0,24.0,24.0,24.0,2422
2022-03-10,24.0,24.0,24.0,24.0,0
2022-03-11,24.0,24.0,24.0,24.0,0
2022-03-14,24.0,24.0,24.0,24.0,0
2022-03-15,24.0,24.0,24.0,24.0,0
2022-03-16,24.0,24.0,24.0,24.0,0
2022-03-17,24.0,24.0,24.0,24.0,0
2022-03-18,24.0,24.0,24.0,24.0,0
2022-03-21,24.0,24.0,24.0,24.0,0
2022-03-22,24.0,24.0,24.0,24.0,0
2022-03-23,24.0,24.0,24.0,24.0,3000
2022-03-24,23.200000762939453,23.200000762939453,23.200000762939453,23.200000762939453,2035
2022-03-25,23.14999961853028,23.700000762939453,22.100000381469727,22.200000762939453,14114
2022-03-28,22.299999237060547,22.600000381469727,22.200000762939453,22.600000381469727,4129
2022-03-29,22.549999237060547,22.600000381469727,22.14999961853028,22.14999961853028,19027
2022-03-30,23.39999961853028,23.39999961853028,23.39999961853028,23.39999961853028,1008
2022-03-31,23.39999961853028,23.39999961853028,23.39999961853028,23.39999961853028,0
2022-04-01,23.39999961853028,23.39999961853028,23.39999961853028,23.39999961853028,0
2022-04-06,23.39999961853028,23.39999961853028,23.39999961853028,23.39999961853028,0
2022-04-07,23.39999961853028,23.39999961853028,23.39999961853028,23.39999961853028,0
2022-04-08,23.39999961853028,23.39999961853028,23.39999961853028,23.39999961853028,0
2022-04-11,21.049999237060547,21.049999237060547,21.049999237060547,21.049999237060547,1002
2022-04-12,21.049999237060547,21.299999237060547,21.0,21.049999237060547,20050
2022-04-13,22.049999237060547,22.049999237060547,22.049999237060547,22.049999237060547,1002
2022-04-14,22.049999237060547,22.049999237060547,22.049999237060547,22.049999237060547,0
2022-04-15,21.049999237060547,22.0,21.049999237060547,22.0,5500
2022-04-18,22.0,22.0,22.0,22.0,0
2022-04-19,22.0,22.0,22.0,22.0,0
2022-04-20,22.0,22.0,22.0,22.0,0
2022-04-21,22.0,22.0,22.0,22.0,1000
2022-04-22,21.0,22.799999237060547,21.0,22.799999237060547,2452
2022-04-25,22.799999237060547,22.799999237060547,22.799999237060547,22.799999237060547,0
2022-04-26,22.799999237060547,22.799999237060547,22.799999237060547,22.799999237060547,0
2022-04-27,21.049999237060547,21.049999237060547,21.049999237060547,21.049999237060547,3000
2022-04-28,21.5,21.5,21.39999961853028,21.39999961853028,6000
2022-04-29,21.39999961853028,21.39999961853028,21.39999961853028,21.39999961853028,0
2022-05-03,21.39999961853028,21.39999961853028,21.39999961853028,21.39999961853028,0
2022-05-04,21.39999961853028,21.39999961853028,21.39999961853028,21.39999961853028,0
2022-05-05,21.39999961853028,21.39999961853028,21.39999961853028,21.39999961853028,0
2022-05-06,21.39999961853028,21.39999961853028,21.39999961853028,21.39999961853028,0
2022-05-09,21.200000762939453,21.200000762939453,21.100000381469727,21.100000381469727,2005
2022-05-10,21.299999237060547,23.200000762939453,21.299999237060547,23.200000762939453,7033
2022-05-11,23.299999237060547,24.850000381469727,23.25,23.5,8000
2022-05-12,23.549999237060547,24.950000762939453,23.549999237060547,24.700000762939453,13354
2022-05-13,25.5,27.100000381469727,25.450000762939453,27.049999237060547,33168
2022-05-16,27.0,29.64999961853028,27.0,29.5,30020
2022-05-17,29.5,30.39999961853028,29.5,30.0,47870
2022-05-18,30.700000762939453,30.700000762939453,27.100000381469727,30.200000762939453,34704
2022-05-19,29.850000381469727,29.850000381469727,27.200000762939453,27.200000762939453,17190
2022-05-20,27.39999961853028,27.39999961853028,25.549999237060547,25.549999237060547,7000
2022-05-23,25.350000381469727,25.350000381469727,24.100000381469727,24.850000381469727,9064
2022-05-24,24.200000762939453,27.200000762939453,22.450000762939453,27.14999961853028,48043
2022-05-25,25.299999237060547,26.799999237060547,25.200000762939453,26.799999237060547,5005
2022-05-26,28.299999237060547,28.299999237060547,27.64999961853028,27.64999961853028,11000
2022-05-27,28.350000381469727,28.350000381469727,28.350000381469727,28.350000381469727,1290
2022-05-30,28.299999237060547,28.950000762939453,25.700000762939453,26.950000762939453,32007
2022-05-31,26.049999237060547,27.799999237060547,26.0,27.75,8000
2022-06-01,28.600000381469727,28.850000381469727,25.0,27.100000381469727,29120
2022-06-02,25.0,26.200000762939453,25.0,26.200000762939453,16000
2022-06-06,24.39999961853028,25.200000762939453,24.39999961853028,24.549999237060547,4034
2022-06-07,24.5,24.5,23.299999237060547,24.450000762939453,13000
2022-06-08,23.600000381469727,26.850000381469727,23.25,26.5,37290
2022-06-09,26.450000762939453,26.75,26.450000762939453,26.75,4648
2022-06-10,26.950000762939453,28.89999961853028,26.950000762939453,28.25,35019
2022-06-13,29.350000381469727,29.350000381469727,25.450000762939453,27.200000762939453,43001
2022-06-14,25.299999237060547,26.299999237060547,24.549999237060547,25.549999237060547,43229
2022-06-15,24.950000762939453,26.049999237060547,23.850000381469727,25.299999237060547,23521
2022-06-16,23.450000762939453,25.350000381469727,22.799999237060547,25.25,27380
2022-06-17,24.39999961853028,25.25,24.0,25.0,72866
2022-06-20,24.950000762939453,24.950000762939453,23.0,24.200000762939453,24000
2022-06-21,23.39999961853028,23.75,22.350000381469727,23.0,19587
2022-06-22,22.200000762939453,23.14999961853028,22.200000762939453,22.89999961853028,9251
2022-06-23,22.100000381469727,23.600000381469727,22.049999237060547,22.950000762939453,17004
2022-06-24,22.950000762939453,23.75,22.950000762939453,23.700000762939453,13000
2022-06-27,24.64999961853028,24.64999961853028,24.350000381469727,24.350000381469727,15000
2022-06-28,24.350000381469727,24.950000762939453,24.299999237060547,24.299999237060547,21000
2022-06-29,24.299999237060547,25.14999961853028,24.299999237060547,25.100000381469727,11355
2022-06-30,24.299999237060547,25.350000381469727,24.299999237060547,25.299999237060547,31733
2022-07-01,25.299999237060547,25.299999237060547,22.89999961853028,23.950000762939453,12000
2022-07-04,23.89999961853028,24.350000381469727,22.350000381469727,23.14999961853028,27592
2022-07-05,22.549999237060547,23.450000762939453,22.549999237060547,23.450000762939453,3000
2022-07-06,23.450000762939453,23.89999961853028,22.14999961853028,23.89999961853028,12012
2022-07-07,23.950000762939453,23.950000762939453,23.950000762939453,23.950000762939453,1100
2022-07-08,23.25,23.64999961853028,22.850000381469727,23.5,11128
2022-07-11,22.75,23.700000762939453,22.700000762939453,23.600000381469727,12001
2022-07-12,23.5,23.850000381469727,23.5,23.850000381469727,4000
2022-07-13,24.39999961853028,24.39999961853028,21.5,23.0,44050
2022-07-14,21.600000381469727,22.200000762939453,20.700000762939453,20.799999237060547,35050
2022-07-15,19.950000762939453,20.89999961853028,19.89999961853028,20.89999961853028,19026
2022-07-18,21.39999961853028,21.39999961853028,21.39999961853028,21.39999961853028,2000
2022-07-19,21.700000762939453,21.700000762939453,21.700000762939453,21.700000762939453,2000
2022-07-20,22.299999237060547,22.299999237060547,22.299999237060547,22.299999237060547,3000
2022-07-21,22.950000762939453,22.950000762939453,22.600000381469727,22.75,4000
2022-07-22,23.0,23.0,20.549999237060547,20.549999237060547,11132
2022-07-25,19.89999961853028,20.549999237060547,18.5,20.0,99005
2022-07-26,18.75,19.350000381469727,18.5,18.950000762939453,35061
2022-07-27,18.799999237060547,18.799999237060547,18.14999961853028,18.700000762939453,23001
2022-07-28,18.049999237060547,18.64999961853028,16.850000381469727,17.0,87033
2022-07-29,16.950000762939453,17.149999618530273,16.549999237060547,17.149999618530273,20000
2022-08-01,17.399999618530273,17.450000762939453,17.200000762939453,17.200000762939453,68060
2022-08-02,17.399999618530273,17.799999237060547,17.200000762939453,17.350000381469727,43100
2022-08-03,18.299999237060547,18.450000762939453,18.299999237060547,18.39999961853028,22290
2022-08-04,18.700000762939453,19.799999237060547,17.0,17.0,81001
2022-08-05,17.0,17.399999618530273,16.75,17.299999237060547,29232
2022-08-08,17.799999237060547,17.799999237060547,17.100000381469727,17.100000381469727,63001
2022-08-09,17.149999618530273,17.399999618530273,17.0,17.399999618530273,19872
2022-08-10,17.399999618530273,18.100000381469727,17.399999618530273,17.600000381469727,12001
2022-08-11,18.25,18.25,17.25,18.0,13403
2022-08-12,19.100000381469727,19.100000381469727,18.600000381469727,18.700000762939453,15000
2022-08-15,18.799999237060547,18.799999237060547,18.100000381469727,18.100000381469727,24857
2022-08-16,17.25,18.299999237060547,17.25,18.299999237060547,14000
2022-08-17,18.25,18.600000381469727,18.0,18.5,8000
2022-08-18,19.600000381469727,19.600000381469727,18.299999237060547,18.450000762939453,7000
2022-08-19,18.14999961853028,20.25,18.14999961853028,20.25,24000
2022-08-22,22.200000762939453,22.25,21.299999237060547,21.799999237060547,60000
2022-08-23,21.799999237060547,23.0,21.799999237060547,22.89999961853028,32225
2022-08-24,24.049999237060547,24.049999237060547,23.0,23.799999237060547,38451
2022-08-25,23.950000762939453,24.5,23.950000762939453,24.350000381469727,25451
2022-08-26,24.600000381469727,24.600000381469727,24.350000381469727,24.549999237060547,11871
2022-08-29,24.549999237060547,24.64999961853028,23.600000381469727,24.600000381469727,58031
2022-08-30,24.39999961853028,24.64999961853028,24.100000381469727,24.64999961853028,62130
2022-08-31,24.700000762939453,24.75,24.39999961853028,24.75,41000
2022-09-01,24.89999961853028,25.700000762939453,24.350000381469727,25.0,67609
2022-09-02,25.5,25.5,24.299999237060547,24.299999237060547,56123
2022-09-05,25.0,25.0,24.200000762939453,24.700000762939453,24290
2022-09-06,24.89999961853028,24.89999961853028,24.25,24.600000381469727,15290
2022-09-07,24.700000762939453,24.700000762939453,24.5,24.600000381469727,22000
2022-09-08,25.200000762939453,25.350000381469727,25.0,25.0,22000
2022-09-12,24.600000381469727,25.14999961853028,24.600000381469727,25.14999961853028,17050
2022-09-13,25.5,25.5,24.14999961853028,24.14999961853028,13452
2022-09-14,23.5,24.39999961853028,23.5,24.39999961853028,6000
2022-09-15,24.700000762939453,25.049999237060547,23.64999961853028,24.39999961853028,30010
2022-09-16,24.049999237060547,24.200000762939453,24.0,24.049999237060547,35000
2022-09-19,24.75,24.799999237060547,24.700000762939453,24.700000762939453,4000
2022-09-20,24.5,24.5,24.049999237060547,24.049999237060547,16000
2022-09-21,23.950000762939453,24.0,23.799999237060547,23.799999237060547,23000
2022-09-22,24.299999237060547,24.299999237060547,23.5,23.5,11291
2022-09-23,24.0,24.0,23.0,23.600000381469727,11000
2022-09-26,24.0,24.0,23.0,23.0,12000
2022-09-27,23.0,23.0,23.0,23.0,0
2022-09-28,22.5,23.0,21.89999961853028,21.89999961853028,17000
2022-09-29,22.5,22.5,21.5,22.0,10000
2022-09-30,22.0,22.0,21.5,22.0,6000
2022-10-03,22.0,22.0,22.0,22.0,1903
2022-10-04,22.100000381469727,22.100000381469727,22.0,22.0,7000
2022-10-05,22.0,22.0,22.0,22.0,1000
2022-10-06,22.0,22.0,22.0,22.0,1000
2022-10-07,22.0,22.0,22.0,22.0,1000
2022-10-11,22.0,22.0,19.799999237060547,19.799999237060547,111147
2022-10-12,19.799999237060547,20.0,19.799999237060547,19.89999961853028,5000
2022-10-13,18.14999961853028,18.799999237060547,17.950000762939453,17.950000762939453,64144
2022-10-14,18.299999237060547,18.299999237060547,18.299999237060547,18.299999237060547,1000
2022-10-17,19.0,19.0,19.0,19.0,1000
2022-10-18,19.0,19.799999237060547,18.950000762939453,19.799999237060547,4000
2022-10-19,19.14999961853028,19.799999237060547,19.14999961853028,19.799999237060547,2000
2022-10-20,19.200000762939453,19.200000762939453,19.200000762939453,19.200000762939453,1000
2022-10-21,18.549999237060547,19.799999237060547,17.700000762939453,19.799999237060547,18000
2022-10-24,20.450000762939453,20.450000762939453,20.299999237060547,20.299999237060547,3000
2022-10-25,19.299999237060547,19.950000762939453,19.299999237060547,19.950000762939453,2152
2022-10-26,19.950000762939453,19.950000762939453,18.200000762939453,19.600000381469727,7020
2022-10-27,18.5,19.0,18.0,18.0,30058
2022-10-28,17.799999237060547,18.14999961853028,17.649999618530273,17.649999618530273,31903
2022-10-31,18.0,18.600000381469727,17.75,18.200000762939453,4000
2022-11-01,17.299999237060547,17.299999237060547,17.299999237060547,17.299999237060547,1628
2022-11-02,17.299999237060547,17.299999237060547,17.299999237060547,17.299999237060547,1030
2022-11-03,17.200000762939453,17.299999237060547,16.5,17.299999237060547,35001
2022-11-04,18.0,18.0,18.0,18.0,11000
2022-11-07,18.450000762939453,18.89999961853028,18.450000762939453,18.89999961853028,2000
2022-11-08,18.600000381469727,18.600000381469727,18.39999961853028,18.39999961853028,3000
2022-11-09,18.39999961853028,18.39999961853028,18.39999961853028,18.39999961853028,0
2022-11-10,19.0,20.200000762939453,18.700000762939453,20.200000762939453,10807
2022-11-11,20.0,22.0,20.0,21.850000381469727,7017
2022-11-14,21.950000762939453,22.0,20.0,20.0,6162
2022-11-15,19.5,20.799999237060547,19.049999237060547,20.799999237060547,3000
2022-11-16,20.799999237060547,20.799999237060547,20.799999237060547,20.799999237060547,0
2022-11-17,19.200000762939453,21.25,19.200000762939453,20.0,5040
2022-11-18,20.0,20.0,20.0,20.0,0
2022-11-21,20.700000762939453,20.700000762939453,19.799999237060547,20.450000762939453,3003
2022-11-22,20.799999237060547,21.950000762939453,20.799999237060547,21.950000762939453,5017
2022-11-23,21.799999237060547,22.350000381469727,21.799999237060547,22.350000381469727,4051
2022-11-24,21.799999237060547,21.799999237060547,20.5,21.700000762939453,3032
2022-11-25,21.049999237060547,21.049999237060547,20.5,20.5,12000
2022-11-28,20.5,20.5,20.5,20.5,0
2022-11-29,21.200000762939453,21.64999961853028,21.200000762939453,21.64999961853028,2012
2022-11-30,21.549999237060547,21.549999237060547,21.39999961853028,21.450000762939453,4071
2022-12-01,22.0,22.700000762939453,21.450000762939453,21.450000762939453,16808
2022-12-02,21.75,21.75,21.75,21.75,1294
2022-12-05,22.5,22.950000762939453,22.5,22.700000762939453,3000
2022-12-06,21.0,21.700000762939453,20.64999961853028,21.700000762939453,7000
2022-12-07,20.950000762939453,21.200000762939453,20.950000762939453,21.200000762939453,2001
2022-12-08,21.64999961853028,23.14999961853028,21.5,21.5,20603
2022-12-09,22.25,22.89999961853028,22.0,22.0,7050
2022-12-12,22.799999237060547,22.799999237060547,22.200000762939453,22.200000762939453,7000
2022-12-13,22.850000381469727,22.850000381469727,22.200000762939453,22.200000762939453,8620
2022-12-14,22.200000762939453,22.200000762939453,22.200000762939453,22.200000762939453,2040
2022-12-15,22.950000762939453,22.950000762939453,22.0,22.450000762939453,9088
2022-12-16,21.700000762939453,22.64999961853028,21.549999237060547,22.64999961853028,8009
2022-12-19,22.64999961853028,22.950000762939453,22.0,22.0,13370
2022-12-20,21.64999961853028,21.64999961853028,21.5,21.5,7107
2022-12-21,21.049999237060547,22.5,20.549999237060547,22.5,3000
2022-12-22,22.850000381469727,22.850000381469727,21.5,21.5,6001
2022-12-23,22.25,22.39999961853028,21.549999237060547,21.549999237060547,5464
2022-12-26,20.799999237060547,21.850000381469727,20.799999237060547,21.850000381469727,2025
2022-12-27,22.0,22.299999237060547,21.600000381469727,21.799999237060547,11085
2022-12-28,21.549999237060547,22.049999237060547,21.549999237060547,21.75,12000
2022-12-29,22.14999961853028,22.14999961853028,21.75,21.75,6006
2022-12-30,22.450000762939453,22.450000762939453,22.350000381469727,22.39999961853028,4006
2023-01-03,22.950000762939453,22.950000762939453,22.450000762939453,22.450000762939453,6294
2023-01-04,22.450000762939453,22.850000381469727,22.450000762939453,22.850000381469727,12562
2023-01-05,22.600000381469727,22.850000381469727,22.549999237060547,22.850000381469727,9002
2023-01-06,22.850000381469727,22.850000381469727,22.850000381469727,22.850000381469727,2134
2023-01-09,23.799999237060547,23.799999237060547,22.950000762939453,23.100000381469727,17012
2023-01-10,23.100000381469727,23.64999961853028,23.100000381469727,23.64999961853028,12000
2023-01-11,26.0,26.0,23.450000762939453,25.5,25541
2023-01-12,25.850000381469727,25.850000381469727,25.600000381469727,25.600000381469727,23589
2023-01-13,25.75,25.75,25.600000381469727,25.64999961853028,51015
2023-01-16,27.39999961853028,27.39999961853028,27.39999961853028,27.39999961853028,1000
2023-01-17,25.25,25.299999237060547,25.25,25.25,4332
2023-01-30,25.0,25.0,24.5,24.5,10576
2023-01-31,24.100000381469727,24.100000381469727,24.100000381469727,24.100000381469727,2001
2023-02-01,24.049999237060547,24.049999237060547,23.799999237060547,23.799999237060547,18022
2023-02-02,23.799999237060547,23.799999237060547,23.799999237060547,23.799999237060547,3000
2023-02-03,23.850000381469727,23.850000381469727,22.75,22.799999237060547,24000
2023-02-06,22.950000762939453,25.049999237060547,22.950000762939453,25.049999237060547,34003
2023-02-07,25.100000381469727,25.200000762939453,24.89999961853028,24.89999961853028,16063
2023-02-08,24.850000381469727,24.89999961853028,24.25,24.450000762939453,14203
2023-02-09,25.25,25.5,25.25,25.5,2655
2023-02-10,25.950000762939453,25.950000762939453,25.549999237060547,25.549999237060547,12311
2023-02-13,25.5,25.600000381469727,24.64999961853028,25.600000381469727,4066
2023-02-14,25.64999961853028,27.5,25.64999961853028,25.700000762939453,4057
2023-02-15,27.14999961853028,27.299999237060547,27.0,27.0,6071
2023-02-16,29.700000762939453,29.700000762939453,28.5,28.549999237060547,68657
2023-02-17,28.549999237060547,29.89999961853028,28.549999237060547,29.100000381469727,25242
2023-02-20,29.100000381469727,29.5,29.100000381469727,29.5,6002
2023-02-21,27.75,32.45000076293945,27.75,30.0,31031
2023-02-22,30.0,30.049999237060547,29.950000762939453,30.049999237060547,7033
2023-02-23,30.0,30.549999237060547,30.0,30.25,19531
2023-02-24,30.25,30.25,29.75,29.75,16115
2023-03-01,29.89999961853028,30.0,29.89999961853028,29.950000762939453,4003
2023-03-02,30.0,30.0,29.700000762939453,30.0,4680
2023-03-03,30.0,30.0,29.799999237060547,29.89999961853028,14906
2023-03-06,31.89999961853028,31.89999961853028,31.350000381469727,31.350000381469727,3033
2023-03-07,31.799999237060547,31.799999237060547,31.799999237060547,31.799999237060547,1097
2023-03-08,31.89999961853028,31.950000762939453,30.25,30.25,8000
2023-03-09,30.0,30.0,30.0,30.0,6003
2023-03-10,30.100000381469727,30.100000381469727,28.799999237060547,28.850000381469727,9011
2023-03-13,28.850000381469727,28.850000381469727,28.850000381469727,28.850000381469727,0
2023-03-14,31.299999237060547,31.299999237060547,31.299999237060547,31.299999237060547,2155
2023-03-15,31.200000762939453,31.200000762939453,31.200000762939453,31.200000762939453,1319
2023-03-16,31.5,31.799999237060547,30.5,30.5,5501
2023-03-17,30.549999237060547,30.799999237060547,30.549999237060547,30.700000762939453,14030
2023-03-20,30.700000762939453,30.700000762939453,30.700000762939453,30.700000762939453,2000
2023-03-21,30.700000762939453,30.700000762939453,30.700000762939453,30.700000762939453,0
2023-03-22,30.700000762939453,30.700000762939453,30.700000762939453,30.700000762939453,0
2023-03-23,32.0,32.0,31.200000762939453,31.200000762939453,27000
2023-03-24,33.45000076293945,33.45000076293945,31.200000762939453,31.200000762939453,18189
2023-03-27,32.25,32.5,31.5,31.600000381469727,7018
2023-03-28,31.600000381469727,31.64999961853028,31.600000381469727,31.600000381469727,15000
2023-03-29,32.0,32.95000076293945,32.0,32.95000076293945,25043
2023-03-30,32.900001525878906,33.79999923706055,32.900001525878906,32.900001525878906,17386
2023-03-31,33.45000076293945,33.45000076293945,33.20000076293945,33.25,5018
2023-04-06,30.64999961853028,31.799999237060547,30.200000762939453,31.799999237060547,17000
2023-04-07,31.700000762939453,31.700000762939453,29.600000381469727,30.0,40072
2023-04-10,29.950000762939453,29.950000762939453,29.89999961853028,29.89999961853028,2025
2023-04-11,29.799999237060547,29.89999961853028,29.799999237060547,29.799999237060547,5421
2023-04-12,29.799999237060547,29.799999237060547,28.700000762939453,29.0,53000
2023-04-13,28.89999961853028,28.89999961853028,28.89999961853028,28.89999961853028,2000
2023-04-14,28.89999961853028,28.89999961853028,26.75,26.950000762939453,60080
2023-04-17,28.5,28.5,28.5,28.5,5871
2023-04-18,28.5,28.5,27.5,27.89999961853028,9000
2023-04-19,27.89999961853028,27.89999961853028,26.850000381469727,26.850000381469727,9775
2023-04-20,27.950000762939453,27.950000762939453,27.950000762939453,27.950000762939453,2000
2023-04-21,27.5,27.5,27.0,27.0,7000
2023-04-24,27.0,27.0,27.0,27.0,0
2023-04-25,26.14999961853028,26.14999961853028,26.100000381469727,26.100000381469727,3001
2023-04-26,25.200000762939453,27.0,25.200000762939453,27.0,4000
2023-04-27,29.049999237060547,29.049999237060547,27.0,27.0,8000
2023-04-28,28.799999237060547,28.799999237060547,27.0,27.0,8000
2023-05-02,28.39999961853028,28.39999961853028,26.89999961853028,27.0,18090
2023-05-03,27.0,27.0,26.700000762939453,27.0,29129
2023-05-04,27.0,27.100000381469727,26.850000381469727,26.89999961853028,23001
2023-05-05,26.950000762939453,26.950000762939453,26.75,26.75,74000
2023-05-08,27.14999961853028,27.14999961853028,26.75,26.75,9000
2023-05-09,26.799999237060547,26.799999237060547,26.799999237060547,26.799999237060547,1650
2023-05-10,29.200000762939453,29.450000762939453,29.200000762939453,29.450000762939453,118381
2023-05-11,29.39999961853028,29.450000762939453,28.25,28.25,89741
2023-05-12,28.0,28.700000762939453,28.0,28.5,39097
2023-05-15,28.5,31.299999237060547,28.5,30.39999961853028,87000
2023-05-16,30.450000762939453,31.5,30.39999961853028,30.64999961853028,84290
2023-05-17,32.0,33.70000076293945,32.0,33.29999923706055,199290
2023-05-18,32.5,33.29999923706055,31.5,32.0,139000
2023-05-19,31.700000762939453,31.75,31.0,31.350000381469727,100458
2023-05-22,31.75,32.0,30.5,30.799999237060547,95300
2023-05-23,31.39999961853028,31.39999961853028,30.25,31.0,82300
2023-05-24,30.299999237060547,31.0,30.299999237060547,30.350000381469727,71089
2023-05-25,30.350000381469727,31.39999961853028,30.350000381469727,30.39999961853028,94300
2023-05-26,29.64999961853028,30.600000381469727,29.64999961853028,30.39999961853028,12039
2023-05-29,30.39999961853028,30.850000381469727,30.39999961853028,30.850000381469727,22596
2023-05-30,30.850000381469727,30.850000381469727,30.350000381469727,30.549999237060547,52001
2023-05-31,29.75,31.39999961853028,29.75,30.700000762939453,106500
2023-06-01,30.700000762939453,30.75,30.450000762939453,30.5,92519
2023-06-02,30.549999237060547,31.100000381469727,30.5,30.5,134258
2023-06-05,30.5,30.549999237060547,30.5,30.549999237060547,16291
2023-06-06,30.600000381469727,31.25,30.600000381469727,31.25,9363
2023-06-07,31.0,31.5,31.0,31.39999961853028,18220
2023-06-08,31.39999961853028,31.5,31.350000381469727,31.5,15000
2023-06-09,31.25,31.600000381469727,31.100000381469727,31.600000381469727,40903
2023-06-12,31.600000381469727,31.75,31.5,31.75,20423
2023-06-13,32.0,34.900001525878906,32.0,34.900001525878906,263006
2023-06-14,37.150001525878906,38.34999847412109,36.5,38.34999847412109,276645
2023-06-15,39.59999847412109,42.150001525878906,39.45000076293945,39.45000076293945,1049212
2023-06-16,39.70000076293945,41.900001525878906,38.5,38.54999923706055,420169
2023-06-19,38.0,38.0,36.0,37.09999847412109,356982
2023-06-20,37.09999847412109,37.09999847412109,34.5,34.849998474121094,305793
2023-06-21,35.0,37.04999923706055,35.0,36.09999847412109,391113
2023-06-26,35.75,37.79999923706055,34.29999923706055,34.599998474121094,240136
2023-06-27,34.599998474121094,38.04999923706055,34.54999923706055,38.04999923706055,371881
2023-06-28,39.650001525878906,41.84999847412109,39.59999847412109,41.84999847412109,731753
2023-06-29,43.900001525878906,45.900001525878906,40.0,40.25,1075482
2023-06-30,40.45000076293945,41.04999923706055,39.0,41.04999923706055,496477
2023-07-03,41.09999847412109,42.0,40.04999923706055,40.84999847412109,472572
2023-07-04,41.04999923706055,41.75,39.5,39.79999923706055,158097
2023-07-05,39.20000076293945,40.45000076293945,39.20000076293945,39.5,65100
2023-07-06,39.5,39.650001525878906,37.29999923706055,39.04999923706055,105000
2023-07-07,39.04999923706055,40.34999847412109,39.04999923706055,40.34999847412109,88100
2023-07-10,39.650001525878906,44.34999847412109,39.5,43.70000076293945,464171
2023-07-11,45.0,45.5,41.0,41.09999847412109,390100
2023-07-12,41.95000076293945,41.95000076293945,40.54999923706055,40.95000076293945,73097
2023-07-13,41.0,42.400001525878906,41.0,41.5,42100
2023-07-14,41.34999847412109,42.79999923706055,41.29999923706055,41.59999847412109,74973
2023-07-17,41.59999847412109,42.29999923706055,41.29999923706055,41.900001525878906,37513
2023-07-18,41.70000076293945,45.54999923706055,41.5,42.5,227029
2023-07-19,42.5,44.0,41.70000076293945,42.900001525878906,184358
2023-07-20,42.29999923706055,43.75,42.150001525878906,42.84999847412109,29451
2023-07-21,42.34999847412109,45.150001525878906,42.150001525878906,44.0,277005
2023-07-24,44.900001525878906,48.400001525878906,42.79999923706055,43.29999923706055,675258
2023-07-25,43.0,44.5,40.79999923706055,43.5,262158
2023-07-26,42.54999923706055,45.150001525878906,42.5,43.75,90001
2023-07-27,44.84999847412109,44.84999847412109,43.650001525878906,43.900001525878906,30580
2023-07-28,43.900001525878906,44.79999923706055,43.09999847412109,43.84999847412109,56000
2023-07-31,43.84999847412109,44.150001525878906,43.09999847412109,43.70000076293945,53710
2023-08-01,43.79999923706055,43.79999923706055,43.20000076293945,43.75,43905
2023-08-02,43.75,43.95000076293945,43.09999847412109,43.29999923706055,59027
2023-08-04,43.29999923706055,45.650001525878906,43.29999923706055,43.5,86451
2023-08-07,44.45000076293945,44.45000076293945,43.150001525878906,43.34999847412109,34065
2023-08-08,43.34999847412109,43.34999847412109,42.79999923706055,43.09999847412109,29000
2023-08-09,43.79999923706055,43.79999923706055,41.5,42.09999847412109,83001
2023-08-10,41.59999847412109,41.70000076293945,39.900001525878906,40.45000076293945,82307
2023-08-11,40.45000076293945,41.79999923706055,40.45000076293945,40.70000076293945,39000
2023-08-14,41.34999847412109,42.54999923706055,41.20000076293945,41.29999923706055,59000
2023-08-15,42.0,42.34999847412109,41.09999847412109,41.09999847412109,61005
2023-08-16,41.5,41.79999923706055,41.0,41.5,65097
2023-08-17,41.5,45.650001525878906,41.5,45.650001525878906,1176134
2023-08-18,45.0,47.09999847412109,44.400001525878906,44.45000076293945,510605
2023-08-21,44.09999847412109,46.0,42.900001525878906,42.900001525878906,212178
2023-08-22,42.79999923706055,44.20000076293945,42.79999923706055,43.5,17021
2023-08-23,42.900001525878906,43.5,42.900001525878906,43.5,9001
2023-08-24,43.09999847412109,44.70000076293945,43.09999847412109,44.70000076293945,37269
2023-08-25,44.70000076293945,44.70000076293945,43.29999923706055,44.20000076293945,12050
2023-08-28,43.59999847412109,43.59999847412109,43.20000076293945,43.20000076293945,13000
2023-08-29,43.09999847412109,43.59999847412109,42.29999923706055,43.400001525878906,44097
2023-08-30,43.34999847412109,43.54999923706055,42.900001525878906,43.54999923706055,28000
2023-08-31,42.59999847412109,42.75,42.59999847412109,42.75,6000
2023-09-01,44.04999923706055,44.04999923706055,44.04999923706055,44.04999923706055,1000
2023-09-04,42.79999923706055,42.900001525878906,42.75,42.900001525878906,3000
2023-09-05,42.95000076293945,43.0,42.79999923706055,43.0,24000
2023-09-06,43.0,43.0,42.20000076293945,42.29999923706055,19000
2023-09-07,42.09999847412109,43.75,42.09999847412109,43.5,15067
2023-09-08,44.650001525878906,44.70000076293945,44.59999847412109,44.59999847412109,11674
2023-09-11,44.59999847412109,45.29999923706055,43.59999847412109,44.150001525878906,63000
2023-09-12,44.20000076293945,45.04999923706055,44.09999847412109,44.09999847412109,47292
2023-09-13,44.09999847412109,44.95000076293945,42.25,42.34999847412109,193477
2023-09-14,42.45000076293945,43.650001525878906,42.45000076293945,43.20000076293945,37058
2023-09-15,43.79999923706055,44.70000076293945,43.09999847412109,43.29999923706055,70000
2023-09-18,43.20000076293945,44.150001525878906,43.20000076293945,43.400001525878906,27001
2023-09-19,43.400001525878906,43.5,42.70000076293945,42.75,32000
2023-09-20,42.75,43.59999847412109,42.75,43.45000076293945,13161
2023-09-21,43.20000076293945,43.20000076293945,42.0,42.34999847412109,32871
2023-09-22,43.45000076293945,43.45000076293945,41.59999847412109,43.0,29351
2023-09-25,42.0,43.0,42.0,42.75,14000
2023-09-26,42.0,42.09999847412109,41.04999923706055,41.900001525878906,29200
2023-09-27,41.900001525878906,42.25,41.900001525878906,42.25,19973
2023-09-28,42.25,42.84999847412109,41.04999923706055,41.900001525878906,31000
2023-10-02,42.09999847412109,42.75,40.84999847412109,42.70000076293945,60000
2023-10-03,42.29999923706055,43.650001525878906,42.20000076293945,43.59999847412109,21002
2023-10-04,43.59999847412109,43.59999847412109,43.54999923706055,43.54999923706055,13000
2023-10-05,43.5,43.79999923706055,42.75,42.75,17000
2023-10-06,42.79999923706055,43.650001525878906,42.79999923706055,43.650001525878906,20000
2023-10-11,43.650001525878906,43.650001525878906,43.04999923706055,43.04999923706055,15000
2023-10-12,42.0,43.400001525878906,42.0,43.34999847412109,58000
2023-10-13,43.29999923706055,44.45000076293945,43.29999923706055,43.70000076293945,25000
2023-10-16,43.70000076293945,44.5,43.70000076293945,43.75,48000
2023-10-17,44.45000076293945,44.45000076293945,43.79999923706055,44.04999923706055,31400
2023-10-18,44.04999923706055,44.09999847412109,43.95000076293945,44.0,7160
2023-10-19,44.0,44.09999847412109,43.70000076293945,43.75,24200
2023-10-20,44.04999923706055,44.09999847412109,43.79999923706055,43.900001525878906,18000
2023-10-23,44.09999847412109,44.5,43.79999923706055,43.79999923706055,98070
2023-10-24,43.95000076293945,44.29999923706055,43.79999923706055,44.04999923706055,79000
2023-10-25,43.5,48.45000076293945,43.5,45.04999923706055,508000
2023-10-26,45.84999847412109,45.84999847412109,44.25,45.54999923706055,36880
2023-10-27,45.5,49.34999847412109,45.45000076293945,45.84999847412109,167292
2023-10-30,46.09999847412109,48.70000076293945,46.09999847412109,47.09999847412109,140003
2023-10-31,48.0,48.0,46.79999923706055,47.25,79290
2023-11-01,47.29999923706055,47.29999923706055,46.5,47.0,82000
2023-11-02,48.150001525878906,50.0,47.0,49.34999847412109,214601
2023-11-03,49.400001525878906,51.20000076293945,49.20000076293945,50.09999847412109,227612
2023-11-06,50.5,53.29999923706055,50.09999847412109,51.5,231290
2023-11-07,51.70000076293945,56.59999847412109,51.70000076293945,56.59999847412109,362322
2023-11-08,58.59999847412109,61.0,52.5,54.0,765689
2023-11-09,54.5,57.20000076293945,52.0,52.79999923706055,322774
2023-11-10,53.0,55.79999923706055,52.70000076293945,53.09999847412109,151792
2023-11-13,55.29999923706055,55.29999923706055,52.0,52.70000076293945,165000
2023-11-14,53.70000076293945,54.5,52.5,52.70000076293945,107110
2023-11-15,52.79999923706055,53.900001525878906,52.400001525878906,52.400001525878906,84296
2023-11-16,53.29999923706055,53.400001525878906,52.59999847412109,52.900001525878906,27250
2023-11-17,52.900001525878906,53.70000076293945,52.900001525878906,53.0,38000
2023-11-20,53.0,54.0,52.70000076293945,52.70000076293945,80202
2023-11-21,52.70000076293945,52.70000076293945,50.70000076293945,52.0,80000
2023-11-22,51.29999923706055,51.29999923706055,49.79999923706055,50.20000076293945,95355
2023-11-23,50.09999847412109,51.400001525878906,50.09999847412109,51.20000076293945,49265
2023-11-24,51.20000076293945,53.0,51.20000076293945,52.29999923706055,66000
2023-11-27,52.29999923706055,53.0,52.29999923706055,52.59999847412109,17163
2023-11-28,52.70000076293945,53.79999923706055,52.59999847412109,53.400001525878906,64158
2023-11-29,54.09999847412109,58.5,53.900001525878906,57.5,387327
2023-11-30,58.0,59.70000076293945,56.0,56.400001525878906,218116
2023-12-01,56.5,62.0,56.5,62.0,328435
2023-12-04,66.0999984741211,68.0,61.900001525878906,67.0999984741211,742324
2023-12-05,69.9000015258789,72.0999984741211,64.0,64.80000305175781,668340
2023-12-06,64.80000305175781,66.5,63.5,65.0999984741211,251500
2023-12-07,65.0,68.19999694824219,65.0,65.0,147000
2023-12-08,65.0,65.80000305175781,64.5,65.0,95000
2023-12-11,64.19999694824219,64.9000015258789,63.29999923706055,63.59999847412109,91000
2023-12-12,63.5,65.4000015258789,63.09999847412109,65.0999984741211,68290
2023-12-13,65.0999984741211,68.0,65.0999984741211,66.0,87743
2023-12-14,66.19999694824219,67.5,64.0999984741211,66.0999984741211,105000
2023-12-15,66.5,67.4000015258789,66.0,66.4000015258789,47153
2023-12-18,66.0,71.5,66.0,67.5999984741211,146903
2023-12-19,67.4000015258789,71.0,66.80000305175781,66.9000015258789,173405
2023-12-20,67.0999984741211,67.30000305175781,65.5,65.80000305175781,86000
2023-12-21,65.5,65.80000305175781,64.80000305175781,64.9000015258789,43000
2023-12-22,65.5,68.0,65.5,66.4000015258789,59000
2023-12-25,67.80000305175781,67.80000305175781,62.0,62.5,150050
2023-12-26,62.5,63.5,62.5,62.900001525878906,37711
2023-12-27,63.59999847412109,64.9000015258789,63.09999847412109,63.09999847412109,15000
2023-12-28,62.59999847412109,63.79999923706055,62.59999847412109,63.5,23582
2023-12-29,63.29999923706055,63.29999923706055,61.59999847412109,61.59999847412109,42018
2024-01-02,61.59999847412109,62.0,58.09999847412109,59.70000076293945,142000
2024-01-03,59.0,60.70000076293945,59.0,60.29999923706055,33000
2024-01-04,58.59999847412109,60.400001525878906,58.59999847412109,59.400001525878906,36000
2024-01-05,58.5,59.900001525878906,56.0,59.0,300000
2024-01-08,59.900001525878906,61.70000076293945,59.0,60.900001525878906,60000
2024-01-09,60.70000076293945,60.900001525878906,59.29999923706055,60.70000076293945,15000
2024-01-10,60.20000076293945,60.20000076293945,59.29999923706055,59.900001525878906,35050
2024-01-11,63.79999923706055,64.80000305175781,60.5,60.5,112115
2024-01-12,61.5,61.5,59.400001525878906,60.09999847412109,26000
2024-01-15,61.09999847412109,62.09999847412109,60.09999847412109,60.09999847412109,31200
2024-01-16,60.70000076293945,63.70000076293945,60.400001525878906,61.5,213186
2024-01-17,62.900001525878906,64.5999984741211,61.29999923706055,61.70000076293945,247100
2024-01-18,62.29999923706055,63.400001525878906,61.5,61.5,101000
2024-01-19,62.5,62.5,61.5,61.70000076293945,21014
2024-01-22,61.5,61.59999847412109,58.59999847412109,59.5,74002
2024-01-23,59.59999847412109,60.09999847412109,59.29999923706055,60.0,60803
2024-01-24,59.59999847412109,60.29999923706055,59.59999847412109,59.79999923706055,19000
2024-01-25,59.79999923706055,61.59999847412109,59.79999923706055,60.29999923706055,66280
2024-01-26,61.20000076293945,61.20000076293945,60.29999923706055,60.29999923706055,39010
2024-01-29,60.400001525878906,61.0,59.70000076293945,60.70000076293945,52220
2024-01-30,60.29999923706055,64.19999694824219,60.29999923706055,61.0,162100
2024-01-31,62.79999923706055,62.900001525878906,61.400001525878906,62.900001525878906,71185
2024-02-01,63.79999923706055,64.19999694824219,62.400001525878906,62.70000076293945,51290
2024-02-02,62.70000076293945,63.70000076293945,62.70000076293945,63.29999923706055,42000
2024-02-05,63.20000076293945,63.20000076293945,62.09999847412109,62.79999923706055,22020
2024-02-15,63.0,64.4000015258789,63.0,63.59999847412109,70000
2024-02-16,63.5,68.5,63.09999847412109,68.5,245754
2024-02-19,69.19999694824219,72.5,68.5999984741211,69.5999984741211,308000
2024-02-20,69.9000015258789,70.0,67.80000305175781,68.69999694824219,99019
2024-02-21,68.69999694824219,69.4000015258789,67.0,68.5,93003
2024-02-22,68.5999984741211,68.9000015258789,67.80000305175781,68.5,51785
2024-02-23,68.80000305175781,68.9000015258789,68.5,68.5999984741211,37104
2024-02-26,69.0,69.69999694824219,68.9000015258789,69.0999984741211,105005
2024-02-27,69.19999694824219,69.5,68.30000305175781,68.30000305175781,70001
2024-02-29,68.30000305175781,71.9000015258789,68.30000305175781,70.5999984741211,173003
2024-03-01,72.5,74.9000015258789,72.5,73.69999694824219,199125
2024-03-04,74.80000305175781,81.0,74.80000305175781,76.30000305175781,305700
2024-03-05,79.19999694824219,81.5999984741211,78.69999694824219,80.9000015258789,282243
2024-03-06,82.5,84.5,81.0999984741211,84.19999694824219,227330
2024-03-07,86.0999984741211,87.5,85.0,85.5999984741211,270235
2024-03-08,87.0,87.0,78.9000015258789,80.0999984741211,234005
2024-03-11,80.4000015258789,83.0999984741211,80.4000015258789,82.19999694824219,94580
2024-03-12,82.0999984741211,82.30000305175781,79.4000015258789,80.9000015258789,112093
2024-03-13,80.5,80.5999984741211,75.5,76.80000305175781,199087
2024-03-14,72.19999694824219,73.9000015258789,70.69999694824219,71.4000015258789,367589
2024-03-15,68.0,72.5,68.0,71.0,180150
2024-03-18,70.5,74.19999694824219,70.5,72.80000305175781,265718
2024-03-19,73.4000015258789,75.4000015258789,73.4000015258789,74.5999984741211,93201
2024-03-20,75.0999984741211,77.5999984741211,75.0999984741211,77.0999984741211,125371
2024-03-21,78.80000305175781,78.80000305175781,75.9000015258789,76.4000015258789,199003
2024-03-22,80.80000305175781,80.80000305175781,76.0,76.30000305175781,82452
2024-03-25,77.0,78.4000015258789,76.0999984741211,76.0999984741211,35200
2024-03-26,76.0999984741211,76.5,74.9000015258789,75.80000305175781,83212
2024-03-27,78.0,78.0,75.5,75.5999984741211,25003
2024-03-28,75.30000305175781,75.5999984741211,71.4000015258789,72.0,108903
2024-03-29,71.69999694824219,72.80000305175781,71.69999694824219,72.0,50000
2024-04-01,72.19999694824219,74.5,71.0,71.69999694824219,202000
2024-04-02,72.0999984741211,77.0,72.0999984741211,74.5999984741211,210568
2024-04-03,74.5999984741211,74.5999984741211,73.19999694824219,73.5,72020
2024-04-08,71.19999694824219,73.30000305175781,71.19999694824219,72.5,86000
2024-04-09,74.0,74.80000305175781,72.69999694824219,72.9000015258789,112117
2024-04-10,77.0,77.0,72.80000305175781,73.0,129010
2024-04-11,74.0,76.30000305175781,73.0999984741211,73.5999984741211,65000
2024-04-12,73.5,73.5,72.0999984741211,72.19999694824219,79000
2024-04-15,73.0999984741211,74.9000015258789,71.69999694824219,74.5,159000
2024-04-16,73.9000015258789,75.0,71.5,74.5,93000
2024-04-17,75.4000015258789,77.0999984741211,74.30000305175781,76.5999984741211,159303
2024-04-18,76.69999694824219,83.0,76.69999694824219,81.19999694824219,312020
2024-04-19,83.80000305175781,84.0999984741211,75.0,79.0,213000
2024-04-22,79.0,81.5,79.0,79.80000305175781,154001
2024-04-23,80.30000305175781,80.30000305175781,76.5999984741211,79.80000305175781,102198
2024-04-24,79.4000015258789,81.5,79.0,81.4000015258789,88275
2024-04-25,81.4000015258789,83.0999984741211,81.19999694824219,82.30000305175781,121170
2024-04-26,82.80000305175781,84.69999694824219,80.30000305175781,80.30000305175781,72077
2024-04-29,80.30000305175781,81.30000305175781,80.30000305175781,80.80000305175781,42000
2024-04-30,80.5,81.19999694824219,80.19999694824219,81.0,24000
2024-05-02,81.5,84.0999984741211,81.0999984741211,83.5999984741211,143500
2024-05-03,84.4000015258789,84.4000015258789,82.0,82.0,95098
2024-05-06,84.0,85.0,81.30000305175781,81.9000015258789,99645
2024-05-07,82.5,82.5,80.9000015258789,81.69999694824219,48000
2024-05-08,82.4000015258789,82.4000015258789,81.0,81.0999984741211,20000
2024-05-09,80.30000305175781,80.5,78.80000305175781,80.0,96000
2024-05-10,79.5,80.4000015258789,78.80000305175781,79.80000305175781,67500
2024-05-13,79.80000305175781,79.80000305175781,77.30000305175781,78.69999694824219,106000
2024-05-14,78.69999694824219,79.69999694824219,78.69999694824219,78.9000015258789,26000
2024-05-15,78.69999694824219,79.0,78.5999984741211,78.5999984741211,37035
2024-05-16,78.5999984741211,79.0,77.80000305175781,78.0999984741211,104000
2024-05-17,78.0999984741211,78.19999694824219,77.69999694824219,78.0999984741211,51000
2024-05-20,78.4000015258789,78.69999694824219,77.0,77.19999694824219,152013
2024-05-21,77.4000015258789,77.5999984741211,77.4000015258789,77.5999984741211,24000
2024-05-22,77.5999984741211,77.5999984741211,76.9000015258789,77.4000015258789,57001
2024-05-23,77.5,77.5,73.9000015258789,73.9000015258789,209041
2024-05-24,73.9000015258789,74.30000305175781,73.69999694824219,73.80000305175781,31014
2024-05-27,74.0,74.5,73.5,73.5,56000
2024-05-28,73.80000305175781,73.80000305175781,73.0,73.0999984741211,89291
2024-05-29,73.30000305175781,73.69999694824219,73.19999694824219,73.30000305175781,7000
2024-05-30,74.9000015258789,74.9000015258789,73.0999984741211,73.0999984741211,16000
2024-05-31,74.0,74.5999984741211,74.0,74.5,11325
2024-06-03,74.5,75.80000305175781,74.5,74.80000305175781,43000
2024-06-04,74.80000305175781,74.80000305175781,74.19999694824219,74.19999694824219,18000
2024-06-05,74.30000305175781,74.5999984741211,74.30000305175781,74.5999984741211,13000
2024-06-06,71.19999694824219,75.0,71.19999694824219,71.4000015258789,175070
2024-06-07,71.4000015258789,73.5999984741211,71.4000015258789,72.30000305175781,39000
2024-06-11,74.19999694824219,74.19999694824219,73.0,73.0,28172
2024-06-12,74.80000305175781,74.80000305175781,71.5999984741211,72.19999694824219,60014
2024-06-13,71.4000015258789,71.4000015258789,70.69999694824219,71.0999984741211,26117
2024-06-14,72.4000015258789,72.4000015258789,70.69999694824219,71.30000305175781,24000
2024-06-17,71.5,73.0,71.30000305175781,71.80000305175781,80001
2024-06-18,72.0,72.80000305175781,72.0,72.4000015258789,36000
2024-06-19,69.28616333007812,69.66896057128906,68.99906921386719,69.66896057128906,17022
2024-06-20,69.86035919189453,70.33885955810547,69.28616333007812,70.1474609375,23406
2024-06-21,69.86035919189453,70.1474609375,69.5732650756836,69.66896057128906,15678
2024-06-24,69.66896057128906,69.86035919189453,69.19046783447266,69.4775619506836,15057
2024-06-25,69.4775619506836,69.4775619506836,68.13777923583984,68.52057647705078,50162
2024-06-26,68.32917785644531,71.77434539794922,67.7549819946289,67.7549819946289,102416
2024-06-27,67.94638061523438,67.94638061523438,66.51089477539062,66.98938751220703,127692
2024-06-28,66.9000015258789,68.5999984741211,65.9000015258789,68.0,206013
2024-07-01,68.0,68.0,66.5,67.80000305175781,110002
2024-07-02,67.19999694824219,67.80000305175781,67.0,67.80000305175781,38000
2024-07-03,67.80000305175781,68.0999984741211,67.0999984741211,68.0999984741211,27000
2024-07-04,68.0999984741211,69.9000015258789,68.0999984741211,69.5999984741211,66220
2024-07-05,70.0,70.0,69.4000015258789,69.4000015258789,22006
2024-07-08,69.69999694824219,69.69999694824219,68.80000305175781,69.30000305175781,41000
2024-07-09,69.4000015258789,69.4000015258789,68.5,69.0999984741211,25000
2024-07-10,68.5,68.5999984741211,68.5,68.5999984741211,3000
2024-07-11,68.80000305175781,68.80000305175781,66.0,66.9000015258789,72043
2024-07-12,67.0999984741211,67.0999984741211,66.0999984741211,66.9000015258789,46118
2024-07-15,67.0,67.0,66.5999984741211,66.80000305175781,49049
2024-07-16,66.9000015258789,67.0999984741211,66.5,66.69999694824219,42000
2024-07-17,67.0,67.0,66.4000015258789,66.4000015258789,57002
2024-07-18,66.19999694824219,66.4000015258789,65.9000015258789,65.9000015258789,25197
2024-07-19,65.9000015258789,65.9000015258789,63.900001525878906,63.900001525878906,59477
2024-07-22,63.900001525878906,63.900001525878906,61.400001525878906,61.5,59015
2024-07-23,61.20000076293945,62.09999847412109,59.0,59.5,98030
2024-07-26,57.5,60.5,57.0,59.70000076293945,145297
2024-07-29,60.0,60.5,59.79999923706055,60.0,64059
2024-07-30,60.400001525878906,60.400001525878906,58.79999923706055,59.5,47003
2024-07-31,60.0,65.4000015258789,60.0,65.4000015258789,258037
2024-08-01,66.0,67.0,63.400001525878906,63.400001525878906,401501
2024-08-02,59.79999923706055,61.5,59.09999847412109,60.5,848243
2024-08-05,58.59999847412109,58.59999847412109,55.0,55.59999847412109,233821
2024-08-06,55.79999923706055,56.0,50.09999847412109,53.0,189958
2024-08-07,53.0,55.5,53.0,55.0,47707
2024-08-08,54.20000076293945,54.79999923706055,54.20000076293945,54.5,23278
2024-08-09,55.0,57.20000076293945,55.0,56.70000076293945,63000
2024-08-12,55.900001525878906,56.900001525878906,55.900001525878906,56.5,35742
2024-08-13,56.0,56.5,55.79999923706055,56.09999847412109,37568
2024-08-14,56.0,56.70000076293945,56.0,56.29999923706055,11000
2024-08-15,56.29999923706055,56.29999923706055,55.59999847412109,56.0,49235
2024-08-16,56.5,56.59999847412109,56.09999847412109,56.09999847412109,27001
2024-08-19,56.09999847412109,56.400001525878906,56.0,56.400001525878906,31290
2024-08-20,56.400001525878906,56.70000076293945,56.29999923706055,56.5,22122
2024-08-21,56.70000076293945,57.0,56.29999923706055,57.0,27129
2024-08-22,56.70000076293945,56.70000076293945,56.09999847412109,56.5,36025
2024-08-23,56.5,56.79999923706055,56.20000076293945,56.79999923706055,23001
2024-08-26,57.0,57.0,56.0,56.59999847412109,19807
2024-08-27,56.59999847412109,57.0,56.20000076293945,56.900001525878906,27000
2024-08-28,57.20000076293945,57.20000076293945,56.5,57.0,27071
2024-08-29,57.0,57.59999847412109,56.5,57.5,23111
2024-08-30,57.5,62.0,57.5,60.70000076293945,157119
2024-09-02,61.09999847412109,61.900001525878906,61.09999847412109,61.29999923706055,141500
2024-09-03,61.29999923706055,61.5,61.0,61.0,29197
2024-09-04,57.5,61.0,57.5,59.29999923706055,41000
2024-09-05,60.0,62.0,60.0,61.0,82050
2024-09-06,61.0,61.09999847412109,60.900001525878906,61.0,38376
2024-09-09,60.900001525878906,61.0,60.20000076293945,60.20000076293945,26224
2024-09-10,60.20000076293945,60.5,59.5,59.5,36001
2024-09-11,59.5,59.5,59.0,59.20000076293945,8004
2024-09-12,59.20000076293945,60.0,59.20000076293945,59.5,21480
2024-09-13,59.0,60.5,59.0,59.70000076293945,21001
2024-09-16,59.29999923706055,59.70000076293945,59.29999923706055,59.400001525878906,16002
2024-09-18,60.0,60.0,59.09999847412109,59.5,21001
2024-09-19,60.0,60.0,59.29999923706055,59.29999923706055,18002
2024-09-20,59.70000076293945,59.70000076293945,58.0,59.0,66724
2024-09-23,58.79999923706055,58.79999923706055,58.0,58.09999847412109,50483
2024-09-24,58.09999847412109,58.59999847412109,58.0,58.59999847412109,19000
2024-09-25,58.400001525878906,60.09999847412109,58.400001525878906,59.59999847412109,131648
2024-09-26,60.0,60.20000076293945,60.0,60.09999847412109,18000
2024-09-27,60.09999847412109,60.29999923706055,59.59999847412109,59.59999847412109,24000
2024-09-30,59.0,59.79999923706055,58.70000076293945,59.79999923706055,9000
2024-10-01,59.79999923706055,60.0,59.20000076293945,60.0,15000
2024-10-04,59.20000076293945,59.20000076293945,59.20000076293945,59.20000076293945,2000
2024-10-07,59.0,59.20000076293945,59.0,59.20000076293945,13000
2024-10-08,59.79999923706055,59.79999923706055,59.09999847412109,59.09999847412109,90001
2024-10-09,59.20000076293945,59.20000076293945,59.20000076293945,59.20000076293945,34000
2024-10-11,59.20000076293945,61.0,59.20000076293945,60.20000076293945,53001
2024-10-14,59.70000076293945,61.0,59.70000076293945,60.20000076293945,26247
2024-10-15,60.0,60.09999847412109,59.900001525878906,60.0,10001
2024-10-16,59.70000076293945,61.0,59.29999923706055,60.5,53449
2024-10-17,60.5,60.5,60.09999847412109,60.09999847412109,10371
2024-10-18,60.0,60.09999847412109,60.0,60.0,19005
2024-10-21,61.59999847412109,61.59999847412109,60.0,60.70000076293945,96000
2024-10-22,60.20000076293945,60.20000076293945,59.79999923706055,60.0,48000
2024-10-23,59.900001525878906,60.400001525878906,59.79999923706055,60.0,63125
2024-10-24,60.20000076293945,61.0,59.400001525878906,60.0,128002
2024-10-25,59.59999847412109,60.0,59.59999847412109,59.59999847412109,48036
2024-10-28,59.400001525878906,59.400001525878906,59.29999923706055,59.29999923706055,6001
2024-10-29,59.5,59.5,59.09999847412109,59.09999847412109,25000
2024-10-30,58.59999847412109,61.0,58.59999847412109,60.0,94001
2024-11-01,60.0,60.900001525878906,59.70000076293945,60.900001525878906,10000
2024-11-04,60.09999847412109,60.09999847412109,59.79999923706055,59.79999923706055,19000
2024-11-05,59.70000076293945,59.70000076293945,59.09999847412109,59.29999923706055,8000
2024-11-06,59.400001525878906,59.70000076293945,59.400001525878906,59.400001525878906,34000
2024-11-07,59.79999923706055,60.400001525878906,59.59999847412109,59.59999847412109,23000
2024-11-08,59.59999847412109,59.79999923706055,59.59999847412109,59.79999923706055,4689
2024-11-11,59.20000076293945,59.20000076293945,59.20000076293945,59.20000076293945,4000
2024-11-12,59.0,59.20000076293945,58.59999847412109,58.900001525878906,41000
2024-11-13,59.70000076293945,59.70000076293945,58.59999847412109,59.20000076293945,19000
2024-11-14,58.79999923706055,59.09999847412109,58.5,58.70000076293945,33000
2024-11-15,58.5,58.70000076293945,58.20000076293945,58.20000076293945,9010
2024-11-18,58.0,60.0,57.900001525878906,59.0,75000
2024-11-19,59.5,59.5,59.09999847412109,59.5,40000
2024-11-20,59.400001525878906,59.400001525878906,59.400001525878906,59.400001525878906,26171
2024-11-21,59.5,59.900001525878906,58.70000076293945,58.70000076293945,26680
2024-11-22,59.29999923706055,60.09999847412109,59.0,59.900001525878906,111000
2024-11-25,59.900001525878906,62.0,59.79999923706055,60.5,301005
2024-11-26,61.900001525878906,66.5,61.5,66.5,527354
2024-11-27,66.19999694824219,66.5,64.0999984741211,65.69999694824219,209292
2024-11-28,65.69999694824219,65.69999694824219,63.70000076293945,65.0,61010
2024-11-29,64.0,65.30000305175781,64.0,64.30000305175781,12549
2024-12-02,64.0999984741211,67.0,64.0999984741211,64.5,70000
2024-12-03,64.5,66.0,64.5,65.0,248073
2024-12-04,65.4000015258789,66.0,65.0999984741211,65.0999984741211,37110
2024-12-05,65.0999984741211,65.0999984741211,65.0,65.0,32000
2024-12-06,65.0999984741211,65.69999694824219,64.0999984741211,65.5999984741211,45355
2024-12-09,65.69999694824219,66.5999984741211,65.69999694824219,66.30000305175781,61000
2024-12-10,67.0,67.4000015258789,66.30000305175781,66.80000305175781,52703
2024-12-11,67.5,67.5,66.69999694824219,66.80000305175781,26000
2024-12-12,66.80000305175781,66.80000305175781,66.0999984741211,66.0999984741211,40050
2024-12-13,66.0999984741211,67.0,66.0999984741211,66.19999694824219,58000
2024-12-16,65.5,65.80000305175781,65.4000015258789,65.80000305175781,29000
2024-12-17,65.5,65.5999984741211,65.30000305175781,65.4000015258789,46089
2024-12-18,65.0,65.0,64.69999694824219,64.69999694824219,25000
2024-12-19,64.5999984741211,64.80000305175781,62.5,62.59999847412109,39075
2024-12-20,61.79999923706055,63.09999847412109,61.79999923706055,62.5,24625
2024-12-23,62.70000076293945,63.0,62.70000076293945,62.70000076293945,3000
2024-12-24,62.29999923706055,62.79999923706055,62.29999923706055,62.70000076293945,3023
2024-12-25,62.70000076293945,62.900001525878906,62.70000076293945,62.900001525878906,4000
2024-12-26,62.5,63.0,62.5,63.0,5000
2024-12-27,63.0,63.0,63.0,63.0,0
2024-12-30,63.0,64.0999984741211,63.0,63.20000076293945,3160
2024-12-31,63.20000076293945,63.5,63.20000076293945,63.5,5190
2025-01-02,63.59999847412109,64.5,62.900001525878906,64.30000305175781,12004
2025-01-03,64.30000305175781,65.30000305175781,64.19999694824219,65.30000305175781,34000
2025-01-06,66.5,67.5,66.0,66.80000305175781,98006
2025-01-07,68.30000305175781,68.4000015258789,67.0999984741211,67.5999984741211,47001
2025-01-08,67.19999694824219,67.19999694824219,65.80000305175781,65.80000305175781,4000
2025-01-09,65.80000305175781,66.30000305175781,65.80000305175781,65.80000305175781,9290
2025-01-10,68.30000305175781,68.5999984741211,66.69999694824219,68.5999984741211,103015
2025-01-13,68.5999984741211,68.5999984741211,67.5,68.0999984741211,26000
2025-01-14,68.80000305175781,69.0,68.19999694824219,68.5,41188
2025-01-15,68.5,72.5,68.0999984741211,71.9000015258789,147000
2025-01-16,70.0,72.80000305175781,70.0,71.80000305175781,70238
2025-01-17,71.5999984741211,71.80000305175781,70.80000305175781,71.5999984741211,52001
2025-01-20,72.30000305175781,72.5,72.0,72.4000015258789,76000
2025-01-21,72.0999984741211,72.5999984741211,70.9000015258789,70.9000015258789,39000
2025-01-22,72.19999694824219,72.19999694824219,70.0999984741211,71.0999984741211,26000
2025-02-03,71.0999984741211,73.0999984741211,71.0,71.30000305175781,43060
2025-02-04,71.5999984741211,71.80000305175781,71.30000305175781,71.30000305175781,14000
2025-02-05,73.0,73.0,71.19999694824219,71.19999694824219,19120
2025-02-06,71.19999694824219,71.4000015258789,70.0,70.19999694824219,28061
2025-02-07,68.5,72.0,68.5,70.80000305175781,84007
2025-02-10,72.0999984741211,72.0999984741211,71.0,71.5999984741211,37019
2025-02-11,71.80000305175781,73.5,71.80000305175781,72.19999694824219,91000
2025-02-12,72.19999694824219,73.4000015258789,72.19999694824219,73.0,31000
2025-02-13,73.4000015258789,74.5,72.69999694824219,73.4000015258789,29028
2025-02-14,76.80000305175781,76.80000305175781,72.5,73.4000015258789,38627
2025-02-17,73.0999984741211,73.0999984741211,72.30000305175781,72.30000305175781,9505
2025-02-18,73.0,73.0,71.80000305175781,71.80000305175781,6155
2025-02-19,72.0999984741211,73.4000015258789,71.5,73.4000015258789,24006
2025-02-20,72.0999984741211,72.0999984741211,72.0999984741211,72.0999984741211,5169
2025-02-21,72.19999694824219,73.69999694824219,72.0,73.5999984741211,42001
2025-02-24,73.69999694824219,74.5,72.5999984741211,73.5999984741211,88001
2025-02-25,73.69999694824219,75.69999694824219,73.69999694824219,75.0999984741211,213268
2025-02-26,71.0999984741211,75.0999984741211,71.0999984741211,75.0999984741211,72050
2025-02-27,75.0,76.0999984741211,75.0,75.80000305175781,30000
2025-03-03,76.69999694824219,76.9000015258789,75.4000015258789,76.0,43206
2025-03-04,74.5999984741211,76.5,74.4000015258789,75.9000015258789,592011
2025-03-05,75.9000015258789,76.5,75.69999694824219,76.30000305175781,22000
2025-03-06,76.19999694824219,76.4000015258789,75.69999694824219,75.9000015258789,104000
2025-03-07,75.4000015258789,75.5999984741211,75.4000015258789,75.5999984741211,13000
2025-03-10,75.5999984741211,76.0999984741211,75.5999984741211,75.9000015258789,31000
2025-03-11,75.19999694824219,76.30000305175781,75.19999694824219,76.30000305175781,38000
2025-03-12,75.69999694824219,81.0,75.69999694824219,80.5999984741211,198300
2025-03-13,81.0,83.5999984741211,81.0,81.5,167000
2025-03-14,83.0,85.5999984741211,83.0,85.5,326833
2025-03-17,86.4000015258789,92.0,86.0,92.0,599004
2025-03-18,95.0999984741211,95.0999984741211,89.80000305175781,90.5999984741211,271000
2025-03-19,90.5999984741211,93.0,88.80000305175781,90.1999969482422,290020
2025-03-20,91.0,92.5999984741211,90.4000015258789,91.5,242580
2025-03-21,91.5999984741211,92.0,90.5,90.5,192290
2025-03-24,90.5,94.8000030517578,90.5,94.1999969482422,196499
2025-03-25,94.9000015258789,101.0,94.9000015258789,99.1999969482422,426349
2025-03-26,101.0,104.0,92.5,97.1999969482422,269001
2025-03-27,97.0999984741211,99.9000015258789,96.0,99.9000015258789,84010
2025-03-28,100.0,101.5,98.0999984741211,99.8000030517578,136180
2025-03-31,95.9000015258789,100.0,95.0,99.9000015258789,96001
2025-04-01,99.8000030517578,105.0,98.8000030517578,103.5,232163
2025-04-02,103.5,105.0,95.0,98.5,253189
2025-04-07,88.69999694824219,88.69999694824219,88.69999694824219,88.69999694824219,17000
2025-04-08,85.19999694824219,93.5999984741211,85.19999694824219,91.0,202020
2025-04-09,91.0,91.0,81.9000015258789,87.80000305175781,190015
2025-04-10,96.5,96.5,92.6999969482422,95.0999984741211,1105486
2025-04-11,96.9000015258789,98.0,93.6999969482422,96.5999984741211,482005
2025-04-14,96.5999984741211,96.8000030517578,92.6999969482422,96.6999969482422,601000
2025-04-15,96.6999969482422,106.0,96.1999969482422,98.0,684151
2025-04-16,98.1999969482422,103.5,96.4000015258789,102.5,328007
2025-04-17,101.5,105.0,100.5,101.5,425387
2025-04-18,102.0,106.0,102.0,105.0,372074
2025-04-21,105.0,107.0,99.0,101.5,358002
2025-04-22,100.0,102.0,99.0999984741211,102.0,168000
2025-04-23,104.0,104.0,102.5,102.5,119000
2025-04-24,102.5,103.0,101.0,102.5,54000
2025-04-25,102.0,102.0,96.1999969482422,99.8000030517578,242308
2025-04-28,100.0,103.5,100.0,103.0,86134
2025-04-29,103.5,109.5,103.0,109.0,476451
2025-04-30,112.0,112.0,99.3000030517578,100.5,514100
2025-05-02,101.5,102.0,99.5,100.0,122200
2025-05-05,101.5,103.0,98.0999984741211,100.0,130060
2025-05-06,100.0,101.0,98.5,98.6999969482422,72160
2025-05-07,101.0,104.5,99.3000030517578,100.0,191484
2025-05-08,100.5,100.5,99.0,99.9000015258789,72000
2025-05-09,99.9000015258789,101.0,97.5,97.6999969482422,116066
2025-05-12,96.5,99.1999969482422,96.0,98.5,59015
2025-05-13,99.9000015258789,103.5,99.9000015258789,103.0,273494
2025-05-14,103.5,103.5,99.5,100.0,101020
2025-05-15,101.0,103.5,100.5,102.0,111000
2025-05-16,103.0,110.0,103.0,107.0,550213
2025-05-19,106.0,106.0,101.0,102.5,142200
2025-05-20,103.0,107.5,102.5,106.0,120010
2025-05-21,106.0,107.0,104.5,107.0,51580
2025-05-22,106.0,106.0,103.0,103.5,65007
2025-05-23,103.5,104.0,101.5,102.5,138065
2025-05-26,102.5,102.5,100.0,101.5,95420
2025-05-27,102.0,103.0,100.5,101.0,69010
2025-05-28,102.0,102.0,100.0,100.0,92005
2025-05-29,100.5,101.0,97.5999984741211,97.5999984741211,290000
2025-06-02,97.6999969482422,99.6999969482422,97.5,98.8000030517578,88002
2025-06-03,99.0999984741211,102.0,98.6999969482422,101.0,70001
2025-06-04,101.5,103.0,99.1999969482422,99.9000015258789,62050
2025-06-05,99.8000030517578,100.5,98.0,100.0,118309
2025-06-06,100.5,101.0,99.3000030517578,99.8000030517578,118069
2025-06-09,100.0,100.0,98.1999969482422,98.4000015258789,115130
2025-06-10,98.9000015258789,100.0,98.5,98.5999984741211,64000
2025-06-11,98.0,98.5999984741211,89.19999694824219,93.0999984741211,386002
2025-06-12,93.4000015258789,94.5999984741211,91.8000030517578,93.0,114005
2025-06-13,93.0,94.4000015258789,91.5,93.4000015258789,83400
2025-06-16,98.5999984741211,98.5999984741211,91.5999984741211,92.0999984741211,86000
2025-06-17,92.1999969482422,93.3000030517578,90.5,92.0999984741211,79000
2025-06-18,93.3000030517578,93.3000030517578,92.3000030517578,92.8000030517578,45000
2025-06-19,91.8000030517578,92.6999969482422,91.8000030517578,91.8000030517578,28001
2025-06-20,91.8000030517578,93.0999984741211,89.5,91.8000030517578,82000
2025-06-23,91.5999984741211,91.8000030517578,89.80000305175781,90.0,31000
2025-06-24,91.5999984741211,91.5999984741211,89.80000305175781,90.5,30000
2025-06-25,90.5,90.5,89.0,90.4000015258789,25000
2025-06-26,90.4000015258789,92.1999969482422,88.0999984741211,91.8000030517578,59002
2025-06-27,90.0999984741211,92.0,90.0999984741211,91.8000030517578,38101
2025-06-30,92.9000015258789,92.9000015258789,90.5999984741211,91.5,11002
2025-07-01,89.9000015258789,96.0,89.9000015258789,95.5,71002
2025-07-02,95.5,95.5,93.6999969482422,95.4000015258789,66000
2025-07-03,94.0,96.4000015258789,92.5999984741211,95.0,35000
2025-07-04,95.0,96.0,94.0,95.0,47000
2025-07-07,95.5,98.0,95.5,96.5,60004
2025-07-08,96.5,98.0,94.0,96.5,78811
2025-07-09,95.8000030517578,97.0,95.0,96.0,66000
2025-07-10,97.0,97.0,95.0999984741211,96.0,38000
2025-07-11,95.0,96.5,95.0,96.5,25000
2025-07-14,95.3000030517578,95.3000030517578,94.0999984741211,94.0999984741211,22000
2025-07-15,93.0999984741211,95.5,92.1999969482422,93.5,116011
2025-07-16,92.5,94.0,92.5,92.5,66000
2025-07-17,92.0999984741211,93.0,91.3000030517578,91.3000030517578,10014
2025-07-18,91.0999984741211,93.1999969482422,91.0999984741211,92.3000030517578,29060
2025-07-21,92.1999969482422,94.1999969482422,92.1999969482422,92.5,27000
2025-07-22,92.4000015258789,92.8000030517578,86.80000305175781,86.9000015258789,104001
2025-07-23,83.4000015258789,94.5,83.4000015258789,93.4000015258789,208000
2025-07-24,92.0999984741211,94.9000015258789,92.0999984741211,94.0,44120
2025-07-25,93.5999984741211,94.9000015258789,93.5999984741211,94.0999984741211,21000
2025-07-28,91.8000030517578,93.4000015258789,91.1999969482422,91.6999969482422,43000
2025-07-29,90.8000030517578,92.3000030517578,90.6999969482422,91.3000030517578,17000
2025-07-30,91.5,91.6999969482422,90.0999984741211,91.1999969482422,37000
2025-07-31,90.6999969482422,90.6999969482422,90.0999984741211,90.1999969482422,27131
2025-08-04,90.4000015258789,90.5999984741211,90.3000030517578,90.3000030517578,11034
2025-08-05,89.5,90.4000015258789,89.5,90.3000030517578,17000
2025-08-06,90.0999984741211,90.5,90.0,90.0,46010
2025-08-07,90.0,92.8000030517578,90.0,90.0,32067
2025-08-08,92.5,93.9000015258789,90.4000015258789,92.0999984741211,93002
2025-08-11,92.3000030517578,94.0,92.3000030517578,92.5999984741211,44019
2025-08-12,92.3000030517578,93.5,92.3000030517578,92.6999969482422,30000
2025-08-13,93.1999969482422,94.5,92.5999984741211,93.4000015258789,41116
2025-08-14,93.1999969482422,95.1999969482422,93.1999969482422,93.5999984741211,55000
2025-08-15,93.4000015258789,95.4000015258789,93.4000015258789,94.6999969482422,105000
2025-08-18,94.0,94.8000030517578,93.8000030517578,94.0999984741211,26008
2025-08-19,93.8000030517578,94.0,93.8000030517578,93.9000015258789,25000
2025-08-20,93.8000030517578,93.8000030517578,90.5999984741211,91.5,108020
2025-08-21,91.8000030517578,92.0,91.8000030517578,91.8000030517578,15000
2025-08-22,91.9000015258789,93.3000030517578,91.8000030517578,91.8000030517578,16000
2025-08-25,91.9000015258789,92.0,91.0,91.0,43001
2025-08-26,91.3000030517578,92.0,91.3000030517578,91.6999969482422,12405
2025-08-27,91.3000030517578,92.5999984741211,91.3000030517578,91.5,41000
2025-08-28,91.5,92.0,91.1999969482422,91.3000030517578,15000
2025-08-29,91.3000030517578,91.3000030517578,90.0,90.0999984741211,102000
2025-09-01,90.5,90.5,89.9000015258789,90.3000030517578,19000
2025-09-02,90.5,90.8000030517578,90.0,90.0999984741211,28025
2025-09-03,91.8000030517578,91.8000030517578,90.3000030517578,91.4000015258789,17000
2025-09-04,91.1999969482422,91.3000030517578,91.1999969482422,91.3000030517578,2000
2025-09-05,91.5,91.5,90.5,91.3000030517578,16000
2025-09-08,91.0,92.0,91.0,92.0,10028
2025-09-09,91.0,91.0,90.5,90.5,34753
2025-09-10,91.4000015258789,91.5,90.8000030517578,91.4000015258789,30000
2025-09-11,91.3000030517578,91.5,91.1999969482422,91.1999969482422,34041
2025-09-12,91.1999969482422,91.1999969482422,90.9000015258789,91.0999984741211,11000
2025-09-15,91.1999969482422,91.4000015258789,91.0999984741211,91.0999984741211,7102
2025-09-16,91.0999984741211,92.5,91.0,91.4000015258789,24002
2025-09-17,91.1999969482422,91.5999984741211,91.0,91.0999984741211,31000
2025-09-18,91.0999984741211,91.1999969482422,90.9000015258789,91.0,28060
2025-09-19,90.9000015258789,91.4000015258789,90.9000015258789,91.1999969482422,42002
2025-09-22,91.1999969482422,91.4000015258789,90.5999984741211,91.0,57060
2025-09-23,91.0,91.0,90.6999969482422,90.8000030517578,70110
2025-09-24,90.6999969482422,91.0,90.1999969482422,90.3000030517578,98015
2025-09-25,90.5,91.3000030517578,90.5,91.0999984741211,5500
2025-09-26,91.0999984741211,91.0999984741211,90.0,90.5999984741211,14000
2025-09-30,90.4000015258789,90.5999984741211,89.5,89.69999694824219,21014
2025-10-01,91.4000015258789,91.4000015258789,89.30000305175781,89.4000015258789,102013
2025-10-02,89.4000015258789,89.4000015258789,86.0,89.30000305175781,73486
2025-10-03,89.30000305175781,89.30000305175781,87.30000305175781,87.30000305175781,88005
2025-10-07,87.80000305175781,87.80000305175781,83.5,86.5,41030
2025-10-08,87.9000015258789,88.69999694824219,85.9000015258789,88.69999694824219,30324
2025-10-09,90.0,90.0999984741211,87.5999984741211,90.0999984741211,12002
2025-10-13,90.0,90.8000030517578,89.5,90.0,22000
2025-10-14,91.9000015258789,91.9000015258789,89.19999694824219,89.5999984741211,29000
2025-10-15,91.0,91.5,90.0,90.0,14000
2025-10-16,90.0,91.0,88.80000305175781,90.0999984741211,15000
2025-10-17,90.6999969482422,91.0,89.5,90.3000030517578,108002
2025-10-20,90.3000030517578,90.3000030517578,87.5,90.1999969482422,60000
2025-10-21,90.3000030517578,90.5,89.80000305175781,89.9000015258789,162000
2025-10-22,90.3000030517578,91.5999984741211,90.3000030517578,91.3000030517578,43021
2025-10-23,91.9000015258789,91.9000015258789,90.5999984741211,91.4000015258789,8000
2025-10-27,91.4000015258789,91.8000030517578,91.4000015258789,91.4000015258789,9000
2025-10-28,91.8000030517578,91.9000015258789,90.5,90.5999984741211,39613
2025-10-29,91.1999969482422,91.5,90.6999969482422,90.6999969482422,18000
2025-10-30,90.6999969482422,91.3000030517578,90.5,90.5,37000
2025-10-31,90.0999984741211,91.4000015258789,90.0999984741211,91.4000015258789,109372
2025-11-03,90.1999969482422,91.5,90.0999984741211,91.5,15005
2025-11-04,92.0,92.9000015258789,90.5,90.5,10000
2025-11-05,90.5,91.1999969482422,90.3000030517578,90.3000030517578,14000
2025-11-06,90.3000030517578,90.6999969482422,90.1999969482422,90.6999969482422,10000
2025-11-07,90.3000030517578,90.5999984741211,90.1999969482422,90.5999984741211,15000
2025-11-10,90.0999984741211,90.1999969482422,90.0999984741211,90.1999969482422,5000
2025-11-11,90.9000015258789,91.0,90.4000015258789,91.0,19032
2025-11-12,90.3000030517578,92.5,90.1999969482422,92.5,38030
2025-11-13,91.3000030517578,91.9000015258789,91.1999969482422,91.3000030517578,10172
2025-11-14,90.9000015258789,92.0,90.6999969482422,91.5999984741211,45162
2025-11-17,90.0999984741211,91.3000030517578,90.0999984741211,90.9000015258789,6000
2025-11-18,91.0,91.0,90.5,90.9000015258789,39000
2025-11-19,90.3000030517578,91.8000030517578,90.1999969482422,91.8000030517578,12150
2025-11-20,91.8000030517578,91.8000030517578,91.0,91.5999984741211,6000
2025-11-21,90.4000015258789,90.6999969482422,90.3000030517578,90.6999969482422,7000
2025-11-24,93.0,93.5999984741211,90.9000015258789,91.4000015258789,35000
2025-11-25,90.9000015258789,91.0999984741211,90.9000015258789,91.0999984741211,3000
2025-11-26,91.3000030517578,92.3000030517578,91.3000030517578,91.3000030517578,59000
2025-11-27,91.5,91.8000030517578,91.5,91.8000030517578,32355
2025-11-28,91.8000030517578,91.9000015258789,91.6999969482422,91.6999969482422,33780
2025-12-01,91.6999969482422,91.6999969482422,91.0,91.0,30033
2025-12-02,92.8000030517578,92.8000030517578,91.0999984741211,91.0999984741211,24000
2025-12-03,95.0,95.0,90.9000015258789,90.9000015258789,27001
2025-12-04,93.8000030517578,93.8000030517578,90.8000030517578,90.8000030517578,11811
2025-12-05,90.8000030517578,91.0,90.6999969482422,90.6999969482422,10000
2025-12-08,91.0,91.0,90.5,90.6999969482422,25121
2025-12-09,90.8000030517578,91.1999969482422,90.8000030517578,91.1999969482422,25000
2025-12-10,90.5,91.0,90.5,90.5,26000
2025-12-11,91.6999969482422,91.6999969482422,90.1999969482422,90.1999969482422,45192
2025-12-12,90.1999969482422,90.3000030517578,90.0,90.0999984741211,42066
2025-12-15,89.5999984741211,90.1999969482422,89.5999984741211,90.0,61000
2025-12-16,89.5,90.0,89.5,89.80000305175781,27000
2025-12-17,89.80000305175781,90.0,89.5,89.69999694824219,24060
2025-12-18,89.80000305175781,89.80000305175781,89.0999984741211,89.30000305175781,107062
2025-12-19,89.80000305175781,89.80000305175781,89.19999694824219,89.19999694824219,30012
2025-12-22,89.9000015258789,89.9000015258789,89.19999694824219,89.19999694824219,22924
2025-12-23,89.19999694824219,89.30000305175781,89.0999984741211,89.0999984741211,14000
2025-12-24,89.0999984741211,89.0999984741211,88.5999984741211,88.80000305175781,47000
2025-12-26,88.5,89.0,88.5,88.5999984741211,79016
2025-12-29,88.5,88.5999984741211,88.19999694824219,88.30000305175781,40010
2025-12-30,88.30000305175781,88.30000305175781,87.69999694824219,87.80000305175781,53005
2025-12-31,87.80000305175781,88.0,87.5,88.0,18000
2026-01-02,88.0,88.0999984741211,87.5,88.0999984741211,27000
2026-01-05,88.30000305175781,89.80000305175781,87.69999694824219,87.80000305175781,39000
2026-01-06,87.5,88.80000305175781,87.5,87.80000305175781,42012
2026-01-07,87.5999984741211,87.9000015258789,87.5,87.5999984741211,40000
2026-01-08,87.80000305175781,90.6999969482422,87.5999984741211,89.19999694824219,173000
2026-01-09,90.0,90.8000030517578,88.5999984741211,90.0999984741211,139200
2026-01-12,90.1999969482422,90.1999969482422,88.0999984741211,88.0999984741211,19018
2026-01-13,88.0999984741211,88.5,88.0999984741211,88.30000305175781,4000
2026-01-14,88.5999984741211,90.3000030517578,88.5999984741211,89.19999694824219,20012
2026-01-15,90.0,90.0,88.5,89.0999984741211,17648
2026-01-16,91.0,92.6999969482422,88.4000015258789,89.9000015258789,35015
2026-01-19,90.0,90.0,88.9000015258789,89.19999694824219,9001
2026-01-20,88.0,90.8000030517578,85.0,87.5999984741211,161001
2026-01-21,87.5999984741211,88.0,87.0,87.9000015258789,16000
2026-01-22,87.0999984741211,88.5,86.69999694824219,88.5,33169
2026-01-23,87.0,88.30000305175781,86.9000015258789,88.30000305175781,7226
2026-01-26,87.5,87.5,87.0,87.0,17000
2026-01-27,87.30000305175781,87.30000305175781,86.69999694824219,87.19999694824219,18150
2026-01-28,87.19999694824219,87.5,87.0,87.5,38000
2026-01-29,87.5,87.5,87.19999694824219,87.19999694824219,5000
2026-01-30,86.5,86.9000015258789,86.5,86.9000015258789,10000
2026-02-02,87.0999984741211,87.19999694824219,86.69999694824219,87.19999694824219,36166
2026-02-03,87.5999984741211,89.80000305175781,87.5999984741211,87.5999984741211,3000
2026-02-04,88.4000015258789,89.0999984741211,88.4000015258789,89.0999984741211,18002
2026-02-05,89.5,90.0999984741211,89.5,89.5999984741211,43000
2026-02-06,89.5999984741211,90.8000030517578,89.5999984741211,90.0,14001
2026-02-09,90.0999984741211,91.6999969482422,90.0999984741211,91.1999969482422,72007
2026-02-10,91.1999969482422,91.1999969482422,90.5999984741211,90.5999984741211,4000
2026-02-11,90.5999984741211,91.3000030517578,90.1999969482422,90.4000015258789,97008
2026-02-23,90.4000015258789,91.5999984741211,90.1999969482422,90.5999984741211,30000
2026-02-24,91.0,91.8000030517578,90.0999984741211,90.0999984741211,16000
2026-02-25,89.9000015258789,90.4000015258789,89.5,90.4000015258789,15290
2026-02-26,90.6999969482422,92.8000030517578,90.4000015258789,91.0,251325
2026-03-02,85.80000305175781,90.4000015258789,85.80000305175781,88.9000015258789,36000
2026-03-03,89.0,91.1999969482422,89.0,90.5,42000
2026-03-04,89.0,91.0,88.9000015258789,89.5,24001
2026-03-05,92.5,92.5,89.0,89.0,27001
2026-03-06,90.6999969482422,90.8000030517578,89.0999984741211,90.1999969482422,8000
2026-03-09,90.1999969482422,91.5999984741211,89.80000305175781,90.3000030517578,93001
2026-03-10,90.4000015258789,92.0999984741211,90.3000030517578,91.0999984741211,95075
2026-03-11,92.4000015258789,92.4000015258789,90.8000030517578,91.9000015258789,71000
2026-03-12,91.3000030517578,91.8000030517578,91.3000030517578,91.5999984741211,25916
2026-03-13,91.8000030517578,91.9000015258789,91.3000030517578,91.3000030517578,101000
2026-03-16,91.8000030517578,92.1999969482422,91.5,92.0,189010
2026-03-17,91.8000030517578,93.5,91.8000030517578,93.5,90300
2026-03-18,93.9000015258789,96.0,93.5,95.9000015258789,180000
2026-03-19,97.9000015258789,99.0999984741211,96.3000030517578,96.6999969482422,267129
2026-03-20,95.5,97.3000030517578,95.5,96.1999969482422,145000
2026-03-23,94.1999969482422,98.4000015258789,94.1999969482422,96.5999984741211,26032
2026-03-24,95.0,96.8000030517578,94.8000030517578,96.6999969482422,14001
2026-03-25,97.1999969482422,97.1999969482422,96.8000030517578,97.0,10000
2026-03-26,95.5,96.0,95.5,95.8000030517578,10000
2026-03-27,97.1999969482422,97.1999969482422,95.3000030517578,96.8000030517578,58000
2026-03-30,95.0999984741211,95.8000030517578,95.0999984741211,95.6999969482422,15002
2026-03-31,96.5,96.5,95.0,95.0,9000
2026-04-01,96.5,97.0,94.5999984741211,95.6999969482422,22589
2026-04-02,95.6999969482422,96.5,94.3000030517578,95.9000015258789,19000
2026-04-07,95.0,95.0999984741211,95.0,95.0999984741211,4115
2026-04-08,95.1999969482422,96.9000015258789,95.0999984741211,96.0,17134
2026-04-09,96.0999984741211,96.9000015258789,96.0,96.4000015258789,19000
2026-04-10,96.4000015258789,96.4000015258789,95.0,95.0,14006
2026-04-13,95.0,96.0,95.0,95.0999984741211,34002
2026-04-14,94.1999969482422,95.4000015258789,93.3000030517578,95.4000015258789,48005
2026-04-15,95.5,96.4000015258789,94.9000015258789,95.4000015258789,27000
2026-04-16,96.0,96.0,94.5999984741211,94.9000015258789,12000
2026-04-17,95.5,95.5,95.0,95.4000015258789,7002
2026-04-20,92.3000030517578,95.6999969482422,92.3000030517578,94.5999984741211,41259
2026-04-21,94.5,98.0,94.5,96.4000015258789,83011
2026-04-22,95.0999984741211,95.1999969482422,93.5,95.0,53020
2026-04-23,94.1999969482422,95.1999969482422,92.6999969482422,95.0,59000
2026-04-24,93.6999969482422,94.4000015258789,93.5999984741211,94.4000015258789,3577
2026-04-27,94.0,94.3000030517578,93.3000030517578,93.3000030517578,6000
2026-04-28,93.5,93.5,91.3000030517578,91.3000030517578,10109
2026-04-29,89.5999984741211,91.3000030517578,89.0999984741211,89.69999694824219,13131
2026-04-30,89.9000015258789,90.6999969482422,89.30000305175781,89.30000305175781,29002
2026-05-04,90.4000015258789,90.4000015258789,89.0,89.0999984741211,11000
2026-05-05,89.0,90.0,89.0,90.0,9000
2026-05-06,90.6999969482422,90.9000015258789,89.5999984741211,90.5,9324
2026-05-07,91.0,91.4000015258789,90.5,91.3000030517578,35217
2026-05-08,91.3000030517578,91.3000030517578,89.9000015258789,91.1999969482422,17002
2026-05-11,90.0,90.9000015258789,89.4000015258789,90.9000015258789,12002
2026-05-12,89.0999984741211,90.8000030517578,88.80000305175781,89.19999694824219,21000
2026-05-13,90.4000015258789,90.5,89.0999984741211,89.0999984741211,10000
2026-05-14,89.19999694824219,89.19999694824219,89.19999694824219,89.19999694824219,9001
2026-05-15,89.5999984741211,89.5999984741211,89.5999984741211,89.5999984741211,4007
2026-05-18,89.69999694824219,89.69999694824219,88.5,88.5,17000
2026-05-19,88.5,88.5,88.5,88.5,5000
2026-05-20,89.5,90.0,88.80000305175781,88.80000305175781,12000
2026-05-21,88.80000305175781,88.80000305175781,88.80000305175781,88.80000305175781,0
2026-05-22,88.9000015258789,89.5,88.9000015258789,89.5,5290
2026-05-25,89.69999694824219,90.0,89.0,89.5,18000
2026-05-26,89.5,89.9000015258789,87.5999984741211,89.9000015258789,5000
2026-05-27,89.9000015258789,90.0,89.5,89.5,9000
2026-05-28,89.9000015258789,91.0,89.0999984741211,90.5,56000
2026-05-29,89.5999984741211,91.0,89.0999984741211,90.0,42000
2026-06-01,89.80000305175781,90.9000015258789,89.80000305175781,90.0,78000
2026-06-02,90.0,90.5,90.0,90.0,11000
2026-06-03,89.0,90.4000015258789,87.0,90.0,26050
2026-06-04,90.5,91.0,90.0,91.0,70003
2026-06-05,89.9000015258789,90.5,89.9000015258789,90.0999984741211,168000
2026-06-08,89.9000015258789,89.9000015258789,89.0,89.0999984741211,7000
2026-06-09,87.80000305175781,89.0999984741211,87.80000305175781,88.5,13010
2026-06-10,88.5999984741211,89.0999984741211,88.5,88.9000015258789,133033
2026-06-11,89.5,89.5,87.0,88.0999984741211,63580
2026-06-12,90.0,90.4000015258789,89.0,90.4000015258789,16322
2026-06-15,90.1999969482422,90.5,89.4000015258789,90.0999984741211,25024
2026-06-16,91.0,91.0,88.19999694824219,90.9000015258789,47000
2026-06-17,91.5,91.5,89.80000305175781,91.0,38000
2026-06-18,91.0999984741211,91.0999984741211,89.0,91.0,94000
2026-06-22,90.0,91.0,88.5999984741211,88.5999984741211,86053
2026-06-23,89.9000015258789,89.9000015258789,89.0,89.0,18174
2026-06-24,88.5999984741211,89.5999984741211,88.5999984741211,89.4000015258789,38010
2026-06-25,89.4000015258789,90.0999984741211,88.80000305175781,90.0,41000
2026-06-26,90.5,92.5999984741211,90.0,90.5,139010
2026-06-29,84.5,89.9000015258789,82.30000305175781,89.9000015258789,76292
2026-06-30,89.5,89.80000305175781,86.30000305175781,88.80000305175781,67010
2026-07-01,88.5999984741211,88.5999984741211,86.5,87.4000015258789,35001
2026-07-02,86.9000015258789,87.5999984741211,86.9000015258789,87.5999984741211,21000
2026-07-03,87.4000015258789,87.5999984741211,86.4000015258789,87.5999984741211,33340
2026-07-06,87.80000305175781,88.4000015258789,87.69999694824219,87.9000015258789,36000
2026-07-07,87.9000015258789,88.19999694824219,87.5,88.0,38000
2026-07-08,87.80000305175781,88.5,87.5999984741211,87.5999984741211,145005
2026-07-09,87.0,88.5,87.0,88.5,30000
2026-07-10,88.5,88.5,88.5,88.5,0
2026-07-13,86.80000305175781,87.80000305175781,86.0,86.80000305175781,41000
2026-07-14,88.0999984741211,88.0999984741211,86.0,86.9000015258789,37000
2026-07-15,87.5,90.8000030517578,87.5,90.5,44456
2026-07-16,90.5,90.5,87.9000015258789,89.5999984741211,125000
2026-07-17,88.0999984741211,90.0,88.0999984741211,88.69999694824219,192000
2026-07-20,87.80000305175781,89.69999694824219,87.5999984741211,89.0,74001
2026-07-21,87.5,89.5,87.5,88.4000015258789,44000
2026-07-22,87.0,89.0,87.0,88.4000015258789,24000
2026-07-23,87.5999984741211,89.30000305175781,87.5999984741211,89.0,59000
2026-07-24,87.80000305175781,90.0,87.80000305175781,89.5,101000
2026-07-27,89.4000015258789,89.4000015258789,89.4000015258789,89.4000015258789,1000
2026-07-28,88.0,89.4000015258789,88.0,89.4000015258789,6000
2026-07-29,90.0,90.0,86.5999984741211,89.0,95000
2026-07-30,89.0,89.0,89.0,89.0,0
2026-07-31,91.0,91.0,88.5999984741211,89.5999984741211,89000
2026-08-03,88.0999984741211,88.9000015258789,88.0,88.4000015258789,15030
2026-08-04,88.19999694824219,89.80000305175781,85.0999984741211,89.5,46050
2026-08-05,88.0999984741211,89.0999984741211,88.0,88.0,16000
2026-08-06,87.69999694824219,88.5,87.69999694824219,88.5,5000
2026-08-07,87.0,88.80000305175781,86.9000015258789,88.80000305175781,29000
2026-08-10,88.5,88.9000015258789,87.80000305175781,88.9000015258789,5000
2026-08-11,87.69999694824219,89.0,87.69999694824219,89.0,12001
2026-08-12,88.9000015258789,89.5,88.9000015258789,89.5,2060
2026-08-13,88.30000305175781,89.9000015258789,88.30000305175781,89.0,54039
2026-08-14,89.0,89.69999694824219,89.0,89.0,125772
2026-08-17,89.0,89.19999694824219,89.0,89.19999694824219,2000
2026-08-18,89.0,89.0999984741211,88.5,88.5,10379
2026-08-19,88.5,88.5,87.4000015258789,87.4000015258789,29000
2026-08-20,88.0,89.0,87.5,87.5,99000
2026-08-21,87.5,87.5999984741211,87.5,87.5999984741211,2000
2026-08-24,87.19999694824219,88.0,87.19999694824219,87.5,41000
2026-08-25,87.5999984741211,88.80000305175781,87.30000305175781,88.80000305175781,103000
2026-08-26,88.80000305175781,88.80000305175781,88.19999694824219,88.19999694824219,4000
2026-08-27,89.5,89.80000305175781,87.30000305175781,89.5,81000
2026-08-28,89.5,89.5,89.5,89.5,0
2026-08-31,88.5,90.0,87.5,90.0,49051
2026-09-01,90.0,90.0,88.5,88.5,15193
2026-09-02,88.5,88.5999984741211,88.5,88.5999984741211,11000
2026-09-03,88.80000305175781,88.80000305175781,88.19999694824219,88.19999694824219,12000
2026-09-04,89.5,90.9000015258789,88.5,89.9000015258789,27000
2026-09-07,90.5999984741211,90.5999984741211,90.4000015258789,90.5,11000
2026-09-08,88.5999984741211,90.0,88.5999984741211,90.0,102000
2026-09-09,88.30000305175781,90.0999984741211,88.30000305175781,89.5,30000
2026-09-10,90.3000030517578,90.3000030517578,88.80000305175781,89.5,7000
2026-09-11,89.5,89.5,89.5,89.5,0
2026-09-14,89.5,89.5,89.5,89.5,0
2026-09-15,88.5999984741211,89.0999984741211,87.5,88.30000305175781,25000
2026-09-16,87.80000305175781,88.0,87.5,87.80000305175781,22000
2026-09-17,87.0999984741211,87.9000015258789,87.0999984741211,87.5,14200
2026-09-18,87.0,87.69999694824219,86.9000015258789,87.4000015258789,102001
2026-09-21,85.9000015258789,88.4000015258789,85.9000015258789,87.30000305175781,129001
2026-09-22,87.0999984741211,88.0,87.0,87.0999984741211,47008
2026-09-23,87.5,88.5,87.5,88.0999984741211,41000
2026-09-24,87.4000015258789,88.30000305175781,87.4000015258789,88.0,16002
2026-09-29,88.5,88.5999984741211,88.0999984741211,88.0999984741211,25024
2026-09-30,89.0,89.0,88.0,88.80000305175781,81000
2026-10-01,88.80000305175781,88.80000305175781,88.19999694824219,88.80000305175781,103000
2026-10-02,88.80000305175781,89.9000015258789,87.19999694824219,87.5,118000
2026-10-05,87.5,88.0,86.9000015258789,86.9000015258789,65016
2026-10-06,87.80000305175781,88.69999694824219,86.9000015258789,88.5,116000
2026-10-07,89.19999694824219,90.80000305175781,89.0,89.0,54000
