date,open,high,low,close,volume
2020-01-02,113.80431365966795,115.77495574951172,113.80431365966795,114.78963470458984,966543
2020-01-03,115.77495574951172,120.70154571533205,115.77495574951172,119.22357177734376,7233156
2020-01-06,121.19420623779295,124.642822265625,121.19420623779295,121.19420623779295,9586978
2020-01-07,123.65750122070312,124.642822265625,121.19420623779295,124.15016174316406,6308309
2020-01-08,124.642822265625,127.10611724853516,122.67218780517578,123.65750122070312,10521541
2020-01-09,127.5987777709961,128.0914306640625,122.17952728271484,122.17952728271484,5474717
2020-01-10,122.17952728271484,123.1648406982422,117.2529296875,119.71622467041016,5265348
2020-01-13,120.70154571533205,121.6868667602539,117.74559020996094,119.22357177734376,2817160
2020-01-14,122.67218780517578,123.65750122070312,119.22357177734376,120.2088851928711,3645744
2020-01-15,121.19420623779295,123.65750122070312,119.71622467041016,120.70154571533205,4097496
2020-01-16,120.2088851928711,122.17952728271484,120.2088851928711,120.70154571533205,1194258
2020-01-17,123.65750122070312,123.65750122070312,120.70154571533205,121.19420623779295,1557972
2020-01-20,121.6868667602539,121.6868667602539,119.71622467041016,120.70154571533205,1060345
2020-01-30,114.2969741821289,117.2529296875,113.31165313720705,115.28229522705078,4031729
2020-01-31,118.23825073242188,118.7309112548828,113.80431365966795,118.23825073242188,2504539
2020-02-03,114.2969741821289,117.74559020996094,113.80431365966795,114.2969741821289,2326015
2020-02-04,111.3410186767578,121.19420623779295,110.84835815429688,121.19420623779295,4588893
2020-02-05,125.13548278808594,126.12079620361328,120.70154571533205,121.19420623779295,5250769
2020-02-06,121.19420623779295,121.6868667602539,118.7309112548828,120.2088851928711,2146978
2020-02-07,119.22357177734376,119.22357177734376,115.28229522705078,115.28229522705078,3314723
2020-02-10,112.8189926147461,115.28229522705078,110.84835815429688,115.28229522705078,1606953
2020-02-11,115.77495574951172,116.76026916503906,115.28229522705078,116.26760864257812,825477
2020-02-12,116.26760864257812,116.26760864257812,114.2969741821289,116.26760864257812,2004570
2020-02-13,116.26760864257812,116.76026916503906,114.2969741821289,114.2969741821289,1177494
2020-02-14,115.77495574951172,118.23825073242188,115.77495574951172,118.23825073242188,2220890
2020-02-17,117.74559020996094,117.74559020996094,115.77495574951172,116.26760864257812,867141
2020-02-18,116.26760864257812,117.2529296875,115.28229522705078,115.28229522705078,696235
2020-02-19,117.2529296875,122.17952728271484,117.2529296875,121.6868667602539,4424960
2020-02-20,123.1648406982422,124.642822265625,120.70154571533205,123.1648406982422,4285800
2020-02-21,123.1648406982422,123.1648406982422,120.2088851928711,122.17952728271484,1536842
2020-02-24,120.2088851928711,120.2088851928711,117.74559020996094,118.7309112548828,2057219
2020-02-25,117.2529296875,119.71622467041016,116.26760864257812,119.71622467041016,1397618
2020-02-26,117.2529296875,120.2088851928711,117.2529296875,118.23825073242188,1378441
2020-02-27,119.71622467041016,119.71622467041016,113.31165313720705,113.80431365966795,2755659
2020-03-02,112.32633972167967,114.78963470458984,111.3410186767578,113.31165313720705,1783684
2020-03-03,116.26760864257812,117.2529296875,114.2969741821289,114.2969741821289,1109495
2020-03-04,114.2969741821289,114.2969741821289,108.87772369384766,110.35569763183594,3374538
2020-03-05,111.3410186767578,112.32633972167967,110.35569763183594,111.83367919921876,1112861
2020-03-06,110.35569763183594,110.35569763183594,107.39974212646484,108.38506317138672,2231446
2020-03-09,105.42910766601562,105.42910766601562,101.9804916381836,102.96581268310548,3729479
2020-03-10,100.00984954833984,101.9804916381836,98.53187561035156,101.9804916381836,3101871
2020-03-11,104.44378662109376,105.42910766601562,100.00984954833984,100.00984954833984,1443173
2020-03-12,98.53187561035156,99.51719665527344,93.90087890625,94.88619232177734,3676996
2020-03-13,88.18602752685547,91.6346435546875,87.00364685058594,91.6346435546875,5506215
2020-03-16,91.83170318603516,91.83170318603516,88.6786880493164,89.2698745727539,2278196
2020-03-17,84.2447509765625,88.7772216796875,84.2447509765625,86.80657958984375,2111819
2020-03-18,87.00364685058594,88.38309478759766,86.31391906738281,87.59483337402344,1593350
2020-03-19,85.62419891357422,86.31391906738281,78.92403411865234,78.92403411865234,3747929
2020-03-20,80.40200805664062,82.76677703857422,79.61375427246094,79.81082153320312,4377323
2020-03-23,74.88422393798828,75.17981719970703,71.8297348022461,71.8297348022461,4551349
2020-03-24,72.61798858642578,73.40624237060547,64.93250274658203,67.78993225097656,9448529
2020-03-25,71.73120880126953,72.42092895507812,68.67671966552734,70.15469360351562,7361378
2020-03-26,71.92826843261719,75.86954498291016,70.54882049560547,74.39156341552734,10891487
2020-03-27,79.61375427246094,80.99320220947266,77.15045928955078,78.13577270507812,10945356
2020-03-30,76.8548583984375,77.84017944335938,74.88422393798828,76.75633239746094,4355458
2020-03-31,77.64311981201172,77.84017944335938,74.88422393798828,74.98275756835938,3001584
2020-04-01,75.27835083007812,75.96807861328125,74.49009704589844,75.37688446044922,1931951
2020-04-06,75.96807861328125,76.3622055053711,73.70184326171875,74.29302978515625,2402367
2020-04-07,75.5739517211914,77.24899291992188,75.08129119873047,76.8548583984375,4418552
2020-04-08,77.64311981201172,81.97852325439453,77.34751892089844,81.78145599365234,5297969
2020-04-09,83.06237030029297,83.94915771484375,80.20494842529297,80.20494842529297,4145039
2020-04-10,80.40200805664062,81.3873291015625,79.31816101074219,80.69760131835938,1571555
2020-04-13,80.69760131835938,80.69760131835938,78.62843322753906,78.62843322753906,1670628
2020-04-14,79.71228790283203,83.25943756103516,79.71228790283203,82.66824340820312,3488390
2020-04-15,83.85062408447266,88.18602752685547,83.35796356201172,87.69336700439453,7808428
2020-04-16,86.21539306640625,86.6095199584961,84.3432846069336,85.23007202148438,4815617
2020-04-17,87.29924011230469,87.39777374267578,83.94915771484375,85.42713165283203,4405277
2020-04-20,85.42713165283203,85.42713165283203,84.2447509765625,84.54034423828125,1947329
2020-04-21,83.94915771484375,85.23007202148438,80.00788116455078,81.09173583984375,3202433
2020-04-22,80.20494842529297,81.3873291015625,79.12109375,81.2887954711914,1436813
2020-04-23,83.25943756103516,85.72273254394531,83.25943756103516,83.75209045410156,2709435
2020-04-24,83.5550308227539,83.5550308227539,82.37265014648438,82.47117614746094,867346
2020-04-27,83.75209045410156,84.54034423828125,83.06237030029297,83.94915771484375,1314119
2020-04-28,85.62419891357422,86.90511322021484,85.13153839111328,85.52566528320312,2674671
2020-04-29,85.52566528320312,86.510986328125,85.32860565185547,85.52566528320312,1648270
2020-04-30,88.18602752685547,93.99940490722656,88.18602752685547,93.99940490722656,8648681
2020-05-04,90.55079650878906,91.43757629394533,88.6786880493164,91.04344940185548,4004673
2020-05-05,93.8023452758789,94.98472595214844,91.14198303222656,91.43757629394533,3862652
2020-05-06,92.02877044677734,95.2803192138672,91.14198303222656,93.60527801513672,3361836
2020-05-07,95.57592010498048,96.6597671508789,94.68913269042967,95.97004699707033,3208888
2020-05-08,96.5612335205078,97.05389404296876,94.4920654296875,94.78766632080078,2068620
2020-05-11,95.97004699707033,95.97004699707033,93.11261749267578,93.8023452758789,2836493
2020-05-12,93.7038116455078,97.84214782714844,93.01409149169922,95.77297973632812,5567269
2020-05-13,95.37885284423828,96.46270751953124,93.7038116455078,95.57592010498048,2069140
2020-05-14,94.78766632080078,95.47738647460938,92.3243637084961,92.52143096923828,1866999
2020-05-15,94.09793853759766,94.29500579833984,90.45226287841795,90.74785614013672,1955426
2020-05-18,90.45226287841795,92.61996459960938,90.45226287841795,90.64932250976562,1584131
2020-05-19,92.61996459960938,94.39353942871094,91.14198303222656,94.09793853759766,1787695
2020-05-20,93.99940490722656,97.4480209350586,92.71849060058594,97.05389404296876,3725085
2020-05-21,97.94068145751952,98.2362823486328,96.0685806274414,97.4480209350586,2830129
2020-05-22,97.05389404296876,97.34949493408205,94.19647216796876,94.19647216796876,1540236
2020-05-25,93.99940490722656,93.99940490722656,92.61996459960938,93.60527801513672,1213933
2020-05-26,94.19647216796876,96.36417388916016,93.60527801513672,94.39353942871094,1215642
2020-05-27,94.78766632080078,94.98472595214844,93.30968475341795,93.60527801513672,1491100
2020-05-28,94.19647216796876,95.77297973632812,92.61996459960938,93.30968475341795,1690156
2020-05-29,93.50675201416016,93.50675201416016,91.24051666259766,91.33905029296876,2857718
2020-06-01,91.33905029296876,93.30968475341795,91.33905029296876,92.91555786132812,1499286
2020-06-02,94.09793853759766,94.68913269042967,92.61996459960938,93.01409149169922,1395059
2020-06-03,94.09793853759766,97.25096130371094,93.7038116455078,96.5612335205078,3396388
2020-06-04,98.03921508789062,100.00984954833984,97.05389404296876,98.53187561035156,4585159
2020-06-05,98.53187561035156,99.0245361328125,97.34949493408205,97.94068145751952,1633405
2020-06-08,98.53187561035156,99.0245361328125,95.77297973632812,95.77297973632812,2460857
2020-06-09,98.2362823486328,104.93644714355467,98.13774871826172,100.99517059326172,11022160
2020-06-10,102.96581268310548,103.45846557617188,99.51719665527344,100.00984954833984,5034964
2020-06-11,102.96581268310548,106.9070816040039,101.48783111572266,101.9804916381836,9219088
2020-06-12,100.00984954833984,108.87772369384766,98.53187561035156,108.38506317138672,8781086
2020-06-15,110.35569763183594,111.83367919921876,103.45846557617188,104.44378662109376,8428959
2020-06-16,107.89240264892578,108.38506317138672,104.44378662109376,105.42910766601562,4228174
2020-06-17,106.4144287109375,106.9070816040039,104.44378662109376,105.92176818847656,1726989
2020-06-18,106.4144287109375,109.863037109375,105.42910766601562,105.92176818847656,3174021
2020-06-19,107.89240264892578,108.38506317138672,104.44378662109376,104.44378662109376,1976910
2020-06-22,104.44378662109376,106.4144287109375,102.47315216064452,104.44378662109376,1787985
2020-06-23,105.92176818847656,105.92176818847656,102.96581268310548,103.45846557617188,897691
2020-06-24,103.9511260986328,104.93644714355467,102.96581268310548,104.44378662109376,1345080
2020-06-29,100.99517059326172,101.9804916381836,98.53187561035156,98.53187561035156,2568682
2020-06-30,100.00984954833984,100.99517059326172,98.53187561035156,99.51719665527344,1537504
2020-07-01,100.99517059326172,101.9804916381836,100.50251007080078,100.99517059326172,1067290
2020-07-02,101.48783111572266,104.44378662109376,100.99517059326172,102.96581268310548,2549687
2020-07-03,104.44378662109376,106.4144287109375,102.96581268310548,103.45846557617188,2714861
2020-07-06,105.42910766601562,106.4144287109375,103.9511260986328,103.9511260986328,2356973
2020-07-07,106.4144287109375,109.863037109375,104.93644714355467,105.42910766601562,5913579
2020-07-08,106.4144287109375,106.9070816040039,103.9511260986328,103.9511260986328,2464463
2020-07-09,105.42910766601562,106.4144287109375,101.48783111572266,101.48783111572266,2239402
2020-07-10,102.47315216064452,102.47315216064452,98.53187561035156,98.53187561035156,2409756
2020-07-13,100.00984954833984,102.47315216064452,99.51719665527344,101.48783111572266,1824002
2020-07-14,100.50251007080078,101.48783111572266,98.53187561035156,98.53187561035156,2063791
2020-07-15,100.50251007080078,101.48783111572266,98.53187561035156,99.51719665527344,1436622
2020-07-16,100.00984954833984,100.99517059326172,99.0245361328125,100.99517059326172,1286876
2020-07-17,101.48783111572266,101.48783111572266,99.0245361328125,99.51719665527344,952928
2020-07-20,100.00984954833984,100.00984954833984,97.54655456542967,99.0245361328125,1166993
2020-07-21,100.99517059326172,102.47315216064452,99.51719665527344,101.9804916381836,1977150
2020-07-22,101.9804916381836,102.47315216064452,100.00984954833984,100.50251007080078,1095411
2020-07-23,101.9804916381836,103.9511260986328,100.50251007080078,100.50251007080078,1792985
2020-07-24,100.00984954833984,101.48783111572266,99.0245361328125,99.0245361328125,1053287
2020-07-27,99.51719665527344,100.00984954833984,95.47738647460938,95.47738647460938,2806796
2020-07-28,96.16710662841795,96.5612335205078,93.8023452758789,93.8023452758789,2305015
2020-07-29,93.60527801513672,95.08325958251952,93.30968475341795,93.90087890625,1609755
2020-07-30,94.5905990600586,95.47738647460938,93.99940490722656,94.68913269042967,752957
2020-07-31,94.68913269042967,94.68913269042967,91.6346435546875,93.99940490722656,3205368
2020-08-03,93.99940490722656,93.99940490722656,91.93023681640624,92.3243637084961,1142402
2020-08-04,93.01409149169922,96.9553680419922,92.81702423095705,95.2803192138672,2189173
2020-08-05,95.67445373535156,96.16710662841795,94.4920654296875,95.97004699707033,1367943
2020-08-06,96.5612335205078,97.94068145751952,96.0685806274414,96.8568344116211,1586988
2020-08-07,96.8568344116211,96.9553680419922,96.0685806274414,96.46270751953124,711777
2020-08-10,96.0685806274414,96.0685806274414,93.90087890625,94.4920654296875,1314279
2020-08-11,94.68913269042967,96.36417388916016,93.8023452758789,96.36417388916016,976409
2020-08-12,96.36417388916016,96.9553680419922,95.37885284423828,95.77297973632812,619360
2020-08-13,96.6597671508789,97.34949493408205,95.18179321289062,95.18179321289062,933957
2020-08-14,94.5905990600586,100.00984954833984,94.5905990600586,98.43334197998048,3146232
2020-08-17,99.0245361328125,99.51719665527344,96.75830078125,97.84214782714844,1791699
2020-08-18,99.51719665527344,100.50251007080078,98.03921508789062,98.03921508789062,1693462
2020-08-19,98.13774871826172,99.51719665527344,98.03921508789062,98.43334197998048,1020960
2020-08-20,98.03921508789062,98.33480834960938,90.64932250976562,92.81702423095705,2140090
2020-08-21,94.5905990600586,98.33480834960938,94.39353942871094,97.25096130371094,1659964
2020-08-24,97.15242767333984,97.4480209350586,95.77297973632812,96.9553680419922,782791
2020-08-25,96.9553680419922,98.33480834960938,96.5612335205078,96.5612335205078,730126
2020-08-26,97.05389404296876,100.99517059326172,96.5612335205078,100.50251007080078,2936511
2020-08-27,101.48783111572266,102.47315216064452,99.0245361328125,100.99517059326172,2690869
2020-08-28,100.50251007080078,107.39974212646484,100.50251007080078,102.96581268310548,7324936
2020-08-31,102.96581268310548,104.44378662109376,101.48783111572266,102.96581268310548,2409864
2020-09-01,103.45846557617188,106.4144287109375,102.47315216064452,105.42910766601562,4639970
2020-09-02,106.4144287109375,107.39974212646484,102.47315216064452,103.45846557617188,3710404
2020-09-03,103.45846557617188,104.93644714355467,101.9804916381836,103.9511260986328,2325474
2020-09-04,100.99517059326172,101.9804916381836,99.0245361328125,101.48783111572266,2537069
2020-09-07,101.48783111572266,102.47315216064452,99.51719665527344,100.00984954833984,1101261
2020-09-08,100.50251007080078,100.99517059326172,99.0245361328125,100.00984954833984,696282
2020-09-09,97.94068145751952,99.51719665527344,96.75830078125,98.53187561035156,1161101
2020-09-10,99.51719665527344,100.00984954833984,96.16710662841795,96.26564025878906,2727910
2020-09-11,96.0685806274414,98.03921508789062,95.77297973632812,97.34949493408205,1322579
2020-09-14,97.54655456542967,98.33480834960938,97.4480209350586,97.84214782714844,444750
2020-09-15,98.53187561035156,100.50251007080078,98.13774871826172,98.43334197998048,1393158
2020-09-16,99.0245361328125,100.00984954833984,98.53187561035156,98.53187561035156,975859
2020-09-17,98.53187561035156,99.51719665527344,98.33480834960938,98.33480834960938,613572
2020-09-18,98.53187561035156,99.51719665527344,98.43334197998048,99.0245361328125,487804
2020-09-21,100.99517059326172,101.9804916381836,99.0245361328125,99.51719665527344,1665091
2020-09-22,99.51719665527344,99.51719665527344,97.54655456542967,99.0245361328125,960072
2020-09-23,98.53187561035156,99.51719665527344,97.64508819580078,97.64508819580078,676181
2020-09-24,96.6597671508789,96.6597671508789,91.6346435546875,91.83170318603516,4009680
2020-09-25,92.12730407714844,93.11261749267578,87.69336700439453,88.38309478759766,3856942
2020-09-28,89.17134857177734,90.25519561767578,88.6786880493164,89.66400909423828,1926294
2020-09-29,90.45226287841795,93.11261749267578,90.15666198730467,92.22583770751952,1311113
2020-09-30,92.22583770751952,93.99940490722656,90.9449234008789,93.30968475341795,1149063
2020-10-05,93.30968475341795,94.78766632080078,93.30968475341795,94.4920654296875,580799
2020-10-06,95.37885284423828,95.97004699707033,95.08325958251952,95.67445373535156,559051
2020-10-07,95.67445373535156,95.67445373535156,94.78766632080078,94.98472595214844,390772
2020-10-08,95.57592010498048,95.87151336669922,94.68913269042967,94.98472595214844,629670
2020-10-12,94.98472595214844,94.98472595214844,93.21115112304688,94.29500579833984,925924
2020-10-13,94.09793853759766,94.09793853759766,90.64932250976562,91.6346435546875,2216439
2020-10-14,91.6346435546875,93.11261749267578,91.24051666259766,91.5361099243164,1628312
2020-10-15,91.6346435546875,92.12730407714844,91.04344940185548,91.6346435546875,1267476
2020-10-16,91.93023681640624,93.90087890625,91.6346435546875,92.71849060058594,1836468
2020-10-19,92.71849060058594,93.21115112304688,91.14198303222656,91.24051666259766,1626967
2020-10-20,91.6346435546875,91.6346435546875,90.25519561767578,90.64932250976562,936619
2020-10-21,90.74785614013672,91.14198303222656,89.95960235595703,90.25519561767578,1175678
2020-10-22,90.9449234008789,91.43757629394533,89.07281494140625,89.17134857177734,1896101
2020-10-23,90.45226287841795,91.6346435546875,88.58015441894531,91.33905029296876,2559255
2020-10-26,91.6346435546875,91.83170318603516,89.66400909423828,89.76253509521484,1494838
2020-10-27,88.6786880493164,89.17134857177734,88.58015441894531,88.7772216796875,2082394
2020-10-28,89.17134857177734,89.4669418334961,87.79190063476562,87.89043426513672,1516216
2020-10-29,87.69336700439453,87.69336700439453,86.510986328125,87.2007064819336,1256112
2020-10-30,87.49630737304688,88.28456115722656,86.70805358886719,86.70805358886719,1931737
2020-11-02,86.21539306640625,86.510986328125,84.83594512939453,85.72273254394531,1567405
2020-11-03,86.70805358886719,88.28456115722656,86.70805358886719,87.59483337402344,690202
2020-11-04,88.6786880493164,89.95960235595703,87.89043426513672,89.4669418334961,1164412
2020-11-05,89.86106872558594,90.05813598632812,88.87574768066406,89.07281494140625,520389
2020-11-06,90.45226287841795,90.45226287841795,89.66400909423828,90.15666198730467,883131
2020-11-09,91.43757629394533,93.99940490722656,90.8463897705078,91.04344940185548,3071445
2020-11-10,91.33905029296876,93.90087890625,91.24051666259766,92.22583770751952,2609281
2020-11-11,92.22583770751952,93.60527801513672,92.22583770751952,93.30968475341795,1354562
2020-11-12,94.09793853759766,94.09793853759766,92.91555786132812,93.21115112304688,1146909
2020-11-13,94.09793853759766,96.16710662841795,93.99940490722656,94.09793853759766,4387094
2020-11-16,95.18179321289062,95.18179321289062,93.11261749267578,94.09793853759766,1623589
2020-11-17,95.2803192138672,95.2803192138672,93.90087890625,94.29500579833984,1054003
2020-11-18,94.68913269042967,95.77297973632812,94.4920654296875,94.68913269042967,1286852
2020-11-19,95.47738647460938,95.97004699707033,94.19647216796876,94.5905990600586,1068130
2020-11-20,94.88619232177734,95.47738647460938,94.5905990600586,95.08325958251952,703440
2020-11-23,95.57592010498048,95.97004699707033,94.78766632080078,95.08325958251952,834325
2020-11-24,95.57592010498048,96.9553680419922,95.18179321289062,95.87151336669922,2236415
2020-11-25,97.15242767333984,101.9804916381836,97.05389404296876,97.74362182617188,5903136
2020-11-26,98.53187561035156,99.0245361328125,96.26564025878906,98.43334197998048,3062691
2020-11-27,98.53187561035156,98.53187561035156,96.9553680419922,97.15242767333984,1484282
2020-11-30,97.84214782714844,98.03921508789062,96.0685806274414,96.75830078125,1221603
2020-12-01,97.15242767333984,97.54655456542967,95.37885284423828,95.47738647460938,1204681
2020-12-02,95.57592010498048,98.33480834960938,95.47738647460938,96.16710662841795,2488103
2020-12-03,97.54655456542967,100.50251007080078,96.36417388916016,100.00984954833984,5552568
2020-12-04,101.9804916381836,109.3703842163086,101.9804916381836,107.89240264892578,17955088
2020-12-07,109.863037109375,110.84835815429688,105.92176818847656,108.87772369384766,9540552
2020-12-08,108.87772369384766,109.3703842163086,105.92176818847656,106.4144287109375,3439498
2020-12-09,107.89240264892578,110.35569763183594,106.4144287109375,107.39974212646484,5277171
2020-12-10,107.39974212646484,108.87772369384766,105.92176818847656,106.9070816040039,2966049
2020-12-11,111.83367919921876,115.77495574951172,109.3703842163086,112.8189926147461,13721344
2020-12-14,114.5,114.5,111.5,112.5,2720745
2020-12-15,113.5,115.0,104.0,105.0,7151081
2020-12-16,107.5,109.5,106.5,108.5,3753279
2020-12-17,108.0,109.5,104.5,108.5,4007752
2020-12-18,109.0,109.5,106.0,108.5,4593608
2020-12-21,107.5,109.5,103.0,104.5,6239216
2020-12-22,103.5,105.5,103.0,103.5,2214085
2020-12-23,103.0,104.5,101.5,103.0,1574282
2020-12-24,103.5,108.0,103.5,104.5,3094293
2020-12-25,105.0,106.0,103.0,103.5,1838461
2020-12-28,105.0,107.0,104.5,107.0,2310136
2020-12-29,108.0,108.0,103.5,104.0,3111451
2020-12-30,104.5,105.0,103.5,104.5,992658
2020-12-31,105.0,105.5,104.5,104.5,1005445
2021-01-04,106.5,114.5,106.0,114.5,6944815
2021-01-05,118.0,125.0,118.0,120.5,24290111
2021-01-06,123.5,126.0,116.0,118.5,16174915
2021-01-07,122.5,123.0,119.0,120.5,6776267
2021-01-08,124.0,125.5,119.0,121.0,9726165
2021-01-11,121.5,123.0,119.0,120.0,4270343
2021-01-12,121.5,123.0,118.5,119.0,5890948
2021-01-13,121.0,122.5,120.0,120.5,3684950
2021-01-14,122.5,126.0,122.0,125.0,11972992
2021-01-15,126.0,127.5,120.0,120.5,6837935
2021-01-18,120.0,121.0,115.5,119.5,3318786
2021-01-19,121.0,122.0,118.5,118.5,2865062
2021-01-20,120.0,120.5,115.0,115.0,4249158
2021-01-21,117.0,121.5,116.5,119.0,3725404
2021-01-22,119.0,119.5,117.0,119.0,2435790
2021-01-25,119.0,119.0,115.5,117.5,2466534
2021-01-26,118.0,122.5,117.5,119.0,5593994
2021-01-27,120.5,130.0,120.0,125.0,19096717
2021-01-28,121.0,123.5,119.0,119.5,7946717
2021-01-29,120.5,122.5,115.0,115.0,5288537
2021-02-01,116.0,117.0,111.0,113.5,2905497
2021-02-02,115.5,118.0,115.0,116.0,1929098
2021-02-03,119.0,123.5,118.0,118.5,6399712
2021-02-04,116.5,122.5,116.0,120.0,5608477
2021-02-05,121.5,123.5,118.0,119.0,4882987
2021-02-17,121.5,121.5,118.5,120.0,3227336
2021-02-18,119.0,120.5,118.0,118.5,2638604
2021-02-19,118.0,118.0,115.0,116.0,3335149
2021-02-22,116.0,117.5,114.5,117.5,4555404
2021-02-23,116.0,117.0,115.0,115.5,2163516
2021-02-24,116.0,116.5,115.0,115.0,1811724
2021-02-25,116.5,116.5,114.5,115.0,1812551
2021-02-26,113.0,116.0,112.5,116.0,2382369
2021-03-02,117.0,117.5,113.0,113.0,2746153
2021-03-03,113.0,114.5,111.5,114.5,1917062
2021-03-04,114.5,114.5,112.0,113.5,1316979
2021-03-05,112.0,113.5,111.5,113.0,1172274
2021-03-08,113.5,113.5,109.0,109.0,2965129
2021-03-09,108.5,109.5,104.5,107.5,3319939
2021-03-10,110.0,113.0,107.0,107.5,2930037
2021-03-11,108.5,109.0,107.0,108.0,2043870
2021-03-12,109.0,109.5,108.0,109.5,827628
2021-03-15,110.5,110.5,108.0,109.0,793355
2021-03-16,110.0,110.5,108.5,110.0,732868
2021-03-17,110.0,111.0,109.0,109.5,783267
2021-03-18,109.5,109.5,107.5,108.5,2218041
2021-03-19,107.5,108.0,106.5,107.0,1416490
2021-03-22,108.0,112.5,106.5,112.5,4661951
2021-03-23,113.5,114.0,112.0,114.0,3498179
2021-03-24,114.0,116.0,113.5,114.0,3329145
2021-03-25,115.0,116.5,110.5,110.5,3985796
2021-03-26,111.5,114.0,110.5,112.5,2124745
2021-03-29,113.5,115.0,112.0,114.5,2358125
2021-03-30,116.5,117.0,114.5,115.0,2782758
2021-03-31,115.5,116.0,114.0,116.0,1238698
2021-04-01,118.0,119.5,114.0,114.0,3312700
2021-04-07,117.0,117.0,114.5,117.0,2450949
2021-04-08,116.5,117.0,115.0,116.0,2057260
2021-04-09,117.0,118.0,115.5,117.0,2490836
2021-04-12,117.5,117.5,111.0,111.0,4378352
2021-04-13,112.0,114.0,110.0,112.5,2223402
2021-04-14,112.5,112.5,109.5,112.5,2679230
2021-04-15,112.0,113.5,111.0,111.5,1357906
2021-04-16,111.5,112.0,110.5,110.5,1047212
2021-04-19,110.5,110.5,108.0,109.0,3078244
2021-04-20,109.0,110.5,107.5,110.5,2271482
2021-04-21,110.0,110.0,107.0,108.5,3039746
2021-04-22,108.0,108.0,104.5,105.0,4369904
2021-04-23,104.0,106.5,102.5,104.0,2960559
2021-04-26,105.0,105.0,102.5,104.0,1729522
2021-04-27,104.5,105.0,103.0,103.5,1734493
2021-04-28,104.0,104.0,102.0,102.5,1536939
2021-04-29,103.0,104.0,102.0,103.5,1399716
2021-05-03,104.0,104.0,99.9000015258789,100.5,2500414
2021-05-04,100.0,100.5,95.0999984741211,97.5999984741211,3696160
2021-05-05,97.4000015258789,99.5,96.3000030517578,96.5999984741211,1122783
2021-05-06,97.0,98.1999969482422,96.4000015258789,97.3000030517578,1260774
2021-05-07,98.1999969482422,101.5,98.1999969482422,100.5,1658410
2021-05-10,102.0,102.0,99.0,99.3000030517578,1311617
2021-05-11,98.0,98.0,92.0,93.3000030517578,3307215
2021-05-12,93.3000030517578,94.0,86.80000305175781,89.0,4283388
2021-05-13,85.0,89.30000305175781,83.30000305175781,88.0,3024592
2021-05-14,88.19999694824219,91.0,86.5,87.0,2326817
2021-05-17,81.30000305175781,84.5999984741211,80.19999694824219,82.80000305175781,2755020
2021-05-18,83.5,88.5,83.5,88.0999984741211,1280079
2021-05-19,88.0999984741211,88.4000015258789,85.30000305175781,87.5,1491918
2021-05-20,87.9000015258789,89.4000015258789,87.5,89.0,1035223
2021-05-21,89.69999694824219,91.6999969482422,89.5999984741211,91.5999984741211,932756
2021-05-24,91.5999984741211,92.0,89.5,91.5,649522
2021-05-25,91.6999969482422,96.5,91.6999969482422,92.5,1770235
2021-05-26,92.5,93.5,90.9000015258789,91.0999984741211,1130999
2021-05-27,91.8000030517578,93.0,90.5,92.0,832570
2021-05-28,93.0,93.9000015258789,92.5,92.5999984741211,699073
2021-05-31,94.0,96.4000015258789,93.0,93.9000015258789,1346810
2021-06-01,94.5999984741211,95.5,94.3000030517578,94.6999969482422,475354
2021-06-02,95.0,95.4000015258789,94.0,94.8000030517578,719565
2021-06-03,95.0,95.1999969482422,94.3000030517578,94.4000015258789,458094
2021-06-04,94.3000030517578,96.0,93.1999969482422,94.9000015258789,734311
2021-06-07,95.0,95.0,92.5,93.3000030517578,590752
2021-06-08,94.0999984741211,95.8000030517578,93.9000015258789,94.9000015258789,625220
2021-06-09,94.9000015258789,95.5,94.0,94.0,681142
2021-06-10,94.9000015258789,101.0,94.9000015258789,99.0999984741211,4993198
2021-06-11,100.5,102.0,97.0,98.1999969482422,3369988
2021-06-15,98.5999984741211,99.4000015258789,95.9000015258789,96.8000030517578,1754221
2021-06-16,96.5,97.5999984741211,95.9000015258789,97.0,793347
2021-06-17,96.1999969482422,97.5999984741211,95.8000030517578,97.0,673558
2021-06-18,97.0,98.9000015258789,96.5,98.9000015258789,1156288
2021-06-21,99.0999984741211,101.5,97.5,100.5,2041005
2021-06-22,101.5,103.0,100.5,100.5,2566328
2021-06-23,102.0,110.0,102.0,109.0,7243605
2021-06-24,109.0,112.5,106.0,110.0,7423013
2021-06-25,112.5,115.0,110.5,112.0,8259107
2021-06-28,112.5,114.5,110.0,114.0,4160587
2021-06-29,113.5,114.0,110.5,111.0,2910889
2021-06-30,110.5,110.5,106.5,107.5,2555511
2021-07-01,107.5,107.5,104.5,105.0,1723188
2021-07-02,105.0,107.0,105.0,107.0,1002494
2021-07-05,108.5,111.0,107.5,108.5,1745000
2021-07-06,109.0,109.0,107.0,107.5,707212
2021-07-07,108.0,112.0,107.0,110.5,2343997
2021-07-08,110.5,112.5,109.0,110.5,2240442
2021-07-09,110.0,110.0,107.5,108.0,1627243
2021-07-12,107.0,107.5,102.5,103.5,3219141
2021-07-13,104.5,106.0,103.0,103.5,1743159
2021-07-14,103.5,104.0,100.0,101.0,1571678
2021-07-15,101.5,104.5,101.5,103.0,1039982
2021-07-16,103.5,103.5,101.0,101.5,1092892
2021-07-19,102.0,102.0,99.5,101.5,1338258
2021-07-20,100.0,101.0,99.5999984741211,100.0,1087200
2021-07-21,102.0,106.5,101.5,103.5,5680410
2021-07-22,104.5,105.0,101.5,102.0,1284146
2021-07-23,103.0,103.5,101.0,101.0,756507
2021-07-26,102.0,102.0,100.0,100.5,1155264
2021-07-27,101.0,101.5,98.0999984741211,98.5999984741211,1708442
2021-07-28,98.3000030517578,98.9000015258789,94.6999969482422,97.0999984741211,1498144
2021-07-29,97.5999984741211,99.0,97.0,97.5999984741211,950906
2021-07-30,98.8000030517578,99.0,97.0999984741211,97.3000030517578,641832
2021-08-02,99.0,99.0,96.3000030517578,98.1999969482422,733032
2021-08-03,98.1999969482422,99.4000015258789,97.5,97.6999969482422,705758
2021-08-04,97.5999984741211,97.6999969482422,97.1999969482422,97.6999969482422,379762
2021-08-05,97.8000030517578,101.0,97.8000030517578,99.5999984741211,1167492
2021-08-06,100.0,100.5,99.0,99.0,523032
2021-08-09,99.0,99.5,97.0,97.0,726250
2021-08-10,95.5999984741211,96.9000015258789,93.5,94.5,2864244
2021-08-11,94.5,96.0,93.3000030517578,94.0,839374
2021-08-12,93.5,95.0999984741211,93.3000030517578,94.6999969482422,909443
2021-08-13,95.5999984741211,97.1999969482422,94.8000030517578,95.5,1273315
2021-08-16,95.0,95.0,92.3000030517578,92.5,917679
2021-08-17,92.5,92.5,92.5,92.5,0
2021-08-18,91.5999984741211,94.8000030517578,91.0999984741211,94.5,962224
2021-08-19,94.5,94.5,92.0,93.5,797620
2021-08-20,93.5,94.5,91.1999969482422,92.1999969482422,719544
2021-08-23,93.4000015258789,95.0,92.9000015258789,95.0,568132
2021-08-24,96.0999984741211,96.0999984741211,93.6999969482422,93.8000030517578,420400
2021-08-25,94.5,97.8000030517578,94.0,96.8000030517578,850379
2021-08-26,96.8000030517578,97.0,94.5,94.5999984741211,612166
2021-08-27,94.5999984741211,95.5,94.1999969482422,95.0,335250
2021-08-30,95.0,95.4000015258789,94.5999984741211,94.9000015258789,372491
2021-08-31,95.0,96.0999984741211,93.5999984741211,95.8000030517578,510921
2021-09-01,96.3000030517578,96.8000030517578,94.8000030517578,95.9000015258789,528375
2021-09-02,96.5,96.6999969482422,95.0,96.0,480296
2021-09-03,96.5,96.6999969482422,95.5,96.5,714280
2021-09-06,96.9000015258789,98.0,96.1999969482422,96.4000015258789,886617
2021-09-07,97.0,97.0,94.5999984741211,94.9000015258789,620648
2021-09-08,95.5,95.5,92.0,92.0,1003375
2021-09-09,92.0,92.5,90.5999984741211,92.0999984741211,658518
2021-09-10,95.0,98.5999984741211,94.8000030517578,96.0999984741211,2296300
2021-09-13,96.1999969482422,96.3000030517578,95.0999984741211,95.1999969482422,476304
2021-09-14,96.0,96.9000015258789,95.1999969482422,96.5,377371
2021-09-15,96.5,97.8000030517578,95.9000015258789,97.0,633548
2021-09-16,97.4000015258789,97.4000015258789,95.4000015258789,95.8000030517578,346035
2021-09-17,96.0999984741211,97.0,96.0999984741211,96.3000030517578,505355
2021-09-22,95.0,95.0,93.0,93.1999969482422,755736
2021-09-23,94.3000030517578,94.3000030517578,93.1999969482422,93.3000030517578,277484
2021-09-24,94.0,94.5,92.4000015258789,93.0,602883
2021-09-27,94.4000015258789,94.8000030517578,93.0,93.6999969482422,594278
2021-09-28,93.5999984741211,93.5999984741211,91.6999969482422,91.8000030517578,720634
2021-09-29,91.0999984741211,91.0999984741211,88.5999984741211,89.0999984741211,1899530
2021-09-30,90.0,91.0,87.9000015258789,91.0,814468
2021-10-01,90.0,90.0,88.5,88.5,692733
2021-10-04,88.5,89.5,86.5999984741211,86.9000015258789,975256
2021-10-05,86.0,89.0999984741211,85.30000305175781,89.0999984741211,622167
2021-10-06,89.5999984741211,90.0,87.80000305175781,88.0999984741211,465299
2021-10-07,89.19999694824219,89.9000015258789,88.5,89.4000015258789,463224
2021-10-08,90.1999969482422,90.5,88.4000015258789,88.4000015258789,459400
2021-10-12,88.5,90.6999969482422,88.4000015258789,89.5,697390
2021-10-13,90.5,90.5,88.5,89.69999694824219,427217
2021-10-14,90.6999969482422,90.6999969482422,88.30000305175781,90.0,475263
2021-10-15,90.0999984741211,91.0,90.0999984741211,90.9000015258789,529380
2021-10-18,91.0,91.4000015258789,89.30000305175781,89.5999984741211,373000
2021-10-19,90.3000030517578,91.5999984741211,90.3000030517578,91.3000030517578,612802
2021-10-20,91.8000030517578,92.5,91.0999984741211,91.8000030517578,591372
2021-10-21,92.5,93.5,91.1999969482422,91.1999969482422,581563
2021-10-22,91.0,91.0,90.0,90.8000030517578,430922
2021-10-25,91.0999984741211,92.8000030517578,90.6999969482422,91.9000015258789,532140
2021-10-26,93.6999969482422,95.1999969482422,93.0999984741211,94.6999969482422,1910230
2021-10-27,95.1999969482422,95.1999969482422,93.5999984741211,94.3000030517578,704049
2021-10-28,94.3000030517578,94.5999984741211,93.9000015258789,94.3000030517578,364685
2021-10-29,94.5,94.5,93.1999969482422,93.6999969482422,270021
2021-11-01,94.5,95.5999984741211,94.0,95.3000030517578,863683
2021-11-02,96.3000030517578,98.1999969482422,95.9000015258789,96.6999969482422,1889997
2021-11-03,97.9000015258789,98.0,96.0,96.6999969482422,950323
2021-11-04,97.5,99.0999984741211,96.5,98.4000015258789,1645403
2021-11-05,98.4000015258789,99.0,97.0,97.5999984741211,669805
2021-11-08,98.5,98.5,95.5,95.6999969482422,658261
2021-11-09,96.5,96.5,95.4000015258789,95.9000015258789,576427
2021-11-10,95.9000015258789,95.9000015258789,93.0,94.3000030517578,1421789
2021-11-11,94.0999984741211,96.5,93.5999984741211,95.0,1155382
2021-11-12,96.1999969482422,96.1999969482422,93.5999984741211,93.9000015258789,810058
2021-11-15,95.0,95.5999984741211,93.0,94.0999984741211,976475
2021-11-16,94.5999984741211,94.5999984741211,93.1999969482422,93.4000015258789,549256
2021-11-17,93.5,94.5999984741211,93.5,94.5,587059
2021-11-18,94.8000030517578,94.8000030517578,93.5999984741211,94.0,573577
2021-11-19,94.5,95.4000015258789,93.5,94.0,602397
2021-11-22,95.0,95.5999984741211,94.0,94.9000015258789,983071
2021-11-23,94.4000015258789,95.0999984741211,93.0,93.3000030517578,786463
2021-11-24,92.9000015258789,93.0999984741211,91.6999969482422,92.1999969482422,1030281
2021-11-25,92.0999984741211,92.4000015258789,91.1999969482422,91.4000015258789,956073
2021-11-26,91.0,92.0999984741211,90.5999984741211,91.0,799011
2021-11-29,88.19999694824219,90.0,88.19999694824219,90.0,896452
2021-11-30,90.5,92.1999969482422,90.3000030517578,92.1999969482422,502190
2021-12-01,92.0,92.6999969482422,91.0999984741211,92.5,303724
2021-12-02,91.0,91.0999984741211,89.5999984741211,90.9000015258789,946746
2021-12-03,91.0,91.0999984741211,90.5,91.0999984741211,413031
2021-12-06,90.6999969482422,91.0999984741211,90.0,90.5,355152
2021-12-07,90.9000015258789,90.9000015258789,90.0,90.9000015258789,673323
2021-12-08,91.0,91.9000015258789,90.5999984741211,91.0999984741211,486148
2021-12-09,91.0,91.8000030517578,90.1999969482422,90.5,516976
2021-12-10,90.9000015258789,91.0,90.0,90.9000015258789,618123
2021-12-13,91.5,91.8000030517578,90.5999984741211,90.8000030517578,828200
2021-12-14,90.5999984741211,90.8000030517578,90.0999984741211,90.1999969482422,436318
2021-12-15,90.3000030517578,90.5999984741211,89.5999984741211,90.1999969482422,441200
2021-12-16,90.5999984741211,90.8000030517578,89.80000305175781,90.0999984741211,600011
2021-12-17,89.9000015258789,90.8000030517578,89.9000015258789,90.3000030517578,518435
2021-12-20,90.5999984741211,90.6999969482422,89.69999694824219,89.9000015258789,467076
2021-12-21,90.5999984741211,91.6999969482422,90.1999969482422,91.5999984741211,775194
2021-12-22,91.5999984741211,91.8000030517578,90.8000030517578,91.0,533146
2021-12-23,91.6999969482422,91.8000030517578,90.8000030517578,90.9000015258789,699073
2021-12-24,91.5,91.8000030517578,90.5,90.8000030517578,721229
2021-12-27,90.9000015258789,91.5,90.5,90.5999984741211,528421
2021-12-28,90.8000030517578,91.0,89.9000015258789,91.0,516254
2021-12-29,90.5999984741211,91.0999984741211,90.4000015258789,90.5999984741211,366182
2021-12-30,90.5999984741211,91.3000030517578,90.3000030517578,91.3000030517578,426050
2022-01-03,91.3000030517578,91.3000030517578,90.0,90.5999984741211,556053
2022-01-04,91.0999984741211,91.5999984741211,90.6999969482422,90.8000030517578,516423
2022-01-05,91.0999984741211,92.0,90.6999969482422,91.5,964721
2022-01-06,92.0999984741211,93.5,91.0,91.5,2089863
2022-01-07,91.3000030517578,91.3000030517578,89.9000015258789,90.0,748929
2022-01-10,89.5999984741211,90.0,88.5,89.4000015258789,1415408
2022-01-11,89.19999694824219,89.4000015258789,88.30000305175781,88.5,617496
2022-01-12,88.5,88.5,88.0,88.0,653066
2022-01-13,88.0,88.69999694824219,88.0,88.0999984741211,608918
2022-01-14,88.0,88.0999984741211,86.19999694824219,87.30000305175781,864549
2022-01-17,86.69999694824219,89.0,86.0999984741211,88.5,939270
2022-01-18,89.0,89.19999694824219,87.5,87.5,736350
2022-01-19,88.80000305175781,88.80000305175781,86.5,86.5999984741211,587121
2022-01-20,86.9000015258789,86.9000015258789,85.30000305175781,85.9000015258789,1100382
2022-01-21,85.19999694824219,85.4000015258789,83.5999984741211,83.80000305175781,1725372
2022-01-24,82.80000305175781,83.30000305175781,81.30000305175781,83.19999694824219,1631135
2022-01-25,83.5,83.5,81.5999984741211,81.80000305175781,1166917
2022-01-26,81.80000305175781,82.4000015258789,81.5,82.4000015258789,515000
2022-02-07,82.5,83.19999694824219,81.9000015258789,83.0999984741211,707015
2022-02-08,83.0,83.80000305175781,82.9000015258789,83.0999984741211,624301
2022-02-09,83.4000015258789,84.5,83.19999694824219,84.4000015258789,773153
2022-02-10,84.4000015258789,84.80000305175781,83.19999694824219,83.30000305175781,664593
2022-02-11,82.5999984741211,83.0999984741211,81.80000305175781,82.30000305175781,928017
2022-02-14,82.30000305175781,82.30000305175781,80.69999694824219,81.4000015258789,626420
2022-02-15,81.5999984741211,81.9000015258789,81.19999694824219,81.4000015258789,530001
2022-02-16,82.5,82.5,81.9000015258789,82.30000305175781,260118
2022-02-17,82.30000305175781,83.30000305175781,81.69999694824219,81.9000015258789,387684
2022-02-18,81.9000015258789,82.30000305175781,81.0,81.4000015258789,359691
2022-02-21,81.4000015258789,81.9000015258789,81.0999984741211,81.80000305175781,336279
2022-02-22,81.4000015258789,81.4000015258789,80.4000015258789,80.80000305175781,599050
2022-02-23,80.80000305175781,81.30000305175781,80.5,80.80000305175781,271440
2022-02-24,80.69999694824219,80.69999694824219,78.9000015258789,79.30000305175781,1018600
2022-02-25,79.4000015258789,80.30000305175781,79.0,79.30000305175781,386254
2022-03-01,79.5999984741211,80.5,79.5999984741211,80.5,250105
2022-03-02,79.9000015258789,80.5,79.69999694824219,80.0,232399
2022-03-03,80.30000305175781,80.5,79.80000305175781,80.19999694824219,195110
2022-03-04,80.0999984741211,80.0999984741211,78.80000305175781,78.80000305175781,823300
2022-03-07,78.4000015258789,78.4000015258789,76.30000305175781,76.5999984741211,1450349
2022-03-08,75.0,75.5999984741211,71.9000015258789,73.0,1861491
2022-03-09,73.5,76.0,73.5,75.5,587793
2022-03-10,76.19999694824219,78.0999984741211,76.19999694824219,76.80000305175781,597081
2022-03-11,76.80000305175781,77.19999694824219,76.4000015258789,76.80000305175781,376109
2022-03-14,76.80000305175781,77.0,75.80000305175781,76.80000305175781,396166
2022-03-15,76.5,76.5999984741211,74.69999694824219,74.80000305175781,311431
2022-03-16,74.80000305175781,75.5999984741211,74.30000305175781,75.0999984741211,372854
2022-03-17,75.69999694824219,77.0,75.5,76.0999984741211,433668
2022-03-18,75.30000305175781,76.19999694824219,74.0,76.19999694824219,737138
2022-03-21,76.69999694824219,77.69999694824219,76.30000305175781,77.5,524567
2022-03-22,77.4000015258789,78.80000305175781,76.5,78.69999694824219,612899
2022-03-23,79.0,79.5999984741211,78.9000015258789,79.30000305175781,526065
2022-03-24,79.0,79.0,78.0999984741211,78.4000015258789,637053
2022-03-25,78.30000305175781,78.30000305175781,77.5999984741211,78.0,463057
2022-03-28,77.69999694824219,78.0,76.9000015258789,78.0,275156
2022-03-29,78.69999694824219,80.19999694824219,78.69999694824219,79.9000015258789,895794
2022-03-30,79.9000015258789,81.19999694824219,79.30000305175781,80.4000015258789,917788
2022-03-31,80.4000015258789,81.5,80.4000015258789,81.5,925570
2022-04-01,81.0,81.30000305175781,80.0,81.30000305175781,453563
2022-04-06,81.0,81.0,80.0999984741211,80.19999694824219,331064
2022-04-07,80.0,80.19999694824219,78.80000305175781,79.0999984741211,453511
2022-04-08,79.0999984741211,80.0,77.5,78.80000305175781,1285297
2022-04-11,79.9000015258789,80.5999984741211,78.19999694824219,78.5,974015
2022-04-12,78.0,78.5,75.9000015258789,76.80000305175781,1144206
2022-04-13,77.0,78.80000305175781,77.0,78.19999694824219,681213
2022-04-14,78.19999694824219,80.0,78.19999694824219,79.30000305175781,966177
2022-04-15,79.0,79.0999984741211,78.19999694824219,78.19999694824219,332504
2022-04-18,78.0999984741211,78.0999984741211,76.4000015258789,76.80000305175781,604671
2022-04-19,77.0999984741211,77.69999694824219,76.0,77.0,752398
2022-04-20,77.0999984741211,78.5,76.69999694824219,77.9000015258789,504850
2022-04-21,78.0,80.80000305175781,78.0,78.5999984741211,939175
2022-04-22,78.0,78.4000015258789,77.5,78.0,315175
2022-04-25,76.69999694824219,76.69999694824219,74.9000015258789,75.19999694824219,731045
2022-04-26,75.19999694824219,77.5999984741211,75.0,76.0,634066
2022-04-27,75.0,75.5999984741211,73.5999984741211,74.19999694824219,810350
2022-04-28,74.30000305175781,75.4000015258789,74.30000305175781,75.30000305175781,195247
2022-04-29,75.9000015258789,75.9000015258789,75.19999694824219,75.5999984741211,170379
2022-05-03,75.9000015258789,75.9000015258789,75.0,75.5,134384
2022-05-04,75.5,75.69999694824219,74.5999984741211,74.80000305175781,286127
2022-05-05,75.80000305175781,76.19999694824219,75.5,75.80000305175781,447278
2022-05-06,74.5999984741211,75.30000305175781,74.5999984741211,75.0,209332
2022-05-09,75.0,75.0999984741211,73.5,73.5,469201
2022-05-10,72.5999984741211,72.5999984741211,71.30000305175781,72.5,880230
2022-05-11,72.80000305175781,73.9000015258789,72.0,73.0,392661
2022-05-12,72.5,72.5,69.69999694824219,69.9000015258789,1232048
2022-05-13,70.0,70.80000305175781,68.5,69.9000015258789,1038113
2022-05-16,69.9000015258789,70.80000305175781,68.9000015258789,69.0999984741211,578432
2022-05-17,69.0999984741211,71.30000305175781,69.0999984741211,71.0999984741211,698595
2022-05-18,71.4000015258789,72.5,71.0,71.5,1033643
2022-05-19,70.5,71.0,70.0999984741211,71.0,414076
2022-05-20,71.0,74.19999694824219,71.0,73.5,1104298
2022-05-23,74.0,74.30000305175781,72.80000305175781,73.19999694824219,526900
2022-05-24,73.0,73.5,72.19999694824219,72.19999694824219,501801
2022-05-25,72.30000305175781,74.4000015258789,72.0999984741211,73.69999694824219,753189
2022-05-26,74.30000305175781,74.4000015258789,72.69999694824219,72.9000015258789,403685
2022-05-27,73.5,74.4000015258789,73.19999694824219,73.30000305175781,649331
2022-05-30,74.0999984741211,75.30000305175781,74.0999984741211,75.0,780039
2022-05-31,75.5,75.69999694824219,74.5,75.4000015258789,610660
2022-06-01,75.19999694824219,76.0,75.0,75.30000305175781,401268
2022-06-02,74.9000015258789,75.0999984741211,74.69999694824219,74.9000015258789,215063
2022-06-06,75.5,75.5999984741211,74.19999694824219,74.30000305175781,340100
2022-06-07,74.0999984741211,75.19999694824219,74.0,74.4000015258789,410016
2022-06-08,74.4000015258789,75.19999694824219,74.0,74.0999984741211,335138
2022-06-09,74.19999694824219,75.80000305175781,74.19999694824219,74.9000015258789,705125
2022-06-10,74.5,75.9000015258789,74.19999694824219,75.80000305175781,428101
2022-06-13,74.0,75.5,73.80000305175781,73.9000015258789,577751
2022-06-14,73.0,74.4000015258789,72.30000305175781,73.69999694824219,495500
2022-06-15,73.69999694824219,75.0,73.5999984741211,74.9000015258789,638921
2022-06-16,76.0,76.0,72.9000015258789,73.19999694824219,610295
2022-06-17,72.80000305175781,73.5,71.69999694824219,71.80000305175781,701230
2022-06-20,71.5,71.5999984741211,69.0999984741211,69.0999984741211,1000510
2022-06-21,69.19999694824219,70.19999694824219,68.69999694824219,69.30000305175781,1049080
2022-06-22,69.30000305175781,69.30000305175781,67.0999984741211,67.19999694824219,1063872
2022-06-23,67.0999984741211,67.80000305175781,65.19999694824219,66.5,1250293
2022-06-24,66.5,67.9000015258789,65.9000015258789,66.4000015258789,775734
2022-06-27,66.69999694824219,67.5,66.5,67.19999694824219,1425023
2022-06-28,66.5999984741211,66.9000015258789,65.5999984741211,66.19999694824219,560063
2022-06-29,65.19999694824219,65.30000305175781,63.29999923706055,63.29999923706055,1083290
2022-06-30,63.0,63.0,60.29999923706055,61.20000076293945,1344203
2022-07-01,60.900001525878906,61.20000076293945,59.59999847412109,59.900001525878906,1602895
2022-07-04,59.20000076293945,61.0,59.0,59.09999847412109,567206
2022-07-05,60.20000076293945,60.5,58.20000076293945,59.09999847412109,484100
2022-07-06,59.09999847412109,59.09999847412109,58.20000076293945,58.59999847412109,738106
2022-07-07,58.5,60.29999923706055,57.59999847412109,59.900001525878906,780800
2022-07-08,60.0,62.5,60.0,62.400001525878906,844168
2022-07-11,63.70000076293945,67.30000305175781,63.29999923706055,66.80000305175781,2402155
2022-07-12,65.5999984741211,68.19999694824219,65.19999694824219,68.19999694824219,1994794
2022-07-13,69.5999984741211,70.4000015258789,67.4000015258789,68.0,2597142
2022-07-14,67.19999694824219,70.9000015258789,67.19999694824219,70.0999984741211,1910308
2022-07-15,71.19999694824219,73.9000015258789,70.0999984741211,73.9000015258789,3046332
2022-07-18,73.9000015258789,75.5999984741211,73.30000305175781,75.19999694824219,3038313
2022-07-19,74.30000305175781,76.30000305175781,74.30000305175781,74.5999984741211,1853307
2022-07-20,75.5,77.19999694824219,74.5,76.0,2465427
2022-07-21,75.69999694824219,76.4000015258789,74.5,74.69999694824219,1496795
2022-07-22,75.5999984741211,78.0,73.0,74.0999984741211,3427100
2022-07-25,74.0999984741211,75.0,73.5999984741211,74.80000305175781,860549
2022-07-26,74.80000305175781,74.80000305175781,73.69999694824219,73.80000305175781,582149
2022-07-27,73.69999694824219,75.30000305175781,73.5999984741211,75.0999984741211,724529
2022-07-28,75.9000015258789,75.9000015258789,74.30000305175781,74.69999694824219,1002133
2022-07-29,76.19999694824219,81.4000015258789,75.69999694824219,81.4000015258789,7594180
2022-08-01,81.9000015258789,83.0,80.19999694824219,80.80000305175781,4670115
2022-08-02,81.19999694824219,82.5,79.5,82.0,4262383
2022-08-03,81.9000015258789,82.5,81.30000305175781,82.19999694824219,2016394
2022-08-04,82.0999984741211,82.5999984741211,78.4000015258789,80.0,2553512
2022-08-05,80.0,81.30000305175781,79.19999694824219,80.19999694824219,1843093
2022-08-08,78.80000305175781,79.19999694824219,75.0,77.5999984741211,2703615
2022-08-09,76.5,79.0999984741211,76.5,78.5,1442217
2022-08-10,77.5999984741211,78.69999694824219,77.4000015258789,77.5,781175
2022-08-11,78.19999694824219,78.4000015258789,77.0999984741211,77.5999984741211,1645270
2022-08-12,78.5,79.4000015258789,76.30000305175781,76.30000305175781,2775366
2022-08-15,76.5,77.19999694824219,75.30000305175781,76.5999984741211,1392331
2022-08-16,76.19999694824219,77.5999984741211,76.19999694824219,77.30000305175781,870000
2022-08-17,77.30000305175781,78.5,76.5999984741211,77.19999694824219,1185882
2022-08-18,76.80000305175781,79.9000015258789,76.5,79.9000015258789,2485890
2022-08-19,79.5999984741211,79.9000015258789,78.9000015258789,79.4000015258789,1176060
2022-08-22,78.0999984741211,78.4000015258789,76.5,76.5999984741211,1054000
2022-08-23,75.0,77.0999984741211,74.19999694824219,76.80000305175781,1249185
2022-08-24,77.0999984741211,79.0,77.0,77.30000305175781,1194688
2022-08-25,77.5,78.9000015258789,77.5,78.30000305175781,800273
2022-08-26,82.0,86.0999984741211,82.0,86.0999984741211,6008772
2022-08-29,83.0999984741211,89.30000305175781,83.0,88.0,13149013
2022-08-30,89.9000015258789,90.3000030517578,87.0,87.19999694824219,9377429
2022-08-31,88.4000015258789,88.5,86.4000015258789,87.80000305175781,4714381
2022-09-01,87.30000305175781,88.80000305175781,86.69999694824219,88.0999984741211,4062710
2022-09-02,90.0,90.9000015258789,87.5999984741211,87.5999984741211,7217693
2022-09-05,86.69999694824219,87.0,83.5999984741211,84.0999984741211,3764040
2022-09-06,85.9000015258789,85.9000015258789,84.0,84.4000015258789,1748241
2022-09-07,83.5999984741211,86.19999694824219,83.30000305175781,85.5999984741211,2581751
2022-09-08,88.0,89.5,87.19999694824219,89.5,6243677
2022-09-12,91.1999969482422,91.8000030517578,88.30000305175781,90.3000030517578,5300567
2022-09-13,91.5,92.5999984741211,90.5999984741211,92.0999984741211,7462986
2022-09-14,90.5,98.0,89.5999984741211,95.0,14549841
2022-09-15,96.8000030517578,98.5,93.4000015258789,93.8000030517578,11802480
2022-09-16,94.0,95.4000015258789,92.3000030517578,92.5,5121934
2022-09-19,91.3000030517578,94.0,90.6999969482422,92.9000015258789,4743547
2022-09-20,94.5,95.8000030517578,93.5999984741211,93.6999969482422,5074169
2022-09-21,93.6999969482422,94.5,92.4000015258789,92.6999969482422,2103752
2022-09-22,92.3000030517578,94.0999984741211,91.6999969482422,94.0,2355120
2022-09-23,95.0,95.4000015258789,90.5,91.5,3451062
2022-09-26,91.3000030517578,92.4000015258789,88.0999984741211,88.19999694824219,4815809
2022-09-27,89.80000305175781,93.6999969482422,89.5,93.5,7559193
2022-09-28,94.5,94.5,90.1999969482422,90.1999969482422,6788672
2022-09-29,92.6999969482422,94.0999984741211,90.6999969482422,91.1999969482422,5510918
2022-09-30,89.4000015258789,91.6999969482422,85.0999984741211,91.5,7012978
2022-10-03,91.4000015258789,93.1999969482422,90.3000030517578,90.5999984741211,3184764
2022-10-04,91.9000015258789,93.9000015258789,91.9000015258789,92.4000015258789,4370418
2022-10-05,94.0,94.5999984741211,91.8000030517578,92.1999969482422,3890689
2022-10-06,92.1999969482422,93.9000015258789,90.0,90.5,4330979
2022-10-07,89.30000305175781,90.0,86.69999694824219,87.30000305175781,4550712
2022-10-11,84.0999984741211,86.30000305175781,83.0999984741211,83.69999694824219,4240235
2022-10-12,84.4000015258789,85.30000305175781,82.30000305175781,84.19999694824219,3206710
2022-10-13,83.0,84.0,79.0999984741211,79.4000015258789,3412468
2022-10-14,82.80000305175781,83.0999984741211,81.5,81.5,1606495
2022-10-17,79.4000015258789,79.80000305175781,75.9000015258789,77.80000305175781,4595599
2022-10-18,79.0,79.0,75.5,76.9000015258789,3346862
2022-10-19,76.30000305175781,76.80000305175781,74.30000305175781,74.5999984741211,3928507
2022-10-20,75.0,75.0999984741211,71.5,72.0999984741211,4987930
2022-10-21,73.30000305175781,74.80000305175781,72.4000015258789,74.0,4566555
2022-10-24,76.19999694824219,76.4000015258789,74.5,74.80000305175781,2531572
2022-10-25,76.0,77.0,75.0,75.9000015258789,3353137
2022-10-26,75.5,76.69999694824219,74.5,75.69999694824219,1798115
2022-10-27,75.80000305175781,77.5,75.80000305175781,77.5,1341365
2022-10-28,77.0999984741211,77.19999694824219,73.5,73.5,2689149
2022-10-31,74.5,75.30000305175781,73.9000015258789,74.80000305175781,1115050
2022-11-01,74.4000015258789,76.5999984741211,74.0,76.5,2430525
2022-11-02,76.0999984741211,77.0,75.80000305175781,76.0999984741211,904436
2022-11-03,75.4000015258789,76.30000305175781,74.9000015258789,76.0,769102
2022-11-04,75.30000305175781,76.19999694824219,75.0999984741211,75.69999694824219,770237
2022-11-07,76.0999984741211,76.69999694824219,75.80000305175781,76.5999984741211,1122950
2022-11-08,77.0999984741211,78.5,76.0,76.0,2727469
2022-11-09,77.5,78.0,76.30000305175781,77.5999984741211,2203530
2022-11-10,78.30000305175781,79.19999694824219,74.19999694824219,74.5999984741211,4559145
2022-11-11,76.19999694824219,76.4000015258789,71.5,71.5,7335141
2022-11-14,71.5999984741211,73.4000015258789,70.69999694824219,73.0999984741211,4540030
2022-11-15,73.0,73.0,71.0999984741211,72.0999984741211,2808222
2022-11-16,71.80000305175781,72.5,71.0999984741211,71.5,1642574
2022-11-17,71.5,72.69999694824219,71.5,72.19999694824219,1059050
2022-11-18,72.5,73.9000015258789,71.5999984741211,71.69999694824219,2269100
2022-11-21,72.19999694824219,72.9000015258789,71.5,71.5,1320101
2022-11-22,72.0,72.0,70.80000305175781,71.5,1337162
2022-11-23,72.0,72.30000305175781,71.4000015258789,72.19999694824219,759335
2022-11-24,73.0,73.80000305175781,72.5,72.80000305175781,2096249
2022-11-25,72.9000015258789,73.5999984741211,72.5,72.5999984741211,1330610
2022-11-28,72.5999984741211,73.69999694824219,72.19999694824219,73.4000015258789,1737000
2022-11-29,73.69999694824219,75.80000305175781,73.0,75.30000305175781,4088373
2022-11-30,75.5999984741211,75.80000305175781,74.4000015258789,75.0,2106056
2022-12-01,75.0,75.80000305175781,74.69999694824219,75.0,2265438
2022-12-02,75.0,76.9000015258789,75.0,75.80000305175781,2103925
2022-12-05,75.80000305175781,76.30000305175781,75.5,75.5,1399011
2022-12-06,75.4000015258789,75.4000015258789,73.5,73.5999984741211,1738251
2022-12-07,73.0,74.19999694824219,72.19999694824219,72.5999984741211,1375604
2022-12-08,72.5,74.30000305175781,72.5,74.0999984741211,818830
2022-12-09,75.0,75.19999694824219,74.0,74.0999984741211,1095363
2022-12-12,74.0999984741211,77.5,74.0999984741211,77.19999694824219,4365102
2022-12-13,77.30000305175781,77.5999984741211,76.19999694824219,76.19999694824219,3118077
2022-12-14,76.69999694824219,76.80000305175781,76.0,76.30000305175781,1507837
2022-12-15,76.30000305175781,76.5999984741211,76.0,76.0999984741211,966373
2022-12-16,75.4000015258789,75.5999984741211,73.4000015258789,73.4000015258789,2269714
2022-12-19,73.0,73.4000015258789,72.0,72.69999694824219,903000
2022-12-20,72.4000015258789,72.80000305175781,70.5,70.5,1732698
2022-12-21,70.5,71.4000015258789,70.0,70.0,1067130
2022-12-22,71.5999984741211,71.5999984741211,69.80000305175781,70.80000305175781,724632
2022-12-23,70.0,70.5,69.0999984741211,70.4000015258789,749032
2022-12-26,70.9000015258789,71.0999984741211,69.9000015258789,70.69999694824219,338350
2022-12-27,72.19999694824219,72.19999694824219,70.5999984741211,70.5999984741211,511312
2022-12-28,70.80000305175781,70.80000305175781,69.0,69.0999984741211,1131991
2022-12-29,68.69999694824219,68.69999694824219,66.0999984741211,66.80000305175781,3024443
2022-12-30,67.5,68.5,66.9000015258789,67.0,2084667
2023-01-03,67.30000305175781,67.5,65.5,67.0,3191477
2023-01-04,67.0,68.0,65.19999694824219,65.69999694824219,4195088
2023-01-05,67.0,68.0999984741211,65.69999694824219,66.30000305175781,3523086
2023-01-06,66.30000305175781,67.0999984741211,65.9000015258789,67.0,1631500
2023-01-09,67.9000015258789,67.9000015258789,66.80000305175781,67.5999984741211,1307676
2023-01-10,68.69999694824219,68.69999694824219,67.5,67.80000305175781,1853717
2023-01-11,68.19999694824219,68.4000015258789,67.80000305175781,68.0999984741211,593200
2023-01-12,68.5,68.5,67.5,67.5,828186
2023-01-13,68.0,68.5,67.4000015258789,68.30000305175781,980428
2023-01-16,68.69999694824219,68.69999694824219,67.80000305175781,68.4000015258789,551329
2023-01-17,68.5,68.5999984741211,67.80000305175781,68.30000305175781,502147
2023-01-30,71.5,73.0,70.9000015258789,71.5999984741211,3799943
2023-01-31,71.5999984741211,72.69999694824219,71.5,72.0,1687294
2023-02-01,72.80000305175781,73.30000305175781,72.4000015258789,73.0,1832345
2023-02-02,73.5,73.5,72.80000305175781,73.4000015258789,1400232
2023-02-03,73.4000015258789,74.4000015258789,73.4000015258789,73.69999694824219,1988379
2023-02-06,73.9000015258789,74.30000305175781,73.0999984741211,73.0999984741211,925276
2023-02-07,73.0999984741211,73.5,72.0999984741211,72.4000015258789,1223338
2023-02-08,73.30000305175781,73.30000305175781,72.0,72.4000015258789,1133470
2023-02-09,72.5,73.80000305175781,72.5,72.9000015258789,1065801
2023-02-10,72.30000305175781,72.9000015258789,72.19999694824219,72.4000015258789,677386
2023-02-13,72.4000015258789,72.4000015258789,71.80000305175781,71.9000015258789,553192
2023-02-14,72.69999694824219,72.69999694824219,71.5,71.5999984741211,784336
2023-02-15,71.9000015258789,73.19999694824219,71.80000305175781,72.19999694824219,945203
2023-02-16,72.0,73.0,72.0,72.5999984741211,717281
2023-02-17,72.4000015258789,73.30000305175781,72.30000305175781,72.5999984741211,632075
2023-02-20,73.4000015258789,73.69999694824219,72.69999694824219,73.5,876302
2023-02-21,74.0,74.80000305175781,73.69999694824219,73.69999694824219,1759012
2023-02-22,73.19999694824219,73.19999694824219,72.30000305175781,72.5,953268
2023-02-23,72.5,73.30000305175781,72.5,72.80000305175781,802073
2023-02-24,73.4000015258789,73.69999694824219,72.0999984741211,72.4000015258789,1177300
2023-03-01,72.5,72.69999694824219,71.4000015258789,71.69999694824219,1101548
2023-03-02,72.4000015258789,72.4000015258789,71.0,71.0999984741211,932590
2023-03-03,71.4000015258789,72.19999694824219,71.19999694824219,71.69999694824219,859406
2023-03-06,71.9000015258789,73.30000305175781,71.9000015258789,72.80000305175781,1280528
2023-03-07,73.0,73.5999984741211,72.5999984741211,73.5,1074215
2023-03-08,73.5,76.4000015258789,73.5,75.4000015258789,4122427
2023-03-09,75.0,75.30000305175781,73.80000305175781,74.0,1736101
2023-03-10,74.0,75.4000015258789,73.0999984741211,73.19999694824219,2108138
2023-03-13,72.80000305175781,73.19999694824219,71.69999694824219,72.80000305175781,1504206
2023-03-14,72.30000305175781,72.5,71.5999984741211,72.0,881316
2023-03-15,72.30000305175781,72.69999694824219,71.69999694824219,71.69999694824219,772257
2023-03-16,71.69999694824219,71.69999694824219,69.69999694824219,70.30000305175781,1801027
2023-03-17,70.80000305175781,71.4000015258789,70.69999694824219,70.80000305175781,688148
2023-03-20,70.5999984741211,71.19999694824219,70.5,71.0,441184
2023-03-21,71.0999984741211,72.0,71.0999984741211,71.0999984741211,817980
2023-03-22,71.69999694824219,72.5,71.69999694824219,72.19999694824219,656314
2023-03-23,71.80000305175781,72.9000015258789,71.80000305175781,72.69999694824219,640435
2023-03-24,73.0,73.80000305175781,72.80000305175781,73.0,984795
2023-03-27,73.0,73.0,72.19999694824219,72.19999694824219,478100
2023-03-28,72.4000015258789,72.4000015258789,71.19999694824219,71.19999694824219,675348
2023-03-29,72.30000305175781,72.5,71.5,72.30000305175781,807532
2023-03-30,73.0,73.0,72.0999984741211,72.0999984741211,562045
2023-03-31,72.19999694824219,72.4000015258789,71.80000305175781,71.9000015258789,478354
2023-04-06,72.30000305175781,72.30000305175781,71.4000015258789,71.9000015258789,294387
2023-04-07,71.9000015258789,72.4000015258789,71.80000305175781,72.19999694824219,374062
2023-04-10,72.80000305175781,73.4000015258789,72.5,73.0,1078427
2023-04-11,73.0999984741211,73.0999984741211,72.5999984741211,72.80000305175781,523468
2023-04-12,72.80000305175781,73.4000015258789,72.69999694824219,73.19999694824219,796693
2023-04-13,73.0,73.0999984741211,72.5999984741211,72.5999984741211,508234
2023-04-14,72.80000305175781,74.5,72.5999984741211,74.0999984741211,1558009
2023-04-17,74.80000305175781,74.80000305175781,73.5999984741211,73.69999694824219,1038638
2023-04-18,73.80000305175781,74.5,73.30000305175781,73.30000305175781,937854
2023-04-19,73.80000305175781,74.30000305175781,73.19999694824219,73.4000015258789,673225
2023-04-20,74.0,74.0999984741211,72.0,72.0,972406
2023-04-21,72.0,72.0999984741211,70.4000015258789,70.5999984741211,1473354
2023-04-24,70.5,71.0,70.0,70.5999984741211,496250
2023-04-25,70.5,71.0999984741211,69.0,69.0,1324558
2023-04-26,69.0,69.0999984741211,67.5999984741211,68.80000305175781,1329063
2023-04-27,68.80000305175781,69.69999694824219,68.5,69.19999694824219,469001
2023-04-28,69.5999984741211,70.5,69.5999984741211,70.5,574308
2023-05-02,70.5999984741211,71.5,70.5999984741211,71.0,560106
2023-05-03,71.0,71.0,70.19999694824219,70.30000305175781,353388
2023-05-04,70.30000305175781,70.69999694824219,69.80000305175781,70.30000305175781,311100
2023-05-05,71.0,71.0,70.19999694824219,70.30000305175781,305521
2023-05-08,71.0,71.0,70.19999694824219,70.4000015258789,274100
2023-05-09,70.69999694824219,70.69999694824219,69.69999694824219,70.0,339065
2023-05-10,71.0,72.0,70.69999694824219,71.19999694824219,926711
2023-05-11,71.19999694824219,71.5,69.80000305175781,69.9000015258789,490000
2023-05-12,69.0,69.80000305175781,69.0,69.69999694824219,466102
2023-05-15,69.5,69.5,68.9000015258789,69.4000015258789,357000
2023-05-16,70.0,70.9000015258789,69.80000305175781,70.69999694824219,475594
2023-05-17,70.4000015258789,71.5999984741211,70.4000015258789,71.5999984741211,607255
2023-05-18,71.69999694824219,71.69999694824219,71.19999694824219,71.30000305175781,554671
2023-05-19,71.30000305175781,72.0,71.30000305175781,71.30000305175781,551320
2023-05-22,71.30000305175781,72.69999694824219,71.0999984741211,72.4000015258789,991582
2023-05-23,72.4000015258789,72.80000305175781,72.30000305175781,72.4000015258789,403714
2023-05-24,72.4000015258789,72.69999694824219,72.0,72.30000305175781,430073
2023-05-25,72.30000305175781,72.30000305175781,71.4000015258789,71.5,526000
2023-05-26,71.30000305175781,71.69999694824219,70.5,70.5999984741211,778464
2023-05-29,70.9000015258789,71.5,70.69999694824219,71.4000015258789,399915
2023-05-30,71.5999984741211,72.0999984741211,71.30000305175781,72.0,430450
2023-05-31,72.30000305175781,72.5999984741211,71.80000305175781,72.19999694824219,510174
2023-06-01,72.0,72.0999984741211,71.69999694824219,72.0,324197
2023-06-02,72.0999984741211,72.5999984741211,71.9000015258789,72.30000305175781,769172
2023-06-05,72.4000015258789,72.9000015258789,72.30000305175781,72.30000305175781,525336
2023-06-06,72.30000305175781,72.30000305175781,71.0999984741211,71.19999694824219,711319
2023-06-07,71.4000015258789,72.19999694824219,70.9000015258789,72.19999694824219,1120217
2023-06-08,72.19999694824219,72.5999984741211,71.19999694824219,71.30000305175781,715071
2023-06-09,72.0,74.19999694824219,71.30000305175781,73.5,2556237
2023-06-12,74.0,74.0,72.0,72.0,1781685
2023-06-13,72.5,73.0999984741211,72.30000305175781,72.9000015258789,1832707
2023-06-14,73.30000305175781,75.9000015258789,73.0999984741211,74.80000305175781,4660848
2023-06-15,75.30000305175781,75.4000015258789,73.5999984741211,74.4000015258789,2592458
2023-06-16,74.5,74.69999694824219,72.69999694824219,72.69999694824219,2110496
2023-06-19,72.5,72.5,71.69999694824219,71.69999694824219,1445659
2023-06-20,72.0,72.0,71.19999694824219,71.4000015258789,654779
2023-06-21,71.5,72.0999984741211,71.19999694824219,72.0,696050
2023-06-26,72.0,72.0,71.0999984741211,71.0999984741211,925001
2023-06-27,71.0,71.30000305175781,70.4000015258789,70.5,1156001
2023-06-28,71.0,71.0,70.19999694824219,70.5999984741211,707073
2023-06-29,70.80000305175781,71.30000305175781,70.4000015258789,70.80000305175781,647079
2023-06-30,70.80000305175781,72.0999984741211,70.69999694824219,71.9000015258789,1242839
2023-07-03,71.0,71.69999694824219,70.30000305175781,70.5,1280810
2023-07-04,71.19999694824219,71.19999694824219,70.4000015258789,70.4000015258789,730994
2023-07-05,70.5,71.5,70.5,70.80000305175781,674841
2023-07-06,70.69999694824219,71.69999694824219,70.5,70.69999694824219,883273
2023-07-07,70.69999694824219,70.69999694824219,69.5999984741211,70.0999984741211,659584
2023-07-10,70.30000305175781,70.5,69.80000305175781,70.0,488415
2023-07-11,69.0999984741211,69.4000015258789,68.30000305175781,68.9000015258789,2010654
2023-07-12,69.0,69.0,68.0999984741211,68.19999694824219,987721
2023-07-13,68.19999694824219,69.19999694824219,67.80000305175781,67.80000305175781,1108720
2023-07-14,68.0,68.0,67.0,67.4000015258789,1114698
2023-07-17,67.4000015258789,68.19999694824219,67.0,67.19999694824219,989557
2023-07-18,67.19999694824219,67.4000015258789,66.0,66.4000015258789,1317990
2023-07-19,66.69999694824219,68.19999694824219,66.5999984741211,67.0999984741211,1309034
2023-07-20,66.80000305175781,68.0999984741211,66.80000305175781,67.69999694824219,688247
2023-07-21,67.4000015258789,68.0,67.0,67.0999984741211,632233
2023-07-24,67.0999984741211,68.19999694824219,66.19999694824219,66.19999694824219,752131
2023-07-25,66.4000015258789,66.9000015258789,66.19999694824219,66.69999694824219,413764
2023-07-26,66.5,66.69999694824219,66.0999984741211,66.19999694824219,635595
2023-07-27,66.30000305175781,67.5999984741211,66.30000305175781,66.80000305175781,554845
2023-07-28,67.0,67.5999984741211,66.9000015258789,67.5,398159
2023-07-31,67.5999984741211,68.0,66.69999694824219,66.69999694824219,640083
2023-08-01,66.80000305175781,67.30000305175781,66.5999984741211,66.5999984741211,341885
2023-08-02,67.30000305175781,67.30000305175781,66.0,66.0,836700
2023-08-04,66.0,66.4000015258789,66.0,66.0,444513
2023-08-07,65.5999984741211,65.9000015258789,65.0,65.4000015258789,650552
2023-08-08,65.4000015258789,65.69999694824219,64.69999694824219,65.0,854278
2023-08-09,64.80000305175781,64.80000305175781,64.0,64.0999984741211,1057753
2023-08-10,64.19999694824219,64.19999694824219,62.79999923706055,63.400001525878906,1241072
2023-08-11,63.5,63.79999923706055,62.59999847412109,63.70000076293945,759174
2023-08-14,63.70000076293945,63.70000076293945,62.09999847412109,62.400001525878906,637020
2023-08-15,62.400001525878906,63.29999923706055,62.400001525878906,63.0,320000
2023-08-16,63.0,63.0,62.20000076293945,62.79999923706055,499126
2023-08-17,62.79999923706055,63.900001525878906,61.79999923706055,63.900001525878906,553094
2023-08-18,64.5,66.0,64.4000015258789,65.0,1336451
2023-08-21,65.19999694824219,65.30000305175781,63.79999923706055,64.5,554119
2023-08-22,64.69999694824219,64.9000015258789,63.5,63.59999847412109,404722
2023-08-23,63.5,64.0999984741211,63.29999923706055,63.900001525878906,325742
2023-08-24,64.4000015258789,64.5,63.79999923706055,64.19999694824219,355481
2023-08-25,64.5,65.5,64.0,65.0,444268
2023-08-28,65.69999694824219,65.69999694824219,64.19999694824219,64.4000015258789,310000
2023-08-29,65.0,65.5,64.5,65.4000015258789,391152
2023-08-30,65.80000305175781,65.9000015258789,65.0999984741211,65.5,421405
2023-08-31,65.5,65.80000305175781,65.0999984741211,65.5999984741211,324025
2023-09-01,65.5,66.0,65.0999984741211,65.9000015258789,405366
2023-09-04,66.0,66.9000015258789,65.5,66.0,675002
2023-09-05,66.5,66.5,65.9000015258789,66.0999984741211,256084
2023-09-06,66.0,66.19999694824219,65.0999984741211,65.19999694824219,506677
2023-09-07,65.0999984741211,65.5999984741211,65.0,65.5,235211
2023-09-08,65.4000015258789,65.4000015258789,64.80000305175781,65.0999984741211,246663
2023-09-11,64.5999984741211,65.69999694824219,64.19999694824219,64.69999694824219,417158
2023-09-12,64.80000305175781,66.19999694824219,64.80000305175781,66.0,471117
2023-09-13,66.19999694824219,68.0999984741211,66.0999984741211,66.5999984741211,1133334
2023-09-14,67.30000305175781,67.30000305175781,66.0,66.5999984741211,549080
2023-09-15,66.5999984741211,67.19999694824219,65.5999984741211,65.5999984741211,554589
2023-09-18,66.0,66.30000305175781,65.69999694824219,66.0,278347
2023-09-19,66.19999694824219,67.30000305175781,66.19999694824219,66.4000015258789,497139
2023-09-20,66.9000015258789,66.9000015258789,66.0,66.5,371050
2023-09-21,66.4000015258789,66.5999984741211,65.9000015258789,66.0,479228
2023-09-22,66.0,66.0,65.0,65.5,361041
2023-09-25,65.69999694824219,65.9000015258789,65.4000015258789,65.69999694824219,208328
2023-09-26,65.69999694824219,65.80000305175781,64.19999694824219,65.0,381559
2023-09-27,64.30000305175781,64.30000305175781,63.79999923706055,63.900001525878906,362046
2023-09-28,63.900001525878906,64.30000305175781,63.70000076293945,63.900001525878906,200480
2023-10-02,64.80000305175781,68.19999694824219,64.5999984741211,67.69999694824219,1715336
2023-10-03,67.5,67.5999984741211,66.5,66.5,635000
2023-10-04,66.0,66.0,64.9000015258789,65.4000015258789,546044
2023-10-05,65.5,65.9000015258789,65.4000015258789,65.4000015258789,218001
2023-10-06,65.0999984741211,65.4000015258789,65.0999984741211,65.0999984741211,219588
2023-10-11,65.0999984741211,66.5,65.0999984741211,66.19999694824219,585333
2023-10-12,65.9000015258789,66.19999694824219,65.5,66.0,454797
2023-10-13,65.69999694824219,66.5999984741211,65.19999694824219,65.9000015258789,385110
2023-10-16,65.9000015258789,66.30000305175781,65.19999694824219,65.4000015258789,327736
2023-10-17,66.0,66.0,65.0,65.0,276100
2023-10-18,65.0,65.4000015258789,64.5,65.30000305175781,741092
2023-10-19,65.0,65.0,63.09999847412109,63.29999923706055,815581
2023-10-20,62.900001525878906,62.900001525878906,61.29999923706055,62.29999923706055,829652
2023-10-23,62.0,62.59999847412109,61.5,61.900001525878906,291000
2023-10-24,61.900001525878906,62.29999923706055,61.09999847412109,62.09999847412109,299679
2023-10-25,62.29999923706055,62.79999923706055,62.29999923706055,62.70000076293945,188005
2023-10-26,62.59999847412109,62.900001525878906,62.09999847412109,62.09999847412109,217199
2023-10-27,62.70000076293945,62.70000076293945,61.79999923706055,61.79999923706055,204016
2023-10-30,62.09999847412109,62.20000076293945,61.79999923706055,62.0,175246
2023-10-31,62.20000076293945,63.20000076293945,61.400001525878906,61.900001525878906,420467
2023-11-01,62.400001525878906,62.5,61.70000076293945,61.79999923706055,166074
2023-11-02,62.29999923706055,62.59999847412109,62.0,62.400001525878906,236008
2023-11-03,62.59999847412109,63.09999847412109,62.5,63.0,294037
2023-11-06,63.5,63.79999923706055,63.29999923706055,63.5,256051
2023-11-07,63.59999847412109,63.79999923706055,63.20000076293945,63.59999847412109,118401
2023-11-08,63.79999923706055,63.79999923706055,63.29999923706055,63.70000076293945,152300
2023-11-09,63.5,63.5,62.59999847412109,62.59999847412109,202172
2023-11-10,62.5,62.70000076293945,62.09999847412109,62.400001525878906,177000
2023-11-13,62.400001525878906,63.0,62.400001525878906,62.900001525878906,176965
2023-11-14,62.400001525878906,63.09999847412109,62.29999923706055,62.70000076293945,232067
2023-11-15,63.20000076293945,63.79999923706055,62.5,63.5,636468
2023-11-16,63.79999923706055,63.79999923706055,62.79999923706055,63.400001525878906,353390
2023-11-17,63.29999923706055,63.5,62.900001525878906,63.400001525878906,324841
2023-11-20,63.29999923706055,63.59999847412109,63.09999847412109,63.59999847412109,433650
2023-11-21,63.70000076293945,63.79999923706055,63.20000076293945,63.5,575333
2023-11-22,63.5,64.0999984741211,63.400001525878906,63.59999847412109,563189
2023-11-23,63.70000076293945,64.0999984741211,63.5,63.900001525878906,700757
2023-11-24,64.0999984741211,64.19999694824219,63.5,63.900001525878906,385385
2023-11-27,63.900001525878906,64.0,62.900001525878906,63.0,679468
2023-11-28,63.79999923706055,64.0,63.20000076293945,63.59999847412109,502716
2023-11-29,63.59999847412109,64.5,63.59999847412109,64.0,525447
2023-11-30,64.4000015258789,64.5999984741211,64.0,64.0999984741211,1088493
2023-12-01,64.0999984741211,64.9000015258789,64.0,64.80000305175781,791779
2023-12-04,64.80000305175781,64.80000305175781,64.0,64.30000305175781,781052
2023-12-05,64.30000305175781,64.5999984741211,63.400001525878906,63.400001525878906,743074
2023-12-06,63.79999923706055,64.19999694824219,63.59999847412109,63.900001525878906,493839
2023-12-07,63.79999923706055,64.69999694824219,62.900001525878906,63.0,1032374
2023-12-08,63.5,63.59999847412109,62.09999847412109,62.400001525878906,764150
2023-12-11,62.79999923706055,62.79999923706055,61.79999923706055,62.29999923706055,545200
2023-12-12,62.09999847412109,62.09999847412109,61.0,61.59999847412109,1421535
2023-12-13,61.59999847412109,61.59999847412109,61.09999847412109,61.20000076293945,536030
2023-12-14,61.09999847412109,61.70000076293945,60.29999923706055,60.5,2319367
2023-12-15,60.5,61.59999847412109,60.400001525878906,60.79999923706055,1568016
2023-12-18,60.79999923706055,60.79999923706055,60.29999923706055,60.59999847412109,977800
2023-12-19,60.59999847412109,60.59999847412109,59.5,59.79999923706055,1730405
2023-12-20,59.79999923706055,60.0,59.20000076293945,59.900001525878906,1000736
2023-12-21,59.09999847412109,59.29999923706055,58.5,58.70000076293945,2366246
2023-12-22,58.900001525878906,59.400001525878906,58.79999923706055,58.900001525878906,939300
2023-12-25,59.5,59.70000076293945,59.20000076293945,59.59999847412109,710140
2023-12-26,59.900001525878906,60.70000076293945,59.79999923706055,60.09999847412109,956200
2023-12-27,60.09999847412109,60.20000076293945,59.400001525878906,59.59999847412109,869209
2023-12-28,59.59999847412109,60.20000076293945,59.5,59.79999923706055,535000
2023-12-29,59.79999923706055,60.0,59.5,59.70000076293945,451375
2024-01-02,59.59999847412109,60.0,59.29999923706055,59.79999923706055,441385
2024-01-03,59.79999923706055,60.0,59.5,59.5,500873
2024-01-04,59.400001525878906,59.70000076293945,58.29999923706055,58.400001525878906,1239557
2024-01-05,58.400001525878906,58.70000076293945,57.5,57.70000076293945,1421327
2024-01-08,57.70000076293945,58.29999923706055,57.29999923706055,57.29999923706055,939447
2024-01-09,57.900001525878906,58.0,56.5,56.70000076293945,1046561
2024-01-10,56.70000076293945,56.70000076293945,56.0,56.20000076293945,722005
2024-01-11,55.900001525878906,56.20000076293945,55.29999923706055,56.20000076293945,1204347
2024-01-12,56.20000076293945,57.0,56.0,56.20000076293945,815095
2024-01-15,56.0,56.5,55.59999847412109,56.5,498133
2024-01-16,56.20000076293945,56.20000076293945,55.400001525878906,55.5,683150
2024-01-17,55.29999923706055,55.5,54.0,54.20000076293945,1376398
2024-01-18,54.0,54.400001525878906,53.29999923706055,53.5,789353
2024-01-19,53.59999847412109,53.79999923706055,53.29999923706055,53.59999847412109,647850
2024-01-22,53.400001525878906,53.79999923706055,52.5,53.59999847412109,1719704
2024-01-23,53.70000076293945,54.5,53.29999923706055,53.900001525878906,1054542
2024-01-24,54.0,54.59999847412109,53.900001525878906,54.400001525878906,827372
2024-01-25,54.400001525878906,54.5,52.70000076293945,53.0,1532912
2024-01-26,53.09999847412109,53.900001525878906,53.09999847412109,53.70000076293945,870811
2024-01-29,53.59999847412109,53.59999847412109,52.5,53.09999847412109,912421
2024-01-30,53.29999923706055,53.29999923706055,52.5,52.5,603726
2024-01-31,52.59999847412109,53.0,52.29999923706055,52.5,532481
2024-02-01,52.5,53.0,52.29999923706055,52.59999847412109,593300
2024-02-02,52.59999847412109,52.79999923706055,50.79999923706055,51.09999847412109,2380778
2024-02-05,51.09999847412109,51.20000076293945,50.0,50.79999923706055,1309432
2024-02-15,50.79999923706055,51.29999923706055,50.09999847412109,50.59999847412109,1666994
2024-02-16,50.59999847412109,51.400001525878906,50.5,51.400001525878906,1487523
2024-02-19,52.0,52.59999847412109,51.70000076293945,51.900001525878906,1845557
2024-02-20,52.0,52.0,51.5,51.70000076293945,905516
2024-02-21,51.59999847412109,51.79999923706055,50.900001525878906,51.5,1130009
2024-02-22,51.59999847412109,53.400001525878906,51.5,52.20000076293945,4689335
2024-02-23,53.0,54.900001525878906,52.900001525878906,54.59999847412109,14769247
2024-02-26,55.0,58.70000076293945,54.29999923706055,57.29999923706055,10057001
2024-02-27,57.0,57.0,55.5,56.0,5143507
2024-02-29,55.5,56.400001525878906,54.900001525878906,56.400001525878906,3424094
2024-03-01,56.400001525878906,56.400001525878906,55.0,55.20000076293945,3115044
2024-03-04,55.29999923706055,55.79999923706055,54.5,54.59999847412109,1885705
2024-03-05,54.5,55.0,53.70000076293945,54.09999847412109,1711205
2024-03-06,54.0,54.0,53.29999923706055,53.59999847412109,1288066
2024-03-07,53.59999847412109,53.59999847412109,52.400001525878906,52.5,1840608
2024-03-08,52.400001525878906,53.09999847412109,51.900001525878906,52.0,1521663
2024-03-11,52.0,52.59999847412109,51.5,52.400001525878906,1236060
2024-03-12,52.400001525878906,53.70000076293945,52.400001525878906,53.59999847412109,1203298
2024-03-13,53.70000076293945,54.20000076293945,52.70000076293945,52.79999923706055,1174296
2024-03-14,52.79999923706055,53.09999847412109,52.400001525878906,53.0,499402
2024-03-15,52.79999923706055,52.900001525878906,51.0,51.0,1634307
2024-03-18,51.29999923706055,52.29999923706055,51.0,52.29999923706055,754459
2024-03-19,52.29999923706055,52.70000076293945,51.59999847412109,51.70000076293945,715410
2024-03-20,51.79999923706055,52.0,51.09999847412109,51.09999847412109,783841
2024-03-21,51.400001525878906,51.900001525878906,51.29999923706055,51.5,553165
2024-03-22,51.5,51.70000076293945,51.09999847412109,51.59999847412109,722677
2024-03-25,51.59999847412109,51.79999923706055,50.79999923706055,50.900001525878906,1481363
2024-03-26,51.0,51.29999923706055,50.20000076293945,50.5,1133877
2024-03-27,50.5,50.900001525878906,50.400001525878906,50.70000076293945,619807
2024-03-28,50.900001525878906,51.70000076293945,50.900001525878906,51.29999923706055,766366
2024-03-29,51.400001525878906,51.400001525878906,50.70000076293945,50.79999923706055,532000
2024-04-01,51.5,52.900001525878906,51.09999847412109,52.79999923706055,1752572
2024-04-02,53.0,53.0,51.900001525878906,52.0,1081074
2024-04-03,51.79999923706055,52.400001525878906,51.59999847412109,52.400001525878906,560503
2024-04-08,52.400001525878906,52.400001525878906,51.400001525878906,52.0,738124
2024-04-09,52.29999923706055,53.20000076293945,52.29999923706055,52.400001525878906,1285244
2024-04-10,52.59999847412109,55.900001525878906,52.0,55.20000076293945,6146313
2024-04-11,55.20000076293945,55.70000076293945,54.79999923706055,55.29999923706055,3051416
2024-04-12,55.400001525878906,55.5,54.09999847412109,54.09999847412109,1792492
2024-04-15,53.79999923706055,53.900001525878906,53.0,53.29999923706055,1114400
2024-04-16,52.79999923706055,52.79999923706055,50.70000076293945,50.900001525878906,1930445
2024-04-17,51.0,51.5,50.900001525878906,51.20000076293945,861907
2024-04-18,52.0,54.79999923706055,52.0,53.900001525878906,3481412
2024-04-19,53.5,53.59999847412109,51.5,52.59999847412109,2365977
2024-04-22,53.09999847412109,53.09999847412109,51.400001525878906,51.900001525878906,1051248
2024-04-23,52.70000076293945,53.20000076293945,52.29999923706055,52.70000076293945,803103
2024-04-24,53.5,55.79999923706055,53.5,55.20000076293945,5136543
2024-04-25,55.20000076293945,55.29999923706055,53.900001525878906,54.09999847412109,1997979
2024-04-26,54.20000076293945,54.79999923706055,53.900001525878906,54.400001525878906,1596808
2024-04-29,54.400001525878906,55.20000076293945,54.400001525878906,54.79999923706055,1362489
2024-04-30,55.5,56.400001525878906,54.5,54.5,4611360
2024-05-02,54.09999847412109,55.20000076293945,53.79999923706055,54.79999923706055,1236876
2024-05-03,55.29999923706055,55.29999923706055,54.0,54.0,1030202
2024-05-06,54.09999847412109,54.400001525878906,53.5,53.5,710700
2024-05-07,53.79999923706055,54.0,52.59999847412109,53.20000076293945,795663
2024-05-08,52.79999923706055,53.29999923706055,52.59999847412109,53.0,669522
2024-05-09,53.29999923706055,53.29999923706055,51.70000076293945,51.70000076293945,1363619
2024-05-10,52.0,52.59999847412109,51.79999923706055,52.400001525878906,632474
2024-05-13,52.5,52.900001525878906,52.09999847412109,52.79999923706055,488286
2024-05-14,53.0,53.5,53.0,53.09999847412109,878278
2024-05-15,53.0,54.29999923706055,53.0,53.20000076293945,1198120
2024-05-16,53.5,53.70000076293945,53.0,53.0,826455
2024-05-17,53.0,54.0,53.0,53.5,734325
2024-05-20,54.0,54.0,53.09999847412109,53.59999847412109,718073
2024-05-21,53.59999847412109,55.5,53.09999847412109,55.20000076293945,2460823
2024-05-22,55.59999847412109,57.20000076293945,55.09999847412109,55.59999847412109,6498408
2024-05-23,57.400001525878906,58.29999923706055,55.09999847412109,55.09999847412109,7897372
2024-05-24,54.5,55.20000076293945,54.0,55.09999847412109,1456110
2024-05-27,55.59999847412109,55.900001525878906,55.0,55.59999847412109,1647771
2024-05-28,56.09999847412109,56.09999847412109,55.20000076293945,55.29999923706055,1796110
2024-05-29,55.29999923706055,55.70000076293945,54.5,54.5,1230792
2024-05-30,54.400001525878906,59.900001525878906,53.900001525878906,59.0,19584807
2024-05-31,59.0,60.0,58.20000076293945,59.400001525878906,9145118
2024-06-03,59.400001525878906,59.5,57.79999923706055,58.0,3490745
2024-06-04,58.0,58.5,57.09999847412109,57.79999923706055,2106613
2024-06-05,58.0,58.0,56.70000076293945,56.70000076293945,1662262
2024-06-06,56.900001525878906,57.09999847412109,55.5,55.59999847412109,1702199
2024-06-07,55.59999847412109,56.59999847412109,55.59999847412109,56.29999923706055,721124
2024-06-11,56.5,56.70000076293945,54.900001525878906,55.0,1231548
2024-06-12,54.900001525878906,55.0,54.0,54.20000076293945,1587500
2024-06-13,54.20000076293945,55.0,54.0,54.29999923706055,1406467
2024-06-14,54.59999847412109,55.0,54.29999923706055,54.59999847412109,1021600
2024-06-17,55.0,55.20000076293945,54.20000076293945,55.0,996550
2024-06-18,55.400001525878906,57.29999923706055,54.5,56.79999923706055,4987903
2024-06-19,56.79999923706055,57.0,56.0,56.29999923706055,1727744
2024-06-20,56.09999847412109,56.70000076293945,56.09999847412109,56.5,1237003
2024-06-21,56.5,56.5,56.0,56.0,816517
2024-06-24,56.09999847412109,56.09999847412109,54.79999923706055,54.79999923706055,990513
2024-06-25,55.09999847412109,55.400001525878906,54.20000076293945,55.20000076293945,689063
2024-06-26,55.5,55.5,54.59999847412109,54.59999847412109,591688
2024-06-27,55.0,56.59999847412109,54.20000076293945,55.59999847412109,2466881
2024-06-28,55.59999847412109,56.09999847412109,55.29999923706055,55.29999923706055,1088166
2024-07-01,55.0,55.79999923706055,54.70000076293945,54.900001525878906,1192745
2024-07-02,55.0,55.5,54.59999847412109,54.70000076293945,718501
2024-07-03,55.5,57.59999847412109,55.20000076293945,57.20000076293945,5153231
2024-07-04,59.09999847412109,60.0,57.09999847412109,57.79999923706055,14973964
2024-07-05,59.0,63.5,58.29999923706055,63.5,42097240
2024-07-08,67.30000305175781,69.80000305175781,65.69999694824219,69.80000305175781,42639191
2024-07-09,70.80000305175781,71.5999984741211,63.5,67.19999694824219,32690583
2024-07-10,72.0,73.80000305175781,70.0999984741211,71.19999694824219,31213193
2024-07-11,71.9000015258789,74.9000015258789,70.5,71.5999984741211,26175906
2024-07-12,71.0,77.0,69.5999984741211,74.5,35172484
2024-07-15,75.0,77.19999694824219,74.0,75.0,25944015
2024-07-16,75.5,75.80000305175781,73.0999984741211,73.80000305175781,13692126
2024-07-17,74.0999984741211,74.19999694824219,71.0999984741211,71.0999984741211,14493291
2024-07-18,70.0,70.5,68.5,68.69999694824219,10038582
2024-07-19,69.0,69.30000305175781,66.9000015258789,67.0,6821146
2024-07-22,66.5999984741211,67.4000015258789,64.30000305175781,64.30000305175781,5589844
2024-07-23,66.19999694824219,67.19999694824219,65.0999984741211,65.30000305175781,4595682
2024-07-26,61.09999847412109,63.0,60.59999847412109,62.5,4699001
2024-07-29,63.0,63.5,61.400001525878906,61.59999847412109,4185414
2024-07-30,62.0,65.5999984741211,61.70000076293945,65.30000305175781,7080477
2024-07-31,64.4000015258789,67.9000015258789,63.70000076293945,67.0999984741211,6888447
2024-08-01,67.69999694824219,73.4000015258789,67.5999984741211,72.0999984741211,17944235
2024-08-02,69.5999984741211,71.4000015258789,68.69999694824219,68.80000305175781,10132554
2024-08-05,65.80000305175781,66.30000305175781,62.0,62.0,8778481
2024-08-06,64.5999984741211,65.80000305175781,59.79999923706055,63.29999923706055,9993487
2024-08-07,64.0,68.30000305175781,63.79999923706055,66.19999694824219,12371290
2024-08-08,64.69999694824219,67.4000015258789,63.29999923706055,65.5,7847141
2024-08-09,66.0999984741211,67.0999984741211,62.400001525878906,62.59999847412109,14864821
2024-08-12,62.29999923706055,66.0,62.29999923706055,64.0,8835534
2024-08-13,64.69999694824219,69.5,64.5999984741211,67.9000015258789,24610594
2024-08-14,69.30000305175781,71.19999694824219,67.0999984741211,68.0,18551676
2024-08-15,69.19999694824219,69.30000305175781,66.30000305175781,67.30000305175781,7103156
2024-08-16,68.69999694824219,69.9000015258789,67.69999694824219,69.19999694824219,10222474
2024-08-19,69.69999694824219,69.9000015258789,67.19999694824219,67.9000015258789,7178519
2024-08-20,68.0999984741211,68.69999694824219,66.69999694824219,67.5,5437059
2024-08-21,67.30000305175781,67.5999984741211,65.0999984741211,65.5,5513598
2024-08-22,66.0,66.80000305175781,64.80000305175781,64.80000305175781,3475531
2024-08-23,64.0999984741211,66.0,63.20000076293945,66.0,3595766
2024-08-26,66.69999694824219,68.19999694824219,65.9000015258789,65.9000015258789,5150634
2024-08-27,65.69999694824219,68.80000305175781,65.0999984741211,68.19999694824219,5894117
2024-08-28,68.4000015258789,68.69999694824219,67.4000015258789,68.5,5592780
2024-08-29,67.19999694824219,68.30000305175781,66.4000015258789,68.19999694824219,5767394
2024-08-30,68.5999984741211,68.69999694824219,67.30000305175781,67.4000015258789,2960954
2024-09-02,67.69999694824219,68.19999694824219,66.80000305175781,67.19999694824219,2055462
2024-09-03,66.80000305175781,68.19999694824219,66.0,66.0,3639672
2024-09-04,62.5,63.09999847412109,60.5,60.900001525878906,6942598
2024-09-05,62.0,63.29999923706055,61.5,62.29999923706055,4986600
2024-09-06,63.0,64.19999694824219,62.900001525878906,63.79999923706055,2666590
2024-09-09,62.09999847412109,62.70000076293945,61.29999923706055,62.0,2585300
2024-09-10,62.59999847412109,62.70000076293945,58.900001525878906,59.400001525878906,4299640
2024-09-11,59.5,59.79999923706055,57.70000076293945,57.900001525878906,4187979
2024-09-12,59.0,59.70000076293945,58.29999923706055,59.59999847412109,2910080
2024-09-13,59.900001525878906,59.900001525878906,58.29999923706055,58.70000076293945,1545105
2024-09-16,58.900001525878906,59.400001525878906,58.70000076293945,59.0,1229042
2024-09-18,59.09999847412109,59.5,57.5,57.59999847412109,2553566
2024-09-19,57.900001525878906,59.70000076293945,57.5,59.70000076293945,2000315
2024-09-20,60.5,61.29999923706055,59.20000076293945,59.400001525878906,2180953
2024-09-23,58.29999923706055,58.70000076293945,55.900001525878906,56.0,6845553
2024-09-24,56.0,58.79999923706055,56.0,57.59999847412109,5261200
2024-09-25,57.79999923706055,59.20000076293945,57.59999847412109,58.0,2920831
2024-09-26,58.20000076293945,58.29999923706055,56.79999923706055,57.20000076293945,1792093
2024-09-27,57.29999923706055,57.79999923706055,57.0,57.5,1651041
2024-09-30,57.29999923706055,57.900001525878906,56.59999847412109,57.400001525878906,1500515
2024-10-01,57.5,57.900001525878906,56.59999847412109,57.0,1311200
2024-10-04,56.59999847412109,57.09999847412109,55.79999923706055,56.29999923706055,1493725
2024-10-07,56.5,58.09999847412109,56.400001525878906,58.09999847412109,1714533
2024-10-08,58.09999847412109,58.79999923706055,57.29999923706055,58.09999847412109,2762326
2024-10-09,58.29999923706055,58.29999923706055,55.900001525878906,55.900001525878906,2923083
2024-10-11,55.70000076293945,55.70000076293945,52.59999847412109,55.0,5132649
2024-10-14,55.0,55.0,53.400001525878906,54.09999847412109,2329274
2024-10-15,55.0,55.0,53.5,53.5,1927494
2024-10-16,53.29999923706055,54.29999923706055,53.09999847412109,53.29999923706055,2211239
2024-10-17,54.0,58.59999847412109,53.59999847412109,58.59999847412109,8843891
2024-10-18,60.29999923706055,60.400001525878906,56.79999923706055,57.70000076293945,14367408
2024-10-21,57.900001525878906,59.5,57.20000076293945,59.29999923706055,6453416
2024-10-22,59.20000076293945,59.20000076293945,57.59999847412109,58.0,2794253
2024-10-23,57.79999923706055,58.5,56.900001525878906,56.900001525878906,2084523
2024-10-24,58.0,59.09999847412109,57.29999923706055,57.29999923706055,6104288
2024-10-25,61.0,61.5,58.0,58.0,13095767
2024-10-28,58.400001525878906,58.59999847412109,56.5,56.59999847412109,3631133
2024-10-29,56.0,56.59999847412109,55.20000076293945,56.20000076293945,1939592
2024-10-30,56.0,56.400001525878906,55.29999923706055,55.79999923706055,1192321
2024-11-01,55.0,56.79999923706055,54.5,56.79999923706055,1440533
2024-11-04,56.400001525878906,56.5,55.59999847412109,55.79999923706055,1395601
2024-11-05,55.70000076293945,57.09999847412109,55.70000076293945,56.59999847412109,1599252
2024-11-06,56.79999923706055,59.29999923706055,56.79999923706055,58.900001525878906,4517135
2024-11-07,60.0,62.79999923706055,59.20000076293945,62.0,19237075
2024-11-08,62.0,62.59999847412109,60.0,61.400001525878906,11686655
2024-11-11,62.09999847412109,62.400001525878906,60.59999847412109,60.70000076293945,5271665
2024-11-12,60.0,60.70000076293945,58.59999847412109,58.79999923706055,3446152
2024-11-13,58.59999847412109,58.70000076293945,57.5,57.59999847412109,2687353
2024-11-14,57.400001525878906,59.5,57.400001525878906,57.400001525878906,2661412
2024-11-15,57.900001525878906,59.20000076293945,57.70000076293945,57.79999923706055,1661202
2024-11-18,57.400001525878906,57.59999847412109,56.20000076293945,56.400001525878906,1575776
2024-11-19,57.29999923706055,59.59999847412109,56.79999923706055,59.5,2662330
2024-11-20,57.400001525878906,57.400001525878906,57.400001525878906,57.400001525878906,2049932
2024-11-21,57.20000076293945,60.79999923706055,56.59999847412109,59.5,4044580
2024-11-22,60.20000076293945,61.59999847412109,59.59999847412109,60.09999847412109,6040775
2024-11-25,60.400001525878906,61.59999847412109,59.5,60.400001525878906,3269084
2024-11-26,66.0,66.4000015258789,64.4000015258789,66.4000015258789,25315644
2024-11-27,66.9000015258789,70.9000015258789,62.09999847412109,63.09999847412109,75711659
2024-11-28,64.19999694824219,65.0999984741211,60.29999923706055,60.29999923706055,27900792
2024-11-29,60.29999923706055,64.69999694824219,60.29999923706055,64.5999984741211,14695956
2024-12-02,66.0,69.5999984741211,64.69999694824219,66.19999694824219,37648605
2024-12-03,65.80000305175781,68.4000015258789,65.5,66.0,14336260
2024-12-04,66.0,66.5,64.69999694824219,65.0999984741211,7024699
2024-12-05,65.30000305175781,65.5,63.09999847412109,63.09999847412109,6587287
2024-12-06,63.5,64.0999984741211,61.79999923706055,62.0,4728137
2024-12-09,62.0,62.59999847412109,61.09999847412109,61.09999847412109,3024370
2024-12-10,60.5,61.79999923706055,59.79999923706055,59.79999923706055,3372565
2024-12-11,60.0,61.79999923706055,60.0,61.29999923706055,3226630
2024-12-12,61.900001525878906,63.09999847412109,61.20000076293945,61.400001525878906,3769303
2024-12-13,61.20000076293945,62.0,59.09999847412109,59.79999923706055,3049559
2024-12-16,60.5,65.0,60.5,63.900001525878906,12780111
2024-12-17,63.29999923706055,65.69999694824219,63.0,65.5999984741211,15909500
2024-12-18,64.80000305175781,64.9000015258789,63.09999847412109,63.29999923706055,5726339
2024-12-19,61.5,63.0,61.20000076293945,62.900001525878906,4047567
2024-12-20,62.5,67.19999694824219,62.5,63.900001525878906,15914461
2024-12-23,64.5999984741211,65.5,64.30000305175781,65.4000015258789,6435137
2024-12-24,65.5,66.4000015258789,64.0999984741211,64.69999694824219,9197050
2024-12-25,65.19999694824219,69.30000305175781,65.19999694824219,69.0,25916937
2024-12-26,69.0999984741211,69.5999984741211,66.30000305175781,67.0999984741211,16087405
2024-12-27,67.19999694824219,67.5999984741211,65.5,65.80000305175781,7253533
2024-12-30,67.0,69.30000305175781,66.5,66.5999984741211,19927616
2024-12-31,65.9000015258789,68.30000305175781,65.5,67.5,6805006
2025-01-02,68.0,69.5999984741211,66.19999694824219,66.5999984741211,11616245
2025-01-03,67.80000305175781,71.0,66.9000015258789,68.69999694824219,31252204
2025-01-06,70.30000305175781,70.4000015258789,67.5,68.0,12083431
2025-01-07,68.5,68.80000305175781,65.19999694824219,65.5,11980277
2025-01-08,65.4000015258789,66.19999694824219,64.69999694824219,64.80000305175781,4064342
2025-01-09,65.0,65.19999694824219,61.59999847412109,61.59999847412109,6692657
2025-01-10,62.09999847412109,63.70000076293945,61.70000076293945,63.09999847412109,3753411
2025-01-13,61.5,61.79999923706055,59.0,59.70000076293945,5282167
2025-01-14,60.09999847412109,60.70000076293945,59.29999923706055,60.70000076293945,1845201
2025-01-15,60.20000076293945,60.70000076293945,59.29999923706055,59.400001525878906,1668020
2025-01-16,60.70000076293945,62.400001525878906,60.59999847412109,62.0,4288487
2025-01-17,61.79999923706055,61.900001525878906,60.29999923706055,60.79999923706055,1749456
2025-01-20,60.900001525878906,61.20000076293945,60.5,60.900001525878906,1127350
2025-01-21,61.0,61.20000076293945,59.59999847412109,59.900001525878906,1487373
2025-01-22,60.20000076293945,60.70000076293945,59.900001525878906,60.0,1401595
2025-02-03,58.20000076293945,59.400001525878906,57.5,59.20000076293945,2047506
2025-02-04,59.59999847412109,59.59999847412109,58.09999847412109,58.79999923706055,1144106
2025-02-05,59.29999923706055,60.900001525878906,59.20000076293945,60.400001525878906,1932277
2025-02-06,60.5,61.20000076293945,60.20000076293945,60.79999923706055,1121363
2025-02-07,60.900001525878906,61.5,60.09999847412109,61.20000076293945,1307036
2025-02-10,60.400001525878906,60.70000076293945,59.79999923706055,59.900001525878906,1194075
2025-02-11,60.59999847412109,62.400001525878906,60.59999847412109,62.400001525878906,3315296
2025-02-12,63.29999923706055,68.5999984741211,62.70000076293945,68.5999984741211,30416344
2025-02-13,69.4000015258789,71.0,67.69999694824219,68.80000305175781,46240681
2025-02-14,69.0,73.80000305175781,68.5,71.5999984741211,49572645
2025-02-17,73.5,78.69999694824219,73.0,78.69999694824219,62410095
2025-02-18,80.5999984741211,84.19999694824219,79.9000015258789,81.5999984741211,114811552
2025-02-19,83.0999984741211,85.0,80.19999694824219,82.0,60203092
2025-02-20,82.0,82.9000015258789,80.0999984741211,82.5,22629886
2025-02-21,84.0,89.69999694824219,81.5,88.19999694824219,99975764
2025-02-24,87.19999694824219,90.9000015258789,86.5999984741211,88.69999694824219,63870113
2025-02-25,88.69999694824219,89.80000305175781,85.0999984741211,86.5,41105078
2025-02-26,87.0,88.5,85.4000015258789,85.69999694824219,27856868
2025-02-27,86.69999694824219,87.5,82.0,83.69999694824219,34044013
2025-03-03,83.0,83.5999984741211,79.5,79.5,17386723
2025-03-04,78.4000015258789,81.5999984741211,77.5999984741211,79.30000305175781,24447820
2025-03-05,79.30000305175781,80.30000305175781,78.30000305175781,79.19999694824219,11867785
2025-03-06,79.69999694824219,80.80000305175781,76.80000305175781,77.4000015258789,16718360
2025-03-07,76.19999694824219,77.19999694824219,73.9000015258789,74.4000015258789,13252193
2025-03-10,74.5,75.80000305175781,73.0999984741211,75.30000305175781,9994662
2025-03-11,72.0999984741211,72.5999984741211,70.80000305175781,72.19999694824219,9106625
2025-03-12,72.69999694824219,73.4000015258789,71.5,72.5,9248838
2025-03-13,74.0,75.80000305175781,71.5,71.5,16861632
2025-03-14,72.0,73.5,70.30000305175781,73.5,8380326
2025-03-17,73.9000015258789,78.5999984741211,73.69999694824219,76.4000015258789,18287135
2025-03-18,76.30000305175781,77.19999694824219,74.30000305175781,75.0,11946827
2025-03-19,75.0,75.0,71.69999694824219,71.80000305175781,11168342
2025-03-20,72.80000305175781,73.69999694824219,72.0999984741211,72.30000305175781,4868715
2025-03-21,73.0,73.30000305175781,70.5999984741211,71.80000305175781,5408506
2025-03-24,75.9000015258789,77.0,72.5,72.80000305175781,34730057
2025-03-25,75.0,75.69999694824219,71.69999694824219,72.0,20564968
2025-03-26,72.80000305175781,73.5999984741211,71.4000015258789,73.30000305175781,9455539
2025-03-27,71.80000305175781,72.5,71.5,71.80000305175781,5431120
2025-03-28,71.80000305175781,71.80000305175781,68.0,69.5,11180122
2025-03-31,64.5999984741211,66.80000305175781,62.900001525878906,63.09999847412109,10604638
2025-04-01,64.0,64.5,63.20000076293945,63.5,4978519
2025-04-02,63.29999923706055,64.69999694824219,61.70000076293945,64.69999694824219,4418667
2025-04-07,58.29999923706055,58.29999923706055,58.29999923706055,58.29999923706055,339032
2025-04-08,52.5,54.29999923706055,52.5,52.5,6227437
2025-04-09,51.0,51.5,47.25,47.25,7186180
2025-04-10,51.0,51.0,51.0,51.0,1110312
2025-04-11,48.900001525878906,51.5,46.5,51.5,9458858
2025-04-14,52.09999847412109,54.29999923706055,51.29999923706055,52.5,8304949
2025-04-15,55.400001525878906,57.70000076293945,55.0,57.70000076293945,7936010
2025-04-16,59.20000076293945,60.59999847412109,58.0,58.09999847412109,25358413
2025-04-17,57.400001525878906,58.70000076293945,56.79999923706055,57.400001525878906,7021665
2025-04-18,57.5,58.5,57.20000076293945,57.400001525878906,5687265
2025-04-21,57.09999847412109,57.5,54.0,54.0,4594309
2025-04-22,52.900001525878906,54.20000076293945,52.29999923706055,52.70000076293945,3588424
2025-04-23,55.79999923706055,56.09999847412109,54.70000076293945,55.400001525878906,4976132
2025-04-24,59.09999847412109,59.900001525878906,57.20000076293945,57.70000076293945,16975356
2025-04-25,59.09999847412109,60.20000076293945,57.29999923706055,59.5,13134684
2025-04-28,62.5,62.5,59.20000076293945,59.20000076293945,16413174
2025-04-29,59.59999847412109,62.29999923706055,58.70000076293945,61.09999847412109,15205909
2025-04-30,62.0,67.19999694824219,61.20000076293945,63.20000076293945,36997085
2025-05-02,64.0,66.0,63.5,66.0,28351481
2025-05-05,65.0,65.0,59.400001525878906,60.0,14772006
2025-05-06,60.0,61.79999923706055,59.5,60.70000076293945,5752987
2025-05-07,61.0,61.20000076293945,59.5,60.0,3548235
2025-05-08,60.900001525878906,61.20000076293945,59.79999923706055,60.29999923706055,2647612
2025-05-09,60.400001525878906,62.0,59.09999847412109,61.20000076293945,8180093
2025-05-12,63.5,65.30000305175781,63.0,63.29999923706055,13296780
2025-05-13,65.0,65.5,62.70000076293945,63.900001525878906,8554250
2025-05-14,64.5,64.5,63.29999923706055,64.30000305175781,5322134
2025-05-15,64.4000015258789,68.0,64.0,66.0,23274216
2025-05-16,66.0999984741211,66.5999984741211,64.80000305175781,65.5,11560642
2025-05-19,65.0,66.19999694824219,63.20000076293945,63.20000076293945,9387806
2025-05-20,63.900001525878906,64.4000015258789,62.400001525878906,62.59999847412109,3638318
2025-05-21,63.29999923706055,63.70000076293945,62.5,63.0,2799748
2025-05-22,62.5,62.5,60.400001525878906,61.900001525878906,4459011
2025-05-23,62.20000076293945,62.900001525878906,61.29999923706055,61.59999847412109,3078093
2025-05-26,61.70000076293945,63.20000076293945,61.20000076293945,61.29999923706055,4842286
2025-05-27,61.900001525878906,62.29999923706055,60.20000076293945,60.20000076293945,2510958
2025-05-28,61.79999923706055,64.19999694824219,60.59999847412109,60.70000076293945,9220433
2025-05-29,61.5,61.5,60.29999923706055,60.900001525878906,2752064
2025-06-02,60.09999847412109,60.09999847412109,58.0,58.0,3558228
2025-06-03,58.59999847412109,59.5,57.59999847412109,59.29999923706055,2605113
2025-06-04,60.0,62.20000076293945,59.900001525878906,61.29999923706055,5901732
2025-06-05,61.0,62.0,60.400001525878906,60.70000076293945,3169473
2025-06-06,59.79999923706055,60.09999847412109,58.79999923706055,59.400001525878906,3374890
2025-06-09,59.900001525878906,60.09999847412109,58.59999847412109,58.79999923706055,1823030
2025-06-10,59.09999847412109,60.0,58.79999923706055,59.5,2156432
2025-06-11,61.5,62.09999847412109,60.5,61.20000076293945,4644464
2025-06-12,61.5,62.59999847412109,60.900001525878906,61.900001525878906,4318308
2025-06-13,61.0,61.20000076293945,60.09999847412109,60.09999847412109,2336019
2025-06-16,59.5,60.400001525878906,59.5,60.400001525878906,1197229
2025-06-17,60.70000076293945,61.09999847412109,60.20000076293945,60.29999923706055,1715133
2025-06-18,60.29999923706055,61.5,60.09999847412109,61.400001525878906,2595533
2025-06-19,61.0,61.29999923706055,59.0,59.0,3590448
2025-06-20,59.0,60.0,58.09999847412109,58.5,2277118
2025-06-23,57.59999847412109,58.79999923706055,56.29999923706055,58.79999923706055,2126377
2025-06-24,60.20000076293945,61.5,60.0,60.5,4582237
2025-06-25,60.70000076293945,61.09999847412109,59.70000076293945,60.0,1909150
2025-06-26,60.5,61.900001525878906,60.20000076293945,60.29999923706055,4262010
2025-06-27,60.79999923706055,60.900001525878906,58.79999923706055,58.900001525878906,2668471
2025-06-30,59.0,59.09999847412109,57.59999847412109,57.900001525878906,2036375
2025-07-01,59.20000076293945,59.900001525878906,57.5,57.5,4151058
2025-07-02,57.5,57.70000076293945,56.79999923706055,57.0,1550556
2025-07-03,57.79999923706055,58.20000076293945,57.5,57.900001525878906,1825510
2025-07-04,57.59999847412109,57.79999923706055,55.20000076293945,55.20000076293945,4135443
2025-07-07,55.0,55.20000076293945,53.900001525878906,54.29999923706055,2281493
2025-07-08,54.29999923706055,54.29999923706055,53.29999923706055,53.400001525878906,2045295
2025-07-09,53.400001525878906,54.20000076293945,53.400001525878906,53.79999923706055,1324442
2025-07-10,53.400001525878906,53.70000076293945,52.79999923706055,53.0,1670251
2025-07-11,53.0,54.400001525878906,53.0,53.79999923706055,1793173
2025-07-14,54.0,54.09999847412109,53.09999847412109,53.29999923706055,877350
2025-07-15,53.20000076293945,54.0,53.09999847412109,53.900001525878906,672217
2025-07-16,53.900001525878906,55.09999847412109,53.59999847412109,54.79999923706055,1424830
2025-07-17,55.20000076293945,56.0,54.70000076293945,55.900001525878906,1432460
2025-07-18,56.29999923706055,57.70000076293945,55.70000076293945,56.59999847412109,4044806
2025-07-21,57.20000076293945,57.79999923706055,56.59999847412109,57.20000076293945,1860392
2025-07-22,57.400001525878906,57.5,55.20000076293945,55.5,1939478
2025-07-23,56.0,58.20000076293945,56.0,57.70000076293945,3042567
2025-07-24,58.20000076293945,58.59999847412109,57.20000076293945,57.5,2039363
2025-07-25,56.5,56.59999847412109,55.79999923706055,56.20000076293945,1655858
2025-07-28,57.0,57.59999847412109,56.09999847412109,57.0,1516301
2025-07-29,57.0,57.09999847412109,55.79999923706055,55.900001525878906,1098280
2025-07-30,56.20000076293945,56.400001525878906,55.09999847412109,56.20000076293945,1003999
2025-07-31,56.20000076293945,56.20000076293945,55.0,55.09999847412109,1278846
2025-08-04,57.79999923706055,61.70000076293945,57.20000076293945,60.09999847412109,9657698
2025-08-05,59.79999923706055,61.5,59.400001525878906,60.70000076293945,7478610
2025-08-06,61.400001525878906,61.900001525878906,60.20000076293945,61.0,4585661
2025-08-07,61.70000076293945,61.79999923706055,60.29999923706055,61.0,3895122
2025-08-08,61.0,62.79999923706055,60.5,61.79999923706055,4956111
2025-08-11,62.29999923706055,65.0,62.0,64.0,10645452
2025-08-12,65.5999984741211,65.5999984741211,63.79999923706055,64.80000305175781,8991259
2025-08-13,65.5,66.19999694824219,63.400001525878906,65.19999694824219,8847215
2025-08-14,66.0,67.5999984741211,64.69999694824219,64.9000015258789,13680341
2025-08-15,64.5999984741211,66.30000305175781,63.59999847412109,66.19999694824219,7984553
2025-08-18,66.19999694824219,66.80000305175781,65.5,66.0999984741211,5240599
2025-08-19,67.0,67.19999694824219,64.0999984741211,64.4000015258789,4796548
2025-08-20,64.0,64.69999694824219,62.29999923706055,63.0,4113843
2025-08-21,63.5,64.80000305175781,63.29999923706055,63.29999923706055,2179035
2025-08-22,63.29999923706055,63.70000076293945,61.70000076293945,62.0,2343877
2025-08-25,63.09999847412109,65.4000015258789,63.09999847412109,64.4000015258789,5297333
2025-08-26,66.0,67.0,65.4000015258789,66.80000305175781,13145429
2025-08-27,67.5,67.5,66.0999984741211,66.30000305175781,6382718
2025-08-28,66.30000305175781,72.9000015258789,65.80000305175781,72.9000015258789,13005115
2025-08-29,76.5999984741211,77.0999984741211,69.0,69.0,36636831
2025-09-01,69.0,71.0,66.0999984741211,66.9000015258789,11021851
2025-09-02,68.69999694824219,69.80000305175781,66.0,69.80000305175781,10140927
2025-09-03,70.80000305175781,72.0,69.19999694824219,70.0999984741211,14812389
2025-09-04,71.0,71.0,67.4000015258789,67.4000015258789,6737364
2025-09-05,67.69999694824219,68.5,67.19999694824219,67.5,2949566
2025-09-08,67.5,69.80000305175781,66.5999984741211,69.30000305175781,4430649
2025-09-09,69.9000015258789,70.5999984741211,69.0,69.0999984741211,5666791
2025-09-10,69.9000015258789,70.4000015258789,69.0999984741211,69.0999984741211,4917930
2025-09-11,70.5,71.0,66.5,67.0,6071848
2025-09-12,67.80000305175781,69.30000305175781,67.0,67.19999694824219,2876612
2025-09-15,68.4000015258789,68.80000305175781,67.0999984741211,67.5999984741211,3664600
2025-09-16,68.19999694824219,69.30000305175781,67.69999694824219,68.19999694824219,3948300
2025-09-17,68.4000015258789,68.69999694824219,66.5,66.80000305175781,3222403
2025-09-18,67.5999984741211,67.80000305175781,65.69999694824219,65.80000305175781,2978046
2025-09-19,66.5999984741211,67.19999694824219,65.69999694824219,66.4000015258789,2157328
2025-09-22,66.5,67.4000015258789,65.9000015258789,66.0999984741211,1941060
2025-09-23,66.5,66.80000305175781,65.19999694824219,65.30000305175781,2631021
2025-09-24,65.5,65.9000015258789,64.19999694824219,64.4000015258789,1973592
2025-09-25,64.69999694824219,66.30000305175781,64.4000015258789,64.4000015258789,2711020
2025-09-26,64.0,64.4000015258789,61.900001525878906,62.0,3552586
2025-09-30,62.09999847412109,63.5,61.400001525878906,63.20000076293945,2286065
2025-10-01,63.29999923706055,63.70000076293945,62.09999847412109,62.20000076293945,1473944
2025-10-02,62.5,62.900001525878906,61.400001525878906,61.5,1413446
2025-10-03,61.59999847412109,61.79999923706055,61.0,61.400001525878906,1490926
2025-10-07,62.29999923706055,63.70000076293945,62.20000076293945,63.400001525878906,2150741
2025-10-08,62.70000076293945,62.70000076293945,61.70000076293945,62.5,1329646
2025-10-09,62.400001525878906,62.900001525878906,61.5,61.59999847412109,1340256
2025-10-13,56.900001525878906,60.70000076293945,56.900001525878906,60.5,1953425
2025-10-14,61.5,62.29999923706055,59.70000076293945,59.70000076293945,1987944
2025-10-15,60.0,60.09999847412109,59.0,59.09999847412109,1775106
2025-10-16,59.29999923706055,60.09999847412109,58.5,59.29999923706055,1151200
2025-10-17,59.09999847412109,59.400001525878906,58.29999923706055,58.400001525878906,1469863
2025-10-20,58.79999923706055,59.29999923706055,58.0,58.79999923706055,1216818
2025-10-21,59.59999847412109,61.400001525878906,59.5,60.70000076293945,2074206
2025-10-22,61.0,61.79999923706055,60.400001525878906,61.400001525878906,1340395
2025-10-23,61.09999847412109,61.09999847412109,60.400001525878906,60.900001525878906,529095
2025-10-27,61.79999923706055,63.0,61.400001525878906,62.400001525878906,1888739
2025-10-28,62.900001525878906,63.20000076293945,61.59999847412109,61.59999847412109,1435705
2025-10-29,62.29999923706055,62.5,61.59999847412109,62.0,1039658
2025-10-30,62.0,62.59999847412109,60.900001525878906,61.400001525878906,1718203
2025-10-31,62.0,62.0,59.5,59.5,1656724
2025-11-03,59.0,60.29999923706055,58.59999847412109,59.09999847412109,940150
2025-11-04,59.59999847412109,59.59999847412109,57.59999847412109,57.70000076293945,1352339
2025-11-05,57.09999847412109,57.70000076293945,56.0,57.09999847412109,1205169
2025-11-06,57.70000076293945,58.29999923706055,57.0,58.20000076293945,930302
2025-11-07,57.79999923706055,57.79999923706055,56.900001525878906,57.5,923540
2025-11-10,58.5,60.79999923706055,58.29999923706055,60.0,3775303
2025-11-11,60.0,61.20000076293945,59.70000076293945,59.79999923706055,2985790
2025-11-12,60.0,60.29999923706055,59.09999847412109,59.29999923706055,1130602
2025-11-13,59.400001525878906,60.09999847412109,57.79999923706055,59.400001525878906,1729989
2025-11-14,58.70000076293945,59.79999923706055,58.5,58.5,949221
2025-11-17,58.900001525878906,59.20000076293945,57.29999923706055,57.5,1283199
2025-11-18,57.29999923706055,57.79999923706055,56.0,56.0,1282422
2025-11-19,56.0,56.59999847412109,55.5,56.0,1313150
2025-11-20,57.0,57.70000076293945,56.70000076293945,57.5,715166
2025-11-21,56.900001525878906,57.0,55.400001525878906,55.59999847412109,1083086
2025-11-24,56.20000076293945,56.70000076293945,55.400001525878906,55.59999847412109,625578
2025-11-25,56.900001525878906,57.5,56.59999847412109,57.09999847412109,836079
2025-11-26,56.900001525878906,59.70000076293945,56.900001525878906,59.5,1729400
2025-11-27,60.70000076293945,60.900001525878906,58.400001525878906,58.400001525878906,1294645
2025-11-28,58.400001525878906,58.59999847412109,57.5,57.70000076293945,644397
2025-12-01,58.0,58.5,56.70000076293945,56.79999923706055,736242
2025-12-02,56.79999923706055,57.5,56.79999923706055,57.29999923706055,514011
2025-12-03,57.59999847412109,58.09999847412109,57.400001525878906,57.70000076293945,521059
2025-12-04,59.400001525878906,60.79999923706055,58.29999923706055,58.29999923706055,3521331
2025-12-05,60.5,62.70000076293945,58.5,58.5,8156308
2025-12-08,59.0,59.59999847412109,58.29999923706055,59.59999847412109,2106417
2025-12-09,65.19999694824219,65.19999694824219,59.29999923706055,59.79999923706055,5494139
2025-12-10,60.0,60.0,58.29999923706055,58.29999923706055,1562567
2025-12-11,58.70000076293945,59.59999847412109,58.400001525878906,58.5,941545
2025-12-12,58.70000076293945,60.29999923706055,58.5,59.70000076293945,1570443
2025-12-15,59.09999847412109,59.70000076293945,58.59999847412109,58.70000076293945,918123
2025-12-16,58.79999923706055,59.20000076293945,57.29999923706055,58.29999923706055,1053601
2025-12-17,58.70000076293945,59.59999847412109,58.5,58.900001525878906,1184071
2025-12-18,58.400001525878906,58.79999923706055,57.59999847412109,57.70000076293945,983331
2025-12-19,58.0,58.5,57.5,58.0,647289
2025-12-22,58.20000076293945,58.79999923706055,58.20000076293945,58.5,718584
2025-12-23,58.59999847412109,59.29999923706055,58.09999847412109,58.20000076293945,998227
2025-12-24,59.0,59.29999923706055,57.59999847412109,57.70000076293945,1240371
2025-12-26,58.0,58.0,56.79999923706055,57.20000076293945,1135563
2025-12-29,57.20000076293945,57.900001525878906,56.79999923706055,56.79999923706055,1030250
2025-12-30,56.59999847412109,56.59999847412109,56.0,56.400001525878906,1144485
2025-12-31,56.70000076293945,56.900001525878906,55.79999923706055,55.79999923706055,1159189
2026-01-02,56.0,57.09999847412109,56.0,56.400001525878906,971140
2026-01-05,56.79999923706055,57.400001525878906,56.29999923706055,56.70000076293945,2178145
2026-01-06,56.900001525878906,58.0,56.59999847412109,56.79999923706055,3643723
2026-01-07,57.20000076293945,57.400001525878906,55.79999923706055,55.900001525878906,2761514
2026-01-08,56.20000076293945,56.20000076293945,54.400001525878906,54.79999923706055,2672552
2026-01-09,54.59999847412109,54.59999847412109,53.59999847412109,54.0,2783816
2026-01-12,54.29999923706055,54.70000076293945,54.09999847412109,54.20000076293945,1344234
2026-01-13,54.79999923706055,54.79999923706055,53.59999847412109,54.09999847412109,1702925
2026-01-14,54.5,58.70000076293945,54.5,58.09999847412109,5050792
2026-01-15,59.0,59.400001525878906,57.09999847412109,59.400001525878906,5017761
2026-01-16,60.09999847412109,65.19999694824219,59.70000076293945,64.69999694824219,14775524
2026-01-19,64.69999694824219,65.19999694824219,62.59999847412109,63.70000076293945,8289617
2026-01-20,63.0,64.19999694824219,62.20000076293945,63.5,4971631
2026-01-21,62.5,63.900001525878906,62.09999847412109,62.09999847412109,2716600
2026-01-22,63.20000076293945,64.69999694824219,62.70000076293945,63.29999923706055,3272878
2026-01-23,64.0,65.0,62.5,64.4000015258789,5511856
2026-01-26,65.0,66.69999694824219,63.79999923706055,65.30000305175781,13003708
2026-01-27,65.30000305175781,65.5,64.0,64.69999694824219,3355421
2026-01-28,64.69999694824219,65.4000015258789,63.70000076293945,65.0999984741211,3771300
2026-01-29,66.80000305175781,67.80000305175781,62.0,62.5,8606538
2026-01-30,62.5,63.0,60.0,61.79999923706055,3593524
2026-02-02,60.900001525878906,61.59999847412109,58.5,58.900001525878906,2585774
2026-02-03,60.29999923706055,60.29999923706055,59.09999847412109,59.79999923706055,1469742
2026-02-04,59.79999923706055,62.79999923706055,59.5,62.20000076293945,3504570
2026-02-05,61.59999847412109,62.09999847412109,59.59999847412109,59.70000076293945,1714686
2026-02-06,59.0,60.70000076293945,57.29999923706055,59.900001525878906,2162428
2026-02-09,61.5,63.79999923706055,61.29999923706055,62.5,4361829
2026-02-10,62.59999847412109,62.79999923706055,61.0,61.0,1632224
2026-02-11,61.0,61.0,60.29999923706055,61.0,1048120
2026-02-23,61.29999923706055,63.29999923706055,59.20000076293945,62.59999847412109,3480432
2026-02-24,63.20000076293945,63.900001525878906,62.400001525878906,62.70000076293945,2208564
2026-02-25,63.400001525878906,63.5,61.0,61.20000076293945,1692940
2026-02-26,61.20000076293945,62.29999923706055,61.0,61.09999847412109,1602430
2026-03-02,60.0,62.900001525878906,59.400001525878906,61.70000076293945,2618200
2026-03-03,62.09999847412109,62.09999847412109,58.59999847412109,58.79999923706055,2872525
2026-03-04,56.70000076293945,57.900001525878906,55.0,55.0,3302883
2026-03-05,56.09999847412109,57.20000076293945,55.59999847412109,56.29999923706055,1364621
2026-03-06,56.29999923706055,56.5,55.29999923706055,55.70000076293945,1018131
2026-03-09,51.79999923706055,52.79999923706055,50.900001525878906,52.0,2187164
2026-03-10,53.5,53.70000076293945,52.400001525878906,52.79999923706055,959651
2026-03-11,52.900001525878906,53.79999923706055,52.900001525878906,53.29999923706055,1340275
2026-03-12,53.0,53.20000076293945,51.70000076293945,52.0,2129444
2026-03-13,51.20000076293945,52.79999923706055,50.79999923706055,52.5,1775217
2026-03-16,53.59999847412109,53.79999923706055,51.900001525878906,52.59999847412109,2988113
2026-03-17,53.09999847412109,53.09999847412109,52.09999847412109,52.5,2534613
2026-03-18,53.0,53.5,51.400001525878906,53.0,5269571
2026-03-19,52.5,52.5,51.09999847412109,51.20000076293945,2330648
2026-03-20,51.400001525878906,51.79999923706055,50.20000076293945,50.70000076293945,2068522
2026-03-23,49.900001525878906,52.0,49.09999847412109,51.79999923706055,1680529
2026-03-24,52.5,52.900001525878906,50.900001525878906,51.09999847412109,1229117
2026-03-25,52.20000076293945,52.400001525878906,51.20000076293945,51.5,1329005
2026-03-26,51.59999847412109,52.0,50.79999923706055,51.09999847412109,980363
2026-03-27,50.79999923706055,51.29999923706055,50.29999923706055,51.0,879830
2026-03-30,50.0,50.70000076293945,49.70000076293945,49.900001525878906,1251295
2026-03-31,49.79999923706055,50.5,48.900001525878906,49.20000076293945,1320519
2026-04-01,50.20000076293945,50.5,49.0,49.45000076293945,1185225
2026-04-02,49.84999847412109,49.84999847412109,47.900001525878906,47.95000076293945,2103393
2026-04-07,49.0,49.0,47.09999847412109,47.20000076293945,1377389
2026-04-08,47.25,48.900001525878906,47.25,48.900001525878906,1062888
2026-04-09,49.0,49.0,48.0,48.150001525878906,796265
2026-04-10,48.34999847412109,48.84999847412109,47.84999847412109,48.54999923706055,909218
2026-04-13,48.59999847412109,49.70000076293945,48.45000076293945,49.650001525878906,1241053
2026-04-14,50.70000076293945,51.400001525878906,50.0,51.20000076293945,1776026
2026-04-15,52.0,52.900001525878906,50.59999847412109,51.0,2875269
2026-04-16,51.70000076293945,51.79999923706055,50.79999923706055,50.79999923706055,973782
2026-04-17,51.0,51.5,50.400001525878906,51.29999923706055,836980
2026-04-20,51.29999923706055,52.5,51.0,51.29999923706055,1650300
2026-04-21,51.5,51.59999847412109,50.79999923706055,51.09999847412109,1060394
2026-04-22,51.09999847412109,52.5,50.900001525878906,51.79999923706055,2148127
2026-04-23,52.0,52.0,48.34999847412109,49.5,2695322
2026-04-24,49.70000076293945,51.20000076293945,49.70000076293945,50.70000076293945,1766080
2026-04-27,50.5,50.5,49.09999847412109,49.34999847412109,1400389
2026-04-28,49.5,50.79999923706055,49.0,50.5,1236391
2026-04-29,50.5,52.79999923706055,50.5,51.5,2504069
2026-04-30,51.59999847412109,53.29999923706055,51.5,51.5,2793005
2026-05-04,52.5,56.59999847412109,51.79999923706055,55.0,7138502
2026-05-05,56.0,57.29999923706055,55.400001525878906,56.5,5033405
2026-05-06,57.0,57.09999847412109,54.29999923706055,54.59999847412109,3035099
2026-05-07,55.5,56.09999847412109,55.29999923706055,55.5,2230685
2026-05-08,55.59999847412109,55.70000076293945,52.79999923706055,53.70000076293945,2522415
2026-05-11,54.0,56.20000076293945,53.70000076293945,55.29999923706055,2027315
2026-05-12,54.79999923706055,54.79999923706055,52.09999847412109,53.5,3351909
2026-05-13,52.400001525878906,52.5,50.79999923706055,51.20000076293945,2849565
2026-05-14,51.29999923706055,52.20000076293945,51.20000076293945,51.29999923706055,1288203
2026-05-15,52.0,53.29999923706055,51.09999847412109,51.400001525878906,2787276
2026-05-18,51.0,51.0,48.09999847412109,48.150001525878906,6339776
2026-05-19,48.150001525878906,50.400001525878906,47.900001525878906,50.0,3127005
2026-05-20,49.95000076293945,49.95000076293945,48.650001525878906,49.09999847412109,1932250
2026-05-21,49.54999923706055,50.59999847412109,48.900001525878906,50.20000076293945,2282455
2026-05-22,50.5,52.20000076293945,50.0,51.59999847412109,2209930
2026-05-25,52.29999923706055,52.79999923706055,50.900001525878906,52.29999923706055,3712605
2026-05-26,52.5,52.900001525878906,50.20000076293945,51.0,2903678
2026-05-27,51.0,51.09999847412109,49.29999923706055,49.70000076293945,3051054
2026-05-28,51.0,53.70000076293945,50.29999923706055,51.29999923706055,6823363
2026-05-29,52.0,53.70000076293945,51.400001525878906,52.79999923706055,11234413
2026-06-01,53.5,55.59999847412109,52.70000076293945,53.900001525878906,6263450
2026-06-02,54.400001525878906,54.400001525878906,51.29999923706055,52.5,3649173
2026-06-03,52.70000076293945,52.79999923706055,51.70000076293945,52.0,2366312
2026-06-04,52.29999923706055,52.29999923706055,50.79999923706055,51.0,2217490
2026-06-05,50.79999923706055,51.79999923706055,50.09999847412109,50.5,2318593
2026-06-08,46.54999923706055,49.0,46.54999923706055,48.650001525878906,2596782
2026-06-09,48.79999923706055,50.09999847412109,48.400001525878906,49.5,1359082
2026-06-10,49.400001525878906,51.0,49.150001525878906,49.20000076293945,2118233
2026-06-11,49.400001525878906,49.79999923706055,47.79999923706055,48.54999923706055,1758667
2026-06-12,49.20000076293945,49.84999847412109,48.95000076293945,49.0,1186970
2026-06-15,49.84999847412109,50.5,49.5,49.95000076293945,1089551
2026-06-16,50.0,50.29999923706055,48.650001525878906,48.900001525878906,1292234
2026-06-17,48.59999847412109,49.34999847412109,48.5,48.75,1105304
2026-06-18,48.75,49.20000076293945,48.400001525878906,48.70000076293945,1316783
2026-06-22,49.0,52.20000076293945,48.45000076293945,51.59999847412109,4292793
2026-06-23,51.29999923706055,51.29999923706055,48.70000076293945,49.0,2919097
2026-06-24,48.70000076293945,49.20000076293945,48.34999847412109,48.650001525878906,1728759
2026-06-25,48.79999923706055,49.25,48.04999923706055,48.04999923706055,1638921
2026-06-26,48.09999847412109,48.150001525878906,47.0,47.09999847412109,2142795
2026-06-29,47.59999847412109,48.20000076293945,47.09999847412109,47.59999847412109,868296
2026-06-30,47.59999847412109,48.09999847412109,47.5,47.70000076293945,821105
2026-07-01,48.150001525878906,48.70000076293945,47.75,47.79999923706055,1157820
2026-07-02,48.25,51.400001525878906,47.5,50.900001525878906,9185945
2026-07-03,50.5,53.5,50.5,52.20000076293945,8130432
2026-07-06,52.400001525878906,53.900001525878906,52.20000076293945,53.09999847412109,4744356
2026-07-07,54.5,54.70000076293945,50.79999923706055,51.20000076293945,3543566
2026-07-08,50.5,51.29999923706055,49.400001525878906,50.0,2118278
2026-07-09,50.5,55.0,50.29999923706055,55.0,13761321
2026-07-10,55.0,55.0,55.0,55.0,0
2026-07-13,55.400001525878906,57.20000076293945,54.0,56.09999847412109,13204076
2026-07-14,55.400001525878906,56.70000076293945,52.20000076293945,53.20000076293945,5586721
2026-07-15,53.29999923706055,55.0,52.0,53.20000076293945,3995573
2026-07-16,52.900001525878906,53.5,51.900001525878906,52.79999923706055,2032284
2026-07-17,52.0,52.400001525878906,49.09999847412109,49.45000076293945,2899620
2026-07-20,49.54999923706055,50.59999847412109,47.650001525878906,49.29999923706055,2468300
2026-07-21,49.45000076293945,50.70000076293945,49.25,50.5,1108220
2026-07-22,51.59999847412109,53.59999847412109,51.400001525878906,52.29999923706055,2724208
2026-07-23,52.0,53.20000076293945,51.29999923706055,51.59999847412109,1477270
2026-07-24,51.09999847412109,52.0,50.70000076293945,50.900001525878906,1178401
2026-07-27,51.09999847412109,51.09999847412109,49.09999847412109,49.75,1362280
2026-07-28,49.25,49.25,47.20000076293945,47.650001525878906,2533896
2026-07-29,48.0,48.400001525878906,44.79999923706055,45.79999923706055,3977150
2026-07-30,45.5,46.5,44.900001525878906,45.0,1655586
2026-07-31,46.5,47.400001525878906,46.29999923706055,46.650001525878906,1238355
2026-08-03,46.25,49.5,46.0,48.75,1691301
2026-08-04,48.0,51.0,47.900001525878906,50.20000076293945,1552631
2026-08-05,51.0,52.20000076293945,50.09999847412109,51.59999847412109,2378183
2026-08-06,51.09999847412109,52.29999923706055,50.5,51.0,1595114
2026-08-07,51.0,53.400001525878906,51.0,51.400001525878906,2664263
2026-08-10,51.70000076293945,52.5,51.29999923706055,51.59999847412109,1508710
2026-08-11,52.0,52.0,50.79999923706055,51.20000076293945,1030050
2026-08-12,51.20000076293945,52.79999923706055,51.20000076293945,52.0,2079237
2026-08-13,52.900001525878906,53.09999847412109,51.0,51.09999847412109,1248225
2026-08-14,51.20000076293945,51.400001525878906,50.5,51.0,1462541
2026-08-17,51.0,52.79999923706055,51.0,51.400001525878906,1528229
2026-08-18,51.29999923706055,51.400001525878906,50.09999847412109,50.400001525878906,1214105
2026-08-19,50.0,51.09999847412109,49.5,50.20000076293945,875002
2026-08-20,50.5,51.5,50.09999847412109,50.29999923706055,1009075
2026-08-21,50.29999923706055,50.29999923706055,49.09999847412109,49.25,1259092
2026-08-24,49.29999923706055,49.75,48.79999923706055,49.09999847412109,666409
2026-08-25,49.5,49.59999847412109,48.84999847412109,49.59999847412109,536021
2026-08-26,49.59999847412109,50.400001525878906,49.45000076293945,50.09999847412109,689377
2026-08-27,50.09999847412109,52.09999847412109,50.09999847412109,51.09999847412109,1240235
2026-08-28,51.900001525878906,51.900001525878906,50.09999847412109,50.29999923706055,1046052
2026-08-31,50.0,50.09999847412109,49.400001525878906,49.59999847412109,851082
2026-09-01,50.0,50.29999923706055,49.29999923706055,49.34999847412109,1062625
2026-09-02,49.150001525878906,49.75,49.0,49.54999923706055,657200
2026-09-03,50.0,51.400001525878906,49.20000076293945,49.20000076293945,2245815
2026-09-04,50.20000076293945,50.20000076293945,48.79999923706055,49.79999923706055,1167220
2026-09-07,50.0,50.0,48.59999847412109,48.95000076293945,1731017
2026-09-08,48.900001525878906,48.900001525878906,47.84999847412109,47.900001525878906,1619650
2026-09-09,47.900001525878906,48.29999923706055,47.59999847412109,48.0,643542
2026-09-10,48.0,48.400001525878906,47.5,47.79999923706055,1020434
2026-09-11,47.29999923706055,48.150001525878906,47.20000076293945,47.34999847412109,814650
2026-09-14,47.150001525878906,47.400001525878906,46.70000076293945,46.84999847412109,726272
2026-09-15,46.84999847412109,47.04999923706055,46.0,46.0,1418671
2026-09-16,46.09999847412109,46.5,46.0,46.25,782041
2026-09-17,46.20000076293945,46.79999923706055,46.20000076293945,46.650001525878906,872160
2026-09-18,46.70000076293945,46.900001525878906,46.20000076293945,46.34999847412109,946978
2026-09-21,46.5,46.900001525878906,46.29999923706055,46.75,473737
2026-09-22,47.09999847412109,47.09999847412109,46.25,46.34999847412109,928309
2026-09-23,46.29999923706055,46.54999923706055,46.20000076293945,46.29999923706055,470514
2026-09-24,46.59999847412109,47.0,46.29999923706055,47.0,990364
2026-09-29,47.0,47.20000076293945,46.54999923706055,46.54999923706055,469827
2026-09-30,46.5,46.95000076293945,46.5,46.900001525878906,457274
2026-10-01,47.09999847412109,47.09999847412109,46.5,46.650001525878906,503203
2026-10-02,46.650001525878906,46.70000076293945,46.45000076293945,46.650001525878906,419223
2026-10-05,46.849998474121094,46.849998474121094,46.099998474121094,46.099998474121094,1091618
2026-10-06,46.20000076293945,46.79999923706055,46.20000076293945,46.400001525878906,675643
2026-10-07,46.75,46.849998474121094,46.45000076293945,46.54999923706055,588013
2026-10-08,46.54999923706055,46.650001525878906,46.29999923706055,46.400001525878906,387018
