date,open,high,low,close,volume
2020-01-02,54.03669738769531,55.04587173461914,53.66972351074219,54.86238479614258,19075
2020-01-03,54.86238479614258,55.04587173461914,54.31192779541016,55.04587173461914,21944
2020-01-06,55.04587173461914,55.50458526611328,54.678897857666016,54.678897857666016,37114
2020-01-07,54.7706413269043,56.33027648925781,54.7706413269043,55.871559143066406,49574
2020-01-08,56.69724655151367,56.69724655151367,55.779815673828125,55.779815673828125,12199
2020-01-09,56.05504608154297,56.23853302001953,55.871559143066406,55.871559143066406,21800
2020-01-10,55.96330261230469,56.14678955078125,55.68807220458984,55.871559143066406,12317
2020-01-13,55.96330261230469,55.96330261230469,55.96330261230469,55.96330261230469,15610
2020-01-14,55.96330261230469,55.96330261230469,55.96330261230469,55.96330261230469,0
2020-01-15,56.69724655151367,56.88073348999024,55.96330261230469,56.05504608154297,30741
2020-01-16,56.97247695922852,56.97247695922852,55.96330261230469,56.51375961303711,13615
2020-01-17,56.51375961303711,56.51375961303711,56.33027648925781,56.33027648925781,13120
2020-01-20,56.05504608154297,56.88073348999024,56.05504608154297,56.78899002075195,10902
2020-01-30,56.69724655151367,56.69724655151367,54.22018432617188,54.22018432617188,38150
2020-01-31,53.85321044921875,54.1284408569336,53.66972351074219,54.03669738769531,8720
2020-02-03,54.03669738769531,54.03669738769531,52.4770622253418,52.4770622253418,18530
2020-02-04,52.75229263305664,52.75229263305664,52.75229263305664,52.75229263305664,2180
2020-02-05,52.75229263305664,52.75229263305664,51.83486175537109,51.83486175537109,26203
2020-02-06,53.119266510009766,53.85321044921875,52.84403610229492,53.76146697998047,16353
2020-02-07,53.76146697998047,53.85321044921875,53.57798004150391,53.66972351074219,12239
2020-02-10,53.66972351074219,53.85321044921875,53.66972351074219,53.85321044921875,6540
2020-02-11,53.94495391845703,55.2293586730957,53.94495391845703,55.2293586730957,8720
2020-02-12,55.04587173461914,55.04587173461914,55.04587173461914,55.04587173461914,3346
2020-02-13,55.04587173461914,55.2293586730957,54.86238479614258,54.95412826538086,14208
2020-02-14,54.95412826538086,55.04587173461914,54.7706413269043,55.04587173461914,19754
2020-02-17,55.04587173461914,55.04587173461914,55.04587173461914,55.04587173461914,15390
2020-02-18,53.76146697998047,55.2293586730957,53.76146697998047,55.2293586730957,14170
2020-02-19,55.04587173461914,55.96330261230469,55.04587173461914,55.779815673828125,17581
2020-02-20,55.779815673828125,56.14678955078125,55.779815673828125,56.14678955078125,16359
2020-02-21,55.2293586730957,55.96330261230469,55.2293586730957,55.96330261230469,17656
2020-02-24,55.50458526611328,56.33027648925781,55.13761520385742,56.05504608154297,21855
2020-02-25,55.871559143066406,56.05504608154297,55.871559143066406,55.96330261230469,10902
2020-02-26,56.14678955078125,56.14678955078125,56.14678955078125,56.14678955078125,8720
2020-02-27,55.96330261230469,55.96330261230469,55.96330261230469,55.96330261230469,9810
2020-03-02,55.96330261230469,55.96330261230469,55.50458526611328,55.50458526611328,7668
2020-03-03,55.68807220458984,55.68807220458984,54.86238479614258,54.86238479614258,5451
2020-03-04,54.86238479614258,54.86238479614258,54.86238479614258,54.86238479614258,0
2020-03-05,55.04587173461914,57.52293395996094,55.04587173461914,56.23853302001953,20710
2020-03-06,56.23853302001953,56.23853302001953,54.31192779541016,54.31192779541016,12066
2020-03-09,52.66054916381836,53.02752304077149,51.74311828613281,51.74311828613281,17637
2020-03-10,51.74311828613281,53.486236572265625,51.10091781616211,52.38532257080078,41491
2020-03-11,52.293575286865234,52.293575286865234,52.20183563232422,52.293575286865234,3270
2020-03-12,51.46788787841797,52.66054916381836,51.10091781616211,52.293575286865234,28340
2020-03-13,47.88990783691406,51.37614440917969,47.79816436767578,48.44036483764648,42684
2020-03-16,48.62385177612305,48.62385177612305,48.62385177612305,48.62385177612305,13407
2020-03-17,48.62385177612305,49.3577995300293,47.7064208984375,48.62385177612305,46108
2020-03-18,48.62385177612305,52.20183563232422,47.88990783691406,48.62385177612305,38150
2020-03-19,48.62385177612305,48.62385177612305,44.174312591552734,44.174312591552734,70937
2020-03-20,44.266056060791016,45.96330261230469,44.266056060791016,45.96330261230469,4109
2020-03-23,45.96330261230469,45.96330261230469,45.96330261230469,45.96330261230469,0
2020-03-24,46.23853302001953,48.165138244628906,46.23853302001953,46.23853302001953,17765
2020-03-25,48.165138244628906,49.08256912231445,48.165138244628906,49.08256912231445,5886
2020-03-26,49.08256912231445,49.08256912231445,48.99082565307617,48.99082565307617,4360
2020-03-27,50.18348693847656,50.27523040771485,48.62385177612305,48.62385177612305,4360
2020-03-30,48.165138244628906,49.08256912231445,48.165138244628906,48.62385177612305,4578
2020-03-31,48.62385177612305,49.44953918457031,48.62385177612305,49.08256912231445,19621
2020-04-01,48.44036483764648,48.44036483764648,48.44036483764648,48.44036483764648,5450
2020-04-06,48.44036483764648,48.44036483764648,48.44036483764648,48.44036483764648,5450
2020-04-07,48.62385177612305,50.6422004699707,48.62385177612305,49.174312591552734,5450
2020-04-08,48.80733871459961,54.03669738769531,48.80733871459961,53.486236572265625,16783
2020-04-09,57.24770736694336,57.24770736694336,53.94495391845703,53.94495391845703,11990
2020-04-10,53.94495391845703,54.95412826538086,52.38532257080078,53.94495391845703,8723
2020-04-13,53.94495391845703,53.94495391845703,52.38532257080078,52.38532257080078,21838
2020-04-14,54.40366744995117,54.95412826538086,53.486236572265625,54.86238479614258,19749
2020-04-15,54.86238479614258,57.24770736694336,54.86238479614258,57.24770736694336,23607
2020-04-16,57.15596389770508,57.15596389770508,55.2293586730957,55.50458526611328,21801
2020-04-17,57.24770736694336,57.24770736694336,55.04587173461914,56.51375961303711,30117
2020-04-20,56.14678955078125,56.33027648925781,56.05504608154297,56.33027648925781,5935
2020-04-21,54.678897857666016,54.86238479614258,53.486236572265625,54.03669738769531,14208
2020-04-22,57.52293395996094,57.52293395996094,55.96330261230469,55.96330261230469,18568
2020-04-23,55.96330261230469,56.88073348999024,55.871559143066406,55.871559143066406,45
2020-04-24,55.871559143066406,55.871559143066406,53.21100997924805,55.871559143066406,21800
2020-04-27,54.86238479614258,55.96330261230469,54.86238479614258,55.96330261230469,15270
2020-04-28,55.96330261230469,55.96330261230469,55.2293586730957,55.2293586730957,2180
2020-04-29,55.04587173461914,56.33027648925781,54.678897857666016,56.33027648925781,22317
2020-04-30,56.88073348999024,56.88073348999024,56.05504608154297,56.42201614379883,10148
2020-05-04,56.42201614379883,56.42201614379883,56.14678955078125,56.42201614379883,7630
2020-05-05,55.59632873535156,55.59632873535156,55.59632873535156,55.59632873535156,1557
2020-05-06,55.68807220458984,55.68807220458984,55.2293586730957,55.2293586730957,4360
2020-05-07,55.68807220458984,56.78899002075195,55.68807220458984,56.51375961303711,21800
2020-05-08,56.42201614379883,56.69724655151367,56.23853302001953,56.23853302001953,16389
2020-05-11,56.42201614379883,56.60550308227539,56.33027648925781,56.33027648925781,11344
2020-05-12,56.88073348999024,57.61467742919922,56.60550308227539,56.60550308227539,48069
2020-05-13,55.96330261230469,56.88073348999024,55.96330261230469,56.23853302001953,11009
2020-05-14,57.52293395996094,57.52293395996094,56.14678955078125,56.14678955078125,18530
2020-05-15,56.23853302001953,56.23853302001953,55.96330261230469,55.96330261230469,3324
2020-05-18,55.96330261230469,55.96330261230469,55.32109832763672,55.32109832763672,5450
2020-05-19,55.96330261230469,55.96330261230469,54.678897857666016,54.678897857666016,30781
2020-05-20,55.04587173461914,55.50458526611328,54.678897857666016,54.678897857666016,9983
2020-05-21,55.2293586730957,55.32109832763672,55.04587173461914,55.13761520385742,9810
2020-05-22,55.32109832763672,55.32109832763672,54.40366744995117,54.40366744995117,7630
2020-05-25,55.13761520385742,55.13761520385742,55.13761520385742,55.13761520385742,1090
2020-05-26,55.04587173461914,55.04587173461914,54.58715438842773,54.58715438842773,12281
2020-05-27,54.31192779541016,55.96330261230469,54.31192779541016,55.59632873535156,26337
2020-05-28,55.96330261230469,56.69724655151367,55.50458526611328,55.50458526611328,19887
2020-05-29,55.04587173461914,55.04587173461914,55.04587173461914,55.04587173461914,24450
2020-06-01,55.779815673828125,55.96330261230469,55.68807220458984,55.96330261230469,18530
2020-06-02,55.96330261230469,56.23853302001953,55.96330261230469,56.14678955078125,5450
2020-06-03,56.23853302001953,56.97247695922852,55.68807220458984,56.33027648925781,17475
2020-06-04,56.33027648925781,56.33027648925781,55.871559143066406,55.871559143066406,4360
2020-06-05,55.871559143066406,56.33027648925781,55.50458526611328,56.33027648925781,26160
2020-06-08,56.33027648925781,56.33027648925781,56.33027648925781,56.33027648925781,0
2020-06-09,55.96330261230469,55.96330261230469,55.96330261230469,55.96330261230469,8942
2020-06-10,55.96330261230469,55.96330261230469,55.96330261230469,55.96330261230469,0
2020-06-11,56.88073348999024,56.88073348999024,54.678897857666016,54.678897857666016,9810
2020-06-12,53.76146697998047,55.871559143066406,53.76146697998047,55.13761520385742,6594
2020-06-15,53.486236572265625,54.58715438842773,53.486236572265625,53.85321044921875,13089
2020-06-16,53.394493103027344,54.95412826538086,53.394493103027344,54.49541091918945,5675
2020-06-17,55.04587173461914,56.23853302001953,55.04587173461914,55.04587173461914,14442
2020-06-18,55.04587173461914,55.04587173461914,54.1284408569336,54.1284408569336,3597
2020-06-19,54.95412826538086,54.95412826538086,54.22018432617188,54.22018432617188,5456
2020-06-22,53.76146697998047,54.1284408569336,53.76146697998047,54.1284408569336,5067
2020-06-23,54.49541091918945,54.49541091918945,54.49541091918945,54.49541091918945,1626
2020-06-24,55.779815673828125,55.779815673828125,54.40366744995117,54.40366744995117,25179
2020-06-29,54.1284408569336,54.1284408569336,52.293575286865234,52.4770622253418,14349
2020-06-30,54.1284408569336,54.1284408569336,54.03669738769531,54.1284408569336,11009
2020-07-01,54.58715438842773,54.7706413269043,54.58715438842773,54.7706413269043,19620
2020-07-02,54.1284408569336,54.1284408569336,53.85321044921875,54.1284408569336,8743
2020-07-03,54.1284408569336,54.22018432617188,53.66972351074219,54.1284408569336,23427
2020-07-06,54.86238479614258,56.88073348999024,54.86238479614258,56.05504608154297,34058
2020-07-07,56.05504608154297,56.05504608154297,55.13761520385742,55.2293586730957,24390
2020-07-08,55.96330261230469,56.42201614379883,55.96330261230469,56.42201614379883,23980
2020-07-09,56.42201614379883,56.42201614379883,54.58715438842773,55.68807220458984,21909
2020-07-10,55.32109832763672,55.32109832763672,53.85321044921875,53.94495391845703,22928
2020-07-13,53.85321044921875,54.1284408569336,53.486236572265625,53.486236572265625,26407
2020-07-14,54.1284408569336,54.58715438842773,54.1284408569336,54.58715438842773,5503
2020-07-15,54.58715438842773,54.86238479614258,54.1284408569336,54.86238479614258,15260
2020-07-16,55.04587173461914,55.32109832763672,55.04587173461914,55.04587173461914,34915
2020-07-17,55.04587173461914,55.13761520385742,55.04587173461914,55.04587173461914,14170
2020-07-20,55.32109832763672,55.32109832763672,55.32109832763672,55.32109832763672,1090
2020-07-21,55.68807220458984,55.871559143066406,55.68807220458984,55.871559143066406,25105
2020-07-22,56.33027648925781,56.33027648925781,56.33027648925781,56.33027648925781,2343
2020-07-23,55.96330261230469,55.96330261230469,55.779815673828125,55.779815673828125,4770
2020-07-24,55.59632873535156,55.59632873535156,53.76146697998047,53.76146697998047,8939
2020-07-27,52.84403610229492,55.50458526611328,52.84403610229492,55.50458526611328,8611
2020-07-28,53.76146697998047,54.7706413269043,53.76146697998047,53.85321044921875,5568
2020-07-29,54.40366744995117,54.40366744995117,54.40366744995117,54.40366744995117,3270
2020-07-30,54.1284408569336,54.58715438842773,53.76146697998047,54.58715438842773,8720
2020-07-31,55.50458526611328,56.42201614379883,55.50458526611328,56.23853302001953,6540
2020-08-03,54.31192779541016,54.31192779541016,53.66972351074219,54.1284408569336,20928
2020-08-04,55.32109832763672,55.32109832763672,54.31192779541016,54.31192779541016,6743
2020-08-05,53.94495391845703,55.04587173461914,53.94495391845703,55.04587173461914,9810
2020-08-06,55.04587173461914,55.2293586730957,55.04587173461914,55.04587173461914,10900
2020-08-07,55.59632873535156,55.59632873535156,55.04587173461914,55.50458526611328,16596
2020-08-10,55.59632873535156,55.59632873535156,55.412845611572266,55.412845611572266,4376
2020-08-11,56.97247695922852,56.97247695922852,55.50458526611328,55.96330261230469,11118
2020-08-12,56.97247695922852,56.97247695922852,55.779815673828125,55.779815673828125,37554
2020-08-13,51.926605224609375,55.96330261230469,51.926605224609375,54.03669738769531,44908
2020-08-14,54.1284408569336,54.1284408569336,52.56880569458008,53.21100997924805,9810
2020-08-17,53.21100997924805,55.04587173461914,53.21100997924805,53.66972351074219,16096
2020-08-18,54.1284408569336,54.31192779541016,54.1284408569336,54.1284408569336,9810
2020-08-19,54.1284408569336,54.1284408569336,54.1284408569336,54.1284408569336,1101
2020-08-20,54.1284408569336,54.7706413269043,53.21100997924805,54.03669738769531,41529
2020-08-21,54.49541091918945,54.49541091918945,54.40366744995117,54.40366744995117,2251
2020-08-24,54.40366744995117,54.678897857666016,53.94495391845703,54.58715438842773,7630
2020-08-25,54.678897857666016,55.32109832763672,54.678897857666016,55.13761520385742,14189
2020-08-26,55.50458526611328,55.50458526611328,55.50458526611328,55.50458526611328,1090
2020-08-27,55.04587173461914,55.04587173461914,55.04587173461914,55.04587173461914,1128
2020-08-28,55.04587173461914,55.04587173461914,55.04587173461914,55.04587173461914,7630
2020-08-31,55.871559143066406,55.871559143066406,55.13761520385742,55.13761520385742,4360
2020-09-01,55.04587173461914,55.04587173461914,55.04587173461914,55.04587173461914,2180
2020-09-02,55.04587173461914,55.04587173461914,55.04587173461914,55.04587173461914,6905
2020-09-03,55.04587173461914,55.04587173461914,54.7706413269043,54.86238479614258,21843
2020-09-04,54.7706413269043,54.7706413269043,54.7706413269043,54.7706413269043,8720
2020-09-07,54.86238479614258,54.86238479614258,54.58715438842773,54.58715438842773,6589
2020-09-08,54.58715438842773,54.58715438842773,54.58715438842773,54.58715438842773,0
2020-09-09,54.1284408569336,54.1284408569336,54.1284408569336,54.1284408569336,2406
2020-09-10,54.95412826538086,55.04587173461914,54.95412826538086,55.04587173461914,2180
2020-09-11,53.85321044921875,54.7706413269043,53.85321044921875,54.7706413269043,3308
2020-09-14,54.40366744995117,54.7706413269043,54.40366744995117,54.7706413269043,2289
2020-09-15,54.7706413269043,54.86238479614258,54.49541091918945,54.49541091918945,5450
2020-09-16,54.95412826538086,54.95412826538086,54.95412826538086,54.95412826538086,6540
2020-09-17,55.04587173461914,55.50458526611328,54.1284408569336,55.04587173461914,29430
2020-09-18,55.04587173461914,55.779815673828125,54.95412826538086,54.95412826538086,39278
2020-09-21,55.04587173461914,55.04587173461914,55.04587173461914,55.04587173461914,8720
2020-09-22,54.86238479614258,54.86238479614258,54.86238479614258,54.86238479614258,3270
2020-09-23,54.58715438842773,54.58715438842773,54.58715438842773,54.58715438842773,6540
2020-09-24,53.21100997924805,54.1284408569336,53.21100997924805,53.486236572265625,9810
2020-09-25,53.486236572265625,54.03669738769531,53.21100997924805,54.03669738769531,5452
2020-09-28,54.03669738769531,54.03669738769531,54.03669738769531,54.03669738769531,0
2020-09-29,54.03669738769531,54.1284408569336,53.94495391845703,54.1284408569336,5450
2020-09-30,54.31192779541016,54.31192779541016,54.31192779541016,54.31192779541016,1091
2020-10-05,55.59632873535156,55.59632873535156,54.86238479614258,55.04587173461914,10900
2020-10-06,55.04587173461914,55.412845611572266,54.7706413269043,55.412845611572266,21072
2020-10-07,55.04587173461914,55.04587173461914,54.86238479614258,55.04587173461914,29473
2020-10-08,55.04587173461914,55.04587173461914,54.58715438842773,55.04587173461914,10900
2020-10-12,55.04587173461914,55.2293586730957,54.95412826538086,55.04587173461914,10907
2020-10-13,54.86238479614258,55.04587173461914,54.678897857666016,55.04587173461914,10900
2020-10-14,54.40366744995117,54.95412826538086,54.1284408569336,54.95412826538086,4360
2020-10-15,55.04587173461914,55.04587173461914,55.04587173461914,55.04587173461914,1090
2020-10-16,54.95412826538086,55.04587173461914,54.58715438842773,55.04587173461914,22890
2020-10-19,55.04587173461914,55.04587173461914,55.04587173461914,55.04587173461914,8720
2020-10-20,55.04587173461914,55.04587173461914,55.04587173461914,55.04587173461914,2180
2020-10-21,55.04587173461914,55.04587173461914,54.86238479614258,55.04587173461914,8720
2020-10-22,54.58715438842773,54.58715438842773,54.49541091918945,54.58715438842773,6540
2020-10-23,54.58715438842773,54.58715438842773,54.49541091918945,54.49541091918945,4578
2020-10-26,54.58715438842773,54.58715438842773,54.58715438842773,54.58715438842773,1308
2020-10-27,54.58715438842773,54.58715438842773,54.58715438842773,54.58715438842773,3270
2020-10-28,54.22018432617188,54.58715438842773,54.1284408569336,54.58715438842773,4360
2020-10-29,54.58715438842773,54.58715438842773,54.58715438842773,54.58715438842773,1090
2020-10-30,53.66972351074219,54.58715438842773,53.66972351074219,54.58715438842773,6540
2020-11-02,54.58715438842773,54.58715438842773,54.49541091918945,54.49541091918945,3341
2020-11-03,54.7706413269043,54.7706413269043,54.40366744995117,54.40366744995117,6758
2020-11-04,54.1284408569336,54.1284408569336,54.1284408569336,54.1284408569336,6540
2020-11-05,54.1284408569336,54.40366744995117,54.1284408569336,54.40366744995117,2507
2020-11-06,54.58715438842773,54.7706413269043,54.58715438842773,54.7706413269043,2583
2020-11-09,54.7706413269043,54.7706413269043,54.03669738769531,54.31192779541016,4360
2020-11-10,54.95412826538086,54.95412826538086,54.58715438842773,54.58715438842773,3270
2020-11-11,54.58715438842773,54.678897857666016,54.58715438842773,54.678897857666016,2180
2020-11-12,55.04587173461914,55.32109832763672,54.86238479614258,54.86238479614258,13080
2020-11-13,55.04587173461914,55.04587173461914,55.04587173461914,55.04587173461914,5450
2020-11-16,54.95412826538086,54.95412826538086,54.86238479614258,54.95412826538086,4419
2020-11-17,55.04587173461914,55.04587173461914,55.04587173461914,55.04587173461914,4360
2020-11-18,54.1284408569336,54.95412826538086,54.1284408569336,54.86238479614258,11990
2020-11-19,54.86238479614258,55.04587173461914,54.7706413269043,55.04587173461914,13129
2020-11-20,55.04587173461914,55.04587173461914,54.95412826538086,55.04587173461914,7679
2020-11-23,56.51375961303711,56.51375961303711,55.412845611572266,55.412845611572266,4360
2020-11-24,55.412845611572266,55.412845611572266,55.412845611572266,55.412845611572266,1149
2020-11-25,55.779815673828125,55.779815673828125,55.779815673828125,55.779815673828125,2670
2020-11-26,56.42201614379883,56.42201614379883,56.42201614379883,56.42201614379883,5450
2020-11-27,55.96330261230469,55.96330261230469,55.96330261230469,55.96330261230469,1242
2020-11-30,55.96330261230469,55.96330261230469,55.04587173461914,55.04587173461914,14284
2020-12-01,55.871559143066406,55.871559143066406,55.59632873535156,55.59632873535156,3270
2020-12-02,55.04587173461914,55.04587173461914,54.86238479614258,54.86238479614258,12144
2020-12-03,54.86238479614258,54.86238479614258,54.58715438842773,54.58715438842773,8720
2020-12-04,55.2293586730957,55.2293586730957,54.58715438842773,55.04587173461914,9127
2020-12-07,54.1284408569336,54.58715438842773,54.1284408569336,54.49541091918945,5450
2020-12-08,54.95412826538086,55.04587173461914,54.58715438842773,54.58715438842773,4360
2020-12-09,54.58715438842773,54.58715438842773,54.40366744995117,54.49541091918945,10900
2020-12-10,54.86238479614258,54.86238479614258,54.58715438842773,54.58715438842773,10042
2020-12-11,54.86238479614258,54.86238479614258,54.86238479614258,54.86238479614258,1090
2020-12-14,54.86238479614258,55.04587173461914,54.7706413269043,55.04587173461914,9812
2020-12-15,55.04587173461914,55.04587173461914,54.58715438842773,54.58715438842773,16273
2020-12-16,54.1284408569336,55.96330261230469,54.1284408569336,55.96330261230469,27248
2020-12-17,55.96330261230469,57.15596389770508,55.779815673828125,57.15596389770508,24208
2020-12-18,57.15596389770508,57.15596389770508,55.871559143066406,55.871559143066406,10949
2020-12-21,56.88073348999024,56.88073348999024,55.96330261230469,55.96330261230469,16350
2020-12-22,55.96330261230469,55.96330261230469,55.779815673828125,55.779815673828125,13118
2020-12-23,55.871559143066406,55.96330261230469,55.412845611572266,55.412845611572266,22854
2020-12-24,54.58715438842773,56.51375961303711,54.58715438842773,56.51375961303711,18639
2020-12-25,56.33027648925781,56.33027648925781,56.05504608154297,56.05504608154297,3273
2020-12-28,56.14678955078125,56.78899002075195,56.14678955078125,56.78899002075195,27974
2020-12-29,56.78899002075195,56.78899002075195,56.78899002075195,56.78899002075195,10900
2020-12-30,56.78899002075195,57.15596389770508,56.42201614379883,57.0642204284668,23726
2020-12-31,57.0642204284668,57.0642204284668,56.78899002075195,57.0642204284668,19913
2021-01-04,57.33945083618164,57.79816436767578,56.97247695922852,57.79816436767578,23980
2021-01-05,56.97247695922852,56.97247695922852,56.88073348999024,56.88073348999024,8769
2021-01-06,56.88073348999024,56.88073348999024,56.78899002075195,56.78899002075195,5450
2021-01-07,57.0642204284668,57.0642204284668,57.0642204284668,57.0642204284668,1090
2021-01-08,57.15596389770508,57.52293395996094,57.15596389770508,57.52293395996094,5485
2021-01-11,57.0642204284668,57.0642204284668,56.97247695922852,56.97247695922852,4360
2021-01-12,57.0642204284668,57.0642204284668,56.78899002075195,56.78899002075195,12046
2021-01-13,56.88073348999024,57.61467742919922,56.88073348999024,57.61467742919922,14180
2021-01-14,58.25688171386719,58.44036483764648,57.0642204284668,57.7064208984375,18674
2021-01-15,57.0642204284668,57.0642204284668,56.88073348999024,56.88073348999024,7035
2021-01-18,56.88073348999024,56.88073348999024,56.60550308227539,56.60550308227539,10516
2021-01-19,56.60550308227539,58.07339477539063,56.60550308227539,58.07339477539063,3467
2021-01-20,57.15596389770508,57.15596389770508,56.60550308227539,56.60550308227539,20710
2021-01-21,56.88073348999024,59.541282653808594,56.60550308227539,57.24770736694336,25070
2021-01-22,57.61467742919922,57.79816436767578,57.33945083618164,57.79816436767578,9984
2021-01-25,57.33945083618164,58.71559524536133,57.33945083618164,58.62385177612305,26251
2021-01-26,57.52293395996094,59.174312591552734,57.431190490722656,57.79816436767578,9347
2021-01-27,57.33945083618164,57.79816436767578,57.33945083618164,57.52293395996094,10943
2021-01-28,57.52293395996094,57.52293395996094,56.05504608154297,57.52293395996094,16350
2021-01-29,56.51375961303711,57.61467742919922,56.05504608154297,56.33027648925781,21909
2021-02-01,56.88073348999024,56.88073348999024,56.88073348999024,56.88073348999024,1090
2021-02-02,57.0642204284668,57.61467742919922,57.0642204284668,57.61467742919922,4360
2021-02-03,57.61467742919922,57.61467742919922,57.431190490722656,57.52293395996094,8720
2021-02-04,57.61467742919922,57.61467742919922,57.33945083618164,57.33945083618164,7780
2021-02-05,57.79816436767578,58.165138244628906,57.431190490722656,57.431190490722656,6578
2021-02-17,58.165138244628906,58.165138244628906,57.61467742919922,58.165138244628906,7630
2021-02-18,58.25688171386719,58.25688171386719,57.88990783691406,57.88990783691406,10900
2021-02-19,58.25688171386719,58.25688171386719,57.33945083618164,57.33945083618164,8829
2021-02-22,57.52293395996094,58.07339477539063,57.52293395996094,57.79816436767578,17658
2021-02-23,57.98165130615234,58.71559524536133,57.98165130615234,58.71559524536133,31773
2021-02-24,59.174312591552734,59.174312591552734,58.532108306884766,58.71559524536133,20762
2021-02-25,59.08256912231445,59.63302612304688,57.88990783691406,58.71559524536133,56854
2021-02-26,58.71559524536133,60.27523040771485,57.15596389770508,58.44036483764648,61040
2021-03-02,58.44036483764648,58.44036483764648,58.44036483764648,58.44036483764648,6543
2021-03-03,57.0642204284668,58.07339477539063,57.0642204284668,57.79816436767578,14676
2021-03-04,57.33945083618164,57.61467742919922,57.15596389770508,57.61467742919922,13657
2021-03-05,58.62385177612305,59.174312591552734,58.62385177612305,58.71559524536133,11010
2021-03-08,58.3486213684082,59.174312591552734,58.3486213684082,59.174312591552734,4499
2021-03-09,59.541282653808594,59.63302612304688,58.89908218383789,59.44953918457031,11044
2021-03-10,58.80733871459961,58.80733871459961,58.80733871459961,58.80733871459961,6598
2021-03-11,59.174312591552734,59.266056060791016,58.89908218383789,58.89908218383789,13516
2021-03-12,58.89908218383789,58.89908218383789,58.89908218383789,58.89908218383789,1090
2021-03-15,58.89908218383789,59.174312591552734,57.88990783691406,58.80733871459961,21800
2021-03-16,58.80733871459961,58.80733871459961,58.80733871459961,58.80733871459961,2180
2021-03-17,58.165138244628906,58.532108306884766,57.88990783691406,57.88990783691406,8869
2021-03-18,58.80733871459961,58.89908218383789,58.44036483764648,58.44036483764648,19764
2021-03-19,57.98165130615234,58.07339477539063,57.7064208984375,57.7064208984375,27250
2021-03-22,57.61467742919922,58.3486213684082,57.61467742919922,58.25688171386719,3270
2021-03-23,58.62385177612305,58.62385177612305,58.62385177612305,58.62385177612305,1417
2021-03-24,58.62385177612305,59.08256912231445,57.79816436767578,57.88990783691406,52429
2021-03-25,57.79816436767578,57.79816436767578,57.79816436767578,57.79816436767578,1090
2021-03-26,57.61467742919922,57.98165130615234,57.52293395996094,57.61467742919922,27250
2021-03-29,57.7064208984375,57.7064208984375,57.61467742919922,57.61467742919922,3272
2021-03-30,57.79816436767578,57.88990783691406,57.79816436767578,57.88990783691406,7630
2021-03-31,57.88990783691406,57.88990783691406,57.88990783691406,57.88990783691406,1092
2021-04-01,57.98165130615234,57.98165130615234,57.98165130615234,57.98165130615234,1090
2021-04-07,58.3486213684082,59.174312591552734,58.165138244628906,58.71559524536133,15289
2021-04-08,58.44036483764648,58.99082565307617,58.44036483764648,58.99082565307617,27250
2021-04-09,58.71559524536133,60.366973876953125,58.71559524536133,59.44953918457031,34886
2021-04-12,59.81651306152344,59.81651306152344,59.266056060791016,59.63302612304688,15303
2021-04-13,59.541282653808594,59.63302612304688,58.89908218383789,59.63302612304688,28531
2021-04-14,59.08256912231445,60.0,58.71559524536133,60.0,45889
2021-04-15,60.18348693847656,60.18348693847656,59.3577995300293,60.18348693847656,20707
2021-04-16,60.18348693847656,60.366973876953125,60.09174346923828,60.366973876953125,20067
2021-04-19,60.366973876953125,60.45871353149414,60.27523040771485,60.45871353149414,20720
2021-04-20,60.91743087768555,61.10091781616211,60.91743087768555,60.91743087768555,25288
2021-04-21,60.55045700073242,60.82568740844727,59.81651306152344,60.0,44049
2021-04-22,60.0,60.0,58.89908218383789,58.89908218383789,38152
2021-04-23,58.99082565307617,60.09174346923828,58.99082565307617,59.72476959228516,19909
2021-04-26,59.266056060791016,59.266056060791016,58.99082565307617,58.99082565307617,28340
2021-04-27,58.99082565307617,59.63302612304688,58.532108306884766,59.63302612304688,34880
2021-04-28,60.09174346923828,60.09174346923828,58.62385177612305,59.174312591552734,38180
2021-04-29,60.0,60.0,59.3577995300293,59.63302612304688,77023
2021-05-03,59.63302612304688,59.63302612304688,58.62385177612305,58.62385177612305,64312
2021-05-04,58.71559524536133,58.80733871459961,57.79816436767578,57.88990783691406,63220
2021-05-05,57.52293395996094,57.61467742919922,57.52293395996094,57.61467742919922,6540
2021-05-06,57.98165130615234,58.3486213684082,57.98165130615234,57.98165130615234,7663
2021-05-07,58.07339477539063,58.89908218383789,58.07339477539063,58.89908218383789,5602
2021-05-10,59.541282653808594,59.81651306152344,59.266056060791016,59.81651306152344,29430
2021-05-11,58.80733871459961,59.72476959228516,58.71559524536133,58.71559524536133,30781
2021-05-12,58.71559524536133,58.71559524536133,56.14678955078125,56.33027648925781,50140
2021-05-13,56.33027648925781,56.33027648925781,55.04587173461914,55.2293586730957,29432
2021-05-14,57.61467742919922,57.61467742919922,56.69724655151367,56.69724655151367,15260
2021-05-17,56.60550308227539,56.60550308227539,55.13761520385742,55.13761520385742,11990
2021-05-18,55.96330261230469,57.24770736694336,55.96330261230469,56.78899002075195,34880
2021-05-19,55.13761520385742,56.78899002075195,55.13761520385742,56.42201614379883,40474
2021-05-20,56.69724655151367,56.78899002075195,56.42201614379883,56.42201614379883,15260
2021-05-21,57.33945083618164,57.33945083618164,57.33945083618164,57.33945083618164,1090
2021-05-24,57.7064208984375,57.79816436767578,57.61467742919922,57.7064208984375,17440
2021-05-25,58.62385177612305,58.62385177612305,58.62385177612305,58.62385177612305,1090
2021-05-26,58.62385177612305,58.62385177612305,58.07339477539063,58.07339477539063,15260
2021-05-27,57.79816436767578,57.79816436767578,57.61467742919922,57.79816436767578,8720
2021-05-28,57.0642204284668,58.25688171386719,57.0642204284668,57.88990783691406,10935
2021-05-31,58.44036483764648,58.44036483764648,57.88990783691406,58.25688171386719,6540
2021-06-01,58.3486213684082,58.532108306884766,58.25688171386719,58.25688171386719,14170
2021-06-02,58.25688171386719,58.25688171386719,58.07339477539063,58.07339477539063,9962
2021-06-03,58.25688171386719,58.25688171386719,57.98165130615234,58.07339477539063,4360
2021-06-04,58.25688171386719,58.25688171386719,58.25688171386719,58.25688171386719,4360
2021-06-07,58.25688171386719,58.25688171386719,58.25688171386719,58.25688171386719,3270
2021-06-08,59.44953918457031,59.541282653808594,58.25688171386719,58.25688171386719,8984
2021-06-09,58.25688171386719,58.25688171386719,58.25688171386719,58.25688171386719,3270
2021-06-10,58.25688171386719,58.25688171386719,57.98165130615234,57.98165130615234,13113
2021-06-11,58.25688171386719,58.25688171386719,57.88990783691406,57.88990783691406,16350
2021-06-15,57.98165130615234,57.98165130615234,57.98165130615234,57.98165130615234,1379
2021-06-16,57.7064208984375,57.98165130615234,57.61467742919922,57.61467742919922,6731
2021-06-17,57.79816436767578,57.98165130615234,57.79816436767578,57.98165130615234,19620
2021-06-18,58.165138244628906,58.44036483764648,58.165138244628906,58.44036483764648,6540
2021-06-21,58.44036483764648,63.30275344848633,58.44036483764648,61.28440475463867,121208
2021-06-22,62.38532257080078,62.75229263305664,61.19266128540039,62.4770622253418,131657
2021-06-23,63.30275344848633,68.7155990600586,61.74311828613281,67.7064208984375,1162965
2021-06-24,67.79816436767578,67.79816436767578,63.30275344848633,67.61467742919922,412194
2021-06-25,68.07339477539062,69.26605224609375,67.33944702148438,67.52293395996094,409964
2021-06-28,67.52293395996094,68.1651382446289,65.59632873535156,65.59632873535156,92759
2021-06-29,65.22935485839844,66.05504608154297,64.86238861083984,64.86238861083984,103734
2021-06-30,64.31192779541016,64.40367126464844,63.30275344848633,63.394493103027344,87790
2021-07-01,63.85321044921875,63.85321044921875,61.37614440917969,61.37614440917969,58547
2021-07-02,61.74311828613281,61.74311828613281,60.6422004699707,60.6422004699707,69869
2021-07-05,61.19266128540039,61.19266128540039,59.81651306152344,60.366973876953125,53519
2021-07-06,61.28440475463867,62.9357795715332,61.10091781616211,61.10091781616211,57857
2021-07-07,60.366973876953125,60.82568740844727,60.09174346923828,60.18348693847656,39352
2021-07-08,60.27523040771485,60.366973876953125,60.27523040771485,60.27523040771485,15260
2021-07-09,60.27523040771485,60.27523040771485,60.18348693847656,60.27523040771485,7673
2021-07-12,59.90825653076172,61.28440475463867,59.90825653076172,60.09174346923828,14326
2021-07-13,60.09174346923828,60.27523040771485,59.81651306152344,59.81651306152344,28873
2021-07-14,60.91743087768555,61.37614440917969,60.0,60.0,28340
2021-07-15,60.0,60.0,59.90825653076172,60.0,23980
2021-07-16,59.72476959228516,60.0,59.63302612304688,59.72476959228516,17440
2021-07-19,59.72476959228516,60.09174346923828,59.44953918457031,60.09174346923828,34941
2021-07-20,59.63302612304688,59.90825653076172,59.63302612304688,59.63302612304688,34880
2021-07-21,59.72476959228516,59.90825653076172,59.72476959228516,59.90825653076172,8720
2021-07-22,60.45871353149414,60.73394393920898,60.18348693847656,60.18348693847656,9810
2021-07-23,60.09174346923828,60.27523040771485,60.0,60.27523040771485,14170
2021-07-26,62.11009216308594,62.11009216308594,60.6422004699707,60.6422004699707,3271
2021-07-27,60.6422004699707,60.6422004699707,60.6422004699707,60.6422004699707,7630
2021-07-28,60.27523040771485,60.91743087768555,60.18348693847656,60.55045700073242,38150
2021-07-29,60.55045700073242,60.6422004699707,60.55045700073242,60.6422004699707,3270
2021-07-30,60.6422004699707,60.82568740844727,60.6422004699707,60.6422004699707,5450
2021-08-02,60.82568740844727,61.83486175537109,60.82568740844727,61.65137481689453,6541
2021-08-03,61.19266128540039,61.19266128540039,61.19266128540039,61.19266128540039,2180
2021-08-04,61.28440475463867,64.03669738769531,61.28440475463867,63.119266510009766,14170
2021-08-05,63.119266510009766,63.119266510009766,61.926605224609375,61.926605224609375,18530
2021-08-06,62.018348693847656,62.11009216308594,61.55963134765625,61.55963134765625,10900
2021-08-09,61.65137481689453,61.65137481689453,61.55963134765625,61.65137481689453,7630
2021-08-10,61.55963134765625,61.55963134765625,60.73394393920898,61.00917434692383,13247
2021-08-11,61.65137481689453,61.926605224609375,61.65137481689453,61.83486175537109,35970
2021-08-12,61.65137481689453,61.65137481689453,60.45871353149414,61.19266128540039,62636
2021-08-13,61.19266128540039,61.19266128540039,60.18348693847656,60.18348693847656,29430
2021-08-16,60.55045700073242,60.55045700073242,60.0,60.0,25070
2021-08-17,60.0,60.0,60.0,60.0,0
2021-08-18,58.07339477539063,59.63302612304688,58.07339477539063,59.63302612304688,11990
2021-08-19,58.71559524536133,58.71559524536133,58.71559524536133,58.71559524536133,1090
2021-08-20,58.532108306884766,58.532108306884766,58.44036483764648,58.44036483764648,2180
2021-08-23,58.99082565307617,59.174312591552734,58.99082565307617,59.174312591552734,2207
2021-08-24,58.532108306884766,58.532108306884766,58.532108306884766,58.532108306884766,2215
2021-08-25,59.63302612304688,59.72476959228516,59.63302612304688,59.63302612304688,17450
2021-08-26,59.63302612304688,59.63302612304688,59.63302612304688,59.63302612304688,12043
2021-08-27,59.90825653076172,59.90825653076172,59.63302612304688,59.63302612304688,11990
2021-08-30,59.63302612304688,59.72476959228516,59.63302612304688,59.63302612304688,10900
2021-08-31,59.63302612304688,59.72476959228516,59.63302612304688,59.72476959228516,9810
2021-09-01,59.72476959228516,59.72476959228516,59.63302612304688,59.72476959228516,9845
2021-09-02,59.72476959228516,60.55045700073242,59.63302612304688,59.63302612304688,15260
2021-09-03,59.63302612304688,60.0,59.63302612304688,60.0,14170
2021-09-06,59.63302612304688,59.63302612304688,59.63302612304688,59.63302612304688,10900
2021-09-07,59.63302612304688,59.63302612304688,59.63302612304688,59.63302612304688,12690
2021-09-08,59.63302612304688,59.63302612304688,59.63302612304688,59.63302612304688,13083
2021-09-09,59.63302612304688,59.63302612304688,58.99082565307617,58.99082565307617,36079
2021-09-10,58.99082565307617,58.99082565307617,58.44036483764648,58.71559524536133,22018
2021-09-13,58.07339477539063,58.165138244628906,57.79816436767578,57.79816436767578,16375
2021-09-14,58.89908218383789,58.89908218383789,57.52293395996094,57.79816436767578,10900
2021-09-15,58.71559524536133,58.71559524536133,57.61467742919922,58.44036483764648,8720
2021-09-16,57.61467742919922,57.7064208984375,57.24770736694336,57.24770736694336,6542
2021-09-17,57.24770736694336,59.44953918457031,57.24770736694336,57.52293395996094,33878
2021-09-22,57.33945083618164,57.33945083618164,56.78899002075195,56.88073348999024,29484
2021-09-23,56.60550308227539,56.88073348999024,56.42201614379883,56.42201614379883,16350
2021-09-24,56.88073348999024,57.0642204284668,56.69724655151367,57.0642204284668,8209
2021-09-27,57.33945083618164,57.33945083618164,57.33945083618164,57.33945083618164,1144
2021-09-28,57.33945083618164,57.33945083618164,57.33945083618164,57.33945083618164,0
2021-09-29,57.33945083618164,57.33945083618164,57.24770736694336,57.24770736694336,6540
2021-09-30,57.24770736694336,57.24770736694336,57.24770736694336,57.24770736694336,0
2021-10-01,56.42201614379883,58.07339477539063,56.33027648925781,56.42201614379883,16404
2021-10-04,56.05504608154297,56.78899002075195,55.59632873535156,56.42201614379883,19620
2021-10-05,56.42201614379883,56.42201614379883,56.33027648925781,56.33027648925781,2181
2021-10-06,56.33027648925781,56.33027648925781,56.33027648925781,56.33027648925781,2180
2021-10-07,56.78899002075195,57.24770736694336,56.78899002075195,57.24770736694336,18640
2021-10-08,56.88073348999024,56.88073348999024,56.88073348999024,56.88073348999024,1090
2021-10-12,56.88073348999024,57.33945083618164,56.78899002075195,56.78899002075195,9898
2021-10-13,56.88073348999024,57.0642204284668,56.88073348999024,57.0642204284668,4360
2021-10-14,57.52293395996094,57.52293395996094,57.52293395996094,57.52293395996094,1101
2021-10-15,57.52293395996094,57.52293395996094,57.52293395996094,57.52293395996094,0
2021-10-18,58.07339477539063,58.25688171386719,58.07339477539063,58.25688171386719,3270
2021-10-19,58.44036483764648,58.71559524536133,58.3486213684082,58.62385177612305,8721
2021-10-20,58.62385177612305,58.62385177612305,58.25688171386719,58.25688171386719,19664
2021-10-21,57.79816436767578,58.25688171386719,57.79816436767578,57.88990783691406,10941
2021-10-22,57.88990783691406,57.88990783691406,57.88990783691406,57.88990783691406,0
2021-10-25,57.88990783691406,57.88990783691406,57.88990783691406,57.88990783691406,1100
2021-10-26,58.44036483764648,59.174312591552734,58.44036483764648,59.174312591552734,10900
2021-10-27,59.541282653808594,59.541282653808594,57.98165130615234,58.25688171386719,4504
2021-10-28,58.25688171386719,58.25688171386719,58.25688171386719,58.25688171386719,0
2021-10-29,58.3486213684082,58.3486213684082,58.25688171386719,58.25688171386719,7630
2021-11-01,58.71559524536133,58.71559524536133,58.71559524536133,58.71559524536133,1266
2021-11-02,58.71559524536133,58.71559524536133,58.71559524536133,58.71559524536133,1090
2021-11-03,58.71559524536133,58.71559524536133,58.71559524536133,58.71559524536133,3270
2021-11-04,58.532108306884766,58.89908218383789,58.532108306884766,58.71559524536133,23981
2021-11-05,58.71559524536133,58.71559524536133,58.71559524536133,58.71559524536133,0
2021-11-08,57.15596389770508,57.431190490722656,57.15596389770508,57.431190490722656,2180
2021-11-09,58.80733871459961,58.80733871459961,58.80733871459961,58.80733871459961,1090
2021-11-10,58.25688171386719,58.25688171386719,58.25688171386719,58.25688171386719,5460
2021-11-11,57.88990783691406,57.88990783691406,57.0642204284668,57.61467742919922,10900
2021-11-12,57.0642204284668,57.33945083618164,56.97247695922852,57.33945083618164,8720
2021-11-15,56.69724655151367,57.24770736694336,56.69724655151367,57.24770736694336,14171
2021-11-16,57.24770736694336,57.24770736694336,57.24770736694336,57.24770736694336,0
2021-11-17,57.79816436767578,57.79816436767578,57.15596389770508,57.15596389770508,16399
2021-11-18,57.15596389770508,57.88990783691406,57.15596389770508,57.15596389770508,31244
2021-11-19,57.33945083618164,57.33945083618164,57.33945083618164,57.33945083618164,10900
2021-11-22,57.33945083618164,57.33945083618164,57.33945083618164,57.33945083618164,1090
2021-11-23,57.33945083618164,57.33945083618164,57.33945083618164,57.33945083618164,10900
2021-11-24,57.7064208984375,57.7064208984375,57.7064208984375,57.7064208984375,1090
2021-11-25,57.7064208984375,57.7064208984375,57.7064208984375,57.7064208984375,0
2021-11-26,57.33945083618164,57.33945083618164,56.60550308227539,56.60550308227539,11990
2021-11-29,56.51375961303711,56.78899002075195,56.51375961303711,56.78899002075195,3270
2021-11-30,57.15596389770508,57.15596389770508,56.42201614379883,56.42201614379883,3270
2021-12-01,57.15596389770508,57.15596389770508,57.15596389770508,57.15596389770508,7630
2021-12-02,56.42201614379883,56.42201614379883,56.42201614379883,56.42201614379883,10921
2021-12-03,56.42201614379883,56.42201614379883,56.42201614379883,56.42201614379883,0
2021-12-06,58.07339477539063,58.07339477539063,56.23853302001953,56.23853302001953,26160
2021-12-07,56.23853302001953,56.23853302001953,56.23853302001953,56.23853302001953,0
2021-12-08,56.88073348999024,56.88073348999024,56.88073348999024,56.88073348999024,18639
2021-12-09,57.88990783691406,57.88990783691406,56.97247695922852,56.97247695922852,3270
2021-12-10,57.79816436767578,57.79816436767578,57.61467742919922,57.61467742919922,2180
2021-12-13,57.61467742919922,57.61467742919922,57.61467742919922,57.61467742919922,0
2021-12-14,57.61467742919922,57.61467742919922,57.61467742919922,57.61467742919922,0
2021-12-15,57.79816436767578,57.79816436767578,57.79816436767578,57.79816436767578,2180
2021-12-16,57.79816436767578,57.88990783691406,56.42201614379883,57.61467742919922,37060
2021-12-17,56.78899002075195,57.52293395996094,56.69724655151367,57.52293395996094,5488
2021-12-20,56.51375961303711,57.52293395996094,56.51375961303711,56.51375961303711,4370
2021-12-21,58.07339477539063,58.165138244628906,56.51375961303711,57.61467742919922,21800
2021-12-22,57.7064208984375,57.7064208984375,57.24770736694336,57.24770736694336,2190
2021-12-23,57.24770736694336,57.24770736694336,57.24770736694336,57.24770736694336,0
2021-12-24,57.7064208984375,58.07339477539063,56.23853302001953,57.52293395996094,34880
2021-12-27,57.61467742919922,57.98165130615234,57.61467742919922,57.98165130615234,26207
2021-12-28,57.98165130615234,58.62385177612305,57.98165130615234,58.532108306884766,10900
2021-12-29,58.532108306884766,58.532108306884766,58.532108306884766,58.532108306884766,3270
2021-12-30,58.89908218383789,58.89908218383789,57.431190490722656,58.3486213684082,5450
2022-01-03,57.431190490722656,58.44036483764648,57.431190490722656,58.44036483764648,2289
2022-01-04,58.44036483764648,58.44036483764648,58.44036483764648,58.44036483764648,0
2022-01-05,57.24770736694336,57.98165130615234,57.0642204284668,57.98165130615234,5450
2022-01-06,56.97247695922852,56.97247695922852,56.97247695922852,56.97247695922852,1199
2022-01-07,58.07339477539063,58.07339477539063,57.15596389770508,57.15596389770508,2180
2022-01-10,57.15596389770508,57.15596389770508,57.15596389770508,57.15596389770508,0
2022-01-11,56.51375961303711,57.15596389770508,56.51375961303711,57.15596389770508,3270
2022-01-12,57.15596389770508,57.15596389770508,57.15596389770508,57.15596389770508,0
2022-01-13,56.42201614379883,56.42201614379883,56.42201614379883,56.42201614379883,3658
2022-01-14,56.60550308227539,56.60550308227539,56.60550308227539,56.60550308227539,2190
2022-01-17,56.42201614379883,56.42201614379883,56.42201614379883,56.42201614379883,2180
2022-01-18,56.69724655151367,56.69724655151367,56.69724655151367,56.69724655151367,2180
2022-01-19,56.14678955078125,57.15596389770508,56.05504608154297,56.60550308227539,10900
2022-01-20,57.15596389770508,57.15596389770508,56.97247695922852,57.15596389770508,13080
2022-01-21,56.05504608154297,56.14678955078125,55.96330261230469,55.96330261230469,9810
2022-01-24,55.13761520385742,55.13761520385742,55.13761520385742,55.13761520385742,1090
2022-01-25,54.31192779541016,55.04587173461914,54.31192779541016,55.04587173461914,19620
2022-01-26,55.04587173461914,55.04587173461914,55.04587173461914,55.04587173461914,0
2022-02-07,55.04587173461914,55.04587173461914,55.04587173461914,55.04587173461914,0
2022-02-08,56.05504608154297,56.05504608154297,55.96330261230469,55.96330261230469,3270
2022-02-09,55.96330261230469,55.96330261230469,55.96330261230469,55.96330261230469,0
2022-02-10,55.50458526611328,55.96330261230469,55.412845611572266,55.96330261230469,3270
2022-02-11,55.32109832763672,55.871559143066406,55.13761520385742,55.68807220458984,21800
2022-02-14,55.68807220458984,55.68807220458984,55.68807220458984,55.68807220458984,0
2022-02-15,55.779815673828125,55.779815673828125,55.32109832763672,55.50458526611328,6540
2022-02-16,55.59632873535156,55.59632873535156,55.59632873535156,55.59632873535156,1090
2022-02-17,55.59632873535156,55.59632873535156,55.59632873535156,55.59632873535156,0
2022-02-18,55.50458526611328,55.50458526611328,55.04587173461914,55.04587173461914,3270
2022-02-21,54.31192779541016,54.31192779541016,54.31192779541016,54.31192779541016,1090
2022-02-22,54.40366744995117,54.86238479614258,53.85321044921875,53.85321044921875,9919
2022-02-23,54.03669738769531,54.95412826538086,53.94495391845703,54.95412826538086,3270
2022-02-24,54.1284408569336,54.1284408569336,53.66972351074219,54.1284408569336,8720
2022-02-25,54.1284408569336,54.1284408569336,53.76146697998047,53.76146697998047,3270
2022-03-01,53.394493103027344,53.66972351074219,53.394493103027344,53.394493103027344,15260
2022-03-02,53.394493103027344,53.394493103027344,53.21100997924805,53.21100997924805,5450
2022-03-03,54.86238479614258,55.32109832763672,53.394493103027344,53.394493103027344,51286
2022-03-04,53.394493103027344,53.85321044921875,53.394493103027344,53.85321044921875,2180
2022-03-07,53.21100997924805,53.21100997924805,52.018348693847656,52.293575286865234,13080
2022-03-08,51.83486175537109,52.293575286865234,49.44953918457031,49.81651306152344,17549
2022-03-09,50.82568740844727,51.19266128540039,50.45871353149414,50.45871353149414,26160
2022-03-10,50.6422004699707,51.74311828613281,50.55045700073242,51.00917434692383,5450
2022-03-11,51.00917434692383,51.46788787841797,50.45871353149414,50.91743087768555,7630
2022-03-14,51.10091781616211,51.10091781616211,51.10091781616211,51.10091781616211,1240
2022-03-15,51.10091781616211,51.10091781616211,51.10091781616211,51.10091781616211,1090
2022-03-16,51.19266128540039,52.20183563232422,50.91743087768555,51.37614440917969,4360
2022-03-17,51.37614440917969,51.37614440917969,51.37614440917969,51.37614440917969,0
2022-03-18,51.37614440917969,52.66054916381836,51.19266128540039,51.19266128540039,5450
2022-03-21,51.19266128540039,51.46788787841797,51.19266128540039,51.46788787841797,4360
2022-03-22,51.46788787841797,51.46788787841797,51.19266128540039,51.19266128540039,6540
2022-03-23,51.19266128540039,51.65137481689453,51.19266128540039,51.65137481689453,15260
2022-03-24,51.37614440917969,51.37614440917969,51.19266128540039,51.19266128540039,6540
2022-03-25,51.19266128540039,51.19266128540039,51.19266128540039,51.19266128540039,0
2022-03-28,51.83486175537109,52.018348693847656,51.83486175537109,52.018348693847656,3488
2022-03-29,51.37614440917969,51.37614440917969,51.37614440917969,51.37614440917969,2310
2022-03-30,51.37614440917969,52.11009216308594,51.37614440917969,52.11009216308594,2180
2022-03-31,51.37614440917969,51.37614440917969,51.37614440917969,51.37614440917969,1091
2022-04-01,51.37614440917969,51.37614440917969,51.28440475463867,51.28440475463867,2181
2022-04-06,51.19266128540039,51.19266128540039,51.19266128540039,51.19266128540039,6540
2022-04-07,51.19266128540039,51.19266128540039,50.09174346923828,50.27523040771485,31610
2022-04-08,50.27523040771485,51.19266128540039,50.27523040771485,51.19266128540039,10900
2022-04-11,50.55045700073242,50.55045700073242,50.45871353149414,50.45871353149414,4360
2022-04-12,50.45871353149414,50.45871353149414,50.45871353149414,50.45871353149414,0
2022-04-13,50.45871353149414,50.45871353149414,50.45871353149414,50.45871353149414,0
2022-04-14,51.28440475463867,51.28440475463867,51.28440475463867,51.28440475463867,1177
2022-04-15,51.28440475463867,51.37614440917969,51.28440475463867,51.28440475463867,16488
2022-04-18,51.10091781616211,51.10091781616211,51.10091781616211,51.10091781616211,2215
2022-04-19,51.10091781616211,51.10091781616211,51.10091781616211,51.10091781616211,0
2022-04-20,51.10091781616211,51.37614440917969,51.10091781616211,51.37614440917969,2180
2022-04-21,51.37614440917969,51.37614440917969,51.37614440917969,51.37614440917969,0
2022-04-22,49.90825653076172,51.00917434692383,49.90825653076172,51.00917434692383,5450
2022-04-25,52.20183563232422,52.20183563232422,50.45871353149414,51.28440475463867,37060
2022-04-26,50.55045700073242,51.10091781616211,50.55045700073242,51.10091781616211,4360
2022-04-27,51.10091781616211,51.10091781616211,50.45871353149414,50.82568740844727,27250
2022-04-28,51.37614440917969,51.37614440917969,51.37614440917969,51.37614440917969,2180
2022-04-29,50.6422004699707,51.28440475463867,50.6422004699707,50.82568740844727,6540
2022-05-03,50.91743087768555,50.91743087768555,50.91743087768555,50.91743087768555,2180
2022-05-04,51.00917434692383,51.00917434692383,51.00917434692383,51.00917434692383,1090
2022-05-05,51.00917434692383,51.00917434692383,51.00917434692383,51.00917434692383,0
2022-05-06,50.91743087768555,51.83486175537109,50.91743087768555,51.74311828613281,8720
2022-05-09,50.6422004699707,50.82568740844727,50.6422004699707,50.82568740844727,4360
2022-05-10,50.82568740844727,50.82568740844727,50.82568740844727,50.82568740844727,2180
2022-05-11,50.82568740844727,50.82568740844727,50.82568740844727,50.82568740844727,0
2022-05-12,50.82568740844727,50.82568740844727,50.82568740844727,50.82568740844727,2180
2022-05-13,51.83486175537109,51.83486175537109,51.83486175537109,51.83486175537109,2180
2022-05-16,51.83486175537109,51.83486175537109,51.83486175537109,51.83486175537109,0
2022-05-17,51.926605224609375,51.926605224609375,51.926605224609375,51.926605224609375,2180
2022-05-18,51.83486175537109,51.926605224609375,51.46788787841797,51.46788787841797,21800
2022-05-19,50.6422004699707,51.19266128540039,50.6422004699707,51.19266128540039,13080
2022-05-20,51.19266128540039,52.9357795715332,51.19266128540039,52.75229263305664,14223
2022-05-23,52.75229263305664,52.75229263305664,52.75229263305664,52.75229263305664,0
2022-05-24,52.75229263305664,52.75229263305664,52.75229263305664,52.75229263305664,0
2022-05-25,53.21100997924805,53.21100997924805,52.84403610229492,53.21100997924805,5488
2022-05-26,54.03669738769531,54.03669738769531,53.94495391845703,54.03669738769531,3270
2022-05-27,53.30275344848633,54.22018432617188,53.21100997924805,54.22018432617188,13088
2022-05-30,52.38532257080078,54.58715438842773,52.38532257080078,54.31192779541016,15260
2022-05-31,54.31192779541016,54.31192779541016,54.31192779541016,54.31192779541016,0
2022-06-01,54.49541091918945,54.49541091918945,54.49541091918945,54.49541091918945,1090
2022-06-02,54.49541091918945,54.49541091918945,54.49541091918945,54.49541091918945,0
2022-06-06,52.75229263305664,53.30275344848633,51.83486175537109,53.21100997924805,10900
2022-06-07,54.86238479614258,54.86238479614258,52.4770622253418,53.21100997924805,8721
2022-06-08,53.21100997924805,53.21100997924805,53.21100997924805,53.21100997924805,1090
2022-06-09,53.119266510009766,53.21100997924805,53.119266510009766,53.21100997924805,18530
2022-06-10,53.21100997924805,53.21100997924805,53.21100997924805,53.21100997924805,1090
2022-06-13,53.21100997924805,53.21100997924805,53.21100997924805,53.21100997924805,2180
2022-06-14,52.293575286865234,53.21100997924805,50.6422004699707,50.73394393920898,27250
2022-06-15,52.38532257080078,53.02752304077149,51.19266128540039,52.75229263305664,64651
2022-06-16,51.83486175537109,52.56880569458008,51.83486175537109,52.56880569458008,2180
2022-06-17,52.56880569458008,52.56880569458008,51.00917434692383,51.83486175537109,8720
2022-06-20,52.11009216308594,52.11009216308594,52.11009216308594,52.11009216308594,1090
2022-06-21,53.119266510009766,53.21100997924805,52.38532257080078,52.38532257080078,3270
2022-06-22,53.119266510009766,53.486236572265625,52.56880569458008,52.56880569458008,30521
2022-06-23,53.02752304077149,53.486236572265625,53.02752304077149,53.02752304077149,18530
2022-06-24,53.85321044921875,53.85321044921875,53.119266510009766,53.21100997924805,3305
2022-06-27,53.76146697998047,54.40366744995117,53.76146697998047,54.1284408569336,21800
2022-06-28,54.03669738769531,54.03669738769531,54.03669738769531,54.03669738769531,1090
2022-06-29,54.1284408569336,54.1284408569336,53.94495391845703,54.1284408569336,13080
2022-06-30,52.56880569458008,53.85321044921875,52.56880569458008,53.85321044921875,8720
2022-07-01,54.1284408569336,54.1284408569336,53.394493103027344,53.394493103027344,7630
2022-07-04,51.55963134765625,54.03669738769531,51.55963134765625,54.03669738769531,10900
2022-07-05,54.49541091918945,54.7706413269043,53.21100997924805,53.57798004150391,20710
2022-07-06,53.30275344848633,53.94495391845703,53.30275344848633,53.94495391845703,3270
2022-07-07,53.94495391845703,53.94495391845703,53.94495391845703,53.94495391845703,0
2022-07-08,54.22018432617188,54.22018432617188,53.76146697998047,53.76146697998047,18674
2022-07-11,54.40366744995117,54.40366744995117,53.85321044921875,53.85321044921875,9810
2022-07-12,53.119266510009766,54.40366744995117,52.84403610229492,53.486236572265625,9810
2022-07-13,53.486236572265625,54.22018432617188,53.486236572265625,53.66972351074219,14170
2022-07-14,52.9357795715332,52.9357795715332,52.11009216308594,52.66054916381836,3302
2022-07-15,53.21100997924805,53.21100997924805,53.21100997924805,53.21100997924805,1090
2022-07-18,52.66054916381836,54.03669738769531,52.66054916381836,54.03669738769531,2181
2022-07-19,54.03669738769531,54.03669738769531,54.03669738769531,54.03669738769531,6540
2022-07-20,52.293575286865234,54.86238479614258,52.293575286865234,54.86238479614258,20161
2022-07-21,53.30275344848633,55.04587173461914,53.30275344848633,55.04587173461914,8720
2022-07-22,55.779815673828125,55.779815673828125,55.04587173461914,55.04587173461914,2180
2022-07-25,55.13761520385742,55.13761520385742,55.04587173461914,55.04587173461914,5450
2022-07-26,53.85321044921875,56.88073348999024,53.85321044921875,56.88073348999024,18855
2022-07-27,57.33945083618164,57.33945083618164,55.50458526611328,55.50458526611328,2180
2022-07-28,55.59632873535156,56.33027648925781,55.32109832763672,56.33027648925781,19655
2022-07-29,57.24770736694336,57.24770736694336,56.33027648925781,56.33027648925781,7684
2022-08-01,54.58715438842773,55.412845611572266,54.58715438842773,55.412845611572266,2180
2022-08-02,56.33027648925781,56.42201614379883,55.96330261230469,55.96330261230469,8720
2022-08-03,55.96330261230469,56.23853302001953,55.96330261230469,56.23853302001953,7630
2022-08-04,54.31192779541016,56.23853302001953,54.31192779541016,56.05504608154297,15260
2022-08-05,56.05504608154297,56.05504608154297,56.05504608154297,56.05504608154297,5450
2022-08-08,55.50458526611328,55.50458526611328,55.50458526611328,55.50458526611328,1090
2022-08-09,56.33027648925781,56.42201614379883,56.33027648925781,56.42201614379883,2205
2022-08-10,56.42201614379883,56.88073348999024,56.42201614379883,56.88073348999024,7630
2022-08-11,56.42201614379883,56.88073348999024,55.412845611572266,55.412845611572266,20745
2022-08-12,55.412845611572266,55.412845611572266,55.412845611572266,55.412845611572266,0
2022-08-15,55.96330261230469,55.96330261230469,55.96330261230469,55.96330261230469,7630
2022-08-16,54.31192779541016,54.31192779541016,54.31192779541016,54.31192779541016,1090
2022-08-17,55.2293586730957,56.23853302001953,54.31192779541016,56.23853302001953,8731
2022-08-18,56.78899002075195,56.78899002075195,55.779815673828125,55.779815673828125,6540
2022-08-19,56.33027648925781,56.33027648925781,56.14678955078125,56.14678955078125,9810
2022-08-22,56.88073348999024,56.88073348999024,56.88073348999024,56.88073348999024,1090
2022-08-23,56.42201614379883,56.51375961303711,56.42201614379883,56.42201614379883,5450
2022-08-24,56.42201614379883,56.42201614379883,56.42201614379883,56.42201614379883,4360
2022-08-25,56.60550308227539,56.78899002075195,56.51375961303711,56.78899002075195,4360
2022-08-26,58.62385177612305,58.62385177612305,56.78899002075195,56.78899002075195,14170
2022-08-29,56.88073348999024,56.88073348999024,56.42201614379883,56.42201614379883,30520
2022-08-30,56.42201614379883,56.69724655151367,56.42201614379883,56.69724655151367,2180
2022-08-31,56.69724655151367,56.69724655151367,56.69724655151367,56.69724655151367,2180
2022-09-01,56.42201614379883,56.60550308227539,54.678897857666016,56.60550308227539,22911
2022-09-02,55.59632873535156,56.42201614379883,55.59632873535156,56.42201614379883,7630
2022-09-05,56.42201614379883,56.42201614379883,56.33027648925781,56.33027648925781,7630
2022-09-06,56.42201614379883,56.42201614379883,56.33027648925781,56.33027648925781,7630
2022-09-07,56.42201614379883,56.42201614379883,56.33027648925781,56.33027648925781,9810
2022-09-08,56.33027648925781,56.33027648925781,56.33027648925781,56.33027648925781,0
2022-09-12,56.88073348999024,57.33945083618164,55.2293586730957,56.51375961303711,18530
2022-09-13,56.88073348999024,56.88073348999024,56.69724655151367,56.88073348999024,14170
2022-09-14,55.13761520385742,56.88073348999024,55.13761520385742,56.78899002075195,13080
2022-09-15,56.88073348999024,57.431190490722656,56.78899002075195,56.88073348999024,14170
2022-09-16,56.88073348999024,56.88073348999024,56.60550308227539,56.60550308227539,17440
2022-09-19,56.69724655151367,56.69724655151367,56.51375961303711,56.51375961303711,17461
2022-09-20,56.51375961303711,56.51375961303711,56.51375961303711,56.51375961303711,0
2022-09-21,57.0642204284668,57.24770736694336,57.0642204284668,57.24770736694336,2180
2022-09-22,57.24770736694336,57.24770736694336,55.412845611572266,55.59632873535156,16350
2022-09-23,56.14678955078125,56.33027648925781,56.14678955078125,56.33027648925781,3270
2022-09-26,56.33027648925781,56.33027648925781,56.33027648925781,56.33027648925781,0
2022-09-27,54.49541091918945,57.52293395996094,54.49541091918945,56.60550308227539,4360
2022-09-28,56.05504608154297,57.61467742919922,55.871559143066406,55.96330261230469,16350
2022-09-29,57.88990783691406,57.88990783691406,54.86238479614258,55.68807220458984,11998
2022-09-30,57.61467742919922,57.61467742919922,57.61467742919922,57.61467742919922,2178
2022-10-03,56.78899002075195,56.88073348999024,56.14678955078125,56.33027648925781,5450
2022-10-04,56.42201614379883,56.42201614379883,56.42201614379883,56.42201614379883,2180
2022-10-05,56.42201614379883,56.42201614379883,56.42201614379883,56.42201614379883,3270
2022-10-06,55.32109832763672,55.32109832763672,55.32109832763672,55.32109832763672,1090
2022-10-07,55.50458526611328,57.0642204284668,55.50458526611328,57.0642204284668,2197
2022-10-11,57.88990783691406,57.88990783691406,57.61467742919922,57.7064208984375,5563
2022-10-12,55.779815673828125,57.52293395996094,55.779815673828125,57.52293395996094,8938
2022-10-13,56.23853302001953,56.51375961303711,56.14678955078125,56.14678955078125,21800
2022-10-14,56.42201614379883,56.42201614379883,56.42201614379883,56.42201614379883,5450
2022-10-17,55.50458526611328,56.42201614379883,55.50458526611328,56.42201614379883,6594
2022-10-18,56.51375961303711,59.174312591552734,56.51375961303711,57.98165130615234,30520
2022-10-19,59.3577995300293,59.3577995300293,55.32109832763672,55.50458526611328,77390
2022-10-20,55.68807220458984,56.69724655151367,55.32109832763672,55.59632873535156,42510
2022-10-21,56.97247695922852,56.97247695922852,56.97247695922852,56.97247695922852,1092
2022-10-24,56.97247695922852,56.97247695922852,56.05504608154297,56.05504608154297,2180
2022-10-25,55.50458526611328,56.88073348999024,55.50458526611328,56.14678955078125,10900
2022-10-26,55.59632873535156,56.60550308227539,55.59632873535156,56.05504608154297,8720
2022-10-27,57.61467742919922,57.61467742919922,56.88073348999024,56.88073348999024,2180
2022-10-28,56.05504608154297,56.78899002075195,55.59632873535156,56.78899002075195,7630
2022-10-31,56.60550308227539,56.60550308227539,56.33027648925781,56.51375961303711,3321
2022-11-01,55.32109832763672,56.88073348999024,55.2293586730957,56.14678955078125,9946
2022-11-02,55.871559143066406,56.42201614379883,55.871559143066406,56.42201614379883,4360
2022-11-03,55.96330261230469,55.96330261230469,55.96330261230469,55.96330261230469,2180
2022-11-04,55.2293586730957,56.05504608154297,55.2293586730957,55.871559143066406,7630
2022-11-07,55.96330261230469,55.96330261230469,55.96330261230469,55.96330261230469,9810
2022-11-08,55.96330261230469,55.96330261230469,55.96330261230469,55.96330261230469,3340
2022-11-09,55.50458526611328,56.60550308227539,55.13761520385742,55.779815673828125,15287
2022-11-10,55.871559143066406,55.96330261230469,55.871559143066406,55.96330261230469,4360
2022-11-11,55.96330261230469,56.78899002075195,55.96330261230469,56.60550308227539,16350
2022-11-14,57.15596389770508,57.15596389770508,55.412845611572266,56.69724655151367,5460
2022-11-15,56.69724655151367,56.88073348999024,56.69724655151367,56.88073348999024,14170
2022-11-16,55.59632873535156,56.69724655151367,55.59632873535156,56.51375961303711,16366
2022-11-17,56.51375961303711,56.60550308227539,56.51375961303711,56.60550308227539,6561
2022-11-18,55.68807220458984,56.60550308227539,55.68807220458984,56.60550308227539,2868
2022-11-21,55.96330261230469,56.14678955078125,55.96330261230469,56.14678955078125,3297
2022-11-22,56.33027648925781,56.33027648925781,56.33027648925781,56.33027648925781,1133
2022-11-23,56.88073348999024,56.88073348999024,55.871559143066406,56.51375961303711,3305
2022-11-24,56.60550308227539,56.88073348999024,56.14678955078125,56.88073348999024,9901
2022-11-25,56.88073348999024,56.88073348999024,56.88073348999024,56.88073348999024,1090
2022-11-28,56.88073348999024,56.88073348999024,56.88073348999024,56.88073348999024,0
2022-11-29,56.88073348999024,56.88073348999024,56.88073348999024,56.88073348999024,3597
2022-11-30,56.97247695922852,56.97247695922852,56.88073348999024,56.97247695922852,4360
2022-12-01,57.0642204284668,57.24770736694336,56.97247695922852,57.0642204284668,14298
2022-12-02,57.15596389770508,57.15596389770508,57.15596389770508,57.15596389770508,1090
2022-12-05,57.33945083618164,57.33945083618164,56.88073348999024,56.88073348999024,13080
2022-12-06,57.52293395996094,57.52293395996094,56.60550308227539,56.60550308227539,27250
2022-12-07,56.33027648925781,56.33027648925781,56.33027648925781,56.33027648925781,1090
2022-12-08,56.33027648925781,56.33027648925781,56.33027648925781,56.33027648925781,0
2022-12-09,56.33027648925781,56.33027648925781,56.33027648925781,56.33027648925781,0
2022-12-12,57.33945083618164,57.33945083618164,56.33027648925781,56.33027648925781,8720
2022-12-13,56.23853302001953,56.42201614379883,56.05504608154297,56.42201614379883,3270
2022-12-14,56.14678955078125,57.0642204284668,56.14678955078125,56.69724655151367,5450
2022-12-15,56.69724655151367,56.69724655151367,56.69724655151367,56.69724655151367,2180
2022-12-16,56.14678955078125,56.14678955078125,55.68807220458984,56.05504608154297,26160
2022-12-19,56.14678955078125,56.14678955078125,56.14678955078125,56.14678955078125,2180
2022-12-20,55.96330261230469,56.33027648925781,55.96330261230469,56.33027648925781,3270
2022-12-21,56.33027648925781,56.33027648925781,56.33027648925781,56.33027648925781,0
2022-12-22,56.69724655151367,56.69724655151367,56.69724655151367,56.69724655151367,1090
2022-12-23,56.51375961303711,56.51375961303711,55.96330261230469,55.96330261230469,3270
2022-12-26,56.69724655151367,56.69724655151367,55.59632873535156,56.60550308227539,9810
2022-12-27,56.60550308227539,56.60550308227539,56.60550308227539,56.60550308227539,2180
2022-12-28,56.69724655151367,56.69724655151367,56.69724655151367,56.69724655151367,2180
2022-12-29,56.51375961303711,56.51375961303711,55.412845611572266,56.42201614379883,5452
2022-12-30,56.51375961303711,56.51375961303711,56.51375961303711,56.51375961303711,1090
2023-01-03,55.96330261230469,56.14678955078125,55.13761520385742,56.14678955078125,8747
2023-01-04,56.51375961303711,56.51375961303711,55.68807220458984,55.68807220458984,2180
2023-01-05,55.68807220458984,55.779815673828125,55.68807220458984,55.779815673828125,3280
2023-01-06,56.51375961303711,56.51375961303711,56.42201614379883,56.42201614379883,2180
2023-01-09,56.51375961303711,56.51375961303711,56.51375961303711,56.51375961303711,1098
2023-01-10,56.51375961303711,56.60550308227539,56.51375961303711,56.60550308227539,6649
2023-01-11,56.69724655151367,57.15596389770508,56.69724655151367,57.15596389770508,13080
2023-01-12,56.88073348999024,56.88073348999024,56.88073348999024,56.88073348999024,3270
2023-01-13,56.88073348999024,56.88073348999024,56.88073348999024,56.88073348999024,1090
2023-01-16,57.7064208984375,57.7064208984375,57.7064208984375,57.7064208984375,1090
2023-01-17,56.88073348999024,56.97247695922852,56.88073348999024,56.88073348999024,6540
2023-01-30,56.88073348999024,57.61467742919922,56.69724655151367,56.69724655151367,19620
2023-01-31,57.52293395996094,57.52293395996094,56.69724655151367,57.24770736694336,6953
2023-02-01,56.78899002075195,56.78899002075195,56.60550308227539,56.60550308227539,11990
2023-02-02,56.60550308227539,56.60550308227539,56.60550308227539,56.60550308227539,1090
2023-02-03,56.69724655151367,57.24770736694336,56.69724655151367,57.24770736694336,3270
2023-02-06,56.23853302001953,56.88073348999024,56.23853302001953,56.88073348999024,2180
2023-02-07,56.60550308227539,56.60550308227539,56.42201614379883,56.42201614379883,2180
2023-02-08,57.24770736694336,57.431190490722656,56.14678955078125,56.42201614379883,8726
2023-02-09,56.69724655151367,56.69724655151367,56.69724655151367,56.69724655151367,1090
2023-02-10,56.69724655151367,56.69724655151367,56.69724655151367,56.69724655151367,1090
2023-02-13,56.14678955078125,56.78899002075195,56.05504608154297,56.78899002075195,7630
2023-02-14,56.88073348999024,56.88073348999024,56.88073348999024,56.88073348999024,1090
2023-02-15,56.88073348999024,56.88073348999024,56.88073348999024,56.88073348999024,1090
2023-02-16,57.15596389770508,57.15596389770508,55.50458526611328,56.14678955078125,14170
2023-02-17,56.14678955078125,56.97247695922852,56.14678955078125,56.97247695922852,4360
2023-02-20,56.78899002075195,56.88073348999024,56.78899002075195,56.88073348999024,3297
2023-02-21,57.52293395996094,57.52293395996094,56.33027648925781,56.33027648925781,7640
2023-02-22,56.88073348999024,57.15596389770508,56.23853302001953,56.88073348999024,20710
2023-02-23,56.88073348999024,57.33945083618164,56.88073348999024,57.15596389770508,13080
2023-02-24,56.88073348999024,56.88073348999024,56.78899002075195,56.78899002075195,5460
2023-03-01,56.78899002075195,56.78899002075195,56.78899002075195,56.78899002075195,1091
2023-03-02,56.88073348999024,56.97247695922852,56.88073348999024,56.97247695922852,5450
2023-03-03,56.97247695922852,56.97247695922852,56.97247695922852,56.97247695922852,3270
2023-03-06,56.97247695922852,56.97247695922852,56.97247695922852,56.97247695922852,0
2023-03-07,57.52293395996094,62.66054916381836,57.52293395996094,62.66054916381836,359516
2023-03-08,63.02752304077149,68.89907836914062,62.018348693847656,64.22018432617188,960926
2023-03-09,64.22018432617188,64.22018432617188,61.46788787841797,61.74311828613281,125459
2023-03-10,60.55045700073242,61.65137481689453,59.63302612304688,61.65137481689453,65618
2023-03-13,61.55963134765625,62.11009216308594,60.73394393920898,62.018348693847656,28995
2023-03-14,60.73394393920898,61.926605224609375,60.73394393920898,60.82568740844727,27271
2023-03-15,60.6422004699707,62.293575286865234,60.6422004699707,60.91743087768555,16360
2023-03-16,60.09174346923828,61.926605224609375,60.09174346923828,60.366973876953125,34881
2023-03-17,60.73394393920898,61.74311828613281,60.45871353149414,60.6422004699707,17442
2023-03-20,60.18348693847656,60.6422004699707,59.63302612304688,59.81651306152344,20710
2023-03-21,59.81651306152344,61.37614440917969,59.266056060791016,60.366973876953125,28340
2023-03-22,60.18348693847656,61.28440475463867,60.18348693847656,60.6422004699707,15261
2023-03-23,61.00917434692383,61.65137481689453,61.00917434692383,61.00917434692383,19797
2023-03-24,61.10091781616211,62.66054916381836,61.10091781616211,62.11009216308594,28340
2023-03-27,62.4770622253418,62.56880569458008,62.018348693847656,62.38532257080078,12248
2023-03-28,63.66972351074219,63.66972351074219,62.4770622253418,62.4770622253418,31610
2023-03-29,63.21100997924805,63.21100997924805,61.926605224609375,62.018348693847656,9843
2023-03-30,62.84403610229492,62.84403610229492,62.293575286865234,62.293575286865234,11031
2023-03-31,62.84403610229492,62.84403610229492,61.65137481689453,62.11009216308594,27250
2023-04-06,62.84403610229492,62.84403610229492,62.11009216308594,62.11009216308594,4389
2023-04-07,62.11009216308594,62.84403610229492,62.018348693847656,62.66054916381836,11990
2023-04-10,62.018348693847656,62.293575286865234,61.46788787841797,62.293575286865234,28340
2023-04-11,62.293575286865234,62.84403610229492,62.293575286865234,62.84403610229492,7935
2023-04-12,62.018348693847656,62.66054916381836,62.018348693847656,62.11009216308594,11990
2023-04-13,62.293575286865234,62.293575286865234,62.20183563232422,62.20183563232422,11990
2023-04-14,63.02752304077149,63.02752304077149,62.38532257080078,62.66054916381836,15260
2023-04-17,62.9357795715332,62.9357795715332,62.11009216308594,62.11009216308594,18530
2023-04-18,62.20183563232422,62.75229263305664,62.20183563232422,62.20183563232422,21810
2023-04-19,61.65137481689453,61.83486175537109,61.00917434692383,61.00917434692383,13080
2023-04-20,60.82568740844727,61.37614440917969,60.82568740844727,61.10091781616211,6649
2023-04-21,61.46788787841797,61.46788787841797,60.55045700073242,60.55045700073242,6540
2023-04-24,60.55045700073242,60.6422004699707,60.55045700073242,60.6422004699707,6540
2023-04-25,60.6422004699707,60.6422004699707,60.27523040771485,60.27523040771485,23980
2023-04-26,60.27523040771485,61.37614440917969,60.27523040771485,61.37614440917969,4360
2023-04-27,61.00917434692383,61.00917434692383,61.00917434692383,61.00917434692383,2180
2023-04-28,60.55045700073242,61.19266128540039,60.366973876953125,61.19266128540039,18530
2023-05-02,61.19266128540039,61.37614440917969,61.00917434692383,61.37614440917969,8741
2023-05-03,60.82568740844727,60.82568740844727,60.82568740844727,60.82568740844727,1090
2023-05-04,60.82568740844727,60.82568740844727,60.55045700073242,60.55045700073242,10921
2023-05-05,60.55045700073242,61.10091781616211,60.55045700073242,60.82568740844727,7630
2023-05-08,61.00917434692383,61.00917434692383,61.00917434692383,61.00917434692383,7630
2023-05-09,61.00917434692383,61.00917434692383,60.6422004699707,60.6422004699707,2282
2023-05-10,61.00917434692383,61.00917434692383,60.73394393920898,60.73394393920898,6540
2023-05-11,60.6422004699707,61.00917434692383,60.55045700073242,61.00917434692383,14170
2023-05-12,60.18348693847656,60.18348693847656,60.18348693847656,60.18348693847656,1090
2023-05-15,60.73394393920898,60.73394393920898,60.0,60.0,2180
2023-05-16,61.19266128540039,61.19266128540039,60.18348693847656,61.10091781616211,10900
2023-05-17,60.91743087768555,65.96330261230469,60.91743087768555,62.9357795715332,54500
2023-05-18,63.394493103027344,63.394493103027344,62.9357795715332,63.30275344848633,16351
2023-05-19,63.85321044921875,63.85321044921875,63.394493103027344,63.394493103027344,17440
2023-05-22,63.21100997924805,63.21100997924805,62.84403610229492,62.84403610229492,6567
2023-05-23,63.30275344848633,63.30275344848633,62.9357795715332,63.02752304077149,6652
2023-05-24,63.02752304077149,63.76146697998047,62.75229263305664,63.76146697998047,10901
2023-05-25,63.02752304077149,63.02752304077149,62.56880569458008,62.75229263305664,16350
2023-05-26,62.75229263305664,63.57798004150391,62.4770622253418,63.02752304077149,10900
2023-05-29,63.02752304077149,63.02752304077149,63.02752304077149,63.02752304077149,1095
2023-05-30,63.66972351074219,63.66972351074219,63.02752304077149,63.02752304077149,9810
2023-05-31,63.119266510009766,63.119266510009766,63.02752304077149,63.02752304077149,8720
2023-06-01,62.66054916381836,63.02752304077149,62.66054916381836,63.02752304077149,2180
2023-06-02,63.02752304077149,63.57798004150391,62.9357795715332,62.9357795715332,10900
2023-06-05,63.76146697998047,63.76146697998047,63.76146697998047,63.76146697998047,1635
2023-06-06,63.76146697998047,63.76146697998047,63.394493103027344,63.76146697998047,6540
2023-06-07,63.85321044921875,63.85321044921875,63.486236572265625,63.486236572265625,3509
2023-06-08,63.486236572265625,63.486236572265625,62.84403610229492,62.84403610229492,3270
2023-06-09,62.84403610229492,63.94495391845703,62.84403610229492,62.9357795715332,10900
2023-06-12,63.02752304077149,64.587158203125,62.9357795715332,64.22018432617188,20720
2023-06-13,64.587158203125,64.67890167236328,63.76146697998047,63.76146697998047,7662
2023-06-14,64.67890167236328,65.13761138916016,64.31192779541016,64.40367126464844,20710
2023-06-15,65.50458526611328,65.59632873535156,64.40367126464844,65.59632873535156,48183
2023-06-16,65.96330261230469,65.96330261230469,65.32109832763672,65.32109832763672,10932
2023-06-19,64.31192779541016,64.9541244506836,64.03669738769531,64.86238861083984,19620
2023-06-20,64.86238861083984,64.86238861083984,64.03669738769531,64.77064514160156,5450
2023-06-21,65.04586791992188,66.05504608154297,64.22018432617188,66.05504608154297,32702
2023-06-26,66.05504608154297,66.05504608154297,66.05504608154297,66.05504608154297,5450
2023-06-27,64.67890167236328,65.77981567382812,64.67890167236328,65.77981567382812,5450
2023-06-28,64.49541473388672,66.23853302001953,64.49541473388672,65.22935485839844,45838
2023-06-29,66.14678955078125,66.14678955078125,64.77064514160156,64.77064514160156,91561
2023-06-30,65.412841796875,65.412841796875,64.22018432617188,64.22018432617188,18530
2023-07-03,64.22018432617188,64.77064514160156,64.1284408569336,64.1284408569336,39240
2023-07-04,64.40367126464844,64.40367126464844,63.85321044921875,64.1284408569336,37714
2023-07-05,65.13761138916016,65.13761138916016,64.31192779541016,64.31192779541016,40330
2023-07-06,65.04586791992188,65.04586791992188,63.85321044921875,63.85321044921875,13080
2023-07-07,63.394493103027344,63.76146697998047,63.30275344848633,63.76146697998047,34880
2023-07-10,64.587158203125,64.587158203125,63.94495391845703,63.94495391845703,46870
2023-07-11,64.49541473388672,65.13761138916016,64.22018432617188,65.04586791992188,45780
2023-07-12,64.40367126464844,65.22935485839844,64.40367126464844,65.13761138916016,8720
2023-07-13,65.68807220458984,65.68807220458984,65.412841796875,65.412841796875,3270
2023-07-14,64.86238861083984,65.8715591430664,64.86238861083984,65.68807220458984,4361
2023-07-17,66.05504608154297,66.05504608154297,65.59632873535156,65.59632873535156,9820
2023-07-18,64.86238861083984,64.86238861083984,64.67890167236328,64.77064514160156,15271
2023-07-19,65.8715591430664,65.8715591430664,64.49541473388672,64.49541473388672,8814
2023-07-20,63.76146697998047,64.86238861083984,63.30275344848633,64.40367126464844,29430
2023-07-21,63.85321044921875,65.04586791992188,63.76146697998047,64.587158203125,8720
2023-07-24,63.85321044921875,64.86238861083984,63.85321044921875,64.77064514160156,4370
2023-07-25,64.67890167236328,64.67890167236328,63.394493103027344,63.486236572265625,25070
2023-07-26,63.119266510009766,64.31192779541016,63.119266510009766,63.394493103027344,11205
2023-07-27,64.03669738769531,64.03669738769531,63.57798004150391,63.57798004150391,6550
2023-07-28,63.57798004150391,64.1284408569336,63.486236572265625,63.486236572265625,4365
2023-07-31,63.57798004150391,64.1284408569336,63.57798004150391,63.85321044921875,14331
2023-08-01,64.22018432617188,64.22018432617188,64.1284408569336,64.22018432617188,4360
2023-08-02,63.76146697998047,63.94495391845703,63.76146697998047,63.76146697998047,3270
2023-08-04,64.1284408569336,64.1284408569336,64.1284408569336,64.1284408569336,1090
2023-08-07,64.31192779541016,64.31192779541016,63.85321044921875,64.22018432617188,11990
2023-08-08,63.94495391845703,64.31192779541016,63.66972351074219,63.85321044921875,16350
2023-08-09,63.85321044921875,63.94495391845703,63.85321044921875,63.94495391845703,5452
2023-08-10,61.46788787841797,61.46788787841797,61.28440475463867,61.28440475463867,3270
2023-08-11,61.10091781616211,61.65137481689453,60.366973876953125,60.366973876953125,21925
2023-08-14,60.366973876953125,60.366973876953125,59.44953918457031,59.44953918457031,4360
2023-08-15,58.80733871459961,59.63302612304688,58.80733871459961,58.89908218383789,26165
2023-08-16,58.3486213684082,59.174312591552734,57.79816436767578,58.07339477539063,17494
2023-08-17,58.25688171386719,58.3486213684082,57.7064208984375,58.165138244628906,6540
2023-08-18,58.3486213684082,58.3486213684082,57.61467742919922,58.25688171386719,5450
2023-08-21,58.62385177612305,58.71559524536133,58.07339477539063,58.62385177612305,6540
2023-08-22,58.62385177612305,58.71559524536133,58.62385177612305,58.71559524536133,7630
2023-08-23,59.08256912231445,59.08256912231445,58.89908218383789,58.89908218383789,4360
2023-08-24,59.3577995300293,59.3577995300293,58.25688171386719,58.99082565307617,5450
2023-08-25,58.99082565307617,58.99082565307617,58.71559524536133,58.71559524536133,2180
2023-08-28,58.80733871459961,58.80733871459961,58.25688171386719,58.25688171386719,2614
2023-08-29,58.89908218383789,58.89908218383789,57.88990783691406,57.88990783691406,4360
2023-08-30,58.62385177612305,58.62385177612305,58.07339477539063,58.07339477539063,4360
2023-08-31,58.99082565307617,59.08256912231445,58.71559524536133,58.89908218383789,8720
2023-09-01,59.541282653808594,59.541282653808594,58.80733871459961,58.80733871459961,10900
2023-09-04,58.80733871459961,58.80733871459961,58.80733871459961,58.80733871459961,0
2023-09-05,60.0,60.0,57.88990783691406,57.88990783691406,19620
2023-09-06,57.98165130615234,57.98165130615234,57.98165130615234,57.98165130615234,1090
2023-09-07,57.98165130615234,57.98165130615234,56.69724655151367,57.15596389770508,26160
2023-09-08,57.24770736694336,57.24770736694336,57.24770736694336,57.24770736694336,1091
2023-09-11,57.79816436767578,57.98165130615234,57.79816436767578,57.79816436767578,10900
2023-09-12,57.79816436767578,57.79816436767578,57.79816436767578,57.79816436767578,1090
2023-09-13,57.88990783691406,57.88990783691406,57.79816436767578,57.79816436767578,2180
2023-09-14,58.07339477539063,58.165138244628906,57.88990783691406,57.88990783691406,4360
2023-09-15,57.88990783691406,58.25688171386719,57.52293395996094,57.7064208984375,5451
2023-09-18,57.33945083618164,57.7064208984375,57.0642204284668,57.431190490722656,5450
2023-09-19,57.79816436767578,57.79816436767578,56.60550308227539,57.15596389770508,5455
2023-09-20,56.88073348999024,57.24770736694336,56.78899002075195,57.24770736694336,3270
2023-09-21,57.24770736694336,57.431190490722656,56.23853302001953,57.431190490722656,9810
2023-09-22,56.97247695922852,56.97247695922852,56.88073348999024,56.88073348999024,2180
2023-09-25,57.61467742919922,57.7064208984375,57.61467742919922,57.7064208984375,5450
2023-09-26,57.431190490722656,57.79816436767578,56.51375961303711,57.79816436767578,9810
2023-09-27,57.88990783691406,57.88990783691406,57.88990783691406,57.88990783691406,1090
2023-09-28,57.79816436767578,57.79816436767578,57.15596389770508,57.33945083618164,4360
2023-10-02,57.61467742919922,57.61467742919922,57.61467742919922,57.61467742919922,1090
2023-10-03,57.33945083618164,57.33945083618164,57.24770736694336,57.24770736694336,4360
2023-10-04,56.97247695922852,56.97247695922852,56.60550308227539,56.60550308227539,3270
2023-10-05,57.61467742919922,57.7064208984375,56.97247695922852,57.7064208984375,4360
2023-10-06,57.7064208984375,57.7064208984375,57.7064208984375,57.7064208984375,0
2023-10-11,57.98165130615234,57.98165130615234,57.24770736694336,57.61467742919922,15260
2023-10-12,57.61467742919922,58.07339477539063,57.61467742919922,58.07339477539063,6540
2023-10-13,58.07339477539063,58.07339477539063,58.07339477539063,58.07339477539063,1090
2023-10-16,58.532108306884766,58.532108306884766,58.532108306884766,58.532108306884766,1090
2023-10-17,58.25688171386719,58.25688171386719,58.25688171386719,58.25688171386719,2438
2023-10-18,58.25688171386719,58.25688171386719,58.25688171386719,58.25688171386719,1090
2023-10-19,58.71559524536133,58.71559524536133,57.7064208984375,57.7064208984375,2180
2023-10-20,57.79816436767578,57.79816436767578,57.24770736694336,57.24770736694336,9810
2023-10-23,57.24770736694336,57.24770736694336,57.24770736694336,57.24770736694336,1090
2023-10-24,57.79816436767578,57.79816436767578,57.79816436767578,57.79816436767578,1090
2023-10-25,57.98165130615234,57.98165130615234,57.98165130615234,57.98165130615234,1090
2023-10-26,57.79816436767578,57.79816436767578,56.88073348999024,56.88073348999024,4360
2023-10-27,57.24770736694336,57.24770736694336,57.24770736694336,57.24770736694336,1090
2023-10-30,57.24770736694336,57.24770736694336,56.88073348999024,56.88073348999024,4360
2023-10-31,56.78899002075195,57.431190490722656,56.78899002075195,57.431190490722656,3270
2023-11-01,57.431190490722656,57.431190490722656,57.431190490722656,57.431190490722656,1090
2023-11-02,57.33945083618164,57.33945083618164,57.33945083618164,57.33945083618164,1090
2023-11-03,57.33945083618164,57.33945083618164,57.33945083618164,57.33945083618164,1090
2023-11-06,57.33945083618164,57.7064208984375,57.33945083618164,57.52293395996094,9810
2023-11-07,57.79816436767578,57.79816436767578,57.79816436767578,57.79816436767578,5450
2023-11-08,58.62385177612305,58.62385177612305,57.88990783691406,58.25688171386719,4360
2023-11-09,58.25688171386719,58.25688171386719,58.25688171386719,58.25688171386719,1100
2023-11-10,58.3486213684082,58.3486213684082,58.3486213684082,58.3486213684082,5450
2023-11-13,58.71559524536133,58.71559524536133,58.532108306884766,58.532108306884766,6540
2023-11-14,57.79816436767578,58.3486213684082,57.431190490722656,58.165138244628906,13080
2023-11-15,58.62385177612305,58.62385177612305,58.44036483764648,58.44036483764648,2539
2023-11-16,57.79816436767578,58.07339477539063,57.79816436767578,58.07339477539063,2278
2023-11-17,58.44036483764648,58.44036483764648,58.44036483764648,58.44036483764648,6540
2023-11-20,58.62385177612305,59.174312591552734,58.62385177612305,59.174312591552734,15260
2023-11-21,59.174312591552734,60.6422004699707,59.174312591552734,60.27523040771485,19620
2023-11-22,60.27523040771485,60.27523040771485,60.27523040771485,60.27523040771485,1095
2023-11-23,60.27523040771485,60.6422004699707,60.27523040771485,60.6422004699707,14170
2023-11-24,60.09174346923828,60.09174346923828,59.81651306152344,60.09174346923828,4360
2023-11-27,60.18348693847656,60.18348693847656,60.18348693847656,60.18348693847656,1090
2023-11-28,59.72476959228516,60.27523040771485,59.72476959228516,60.27523040771485,4360
2023-11-29,60.27523040771485,60.27523040771485,60.27523040771485,60.27523040771485,1090
2023-11-30,61.83486175537109,61.83486175537109,60.18348693847656,60.73394393920898,11990
2023-12-01,60.73394393920898,61.00917434692383,60.73394393920898,61.00917434692383,17440
2023-12-04,61.00917434692383,61.926605224609375,60.82568740844727,60.82568740844727,23980
2023-12-05,61.28440475463867,61.28440475463867,61.28440475463867,61.28440475463867,1090
2023-12-06,61.28440475463867,61.28440475463867,61.28440475463867,61.28440475463867,2180
2023-12-07,61.28440475463867,61.28440475463867,61.00917434692383,61.00917434692383,6575
2023-12-08,61.10091781616211,61.10091781616211,60.55045700073242,61.10091781616211,6649
2023-12-11,61.46788787841797,61.46788787841797,61.00917434692383,61.28440475463867,16996
2023-12-12,61.926605224609375,61.926605224609375,59.81651306152344,60.91743087768555,23980
2023-12-13,61.46788787841797,61.46788787841797,61.46788787841797,61.46788787841797,1090
2023-12-14,61.46788787841797,61.46788787841797,61.28440475463867,61.28440475463867,2180
2023-12-15,61.46788787841797,62.38532257080078,61.10091781616211,61.10091781616211,43600
2023-12-18,61.28440475463867,61.28440475463867,61.28440475463867,61.28440475463867,1146
2023-12-19,61.37614440917969,61.37614440917969,61.37614440917969,61.37614440917969,1090
2023-12-20,60.82568740844727,61.28440475463867,60.73394393920898,61.28440475463867,3314
2023-12-21,60.82568740844727,60.82568740844727,60.6422004699707,60.6422004699707,5453
2023-12-22,60.55045700073242,61.28440475463867,60.55045700073242,60.73394393920898,7630
2023-12-25,60.82568740844727,60.82568740844727,60.82568740844727,60.82568740844727,1090
2023-12-26,60.55045700073242,61.37614440917969,60.55045700073242,61.37614440917969,8720
2023-12-27,61.46788787841797,61.46788787841797,61.46788787841797,61.46788787841797,3597
2023-12-28,61.83486175537109,61.926605224609375,61.46788787841797,61.926605224609375,9810
2023-12-29,60.91743087768555,61.926605224609375,60.91743087768555,61.926605224609375,9820
2024-01-02,61.00917434692383,61.55963134765625,61.00917434692383,61.55963134765625,4360
2024-01-03,61.10091781616211,61.37614440917969,61.00917434692383,61.28440475463867,5450
2024-01-04,61.28440475463867,61.28440475463867,61.28440475463867,61.28440475463867,1090
2024-01-05,60.91743087768555,61.28440475463867,60.82568740844727,60.82568740844727,7630
2024-01-08,60.6422004699707,61.37614440917969,60.6422004699707,61.37614440917969,3157
2024-01-09,60.73394393920898,60.73394393920898,60.73394393920898,60.73394393920898,3270
2024-01-10,61.00917434692383,61.00917434692383,61.00917434692383,61.00917434692383,1090
2024-01-11,61.00917434692383,61.83486175537109,61.00917434692383,61.83486175537109,10900
2024-01-12,60.73394393920898,61.83486175537109,60.6422004699707,61.83486175537109,6540
2024-01-15,60.82568740844727,62.293575286865234,60.82568740844727,62.11009216308594,10900
2024-01-16,62.38532257080078,62.38532257080078,61.19266128540039,61.28440475463867,16351
2024-01-17,60.6422004699707,61.55963134765625,60.45871353149414,60.73394393920898,18530
2024-01-18,61.28440475463867,61.28440475463867,60.366973876953125,60.91743087768555,8720
2024-01-19,60.09174346923828,61.00917434692383,60.0,60.91743087768555,11990
2024-01-22,60.55045700073242,60.6422004699707,60.55045700073242,60.6422004699707,2180
2024-01-23,60.6422004699707,60.6422004699707,60.6422004699707,60.6422004699707,1090
2024-01-24,60.6422004699707,60.6422004699707,60.09174346923828,60.09174346923828,6540
2024-01-25,61.19266128540039,61.19266128540039,60.45871353149414,60.55045700073242,9810
2024-01-26,60.55045700073242,60.55045700073242,60.55045700073242,60.55045700073242,1090
2024-01-29,60.82568740844727,60.82568740844727,60.82568740844727,60.82568740844727,6540
2024-01-30,60.82568740844727,60.91743087768555,60.73394393920898,60.73394393920898,17440
2024-01-31,60.82568740844727,60.82568740844727,60.82568740844727,60.82568740844727,1090
2024-02-01,61.46788787841797,61.46788787841797,61.00917434692383,61.28440475463867,7630
2024-02-02,61.46788787841797,61.83486175537109,60.91743087768555,61.37614440917969,8720
2024-02-05,61.10091781616211,61.926605224609375,61.10091781616211,61.10091781616211,10900
2024-02-15,61.00917434692383,61.926605224609375,60.82568740844727,61.83486175537109,14170
2024-02-16,62.293575286865234,62.66054916381836,62.293575286865234,62.66054916381836,13080
2024-02-19,62.66054916381836,62.9357795715332,62.38532257080078,62.38532257080078,5499
2024-02-20,62.9357795715332,62.9357795715332,62.9357795715332,62.9357795715332,1090
2024-02-21,64.03669738769531,65.04586791992188,64.03669738769531,64.67890167236328,31610
2024-02-22,64.67890167236328,65.13761138916016,64.67890167236328,65.04586791992188,10901
2024-02-23,64.22018432617188,64.77064514160156,64.22018432617188,64.40367126464844,6583
2024-02-26,63.94495391845703,64.03669738769531,63.85321044921875,64.03669738769531,10935
2024-02-27,64.40367126464844,64.77064514160156,64.1284408569336,64.1284408569336,11990
2024-02-29,64.22018432617188,65.32109832763672,64.22018432617188,65.32109832763672,10900
2024-03-01,64.49541473388672,65.22935485839844,64.40367126464844,64.587158203125,7630
2024-03-04,65.13761138916016,65.59632873535156,64.77064514160156,64.77064514160156,26160
2024-03-05,65.13761138916016,65.13761138916016,65.13761138916016,65.13761138916016,13080
2024-03-06,65.13761138916016,65.13761138916016,65.13761138916016,65.13761138916016,3270
2024-03-07,65.59632873535156,67.88990783691406,65.59632873535156,67.06421661376953,99191
2024-03-08,67.06421661376953,69.35779571533203,67.06421661376953,67.15596008300781,77390
2024-03-11,67.2477035522461,68.7155990600586,66.97248077392578,67.79816436767578,29430
2024-03-12,67.79816436767578,71.46788787841797,67.79816436767578,69.26605224609375,47960
2024-03-13,69.17430877685547,70.27523040771484,69.17430877685547,70.0,35975
2024-03-14,71.00917053222656,71.10091400146484,69.35779571533203,69.63302612304688,63220
2024-03-15,69.44953918457031,69.63302612304688,69.44953918457031,69.63302612304688,9810
2024-03-18,70.55046081542969,70.55046081542969,69.44953918457031,69.81651306152344,14170
2024-03-19,69.81651306152344,70.55046081542969,69.72476959228516,69.90825653076172,10900
2024-03-20,69.81651306152344,70.36697387695312,69.08256530761719,69.08256530761719,35708
2024-03-21,70.09174346923828,71.00917053222656,69.81651306152344,70.27523040771484,41420
2024-03-22,70.09174346923828,70.09174346923828,69.35779571533203,69.5412826538086,32814
2024-03-25,69.44953918457031,71.10091400146484,69.08256530761719,70.64220428466797,64480
2024-03-26,71.37614440917969,73.21100616455078,69.5412826538086,69.5412826538086,223450
2024-03-27,69.90825653076172,71.10091400146484,69.90825653076172,70.55046081542969,75210
2024-03-28,71.37614440917969,71.37614440917969,70.0,70.55046081542969,36073
2024-03-29,71.37614440917969,71.46788787841797,69.72476959228516,69.72476959228516,30520
2024-04-01,69.81651306152344,70.18348693847656,69.35779571533203,69.5412826538086,64744
2024-04-02,69.5412826538086,70.18348693847656,69.08256530761719,69.08256530761719,66490
2024-04-03,69.35779571533203,70.09174346923828,69.35779571533203,70.09174346923828,18530
2024-04-08,70.73394775390625,70.73394775390625,69.72476959228516,70.36697387695312,42573
2024-04-09,70.73394775390625,70.73394775390625,70.0,70.36697387695312,61040
2024-04-10,70.36697387695312,71.46788787841797,70.09174346923828,70.18348693847656,91560
2024-04-11,69.72476959228516,70.27523040771484,69.44953918457031,69.5412826538086,33790
2024-04-12,69.5412826538086,70.64220428466797,69.44953918457031,69.5412826538086,45924
2024-04-15,69.5412826538086,69.63302612304688,68.34862518310547,68.80734252929688,32700
2024-04-16,68.9908218383789,68.9908218383789,66.05504608154297,66.14678955078125,58860
2024-04-17,66.05504608154297,66.78898620605469,66.05504608154297,66.60550689697266,16350
2024-04-18,66.23853302001953,67.88990783691406,66.23853302001953,67.88990783691406,22890
2024-04-19,66.33027648925781,67.7064208984375,64.22018432617188,66.14678955078125,120990
2024-04-22,66.14678955078125,66.14678955078125,64.22018432617188,64.49541473388672,97010
2024-04-23,65.96330261230469,65.96330261230469,64.67890167236328,64.77064514160156,41420
2024-04-24,65.50458526611328,66.51376342773438,65.13761138916016,65.77981567382812,93740
2024-04-25,64.67890167236328,65.96330261230469,64.67890167236328,65.96330261230469,58860
2024-04-26,66.4220199584961,66.4220199584961,65.32109832763672,65.412841796875,74673
2024-04-29,65.8715591430664,66.78898620605469,65.77981567382812,66.78898620605469,91560
2024-04-30,66.78898620605469,67.61467742919922,66.78898620605469,67.61467742919922,51296
2024-05-02,67.43119049072266,68.1651382446289,66.60550689697266,67.88990783691406,39240
2024-05-03,68.07339477539062,68.62385559082031,67.88990783691406,68.07339477539062,56758
2024-05-06,68.80734252929688,69.17430877685547,68.1651382446289,68.62385559082031,35970
2024-05-07,69.17430877685547,69.17430877685547,68.1651382446289,68.34862518310547,33790
2024-05-08,68.53211212158203,68.62385559082031,68.34862518310547,68.34862518310547,14205
2024-05-09,67.88990783691406,67.88990783691406,66.97248077392578,67.06421661376953,27260
2024-05-10,67.15596008300781,67.15596008300781,66.88072967529297,66.97248077392578,23980
2024-05-13,66.97248077392578,67.33944702148438,66.23853302001953,66.97248077392578,17440
2024-05-14,67.33944702148438,67.43119049072266,66.97248077392578,66.97248077392578,11990
2024-05-15,66.4220199584961,67.43119049072266,66.4220199584961,67.43119049072266,15260
2024-05-16,67.61467742919922,67.61467742919922,66.78898620605469,67.43119049072266,36005
2024-05-17,67.43119049072266,67.7064208984375,67.43119049072266,67.52293395996094,4360
2024-05-20,68.44036865234375,68.44036865234375,66.69725036621094,67.33944702148438,31610
2024-05-21,67.33944702148438,67.33944702148438,67.33944702148438,67.33944702148438,3270
2024-05-22,67.43119049072266,68.1651382446289,67.43119049072266,68.1651382446289,18530
2024-05-23,68.1651382446289,68.1651382446289,66.97248077392578,66.97248077392578,46870
2024-05-24,66.4220199584961,66.78898620605469,66.14678955078125,66.33027648925781,16784
2024-05-27,66.23853302001953,66.23853302001953,65.59632873535156,65.8715591430664,25070
2024-05-28,65.32109832763672,66.4220199584961,65.32109832763672,66.14678955078125,49071
2024-05-29,66.05504608154297,66.05504608154297,65.8715591430664,65.8715591430664,6549
2024-05-30,66.23853302001953,66.23853302001953,66.23853302001953,66.23853302001953,1090
2024-05-31,66.14678955078125,66.60550689697266,65.77981567382812,66.14678955078125,41420
2024-06-03,66.51376342773438,66.51376342773438,66.14678955078125,66.33027648925781,5450
2024-06-04,66.33027648925781,66.33027648925781,65.77981567382812,65.8715591430664,13179
2024-06-05,66.4220199584961,66.4220199584961,65.22935485839844,65.32109832763672,62348
2024-06-06,66.33027648925781,66.33027648925781,65.13761138916016,65.50458526611328,9810
2024-06-07,65.50458526611328,65.77981567382812,64.49541473388672,64.587158203125,43927
2024-06-11,65.04586791992188,65.04586791992188,63.486236572265625,63.66972351074219,39261
2024-06-12,63.66972351074219,64.22018432617188,63.119266510009766,63.76146697998047,25070
2024-06-13,64.49541473388672,64.49541473388672,63.394493103027344,63.394493103027344,28931
2024-06-14,63.119266510009766,63.21100997924805,63.119266510009766,63.21100997924805,3270
2024-06-17,63.21100997924805,64.1284408569336,62.9357795715332,63.57798004150391,75210
2024-06-18,63.57798004150391,63.57798004150391,62.38532257080078,62.66054916381836,72376
2024-06-19,62.38532257080078,63.486236572265625,62.38532257080078,63.486236572265625,85265
2024-06-20,63.486236572265625,63.66972351074219,63.02752304077149,63.66972351074219,42510
2024-06-21,62.84403610229492,63.66972351074219,62.66054916381836,63.66972351074219,12000
2024-06-24,63.94495391845703,63.94495391845703,63.119266510009766,63.76146697998047,11990
2024-06-25,64.1284408569336,64.1284408569336,62.9357795715332,62.9357795715332,34894
2024-06-26,62.84403610229492,64.22018432617188,62.75229263305664,63.66972351074219,46870
2024-06-27,63.119266510009766,63.21100997924805,62.20183563232422,62.20183563232422,69831
2024-06-28,62.66054916381836,62.84403610229492,62.38532257080078,62.56880569458008,6540
2024-07-01,62.75229263305664,63.119266510009766,62.4770622253418,62.4770622253418,13156
2024-07-02,62.9357795715332,62.9357795715332,62.38532257080078,62.4770622253418,7630
2024-07-03,62.56880569458008,63.21100997924805,62.56880569458008,62.9357795715332,47960
2024-07-04,63.30275344848633,63.66972351074219,62.9357795715332,63.486236572265625,20710
2024-07-05,63.486236572265625,65.13761138916016,63.30275344848633,65.13761138916016,50195
2024-07-08,65.59632873535156,65.77981567382812,64.40367126464844,64.77064514160156,37060
2024-07-09,64.49541473388672,64.49541473388672,64.22018432617188,64.22018432617188,10900
2024-07-10,64.22018432617188,64.587158203125,64.22018432617188,64.587158203125,18878
2024-07-11,65.13761138916016,65.77981567382812,64.22018432617188,64.86238861083984,128745
2024-07-12,64.86238861083984,64.86238861083984,64.03669738769531,64.22018432617188,53410
2024-07-15,64.40367126464844,64.77064514160156,63.94495391845703,64.03669738769531,17712
2024-07-16,64.9541244506836,65.59632873535156,63.66972351074219,63.76146697998047,121022
2024-07-17,64.49541473388672,64.587158203125,62.84403610229492,62.84403610229492,142790
2024-07-18,63.76146697998047,64.1284408569336,62.20183563232422,62.20183563232422,164590
2024-07-19,62.293575286865234,63.02752304077149,61.19266128540039,61.19266128540039,167876
2024-07-22,61.19266128540039,61.74311828613281,60.55045700073242,61.10091781616211,66490
2024-07-23,61.10091781616211,61.74311828613281,60.82568740844727,61.74311828613281,74120
2024-07-26,61.926605224609375,61.926605224609375,60.6422004699707,61.28440475463867,47960
2024-07-29,62.018348693847656,62.11009216308594,61.46788787841797,61.46788787841797,50141
2024-07-30,61.55963134765625,62.38532257080078,61.28440475463867,62.018348693847656,37418
2024-07-31,62.38532257080078,62.75229263305664,61.65137481689453,62.38532257080078,68670
2024-08-01,63.02752304077149,64.49541473388672,62.66054916381836,64.31192779541016,75210
2024-08-02,64.31192779541016,64.31192779541016,63.30275344848633,63.57798004150391,114450
2024-08-05,63.57798004150391,63.57798004150391,57.79816436767578,58.89908218383789,134282
2024-08-06,58.89908218383789,59.90825653076172,58.71559524536133,59.44953918457031,53474
2024-08-07,60.09174346923828,61.65137481689453,60.09174346923828,61.46788787841797,74120
2024-08-08,61.37614440917969,61.46788787841797,60.73394393920898,61.00917434692383,27250
2024-08-09,60.366973876953125,62.38532257080078,60.366973876953125,62.38532257080078,103571
2024-08-12,62.66054916381836,63.21100997924805,62.4770622253418,62.66054916381836,81841
2024-08-13,62.84403610229492,63.30275344848633,62.84403610229492,63.119266510009766,106820
2024-08-14,63.119266510009766,63.76146697998047,62.75229263305664,63.57798004150391,246357
2024-08-15,58.99082565307617,59.08256912231445,57.61467742919922,58.25688171386719,177237
2024-08-16,58.99082565307617,59.08256912231445,57.79816436767578,57.79816436767578,167861
2024-08-19,57.7064208984375,57.7064208984375,56.69724655151367,56.69724655151367,111289
2024-08-20,57.0642204284668,57.15596389770508,56.69724655151367,57.0642204284668,80142
2024-08-21,57.79816436767578,57.79816436767578,56.69724655151367,57.7064208984375,27250
2024-08-22,57.7064208984375,58.07339477539063,57.15596389770508,57.52293395996094,41441
2024-08-23,56.88073348999024,57.431190490722656,56.88073348999024,57.431190490722656,20713
2024-08-26,57.15596389770508,57.7064208984375,57.15596389770508,57.7064208984375,37060
2024-08-27,57.98165130615234,58.532108306884766,57.52293395996094,58.07339477539063,95935
2024-08-28,58.165138244628906,58.25688171386719,57.98165130615234,58.165138244628906,22890
2024-08-29,58.165138244628906,58.80733871459961,58.165138244628906,58.80733871459961,30540
2024-08-30,59.44953918457031,64.03669738769531,59.44953918457031,60.45871353149414,548464
2024-09-02,62.11009216308594,62.11009216308594,58.62385177612305,58.71559524536133,246447
2024-09-03,58.71559524536133,59.44953918457031,58.44036483764648,58.71559524536133,74123
2024-09-04,57.33945083618164,58.07339477539063,56.78899002075195,56.97247695922852,148253
2024-09-05,57.61467742919922,58.62385177612305,56.97247695922852,56.97247695922852,104749
2024-09-06,57.24770736694336,57.24770736694336,56.51375961303711,56.69724655151367,71229
2024-09-09,55.96330261230469,56.42201614379883,55.50458526611328,55.779815673828125,104813
2024-09-10,56.05504608154297,56.05504608154297,54.678897857666016,54.86238479614258,76354
2024-09-11,54.86238479614258,55.412845611572266,54.58715438842773,54.7706413269043,57771
2024-09-12,54.7706413269043,55.32109832763672,54.7706413269043,55.2293586730957,34956
2024-09-13,55.32109832763672,55.412845611572266,54.86238479614258,55.2293586730957,27255
2024-09-16,55.32109832763672,56.60550308227539,55.2293586730957,56.23853302001953,52039
2024-09-18,56.23853302001953,56.60550308227539,55.50458526611328,56.23853302001953,99190
2024-09-19,56.51375961303711,56.97247695922852,55.871559143066406,56.97247695922852,76332
2024-09-20,57.7064208984375,57.79816436767578,56.42201614379883,56.88073348999024,113360
2024-09-23,57.52293395996094,57.61467742919922,56.69724655151367,56.88073348999024,82856
2024-09-24,57.7064208984375,57.7064208984375,56.51375961303711,56.97247695922852,85052
2024-09-25,57.33945083618164,57.33945083618164,56.69724655151367,57.24770736694336,81750
2024-09-26,57.98165130615234,57.98165130615234,56.69724655151367,57.24770736694336,74120
2024-09-27,57.431190490722656,57.431190490722656,56.88073348999024,57.0642204284668,81205
2024-09-30,56.69724655151367,57.15596389770508,56.51375961303711,57.15596389770508,57770
2024-10-01,57.33945083618164,57.33945083618164,56.69724655151367,56.97247695922852,73030
2024-10-04,57.0642204284668,57.24770736694336,56.60550308227539,56.88073348999024,59993
2024-10-07,57.15596389770508,57.15596389770508,56.78899002075195,57.0642204284668,36024
2024-10-08,57.24770736694336,57.24770736694336,56.23853302001953,56.33027648925781,131890
2024-10-09,56.23853302001953,56.33027648925781,55.2293586730957,55.871559143066406,185300
2024-10-11,55.59632873535156,55.96330261230469,55.59632873535156,55.779815673828125,19620
2024-10-14,55.779815673828125,55.779815673828125,55.13761520385742,55.59632873535156,40330
2024-10-15,55.779815673828125,56.05504608154297,55.13761520385742,55.779815673828125,102460
2024-10-16,55.779815673828125,55.779815673828125,55.2293586730957,55.32109832763672,59950
2024-10-17,55.2293586730957,56.14678955078125,55.2293586730957,56.05504608154297,74665
2024-10-18,56.23853302001953,56.51375961303711,56.05504608154297,56.42201614379883,40548
2024-10-21,56.88073348999024,57.79816436767578,56.60550308227539,57.15596389770508,189660
2024-10-22,57.98165130615234,58.07339477539063,57.15596389770508,57.431190490722656,101370
2024-10-23,57.61467742919922,57.98165130615234,57.33945083618164,57.33945083618164,167878
2024-10-24,57.24770736694336,57.24770736694336,56.42201614379883,56.51375961303711,139672
2024-10-25,56.97247695922852,57.7064208984375,56.78899002075195,57.33945083618164,52320
2024-10-28,57.24770736694336,57.79816436767578,57.0642204284668,57.0642204284668,63220
2024-10-29,57.15596389770508,57.15596389770508,56.05504608154297,56.69724655151367,117720
2024-10-30,56.60550308227539,57.24770736694336,56.23853302001953,56.51375961303711,59950
2024-11-01,56.78899002075195,57.79816436767578,56.78899002075195,57.61467742919922,75210
2024-11-04,57.79816436767578,57.88990783691406,57.431190490722656,57.52293395996094,50140
2024-11-05,57.52293395996094,57.61467742919922,57.431190490722656,57.431190490722656,35970
2024-11-06,57.431190490722656,57.52293395996094,57.33945083618164,57.33945083618164,22890
2024-11-07,57.33945083618164,57.431190490722656,56.97247695922852,57.24770736694336,59967
2024-11-08,57.7064208984375,57.7064208984375,57.0642204284668,57.24770736694336,33790
2024-11-11,56.78899002075195,56.78899002075195,55.871559143066406,56.14678955078125,80749
2024-11-12,55.96330261230469,55.96330261230469,54.95412826538086,54.95412826538086,57779
2024-11-13,54.95412826538086,55.2293586730957,54.58715438842773,54.58715438842773,77400
2024-11-14,54.678897857666016,54.678897857666016,53.119266510009766,53.119266510009766,155153
2024-11-15,53.21100997924805,53.66972351074219,52.75229263305664,53.30275344848633,104675
2024-11-18,54.40366744995117,54.40366744995117,53.02752304077149,53.30275344848633,41446
2024-11-19,53.76146697998047,53.76146697998047,53.30275344848633,53.394493103027344,24154
2024-11-20,54.03669738769531,54.22018432617188,53.57798004150391,53.85321044921875,23981
2024-11-21,54.1284408569336,54.95412826538086,53.76146697998047,54.7706413269043,49050
2024-11-22,54.95412826538086,56.42201614379883,54.95412826538086,56.33027648925781,64658
2024-11-25,56.69724655151367,56.69724655151367,55.96330261230469,55.96330261230469,52352
2024-11-26,55.96330261230469,55.96330261230469,55.96330261230469,55.96330261230469,2382
2024-11-27,55.779815673828125,55.779815673828125,55.412845611572266,55.59632873535156,18530
2024-11-28,55.2293586730957,55.2293586730957,55.04587173461914,55.13761520385742,14170
2024-11-29,54.86238479614258,55.50458526611328,54.86238479614258,55.13761520385742,6597
2024-12-02,55.871559143066406,55.871559143066406,54.86238479614258,54.86238479614258,31719
2024-12-03,55.13761520385742,55.59632873535156,55.13761520385742,55.13761520385742,22999
2024-12-04,55.04587173461914,55.2293586730957,54.95412826538086,55.04587173461914,15433
2024-12-05,54.86238479614258,55.13761520385742,54.86238479614258,54.95412826538086,8720
2024-12-06,54.86238479614258,55.2293586730957,54.86238479614258,55.2293586730957,13080
2024-12-09,55.2293586730957,55.2293586730957,54.95412826538086,54.95412826538086,14170
2024-12-10,54.95412826538086,54.95412826538086,54.58715438842773,54.7706413269043,51708
2024-12-11,54.95412826538086,55.04587173461914,54.58715438842773,54.58715438842773,14255
2024-12-12,54.95412826538086,54.95412826538086,54.7706413269043,54.7706413269043,8755
2024-12-13,54.95412826538086,55.04587173461914,54.58715438842773,54.678897857666016,30748
2024-12-16,54.678897857666016,54.678897857666016,54.40366744995117,54.49541091918945,6540
2024-12-17,54.58715438842773,55.412845611572266,54.58715438842773,55.32109832763672,20710
2024-12-18,55.04587173461914,55.59632873535156,55.04587173461914,55.50458526611328,19620
2024-12-19,55.412845611572266,55.50458526611328,54.86238479614258,54.86238479614258,45989
2024-12-20,54.678897857666016,55.32109832763672,54.40366744995117,54.7706413269043,29433
2024-12-23,55.2293586730957,56.60550308227539,55.2293586730957,56.51375961303711,65400
2024-12-24,56.78899002075195,57.88990783691406,56.33027648925781,57.15596389770508,122089
2024-12-25,57.33945083618164,57.61467742919922,56.78899002075195,56.78899002075195,47960
2024-12-26,57.61467742919922,57.61467742919922,56.78899002075195,56.88073348999024,30520
2024-12-27,57.24770736694336,58.25688171386719,56.42201614379883,58.25688171386719,124587
2024-12-30,58.3486213684082,62.56880569458008,58.3486213684082,61.926605224609375,761931
2024-12-31,61.46788787841797,62.75229263305664,60.09174346923828,62.38532257080078,673626
2025-01-02,62.018348693847656,63.02752304077149,60.6422004699707,61.46788787841797,186411
2025-01-03,61.74311828613281,64.22018432617188,60.73394393920898,60.73394393920898,304110
2025-01-06,60.82568740844727,60.82568740844727,59.174312591552734,59.44953918457031,149330
2025-01-07,59.44953918457031,59.44953918457031,58.25688171386719,58.25688171386719,73030
2025-01-08,58.44036483764648,58.44036483764648,57.61467742919922,57.79816436767578,31610
2025-01-09,57.79816436767578,57.79816436767578,55.96330261230469,56.23853302001953,86110
2025-01-10,56.05504608154297,56.23853302001953,55.871559143066406,55.96330261230469,23997
2025-01-13,55.68807220458984,56.60550308227539,55.50458526611328,56.14678955078125,39261
2025-01-14,56.14678955078125,56.51375961303711,55.779815673828125,56.33027648925781,16350
2025-01-15,55.68807220458984,56.88073348999024,55.59632873535156,56.33027648925781,9810
2025-01-16,56.78899002075195,57.0642204284668,56.60550308227539,56.69724655151367,14172
2025-01-17,56.05504608154297,56.23853302001953,55.50458526611328,55.50458526611328,136282
2025-01-20,55.59632873535156,55.59632873535156,55.412845611572266,55.412845611572266,16350
2025-01-21,55.50458526611328,55.96330261230469,55.50458526611328,55.68807220458984,13080
2025-01-22,56.14678955078125,56.14678955078125,55.68807220458984,55.68807220458984,26421
2025-02-03,55.68807220458984,55.871559143066406,55.04587173461914,55.412845611572266,42540
2025-02-04,54.7706413269043,55.2293586730957,54.678897857666016,54.678897857666016,47960
2025-02-05,54.86238479614258,55.68807220458984,54.86238479614258,55.59632873535156,38173
2025-02-06,55.871559143066406,55.871559143066406,55.50458526611328,55.68807220458984,9880
2025-02-07,55.96330261230469,56.97247695922852,55.96330261230469,56.05504608154297,51739
2025-02-10,56.14678955078125,56.42201614379883,56.05504608154297,56.42201614379883,10900
2025-02-11,56.60550308227539,57.33945083618164,56.60550308227539,56.97247695922852,37060
2025-02-12,57.15596389770508,57.33945083618164,56.78899002075195,56.88073348999024,32700
2025-02-13,57.33945083618164,57.33945083618164,56.60550308227539,56.60550308227539,15261
2025-02-14,57.24770736694336,57.61467742919922,56.88073348999024,56.97247695922852,25070
2025-02-17,56.97247695922852,59.08256912231445,56.97247695922852,58.80733871459961,94831
2025-02-18,59.08256912231445,59.08256912231445,58.25688171386719,58.25688171386719,33807
2025-02-19,58.71559524536133,60.09174346923828,58.44036483764648,59.541282653808594,81750
2025-02-20,59.3577995300293,59.44953918457031,58.89908218383789,58.99082565307617,30520
2025-02-21,58.99082565307617,59.3577995300293,58.71559524536133,59.08256912231445,58860
2025-02-24,59.541282653808594,60.09174346923828,59.266056060791016,60.09174346923828,70959
2025-02-25,60.09174346923828,60.366973876953125,59.90825653076172,59.90825653076172,62130
2025-02-26,59.90825653076172,59.90825653076172,59.3577995300293,59.3577995300293,31729
2025-02-27,59.90825653076172,61.46788787841797,59.08256912231445,59.44953918457031,208373
2025-03-03,57.61467742919922,58.532108306884766,56.69724655151367,58.25688171386719,311195
2025-03-04,58.25688171386719,59.44953918457031,57.431190490722656,59.44953918457031,71940
2025-03-05,59.63302612304688,59.63302612304688,58.80733871459961,58.80733871459961,54508
2025-03-06,58.99082565307617,59.08256912231445,58.532108306884766,58.62385177612305,51234
2025-03-07,58.07339477539063,58.07339477539063,57.15596389770508,57.15596389770508,88335
2025-03-10,57.33945083618164,57.79816436767578,57.0642204284668,57.52293395996094,34946
2025-03-11,56.51375961303711,57.61467742919922,56.23853302001953,57.61467742919922,61042
2025-03-12,57.79816436767578,57.79816436767578,57.15596389770508,57.33945083618164,28340
2025-03-13,57.33945083618164,57.61467742919922,57.0642204284668,57.0642204284668,31610
2025-03-14,57.0642204284668,57.24770736694336,56.69724655151367,56.88073348999024,16397
2025-03-17,56.69724655151367,57.33945083618164,56.69724655151367,56.97247695922852,9265
2025-03-18,57.24770736694336,57.24770736694336,56.88073348999024,57.0642204284668,31610
2025-03-19,57.0642204284668,57.0642204284668,56.69724655151367,56.78899002075195,25359
2025-03-20,56.88073348999024,57.52293395996094,56.60550308227539,57.52293395996094,41428
2025-03-21,57.52293395996094,57.52293395996094,56.78899002075195,56.78899002075195,31618
2025-03-24,56.51375961303711,56.88073348999024,56.33027648925781,56.42201614379883,37124
2025-03-25,56.88073348999024,56.97247695922852,56.33027648925781,56.33027648925781,30612
2025-03-26,56.78899002075195,57.0642204284668,56.51375961303711,57.0642204284668,37065
2025-03-27,55.96330261230469,57.15596389770508,55.871559143066406,56.78899002075195,18530
2025-03-28,56.42201614379883,56.51375961303711,55.779815673828125,55.96330261230469,34967
2025-03-31,55.32109832763672,55.779815673828125,54.31192779541016,54.58715438842773,77400
2025-04-01,54.678897857666016,55.32109832763672,54.22018432617188,55.04587173461914,33790
2025-04-02,55.04587173461914,55.2293586730957,54.7706413269043,55.13761520385742,11990
2025-04-07,49.63302612304688,49.63302612304688,49.63302612304688,49.63302612304688,64310
2025-04-08,45.412845611572266,48.44036483764648,45.13761520385742,46.14678955078125,139525
2025-04-09,44.7706413269043,45.50458526611328,41.55963134765625,41.60550308227539,141700
2025-04-10,45.68807220458984,45.73394393920898,45.68807220458984,45.73394393920898,67580
2025-04-11,45.73394393920898,47.33945083618164,45.412845611572266,46.88073348999024,32700
2025-04-14,47.7064208984375,48.62385177612305,46.88073348999024,46.97247695922852,78480
2025-04-15,47.33945083618164,48.99082565307617,47.33945083618164,48.165138244628906,23980
2025-04-16,52.9357795715332,52.9357795715332,52.84403610229492,52.9357795715332,155931
2025-04-17,55.04587173461914,57.61467742919922,52.4770622253418,53.21100997924805,877450
2025-04-18,53.21100997924805,55.50458526611328,53.119266510009766,53.57798004150391,191840
2025-04-21,55.04587173461914,55.04587173461914,52.293575286865234,52.75229263305664,194034
2025-04-22,52.38532257080078,53.57798004150391,52.38532257080078,53.02752304077149,111224
2025-04-23,53.57798004150391,55.59632873535156,53.57798004150391,55.59632873535156,182048
2025-04-24,54.678897857666016,55.412845611572266,54.49541091918945,55.412845611572266,87200
2025-04-25,55.50458526611328,57.79816436767578,55.32109832763672,56.14678955078125,200560
2025-04-28,56.88073348999024,56.88073348999024,56.23853302001953,56.23853302001953,64310
2025-04-29,56.69724655151367,57.79816436767578,55.59632873535156,56.33027648925781,141732
2025-04-30,56.33027648925781,57.0642204284668,55.871559143066406,55.871559143066406,94830
2025-05-02,56.14678955078125,56.23853302001953,54.95412826538086,55.32109832763672,64310
2025-05-05,55.04587173461914,55.32109832763672,51.37614440917969,52.56880569458008,134214
2025-05-06,53.85321044921875,54.03669738769531,52.84403610229492,53.02752304077149,29430
2025-05-07,50.6422004699707,55.50458526611328,50.6422004699707,55.04587173461914,221270
2025-05-08,55.50458526611328,55.68807220458984,53.94495391845703,54.7706413269043,102460
2025-05-09,54.58715438842773,54.95412826538086,53.85321044921875,54.40366744995117,71940
2025-05-12,52.75229263305664,55.04587173461914,52.38532257080078,54.86238479614258,92737
2025-05-13,54.86238479614258,55.412845611572266,54.1284408569336,54.86238479614258,97010
2025-05-14,54.40366744995117,55.412845611572266,54.40366744995117,55.2293586730957,68670
2025-05-15,54.22018432617188,55.04587173461914,54.22018432617188,54.86238479614258,56680
2025-05-16,54.86238479614258,54.86238479614258,53.94495391845703,54.7706413269043,44690
2025-05-19,54.95412826538086,55.412845611572266,54.86238479614258,55.04587173461914,91581
2025-05-20,55.04587173461914,55.2293586730957,54.31192779541016,54.58715438842773,34880
2025-05-21,54.86238479614258,55.13761520385742,54.40366744995117,54.95412826538086,28340
2025-05-22,54.22018432617188,55.04587173461914,54.03669738769531,54.49541091918945,26170
2025-05-23,54.22018432617188,55.04587173461914,53.66972351074219,55.04587173461914,39262
2025-05-26,54.95412826538086,54.95412826538086,54.22018432617188,54.95412826538086,30520
2025-05-27,54.95412826538086,55.2293586730957,54.22018432617188,54.22018432617188,28340
2025-05-28,54.95412826538086,55.04587173461914,54.22018432617188,54.58715438842773,33792
2025-05-29,54.95412826538086,55.13761520385742,54.22018432617188,54.22018432617188,32700
2025-06-02,54.03669738769531,55.04587173461914,53.394493103027344,54.7706413269043,45845
2025-06-03,54.95412826538086,55.13761520385742,54.22018432617188,54.22018432617188,34880
2025-06-04,54.22018432617188,55.13761520385742,54.22018432617188,54.58715438842773,52496
2025-06-05,54.58715438842773,55.04587173461914,54.58715438842773,55.04587173461914,24015
2025-06-06,53.76146697998047,54.95412826538086,53.76146697998047,54.31192779541016,21800
2025-06-09,54.31192779541016,54.678897857666016,54.03669738769531,54.1284408569336,11990
2025-06-10,54.1284408569336,54.58715438842773,54.03669738769531,54.03669738769531,33790
2025-06-11,54.40366744995117,54.7706413269043,54.1284408569336,54.40366744995117,19620
2025-06-12,54.58715438842773,54.86238479614258,53.66972351074219,53.76146697998047,34882
2025-06-13,53.119266510009766,53.394493103027344,52.018348693847656,52.4770622253418,20710
2025-06-16,53.66972351074219,53.76146697998047,52.4770622253418,53.394493103027344,18540
2025-06-17,53.30275344848633,54.40366744995117,53.119266510009766,53.119266510009766,26182
2025-06-18,52.84403610229492,54.03669738769531,52.84403610229492,53.02752304077149,21854
2025-06-19,53.76146697998047,53.94495391845703,52.018348693847656,52.018348693847656,28341
2025-06-20,52.75229263305664,53.21100997924805,51.55963134765625,51.65137481689453,33903
2025-06-23,51.74311828613281,51.74311828613281,50.91743087768555,51.00917434692383,19641
2025-06-24,52.56880569458008,52.56880569458008,51.83486175537109,52.56880569458008,9810
2025-06-25,52.4770622253418,53.21100997924805,52.018348693847656,53.02752304077149,23980
2025-06-26,53.02752304077149,54.22018432617188,53.02752304077149,54.22018432617188,51232
2025-06-27,54.22018432617188,54.22018432617188,54.1284408569336,54.1284408569336,14170
2025-06-30,54.1284408569336,54.1284408569336,54.1284408569336,54.1284408569336,1090
2025-07-01,54.1284408569336,54.1284408569336,53.21100997924805,53.21100997924805,21963
2025-07-02,53.94495391845703,53.94495391845703,52.293575286865234,52.38532257080078,25136
2025-07-03,52.38532257080078,52.9357795715332,51.83486175537109,52.293575286865234,39267
2025-07-04,52.293575286865234,52.38532257080078,50.91743087768555,51.74311828613281,50144
2025-07-07,52.38532257080078,52.38532257080078,50.6422004699707,50.6422004699707,51257
2025-07-08,47.88990783691406,48.25688171386719,47.7064208984375,47.98165130615234,35972
2025-07-09,47.7064208984375,48.44036483764648,47.61467742919922,48.44036483764648,29444
2025-07-10,48.44036483764648,48.44036483764648,48.25688171386719,48.25688171386719,4360
2025-07-11,48.165138244628906,49.72476959228516,47.24770736694336,49.44953918457031,30521
2025-07-14,49.44953918457031,49.44953918457031,49.3577995300293,49.3577995300293,2180
2025-07-15,48.532108306884766,48.80733871459961,48.532108306884766,48.80733871459961,16351
2025-07-16,48.3486213684082,49.266056060791016,48.3486213684082,48.99082565307617,23982
2025-07-17,48.99082565307617,49.3577995300293,48.44036483764648,48.44036483764648,10900
2025-07-18,48.62385177612305,49.266056060791016,48.532108306884766,49.266056060791016,23980
2025-07-21,49.266056060791016,49.266056060791016,48.80733871459961,48.80733871459961,14170
2025-07-22,49.08256912231445,49.44953918457031,48.99082565307617,49.174312591552734,18530
2025-07-23,49.08256912231445,49.08256912231445,48.62385177612305,48.89908218383789,16995
2025-07-24,50.18348693847656,50.18348693847656,48.62385177612305,48.62385177612305,13250
2025-07-25,48.25688171386719,49.3577995300293,48.25688171386719,49.08256912231445,13091
2025-07-28,49.08256912231445,49.08256912231445,48.3486213684082,48.3486213684082,7712
2025-07-29,48.3486213684082,48.3486213684082,47.98165130615234,47.98165130615234,10904
2025-07-30,47.98165130615234,47.98165130615234,47.98165130615234,47.98165130615234,0
2025-07-31,47.7064208984375,47.98165130615234,47.0642204284668,47.33945083618164,18530
2025-08-04,47.98165130615234,48.62385177612305,47.98165130615234,48.62385177612305,4360
2025-08-05,48.44036483764648,48.44036483764648,48.07339477539063,48.44036483764648,6561
2025-08-06,48.99082565307617,48.99082565307617,48.165138244628906,48.71559524536133,8876
2025-08-07,48.99082565307617,49.08256912231445,48.3486213684082,48.3486213684082,16350
2025-08-08,48.62385177612305,48.62385177612305,48.07339477539063,48.3486213684082,10900
2025-08-11,46.78899002075195,47.61467742919922,45.871559143066406,47.24770736694336,92650
2025-08-12,47.7064208984375,47.7064208984375,47.52293395996094,47.7064208984375,34880
2025-08-13,47.7064208984375,48.3486213684082,47.7064208984375,48.3486213684082,10900
2025-08-14,47.7064208984375,48.3486213684082,47.7064208984375,48.3486213684082,42510
2025-08-15,48.532108306884766,48.532108306884766,47.79816436767578,47.98165130615234,22890
2025-08-18,47.88990783691406,48.07339477539063,47.52293395996094,47.88990783691406,14170
2025-08-19,47.79816436767578,48.25688171386719,47.7064208984375,47.7064208984375,21800
2025-08-20,47.7064208984375,47.79816436767578,47.431190490722656,47.431190490722656,16350
2025-08-21,47.431190490722656,47.431190490722656,46.60550308227539,46.78899002075195,26432
2025-08-22,46.78899002075195,46.88073348999024,46.23853302001953,46.33027648925781,33798
2025-08-25,46.51375961303711,46.69724655151367,46.42201614379883,46.42201614379883,16350
2025-08-26,46.42201614379883,47.61467742919922,46.23853302001953,47.431190490722656,17440
2025-08-27,47.431190490722656,47.7064208984375,47.431190490722656,47.52293395996094,13080
2025-08-28,47.52293395996094,47.52293395996094,47.15596389770508,47.24770736694336,8720
2025-08-29,47.33945083618164,47.33945083618164,47.33945083618164,47.33945083618164,1094
2025-09-01,47.33945083618164,47.33945083618164,46.97247695922852,47.33945083618164,13189
2025-09-02,47.24770736694336,47.24770736694336,47.15596389770508,47.15596389770508,11990
2025-09-03,47.7064208984375,48.62385177612305,47.7064208984375,48.44036483764648,16350
2025-09-04,48.07339477539063,48.07339477539063,47.7064208984375,47.7064208984375,5489
2025-09-05,47.7064208984375,47.79816436767578,47.52293395996094,47.7064208984375,17461
2025-09-08,47.61467742919922,47.7064208984375,46.42201614379883,47.33945083618164,14170
2025-09-09,48.07339477539063,48.07339477539063,46.51375961303711,47.15596389770508,18565
2025-09-10,47.15596389770508,47.15596389770508,46.14678955078125,46.69724655151367,20710
2025-09-11,46.60550308227539,47.431190490722656,46.51375961303711,46.97247695922852,17441
2025-09-12,46.51375961303711,46.78899002075195,46.51375961303711,46.78899002075195,6540
2025-09-15,46.97247695922852,47.0642204284668,46.23853302001953,46.97247695922852,6583
2025-09-16,47.431190490722656,47.431190490722656,46.42201614379883,46.51375961303711,9810
2025-09-17,46.51375961303711,46.51375961303711,45.55045700073242,45.59632873535156,11991
2025-09-18,46.88073348999024,47.0642204284668,46.69724655151367,47.0642204284668,20731
2025-09-19,46.97247695922852,47.24770736694336,46.97247695922852,47.15596389770508,28371
2025-09-22,47.24770736694336,47.24770736694336,46.23853302001953,46.23853302001953,15260
2025-09-23,46.23853302001953,46.23853302001953,46.05504608154297,46.23853302001953,10137
2025-09-24,46.05504608154297,46.05504608154297,45.871559143066406,45.871559143066406,2365
2025-09-25,46.69724655151367,46.69724655151367,45.871559143066406,45.871559143066406,13080
2025-09-26,47.0642204284668,47.0642204284668,45.73394393920898,46.51375961303711,13080
2025-09-30,45.59632873535156,46.23853302001953,45.59632873535156,46.23853302001953,10035
2025-10-01,46.23853302001953,46.23853302001953,45.779815673828125,45.96330261230469,20710
2025-10-02,45.779815673828125,46.88073348999024,45.779815673828125,45.779815673828125,11990
2025-10-03,45.779815673828125,45.82568740844727,45.779815673828125,45.82568740844727,2215
2025-10-07,45.45871353149414,45.50458526611328,45.45871353149414,45.50458526611328,2180
2025-10-08,45.50458526611328,45.779815673828125,45.50458526611328,45.779815673828125,2180
2025-10-09,45.871559143066406,45.871559143066406,45.27523040771485,45.27523040771485,7630
2025-10-13,45.27523040771485,45.871559143066406,44.58715438842773,45.18348693847656,23548
2025-10-14,45.412845611572266,45.412845611572266,44.7706413269043,44.7706413269043,17440
2025-10-15,45.366973876953125,45.50458526611328,44.86238479614258,44.95412826538086,8720
2025-10-16,44.95412826538086,45.6422004699707,44.95412826538086,45.13761520385742,5831
2025-10-17,45.09174346923828,45.09174346923828,44.95412826538086,44.95412826538086,7630
2025-10-20,44.7706413269043,44.7706413269043,44.7706413269043,44.7706413269043,4693
2025-10-21,44.86238479614258,44.95412826538086,44.63302612304688,44.63302612304688,7630
2025-10-22,44.95412826538086,44.95412826538086,44.58715438842773,44.58715438842773,6561
2025-10-23,44.95412826538086,44.95412826538086,44.49541091918945,44.49541091918945,7679
2025-10-27,44.49541091918945,44.81651306152344,44.22018432617188,44.49541091918945,15694
2025-10-28,44.08256912231445,44.08256912231445,43.94495391845703,43.94495391845703,13242
2025-10-29,44.22018432617188,44.22018432617188,43.80733871459961,43.80733871459961,15260
2025-10-30,43.57798004150391,43.57798004150391,43.30275344848633,43.30275344848633,10679
2025-10-31,43.165138244628906,43.165138244628906,42.66054916381836,42.66054916381836,17440
2025-11-03,42.7064208984375,42.7064208984375,42.11009216308594,42.11009216308594,42510
2025-11-04,42.018348693847656,42.018348693847656,41.05504608154297,41.33027648925781,9810
2025-11-05,41.46788787841797,41.65137481689453,41.46788787841797,41.65137481689453,9810
2025-11-06,43.02752304077149,43.02752304077149,42.20183563232422,42.20183563232422,8726
2025-11-07,41.28440475463867,41.74311828613281,40.82568740844727,41.05504608154297,18546
2025-11-10,41.05504608154297,41.05504608154297,39.95412826538086,40.45871353149414,24012
2025-11-11,41.10091781616211,42.15596389770508,40.13761520385742,40.2293586730957,21800
2025-11-12,40.55045700073242,41.42201614379883,40.55045700073242,41.42201614379883,19652
2025-11-13,41.46788787841797,41.65137481689453,41.46788787841797,41.65137481689453,10900
2025-11-14,41.28440475463867,41.28440475463867,41.10091781616211,41.10091781616211,7630
2025-11-17,41.10091781616211,41.46788787841797,41.10091781616211,41.46788787841797,5450
2025-11-18,41.14678955078125,41.14678955078125,40.18348693847656,40.18348693847656,11991
2025-11-19,39.40366744995117,40.32109832763672,39.40366744995117,39.49541091918945,31612
2025-11-20,39.541282653808594,39.678897857666016,38.3486213684082,38.3486213684082,29516
2025-11-21,40.18348693847656,41.65137481689453,38.21100997924805,40.45871353149414,34880
2025-11-24,41.65137481689453,42.15596389770508,41.65137481689453,42.15596389770508,19620
2025-11-25,42.20183563232422,42.20183563232422,42.018348693847656,42.018348693847656,8720
2025-11-26,42.11009216308594,43.02752304077149,41.55963134765625,42.0642204284668,22890
2025-11-27,42.018348693847656,42.018348693847656,40.91743087768555,41.42201614379883,9908
2025-11-28,40.55045700073242,41.23853302001953,40.50458526611328,40.50458526611328,20733
2025-12-01,40.50458526611328,40.871559143066406,40.50458526611328,40.871559143066406,5450
2025-12-02,42.88990783691406,42.88990783691406,41.00917434692383,41.00917434692383,17461
2025-12-03,42.38532257080078,42.38532257080078,42.33945083618164,42.38532257080078,7739
2025-12-04,42.4770622253418,42.4770622253418,42.4770622253418,42.4770622253418,2181
2025-12-05,42.4770622253418,42.7064208984375,42.20183563232422,42.7064208984375,8720
2025-12-08,42.24770736694336,42.24770736694336,41.74311828613281,41.74311828613281,13080
2025-12-09,41.37614440917969,42.66054916381836,41.37614440917969,42.66054916381836,26170
2025-12-10,41.28440475463867,42.66054916381836,41.28440475463867,42.20183563232422,6120
2025-12-11,42.20183563232422,43.119266510009766,42.20183563232422,42.88990783691406,27101
2025-12-12,42.88990783691406,42.88990783691406,42.88990783691406,42.88990783691406,0
2025-12-15,43.07339477539063,43.07339477539063,43.07339477539063,43.07339477539063,4360
2025-12-16,41.60550308227539,42.20183563232422,40.6422004699707,41.51375961303711,63459
2025-12-17,42.11009216308594,42.20183563232422,41.74311828613281,41.74311828613281,8720
2025-12-18,42.20183563232422,42.84403610229492,41.97247695922852,41.97247695922852,6540
2025-12-19,41.97247695922852,41.97247695922852,41.97247695922852,41.97247695922852,2180
2025-12-22,41.37614440917969,42.52293395996094,41.37614440917969,41.97247695922852,3270
2025-12-23,41.55963134765625,42.56880569458008,41.55963134765625,42.018348693847656,3270
2025-12-24,42.018348693847656,42.018348693847656,42.018348693847656,42.018348693847656,5450
2025-12-26,42.018348693847656,42.018348693847656,42.018348693847656,42.018348693847656,2180
2025-12-29,41.74311828613281,41.74311828613281,41.10091781616211,41.14678955078125,28449
2025-12-30,41.10091781616211,41.10091781616211,40.96330261230469,40.96330261230469,2196
2025-12-31,40.55045700073242,40.59632873535156,40.50458526611328,40.50458526611328,33790
2026-01-02,40.82568740844727,40.82568740844727,40.82568740844727,40.82568740844727,2180
2026-01-05,40.82568740844727,40.82568740844727,40.82568740844727,40.82568740844727,2180
2026-01-06,41.28440475463867,41.28440475463867,40.82568740844727,40.82568740844727,14170
2026-01-07,41.60550308227539,41.60550308227539,40.412845611572266,40.412845611572266,7668
2026-01-08,40.09174346923828,40.366973876953125,39.95412826538086,40.366973876953125,8766
2026-01-09,40.73394393920898,40.73394393920898,40.73394393920898,40.73394393920898,1090
2026-01-12,41.14678955078125,42.61467742919922,41.10091781616211,41.33027648925781,22890
2026-01-13,42.61467742919922,42.61467742919922,41.28440475463867,41.33027648925781,21800
2026-01-14,41.55963134765625,42.98165130615234,41.55963134765625,42.293575286865234,28340
2026-01-15,42.293575286865234,43.21100997924805,42.293575286865234,42.7064208984375,57770
2026-01-16,43.57798004150391,45.82568740844727,43.57798004150391,44.678897857666016,158082
2026-01-19,45.871559143066406,47.79816436767578,45.871559143066406,46.60550308227539,188580
2026-01-20,46.60550308227539,46.60550308227539,45.27523040771485,45.871559143066406,76300
2026-01-21,45.45871353149414,45.779815673828125,44.86238479614258,45.27523040771485,89390
2026-01-22,45.73394393920898,45.73394393920898,44.266056060791016,44.678897857666016,34880
2026-01-23,45.13761520385742,45.32109832763672,44.44953918457031,44.95412826538086,107910
2026-01-26,44.58715438842773,44.58715438842773,44.1284408569336,44.1284408569336,57549
2026-01-27,45.412845611572266,45.412845611572266,43.99082565307617,44.49541091918945,56680
2026-01-28,45.32109832763672,45.32109832763672,44.174312591552734,44.3577995300293,29430
2026-01-29,44.08256912231445,45.779815673828125,44.08256912231445,45.27523040771485,40330
2026-01-30,45.55045700073242,45.55045700073242,44.63302612304688,45.04587173461914,46870
2026-02-02,45.04587173461914,45.04587173461914,43.85321044921875,44.58715438842773,15608
2026-02-03,44.63302612304688,44.72476959228516,44.03669738769531,44.1284408569336,20786
2026-02-04,45.366973876953125,45.366973876953125,44.95412826538086,44.95412826538086,13101
2026-02-05,44.95412826538086,45.04587173461914,44.1284408569336,44.1284408569336,34912
2026-02-06,44.03669738769531,44.03669738769531,43.30275344848633,43.30275344848633,31613
2026-02-09,44.266056060791016,44.266056060791016,42.84403610229492,43.76146697998047,15260
2026-02-10,44.03669738769531,44.08256912231445,43.30275344848633,44.03669738769531,37060
2026-02-11,43.57798004150391,44.678897857666016,43.394493103027344,43.76146697998047,73030
2026-02-23,44.86238479614258,45.6422004699707,44.678897857666016,45.55045700073242,102460
2026-02-24,45.871559143066406,45.871559143066406,45.0,45.32109832763672,34907
2026-02-25,45.366973876953125,45.366973876953125,44.95412826538086,45.32109832763672,43795
2026-02-26,45.32109832763672,46.42201614379883,45.2293586730957,45.59632873535156,40330
2026-03-02,46.51375961303711,46.51375961303711,44.90825653076172,44.90825653076172,13090
2026-03-03,44.40366744995117,44.81651306152344,43.486236572265625,44.40366744995117,33790
2026-03-04,45.32109832763672,45.32109832763672,42.98165130615234,42.98165130615234,39240
2026-03-05,43.21100997924805,43.21100997924805,42.4770622253418,42.75229263305664,31610
2026-03-06,42.7064208984375,42.7064208984375,42.20183563232422,42.24770736694336,26160
2026-03-09,39.31192779541016,41.10091781616211,39.31192779541016,40.2293586730957,39240
2026-03-10,41.23853302001953,41.28440475463867,39.678897857666016,40.55045700073242,30574
2026-03-11,40.55045700073242,41.69724655151367,40.50458526611328,41.00917434692383,30714
2026-03-12,40.96330261230469,40.96330261230469,39.541282653808594,39.7706413269043,25077
2026-03-13,39.31192779541016,40.82568740844727,39.31192779541016,39.541282653808594,25070
2026-03-16,38.99082565307617,39.31192779541016,38.94495391845703,39.03669738769531,19620
2026-03-17,39.3577995300293,40.18348693847656,39.3577995300293,39.58715438842773,18530
2026-03-18,40.779815673828125,40.779815673828125,39.678897857666016,40.09174346923828,14170
2026-03-19,40.09174346923828,40.73394393920898,40.04587173461914,40.04587173461914,17440
2026-03-20,41.14678955078125,41.74311828613281,40.871559143066406,41.23853302001953,30520
2026-03-23,40.82568740844727,41.00917434692383,39.541282653808594,40.04587173461914,41747
2026-03-24,40.27523040771485,40.27523040771485,39.678897857666016,39.90825653076172,3270
2026-03-25,41.23853302001953,41.23853302001953,40.18348693847656,40.6422004699707,11990
2026-03-26,41.23853302001953,41.65137481689453,41.23853302001953,41.28440475463867,19636
2026-03-27,41.28440475463867,41.28440475463867,41.10091781616211,41.10091781616211,6541
2026-03-30,39.90825653076172,41.65137481689453,39.90825653076172,40.82568740844727,21800
2026-03-31,41.14678955078125,41.14678955078125,40.09174346923828,40.779815673828125,13082
2026-04-01,40.871559143066406,41.28440475463867,39.58715438842773,40.2293586730957,27391
2026-04-02,40.32109832763672,40.32109832763672,39.95412826538086,39.95412826538086,9818
2026-04-07,40.13761520385742,40.13761520385742,39.81651306152344,39.81651306152344,5668
2026-04-08,39.90825653076172,41.55963134765625,39.90825653076172,40.50458526611328,27250
2026-04-09,40.50458526611328,40.82568740844727,40.50458526611328,40.68807220458984,6540
2026-04-10,40.45871353149414,40.82568740844727,40.45871353149414,40.82568740844727,27254
2026-04-13,41.10091781616211,41.46788787841797,40.366973876953125,40.73394393920898,27311
2026-04-14,41.28440475463867,42.11009216308594,40.55045700073242,41.97247695922852,41420
2026-04-15,43.3486213684082,43.3486213684082,41.97247695922852,42.4770622253418,35978
2026-04-16,43.3486213684082,44.63302612304688,42.9357795715332,43.62385177612305,39240
2026-04-17,44.03669738769531,44.266056060791016,43.62385177612305,44.22018432617188,23980
2026-04-20,44.49541091918945,44.58715438842773,44.03669738769531,44.31192779541016,34880
2026-04-21,44.49541091918945,44.7706413269043,43.76146697998047,43.76146697998047,37148
2026-04-22,44.44953918457031,44.44953918457031,43.76146697998047,44.03669738769531,15262
2026-04-23,44.22018432617188,44.22018432617188,42.84403610229492,43.486236572265625,17506
2026-04-24,43.119266510009766,44.08256912231445,43.119266510009766,43.165138244628906,35970
2026-04-27,43.21100997924805,43.25688171386719,42.88990783691406,43.25688171386719,6540
2026-04-28,43.25688171386719,43.66972351074219,43.25688171386719,43.532108306884766,9810
2026-04-29,44.40366744995117,44.40366744995117,43.21100997924805,43.21100997924805,20710
2026-04-30,42.79816436767578,43.165138244628906,42.75229263305664,42.75229263305664,17478
2026-05-04,42.75229263305664,42.9357795715332,42.66054916381836,42.88990783691406,30520
2026-05-05,42.52293395996094,43.119266510009766,42.52293395996094,43.119266510009766,7630
2026-05-06,44.266056060791016,44.44953918457031,43.119266510009766,44.44953918457031,67580
2026-05-07,44.86238479614258,44.86238479614258,44.44953918457031,44.44953918457031,43600
2026-05-08,44.44953918457031,44.44953918457031,43.119266510009766,43.57798004150391,30624
2026-05-11,43.66972351074219,45.412845611572266,43.66972351074219,44.95412826538086,98100
2026-05-12,44.7706413269043,44.95412826538086,43.94495391845703,44.678897857666016,37060
2026-05-13,43.44036483764648,43.94495391845703,43.25688171386719,43.3486213684082,17461
2026-05-14,43.165138244628906,44.03669738769531,42.84403610229492,42.84403610229492,33790
2026-05-15,42.66054916381836,47.0642204284668,42.61467742919922,44.174312591552734,133045
2026-05-18,44.03669738769531,46.05504608154297,43.62385177612305,45.32109832763672,71961
2026-05-19,44.31192779541016,44.95412826538086,43.99082565307617,43.99082565307617,35970
2026-05-20,43.486236572265625,43.486236572265625,42.79816436767578,43.21100997924805,27250
2026-05-21,43.532108306884766,43.66972351074219,43.21100997924805,43.21100997924805,47960
2026-05-22,43.89908218383789,43.89908218383789,43.3486213684082,43.3486213684082,21846
2026-05-25,43.3486213684082,44.95412826538086,43.3486213684082,43.57798004150391,40330
2026-05-26,44.03669738769531,46.42201614379883,44.03669738769531,45.73394393920898,105730
2026-05-27,46.05504608154297,49.541282653808594,45.73394393920898,49.3577995300293,157140
2026-05-28,51.83486175537109,54.22018432617188,50.45871353149414,53.85321044921875,627840
2026-05-29,57.15596389770508,57.33945083618164,54.58715438842773,55.04587173461914,504779
2026-06-01,57.79816436767578,57.79816436767578,52.293575286865234,52.56880569458008,297263
2026-06-02,51.83486175537109,53.119266510009766,49.3577995300293,50.73394393920898,136561
2026-06-03,51.74311828613281,52.4770622253418,49.72476959228516,50.91743087768555,89827
2026-06-04,50.91743087768555,50.91743087768555,49.08256912231445,49.72476959228516,45790
2026-06-05,51.28440475463867,51.55963134765625,49.81651306152344,50.6422004699707,44700
2026-06-08,50.91743087768555,50.91743087768555,47.7064208984375,47.7064208984375,79580
2026-06-09,47.0642204284668,48.44036483764648,46.88073348999024,47.7064208984375,79570
2026-06-10,46.97247695922852,48.532108306884766,44.86238479614258,45.2293586730957,109000
2026-06-11,45.96330261230469,47.15596389770508,45.09174346923828,46.78899002075195,70850
2026-06-12,49.266056060791016,49.266056060791016,45.18348693847656,46.33027648925781,57775
2026-06-15,47.52293395996094,47.52293395996094,46.69724655151367,47.33945083618164,40335
2026-06-16,47.431190490722656,47.431190490722656,46.14678955078125,46.42201614379883,22892
2026-06-17,46.51375961303711,46.60550308227539,46.05504608154297,46.42201614379883,20715
2026-06-18,47.7064208984375,47.7064208984375,46.05504608154297,46.14678955078125,31610
2026-06-22,46.33027648925781,46.78899002075195,46.05504608154297,46.69724655151367,54500
2026-06-23,46.78899002075195,46.78899002075195,46.51375961303711,46.51375961303711,35974
2026-06-24,46.51375961303711,47.15596389770508,45.871559143066406,46.69724655151367,50140
2026-06-25,47.24770736694336,47.24770736694336,46.05504608154297,46.33027648925781,25075
2026-06-26,46.33027648925781,46.33027648925781,44.58715438842773,45.0,46870
2026-06-29,44.72476959228516,45.68807220458984,44.72476959228516,45.366973876953125,14170
2026-06-30,45.871559143066406,45.871559143066406,45.366973876953125,45.871559143066406,8720
2026-07-01,46.14678955078125,46.14678955078125,45.13761520385742,45.27523040771485,21805
2026-07-02,45.27523040771485,45.68807220458984,45.27523040771485,45.412845611572266,10900
2026-07-03,47.98165130615234,47.98165130615234,45.779815673828125,46.33027648925781,34880
2026-07-06,46.33027648925781,46.78899002075195,45.871559143066406,46.05504608154297,20710
2026-07-07,46.88073348999024,47.0642204284668,45.18348693847656,45.18348693847656,25463
2026-07-08,45.18348693847656,45.18348693847656,44.1284408569336,44.31192779541016,25091
2026-07-09,44.63302612304688,44.63302612304688,44.31192779541016,44.541282653808594,22890
2026-07-10,44.541282653808594,44.541282653808594,44.541282653808594,44.541282653808594,0
2026-07-13,44.22018432617188,45.366973876953125,44.22018432617188,45.0,23980
2026-07-14,45.50458526611328,45.6422004699707,44.08256912231445,44.678897857666016,28340
2026-07-15,44.72476959228516,46.97247695922852,44.72476959228516,46.97247695922852,29473
2026-07-16,47.33945083618164,47.33945083618164,45.6422004699707,46.05504608154297,43818
2026-07-17,45.412845611572266,46.51375961303711,45.18348693847656,45.2293586730957,53410
2026-07-20,45.32109832763672,46.05504608154297,45.09174346923828,45.366973876953125,23980
2026-07-21,45.96330261230469,45.96330261230469,45.96330261230469,45.96330261230469,1090
2026-07-22,45.366973876953125,45.50458526611328,45.27523040771485,45.27523040771485,11009
2026-07-23,45.04587173461914,45.04587173461914,44.44953918457031,44.7706413269043,19620
2026-07-24,44.7706413269043,45.871559143066406,44.40366744995117,45.871559143066406,16350
2026-07-27,45.871559143066406,45.96330261230469,45.779815673828125,45.779815673828125,4360
2026-07-28,45.0,45.73394393920898,45.0,45.73394393920898,17440
2026-07-29,46.51375961303711,46.51375961303711,44.40366744995117,45.6422004699707,49050
2026-07-30,46.42201614379883,46.42201614379883,44.90825653076172,45.50458526611328,23980
2026-07-31,46.14678955078125,46.14678955078125,45.18348693847656,45.55045700073242,7630
2026-08-03,44.86238479614258,45.871559143066406,44.86238479614258,45.871559143066406,29430
2026-08-04,45.04587173461914,45.6422004699707,45.04587173461914,45.2293586730957,28394
2026-08-05,45.27523040771485,45.32109832763672,45.04587173461914,45.04587173461914,6575
2026-08-06,45.04587173461914,45.59632873535156,45.04587173461914,45.55045700073242,3270
2026-08-07,45.0,45.09174346923828,44.72476959228516,44.95412826538086,21833
2026-08-10,45.59632873535156,45.59632873535156,45.59632873535156,45.59632873535156,1090
2026-08-11,45.871559143066406,45.871559143066406,45.0,45.45871353149414,34880
2026-08-12,45.82568740844727,45.82568740844727,45.18348693847656,45.55045700073242,8720
2026-08-13,44.3577995300293,45.412845611572266,44.3577995300293,45.0,39240
2026-08-14,45.04587173461914,45.32109832763672,45.04587173461914,45.04587173461914,5450
2026-08-17,45.59632873535156,45.59632873535156,45.13761520385742,45.412845611572266,7630
2026-08-18,44.7706413269043,44.90825653076172,44.7706413269043,44.7706413269043,15260
2026-08-19,44.40366744995117,45.13761520385742,44.40366744995117,44.72476959228516,16350
2026-08-20,45.59632873535156,49.174312591552734,45.59632873535156,49.174312591552734,220180
2026-08-21,51.37614440917969,51.55963134765625,47.24770736694336,47.431190490722656,247432
2026-08-24,47.79816436767578,47.79816436767578,46.78899002075195,47.24770736694336,46870
2026-08-25,46.88073348999024,48.165138244628906,46.88073348999024,47.0642204284668,71554
2026-08-26,47.400001525878906,49.54999923706055,47.400001525878906,48.900001525878906,70276
2026-08-27,49.150001525878906,49.150001525878906,48.54999923706055,48.900001525878906,12000
2026-08-28,49.09999847412109,49.09999847412109,48.900001525878906,48.900001525878906,14000
2026-08-31,48.34999847412109,48.34999847412109,48.0,48.04999923706055,31005
2026-09-01,48.04999923706055,49.0,48.04999923706055,48.25,8010
2026-09-02,48.75,48.75,48.25,48.25,8000
2026-09-03,48.25,48.54999923706055,48.09999847412109,48.25,10000
2026-09-04,48.25,48.95000076293945,48.25,48.95000076293945,10000
2026-09-07,48.900001525878906,49.29999923706055,48.0,49.29999923706055,30000
2026-09-08,48.29999923706055,48.5,48.29999923706055,48.34999847412109,13000
2026-09-09,49.34999847412109,49.34999847412109,48.20000076293945,48.79999923706055,17000
2026-09-10,48.59999847412109,48.59999847412109,48.25,48.400001525878906,7005
2026-09-11,47.400001525878906,48.45000076293945,47.400001525878906,47.900001525878906,16005
2026-09-14,47.150001525878906,47.20000076293945,47.09999847412109,47.20000076293945,5100
2026-09-15,47.20000076293945,47.20000076293945,46.84999847412109,46.84999847412109,11000
2026-09-16,46.900001525878906,47.0,46.84999847412109,46.84999847412109,31005
2026-09-17,46.5,47.45000076293945,46.04999923706055,46.29999923706055,14000
2026-09-18,48.20000076293945,48.20000076293945,47.29999923706055,47.29999923706055,22000
2026-09-21,47.20000076293945,47.79999923706055,46.79999923706055,47.5,26002
2026-09-22,46.5,46.75,46.400001525878906,46.400001525878906,15005
2026-09-23,46.400001525878906,46.400001525878906,46.400001525878906,46.400001525878906,2000
2026-09-24,46.400001525878906,46.95000076293945,46.400001525878906,46.95000076293945,5000
2026-09-29,46.95000076293945,46.95000076293945,46.95000076293945,46.95000076293945,12000
2026-09-30,47.349998474121094,47.45000076293945,46.54999923706055,46.79999923706055,11000
2026-10-01,47.20000076293945,47.20000076293945,46.5,47.04999923706055,8002
2026-10-02,46.5,46.54999923706055,45.79999923706055,45.849998474121094,34000
