date,open,high,low,close,volume
2020-01-02,13.512386322021484,13.512386322021484,13.331011772155762,13.331011772155762,41444
2020-01-03,13.376355171203612,13.376355171203612,13.240324020385742,13.376355171203612,36646
2020-01-06,13.784446716308594,13.784446716308594,13.467041969299316,13.603073120117188,146658
2020-01-07,13.603073120117188,13.829791069030762,13.421698570251465,13.421698570251465,152171
2020-01-08,13.648417472839355,13.648417472839355,13.421698570251465,13.512386322021484,92626
2020-01-09,13.512386322021484,13.648417472839355,13.512386322021484,13.603073120117188,33467
2020-01-10,13.69375991821289,13.69375991821289,13.603073120117188,13.648417472839355,8964
2020-01-13,13.648417472839355,13.73910427093506,13.603073120117188,13.69375991821289,57439
2020-01-14,13.73910427093506,13.73910427093506,13.557729721069336,13.648417472839355,44225
2020-01-15,13.69375991821289,13.69375991821289,13.603073120117188,13.603073120117188,19958
2020-01-16,13.69375991821289,13.69375991821289,13.603073120117188,13.69375991821289,87112
2020-01-17,13.73910427093506,13.73910427093506,13.648417472839355,13.69375991821289,44472
2020-01-20,13.603073120117188,13.73910427093506,13.603073120117188,13.73910427093506,120591
2020-01-30,13.603073120117188,13.603073120117188,12.696202278137209,13.14963722229004,150032
2020-01-31,13.28566837310791,13.331011772155762,13.104293823242188,13.331011772155762,39836
2020-02-03,12.605513572692873,13.240324020385742,12.605513572692873,13.240324020385742,61971
2020-02-04,13.104293823242188,13.19498062133789,13.013607025146484,13.14963722229004,56259
2020-02-05,13.14963722229004,13.14963722229004,12.968262672424316,13.058950424194336,60673
2020-02-06,13.104293823242188,13.104293823242188,12.968262672424316,13.104293823242188,39961
2020-02-07,12.968262672424316,13.104293823242188,12.877575874328612,13.104293823242188,53260
2020-02-10,13.058950424194336,13.058950424194336,13.013607025146484,13.058950424194336,12129
2020-02-11,12.922919273376465,13.013607025146484,12.605513572692873,12.78688907623291,111592
2020-02-12,12.877575874328612,12.968262672424316,12.65085792541504,12.696202278137209,117220
2020-02-13,12.832232475280762,12.877575874328612,12.65085792541504,12.696202278137209,166687
2020-02-14,12.696202278137209,12.877575874328612,12.65085792541504,12.877575874328612,32088
2020-02-17,12.832232475280762,12.832232475280762,12.741544723510742,12.78688907623291,26618
2020-02-18,12.78688907623291,12.78688907623291,12.65085792541504,12.741544723510742,41984
2020-02-19,12.741544723510742,12.877575874328612,12.741544723510742,12.877575874328612,53228
2020-02-20,12.832232475280762,12.832232475280762,12.78688907623291,12.78688907623291,7718
2020-02-21,12.741544723510742,12.922919273376465,12.741544723510742,12.877575874328612,6726
2020-02-24,12.65085792541504,12.78688907623291,12.605513572692873,12.78688907623291,57428
2020-02-25,12.696202278137209,12.696202278137209,12.605513572692873,12.65085792541504,7718
2020-02-26,12.65085792541504,12.696202278137209,12.65085792541504,12.696202278137209,11026
2020-02-27,12.605513572692873,12.65085792541504,12.605513572692873,12.65085792541504,4410
2020-03-02,12.605513572692873,12.605513572692873,12.016048431396484,12.560171127319336,78291
2020-03-03,12.605513572692873,12.605513572692873,11.970704078674316,12.19742202758789,274570
2020-03-04,12.19742202758789,12.19742202758789,12.15207862854004,12.15207862854004,14555
2020-03-05,12.333453178405762,12.378795623779297,12.24276638031006,12.288108825683594,30347
2020-03-06,12.106735229492188,12.333453178405762,12.106735229492188,12.333453178405762,20024
2020-03-09,12.106735229492188,12.288108825683594,12.06139087677002,12.288108825683594,23266
2020-03-10,11.970704078674316,12.288108825683594,11.880017280578612,12.24276638031006,16540
2020-03-11,12.19742202758789,12.19742202758789,12.016048431396484,12.06139087677002,31227
2020-03-12,12.560171127319336,12.560171127319336,11.018488883972168,11.517268180847168,95162
2020-03-13,10.56505298614502,10.610397338867188,10.383679389953612,10.383679389953612,208455
2020-03-16,10.15696144104004,10.519709587097168,9.975586891174316,10.292991638183594,27567
2020-03-17,9.522150993347168,9.703524589538574,9.295433044433594,9.567495346069336,171267
2020-03-18,9.522150993347168,9.522150993347168,8.615279197692871,8.615279197692871,170305
2020-03-19,8.615279197692871,8.678759574890137,7.762819766998291,8.615279197692871,518576
2020-03-20,8.978028297424316,8.978028297424316,8.660622596740723,8.869203567504883,83892
2020-03-23,8.125569343566895,8.615279197692871,8.125569343566895,8.615279197692871,68455
2020-03-24,8.70596694946289,9.041508674621582,8.615279197692871,8.851065635681152,59545
2020-03-25,8.978028297424316,9.06871509552002,8.851065635681152,8.978028297424316,199723
2020-03-26,8.987096786499023,8.987096786499023,8.887340545654297,8.89640998840332,184325
2020-03-27,8.978028297424316,9.059646606445312,8.860135078430176,8.950821876525879,42517
2020-03-30,8.978028297424316,9.295433044433594,8.887340545654297,9.295433044433594,193235
2020-03-31,9.340777397155762,9.65818214416504,9.340777397155762,9.476806640625,82432
2020-04-01,9.522150993347168,9.884900093078612,9.522150993347168,9.884900093078612,97154
2020-04-06,9.975586891174316,9.975586891174316,9.703524589538574,9.884900093078612,29782
2020-04-07,9.884900093078612,9.975586891174316,9.884900093078612,9.884900093078612,41955
2020-04-08,10.111618041992188,10.15696144104004,9.884900093078612,9.884900093078612,32408
2020-04-09,9.884900093078612,9.975586891174316,9.79421329498291,9.884900093078612,57451
2020-04-10,9.884900093078612,10.06627368927002,9.79421329498291,10.06627368927002,42020
2020-04-13,10.020930290222168,10.383679389953612,10.020930290222168,10.292991638183594,55136
2020-04-14,10.247648239135742,11.063833236694336,10.247648239135742,10.882457733154297,125750
2020-04-15,11.19986343383789,11.19986343383789,10.973146438598633,11.19986343383789,90851
2020-04-16,11.109175682067873,11.19986343383789,10.973146438598633,11.19986343383789,28780
2020-04-17,11.56261157989502,11.56261157989502,11.245206832885742,11.517268180847168,164014
2020-04-20,11.19986343383789,11.69864273071289,11.15452003479004,11.69864273071289,61751
2020-04-21,11.471924781799316,11.834673881530762,11.471924781799316,11.69864273071289,79435
2020-04-22,11.65329933166504,11.69864273071289,11.65329933166504,11.69864273071289,11026
2020-04-23,11.69864273071289,11.880017280578612,11.56261157989502,11.880017280578612,41285
2020-04-24,11.834673881530762,11.834673881530762,11.69864273071289,11.789329528808594,3469
2020-04-27,11.925360679626465,11.925360679626465,11.789329528808594,11.789329528808594,16762
2020-04-28,11.834673881530762,12.15207862854004,11.789329528808594,12.016048431396484,95032
2020-04-29,12.06139087677002,12.288108825683594,12.016048431396484,12.15207862854004,58707
2020-04-30,12.19742202758789,12.19742202758789,11.925360679626465,12.19742202758789,17849
2020-05-04,11.789329528808594,12.15207862854004,11.789329528808594,12.15207862854004,14820
2020-05-05,12.15207862854004,12.15207862854004,12.06139087677002,12.106735229492188,20951
2020-05-06,11.970704078674316,12.15207862854004,11.789329528808594,12.15207862854004,77502
2020-05-07,12.016048431396484,12.06139087677002,11.970704078674316,12.016048431396484,43004
2020-05-08,12.424139976501465,12.424139976501465,11.789329528808594,12.106735229492188,148951
2020-05-11,11.834673881530762,12.016048431396484,11.789329528808594,11.970704078674316,100529
2020-05-12,11.789329528808594,11.925360679626465,11.789329528808594,11.925360679626465,45630
2020-05-13,11.789329528808594,11.925360679626465,11.789329528808594,11.925360679626465,31441
2020-05-14,11.65329933166504,11.880017280578612,11.471924781799316,11.517268180847168,54398
2020-05-15,11.471924781799316,11.65329933166504,11.381237983703612,11.517268180847168,20961
2020-05-18,11.335893630981444,12.06139087677002,11.335893630981444,11.789329528808594,32022
2020-05-19,12.15207862854004,12.15207862854004,11.607955932617188,11.834673881530762,11026
2020-05-20,11.56261157989502,11.880017280578612,11.56261157989502,11.880017280578612,2205
2020-05-21,11.834673881530762,12.06139087677002,11.607955932617188,11.834673881530762,67264
2020-05-22,11.69864273071289,11.834673881530762,11.69864273071289,11.834673881530762,3308
2020-05-25,11.56261157989502,11.880017280578612,11.56261157989502,11.880017280578612,2293
2020-05-26,11.743986129760742,11.834673881530762,11.69864273071289,11.834673881530762,23156
2020-05-27,11.925360679626465,11.925360679626465,11.56261157989502,11.834673881530762,53988
2020-05-28,11.56261157989502,11.880017280578612,11.426581382751465,11.834673881530762,18139
2020-05-29,11.789329528808594,11.880017280578612,11.743986129760742,11.880017280578612,17643
2020-06-01,12.06139087677002,12.06139087677002,11.607955932617188,11.925360679626465,27853
2020-06-02,11.69864273071289,11.789329528808594,11.517268180847168,11.607955932617188,118150
2020-06-03,11.65329933166504,11.789329528808594,11.607955932617188,11.789329528808594,26464
2020-06-04,11.789329528808594,11.834673881530762,11.789329528808594,11.789329528808594,65169
2020-06-05,11.69864273071289,11.834673881530762,11.69864273071289,11.789329528808594,26464
2020-06-08,11.880017280578612,11.970704078674316,11.789329528808594,11.789329528808594,144737
2020-06-09,11.880017280578612,12.06139087677002,11.789329528808594,12.06139087677002,289611
2020-06-10,12.106735229492188,12.106735229492188,11.834673881530762,12.016048431396484,101513
2020-06-11,12.06139087677002,12.106735229492188,11.880017280578612,12.016048431396484,282134
2020-06-12,11.471924781799316,11.471924781799316,11.15452003479004,11.381237983703612,103873
2020-06-15,11.381237983703612,11.517268180847168,11.335893630981444,11.517268180847168,16580
2020-06-16,11.607955932617188,11.607955932617188,11.517268180847168,11.56261157989502,22076
2020-06-17,11.607955932617188,11.65329933166504,11.607955932617188,11.65329933166504,54850
2020-06-18,11.69864273071289,11.69864273071289,11.517268180847168,11.69864273071289,22355
2020-06-19,11.69864273071289,11.69864273071289,11.56261157989502,11.65329933166504,32769
2020-06-22,11.65329933166504,11.789329528808594,11.607955932617188,11.789329528808594,143614
2020-06-23,12.06139087677002,12.968262672424316,12.06139087677002,12.968262672424316,462939
2020-06-24,13.965822219848633,14.237882614135742,13.87513542175293,14.237882614135742,538381
2020-06-29,15.416815757751465,15.416815757751465,14.328570365905762,15.23544216156006,1533135
2020-06-30,15.824908256530762,15.824908256530762,14.600631713867188,14.91803741455078,544970
2020-07-01,15.91559600830078,16.142314910888672,15.28078556060791,15.28078556060791,1735504
2020-07-02,15.37147331237793,15.91559600830078,15.054067611694336,15.824908256530762,894711
2020-07-03,16.68643569946289,16.68643569946289,15.870251655578612,16.18765640258789,1223061
2020-07-06,16.323688507080078,16.958498001098633,16.323688507080078,16.731779098510742,854772
2020-07-07,17.003841400146484,17.003841400146484,15.73422145843506,16.278343200683594,764615
2020-07-08,16.323688507080078,17.13987159729004,16.096969604492188,16.86781120300293,1441334
2020-07-09,18.545522689819336,18.545522689819336,17.68399429321289,18.545522689819336,5735265
2020-07-10,18.81758499145508,18.86292839050293,17.230558395385742,17.68399429321289,2364867
2020-07-13,18.046743392944336,18.046743392944336,17.321247100830078,17.41193389892578,643837
2020-07-14,16.958498001098633,17.13987159729004,16.278343200683594,16.36903190612793,801568
2020-07-15,16.777124404907227,17.185216903686523,16.36903190612793,16.64109230041504,688116
2020-07-16,16.64109230041504,16.68643569946289,16.278343200683594,16.278343200683594,282386
2020-07-17,16.505062103271484,16.505062103271484,15.960939407348633,15.960939407348633,235954
2020-07-20,15.77956485748291,15.77956485748291,15.462160110473633,15.552846908569336,216363
2020-07-21,15.870251655578612,16.096969604492188,15.73422145843506,15.77956485748291,125070
2020-07-22,15.77956485748291,16.459718704223633,15.77956485748291,16.18765640258789,348781
2020-07-23,16.323688507080078,16.68643569946289,16.051626205444336,16.051626205444336,311071
2020-07-24,16.096969604492188,16.41437530517578,15.507502555847168,15.598191261291504,221267
2020-07-27,15.73422145843506,15.73422145843506,14.78200626373291,15.19009780883789,434462
2020-07-28,15.19009780883789,15.64353370666504,14.963379859924316,15.054067611694336,229580
2020-07-29,15.054067611694336,15.326128959655762,14.91803741455078,15.326128959655762,75115
2020-07-30,15.598191261291504,15.824908256530762,15.416815757751465,15.73422145843506,208960
2020-07-31,15.824908256530762,17.275903701782227,15.77956485748291,16.822467803955078,999393
2020-08-03,17.094528198242188,17.36659049987793,16.68643569946289,16.86781120300293,484201
2020-08-04,17.230558395385742,17.41193389892578,16.91315460205078,17.275903701782227,441238
2020-08-05,17.230558395385742,17.547964096069336,17.049184799194336,17.230558395385742,230131
2020-08-06,17.230558395385742,17.230558395385742,16.822467803955078,16.822467803955078,184429
2020-08-07,16.822467803955078,17.593307495117188,16.777124404907227,17.593307495117188,366755
2020-08-10,17.638652801513672,18.545522689819336,17.638652801513672,18.046743392944336,930672
2020-08-11,18.63620948791504,18.63620948791504,17.502620697021484,17.547964096069336,825058
2020-08-12,17.547964096069336,18.86292839050293,17.321247100830078,18.772241592407227,2033242
2020-08-13,19.31636428833008,19.996517181396484,18.86292839050293,19.58842658996582,4210933
2020-08-14,18.953615188598636,19.497737884521484,18.90827178955078,19.31636428833008,1090792
2020-08-17,19.497737884521484,19.497737884521484,18.90827178955078,19.271020889282227,782189
2020-08-18,19.31636428833008,19.452394485473636,18.40949249267578,18.545522689819336,1046899
2020-08-19,18.590866088867188,19.31636428833008,18.545522689819336,18.953615188598636,626735
2020-08-20,19.271020889282227,19.40705108642578,17.820026397705078,18.36414909362793,831194
2020-08-21,19.134990692138672,20.177892684936523,18.72689819335937,20.177892684936523,2632197
2020-08-24,21.175451278686523,22.173009872436523,20.948732376098636,22.173009872436523,6021890
2020-08-25,22.21835327148437,23.125225067138672,21.492855072021484,21.991634368896484,6605046
2020-08-26,21.58354377746582,22.943849563598636,21.538198471069336,21.81026077270508,2790958
2020-08-27,21.81026077270508,22.127666473388672,21.266138076782227,21.58354377746582,1621464
2020-08-28,21.674230575561523,23.669347763061523,21.674230575561523,22.671789169311523,4340573
2020-08-31,22.30904006958008,23.760034561157227,22.30904006958008,23.39728546142578,3241552
2020-09-01,23.89606475830078,25.70980834960937,23.89606475830078,25.70980834960937,11443022
2020-09-02,25.936527252197266,26.52599334716797,24.80293655395508,25.98187065124512,11382343
2020-09-03,25.80049514770508,25.936527252197266,24.984310150146484,25.07499885559082,2949806
2020-09-04,24.21347045898437,24.80293655395508,23.85072135925293,24.168127059936523,2636922
2020-09-07,24.168127059936523,25.30171585083008,24.168127059936523,24.34950065612793,2623590
2020-09-08,24.89362335205078,25.256372451782227,24.122783660888672,24.34950065612793,1801530
2020-09-09,23.80537796020508,24.168127059936523,23.53331756591797,23.941408157348636,1604491
2020-09-10,24.48553276062012,24.84828186035156,23.669347763061523,23.669347763061523,1675161
2020-09-11,24.122783660888672,24.122783660888672,22.626445770263672,22.71713256835937,1869603
2020-09-14,22.71713256835937,24.440187454223636,22.71713256835937,24.122783660888672,1583910
2020-09-15,24.34950065612793,24.80293655395508,23.71469116210937,23.80537796020508,1191022
2020-09-16,24.21347045898437,24.21347045898437,23.53331756591797,23.53331756591797,759938
2020-09-17,23.39728546142578,23.89606475830078,23.39728546142578,23.669347763061523,569275
2020-09-18,23.941408157348636,24.938968658447266,23.85072135925293,24.440187454223636,2707451
2020-09-21,24.57621955871582,25.619121551513672,24.440187454223636,24.666906356811523,3964317
2020-09-22,24.440187454223636,24.666906356811523,23.760034561157227,23.89606475830078,1145131
2020-09-23,23.98675346374512,24.168127059936523,23.034536361694336,23.07988166809082,1225661
2020-09-24,22.671789169311523,23.30659866333008,22.127666473388672,22.39972686767578,807420
2020-09-25,22.39972686767578,22.85316276550293,21.674230575561523,22.39972686767578,1040059
2020-09-28,22.71713256835937,22.943849563598636,22.49041557312012,22.671789169311523,390352
2020-09-29,22.762475967407227,22.89850616455078,22.35438346862793,22.80781936645508,423913
2020-09-30,22.762475967407227,24.03209686279297,22.762475967407227,23.487972259521484,1263861
2020-10-05,23.85072135925293,23.941408157348636,23.442630767822266,23.85072135925293,555867
2020-10-06,23.98675346374512,24.89362335205078,23.98675346374512,24.48553276062012,2062319
2020-10-07,25.48309135437012,25.57377815246582,24.21347045898437,24.21347045898437,3915226
2020-10-08,24.39484405517578,24.621562957763672,24.122783660888672,24.258813858032227,945108
2020-10-12,24.48553276062012,25.21102905273437,24.30415725708008,24.30415725708008,1308713
2020-10-13,24.48553276062012,24.84828186035156,24.21347045898437,24.621562957763672,1020797
2020-10-14,24.53087615966797,24.89362335205078,24.48553276062012,24.621562957763672,876077
2020-10-15,24.34950065612793,25.48309135437012,24.34950065612793,24.71224975585937,2775564
2020-10-16,24.938968658447266,27.160802841186523,24.71224975585937,24.71224975585937,20177733
2020-10-19,24.666906356811523,24.80293655395508,23.669347763061523,23.669347763061523,4457207
2020-10-20,23.85072135925293,24.168127059936523,23.71469116210937,23.760034561157227,1260975
2020-10-21,24.122783660888672,24.258813858032227,23.760034561157227,23.760034561157227,810478
2020-10-22,23.89606475830078,24.03209686279297,23.07988166809082,23.21591186523437,1484355
2020-10-23,23.35194206237793,23.941408157348636,23.35194206237793,23.85072135925293,789451
2020-10-26,23.80537796020508,23.941408157348636,23.39728546142578,23.442630767822266,542925
2020-10-27,23.442630767822266,23.669347763061523,23.261255264282227,23.30659866333008,451023
2020-10-28,23.30659866333008,23.442630767822266,22.762475967407227,22.85316276550293,805043
2020-10-29,22.35438346862793,23.170568466186523,22.30904006958008,23.125225067138672,513994
2020-10-30,23.125225067138672,23.261255264282227,22.71713256835937,22.71713256835937,427866
2020-11-02,22.80781936645508,22.98919486999512,22.263696670532227,22.49041557312012,470849
2020-11-03,23.125225067138672,23.53331756591797,22.671789169311523,23.487972259521484,713441
2020-11-04,23.760034561157227,23.760034561157227,23.30659866333008,23.39728546142578,486948
2020-11-05,23.53331756591797,23.669347763061523,23.39728546142578,23.39728546142578,401600
2020-11-06,23.578659057617188,24.21347045898437,23.53331756591797,23.578659057617188,1051196
2020-11-09,23.941408157348636,24.666906356811523,23.80537796020508,24.440187454223636,1647796
2020-11-10,24.757593154907227,24.984310150146484,24.122783660888672,24.34950065612793,1335796
2020-11-11,23.89606475830078,24.53087615966797,23.89606475830078,24.39484405517578,845180
2020-11-12,24.984310150146484,25.120342254638672,24.168127059936523,24.621562957763672,2527003
2020-11-13,24.57621955871582,24.57621955871582,24.03209686279297,24.168127059936523,1451252
2020-11-16,24.440187454223636,24.440187454223636,23.669347763061523,23.80537796020508,948645
2020-11-17,24.03209686279297,24.39484405517578,23.85072135925293,24.03209686279297,695997
2020-11-18,24.03209686279297,25.120342254638672,24.03209686279297,25.07499885559082,3389971
2020-11-19,25.30171585083008,25.30171585083008,24.666906356811523,25.256372451782227,2533671
2020-11-20,25.34705924987793,25.34705924987793,24.80293655395508,24.938968658447266,1001340
2020-11-23,25.165685653686523,25.30171585083008,24.57621955871582,24.666906356811523,810588
2020-11-24,24.84828186035156,24.89362335205078,24.34950065612793,24.39484405517578,1050329
2020-11-25,24.39484405517578,25.21102905273437,24.39484405517578,25.120342254638672,1909620
2020-11-26,25.57377815246582,26.57133674621582,24.666906356811523,24.757593154907227,5501661
2020-11-27,24.666906356811523,24.984310150146484,24.440187454223636,24.666906356811523,869216
2020-11-30,24.938968658447266,25.02965545654297,24.666906356811523,24.84828186035156,690428
2020-12-01,24.84828186035156,25.165685653686523,24.71224975585937,25.165685653686523,710303
2020-12-02,25.34705924987793,25.619121551513672,25.256372451782227,25.256372451782227,1828373
2020-12-03,25.39240455627441,25.39240455627441,25.07499885559082,25.07499885559082,830421
2020-12-04,25.21102905273437,25.30171585083008,24.984310150146484,25.30171585083008,853903
2020-12-07,25.48309135437012,26.163244247436523,25.30171585083008,26.117900848388672,2595425
2020-12-08,25.48309135437012,25.52843475341797,24.30415725708008,24.666906356811523,2792798
2020-12-09,24.666906356811523,24.666906356811523,24.03209686279297,24.122783660888672,1307700
2020-12-10,23.941408157348636,23.941408157348636,23.170568466186523,23.39728546142578,1692983
2020-12-11,23.170568466186523,23.941408157348636,23.170568466186523,23.624004364013672,707156
2020-12-14,23.80537796020508,23.941408157348636,23.624004364013672,23.624004364013672,282289
2020-12-15,23.89606475830078,23.89606475830078,23.261255264282227,23.39728546142578,297726
2020-12-16,23.669347763061523,23.89606475830078,23.53331756591797,23.578659057617188,235702
2020-12-17,23.669347763061523,23.760034561157227,23.07988166809082,23.578659057617188,323110
2020-12-18,23.39728546142578,23.487972259521484,23.30659866333008,23.35194206237793,211716
2020-12-21,23.35194206237793,23.39728546142578,22.89850616455078,22.943849563598636,601011
2020-12-22,22.943849563598636,23.170568466186523,22.762475967407227,22.85316276550293,342470
2020-12-23,23.125225067138672,23.125225067138672,22.535757064819336,22.58110237121582,497427
2020-12-24,22.535757064819336,23.170568466186523,22.535757064819336,22.943849563598636,379546
2020-12-25,22.98919486999512,23.261255264282227,22.98919486999512,23.170568466186523,230684
2020-12-28,23.35194206237793,23.35194206237793,22.98919486999512,23.034536361694336,273467
2020-12-29,23.07988166809082,23.21591186523437,22.89850616455078,23.034536361694336,281252
2020-12-30,23.034536361694336,23.125225067138672,22.762475967407227,22.85316276550293,401379
2020-12-31,22.85316276550293,22.943849563598636,22.80781936645508,22.80781936645508,169814
2021-01-04,23.034536361694336,23.39728546142578,22.98919486999512,23.125225067138672,400277
2021-01-05,23.21591186523437,23.21591186523437,22.943849563598636,23.125225067138672,222320
2021-01-06,23.125225067138672,23.21591186523437,22.49041557312012,22.626445770263672,542770
2021-01-07,22.535757064819336,22.762475967407227,22.535757064819336,22.626445770263672,175916
2021-01-08,22.80781936645508,22.89850616455078,22.49041557312012,22.535757064819336,312151
2021-01-11,22.58110237121582,22.58110237121582,22.03697967529297,22.263696670532227,664382
2021-01-12,22.173009872436523,22.39972686767578,21.85560417175293,21.85560417175293,398080
2021-01-13,21.85560417175293,21.946292877197266,21.40216827392578,21.538198471069336,671918
2021-01-14,21.538198471069336,22.49041557312012,21.31148147583008,22.35438346862793,604924
2021-01-15,22.49041557312012,22.49041557312012,21.447511672973636,21.71957397460937,452369
2021-01-18,21.764917373657227,21.991634368896484,21.266138076782227,21.40216827392578,243430
2021-01-19,21.81026077270508,21.81026077270508,21.492855072021484,21.58354377746582,121296
2021-01-20,21.628887176513672,21.628887176513672,20.85804557800293,20.90338897705078,478568
2021-01-21,20.994075775146484,21.130107879638672,20.177892684936523,20.495296478271484,487411
2021-01-22,20.495296478271484,20.948732376098636,20.22323608398437,20.90338897705078,287824
2021-01-25,20.767358779907227,21.40216827392578,20.767358779907227,21.130107879638672,196279
2021-01-26,21.492855072021484,21.492855072021484,20.85804557800293,20.994075775146484,212832
2021-01-27,20.948732376098636,21.492855072021484,20.948732376098636,21.40216827392578,240921
2021-01-28,21.31148147583008,21.674230575561523,21.130107879638672,21.492855072021484,269779
2021-01-29,21.35682487487793,21.492855072021484,21.22079467773437,21.266138076782227,188572
2021-02-01,21.08476448059082,21.130107879638672,20.85804557800293,20.90338897705078,212832
2021-02-02,20.90338897705078,21.35682487487793,20.90338897705078,20.994075775146484,86021
2021-02-03,20.948732376098636,21.08476448059082,20.948732376098636,20.948732376098636,101692
2021-02-04,21.35682487487793,23.034536361694336,21.35682487487793,22.21835327148437,1736794
2021-02-05,22.30904006958008,23.39728546142578,22.03697967529297,22.98919486999512,2025994
2021-02-17,23.35194206237793,23.35194206237793,22.58110237121582,22.80781936645508,866854
2021-02-18,22.943849563598636,23.170568466186523,22.85316276550293,23.07988166809082,406913
2021-02-19,23.125225067138672,23.30659866333008,22.89850616455078,23.261255264282227,315379
2021-02-22,23.39728546142578,23.89606475830078,23.170568466186523,23.487972259521484,804250
2021-02-23,23.487972259521484,23.669347763061523,23.35194206237793,23.487972259521484,431188
2021-02-24,23.578659057617188,23.578659057617188,23.39728546142578,23.578659057617188,358388
2021-02-25,23.760034561157227,24.03209686279297,23.760034561157227,23.98675346374512,627508
2021-02-26,23.669347763061523,24.03209686279297,23.624004364013672,23.669347763061523,372859
2021-03-02,23.624004364013672,23.89606475830078,23.624004364013672,23.624004364013672,393675
2021-03-03,23.578659057617188,24.122783660888672,23.39728546142578,23.624004364013672,203629
2021-03-04,23.71469116210937,23.89606475830078,23.624004364013672,23.760034561157227,497717
2021-03-05,23.760034561157227,23.760034561157227,23.578659057617188,23.669347763061523,238843
2021-03-08,24.30415725708008,24.30415725708008,23.80537796020508,23.80537796020508,475486
2021-03-09,23.80537796020508,23.89606475830078,23.578659057617188,23.71469116210937,167401
2021-03-10,23.89606475830078,23.89606475830078,23.624004364013672,23.669347763061523,234873
2021-03-11,23.98675346374512,24.03209686279297,23.71469116210937,23.760034561157227,236341
2021-03-12,23.89606475830078,24.71224975585937,23.85072135925293,24.48553276062012,1256639
2021-03-15,24.89362335205078,25.02965545654297,24.57621955871582,24.89362335205078,1130369
2021-03-16,25.34705924987793,25.34705924987793,24.666906356811523,24.666906356811523,605401
2021-03-17,24.938968658447266,25.21102905273437,24.938968658447266,25.165685653686523,875609
2021-03-18,25.39240455627441,25.80049514770508,25.165685653686523,25.21102905273437,941927
2021-03-19,25.21102905273437,25.30171585083008,24.666906356811523,24.666906356811523,633184
2021-03-22,24.938968658447266,25.02965545654297,24.39484405517578,24.80293655395508,510987
2021-03-23,25.165685653686523,25.165685653686523,24.48553276062012,24.89362335205078,305489
2021-03-24,24.89362335205078,25.80049514770508,24.666906356811523,25.619121551513672,2125493
2021-03-25,25.619121551513672,26.25393295288086,25.437746047973636,25.619121551513672,1715239
2021-03-26,25.80049514770508,25.84583854675293,25.39240455627441,25.619121551513672,691751
2021-03-29,26.117900848388672,26.52599334716797,25.84583854675293,25.89118385314941,1668977
2021-03-30,26.25393295288086,27.88629913330078,26.117900848388672,26.752710342407227,5308686
2021-03-31,27.251489639282227,27.47820854187012,26.79805564880371,27.20614624023437,1823679
2021-04-01,27.47820854187012,27.52355194091797,26.84339714050293,27.02477264404297,1107433
2021-04-07,30.33485412597656,31.46844291687012,29.654699325561523,30.01744842529297,7105475
2021-04-08,30.01744842529297,30.425540924072266,29.654699325561523,30.01744842529297,2234220
2021-04-09,30.56157112121582,31.105695724487305,30.01744842529297,30.51622772216797,2506231
2021-04-12,30.96966361999512,32.193939208984375,30.83363342285156,31.83119201660156,4877212
2021-04-13,31.96722221374512,32.193939208984375,29.700044631958008,29.79073143005371,3575253
2021-04-14,30.01744842529297,30.606914520263672,28.113018035888672,29.24660873413086,2769692
2021-04-15,29.427982330322266,30.33485412597656,29.427982330322266,30.108135223388672,1039257
2021-04-16,30.47088432312012,30.47088432312012,29.745386123657227,29.926761627197266,807383
2021-04-19,30.108135223388672,30.38019752502441,29.79073143005371,29.97210502624512,689696
2021-04-20,30.06279182434082,30.24416732788086,29.745386123657227,30.108135223388672,544729
2021-04-21,30.28951072692871,30.28951072692871,29.700044631958008,29.79073143005371,826854
2021-04-22,29.83607482910156,30.01744842529297,28.657140731811523,29.01988983154297,1588427
2021-04-23,29.01988983154297,29.56401252746582,28.657140731811523,29.06523323059082,777783
2021-04-26,29.56401252746582,29.88141822814941,29.15592193603516,29.29195022583008,555940
2021-04-27,29.83607482910156,29.83607482910156,29.33729553222656,29.427982330322266,463873
2021-04-28,29.56401252746582,30.96966361999512,29.33729553222656,30.606914520263672,2116369
2021-04-29,30.87897682189941,30.87897682189941,29.700044631958008,29.79073143005371,1173704
2021-05-03,29.745386123657227,30.06279182434082,29.06523323059082,29.24660873413086,876640
2021-05-04,29.29195022583008,29.47332572937012,27.02477264404297,27.931644439697266,1508606
2021-05-05,27.97698783874512,29.56401252746582,27.84095764160156,28.83851623535156,1150370
2021-05-06,30.47088432312012,30.83363342285156,29.33729553222656,30.153478622436523,3057875
2021-05-07,30.65225982666016,30.65225982666016,29.97210502624512,30.198823928833008,808293
2021-05-10,30.38019752502441,30.425540924072266,29.427982330322266,29.609355926513672,1186553
2021-05-11,29.56401252746582,29.56401252746582,27.659582138061523,28.158361434936523,1603595
2021-05-12,27.38752174377441,27.79561233520508,25.34705924987793,25.664464950561523,2384372
2021-05-13,23.21591186523437,24.84828186035156,23.125225067138672,23.941408157348636,2607323
2021-05-14,24.440187454223636,24.89362335205078,23.53331756591797,24.03209686279297,1082843
2021-05-17,21.764917373657227,23.39728546142578,21.674230575561523,22.082321166992188,1249036
2021-05-18,22.127666473388672,24.03209686279297,22.127666473388672,24.03209686279297,840251
2021-05-19,24.03209686279297,24.757593154907227,23.21591186523437,23.71469116210937,563475
2021-05-20,23.578659057617188,23.89606475830078,23.39728546142578,23.442630767822266,291110
2021-05-21,23.578659057617188,24.168127059936523,23.21591186523437,23.85072135925293,430049
2021-05-24,23.85072135925293,24.48553276062012,23.578659057617188,24.48553276062012,278981
2021-05-25,24.666906356811523,24.89362335205078,24.57621955871582,24.84828186035156,334671
2021-05-26,24.84828186035156,25.120342254638672,24.57621955871582,24.80293655395508,244967
2021-05-27,24.757593154907227,24.89362335205078,24.34950065612793,24.89362335205078,235224
2021-05-28,24.984310150146484,25.48309135437012,24.84828186035156,25.39240455627441,464233
2021-05-31,25.57377815246582,25.84583854675293,25.30171585083008,25.39240455627441,351207
2021-06-01,25.39240455627441,25.664464950561523,25.34705924987793,25.57377815246582,166550
2021-06-02,25.619121551513672,25.664464950561523,25.48309135437012,25.664464950561523,280239
2021-06-03,25.619121551513672,25.84583854675293,25.48309135437012,25.70980834960937,146658
2021-06-04,25.57377815246582,25.70980834960937,25.57377815246582,25.619121551513672,108394
2021-06-07,25.664464950561523,25.664464950561523,24.938968658447266,25.48309135437012,229359
2021-06-08,25.57377815246582,25.84583854675293,25.437746047973636,25.755151748657227,178160
2021-06-09,25.619121551513672,26.07255744934082,25.52843475341797,25.619121551513672,261337
2021-06-10,25.84583854675293,26.02721405029297,25.619121551513672,25.664464950561523,212819
2021-06-11,25.437746047973636,25.70980834960937,25.21102905273437,25.34705924987793,396255
2021-06-15,25.664464950561523,25.664464950561523,25.34705924987793,25.39240455627441,168932
2021-06-16,25.57377815246582,25.664464950561523,25.256372451782227,25.34705924987793,242923
2021-06-17,25.57377815246582,25.664464950561523,25.39240455627441,25.664464950561523,144673
2021-06-18,25.664464950561523,25.664464950561523,25.39240455627441,25.48309135437012,253621
2021-06-21,25.48309135437012,25.619121551513672,25.256372451782227,25.619121551513672,241490
2021-06-22,25.664464950561523,25.664464950561523,25.256372451782227,25.30171585083008,249230
2021-06-23,25.52843475341797,25.98187065124512,25.39240455627441,25.755151748657227,224985
2021-06-24,26.163244247436523,28.02233123779297,26.117900848388672,27.47820854187012,1583821
2021-06-25,27.84095764160156,28.29439353942871,27.20614624023437,27.47820854187012,1109672
2021-06-28,27.614238739013672,27.70492553710937,26.97942924499512,27.20614624023437,494006
2021-06-29,27.251489639282227,27.251489639282227,26.52599334716797,26.616680145263672,405250
2021-06-30,26.752710342407227,27.38752174377441,26.752710342407227,27.07011604309082,269078
2021-07-01,27.02477264404297,27.02477264404297,26.34461975097656,26.34461975097656,378225
2021-07-02,26.48064994812012,27.614238739013672,26.435306549072266,27.34217643737793,439198
2021-07-05,27.34217643737793,27.931644439697266,27.34217643737793,27.79561233520508,641325
2021-07-06,27.79561233520508,28.430423736572266,27.432865142822266,28.33973693847656,616559
2021-07-07,28.29439353942871,28.47576713562012,27.659582138061523,27.97698783874512,515297
2021-07-08,27.931644439697266,27.931644439697266,27.52355194091797,27.659582138061523,205381
2021-07-09,27.659582138061523,27.659582138061523,27.251489639282227,27.52355194091797,181085
2021-07-12,27.52355194091797,27.70492553710937,27.38752174377441,27.38752174377441,273467
2021-07-13,27.38752174377441,27.659582138061523,27.07011604309082,27.160802841186523,461197
2021-07-14,27.160802841186523,27.160802841186523,26.616680145263672,26.662023544311523,503010
2021-07-15,26.70736694335937,27.20614624023437,26.70736694335937,27.115459442138672,199587
2021-07-16,27.02477264404297,27.97698783874512,27.02477264404297,27.47820854187012,435580
2021-07-19,27.84095764160156,27.84095764160156,27.29683494567871,27.38752174377441,234917
2021-07-20,27.29683494567871,27.29683494567871,26.934085845947266,27.07011604309082,339629
2021-07-21,27.20614624023437,27.20614624023437,26.52599334716797,26.57133674621582,413730
2021-07-22,26.752710342407227,27.07011604309082,26.52599334716797,26.52599334716797,247003
2021-07-23,26.79805564880371,27.160802841186523,26.616680145263672,26.662023544311523,185252
2021-07-26,27.115459442138672,27.115459442138672,26.752710342407227,26.97942924499512,121560
2021-07-27,26.97942924499512,26.97942924499512,26.34461975097656,26.48064994812012,227154
2021-07-28,26.662023544311523,26.70736694335937,25.619121551513672,26.02721405029297,241500
2021-07-29,25.936527252197266,26.48064994812012,25.936527252197266,26.435306549072266,100344
2021-07-30,26.435306549072266,26.435306549072266,26.117900848388672,26.117900848388672,98139
2021-08-02,26.117900848388672,26.70736694335937,26.117900848388672,26.29927444458008,215024
2021-08-03,26.752710342407227,26.752710342407227,26.29927444458008,26.38996124267578,115782
2021-08-04,26.70736694335937,26.70736694335937,26.25393295288086,26.38996124267578,90420
2021-08-05,26.20858764648437,26.52599334716797,26.163244247436523,26.25393295288086,97036
2021-08-06,26.25393295288086,26.52599334716797,26.163244247436523,26.435306549072266,175328
2021-08-09,26.38996124267578,26.435306549072266,26.163244247436523,26.20858764648437,95934
2021-08-10,26.20858764648437,26.20858764648437,25.664464950561523,25.80049514770508,363029
2021-08-11,25.70980834960937,25.70980834960937,25.02965545654297,25.34705924987793,282289
2021-08-12,25.39240455627441,25.57377815246582,25.07499885559082,25.256372451782227,372709
2021-08-13,25.39240455627441,25.39240455627441,25.120342254638672,25.256372451782227,110269
2021-08-16,24.938968658447266,25.21102905273437,24.757593154907227,24.938968658447266,279038
2021-08-17,25.21102905273437,25.21102905273437,24.48553276062012,24.53087615966797,178636
2021-08-18,24.440187454223636,24.938968658447266,24.258813858032227,24.938968658447266,130117
2021-08-19,24.938968658447266,24.938968658447266,24.168127059936523,24.34950065612793,186386
2021-08-20,24.21347045898437,24.53087615966797,23.89606475830078,24.258813858032227,144584
2021-08-23,24.48553276062012,24.938968658447266,24.168127059936523,24.84828186035156,158787
2021-08-24,24.84828186035156,24.984310150146484,24.757593154907227,24.984310150146484,44107
2021-08-25,25.02965545654297,25.437746047973636,24.89362335205078,25.120342254638672,169814
2021-08-26,25.165685653686523,25.30171585083008,25.07499885559082,25.30171585083008,131220
2021-08-27,25.39240455627441,25.52843475341797,25.30171585083008,25.39240455627441,252516
2021-08-30,25.437746047973636,25.57377815246582,25.39240455627441,25.48309135437012,175328
2021-08-31,25.70980834960937,25.755151748657227,25.48309135437012,25.755151748657227,190875
2021-09-01,25.936527252197266,26.117900848388672,25.755151748657227,25.98187065124512,576707
2021-09-02,24.757593154907227,24.757593154907227,24.09104347229004,24.424318313598636,445351
2021-09-03,24.519540786743164,24.709983825683597,24.424318313598636,24.662372589111328,164356
2021-09-06,24.662372589111328,24.662372589111328,23.852989196777344,23.948211669921875,175443
2021-09-07,23.995820999145508,24.186264038085938,23.71015739440918,23.995820999145508,107171
2021-09-08,23.995820999145508,23.995820999145508,23.472103118896484,23.51971435546875,249943
2021-09-09,23.472103118896484,23.757768630981445,23.472103118896484,23.662546157836918,57150
2021-09-10,23.662546157836918,23.90060043334961,23.662546157836918,23.80537796020508,105018
2021-09-13,23.90060043334961,23.948211669921875,23.662546157836918,23.71015739440918,69364
2021-09-14,23.948211669921875,24.09104347229004,23.757768630981445,23.80537796020508,98822
2021-09-15,23.90060043334961,23.90060043334961,23.567325592041016,23.61493492126465,74617
2021-09-16,23.51971435546875,23.71015739440918,23.51971435546875,23.71015739440918,28407
2021-09-17,23.71015739440918,24.09104347229004,23.71015739440918,23.852989196777344,165403
2021-09-22,23.662546157836918,24.614761352539062,23.567325592041016,24.186264038085938,192235
2021-09-23,24.519540786743164,24.519540786743164,24.233875274658203,24.28148651123047,72516
2021-09-24,24.376707077026367,24.757593154907227,24.376707077026367,24.709983825683597,166979
2021-09-27,24.99564743041992,24.99564743041992,24.757593154907227,24.85281562805176,66214
2021-09-28,24.85281562805176,26.32874870300293,24.85281562805176,25.70980834960937,646091
2021-09-29,25.70980834960937,25.70980834960937,24.99564743041992,25.090869903564453,154901
2021-09-30,27.42379570007324,27.566627502441406,25.75741958618164,26.804855346679688,3207721
2021-10-01,26.804855346679688,27.42379570007324,26.32874870300293,26.90007781982422,1126888
2021-10-04,27.32857322692871,27.51901626586914,26.281137466430664,26.51919174194336,682278
2021-10-05,25.900251388549805,26.662023544311523,25.56697654724121,26.51919174194336,278925
2021-10-06,26.662023544311523,26.757244110107425,25.995473861694336,26.04308319091797,241857
2021-10-07,26.471580505371094,26.471580505371094,25.900251388549805,26.04308319091797,475942
2021-10-08,26.090694427490234,26.376359939575195,25.805030822753903,25.900251388549805,255162
2021-10-12,25.900251388549805,25.900251388549805,24.85281562805176,24.900426864624023,271866
2021-10-13,24.900426864624023,24.99564743041992,24.138654708862305,24.233875274658203,278613
2021-10-14,24.233875274658203,24.4719295501709,24.138654708862305,24.28148651123047,140662
2021-10-15,24.424318313598636,24.519540786743164,24.28148651123047,24.28148651123047,127644
2021-10-18,24.4719295501709,24.709983825683597,24.4719295501709,24.709983825683597,84257
2021-10-19,24.757593154907227,24.85281562805176,24.662372589111328,24.757593154907227,114208
2021-10-20,24.99564743041992,25.233701705932617,24.99564743041992,25.090869903564453,146080
2021-10-21,25.090869903564453,25.32892227172852,25.043258666992188,25.043258666992188,92626
2021-10-22,25.043258666992188,25.805030822753903,25.043258666992188,25.424144744873047,222113
2021-10-25,25.424144744873047,25.47175407409668,25.233701705932617,25.37653350830078,59742
2021-10-26,25.519365310668945,26.2335262298584,25.519365310668945,25.995473861694336,547446
2021-10-27,26.090694427490234,26.376359939575195,26.090694427490234,26.1383056640625,266562
2021-10-28,26.1383056640625,26.281137466430664,25.70980834960937,25.75741958618164,220328
2021-10-29,26.1383056640625,26.1383056640625,25.37653350830078,25.424144744873047,226209
2021-11-01,25.424144744873047,25.424144744873047,24.99564743041992,25.043258666992188,241700
2021-11-02,25.043258666992188,25.13847923278809,24.709983825683597,24.709983825683597,315060
2021-11-03,24.757593154907227,25.18609046936035,24.709983825683597,24.85281562805176,68576
2021-11-04,24.99564743041992,25.47175407409668,24.99564743041992,25.233701705932617,163342
2021-11-05,25.233701705932617,25.233701705932617,24.757593154907227,24.99564743041992,154600
2021-11-08,25.043258666992188,25.090869903564453,24.709983825683597,25.090869903564453,105394
2021-11-09,25.090869903564453,25.281312942504883,24.948036193847656,25.281312942504883,132745
2021-11-10,25.32892227172852,25.805030822753903,25.32892227172852,25.56697654724121,375504
2021-11-11,25.424144744873047,25.56697654724121,24.99564743041992,25.043258666992188,308911
2021-11-12,25.090869903564453,25.233701705932617,24.757593154907227,25.090869903564453,216810
2021-11-15,25.090869903564453,25.424144744873047,24.900426864624023,24.900426864624023,258817
2021-11-16,25.233701705932617,25.233701705932617,24.900426864624023,24.900426864624023,115599
2021-11-17,24.948036193847656,24.948036193847656,24.80520439147949,24.85281562805176,103959
2021-11-18,24.85281562805176,24.99564743041992,24.709983825683597,24.757593154907227,191238
2021-11-19,24.757593154907227,24.948036193847656,24.662372589111328,24.709983825683597,145240
2021-11-22,24.757593154907227,24.757593154907227,24.519540786743164,24.5671501159668,171809
2021-11-23,24.519540786743164,24.519540786743164,24.376707077026367,24.376707077026367,223321
2021-11-24,24.5671501159668,24.614761352539062,24.376707077026367,24.4719295501709,113430
2021-11-25,24.4719295501709,24.614761352539062,24.4719295501709,24.614761352539062,54684
2021-11-26,24.614761352539062,24.662372589111328,23.995820999145508,24.138654708862305,309917
2021-11-29,24.138654708862305,24.138654708862305,23.71015739440918,23.90060043334961,238076
2021-11-30,24.09104347229004,24.28148651123047,24.09104347229004,24.186264038085938,84292
2021-12-01,24.09104347229004,24.662372589111328,23.995820999145508,24.662372589111328,143912
2021-12-02,24.138654708862305,24.519540786743164,23.80537796020508,23.948211669921875,246561
2021-12-03,23.948211669921875,24.186264038085938,23.948211669921875,24.09104347229004,71464
2021-12-06,23.995820999145508,24.186264038085938,23.948211669921875,24.138654708862305,89353
2021-12-07,24.233875274658203,24.424318313598636,24.043432235717773,24.186264038085938,114039
2021-12-08,24.28148651123047,24.28148651123047,24.09104347229004,24.138654708862305,102392
2021-12-09,24.186264038085938,24.424318313598636,24.186264038085938,24.186264038085938,58022
2021-12-10,24.186264038085938,24.5671501159668,24.138654708862305,24.376707077026367,58159
2021-12-13,24.376707077026367,24.376707077026367,24.09104347229004,24.233875274658203,106068
2021-12-14,24.186264038085938,24.186264038085938,23.852989196777344,23.90060043334961,127702
2021-12-15,23.90060043334961,24.138654708862305,23.80537796020508,23.852989196777344,119926
2021-12-16,23.852989196777344,24.138654708862305,23.852989196777344,24.09104347229004,93507
2021-12-17,24.09104347229004,24.138654708862305,23.948211669921875,23.948211669921875,79078
2021-12-20,24.043432235717773,24.4719295501709,24.043432235717773,24.186264038085938,125057
2021-12-21,24.376707077026367,24.614761352539062,24.376707077026367,24.519540786743164,110099
2021-12-22,24.709983825683597,24.709983825683597,24.424318313598636,24.519540786743164,72895
2021-12-23,24.519540786743164,24.614761352539062,24.4719295501709,24.614761352539062,82281
2021-12-24,24.662372589111328,24.948036193847656,24.662372589111328,24.948036193847656,220033
2021-12-27,25.090869903564453,25.18609046936035,24.948036193847656,24.99564743041992,174410
2021-12-28,25.18609046936035,25.18609046936035,24.85281562805176,24.948036193847656,82417
2021-12-29,24.85281562805176,24.99564743041992,24.757593154907227,24.99564743041992,79866
2021-12-30,24.99564743041992,25.13847923278809,24.85281562805176,24.900426864624023,82356
2022-01-03,24.900426864624023,24.948036193847656,24.757593154907227,24.85281562805176,109836
2022-01-04,24.99564743041992,24.99564743041992,24.662372589111328,24.709983825683597,97089
2022-01-05,24.900426864624023,24.900426864624023,24.32909774780273,24.4719295501709,92311
2022-01-06,24.233875274658203,24.757593154907227,24.138654708862305,24.5671501159668,110794
2022-01-07,24.614761352539062,24.614761352539062,24.28148651123047,24.519540786743164,81914
2022-01-10,24.662372589111328,24.757593154907227,24.519540786743164,24.709983825683597,92416
2022-01-11,24.614761352539062,24.757593154907227,24.614761352539062,24.662372589111328,45288
2022-01-12,24.5671501159668,24.614761352539062,24.28148651123047,24.376707077026367,76484
2022-01-13,24.376707077026367,24.757593154907227,24.376707077026367,24.424318313598636,59860
2022-01-14,24.424318313598636,24.424318313598636,24.138654708862305,24.32909774780273,76758
2022-01-17,24.138654708862305,24.5671501159668,24.138654708862305,24.4719295501709,94556
2022-01-18,24.376707077026367,24.614761352539062,24.376707077026367,24.424318313598636,45262
2022-01-19,24.376707077026367,24.376707077026367,24.186264038085938,24.233875274658203,75752
2022-01-20,24.4719295501709,24.4719295501709,24.09104347229004,24.233875274658203,58880
2022-01-21,24.09104347229004,24.186264038085938,23.995820999145508,23.995820999145508,68427
2022-01-24,24.186264038085938,24.186264038085938,23.80537796020508,23.995820999145508,75193
2022-01-25,24.376707077026367,24.376707077026367,23.71015739440918,23.80537796020508,165928
2022-01-26,24.09104347229004,24.376707077026367,23.80537796020508,23.90060043334961,85064
2022-02-07,23.995820999145508,24.09104347229004,23.90060043334961,24.09104347229004,68302
2022-02-08,24.09104347229004,24.233875274658203,24.09104347229004,24.233875274658203,42112
2022-02-09,24.28148651123047,24.519540786743164,24.186264038085938,24.32909774780273,44112
2022-02-10,24.519540786743164,24.5671501159668,24.32909774780273,24.32909774780273,45473
2022-02-11,24.376707077026367,24.424318313598636,24.32909774780273,24.376707077026367,57760
2022-02-14,24.32909774780273,24.32909774780273,24.233875274658203,24.233875274658203,45157
2022-02-15,24.233875274658203,24.28148651123047,24.138654708862305,24.186264038085938,78815
2022-02-16,24.5671501159668,24.5671501159668,24.28148651123047,24.376707077026367,85467
2022-02-17,24.376707077026367,24.709983825683597,24.376707077026367,24.4719295501709,67421
2022-02-18,24.28148651123047,24.4719295501709,24.233875274658203,24.376707077026367,51143
2022-02-21,24.376707077026367,24.376707077026367,24.233875274658203,24.32909774780273,41078
2022-02-22,24.28148651123047,24.32909774780273,24.09104347229004,24.186264038085938,54872
2022-02-23,24.28148651123047,24.424318313598636,24.186264038085938,24.32909774780273,44160
2022-02-24,24.376707077026367,24.424318313598636,23.948211669921875,23.995820999145508,82964
2022-02-25,23.995820999145508,23.995820999145508,23.51971435546875,23.90060043334961,94516
2022-03-01,24.043432235717773,24.138654708862305,23.995820999145508,23.995820999145508,52824
2022-03-02,24.043432235717773,24.043432235717773,23.948211669921875,24.043432235717773,77923
2022-03-03,24.186264038085938,24.186264038085938,24.043432235717773,24.09104347229004,15752
2022-03-04,23.948211669921875,24.138654708862305,23.948211669921875,24.09104347229004,49883
2022-03-07,23.995820999145508,23.995820999145508,23.71015739440918,23.80537796020508,159627
2022-03-08,23.80537796020508,23.80537796020508,23.376882553100582,23.472103118896484,194409
2022-03-09,23.42449188232422,23.662546157836918,23.42449188232422,23.662546157836918,45367
2022-03-10,23.80537796020508,23.852989196777344,23.61493492126465,23.80537796020508,50647
2022-03-11,23.80537796020508,23.80537796020508,23.61493492126465,23.757768630981445,26342
2022-03-14,23.757768630981445,23.80537796020508,23.662546157836918,23.757768630981445,33658
2022-03-15,23.662546157836918,23.662546157836918,23.376882553100582,23.472103118896484,93466
2022-03-16,23.472103118896484,23.61493492126465,23.32927131652832,23.472103118896484,73512
2022-03-17,23.80537796020508,23.80537796020508,23.472103118896484,23.567325592041016,56713
2022-03-18,23.567325592041016,23.71015739440918,23.567325592041016,23.71015739440918,21003
2022-03-21,23.90060043334961,24.09104347229004,23.757768630981445,23.852989196777344,56709
2022-03-22,23.80537796020508,24.043432235717773,23.80537796020508,23.90060043334961,64837
2022-03-23,23.948211669921875,23.948211669921875,23.80537796020508,23.852989196777344,65321
2022-03-24,23.852989196777344,23.852989196777344,23.757768630981445,23.80537796020508,74585
2022-03-25,23.80537796020508,23.80537796020508,23.662546157836918,23.71015739440918,128772
2022-03-28,23.51971435546875,23.51971435546875,23.32927131652832,23.472103118896484,65111
2022-03-29,23.472103118896484,23.472103118896484,23.186437606811523,23.28166007995605,80970
2022-03-30,23.28166007995605,23.28166007995605,23.04360580444336,23.186437606811523,131377
2022-03-31,23.13882827758789,23.186437606811523,22.71033096313477,22.805551528930664,194441
2022-04-01,23.28166007995605,23.28166007995605,22.5674991607666,22.805551528930664,108173
2022-04-06,22.805551528930664,22.805551528930664,22.6627197265625,22.71033096313477,45262
2022-04-07,22.615108489990234,22.71033096313477,22.5674991607666,22.71033096313477,64061
2022-04-08,22.71033096313477,22.71033096313477,22.615108489990234,22.71033096313477,54609
2022-04-11,22.85316276550293,22.94838523864746,22.6627197265625,22.6627197265625,108168
2022-04-12,22.85316276550293,22.85316276550293,22.5674991607666,22.6627197265625,87690
2022-04-13,22.6627197265625,22.85316276550293,22.6627197265625,22.805551528930664,66266
2022-04-14,22.85316276550293,23.376882553100582,22.71033096313477,23.186437606811523,89790
2022-04-15,23.186437606811523,23.186437606811523,23.04360580444336,23.04360580444336,4210
2022-04-18,22.85316276550293,22.85316276550293,22.71033096313477,22.71033096313477,51458
2022-04-19,22.6627197265625,22.75794219970703,22.6627197265625,22.75794219970703,35706
2022-04-20,22.75794219970703,22.900774002075195,22.75794219970703,22.75794219970703,36756
2022-04-21,22.6627197265625,22.85316276550293,22.6627197265625,22.85316276550293,66686
2022-04-22,23.28166007995605,23.28166007995605,22.85316276550293,22.85316276550293,19953
2022-04-25,22.75794219970703,22.85316276550293,22.37705612182617,22.805551528930664,69312
2022-04-26,22.805551528930664,22.85316276550293,22.519887924194336,22.5674991607666,88267
2022-04-27,22.37705612182617,22.424665451049805,22.09139060974121,22.13900184631348,92416
2022-04-28,22.13900184631348,22.424665451049805,22.09139060974121,22.329444885253903,40957
2022-04-29,22.23422241210937,22.805551528930664,22.23422241210937,22.615108489990234,84770
2022-05-03,22.6627197265625,22.71033096313477,22.6627197265625,22.6627197265625,13284
2022-05-04,22.6627197265625,22.6627197265625,22.47227668762207,22.6627197265625,14702
2022-05-05,22.519887924194336,22.75794219970703,22.519887924194336,22.71033096313477,18903
2022-05-06,22.23422241210937,22.71033096313477,22.23422241210937,22.519887924194336,26254
2022-05-09,22.23422241210937,22.615108489990234,22.043779373168945,22.615108489990234,32766
2022-05-10,22.37705612182617,22.37705612182617,22.043779373168945,22.09139060974121,67211
2022-05-11,22.186613082885746,22.23422241210937,21.996170043945312,22.23422241210937,60910
2022-05-12,21.948558807373047,21.996170043945312,21.85333633422852,21.90094757080078,88215
2022-05-13,21.90094757080078,22.09139060974121,21.424840927124023,21.52006149291992,93658
2022-05-16,21.52006149291992,21.948558807373047,21.472450256347656,21.52006149291992,73512
2022-05-17,21.52006149291992,21.567672729492188,21.37722969055176,21.52006149291992,54609
2022-05-18,21.472450256347656,21.948558807373047,21.472450256347656,21.805727005004883,64106
2022-05-19,21.567672729492188,21.805727005004883,21.567672729492188,21.71050453186035,19015
2022-05-20,21.90094757080078,23.32927131652832,21.90094757080078,22.615108489990234,296046
2022-05-23,22.615108489990234,24.85281562805176,22.519887924194336,24.85281562805176,1956425
2022-05-24,25.13847923278809,26.90007781982422,23.091217041015625,23.091217041015625,8460063
2022-05-25,23.42449188232422,24.662372589111328,23.42449188232422,23.71015739440918,2451389
2022-05-26,23.995820999145508,25.805030822753903,23.995820999145508,25.70980834960937,3850454
2022-05-27,25.37653350830078,25.70980834960937,24.5671501159668,25.66219711303711,2414664
2022-05-30,25.94786262512207,25.995473861694336,24.5671501159668,25.56697654724121,2591851
2022-05-31,25.281312942504883,25.424144744873047,24.5671501159668,24.5671501159668,850183
2022-06-01,24.662372589111328,25.519365310668945,24.5671501159668,25.37653350830078,1796229
2022-06-02,24.99564743041992,25.32892227172852,24.757593154907227,24.85281562805176,690610
2022-06-06,24.709983825683597,24.709983825683597,24.09104347229004,24.09104347229004,479303
2022-06-07,24.043432235717773,25.233701705932617,24.043432235717773,25.233701705932617,1065823
2022-06-08,25.32892227172852,25.70980834960937,24.5671501159668,24.709983825683597,684909
2022-06-09,24.519540786743164,24.900426864624023,24.376707077026367,24.376707077026367,303752
2022-06-10,24.09104347229004,25.18609046936035,24.09104347229004,24.757593154907227,520040
2022-06-13,24.4719295501709,25.900251388549805,24.424318313598636,24.85281562805176,2569322
2022-06-14,24.662372589111328,25.13847923278809,23.61493492126465,24.09104347229004,1043881
2022-06-15,24.186264038085938,24.4719295501709,23.90060043334961,23.948211669921875,301507
2022-06-16,24.138654708862305,24.709983825683597,23.90060043334961,23.90060043334961,299886
2022-06-17,23.42449188232422,24.233875274658203,23.376882553100582,23.61493492126465,342359
2022-06-20,23.472103118896484,23.71015739440918,22.37705612182617,22.47227668762207,452958
2022-06-21,22.805551528930664,23.28166007995605,22.805551528930664,23.23404884338379,293278
2022-06-22,23.42449188232422,23.42449188232422,22.47227668762207,22.47227668762207,235272
2022-06-23,22.75794219970703,23.23404884338379,22.6627197265625,22.75794219970703,199534
2022-06-24,23.23404884338379,23.32927131652832,22.805551528930664,22.805551528930664,262545
2022-06-27,23.23404884338379,23.32927131652832,23.04360580444336,23.13882827758789,157527
2022-06-28,23.32927131652832,23.32927131652832,22.85316276550293,22.900774002075195,94516
2022-06-29,22.94838523864746,23.186437606811523,22.75794219970703,23.13882827758789,138624
2022-06-30,23.186437606811523,23.186437606811523,22.6627197265625,23.186437606811523,249943
2022-07-01,22.900774002075195,23.091217041015625,21.948558807373047,21.948558807373047,520050
2022-07-04,22.13900184631348,22.28183364868164,21.996170043945312,22.23422241210937,339331
2022-07-05,22.28183364868164,23.23404884338379,22.28183364868164,22.995994567871094,353105
2022-07-06,22.13900184631348,22.13900184631348,21.66289329528809,21.805727005004883,133373
2022-07-07,21.71050453186035,22.28183364868164,21.66289329528809,22.28183364868164,156529
2022-07-08,22.329444885253903,23.567325592041016,22.329444885253903,22.995994567871094,385480
2022-07-11,24.233875274658203,24.233875274658203,22.995994567871094,23.472103118896484,479035
2022-07-12,23.61493492126465,23.61493492126465,22.805551528930664,22.805551528930664,275147
2022-07-13,23.42449188232422,23.662546157836918,23.28166007995605,23.376882553100582,220485
2022-07-14,23.42449188232422,24.138654708862305,23.42449188232422,23.90060043334961,441076
2022-07-15,23.995820999145508,24.09104347229004,23.42449188232422,23.757768630981445,166018
2022-07-18,23.995820999145508,23.995820999145508,23.32927131652832,23.51971435546875,174330
2022-07-19,23.28166007995605,23.662546157836918,23.28166007995605,23.662546157836918,113503
2022-07-20,23.757768630981445,23.80537796020508,23.32927131652832,23.42449188232422,155428
2022-07-21,23.61493492126465,23.71015739440918,23.32927131652832,23.376882553100582,94547
2022-07-22,23.662546157836918,23.80537796020508,23.567325592041016,23.80537796020508,143349
2022-07-25,23.90060043334961,23.995820999145508,23.80537796020508,23.852989196777344,130642
2022-07-26,23.852989196777344,23.852989196777344,23.472103118896484,23.662546157836918,115520
2022-07-27,23.61493492126465,23.757768630981445,23.51971435546875,23.757768630981445,36756
2022-07-28,23.80537796020508,23.852989196777344,23.376882553100582,23.42449188232422,137647
2022-07-29,23.80537796020508,24.900426864624023,23.662546157836918,24.5671501159668,1189857
2022-08-01,24.757593154907227,25.805030822753903,24.5671501159668,24.948036193847656,1949821
2022-08-02,24.5671501159668,25.18609046936035,24.233875274658203,25.13847923278809,561585
2022-08-03,25.233701705932617,25.281312942504883,24.519540786743164,24.614761352539062,308911
2022-08-04,24.5671501159668,24.5671501159668,23.90060043334961,24.424318313598636,257294
2022-08-05,24.709983825683597,24.99564743041992,24.4719295501709,24.4719295501709,196553
2022-08-08,24.186264038085938,24.709983825683597,24.186264038085938,24.519540786743164,112369
2022-08-09,24.900426864624023,25.18609046936035,24.4719295501709,24.5671501159668,413667
2022-08-10,24.5671501159668,25.519365310668945,24.5671501159668,25.424144744873047,619484
2022-08-11,25.281312942504883,25.281312942504883,24.757593154907227,24.99564743041992,421595
2022-08-12,24.900426864624023,25.70980834960937,24.900426864624023,25.47175407409668,761451
2022-08-15,25.70980834960937,25.70980834960937,24.757593154907227,24.900426864624023,675320
2022-08-16,25.32892227172852,25.32892227172852,24.5671501159668,24.614761352539062,322101
2022-08-17,24.424318313598636,24.900426864624023,24.233875274658203,24.4719295501709,548300
2022-08-18,24.28148651123047,24.662372589111328,24.09104347229004,24.376707077026367,300352
2022-08-19,24.4719295501709,25.043258666992188,24.233875274658203,24.376707077026367,223741
2022-08-22,24.376707077026367,24.376707077026367,24.09104347229004,24.233875274658203,69312
2022-08-23,24.138654708862305,24.519540786743164,23.90060043334961,24.519540786743164,138624
2022-08-24,24.614761352539062,24.614761352539062,24.376707077026367,24.4719295501709,94535
2022-08-25,24.5671501159668,24.948036193847656,24.5671501159668,24.948036193847656,196804
2022-08-26,24.948036193847656,25.61458778381348,24.948036193847656,24.948036193847656,637931
2022-08-29,24.5671501159668,25.043258666992188,24.186264038085938,25.043258666992188,427424
2022-08-30,25.043258666992188,25.47175407409668,24.80520439147949,25.47175407409668,491561
2022-08-31,25.32892227172852,25.37653350830078,25.090869903564453,25.32892227172852,185882
2022-09-01,25.13847923278809,25.70980834960937,24.948036193847656,25.47175407409668,433725
2022-09-02,25.66219711303711,26.18591690063477,25.56697654724121,25.995473861694336,1183185
2022-09-05,26.281137466430664,26.281137466430664,24.948036193847656,25.043258666992188,639561
2022-09-06,25.043258666992188,25.233701705932617,24.948036193847656,25.043258666992188,212136
2022-09-07,25.043258666992188,25.233701705932617,24.4719295501709,25.13847923278809,156477
2022-09-08,25.18609046936035,25.75741958618164,25.18609046936035,25.519365310668945,373909
2022-09-12,25.519365310668945,25.519365310668945,24.80520439147949,25.043258666992188,356011
2022-09-13,25.13847923278809,25.56697654724121,24.99564743041992,25.233701705932617,221588
2022-09-14,24.948036193847656,25.424144744873047,24.948036193847656,25.281312942504883,202685
2022-09-15,25.281312942504883,25.900251388549805,25.233701705932617,25.233701705932617,239441
2022-09-16,25.13847923278809,25.233701705932617,24.757593154907227,24.757593154907227,274097
2022-09-19,24.80520439147949,24.80520439147949,24.4719295501709,24.519540786743164,153326
2022-09-20,24.519540786743164,24.662372589111328,24.424318313598636,24.424318313598636,115520
2022-09-21,24.424318313598636,24.614761352539062,24.376707077026367,24.376707077026367,73512
2022-09-22,24.376707077026367,24.614761352539062,23.948211669921875,24.186264038085938,251623
2022-09-23,24.4719295501709,24.4719295501709,23.71015739440918,23.852989196777344,195806
2022-09-26,23.80537796020508,23.80537796020508,22.75794219970703,22.75794219970703,322451
2022-09-27,22.75794219970703,23.23404884338379,22.615108489990234,22.995994567871094,91418
2022-09-28,22.94838523864746,22.94838523864746,21.996170043945312,22.043779373168945,425324
2022-09-29,22.37705612182617,22.47227668762207,21.948558807373047,22.23422241210937,199555
2022-09-30,21.996170043945312,21.996170043945312,21.52006149291992,21.948558807373047,120771
2022-10-03,21.52006149291992,21.85333633422852,21.52006149291992,21.66289329528809,105018
2022-10-04,21.805727005004883,21.948558807373047,21.66289329528809,21.758115768432617,147025
2022-10-05,21.948558807373047,21.948558807373047,21.424840927124023,21.71050453186035,303502
2022-10-06,22.13900184631348,23.28166007995605,21.805727005004883,21.805727005004883,891801
2022-10-07,21.805727005004883,22.09139060974121,21.805727005004883,21.90094757080078,276198
2022-10-11,21.66289329528809,21.66289329528809,20.61545753479004,20.9963436126709,318310
2022-10-12,20.948732376098636,21.043954849243164,20.758289337158203,20.901121139526367,189137
2022-10-13,20.948732376098636,20.948732376098636,19.04430389404297,19.04430389404297,508446
2022-10-14,19.47279930114746,19.901296615600582,19.47279930114746,19.615631103515625,179791
2022-10-17,19.758464813232425,19.996517181396484,19.0919132232666,19.996517181396484,267796
2022-10-18,20.04412841796875,20.091739654541016,19.71085357666016,19.94890785217285,78763
2022-10-19,19.94890785217285,19.996517181396484,19.66324234008789,19.66324234008789,66161
2022-10-20,19.520410537719727,19.520410537719727,19.2347469329834,19.37757873535156,131273
2022-10-21,19.520410537719727,19.66324234008789,19.425188064575195,19.47279930114746,38856
2022-10-24,19.520410537719727,19.71085357666016,19.37757873535156,19.425188064575195,59860
2022-10-25,19.425188064575195,19.47279930114746,19.2347469329834,19.37757873535156,51458
2022-10-26,19.520410537719727,19.66324234008789,19.2347469329834,19.37757873535156,68261
2022-10-27,19.520410537719727,19.615631103515625,19.37757873535156,19.520410537719727,92528
2022-10-28,19.568021774291992,19.568021774291992,19.04430389404297,19.139524459838867,82964
2022-10-31,19.28235626220703,19.66324234008789,19.28235626220703,19.615631103515625,51533
2022-11-01,19.37757873535156,20.377403259277344,19.37757873535156,20.186960220336918,87427
2022-11-02,20.32979393005371,20.567846298217773,20.186960220336918,20.186960220336918,75613
2022-11-03,19.901296615600582,20.61545753479004,19.901296615600582,20.377403259277344,52906
2022-11-04,20.282182693481445,20.42501449584961,20.04412841796875,20.186960220336918,38856
2022-11-07,20.42501449584961,20.85351181030273,20.282182693481445,20.520235061645508,82980
2022-11-08,21.37722969055176,21.37722969055176,20.61545753479004,20.61545753479004,86114
2022-11-09,20.948732376098636,21.234397888183597,20.948732376098636,21.139175415039062,88215
2022-11-10,21.234397888183597,21.32961845397949,20.948732376098636,20.948732376098636,94538
2022-11-11,21.32961845397949,21.61528205871582,20.9963436126709,21.043954849243164,297202
2022-11-14,21.282007217407227,21.32961845397949,20.710678100585938,20.948732376098636,327657
2022-11-15,20.758289337158203,20.758289337158203,20.282182693481445,20.472625732421875,196408
2022-11-16,20.663068771362305,20.758289337158203,20.472625732421875,20.567846298217773,84119
2022-11-17,20.758289337158203,20.80590057373047,20.710678100585938,20.80590057373047,28354
2022-11-18,20.85351181030273,21.0915641784668,20.758289337158203,20.85351181030273,55764
2022-11-21,20.901121139526367,20.901121139526367,19.568021774291992,20.61545753479004,84014
2022-11-22,20.80590057373047,20.80590057373047,20.42501449584961,20.520235061645508,75718
2022-11-23,20.567846298217773,20.710678100585938,20.520235061645508,20.567846298217773,15762
2022-11-24,20.80590057373047,20.80590057373047,20.663068771362305,20.758289337158203,38856
2022-11-25,20.758289337158203,21.234397888183597,20.758289337158203,21.234397888183597,74720
2022-11-28,21.234397888183597,21.234397888183597,20.758289337158203,21.0915641784668,53559
2022-11-29,21.0915641784668,21.948558807373047,21.0915641784668,21.805727005004883,249943
2022-11-30,21.90094757080078,21.996170043945312,21.52006149291992,21.71050453186035,154378
2022-12-01,21.805727005004883,21.85333633422852,21.567672729492188,21.805727005004883,140987
2022-12-02,21.805727005004883,21.85333633422852,21.61528205871582,21.61528205871582,58862
2022-12-05,21.71050453186035,21.85333633422852,21.61528205871582,21.85333633422852,46208
2022-12-06,21.85333633422852,21.85333633422852,21.567672729492188,21.66289329528809,60122
2022-12-07,21.52006149291992,21.52006149291992,21.186786651611328,21.424840927124023,31400
2022-12-08,21.424840927124023,21.424840927124023,21.282007217407227,21.32961845397949,19008
2022-12-09,21.234397888183597,21.234397888183597,20.948732376098636,21.043954849243164,125286
2022-12-12,20.663068771362305,20.80590057373047,20.567846298217773,20.758289337158203,55659
2022-12-13,20.80590057373047,20.85351181030273,20.710678100585938,20.80590057373047,30460
2022-12-14,20.80590057373047,20.948732376098636,20.80590057373047,20.948732376098636,10501
2022-12-15,20.9963436126709,20.9963436126709,20.85351181030273,20.948732376098636,27304
2022-12-16,20.758289337158203,20.901121139526367,20.710678100585938,20.758289337158203,31505
2022-12-19,20.61545753479004,20.61545753479004,20.520235061645508,20.567846298217773,53034
2022-12-20,20.472625732421875,20.520235061645508,20.186960220336918,20.23457145690918,76663
2022-12-21,20.377403259277344,20.377403259277344,20.13935089111328,20.282182693481445,36756
2022-12-22,20.80590057373047,20.85351181030273,20.377403259277344,20.472625732421875,23104
2022-12-23,20.23457145690918,20.948732376098636,20.23457145690918,20.61545753479004,40957
2022-12-26,20.80590057373047,21.282007217407227,20.472625732421875,21.0915641784668,214342
2022-12-27,21.282007217407227,21.37722969055176,20.85351181030273,20.85351181030273,78763
2022-12-28,20.9963436126709,20.9963436126709,20.663068771362305,20.758289337158203,49702
2022-12-29,20.61545753479004,20.948732376098636,20.520235061645508,20.567846298217773,138624
2022-12-30,20.758289337158203,20.9963436126709,20.61545753479004,20.710678100585938,52509
2023-01-03,20.61545753479004,20.710678100585938,20.23457145690918,20.32979393005371,78921
2023-01-04,20.32979393005371,20.472625732421875,20.32979393005371,20.472625732421875,11552
2023-01-05,20.61545753479004,20.948732376098636,20.377403259277344,20.567846298217773,95605
2023-01-06,20.80590057373047,20.80590057373047,20.472625732421875,20.61545753479004,58810
2023-01-09,20.663068771362305,20.948732376098636,20.61545753479004,20.80590057373047,90338
2023-01-10,20.663068771362305,20.85351181030273,20.663068771362305,20.85351181030273,28354
2023-01-11,20.901121139526367,20.9963436126709,20.710678100585938,20.710678100585938,65111
2023-01-12,20.85351181030273,20.948732376098636,20.567846298217773,20.663068771362305,27304
2023-01-13,20.710678100585938,21.043954849243164,20.61545753479004,20.61545753479004,45168
2023-01-16,20.80590057373047,20.948732376098636,20.61545753479004,20.85351181030273,63010
2023-01-17,20.901121139526367,20.948732376098636,20.80590057373047,20.85351181030273,40484
2023-01-30,20.901121139526367,20.9963436126709,20.85351181030273,20.9963436126709,32555
2023-01-31,20.948732376098636,21.043954849243164,20.85351181030273,20.9963436126709,44107
2023-02-01,21.043954849243164,21.282007217407227,21.043954849243164,21.139175415039062,84014
2023-02-02,21.32961845397949,21.424840927124023,21.139175415039062,21.234397888183597,135527
2023-02-03,21.282007217407227,21.66289329528809,21.139175415039062,21.52006149291992,144015
2023-02-06,21.52006149291992,21.66289329528809,21.32961845397949,21.52006149291992,92416
2023-02-07,21.52006149291992,21.52006149291992,21.282007217407227,21.424840927124023,49358
2023-02-08,21.424840927124023,21.52006149291992,21.282007217407227,21.37722969055176,42170
2023-02-09,21.37722969055176,21.424840927124023,21.32961845397949,21.424840927124023,36808
2023-02-10,21.282007217407227,21.52006149291992,21.234397888183597,21.424840927124023,113419
2023-02-13,21.567672729492188,21.567672729492188,21.32961845397949,21.32961845397949,25204
2023-02-14,21.32961845397949,21.61528205871582,21.234397888183597,21.37722969055176,103443
2023-02-15,21.37722969055176,21.52006149291992,21.186786651611328,21.32961845397949,51825
2023-02-16,21.32961845397949,21.37722969055176,21.234397888183597,21.37722969055176,26254
2023-02-17,21.424840927124023,21.424840927124023,21.186786651611328,21.282007217407227,35051
2023-02-20,21.282007217407227,21.472450256347656,21.282007217407227,21.424840927124023,55712
2023-02-21,21.52006149291992,21.52006149291992,21.37722969055176,21.52006149291992,69780
2023-02-22,21.52006149291992,21.52006149291992,21.282007217407227,21.472450256347656,96678
2023-02-23,21.567672729492188,21.66289329528809,21.52006149291992,21.567672729492188,71832
2023-02-24,21.71050453186035,21.71050453186035,21.282007217407227,21.424840927124023,279600
2023-03-01,21.424840927124023,21.71050453186035,21.424840927124023,21.61528205871582,135479
2023-03-02,21.805727005004883,21.805727005004883,21.52006149291992,21.567672729492188,42532
2023-03-03,21.61528205871582,23.23404884338379,21.567672729492188,22.94838523864746,976189
2023-03-06,23.04360580444336,23.186437606811523,22.900774002075195,22.900774002075195,507412
2023-03-07,22.900774002075195,22.94838523864746,22.75794219970703,22.805551528930664,161769
2023-03-08,22.75794219970703,23.23404884338379,22.615108489990234,23.04360580444336,209113
2023-03-09,23.04360580444336,23.091217041015625,22.75794219970703,22.75794219970703,105091
2023-03-10,22.75794219970703,22.995994567871094,22.47227668762207,22.5674991607666,182364
2023-03-13,22.28183364868164,22.519887924194336,21.948558807373047,22.186613082885746,167504
2023-03-14,22.13900184631348,22.28183364868164,21.90094757080078,21.948558807373047,93532
2023-03-15,21.996170043945312,22.186613082885746,21.996170043945312,21.996170043945312,33605
2023-03-16,21.90094757080078,22.23422241210937,21.71050453186035,21.71050453186035,55659
2023-03-17,21.805727005004883,21.996170043945312,21.805727005004883,21.90094757080078,37806
2023-03-20,21.90094757080078,22.09139060974121,21.71050453186035,22.09139060974121,66161
2023-03-21,22.13900184631348,22.37705612182617,22.13900184631348,22.28183364868164,59860
2023-03-22,22.424665451049805,22.615108489990234,22.37705612182617,22.615108489990234,97929
2023-03-23,22.615108489990234,22.615108489990234,22.424665451049805,22.47227668762207,75718
2023-03-24,22.424665451049805,22.424665451049805,21.996170043945312,22.09139060974121,128248
2023-03-27,22.043779373168945,22.09139060974121,21.90094757080078,22.09139060974121,113577
2023-03-28,21.996170043945312,22.186613082885746,21.90094757080078,21.948558807373047,39906
2023-03-29,21.948558807373047,21.948558807373047,21.90094757080078,21.948558807373047,45157
2023-03-30,21.90094757080078,22.13900184631348,21.85333633422852,21.996170043945312,53623
2023-03-31,22.09139060974121,22.09139060974121,21.758115768432617,21.90094757080078,106068
2023-04-06,21.90094757080078,22.09139060974121,21.85333633422852,21.948558807373047,72462
2023-04-07,21.90094757080078,21.948558807373047,21.90094757080078,21.90094757080078,16802
2023-04-10,21.90094757080078,21.996170043945312,21.805727005004883,21.90094757080078,67211
2023-04-11,21.90094757080078,21.996170043945312,21.90094757080078,21.90094757080078,46208
2023-04-12,21.90094757080078,21.948558807373047,21.85333633422852,21.90094757080078,48693
2023-04-13,21.805727005004883,21.948558807373047,21.758115768432617,21.948558807373047,110269
2023-04-14,21.948558807373047,22.37705612182617,21.90094757080078,21.90094757080078,194283
2023-04-17,21.90094757080078,21.90094757080078,21.85333633422852,21.90094757080078,46472
2023-04-18,22.043779373168945,22.28183364868164,21.85333633422852,21.90094757080078,50674
2023-04-19,21.90094757080078,22.043779373168945,21.71050453186035,21.805727005004883,98979
2023-04-20,21.805727005004883,21.90094757080078,21.71050453186035,21.85333633422852,59860
2023-04-21,21.758115768432617,21.996170043945312,21.71050453186035,21.996170043945312,59860
2023-04-24,21.996170043945312,21.996170043945312,21.758115768432617,21.805727005004883,37911
2023-04-25,21.758115768432617,21.758115768432617,21.52006149291992,21.61528205871582,82964
2023-04-26,21.61528205871582,21.61528205871582,21.567672729492188,21.61528205871582,35706
2023-04-27,21.567672729492188,21.66289329528809,21.567672729492188,21.61528205871582,43189
2023-04-28,21.66289329528809,21.758115768432617,21.61528205871582,21.61528205871582,27336
2023-05-02,21.61528205871582,21.948558807373047,21.61528205871582,21.758115768432617,38962
2023-05-03,21.66289329528809,21.805727005004883,21.66289329528809,21.71050453186035,12602
2023-05-04,21.805727005004883,21.90094757080078,21.805727005004883,21.805727005004883,27306
2023-05-05,21.71050453186035,21.948558807373047,21.71050453186035,21.805727005004883,14705
2023-05-08,21.90094757080078,21.90094757080078,21.758115768432617,21.758115768432617,27304
2023-05-09,21.71050453186035,21.71050453186035,21.567672729492188,21.61528205871582,49358
2023-05-10,21.758115768432617,21.758115768432617,21.567672729492188,21.61528205871582,17154
2023-05-11,21.61528205871582,21.61528205871582,21.567672729492188,21.567672729492188,69417
2023-05-12,21.424840927124023,21.567672729492188,21.37722969055176,21.424840927124023,118679
2023-05-15,21.424840927124023,21.424840927124023,21.139175415039062,21.234397888183597,100922
2023-05-16,21.139175415039062,21.139175415039062,20.85351181030273,21.0915641784668,140727
2023-05-17,21.043954849243164,21.186786651611328,21.043954849243164,21.0915641784668,80948
2023-05-18,21.139175415039062,21.37722969055176,21.043954849243164,21.282007217407227,45163
2023-05-19,21.043954849243164,21.282007217407227,21.043954849243164,21.139175415039062,29405
2023-05-22,21.139175415039062,21.282007217407227,21.043954849243164,21.186786651611328,47258
2023-05-23,21.186786651611328,21.282007217407227,21.186786651611328,21.282007217407227,43299
2023-05-24,21.139175415039062,21.282007217407227,21.139175415039062,21.234397888183597,25209
2023-05-25,21.234397888183597,21.32961845397949,21.186786651611328,21.282007217407227,18903
2023-05-26,21.234397888183597,21.282007217407227,21.186786651611328,21.186786651611328,26953
2023-05-29,21.186786651611328,21.32961845397949,21.139175415039062,21.32961845397949,42184
2023-05-30,21.32961845397949,21.32961845397949,21.234397888183597,21.282007217407227,100234
2023-05-31,21.282007217407227,21.758115768432617,21.282007217407227,21.424840927124023,242067
2023-06-01,21.567672729492188,21.805727005004883,21.567672729492188,21.805727005004883,340150
2023-06-02,20.948732376098636,20.948732376098636,20.567846298217773,20.901121139526367,214552
2023-06-05,20.948732376098636,21.0915641784668,20.80590057373047,20.901121139526367,77085
2023-06-06,20.948732376098636,21.043954849243164,20.901121139526367,20.948732376098636,71984
2023-06-07,20.948732376098636,21.043954849243164,20.85351181030273,20.901121139526367,61974
2023-06-08,20.901121139526367,21.043954849243164,20.567846298217773,20.948732376098636,72473
2023-06-09,21.043954849243164,21.043954849243164,20.85351181030273,20.948732376098636,37806
2023-06-12,20.948732376098636,21.186786651611328,20.948732376098636,21.0915641784668,51511
2023-06-13,21.0915641784668,21.37722969055176,21.0915641784668,21.186786651611328,47617
2023-06-14,21.234397888183597,21.32961845397949,21.234397888183597,21.282007217407227,78816
2023-06-15,21.282007217407227,21.37722969055176,21.234397888183597,21.234397888183597,80411
2023-06-16,21.186786651611328,21.37722969055176,21.186786651611328,21.282007217407227,36808
2023-06-19,21.234397888183597,21.32961845397949,21.234397888183597,21.32961845397949,46247
2023-06-20,21.32961845397949,21.32961845397949,21.139175415039062,21.282007217407227,52727
2023-06-21,21.32961845397949,21.32961845397949,21.186786651611328,21.282007217407227,70483
2023-06-26,21.32961845397949,21.32961845397949,21.0915641784668,21.234397888183597,39906
2023-06-27,21.139175415039062,21.234397888183597,21.043954849243164,21.139175415039062,56228
2023-06-28,21.186786651611328,21.186786651611328,21.139175415039062,21.186786651611328,37806
2023-06-29,21.139175415039062,21.186786651611328,21.0915641784668,21.139175415039062,18444
2023-06-30,21.282007217407227,21.32961845397949,20.948732376098636,21.139175415039062,111371
2023-07-03,21.139175415039062,21.234397888183597,21.139175415039062,21.186786651611328,41281
2023-07-04,21.32961845397949,21.424840927124023,21.282007217407227,21.424840927124023,40077
2023-07-05,21.424840927124023,21.424840927124023,21.234397888183597,21.282007217407227,28722
2023-07-06,21.186786651611328,21.424840927124023,21.043954849243164,21.424840927124023,115588
2023-07-07,21.424840927124023,21.424840927124023,21.234397888183597,21.32961845397949,26359
2023-07-10,21.32961845397949,21.32961845397949,21.186786651611328,21.234397888183597,38124
2023-07-11,21.32961845397949,21.32961845397949,21.139175415039062,21.186786651611328,70362
2023-07-12,21.186786651611328,21.234397888183597,20.9963436126709,20.9963436126709,48623
2023-07-13,20.9963436126709,21.139175415039062,20.948732376098636,20.9963436126709,51533
2023-07-14,20.9963436126709,21.139175415039062,20.948732376098636,20.9963436126709,29405
2023-07-17,20.9963436126709,21.043954849243164,20.901121139526367,20.9963436126709,68576
2023-07-18,20.948732376098636,20.948732376098636,20.901121139526367,20.948732376098636,79026
2023-07-19,20.948732376098636,21.043954849243164,20.901121139526367,20.948732376098636,47363
2023-07-20,20.901121139526367,21.043954849243164,20.901121139526367,20.948732376098636,25234
2023-07-21,21.234397888183597,21.32961845397949,21.043954849243164,21.139175415039062,95585
2023-07-24,21.0915641784668,21.282007217407227,20.9963436126709,21.282007217407227,120794
2023-07-25,21.472450256347656,23.376882553100582,21.472450256347656,23.376882553100582,1428970
2023-07-26,24.85281562805176,25.47175407409668,24.4719295501709,24.900426864624023,3863720
2023-07-27,25.47175407409668,26.614412307739254,24.757593154907227,26.423969268798828,5944506
2023-07-28,26.376359939575195,26.423969268798828,25.32892227172852,26.090694427490234,2352425
2023-07-31,26.2335262298584,26.614412307739254,25.37653350830078,25.900251388549805,3501572
2023-08-01,25.900251388549805,26.18591690063477,24.28148651123047,24.28148651123047,1872878
2023-08-02,24.4719295501709,24.5671501159668,22.47227668762207,22.47227668762207,2226597
2023-08-04,22.47227668762207,22.805551528930664,21.996170043945312,22.23422241210937,1012089
2023-08-07,22.6627197265625,24.233875274658203,22.6627197265625,24.233875274658203,1628258
2023-08-08,23.80537796020508,24.233875274658203,23.376882553100582,23.42449188232422,872771
2023-08-09,22.995994567871094,23.091217041015625,22.09139060974121,22.47227668762207,704687
2023-08-10,22.37705612182617,22.37705612182617,21.71050453186035,21.85333633422852,337108
2023-08-11,21.948558807373047,22.186613082885746,21.805727005004883,22.186613082885746,207012
2023-08-14,21.996170043945312,21.996170043945312,21.139175415039062,21.139175415039062,566096
2023-08-15,21.186786651611328,21.472450256347656,21.186786651611328,21.32961845397949,129280
2023-08-16,21.37722969055176,21.805727005004883,21.139175415039062,21.758115768432617,222638
2023-08-17,22.37705612182617,23.90060043334961,22.37705612182617,23.90060043334961,1709617
2023-08-18,23.51971435546875,24.28148651123047,22.94838523864746,23.186437606811523,2048127
2023-08-21,23.28166007995605,23.472103118896484,22.85316276550293,23.091217041015625,410874
2023-08-22,23.32927131652832,24.424318313598636,23.28166007995605,23.472103118896484,787831
2023-08-23,23.948211669921875,24.614761352539062,23.32927131652832,23.51971435546875,1109003
2023-08-24,23.662546157836918,23.71015739440918,22.805551528930664,22.900774002075195,648120
2023-08-25,22.805551528930664,23.90060043334961,22.75794219970703,23.23404884338379,495695
2023-08-28,23.567325592041016,23.567325592041016,22.5674991607666,22.615108489990234,316105
2023-08-29,22.6627197265625,23.04360580444336,22.615108489990234,22.85316276550293,139975
2023-08-30,22.85316276550293,23.13882827758789,22.805551528930664,22.805551528930664,203796
2023-08-31,22.85316276550293,22.995994567871094,22.71033096313477,22.995994567871094,127072
2023-09-01,22.94838523864746,23.42449188232422,22.805551528930664,22.85316276550293,196513
2023-09-04,22.94838523864746,23.13882827758789,22.805551528930664,23.13882827758789,141774
2023-09-05,23.32927131652832,23.32927131652832,23.091217041015625,23.23404884338379,147130
2023-09-06,23.32927131652832,23.32927131652832,22.900774002075195,22.900774002075195,90348
2023-09-07,22.995994567871094,23.04360580444336,22.6627197265625,22.900774002075195,188140
2023-09-08,22.85316276550293,22.85316276550293,22.6627197265625,22.71033096313477,53621
2023-09-11,22.75794219970703,22.75794219970703,22.043779373168945,22.09139060974121,314004
2023-09-12,22.186613082885746,22.85316276550293,21.948558807373047,22.37705612182617,201888
2023-09-13,22.71033096313477,24.09104347229004,22.71033096313477,23.757768630981445,872148
2023-09-14,23.948211669921875,24.5671501159668,23.71015739440918,23.80537796020508,736230
2023-09-15,23.995820999145508,24.424318313598636,23.567325592041016,23.90060043334961,480461
2023-09-18,23.567325592041016,24.32909774780273,23.567325592041016,24.09104347229004,278298
2023-09-19,24.138654708862305,24.233875274658203,23.71015739440918,23.80537796020508,248916
2023-09-20,23.80537796020508,23.995820999145508,23.32927131652832,23.376882553100582,132585
2023-09-21,23.28166007995605,23.28166007995605,22.37705612182617,22.424665451049805,515920
2023-09-22,22.424665451049805,22.5674991607666,22.28183364868164,22.424665451049805,173280
2023-09-25,22.71033096313477,22.995994567871094,22.71033096313477,22.94838523864746,99883
2023-09-26,23.04360580444336,23.61493492126465,22.71033096313477,22.75794219970703,275672
2023-09-27,22.85316276550293,22.94838523864746,22.75794219970703,22.94838523864746,52509
2023-09-28,23.04360580444336,23.186437606811523,22.995994567871094,22.995994567871094,271997
2023-10-02,22.995994567871094,23.28166007995605,22.94838523864746,23.23404884338379,176430
2023-10-03,23.04360580444336,23.186437606811523,22.995994567871094,22.995994567871094,116570
2023-10-04,22.94838523864746,22.94838523864746,22.424665451049805,22.47227668762207,172760
2023-10-05,22.94838523864746,22.995994567871094,22.5674991607666,22.94838523864746,101887
2023-10-06,22.995994567871094,22.995994567871094,22.75794219970703,22.805551528930664,63255
2023-10-11,22.6627197265625,22.6627197265625,21.948558807373047,22.13900184631348,228677
2023-10-12,22.13900184631348,22.424665451049805,22.13900184631348,22.37705612182617,61286
2023-10-13,22.6627197265625,22.6627197265625,22.28183364868164,22.47227668762207,100039
2023-10-16,22.47227668762207,22.47227668762207,22.186613082885746,22.28183364868164,79814
2023-10-17,22.329444885253903,22.329444885253903,21.996170043945312,22.043779373168945,135484
2023-10-18,21.996170043945312,21.996170043945312,21.61528205871582,21.61528205871582,337171
2023-10-19,21.61528205871582,22.13900184631348,21.61528205871582,22.043779373168945,69312
2023-10-20,21.805727005004883,21.996170043945312,21.71050453186035,21.90094757080078,66162
2023-10-23,21.90094757080078,21.948558807373047,21.758115768432617,21.758115768432617,106068
2023-10-24,21.805727005004883,22.13900184631348,21.758115768432617,22.043779373168945,134439
2023-10-25,21.90094757080078,22.13900184631348,21.90094757080078,22.043779373168945,116612
2023-10-26,21.805727005004883,21.996170043945312,21.758115768432617,21.805727005004883,48308
2023-10-27,21.805727005004883,21.948558807373047,21.758115768432617,21.805727005004883,45157
2023-10-30,21.805727005004883,21.948558807373047,21.805727005004883,21.805727005004883,15752
2023-10-31,21.90094757080078,21.90094757080078,21.043954849243164,21.234397888183597,201635
2023-11-01,21.282007217407227,21.282007217407227,21.0915641784668,21.234397888183597,113419
2023-11-02,21.567672729492188,21.90094757080078,21.234397888183597,21.61528205871582,85169
2023-11-03,21.805727005004883,21.90094757080078,21.66289329528809,21.758115768432617,21003
2023-11-06,21.805727005004883,21.805727005004883,21.758115768432617,21.758115768432617,27304
2023-11-07,21.71050453186035,21.71050453186035,21.424840927124023,21.52006149291992,28365
2023-11-08,21.52006149291992,21.948558807373047,21.52006149291992,21.71050453186035,29457
2023-11-09,21.758115768432617,21.758115768432617,21.567672729492188,21.71050453186035,39917
2023-11-10,21.52006149291992,21.66289329528809,21.472450256347656,21.52006149291992,29415
2023-11-13,21.52006149291992,21.52006149291992,21.282007217407227,21.32961845397949,61960
2023-11-14,21.37722969055176,21.424840927124023,21.043954849243164,21.043954849243164,112474
2023-11-15,21.32961845397949,21.32961845397949,21.139175415039062,21.282007217407227,105530
2023-11-16,21.37722969055176,21.424840927124023,21.234397888183597,21.37722969055176,44107
2023-11-17,21.234397888183597,21.66289329528809,21.234397888183597,21.66289329528809,63439
2023-11-20,21.567672729492188,21.567672729492188,21.37722969055176,21.472450256347656,72678
2023-11-21,21.472450256347656,21.567672729492188,21.424840927124023,21.472450256347656,77054
2023-11-22,21.52006149291992,21.758115768432617,21.472450256347656,21.567672729492188,45501
2023-11-23,21.567672729492188,21.61528205871582,21.52006149291992,21.52006149291992,38856
2023-11-24,21.52006149291992,21.66289329528809,21.472450256347656,21.52006149291992,38961
2023-11-27,21.52006149291992,21.567672729492188,21.282007217407227,21.424840927124023,55659
2023-11-28,21.52006149291992,21.61528205871582,21.424840927124023,21.424840927124023,56142
2023-11-29,21.32961845397949,21.52006149291992,21.32961845397949,21.32961845397949,46575
2023-11-30,21.37722969055176,21.472450256347656,21.282007217407227,21.282007217407227,39906
2023-12-01,21.234397888183597,21.66289329528809,21.186786651611328,21.66289329528809,110279
2023-12-04,21.66289329528809,21.85333633422852,21.66289329528809,21.66289329528809,24154
2023-12-05,21.71050453186035,21.758115768432617,21.61528205871582,21.61528205871582,43057
2023-12-06,21.805727005004883,21.85333633422852,21.61528205871582,21.805727005004883,61960
2023-12-07,21.90094757080078,22.6627197265625,21.90094757080078,22.28183364868164,358616
2023-12-08,22.37705612182617,22.615108489990234,22.13900184631348,22.23422241210937,107412
2023-12-11,22.23422241210937,22.23422241210937,22.09139060974121,22.13900184631348,60910
2023-12-12,22.47227668762207,22.47227668762207,21.948558807373047,22.09139060974121,64083
2023-12-13,22.424665451049805,22.424665451049805,21.948558807373047,21.948558807373047,42175
2023-12-14,21.948558807373047,21.996170043945312,21.85333633422852,21.996170043945312,114932
2023-12-15,21.996170043945312,21.996170043945312,21.805727005004883,21.805727005004883,49547
2023-12-18,21.90094757080078,21.90094757080078,21.805727005004883,21.805727005004883,42596
2023-12-19,21.85333633422852,21.85333633422852,21.567672729492188,21.66289329528809,96678
2023-12-20,21.61528205871582,21.66289329528809,21.567672729492188,21.66289329528809,52509
2023-12-21,21.805727005004883,21.805727005004883,21.567672729492188,21.567672729492188,27304
2023-12-22,21.61528205871582,21.758115768432617,21.472450256347656,21.758115768432617,48364
2023-12-25,21.66289329528809,21.85333633422852,21.66289329528809,21.71050453186035,22110
2023-12-26,21.71050453186035,21.71050453186035,21.567672729492188,21.66289329528809,49358
2023-12-27,21.61528205871582,21.758115768432617,21.52006149291992,21.758115768432617,43215
2023-12-28,21.71050453186035,21.90094757080078,21.66289329528809,21.90094757080078,42007
2023-12-29,21.758115768432617,21.85333633422852,21.758115768432617,21.85333633422852,7351
2024-01-02,21.66289329528809,21.805727005004883,21.61528205871582,21.66289329528809,34656
2024-01-03,21.61528205871582,21.758115768432617,21.52006149291992,21.567672729492188,47602
2024-01-04,21.567672729492188,21.567672729492188,21.472450256347656,21.567672729492188,59860
2024-01-05,21.61528205871582,21.61528205871582,21.52006149291992,21.52006149291992,24154
2024-01-08,21.567672729492188,21.85333633422852,21.567672729492188,21.61528205871582,24154
2024-01-09,21.66289329528809,21.66289329528809,21.52006149291992,21.61528205871582,46208
2024-01-10,21.52006149291992,21.85333633422852,21.424840927124023,21.472450256347656,59860
2024-01-11,21.567672729492188,21.66289329528809,21.52006149291992,21.61528205871582,8401
2024-01-12,21.52006149291992,21.805727005004883,21.52006149291992,21.567672729492188,19953
2024-01-15,21.61528205871582,21.66289329528809,21.567672729492188,21.567672729492188,17853
2024-01-16,21.567672729492188,21.61528205871582,21.472450256347656,21.52006149291992,65111
2024-01-17,21.52006149291992,21.52006149291992,21.37722969055176,21.424840927124023,60070
2024-01-18,21.424840927124023,21.424840927124023,21.37722969055176,21.424840927124023,35706
2024-01-19,21.805727005004883,21.805727005004883,21.52006149291992,21.567672729492188,50408
2024-01-22,21.805727005004883,21.805727005004883,21.567672729492188,21.71050453186035,100817
2024-01-23,21.71050453186035,21.758115768432617,21.52006149291992,21.758115768432617,50411
2024-01-24,21.805727005004883,21.85333633422852,21.71050453186035,21.85333633422852,46379
2024-01-25,21.90094757080078,21.90094757080078,21.567672729492188,21.90094757080078,72571
2024-01-26,21.90094757080078,21.90094757080078,21.52006149291992,21.66289329528809,74562
2024-01-29,22.23422241210937,22.6627197265625,21.996170043945312,22.13900184631348,607005
2024-01-30,22.37705612182617,22.37705612182617,21.85333633422852,21.85333633422852,140724
2024-01-31,23.13882827758789,23.13882827758789,22.043779373168945,22.186613082885746,347505
2024-02-01,22.186613082885746,22.424665451049805,22.09139060974121,22.28183364868164,132323
2024-02-02,22.28183364868164,22.28183364868164,22.09139060974121,22.09139060974121,98717
2024-02-05,22.28183364868164,22.28183364868164,22.09139060974121,22.23422241210937,88281
2024-02-15,22.23422241210937,22.519887924194336,22.186613082885746,22.424665451049805,98822
2024-02-16,22.519887924194336,22.805551528930664,22.519887924194336,22.71033096313477,216561
2024-02-19,22.71033096313477,22.75794219970703,22.37705612182617,22.519887924194336,173385
2024-02-20,22.615108489990234,22.6627197265625,22.519887924194336,22.519887924194336,56709
2024-02-21,22.71033096313477,22.71033096313477,22.28183364868164,22.329444885253903,129855
2024-02-22,22.37705612182617,22.47227668762207,22.37705612182617,22.47227668762207,52212
2024-02-23,22.5674991607666,22.5674991607666,22.28183364868164,22.329444885253903,106120
2024-02-26,22.329444885253903,22.424665451049805,22.186613082885746,22.37705612182617,107171
2024-02-27,22.47227668762207,22.6627197265625,22.37705612182617,22.37705612182617,72515
2024-02-29,22.37705612182617,22.47227668762207,22.329444885253903,22.329444885253903,45157
2024-03-01,22.37705612182617,22.37705612182617,22.186613082885746,22.23422241210937,111529
2024-03-04,22.28183364868164,23.852989196777344,22.28183364868164,23.662546157836918,978619
2024-03-05,23.662546157836918,24.4719295501709,23.567325592041016,23.948211669921875,937047
2024-03-06,23.995820999145508,24.186264038085938,23.90060043334961,23.948211669921875,520208
2024-03-07,23.90060043334961,23.995820999145508,23.51971435546875,23.567325592041016,370913
2024-03-08,23.61493492126465,23.80537796020508,23.04360580444336,23.28166007995605,283779
2024-03-11,23.23404884338379,23.42449188232422,23.13882827758789,23.28166007995605,148600
2024-03-12,23.28166007995605,23.995820999145508,23.28166007995605,23.852989196777344,202895
2024-03-13,24.043432235717773,24.186264038085938,23.61493492126465,23.852989196777344,223688
2024-03-14,23.80537796020508,23.80537796020508,23.567325592041016,23.662546157836918,109219
2024-03-15,23.662546157836918,23.757768630981445,23.567325592041016,23.757768630981445,176441
2024-03-18,23.995820999145508,24.043432235717773,23.757768630981445,24.043432235717773,211780
2024-03-19,24.09104347229004,25.233701705932617,24.09104347229004,24.5671501159668,908313
2024-03-20,24.900426864624023,26.99529838562012,24.900426864624023,26.99529838562012,7268028
2024-03-21,27.13813018798828,27.42379570007324,25.233701705932617,25.70980834960937,4382412
2024-03-22,25.424144744873047,26.566801071166992,24.80520439147949,25.94786262512207,1432575
2024-03-25,26.376359939575195,28.518842697143555,26.1383056640625,27.70945930480957,5350780
2024-03-26,27.661849975585938,29.66150283813477,26.471580505371094,27.28096389770508,6635867
2024-03-27,27.23335266113281,28.090347290039062,26.662023544311523,26.757244110107425,1563184
2024-03-28,27.13813018798828,28.56645393371582,27.13813018798828,27.42379570007324,2155873
2024-03-29,28.090347290039062,28.66167640686035,27.661849975585938,28.37601089477539,1492309
2024-04-01,29.99477767944336,32.13726043701172,29.7091121673584,31.23265647888184,11440555
2024-04-02,31.899206161499023,34.327354431152344,31.66115379333496,34.327354431152344,6768406
2024-04-03,37.56488800048828,37.75532913208008,35.70806884765625,37.75532913208008,9614693
2024-04-08,40.37392044067383,41.516578674316406,39.99303436279297,41.516578674316406,4841435
2024-04-09,42.08790969848633,42.135520935058594,37.37444305419922,37.37444305419922,18326372
2024-04-10,37.37444305419922,39.61214828491211,36.184173583984375,39.51692962646485,5067055
2024-04-11,39.42170715332031,39.61214828491211,38.1838264465332,38.80276870727539,2150214
2024-04-12,39.99303436279297,42.65923690795898,39.99303436279297,42.65923690795898,5486841
2024-04-15,44.08756256103516,46.8965950012207,44.08756256103516,46.8965950012207,6426873
2024-04-16,45.23022079467773,47.2298698425293,42.373573303222656,46.65854263305664,4794206
2024-04-17,47.61075592041016,49.70563125610352,47.61075592041016,48.56297302246094,3137221
2024-04-18,47.61075592041016,49.229522705078125,44.75411224365234,47.13465118408203,3520712
2024-04-19,47.13465118408203,47.13465118408203,42.42118453979492,45.1349983215332,2918258
2024-04-22,44.13517379760742,44.27800369262695,40.65958786010742,40.65958786010742,3218557
2024-04-23,41.13569259643555,44.70650100708008,41.13569259643555,44.70650100708008,3353524
2024-04-24,48.08686447143555,49.1343002319336,47.70597839355469,49.1343002319336,2297248
2024-04-25,53.9906005859375,53.9906005859375,51.41961669921875,53.9906005859375,7809362
2024-04-26,59.32300567626953,59.32300567626953,55.418922424316406,59.32300567626953,22319053
2024-04-29,61.1322135925293,63.70319366455078,56.75202178955078,59.799110412597656,35735050
2024-04-30,58.94211959838867,62.08442687988281,56.84724426269531,58.56122970581055,12944300
2024-05-02,58.27556610107422,58.46601104736328,55.32369995117188,57.3233528137207,6928561
2024-05-03,59.70389175415039,63.0366439819336,58.84689712524414,63.0366439819336,5707109
2024-05-06,69.3212661743164,69.3212661743164,69.3212661743164,69.3212661743164,3224723
2024-05-07,69.9878158569336,74.74888610839844,67.32160949707031,71.32091522216797,30519093
2024-05-08,71.32091522216797,76.9389877319336,68.84515380859375,72.8444595336914,21375391
2024-05-09,71.1304702758789,75.60588073730469,71.03524780273438,73.41578674316406,14765997
2024-05-10,74.17755889892578,74.27278137207031,66.08373260498047,66.08373260498047,14381363
2024-05-13,61.22743225097656,64.27452087402344,59.70389175415039,59.98955535888672,10466156
2024-05-14,61.70354080200195,61.893985748291016,58.75167465209961,60.75132751464844,7046940
2024-05-15,61.417877197265625,66.75028228759766,61.32265472412109,66.75028228759766,5675698
2024-05-16,72.8444595336914,73.41578674316406,68.08338165283203,73.41578674316406,15547395
2024-05-17,76.17721557617188,77.22464752197266,69.3212661743164,73.79667663574219,28959182
2024-05-20,74.27278137207031,77.89119720458984,71.89224243164062,72.36835479736328,16479491
2024-05-21,72.36835479736328,77.12942504882812,71.89224243164062,75.70110321044922,14782224
2024-05-22,74.84410858154297,76.55809783935547,72.8444595336914,72.8444595336914,7832678
2024-05-23,72.27313232421875,76.74854278564453,69.79737091064453,71.7970199584961,11563394
2024-05-24,70.94002532958984,73.13011932373047,70.55914306640625,72.55879211425781,5070495
2024-05-27,72.46356964111328,75.98677062988281,71.70179748535156,72.55879211425781,7463786
2024-05-28,72.08268737792969,73.79667663574219,69.79737091064453,69.79737091064453,3521256
2024-05-29,71.32091522216797,75.32022094726562,70.46392059326172,70.84481048583984,5609552
2024-05-30,70.94002532958984,71.1304702758789,65.13151550292969,65.41718292236328,4262074
2024-05-31,65.51240539550781,69.51170349121094,61.60831832885742,61.70354080200195,7522107
2024-06-03,63.60797119140625,64.27452087402344,61.70354080200195,61.70354080200195,2718923
2024-06-04,61.893985748291016,62.179649353027344,60.17999649047852,60.94176864624024,2697492
2024-06-05,61.1322135925293,62.37009048461914,59.03733825683594,59.13256072998047,2851968
2024-06-06,60.17999649047852,60.65610504150391,55.228477478027344,55.6093635559082,6168121
2024-06-07,56.75202178955078,57.13290786743164,54.466705322265625,54.84759140014648,4009427
2024-06-11,54.942813873291016,55.79980850219727,54.27626419067383,54.37148666381836,2728986
2024-06-12,54.466705322265625,58.37078857421875,52.94316101074219,57.22813034057617,6415041
2024-06-13,57.22813034057617,62.94142150878906,55.79980850219727,62.94142150878906,7531787
2024-06-14,64.4649658203125,66.65505981445312,62.37009048461914,64.56018829345703,17976696
2024-06-17,63.79841613769531,66.178955078125,62.08442687988281,63.13186264038086,5904369
2024-06-18,62.94142150878906,64.56018829345703,59.70389175415039,60.560882568359375,5355931
2024-06-19,61.036991119384766,61.036991119384766,58.08512496948242,58.75167465209961,3774588
2024-06-20,58.84689712524414,59.98955535888672,58.08512496948242,58.56122970581055,2270305
2024-06-21,58.27556610107422,59.13256072998047,57.3233528137207,58.65645217895508,1706692
2024-06-24,59.03733825683594,62.655757904052734,57.60901641845703,60.27521896362305,4675851
2024-06-25,60.08477783203125,61.32265472412109,58.84689712524414,59.60866928100586,2661635
2024-06-26,60.27521896362305,65.51240539550781,60.08477783203125,62.84619903564453,11200528
2024-06-27,62.84619903564453,63.60797119140625,60.75132751464844,60.8465461730957,3555080
2024-06-28,60.75132751464844,64.1792984008789,60.75132751464844,62.94142150878906,3557840
2024-07-01,62.94142150878906,64.27452087402344,61.893985748291016,61.893985748291016,2532941
2024-07-02,61.51309967041016,62.08442687988281,59.51344680786133,59.799110412597656,2264977
2024-07-03,60.46566009521485,61.70354080200195,59.799110412597656,59.98955535888672,1684023
2024-07-04,61.036991119384766,64.27452087402344,61.036991119384766,61.417877197265625,3970319
2024-07-05,61.893985748291016,61.893985748291016,57.13290786743164,58.46601104736328,2586706
2024-07-08,58.56122970581055,58.84689712524414,55.03803634643555,55.228477478027344,1417130
2024-07-09,54.27626419067383,54.27626419067383,49.89607238769531,51.89572525024414,1874622
2024-07-10,52.84794235229492,55.228477478027344,52.75271987915039,54.27626419067383,805953
2024-07-11,55.13325881958008,55.228477478027344,54.27626419067383,54.27626419067383,499371
2024-07-12,54.27626419067383,54.27626419067383,52.65749740600586,52.65749740600586,506547
2024-07-15,52.94316101074219,52.94316101074219,51.70528030395508,51.80050277709961,527454
2024-07-16,52.94316101074219,53.60971450805664,51.99094772338867,52.37183380126953,424802
2024-07-17,52.84794235229492,54.085819244384766,52.65749740600586,53.9906005859375,422509
2024-07-18,53.32404708862305,53.32404708862305,52.37183380126953,52.75271987915039,410777
2024-07-19,51.41961669921875,54.942813873291016,50.848289489746094,50.848289489746094,1320541
2024-07-22,51.41961669921875,51.41961669921875,49.1343002319336,50.181739807128906,1060262
2024-07-23,50.65784454345703,51.99094772338867,49.324745178222656,49.70563125610352,778365
2024-07-26,47.991641998291016,50.27695846557617,46.991817474365234,47.991641998291016,867461
2024-07-29,49.03908157348633,50.75306701660156,47.56314468383789,47.89642333984375,1257257
2024-07-30,47.89642333984375,49.03908157348633,46.27765655517578,48.27730941772461,1157364
2024-07-31,48.27730941772461,49.41996765136719,47.991641998291016,48.84863662719727,677032
2024-08-01,49.51518630981445,50.181739807128906,49.03908157348633,50.086517333984375,645019
2024-08-02,49.51518630981445,49.51518630981445,48.08686447143555,48.18208694458008,561974
2024-08-05,46.46809768676758,46.51570892333984,43.3734016418457,43.3734016418457,804473
2024-08-06,43.04012298583984,43.42101287841797,39.04082107543945,41.56418991088867,2118323
2024-08-07,42.46879577636719,45.70632553100586,42.373573303222656,45.70632553100586,1155666
2024-08-08,45.70632553100586,46.56332015991211,44.27800369262695,44.27800369262695,738595
2024-08-09,46.94420623779297,47.80120086669922,44.89694213867188,45.03977584838867,923110
2024-08-12,48.08686447143555,48.08686447143555,45.753936767578125,46.23004531860352,599938
2024-08-13,46.03960037231445,47.56314468383789,45.849159240722656,46.706153869628906,517826
2024-08-14,47.61075592041016,48.56297302246094,46.706153869628906,47.61075592041016,759333
2024-08-15,48.08686447143555,49.70563125610352,47.18225860595703,48.65819549560547,885370
2024-08-16,49.1343002319336,51.22917556762695,49.1343002319336,50.181739807128906,1230919
2024-08-19,51.13395309448242,51.13395309448242,49.41996765136719,49.80085372924805,551382
2024-08-20,49.99129486083984,51.03873062133789,49.89607238769531,50.467403411865234,550416
2024-08-21,50.467403411865234,50.467403411865234,48.65819549560547,48.84863662719727,638578
2024-08-22,49.41996765136719,49.41996765136719,47.89642333984375,48.18208694458008,653455
2024-08-23,47.61075592041016,48.18208694458008,47.32509231567383,48.18208694458008,278298
2024-08-26,48.65819549560547,52.94316101074219,48.65819549560547,52.94316101074219,1626472
2024-08-27,55.0,56.79999923706055,50.70000076293945,50.70000076293945,3652287
2024-08-28,50.900001525878906,53.0,50.79999923706055,52.0,1239107
2024-08-29,51.79999923706055,53.29999923706055,51.0,51.0,1118058
2024-08-30,51.400001525878906,51.400001525878906,50.29999923706055,50.400001525878906,471501
2024-09-02,50.900001525878906,51.20000076293945,49.650001525878906,50.29999923706055,407055
2024-09-03,49.900001525878906,50.400001525878906,48.20000076293945,48.20000076293945,815230
2024-09-04,46.29999923706055,46.75,44.70000076293945,45.70000076293945,736182
2024-09-05,46.95000076293945,46.95000076293945,44.95000076293945,45.0,390030
2024-09-06,45.09999847412109,45.5,44.75,44.84999847412109,337993
2024-09-09,42.84999847412109,44.400001525878906,42.84999847412109,44.400001525878906,251037
2024-09-10,44.75,44.75,42.70000076293945,42.900001525878906,521103
2024-09-11,42.45000076293945,43.34999847412109,42.09999847412109,42.150001525878906,360501
2024-09-12,43.59999847412109,43.900001525878906,42.09999847412109,42.09999847412109,408150
2024-09-13,42.900001525878906,43.900001525878906,42.650001525878906,43.400001525878906,591300
2024-09-16,43.5,43.59999847412109,42.70000076293945,43.25,380105
2024-09-18,43.84999847412109,44.5,42.84999847412109,42.84999847412109,414577
2024-09-19,43.0,43.79999923706055,42.79999923706055,43.54999923706055,153100
2024-09-20,44.0,44.400001525878906,42.70000076293945,42.70000076293945,254266
2024-09-23,42.79999923706055,42.900001525878906,42.34999847412109,42.70000076293945,200005
2024-09-24,42.95000076293945,45.25,42.95000076293945,44.400001525878906,657021
2024-09-25,44.79999923706055,46.34999847412109,44.59999847412109,45.34999847412109,684140
2024-09-26,45.75,49.20000076293945,45.09999847412109,46.54999923706055,1125501
2024-09-27,47.0,48.0,45.5,45.79999923706055,854100
2024-09-30,44.79999923706055,45.29999923706055,44.20000076293945,44.20000076293945,512610
2024-10-01,44.20000076293945,44.59999847412109,43.25,43.95000076293945,283047
2024-10-04,43.70000076293945,43.70000076293945,41.59999847412109,42.04999923706055,514648
2024-10-07,42.79999923706055,43.0,42.20000076293945,42.54999923706055,287050
2024-10-08,42.45000076293945,42.45000076293945,41.20000076293945,41.70000076293945,368020
2024-10-09,42.04999923706055,44.150001525878906,41.84999847412109,42.70000076293945,531699
2024-10-11,43.54999923706055,43.54999923706055,41.79999923706055,41.79999923706055,452667
2024-10-14,41.95000076293945,42.900001525878906,41.650001525878906,42.54999923706055,223044
2024-10-15,42.79999923706055,43.59999847412109,42.34999847412109,43.04999923706055,454193
2024-10-16,42.70000076293945,46.79999923706055,42.70000076293945,45.0,1719109
2024-10-17,45.400001525878906,46.20000076293945,43.20000076293945,43.900001525878906,1076006
2024-10-18,44.25,44.25,42.79999923706055,42.79999923706055,406828
2024-10-21,43.0,43.150001525878906,42.25,42.400001525878906,311847
2024-10-22,42.54999923706055,42.59999847412109,41.70000076293945,42.20000076293945,373709
2024-10-23,42.09999847412109,43.45000076293945,41.900001525878906,42.900001525878906,414051
2024-10-24,43.04999923706055,43.04999923706055,41.59999847412109,41.59999847412109,342626
2024-10-25,41.650001525878906,42.650001525878906,41.5,41.900001525878906,308752
2024-10-28,41.95000076293945,41.95000076293945,41.04999923706055,41.29999923706055,299450
2024-10-29,41.0,41.70000076293945,40.59999847412109,41.09999847412109,331041
2024-10-30,41.34999847412109,41.5,40.34999847412109,40.400001525878906,310601
2024-11-01,39.22467803955078,39.96014022827149,38.73436737060547,39.96014022827149,280684
2024-11-04,40.20529556274414,40.20529556274414,38.58727645874024,38.58727645874024,272668
2024-11-05,38.391151428222656,39.07758331298828,38.391151428222656,38.58727645874024,182134
2024-11-06,39.29999923706055,39.29999923706055,37.0,37.0,912462
2024-11-07,37.45000076293945,39.79999923706055,37.45000076293945,38.75,635689
2024-11-08,38.84999847412109,42.59999847412109,38.400001525878906,42.59999847412109,1774945
2024-11-11,44.0,45.0,41.20000076293945,41.95000076293945,5160398
2024-11-12,41.20000076293945,41.79999923706055,38.79999923706055,38.79999923706055,1248058
2024-11-13,39.0,42.650001525878906,39.0,42.650001525878906,1158646
2024-11-14,43.0,46.900001525878906,43.0,46.900001525878906,4080362
2024-11-15,45.70000076293945,51.5,44.59999847412109,47.20000076293945,17715659
2024-11-18,47.150001525878906,48.5,45.09999847412109,46.34999847412109,5084176
2024-11-19,46.34999847412109,50.29999923706055,44.900001525878906,47.95000076293945,6301617
2024-11-20,46.79999923706055,46.79999923706055,46.79999923706055,46.79999923706055,2057690
2024-11-21,46.75,48.34999847412109,46.34999847412109,47.59999847412109,3822977
2024-11-22,47.95000076293945,48.0,42.84999847412109,42.84999847412109,3915052
2024-11-25,42.5,42.95000076293945,39.59999847412109,40.0,4168561
2024-11-26,40.79999923706055,41.5,39.54999923706055,39.54999923706055,1637514
2024-11-27,39.900001525878906,40.04999923706055,37.59999847412109,37.70000076293945,1831290
2024-11-28,38.20000076293945,38.900001525878906,37.04999923706055,38.0,1943705
2024-11-29,38.54999923706055,38.59999847412109,37.70000076293945,38.09999847412109,659202
2024-12-02,38.5,39.5,37.45000076293945,38.84999847412109,1398758
2024-12-03,38.5,40.900001525878906,38.5,40.34999847412109,1600050
2024-12-04,40.04999923706055,40.95000076293945,39.59999847412109,40.04999923706055,937551
2024-12-05,40.04999923706055,40.20000076293945,39.20000076293945,39.25,742451
2024-12-06,38.75,39.70000076293945,38.09999847412109,38.54999923706055,1459188
2024-12-09,38.5,38.54999923706055,37.20000076293945,37.20000076293945,1247056
2024-12-10,37.20000076293945,37.75,36.75,37.04999923706055,915668
2024-12-11,37.04999923706055,39.29999923706055,36.75,37.0,1279563
2024-12-12,37.25,37.70000076293945,35.29999923706055,35.54999923706055,1148934
2024-12-13,35.599998474121094,35.650001525878906,34.20000076293945,34.29999923706055,887605
2024-12-16,34.45000076293945,34.70000076293945,33.349998474121094,33.599998474121094,672299
2024-12-17,33.599998474121094,34.25,33.400001525878906,33.79999923706055,390259
2024-12-18,33.54999923706055,33.79999923706055,32.900001525878906,33.70000076293945,401483
2024-12-19,33.349998474121094,33.599998474121094,32.95000076293945,33.45000076293945,451057
2024-12-20,33.5,34.849998474121094,33.349998474121094,33.599998474121094,622597
2024-12-23,33.70000076293945,35.400001525878906,33.70000076293945,34.650001525878906,835660
2024-12-24,35.400001525878906,37.25,34.25,34.25,1689430
2024-12-25,34.599998474121094,34.95000076293945,33.95000076293945,34.75,558147
2024-12-26,34.75,35.25,34.25,34.599998474121094,286845
2024-12-27,34.95000076293945,34.95000076293945,34.20000076293945,34.650001525878906,309060
2024-12-30,35.0,35.5,34.5,34.54999923706055,296377
2024-12-31,34.5,34.599998474121094,33.70000076293945,34.5,283250
2025-01-02,34.599998474121094,34.95000076293945,34.29999923706055,34.5,296804
2025-01-03,35.04999923706055,35.54999923706055,33.79999923706055,33.900001525878906,391050
2025-01-06,34.20000076293945,35.349998474121094,33.79999923706055,35.20000076293945,550924
2025-01-07,35.349998474121094,35.599998474121094,34.54999923706055,34.650001525878906,326212
2025-01-08,34.650001525878906,35.150001525878906,34.45000076293945,34.95000076293945,354749
2025-01-09,36.0,37.400001525878906,34.849998474121094,34.849998474121094,1574300
2025-01-10,35.400001525878906,36.0,33.79999923706055,33.79999923706055,483301
2025-01-13,33.79999923706055,33.79999923706055,32.70000076293945,33.099998474121094,571355
2025-01-14,32.79999923706055,34.599998474121094,32.79999923706055,34.599998474121094,360921
2025-01-15,34.45000076293945,34.900001525878906,34.0,34.29999923706055,123403
2025-01-16,34.5,35.0,34.400001525878906,34.5,221325
2025-01-17,34.75,34.75,34.0,34.0,142288
2025-01-20,34.0,34.29999923706055,33.599998474121094,33.79999923706055,220934
2025-01-21,33.849998474121094,34.20000076293945,33.70000076293945,33.70000076293945,219240
2025-01-22,33.70000076293945,36.29999923706055,33.70000076293945,35.599998474121094,994950
2025-02-03,34.20000076293945,35.20000076293945,34.20000076293945,34.849998474121094,321390
2025-02-04,35.20000076293945,35.20000076293945,34.349998474121094,34.95000076293945,222050
2025-02-05,34.900001525878906,35.79999923706055,34.900001525878906,35.599998474121094,432433
2025-02-06,35.599998474121094,36.0,35.400001525878906,35.54999923706055,204205
2025-02-07,36.04999923706055,36.34999847412109,35.5,36.20000076293945,326021
2025-02-10,36.04999923706055,36.34999847412109,35.45000076293945,35.70000076293945,283072
2025-02-11,35.79999923706055,36.0,35.099998474121094,35.099998474121094,216920
2025-02-12,35.45000076293945,36.59999847412109,35.45000076293945,35.599998474121094,475802
2025-02-13,35.95000076293945,36.45000076293945,35.75,35.79999923706055,209150
2025-02-14,35.54999923706055,36.29999923706055,35.54999923706055,36.150001525878906,164707
2025-02-17,36.04999923706055,37.04999923706055,36.04999923706055,36.45000076293945,278659
2025-02-18,36.5,37.45000076293945,36.34999847412109,36.59999847412109,509997
2025-02-19,37.0,37.150001525878906,36.5,36.900001525878906,287415
2025-02-20,37.20000076293945,37.5,36.650001525878906,36.650001525878906,296050
2025-02-21,36.650001525878906,37.5,36.59999847412109,37.29999923706055,417783
2025-02-24,37.0,37.400001525878906,36.75,37.09999847412109,195100
2025-02-25,37.09999847412109,37.09999847412109,36.650001525878906,36.650001525878906,148142
2025-02-26,36.75,37.09999847412109,36.5,36.59999847412109,405050
2025-02-27,36.75,37.20000076293945,36.400001525878906,36.650001525878906,262103
2025-03-03,36.650001525878906,36.650001525878906,35.75,35.75,262064
2025-03-04,35.70000076293945,36.59999847412109,35.349998474121094,36.34999847412109,175000
2025-03-05,36.70000076293945,38.59999847412109,36.70000076293945,37.54999923706055,677875
2025-03-06,37.650001525878906,38.04999923706055,36.59999847412109,36.650001525878906,320300
2025-03-07,36.54999923706055,36.900001525878906,36.0,36.0,295429
2025-03-10,36.150001525878906,36.400001525878906,35.599998474121094,36.0,307266
2025-03-11,35.599998474121094,36.0,34.25,35.79999923706055,447235
2025-03-12,35.95000076293945,36.25,35.79999923706055,36.150001525878906,182150
2025-03-13,36.5,37.400001525878906,35.650001525878906,35.650001525878906,380200
2025-03-14,35.54999923706055,35.650001525878906,34.5,35.45000076293945,170636
2025-03-17,35.75,35.75,35.0,35.20000076293945,184013
2025-03-18,35.29999923706055,35.5,34.75,34.79999923706055,231080
2025-03-19,35.29999923706055,35.400001525878906,34.599998474121094,34.650001525878906,180008
2025-03-20,34.650001525878906,35.25,34.650001525878906,35.04999923706055,148238
2025-03-21,34.900001525878906,35.0,34.75,34.75,58005
2025-03-24,35.0,35.150001525878906,34.599998474121094,34.599998474121094,98050
2025-03-25,34.650001525878906,34.95000076293945,34.099998474121094,34.099998474121094,213814
2025-03-26,34.20000076293945,34.599998474121094,33.849998474121094,34.099998474121094,186533
2025-03-27,34.20000076293945,34.20000076293945,33.849998474121094,34.0,114038
2025-03-28,34.25,34.25,31.200000762939453,31.700000762939453,715549
2025-03-31,31.149999618530277,31.299999237060547,29.700000762939453,30.100000381469727,936604
2025-04-01,30.100000381469727,31.399999618530277,30.100000381469727,30.899999618530277,183303
2025-04-02,31.5,31.700000762939453,30.649999618530277,30.899999618530277,65006
2025-04-07,27.850000381469727,27.850000381469727,27.850000381469727,27.850000381469727,159000
2025-04-08,25.100000381469727,25.899999618530277,25.100000381469727,25.149999618530277,1155571
2025-04-09,25.100000381469727,25.149999618530277,22.649999618530277,22.649999618530277,940530
2025-04-10,24.899999618530277,24.899999618530277,24.450000762939453,24.899999618530277,182539
2025-04-11,24.899999618530277,26.649999618530277,23.5,26.450000762939453,523340
2025-04-14,27.75,28.350000381469727,26.100000381469727,26.700000762939453,305032
2025-04-15,27.25,28.899999618530277,27.25,28.5,474734
2025-04-16,28.5,28.5,27.299999237060547,27.299999237060547,226350
2025-04-17,27.149999618530277,27.299999237060547,26.649999618530277,26.950000762939453,115000
2025-04-18,27.0,27.399999618530277,26.950000762939453,26.950000762939453,84802
2025-04-21,27.399999618530277,27.399999618530277,26.25,26.399999618530277,146051
2025-04-22,26.399999618530277,27.100000381469727,26.399999618530277,26.75,127100
2025-04-23,27.0,27.649999618530277,27.0,27.5,110100
2025-04-24,27.799999237060547,28.5,27.799999237060547,28.200000762939453,234000
2025-04-25,28.5,28.700000762939453,28.049999237060547,28.350000381469727,106650
2025-04-28,29.0,30.0,29.0,29.149999618530277,209050
2025-04-29,29.450000762939453,30.25,29.149999618530277,30.200000762939453,190287
2025-04-30,30.200000762939453,30.700000762939453,29.899999618530277,30.100000381469727,162549
2025-05-02,30.100000381469727,30.899999618530277,30.100000381469727,30.549999237060547,188060
2025-05-05,30.549999237060547,30.850000381469727,29.25,29.75,278001
2025-05-06,29.75,30.200000762939453,29.75,30.0,55085
2025-05-07,30.0,30.200000762939453,29.899999618530277,30.0,72283
2025-05-08,30.200000762939453,30.549999237060547,30.100000381469727,30.25,52400
2025-05-09,30.299999237060547,31.0,30.0,30.649999618530277,172143
2025-05-12,30.100000381469727,31.799999237060547,30.100000381469727,31.25,246750
2025-05-13,31.899999618530277,32.150001525878906,31.350000381469727,31.700000762939453,135005
2025-05-14,31.5,31.950000762939453,31.399999618530277,31.649999618530277,119215
2025-05-15,31.5,31.700000762939453,31.299999237060547,31.649999618530277,83150
2025-05-16,31.899999618530277,31.950000762939453,31.200000762939453,31.25,140213
2025-05-19,31.0,31.100000381469727,30.25,30.299999237060547,141100
2025-05-20,30.100000381469727,30.450000762939453,30.049999237060547,30.100000381469727,99035
2025-05-21,30.100000381469727,30.75,30.100000381469727,30.5,97650
2025-05-22,30.399999618530277,30.600000381469727,30.350000381469727,30.549999237060547,40830
2025-05-23,30.350000381469727,31.700000762939453,30.350000381469727,30.399999618530277,110197
2025-05-26,30.399999618530277,30.5,30.200000762939453,30.299999237060547,44025
2025-05-27,30.299999237060547,30.299999237060547,30.0,30.049999237060547,108021
2025-05-28,30.100000381469727,30.350000381469727,29.549999237060547,29.549999237060547,128387
2025-05-29,29.600000381469727,29.899999618530277,29.600000381469727,29.799999237060547,69228
2025-06-02,29.600000381469727,29.799999237060547,29.25,29.25,155790
2025-06-03,29.25,29.450000762939453,28.549999237060547,29.0,190094
2025-06-04,29.200000762939453,29.5,28.850000381469727,28.899999618530277,110007
2025-06-05,29.5,31.75,29.049999237060547,31.75,447048
2025-06-06,32.5,32.79999923706055,30.649999618530277,30.649999618530277,1407315
2025-06-09,30.549999237060547,30.950000762939453,30.200000762939453,30.200000762939453,246200
2025-06-10,30.399999618530277,30.450000762939453,29.950000762939453,30.049999237060547,176001
2025-06-11,30.200000762939453,30.399999618530277,29.799999237060547,30.149999618530277,138105
2025-06-12,30.149999618530277,30.399999618530277,30.149999618530277,30.25,77535
2025-06-13,30.25,30.25,29.649999618530277,30.0,152060
2025-06-16,30.0,30.399999618530277,29.950000762939453,30.399999618530277,128001
2025-06-17,30.200000762939453,30.5,30.149999618530277,30.399999618530277,42000
2025-06-18,30.0,30.399999618530277,30.0,30.200000762939453,47295
2025-06-19,30.200000762939453,30.200000762939453,29.5,29.850000381469727,129100
2025-06-20,29.950000762939453,30.0,29.299999237060547,29.399999618530277,86765
2025-06-23,29.299999237060547,29.450000762939453,28.600000381469727,29.149999618530277,94003
2025-06-24,29.299999237060547,29.850000381469727,29.299999237060547,29.649999618530277,48195
2025-06-25,29.649999618530277,30.0,29.399999618530277,29.899999618530277,38110
2025-06-26,29.850000381469727,30.299999237060547,29.600000381469727,29.600000381469727,84088
2025-06-27,29.600000381469727,30.200000762939453,29.600000381469727,29.899999618530277,109151
2025-06-30,29.649999618530277,29.649999618530277,29.149999618530277,29.299999237060547,51100
2025-07-01,29.700000762939453,29.799999237060547,29.25,29.25,50286
2025-07-02,29.5,29.5,29.100000381469727,29.200000762939453,53802
2025-07-03,29.25,29.600000381469727,29.149999618530277,29.25,72050
2025-07-04,29.299999237060547,29.299999237060547,28.799999237060547,28.799999237060547,68000
2025-07-07,28.5,28.549999237060547,27.899999618530277,28.25,101204
2025-07-08,28.25,28.700000762939453,27.850000381469727,28.0,107012
2025-07-09,28.0,28.5,28.0,28.299999237060547,73050
2025-07-10,28.299999237060547,28.299999237060547,28.049999237060547,28.049999237060547,48025
2025-07-11,27.899999618530277,28.299999237060547,27.799999237060547,28.200000762939453,58670
2025-07-14,28.399999618530277,28.399999618530277,27.899999618530277,28.049999237060547,45433
2025-07-15,27.799999237060547,28.0,27.799999237060547,27.850000381469727,65080
2025-07-16,27.950000762939453,28.149999618530277,27.899999618530277,27.899999618530277,54050
2025-07-17,28.350000381469727,28.399999618530277,27.799999237060547,28.200000762939453,72895
2025-07-18,28.5,28.5,28.0,28.0,45010
2025-07-21,27.799999237060547,28.149999618530277,27.799999237060547,28.0,75001
2025-07-22,28.0,28.049999237060547,27.5,27.5,104013
2025-07-23,27.5,28.5,27.5,28.450000762939453,109741
2025-07-24,28.600000381469727,28.600000381469727,28.100000381469727,28.149999618530277,47501
2025-07-25,28.649999618530277,28.75,28.149999618530277,28.75,71527
2025-07-28,28.5,28.649999618530277,28.299999237060547,28.299999237060547,55635
2025-07-29,28.700000762939453,28.700000762939453,28.0,28.600000381469727,85544
2025-07-30,28.950000762939453,29.149999618530277,28.5,29.100000381469727,129787
2025-07-31,29.299999237060547,29.299999237060547,28.600000381469727,29.149999618530277,100000
2025-08-04,30.0,32.45000076293945,30.0,32.45000076293945,631738
2025-08-05,35.0,35.25,32.650001525878906,33.54999923706055,2028427
2025-08-06,33.95000076293945,34.29999923706055,33.04999923706055,33.04999923706055,508644
2025-08-07,33.25,34.349998474121094,32.70000076293945,32.79999923706055,437146
2025-08-08,32.79999923706055,32.79999923706055,31.549999237060547,31.700000762939453,374464
2025-08-11,31.700000762939453,32.5,31.549999237060547,32.349998474121094,223203
2025-08-12,32.349998474121094,34.599998474121094,31.899999618530277,34.20000076293945,829223
2025-08-13,35.25,35.5,33.650001525878906,34.099998474121094,1291065
2025-08-14,34.099998474121094,34.099998474121094,33.099998474121094,33.400001525878906,173782
2025-08-15,33.400001525878906,33.95000076293945,33.29999923706055,33.95000076293945,147043
2025-08-18,34.25,35.099998474121094,33.70000076293945,34.29999923706055,354260
2025-08-19,34.099998474121094,34.099998474121094,33.349998474121094,33.70000076293945,218143
2025-08-20,33.349998474121094,33.349998474121094,32.0,32.0,225100
2025-08-21,32.599998474121094,33.0,31.75,32.900001525878906,146148
2025-08-22,33.400001525878906,33.45000076293945,31.700000762939453,31.700000762939453,154531
2025-08-25,32.70000076293945,32.70000076293945,31.75,32.5,178272
2025-08-26,32.20000076293945,32.400001525878906,31.850000381469727,31.950000762939453,76266
2025-08-27,32.0,33.79999923706055,32.0,32.150001525878906,315429
2025-08-28,32.150001525878906,32.79999923706055,31.899999618530277,32.20000076293945,218010
2025-08-29,32.54999923706055,33.29999923706055,32.099998474121094,32.650001525878906,232501
2025-09-01,32.849998474121094,35.0,32.650001525878906,33.54999923706055,778675
2025-09-02,33.70000076293945,34.5,33.349998474121094,34.20000076293945,362060
2025-09-03,34.400001525878906,34.849998474121094,33.900001525878906,34.599998474121094,399630
2025-09-04,34.75,35.099998474121094,33.45000076293945,33.45000076293945,350000
2025-09-05,33.5,35.900001525878906,33.29999923706055,34.70000076293945,506870
2025-09-08,35.75,38.150001525878906,35.599998474121094,38.150001525878906,2452163
2025-09-09,38.75,38.75,36.25,36.5,1984587
2025-09-10,36.54999923706055,37.650001525878906,36.04999923706055,36.04999923706055,723417
2025-09-11,36.04999923706055,36.25,34.599998474121094,34.900001525878906,842050
2025-09-12,35.599998474121094,38.34999847412109,34.650001525878906,37.900001525878906,1427212
2025-09-15,38.0,40.59999847412109,37.75,38.95000076293945,2967140
2025-09-16,37.70000076293945,38.5,35.099998474121094,36.400001525878906,2249370
2025-09-17,38.0,40.0,37.45000076293945,40.0,2331654
2025-09-18,43.34999847412109,44.0,42.20000076293945,44.0,5609753
2025-09-19,47.95000076293945,48.400001525878906,41.70000076293945,43.29999923706055,15582224
2025-09-22,43.20000076293945,43.79999923706055,41.75,42.0,2846872
2025-09-23,41.79999923706055,44.25,40.0,43.900001525878906,3415023
2025-09-24,43.84999847412109,44.09999847412109,41.34999847412109,42.04999923706055,2284704
2025-09-25,41.29999923706055,42.45000076293945,41.29999923706055,41.5,855100
2025-09-26,41.5,42.84999847412109,40.34999847412109,42.59999847412109,1444134
2025-09-30,43.5,43.84999847412109,41.75,42.650001525878906,1190204
2025-10-01,42.650001525878906,42.650001525878906,41.5,41.59999847412109,731179
2025-10-02,42.25,42.900001525878906,41.5,41.5,713567
2025-10-03,41.54999923706055,42.20000076293945,40.150001525878906,40.54999923706055,934215
2025-10-07,41.0,41.5,40.45000076293945,41.5,526284
2025-10-08,41.5,41.95000076293945,40.400001525878906,40.54999923706055,420356
2025-10-09,40.900001525878906,42.20000076293945,39.20000076293945,39.45000076293945,1321340
2025-10-13,36.5,38.79999923706055,36.5,38.400001525878906,649500
2025-10-14,38.900001525878906,40.70000076293945,38.900001525878906,39.150001525878906,720080
2025-10-15,39.20000076293945,41.5,39.150001525878906,40.150001525878906,731003
2025-10-16,40.900001525878906,42.70000076293945,40.75,42.150001525878906,1281946
2025-10-17,42.0,42.09999847412109,40.650001525878906,40.650001525878906,629125
2025-10-20,40.900001525878906,41.25,39.79999923706055,40.79999923706055,448300
2025-10-21,41.0,41.75,40.75,40.79999923706055,508573
2025-10-22,40.84999847412109,41.0,39.75,40.04999923706055,550143
2025-10-23,40.54999923706055,42.79999923706055,40.04999923706055,42.400001525878906,1699700
2025-10-27,42.650001525878906,43.75,41.900001525878906,42.45000076293945,1725383
2025-10-28,42.45000076293945,42.45000076293945,40.29999923706055,40.59999847412109,728872
2025-10-29,41.400001525878906,41.75,40.59999847412109,41.09999847412109,489293
2025-10-30,41.20000076293945,41.79999923706055,39.79999923706055,40.09999847412109,531170
2025-10-31,40.20000076293945,41.20000076293945,40.0,40.25,379218
2025-11-03,40.25,40.95000076293945,39.79999923706055,40.04999923706055,315357
2025-11-04,40.59999847412109,41.70000076293945,39.70000076293945,41.20000076293945,762243
2025-11-05,41.29999923706055,42.400001525878906,40.25,40.59999847412109,895220
2025-11-06,41.20000076293945,42.09999847412109,40.150001525878906,40.150001525878906,721266
2025-11-07,40.04999923706055,42.59999847412109,39.900001525878906,41.34999847412109,942903
2025-11-10,43.0,43.150001525878906,41.54999923706055,42.59999847412109,1166752
2025-11-11,42.79999923706055,42.900001525878906,41.75,42.45000076293945,701000
2025-11-12,42.34999847412109,42.84999847412109,41.95000076293945,42.09999847412109,501800
2025-11-13,42.09999847412109,42.5,40.5,42.25,975766
2025-11-14,42.0,42.79999923706055,41.34999847412109,41.75,386080
2025-11-17,41.79999923706055,42.95000076293945,41.75,42.5,900473
2025-11-18,43.0,43.45000076293945,40.34999847412109,40.650001525878906,1295300
2025-11-19,40.59999847412109,41.29999923706055,40.09999847412109,40.75,479250
2025-11-20,41.650001525878906,42.79999923706055,41.400001525878906,41.70000076293945,744160
2025-11-21,41.0,42.900001525878906,40.34999847412109,42.70000076293945,971452
2025-11-24,43.04999923706055,44.95000076293945,42.59999847412109,44.150001525878906,3103936
2025-11-25,44.29999923706055,44.29999923706055,41.25,42.45000076293945,2643727
2025-11-26,43.20000076293945,44.79999923706055,42.75,42.79999923706055,2598687
2025-11-27,42.900001525878906,43.5,41.650001525878906,43.0,1009864
2025-11-28,43.09999847412109,44.5,43.09999847412109,43.34999847412109,885495
2025-12-01,43.79999923706055,43.79999923706055,42.0,42.20000076293945,661143
2025-12-02,42.5,43.59999847412109,42.25,43.04999923706055,515140
2025-12-03,43.20000076293945,44.900001525878906,43.20000076293945,44.70000076293945,1753028
2025-12-04,47.5,48.70000076293945,45.59999847412109,46.29999923706055,5174567
2025-12-05,46.34999847412109,46.70000076293945,43.79999923706055,43.79999923706055,2080213
2025-12-08,44.09999847412109,47.29999923706055,44.09999847412109,45.400001525878906,2520618
2025-12-09,45.20000076293945,45.400001525878906,43.20000076293945,43.54999923706055,1626537
2025-12-10,44.0,44.0,42.54999923706055,42.84999847412109,985834
2025-12-11,43.20000076293945,44.400001525878906,42.79999923706055,43.79999923706055,977170
2025-12-12,44.0,44.25,43.29999923706055,43.54999923706055,412405
2025-12-15,44.25,46.70000076293945,44.25,45.0,2964154
2025-12-16,45.09999847412109,47.75,45.09999847412109,47.400001525878906,3241116
2025-12-17,49.0,51.29999923706055,48.29999923706055,49.70000076293945,7723031
2025-12-18,49.0,51.0,48.79999923706055,51.0,3455364
2025-12-19,50.20000076293945,51.70000076293945,48.79999923706055,51.70000076293945,3813655
2025-12-22,51.09999847412109,56.79999923706055,51.09999847412109,56.79999923706055,5721627
2025-12-23,56.79999923706055,59.0,54.09999847412109,55.70000076293945,9257920
2025-12-24,55.70000076293945,56.0,52.400001525878906,52.59999847412109,3630150
2025-12-26,52.70000076293945,54.0,51.79999923706055,53.09999847412109,2341518
2025-12-29,53.59999847412109,54.29999923706055,51.5,52.900001525878906,1860151
2025-12-30,52.900001525878906,52.900001525878906,50.5,51.09999847412109,1895750
2025-12-31,51.5,52.0,49.25,49.400001525878906,2001756
2026-01-02,49.95000076293945,50.5,49.25,49.95000076293945,1014953
2026-01-05,50.09999847412109,53.29999923706055,49.29999923706055,53.0,3038987
2026-01-06,53.0,53.09999847412109,51.09999847412109,51.5,1587937
2026-01-07,51.5,51.5,50.20000076293945,50.5,1004076
2026-01-08,52.70000076293945,52.900001525878906,49.84999847412109,50.5,2299467
2026-01-09,51.20000076293945,53.20000076293945,51.0,53.20000076293945,3236133
2026-01-12,53.79999923706055,53.900001525878906,51.29999923706055,51.79999923706055,2004181
2026-01-13,51.79999923706055,52.09999847412109,49.70000076293945,50.0,1701242
2026-01-14,50.09999847412109,50.70000076293945,50.0,50.09999847412109,608143
2026-01-15,50.900001525878906,50.900001525878906,49.20000076293945,49.20000076293945,974889
2026-01-16,49.79999923706055,54.09999847412109,49.5,54.09999847412109,3036807
2026-01-19,53.0,54.70000076293945,52.20000076293945,53.20000076293945,4762338
2026-01-20,55.900001525878906,55.900001525878906,53.0,54.900001525878906,5971574
2026-01-21,53.70000076293945,54.5,51.59999847412109,51.59999847412109,1455679
2026-01-22,52.59999847412109,52.70000076293945,51.09999847412109,51.29999923706055,1239248
2026-01-23,52.09999847412109,52.09999847412109,50.20000076293945,50.79999923706055,957005
2026-01-26,50.79999923706055,51.20000076293945,50.0,51.20000076293945,653477
2026-01-27,51.29999923706055,51.5,49.70000076293945,49.75,1204746
2026-01-28,49.84999847412109,50.400001525878906,49.150001525878906,49.400001525878906,821943
2026-01-29,49.5,49.59999847412109,47.0,47.5,1499350
2026-01-30,47.20000076293945,47.29999923706055,46.04999923706055,46.150001525878906,828500
2026-02-02,45.20000076293945,45.75,43.79999923706055,44.09999847412109,994186
2026-02-03,45.0,45.400001525878906,44.20000076293945,44.20000076293945,460953
2026-02-04,44.5,44.79999923706055,44.09999847412109,44.59999847412109,283066
2026-02-05,44.79999923706055,45.20000076293945,44.0,44.0,338500
2026-02-06,44.0,44.54999923706055,42.0,43.0,1141300
2026-02-09,44.29999923706055,45.59999847412109,44.25,44.95000076293945,670000
2026-02-10,45.09999847412109,45.84999847412109,44.70000076293945,45.59999847412109,374192
2026-02-11,46.09999847412109,47.400001525878906,45.70000076293945,46.45000076293945,726546
2026-02-23,46.5,47.09999847412109,45.79999923706055,46.34999847412109,713307
2026-02-24,46.70000076293945,46.70000076293945,45.0,45.09999847412109,838050
2026-02-25,45.54999923706055,45.54999923706055,44.0,44.150001525878906,698643
2026-02-26,44.45000076293945,44.59999847412109,43.25,43.29999923706055,725150
2026-03-02,43.0,43.45000076293945,42.45000076293945,43.45000076293945,571610
2026-03-03,43.54999923706055,43.54999923706055,41.650001525878906,41.650001525878906,848010
2026-03-04,40.09999847412109,40.70000076293945,38.650001525878906,38.84999847412109,1121550
2026-03-05,39.95000076293945,40.54999923706055,39.650001525878906,40.0,526019
2026-03-06,39.650001525878906,40.04999923706055,39.150001525878906,39.400001525878906,305600
2026-03-09,38.29999923706055,38.59999847412109,37.20000076293945,37.5,693000
2026-03-10,38.150001525878906,39.5,38.04999923706055,38.34999847412109,511133
2026-03-11,38.54999923706055,38.59999847412109,37.59999847412109,37.70000076293945,696021
2026-03-12,37.75,38.150001525878906,37.5,37.84999847412109,406350
2026-03-13,38.09999847412109,38.09999847412109,37.20000076293945,37.5,529025
2026-03-16,37.5,38.5,37.34999847412109,37.400001525878906,543850
2026-03-17,37.95000076293945,38.20000076293945,37.70000076293945,37.79999923706055,444050
2026-03-18,38.25,38.25,37.04999923706055,37.09999847412109,607689
2026-03-19,36.900001525878906,36.900001525878906,35.349998474121094,35.5,765001
2026-03-20,36.0,36.34999847412109,35.400001525878906,35.5,480153
2026-03-23,34.70000076293945,35.150001525878906,33.75,34.400001525878906,628052
2026-03-24,35.25,35.25,34.349998474121094,34.70000076293945,303005
2026-03-25,35.29999923706055,35.45000076293945,34.75,35.400001525878906,237300
2026-03-26,35.45000076293945,35.599998474121094,34.70000076293945,34.70000076293945,234100
2026-03-27,34.79999923706055,35.04999923706055,34.349998474121094,35.04999923706055,212030
2026-03-30,34.54999923706055,35.0,34.29999923706055,34.45000076293945,266215
2026-03-31,34.75,34.95000076293945,34.099998474121094,34.400001525878906,255750
2026-04-01,35.04999923706055,36.70000076293945,35.0,36.54999923706055,620908
2026-04-02,37.29999923706055,37.70000076293945,35.79999923706055,36.20000076293945,640557
2026-04-07,37.0,37.150001525878906,35.599998474121094,37.150001525878906,323352
2026-04-08,37.5,37.70000076293945,36.84999847412109,37.29999923706055,624100
2026-04-09,37.25,37.25,36.0,36.20000076293945,513006
2026-04-10,36.0,36.29999923706055,34.45000076293945,34.79999923706055,964520
2026-04-13,34.29999923706055,35.04999923706055,34.29999923706055,34.79999923706055,311940
2026-04-14,34.95000076293945,35.25,34.54999923706055,34.75,309302
2026-04-15,34.75,35.04999923706055,34.400001525878906,34.900001525878906,335193
2026-04-16,35.0,35.650001525878906,34.70000076293945,35.0,351000
2026-04-17,35.0,35.0,34.25,34.400001525878906,414060
2026-04-20,34.95000076293945,35.70000076293945,34.400001525878906,34.45000076293945,563117
2026-04-21,35.099998474121094,35.400001525878906,34.599998474121094,35.20000076293945,457292
2026-04-22,35.20000076293945,36.150001525878906,34.79999923706055,35.95000076293945,562001
2026-04-23,36.400001525878906,36.5,33.54999923706055,33.75,1026120
2026-04-24,33.95000076293945,34.04999923706055,33.099998474121094,33.849998474121094,412157
2026-04-27,34.400001525878906,34.400001525878906,32.04999923706055,32.25,474300
2026-04-28,32.25,32.45000076293945,32.04999923706055,32.150001525878906,189013
2026-04-29,32.20000076293945,32.400001525878906,32.0,32.29999923706055,229050
2026-04-30,32.29999923706055,32.29999923706055,31.600000381469727,31.700000762939453,387443
2026-05-04,31.700000762939453,32.400001525878906,31.649999618530277,32.29999923706055,397429
2026-05-05,32.04999923706055,33.20000076293945,32.04999923706055,32.79999923706055,309666
2026-05-06,33.20000076293945,33.5,32.70000076293945,33.0,482535
2026-05-07,33.20000076293945,33.20000076293945,32.349998474121094,32.54999923706055,351100
2026-05-08,32.599998474121094,32.900001525878906,31.700000762939453,32.400001525878906,281204
2026-05-11,31.450000762939453,31.450000762939453,29.350000381469727,29.899999618530277,1018340
2026-05-12,29.899999618530277,30.100000381469727,29.5,29.5,377853
2026-05-13,29.25,30.100000381469727,29.049999237060547,29.850000381469727,508451
2026-05-14,30.049999237060547,30.299999237060547,29.0,29.100000381469727,450232
2026-05-15,29.299999237060547,29.549999237060547,28.350000381469727,28.5,491523
2026-05-18,28.149999618530277,28.799999237060547,27.799999237060547,28.549999237060547,368011
2026-05-19,28.75,29.5,28.200000762939453,28.25,304008
2026-05-20,28.299999237060547,28.299999237060547,27.799999237060547,28.0,255244
2026-05-21,28.0,28.600000381469727,28.0,28.299999237060547,172010
2026-05-22,28.350000381469727,28.600000381469727,28.100000381469727,28.549999237060547,300661
2026-05-25,28.799999237060547,28.899999618530277,27.5,28.299999237060547,610757
2026-05-26,28.850000381469727,29.399999618530277,28.049999237060547,28.25,292000
2026-05-27,28.25,30.149999618530277,28.0,29.200000762939453,815005
2026-05-28,29.950000762939453,32.099998474121094,29.5,32.099998474121094,1359215
2026-05-29,32.20000076293945,32.349998474121094,29.850000381469727,32.0,4384049
2026-06-01,31.450000762939453,31.450000762939453,30.299999237060547,30.649999618530277,1423050
2026-06-02,30.75,30.75,29.549999237060547,29.899999618530277,667050
2026-06-03,30.200000762939453,30.75,29.899999618530277,30.450000762939453,655063
2026-06-04,30.450000762939453,30.450000762939453,29.75,30.049999237060547,338350
2026-06-05,29.899999618530277,31.299999237060547,29.700000762939453,30.299999237060547,746342
2026-06-08,28.0,28.799999237060547,27.399999618530277,28.5,1369021
2026-06-09,28.600000381469727,29.200000762939453,28.600000381469727,28.850000381469727,388008
2026-06-10,28.399999618530277,29.049999237060547,27.700000762939453,27.899999618530277,510041
2026-06-11,27.600000381469727,28.100000381469727,27.299999237060547,27.450000762939453,387102
2026-06-12,27.600000381469727,27.950000762939453,27.600000381469727,27.700000762939453,268255
2026-06-15,27.700000762939453,28.399999618530277,27.700000762939453,28.049999237060547,276475
2026-06-16,28.049999237060547,28.049999237060547,27.600000381469727,27.799999237060547,233000
2026-06-17,27.850000381469727,28.100000381469727,27.600000381469727,28.049999237060547,366422
2026-06-18,28.149999618530277,28.5,27.950000762939453,28.049999237060547,231160
2026-06-22,28.149999618530277,28.399999618530277,27.850000381469727,27.899999618530277,271150
2026-06-23,28.149999618530277,28.149999618530277,27.600000381469727,27.600000381469727,246000
2026-06-24,27.049999237060547,27.450000762939453,27.049999237060547,27.399999618530277,239201
2026-06-25,27.200000762939453,27.700000762939453,27.200000762939453,27.5,229781
2026-06-26,27.649999618530277,27.649999618530277,26.600000381469727,26.700000762939453,346091
2026-06-29,26.700000762939453,27.649999618530277,26.649999618530277,27.399999618530277,247001
2026-06-30,27.75,27.75,27.049999237060547,27.200000762939453,185303
2026-07-01,27.649999618530277,28.100000381469727,27.100000381469727,27.299999237060547,245501
2026-07-02,27.299999237060547,27.600000381469727,27.049999237060547,27.450000762939453,140708
2026-07-03,27.5,28.299999237060547,27.5,28.200000762939453,342150
2026-07-06,28.799999237060547,29.5,28.700000762939453,28.799999237060547,635223
2026-07-07,28.799999237060547,28.799999237060547,27.799999237060547,27.799999237060547,219292
2026-07-08,28.200000762939453,28.25,27.5,27.600000381469727,181376
2026-07-09,27.100000381469727,27.399999618530277,26.100000381469727,26.600000381469727,424227
2026-07-10,26.600000381469727,26.600000381469727,26.600000381469727,26.600000381469727,0
2026-07-13,26.649999618530277,27.200000762939453,26.350000381469727,26.450000762939453,255119
2026-07-14,26.899999618530277,26.899999618530277,25.549999237060547,26.149999618530277,494200
2026-07-15,26.450000762939453,26.5,26.200000762939453,26.399999618530277,154200
2026-07-16,26.350000381469727,26.75,26.100000381469727,26.149999618530277,158050
2026-07-17,26.149999618530277,26.149999618530277,25.100000381469727,25.100000381469727,619250
2026-07-20,25.299999237060547,25.600000381469727,24.899999618530277,25.100000381469727,284000
2026-07-21,25.049999237060547,25.450000762939453,25.049999237060547,25.100000381469727,151135
2026-07-22,25.350000381469727,25.700000762939453,25.25,25.25,114000
2026-07-23,25.399999618530277,25.399999618530277,24.75,24.850000381469727,213330
2026-07-24,24.850000381469727,25.0,24.549999237060547,24.649999618530277,176023
2026-07-27,25.049999237060547,26.0,24.850000381469727,25.299999237060547,242100
2026-07-28,25.100000381469727,25.100000381469727,24.350000381469727,24.350000381469727,328034
2026-07-29,24.549999237060547,24.549999237060547,23.049999237060547,23.75,547100
2026-07-30,23.75,23.899999618530277,23.0,23.25,435000
2026-07-31,23.799999237060547,24.0,23.5,23.850000381469727,151000
2026-08-03,23.700000762939453,24.5,23.700000762939453,24.5,161000
2026-08-04,24.149999618530277,24.549999237060547,23.950000762939453,24.350000381469727,114061
2026-08-05,24.700000762939453,24.75,24.25,24.399999618530277,96386
2026-08-06,24.25,24.450000762939453,24.200000762939453,24.350000381469727,112105
2026-08-07,24.600000381469727,24.700000762939453,24.200000762939453,24.350000381469727,67000
2026-08-10,24.700000762939453,24.700000762939453,24.100000381469727,24.299999237060547,171100
2026-08-11,24.200000762939453,24.299999237060547,23.899999618530277,24.25,122000
2026-08-12,24.200000762939453,24.5,24.200000762939453,24.5,203000
2026-08-13,24.649999618530277,24.850000381469727,24.399999618530277,24.5,251078
2026-08-14,24.399999618530277,24.5,24.0,24.450000762939453,121000
2026-08-17,24.450000762939453,24.850000381469727,24.25,24.25,292020
2026-08-18,24.25,24.75,23.950000762939453,23.950000762939453,211022
2026-08-19,23.649999618530277,24.100000381469727,23.649999618530277,23.850000381469727,95189
2026-08-20,24.299999237060547,24.299999237060547,23.700000762939453,24.100000381469727,305050
2026-08-21,24.100000381469727,24.399999618530277,23.950000762939453,24.299999237060547,97045
2026-08-24,24.399999618530277,24.399999618530277,23.950000762939453,24.0,82903
2026-08-25,23.799999237060547,24.149999618530277,23.700000762939453,24.049999237060547,115352
2026-08-26,24.299999237060547,24.399999618530277,24.100000381469727,24.25,72716
2026-08-27,24.399999618530277,24.399999618530277,24.149999618530277,24.149999618530277,67000
2026-08-28,24.0,24.649999618530277,23.950000762939453,24.299999237060547,229200
2026-08-31,24.299999237060547,24.600000381469727,24.0,24.25,130393
2026-09-01,24.25,24.399999618530277,24.0,24.049999237060547,134450
2026-09-02,24.0,24.200000762939453,23.899999618530277,24.0,80000
2026-09-03,24.0,24.25,23.799999237060547,24.200000762939453,184090
2026-09-04,24.399999618530277,24.450000762939453,23.850000381469727,24.049999237060547,130065
2026-09-07,24.25,24.450000762939453,23.899999618530277,24.049999237060547,120433
2026-09-08,24.049999237060547,24.299999237060547,23.850000381469727,23.899999618530277,191100
2026-09-09,23.899999618530277,23.950000762939453,23.600000381469727,23.799999237060547,151012
2026-09-10,23.799999237060547,23.950000762939453,23.600000381469727,23.600000381469727,115211
2026-09-11,23.799999237060547,23.799999237060547,23.600000381469727,23.600000381469727,67138
2026-09-14,23.649999618530277,23.899999618530277,23.299999237060547,23.5,181121
2026-09-15,23.399999618530277,23.5,23.200000762939453,23.25,146000
2026-09-16,23.149999618530277,23.600000381469727,23.149999618530277,23.450000762939453,63000
2026-09-17,23.299999237060547,23.75,23.299999237060547,23.75,47000
2026-09-18,23.399999618530277,23.75,23.299999237060547,23.75,83429
2026-09-21,23.5,24.0,23.399999618530273,23.950000762939453,77000
2026-09-22,24.0,24.0,23.700000762939453,23.75,46050
2026-09-23,23.700000762939453,23.899999618530273,23.450000762939453,23.450000762939453,76272
2026-09-24,23.450000762939453,23.5,23.450000762939453,23.5,32000
