date,open,high,low,close,volume
2020-01-02,50.900001525878906,51.0,50.70000076293945,51.0,248163
2020-01-03,51.09999847412109,51.29999923706055,50.79999923706055,51.09999847412109,276945
2020-01-06,51.09999847412109,51.09999847412109,50.70000076293945,50.900001525878906,183661
2020-01-07,50.900001525878906,51.0,50.400001525878906,50.70000076293945,279351
2020-01-08,50.5,50.5,50.20000076293945,50.400001525878906,233008
2020-01-09,50.5,50.79999923706055,50.5,50.70000076293945,174041
2020-01-10,50.70000076293945,50.79999923706055,50.59999847412109,50.70000076293945,105483
2020-01-13,50.79999923706055,51.0,50.79999923706055,51.0,169129
2020-01-14,51.09999847412109,51.20000076293945,50.79999923706055,51.0,134593
2020-01-15,51.0,51.0,50.5,50.70000076293945,219377
2020-01-16,50.70000076293945,50.70000076293945,50.5,50.70000076293945,174686
2020-01-17,50.79999923706055,50.79999923706055,50.59999847412109,50.70000076293945,209479
2020-01-20,50.79999923706055,50.900001525878906,50.70000076293945,50.79999923706055,217406
2020-01-30,49.79999923706055,55.70000076293945,49.09999847412109,49.59999847412109,3135700
2020-01-31,50.0,50.400001525878906,49.59999847412109,49.59999847412109,857421
2020-02-03,49.04999923706055,49.04999923706055,47.400001525878906,48.0,1139208
2020-02-04,50.20000076293945,50.20000076293945,48.400001525878906,48.400001525878906,424563
2020-02-05,48.20000076293945,48.59999847412109,48.150001525878906,48.5,346151
2020-02-06,48.70000076293945,49.45000076293945,48.59999847412109,49.04999923706055,362541
2020-02-07,49.04999923706055,49.04999923706055,48.650001525878906,48.75,236736
2020-02-10,48.5,48.650001525878906,47.95000076293945,48.650001525878906,352512
2020-02-11,48.650001525878906,49.0,48.650001525878906,48.84999847412109,223247
2020-02-12,48.84999847412109,48.95000076293945,48.650001525878906,48.79999923706055,535755
2020-02-13,48.79999923706055,49.0,48.75,48.79999923706055,357259
2020-02-14,48.900001525878906,49.400001525878906,48.900001525878906,49.0,395716
2020-02-17,49.45000076293945,50.400001525878906,49.29999923706055,49.70000076293945,410378
2020-02-18,49.70000076293945,50.0,49.59999847412109,49.59999847412109,436318
2020-02-19,49.59999847412109,50.09999847412109,49.59999847412109,50.0,253511
2020-02-20,50.09999847412109,50.400001525878906,49.70000076293945,49.70000076293945,514581
2020-02-21,49.70000076293945,49.900001525878906,49.59999847412109,49.79999923706055,162140
2020-02-24,49.900001525878906,49.900001525878906,49.20000076293945,49.20000076293945,237265
2020-02-25,48.95000076293945,49.20000076293945,48.79999923706055,49.150001525878906,157264
2020-02-26,49.09999847412109,49.09999847412109,48.04999923706055,49.0,234025
2020-02-27,48.95000076293945,49.150001525878906,48.59999847412109,49.0,212022
2020-03-02,48.54999923706055,49.34999847412109,48.29999923706055,48.900001525878906,347140
2020-03-03,49.0,49.20000076293945,49.0,49.0,123551
2020-03-04,49.0,49.0,48.59999847412109,48.79999923706055,134303
2020-03-05,49.0,49.400001525878906,49.0,49.20000076293945,123562
2020-03-06,49.20000076293945,49.20000076293945,49.0,49.0,112176
2020-03-09,49.04999923706055,49.04999923706055,48.0,48.0,491641
2020-03-10,47.79999923706055,47.79999923706055,47.0,47.400001525878906,543233
2020-03-11,47.09999847412109,47.75,47.0,47.0,292387
2020-03-12,46.84999847412109,46.84999847412109,45.0,45.04999923706055,665090
2020-03-13,42.150001525878906,42.150001525878906,40.59999847412109,41.79999923706055,1008787
2020-03-16,41.79999923706055,41.79999923706055,40.59999847412109,40.650001525878906,435354
2020-03-17,39.0,39.79999923706055,38.59999847412109,39.0,588739
2020-03-18,39.0,39.150001525878906,38.650001525878906,38.70000076293945,458936
2020-03-19,37.34999847412109,37.34999847412109,34.849998474121094,34.900001525878906,1014332
2020-03-20,36.79999923706055,37.95000076293945,35.95000076293945,37.900001525878906,830344
2020-03-23,36.29999923706055,36.70000076293945,36.0,36.29999923706055,334521
2020-03-24,36.04999923706055,37.900001525878906,36.0,37.70000076293945,422112
2020-03-25,39.79999923706055,40.45000076293945,39.04999923706055,40.0,630333
2020-03-26,40.0,40.04999923706055,39.20000076293945,39.70000076293945,231086
2020-03-27,40.0,40.54999923706055,39.79999923706055,39.84999847412109,355107
2020-03-30,39.70000076293945,39.75,38.900001525878906,39.75,275140
2020-03-31,40.0,41.0,40.0,40.400001525878906,401502
2020-04-01,40.5,42.0,40.5,41.95000076293945,601797
2020-04-06,43.0,43.0,40.70000076293945,41.84999847412109,368419
2020-04-07,42.5,42.5,41.84999847412109,42.09999847412109,322497
2020-04-08,41.5,42.29999923706055,41.5,42.25,342484
2020-04-09,42.25,42.70000076293945,42.0,42.150001525878906,199302
2020-04-10,42.20000076293945,42.34999847412109,41.70000076293945,42.150001525878906,236108
2020-04-13,41.75,41.900001525878906,41.650001525878906,41.79999923706055,233906
2020-04-14,41.79999923706055,42.29999923706055,41.79999923706055,42.09999847412109,332908
2020-04-15,42.25,43.54999923706055,42.20000076293945,43.5,743699
2020-04-16,43.5,43.5,42.59999847412109,43.29999923706055,247262
2020-04-17,43.70000076293945,43.75,43.20000076293945,43.20000076293945,298902
2020-04-20,43.20000076293945,43.20000076293945,42.79999923706055,43.09999847412109,148182
2020-04-21,42.900001525878906,42.900001525878906,41.5,41.5,469224
2020-04-22,41.29999923706055,41.29999923706055,40.45000076293945,41.29999923706055,278204
2020-04-23,41.70000076293945,42.20000076293945,41.400001525878906,42.20000076293945,212034
2020-04-24,42.20000076293945,42.400001525878906,41.45000076293945,41.95000076293945,172250
2020-04-27,42.09999847412109,42.900001525878906,42.04999923706055,42.75,237431
2020-04-28,42.900001525878906,43.45000076293945,42.900001525878906,43.45000076293945,197127
2020-04-29,43.5,44.29999923706055,43.5,44.20000076293945,360855
2020-04-30,45.0,45.29999923706055,44.34999847412109,45.29999923706055,357909
2020-05-04,44.70000076293945,44.70000076293945,43.84999847412109,44.20000076293945,358731
2020-05-05,44.25,44.5,44.0,44.34999847412109,233207
2020-05-06,44.400001525878906,44.400001525878906,44.0,44.04999923706055,186807
2020-05-07,44.09999847412109,44.900001525878906,44.09999847412109,44.79999923706055,243593
2020-05-08,45.5,45.5,45.0,45.04999923706055,260002
2020-05-11,45.5,45.5,45.04999923706055,45.25,211177
2020-05-12,45.20000076293945,45.20000076293945,44.5,44.70000076293945,214010
2020-05-13,44.70000076293945,44.79999923706055,44.20000076293945,44.79999923706055,139550
2020-05-14,44.79999923706055,45.20000076293945,44.34999847412109,44.34999847412109,217770
2020-05-15,44.34999847412109,44.59999847412109,43.70000076293945,44.20000076293945,201299
2020-05-18,43.650001525878906,44.29999923706055,43.650001525878906,43.900001525878906,172003
2020-05-19,44.04999923706055,44.70000076293945,44.04999923706055,44.25,102393
2020-05-20,44.25,44.400001525878906,43.900001525878906,43.95000076293945,233189
2020-05-21,44.0,44.400001525878906,44.0,44.29999923706055,125770
2020-05-22,44.34999847412109,44.5,44.0,44.0,194052
2020-05-25,44.0,44.5,43.79999923706055,44.5,137153
2020-05-26,44.75,45.29999923706055,44.54999923706055,45.25,493513
2020-05-27,45.54999923706055,45.54999923706055,44.59999847412109,45.09999847412109,245826
2020-05-28,45.09999847412109,45.09999847412109,44.59999847412109,44.650001525878906,207189
2020-05-29,44.59999847412109,44.79999923706055,44.5,44.5,110009
2020-06-01,45.0,45.0,44.70000076293945,44.84999847412109,105651
2020-06-02,45.400001525878906,45.5,45.20000076293945,45.20000076293945,258079
2020-06-03,45.45000076293945,45.59999847412109,45.29999923706055,45.54999923706055,323741
2020-06-04,46.150001525878906,46.29999923706055,45.70000076293945,46.29999923706055,432140
2020-06-05,46.5,47.0,46.5,46.900001525878906,331232
2020-06-08,47.09999847412109,47.650001525878906,47.04999923706055,47.5,501682
2020-06-09,48.150001525878906,48.150001525878906,47.5,47.5,503888
2020-06-10,47.400001525878906,47.400001525878906,46.84999847412109,46.95000076293945,276666
2020-06-11,47.0,47.0,45.400001525878906,45.400001525878906,644230
2020-06-12,44.59999847412109,45.0,44.20000076293945,45.0,323106
2020-06-15,45.09999847412109,45.150001525878906,44.75,44.79999923706055,229173
2020-06-16,44.900001525878906,45.45000076293945,44.900001525878906,45.20000076293945,191209
2020-06-17,45.20000076293945,45.70000076293945,45.150001525878906,45.70000076293945,224672
2020-06-18,45.70000076293945,46.0,45.59999847412109,45.59999847412109,307187
2020-06-19,45.59999847412109,45.59999847412109,44.75,44.75,413359
2020-06-22,44.84999847412109,45.70000076293945,44.84999847412109,45.59999847412109,309201
2020-06-23,45.84999847412109,45.84999847412109,45.150001525878906,45.650001525878906,220106
2020-06-24,45.79999923706055,45.79999923706055,45.5,45.650001525878906,182421
2020-06-29,45.650001525878906,45.650001525878906,45.34999847412109,45.59999847412109,240633
2020-06-30,46.0,46.29999923706055,45.84999847412109,46.0,813746
2020-07-01,44.34999847412109,44.75,44.29999923706055,44.59999847412109,535353
2020-07-02,44.650001525878906,45.25,44.650001525878906,45.0,216160
2020-07-03,45.25,45.25,44.54999923706055,44.54999923706055,440367
2020-07-06,44.59999847412109,44.650001525878906,44.400001525878906,44.54999923706055,704487
2020-07-07,44.59999847412109,45.20000076293945,44.54999923706055,44.59999847412109,702232
2020-07-08,44.59999847412109,44.75,44.54999923706055,44.54999923706055,334573
2020-07-09,44.70000076293945,45.25,44.70000076293945,45.09999847412109,622691
2020-07-10,45.20000076293945,45.20000076293945,44.0,44.25,500439
2020-07-13,44.5,44.5,44.0,44.09999847412109,315551
2020-07-14,44.09999847412109,44.09999847412109,43.650001525878906,43.70000076293945,437208
2020-07-15,43.70000076293945,43.95000076293945,42.95000076293945,43.20000076293945,736912
2020-07-16,43.29999923706055,43.900001525878906,43.25,43.25,325506
2020-07-17,43.34999847412109,43.400001525878906,43.04999923706055,43.09999847412109,250041
2020-07-20,43.09999847412109,43.20000076293945,42.25,42.29999923706055,488267
2020-07-21,43.29999923706055,44.20000076293945,43.25,43.900001525878906,915958
2020-07-22,44.25,44.59999847412109,43.75,44.0,902181
2020-07-23,44.400001525878906,44.400001525878906,43.650001525878906,43.75,370219
2020-07-24,43.79999923706055,43.79999923706055,42.84999847412109,42.900001525878906,477494
2020-07-27,42.34999847412109,42.70000076293945,41.900001525878906,41.900001525878906,934071
2020-07-28,41.900001525878906,42.150001525878906,41.09999847412109,41.09999847412109,631238
2020-07-29,41.20000076293945,42.150001525878906,41.20000076293945,41.54999923706055,305838
2020-07-30,42.150001525878906,42.20000076293945,41.79999923706055,41.84999847412109,279683
2020-07-31,42.20000076293945,42.20000076293945,41.900001525878906,42.0,234983
2020-08-03,42.0,42.0,41.25,41.400001525878906,418432
2020-08-04,41.45000076293945,41.70000076293945,41.400001525878906,41.5,221392
2020-08-05,41.54999923706055,41.900001525878906,41.54999923706055,41.79999923706055,221259
2020-08-06,42.0,42.29999923706055,41.79999923706055,41.95000076293945,330608
2020-08-07,42.0,42.0,41.79999923706055,41.84999847412109,189274
2020-08-10,41.84999847412109,42.29999923706055,41.79999923706055,42.29999923706055,483286
2020-08-11,42.29999923706055,42.34999847412109,41.84999847412109,42.0,301097
2020-08-12,41.900001525878906,42.0,41.75,41.84999847412109,197058
2020-08-13,41.900001525878906,42.0,41.79999923706055,41.84999847412109,160228
2020-08-14,41.84999847412109,42.29999923706055,41.84999847412109,42.20000076293945,214819
2020-08-17,42.20000076293945,43.20000076293945,42.20000076293945,43.09999847412109,573612
2020-08-18,43.5,43.5,43.150001525878906,43.25,392359
2020-08-19,43.45000076293945,43.45000076293945,42.900001525878906,42.900001525878906,330093
2020-08-20,42.84999847412109,42.84999847412109,41.34999847412109,41.95000076293945,619470
2020-08-21,42.150001525878906,42.34999847412109,41.95000076293945,42.29999923706055,305112
2020-08-24,42.34999847412109,42.400001525878906,42.0,42.20000076293945,159476
2020-08-25,42.20000076293945,42.54999923706055,42.20000076293945,42.29999923706055,224281
2020-08-26,42.400001525878906,42.45000076293945,42.150001525878906,42.400001525878906,150615
2020-08-27,42.400001525878906,42.79999923706055,42.400001525878906,42.70000076293945,322050
2020-08-28,42.70000076293945,42.70000076293945,42.45000076293945,42.70000076293945,182327
2020-08-31,42.84999847412109,42.84999847412109,42.59999847412109,42.84999847412109,283323
2020-09-01,42.84999847412109,42.84999847412109,42.650001525878906,42.70000076293945,159500
2020-09-02,42.75,42.79999923706055,42.29999923706055,42.59999847412109,191529
2020-09-03,42.70000076293945,42.900001525878906,42.45000076293945,42.45000076293945,328909
2020-09-04,42.150001525878906,42.400001525878906,42.0,42.29999923706055,196567
2020-09-07,42.34999847412109,42.650001525878906,42.29999923706055,42.45000076293945,220113
2020-09-08,42.5,42.75,42.45000076293945,42.5,185101
2020-09-09,42.25,42.54999923706055,42.20000076293945,42.5,147149
2020-09-10,42.400001525878906,42.70000076293945,42.400001525878906,42.54999923706055,150054
2020-09-11,42.70000076293945,43.09999847412109,42.650001525878906,42.75,403887
2020-09-14,43.0,43.0,42.650001525878906,42.70000076293945,226548
2020-09-15,42.84999847412109,42.84999847412109,42.5,42.54999923706055,214036
2020-09-16,42.59999847412109,42.650001525878906,42.54999923706055,42.54999923706055,236812
2020-09-17,42.54999923706055,42.900001525878906,42.54999923706055,42.75,224501
2020-09-18,42.75,43.150001525878906,42.70000076293945,43.150001525878906,387056
2020-09-21,43.20000076293945,43.70000076293945,43.20000076293945,43.54999923706055,689208
2020-09-22,43.84999847412109,44.20000076293945,43.45000076293945,43.45000076293945,809272
2020-09-23,43.59999847412109,43.59999847412109,42.84999847412109,42.95000076293945,476534
2020-09-24,42.650001525878906,42.650001525878906,41.84999847412109,41.900001525878906,560584
2020-09-25,41.900001525878906,42.150001525878906,41.70000076293945,41.84999847412109,237101
2020-09-28,42.0,42.400001525878906,42.0,42.20000076293945,110006
2020-09-29,42.20000076293945,42.5,42.04999923706055,42.09999847412109,126910
2020-09-30,42.25,42.400001525878906,42.04999923706055,42.09999847412109,82002
2020-10-05,42.09999847412109,42.5,42.09999847412109,42.400001525878906,139937
2020-10-06,42.54999923706055,42.84999847412109,42.54999923706055,42.79999923706055,187627
2020-10-07,42.70000076293945,42.79999923706055,42.5,42.79999923706055,81319
2020-10-08,43.0,43.0,42.59999847412109,42.70000076293945,179200
2020-10-12,42.70000076293945,42.75,42.5,42.54999923706055,125166
2020-10-13,42.79999923706055,43.0,42.59999847412109,42.79999923706055,278563
2020-10-14,42.59999847412109,42.79999923706055,42.59999847412109,42.75,89032
2020-10-15,42.75,42.79999923706055,42.45000076293945,42.45000076293945,159765
2020-10-16,42.34999847412109,42.5,42.09999847412109,42.150001525878906,188296
2020-10-19,42.20000076293945,42.79999923706055,42.150001525878906,42.70000076293945,190901
2020-10-20,42.70000076293945,42.70000076293945,42.25,42.25,133352
2020-10-21,44.09999847412109,44.70000076293945,43.5,43.650001525878906,1226551
2020-10-22,43.70000076293945,43.75,42.59999847412109,42.59999847412109,1171542
2020-10-23,43.0,43.150001525878906,42.84999847412109,43.04999923706055,275731
2020-10-26,43.20000076293945,43.54999923706055,43.150001525878906,43.34999847412109,217189
2020-10-27,43.45000076293945,43.45000076293945,43.0,43.150001525878906,216501
2020-10-28,43.400001525878906,43.400001525878906,43.0,43.0,203001
2020-10-29,42.84999847412109,43.29999923706055,42.70000076293945,43.25,175113
2020-10-30,43.25,43.25,42.84999847412109,42.84999847412109,207131
2020-11-02,42.79999923706055,43.0,42.650001525878906,42.79999923706055,156107
2020-11-03,42.84999847412109,43.20000076293945,42.84999847412109,43.04999923706055,198711
2020-11-04,43.04999923706055,43.29999923706055,42.900001525878906,43.150001525878906,118031
2020-11-05,43.29999923706055,43.34999847412109,43.150001525878906,43.34999847412109,168697
2020-11-06,43.34999847412109,43.34999847412109,43.20000076293945,43.20000076293945,200000
2020-11-09,43.20000076293945,43.900001525878906,43.20000076293945,43.34999847412109,360506
2020-11-10,43.54999923706055,44.09999847412109,43.5,44.0,570616
2020-11-11,44.0,44.400001525878906,44.0,44.400001525878906,621394
2020-11-12,44.5,44.54999923706055,43.70000076293945,44.04999923706055,535318
2020-11-13,44.25,45.0,44.25,44.95000076293945,911432
2020-11-16,45.0,45.75,44.650001525878906,44.900001525878906,622909
2020-11-17,45.400001525878906,45.400001525878906,44.900001525878906,45.0,436917
2020-11-18,45.0,45.20000076293945,45.0,45.150001525878906,491567
2020-11-19,45.29999923706055,45.95000076293945,45.150001525878906,45.75,717555
2020-11-20,45.75,46.0,45.75,45.95000076293945,503480
2020-11-23,45.900001525878906,45.900001525878906,45.650001525878906,45.79999923706055,490998
2020-11-24,45.79999923706055,45.84999847412109,45.04999923706055,45.150001525878906,643490
2020-11-25,45.150001525878906,45.34999847412109,45.0,45.20000076293945,384052
2020-11-26,45.04999923706055,45.5,45.04999923706055,45.5,249082
2020-11-27,45.5,45.5,45.04999923706055,45.150001525878906,289157
2020-11-30,45.09999847412109,45.45000076293945,45.09999847412109,45.150001525878906,271904
2020-12-01,45.150001525878906,45.150001525878906,44.79999923706055,45.09999847412109,287010
2020-12-02,45.150001525878906,45.150001525878906,44.59999847412109,44.70000076293945,593015
2020-12-03,44.79999923706055,45.34999847412109,44.79999923706055,45.0,354356
2020-12-04,45.0,45.5,44.900001525878906,45.400001525878906,350732
2020-12-07,45.5,45.79999923706055,45.0,45.29999923706055,371532
2020-12-08,45.29999923706055,45.29999923706055,45.0,45.20000076293945,351542
2020-12-09,45.20000076293945,45.25,45.04999923706055,45.09999847412109,406597
2020-12-10,45.150001525878906,45.45000076293945,45.0,45.25,441200
2020-12-11,45.09999847412109,45.29999923706055,44.650001525878906,44.900001525878906,483218
2020-12-14,44.900001525878906,44.900001525878906,44.59999847412109,44.79999923706055,279657
2020-12-15,44.79999923706055,44.79999923706055,44.150001525878906,44.20000076293945,436606
2020-12-16,44.20000076293945,45.0,44.20000076293945,45.0,347155
2020-12-17,45.0,45.04999923706055,44.70000076293945,45.0,290337
2020-12-18,45.150001525878906,45.45000076293945,45.09999847412109,45.45000076293945,565443
2020-12-21,45.650001525878906,47.650001525878906,45.20000076293945,47.400001525878906,1855432
2020-12-22,47.400001525878906,47.400001525878906,45.95000076293945,45.95000076293945,3389480
2020-12-23,45.95000076293945,46.0,45.45000076293945,45.59999847412109,603898
2020-12-24,45.95000076293945,46.0,45.45000076293945,45.5,511438
2020-12-25,45.900001525878906,45.900001525878906,45.25,45.54999923706055,742894
2020-12-28,45.650001525878906,46.400001525878906,45.400001525878906,46.20000076293945,813201
2020-12-29,46.34999847412109,48.34999847412109,46.34999847412109,47.54999923706055,3261267
2020-12-30,47.45000076293945,47.79999923706055,47.09999847412109,47.400001525878906,985459
2020-12-31,47.400001525878906,47.45000076293945,46.79999923706055,47.0,630895
2021-01-04,47.0,47.29999923706055,46.900001525878906,47.09999847412109,730280
2021-01-05,47.150001525878906,47.150001525878906,46.150001525878906,46.45000076293945,630937
2021-01-06,46.59999847412109,46.95000076293945,45.84999847412109,46.09999847412109,982010
2021-01-07,46.25,46.45000076293945,45.95000076293945,46.150001525878906,543653
2021-01-08,46.150001525878906,46.75,46.150001525878906,46.70000076293945,591821
2021-01-11,47.0,47.0,46.34999847412109,46.59999847412109,460037
2021-01-12,46.75,46.79999923706055,45.70000076293945,45.79999923706055,887502
2021-01-13,46.0,46.150001525878906,45.45000076293945,45.84999847412109,693336
2021-01-14,45.900001525878906,45.900001525878906,45.45000076293945,45.45000076293945,574501
2021-01-15,48.0,48.0,46.0,46.34999847412109,2384882
2021-01-18,46.29999923706055,46.29999923706055,45.04999923706055,45.59999847412109,814590
2021-01-19,45.59999847412109,45.70000076293945,45.29999923706055,45.400001525878906,611693
2021-01-20,45.29999923706055,45.29999923706055,43.900001525878906,43.95000076293945,1535813
2021-01-21,44.09999847412109,44.95000076293945,44.09999847412109,44.20000076293945,725552
2021-01-22,44.5,45.70000076293945,44.29999923706055,45.34999847412109,631265
2021-01-25,45.400001525878906,45.45000076293945,44.95000076293945,45.09999847412109,496058
2021-01-26,45.04999923706055,45.20000076293945,44.650001525878906,44.650001525878906,670769
2021-01-27,44.84999847412109,45.09999847412109,44.79999923706055,44.900001525878906,246642
2021-01-28,44.79999923706055,44.79999923706055,44.5,44.5,500609
2021-01-29,44.5,45.0,44.5,44.5,454394
2021-02-01,44.400001525878906,44.650001525878906,44.04999923706055,44.54999923706055,376145
2021-02-02,44.5,45.0,44.400001525878906,44.79999923706055,373966
2021-02-03,44.79999923706055,45.34999847412109,44.650001525878906,45.25,328134
2021-02-04,44.84999847412109,45.20000076293945,44.84999847412109,45.09999847412109,280866
2021-02-05,45.25,45.400001525878906,45.150001525878906,45.400001525878906,259311
2021-02-17,45.650001525878906,45.650001525878906,45.0,45.25,651344
2021-02-18,45.45000076293945,45.45000076293945,45.20000076293945,45.34999847412109,372166
2021-02-19,45.5,45.59999847412109,45.34999847412109,45.54999923706055,477770
2021-02-22,45.75,46.5,45.650001525878906,46.29999923706055,805648
2021-02-23,46.59999847412109,46.75,46.150001525878906,46.75,781224
2021-02-24,46.75,46.84999847412109,46.09999847412109,46.25,771026
2021-02-25,46.25,46.70000076293945,46.150001525878906,46.650001525878906,581086
2021-02-26,46.34999847412109,46.45000076293945,45.900001525878906,46.150001525878906,759302
2021-03-02,46.34999847412109,46.34999847412109,46.0,46.04999923706055,481385
2021-03-03,46.150001525878906,46.34999847412109,46.0,46.25,349619
2021-03-04,46.25,46.400001525878906,46.0,46.400001525878906,345382
2021-03-05,46.29999923706055,46.34999847412109,46.0,46.150001525878906,310222
2021-03-08,46.34999847412109,46.70000076293945,46.20000076293945,46.650001525878906,1041784
2021-03-09,47.5,48.20000076293945,47.04999923706055,47.04999923706055,2819624
2021-03-10,47.70000076293945,48.400001525878906,47.400001525878906,48.09999847412109,1942057
2021-03-11,48.09999847412109,48.5,47.70000076293945,47.79999923706055,1327962
2021-03-12,48.0,48.0,47.5,47.59999847412109,490507
2021-03-15,47.59999847412109,47.59999847412109,46.79999923706055,46.79999923706055,1342429
2021-03-16,46.95000076293945,47.34999847412109,46.95000076293945,47.20000076293945,528616
2021-03-17,47.25,47.34999847412109,47.04999923706055,47.04999923706055,552446
2021-03-18,47.09999847412109,47.5,47.09999847412109,47.400001525878906,501736
2021-03-19,47.5,47.5,47.0,47.29999923706055,578041
2021-03-22,47.29999923706055,47.29999923706055,47.0,47.20000076293945,608054
2021-03-23,47.29999923706055,47.5,47.0,47.04999923706055,503238
2021-03-24,47.0,47.04999923706055,46.79999923706055,46.79999923706055,536958
2021-03-25,46.84999847412109,47.0,46.75,47.0,403125
2021-03-26,47.5,47.5,47.04999923706055,47.150001525878906,667556
2021-03-29,47.25,47.29999923706055,46.900001525878906,47.150001525878906,848518
2021-03-30,47.09999847412109,47.150001525878906,46.95000076293945,47.09999847412109,909766
2021-03-31,47.20000076293945,47.59999847412109,47.150001525878906,47.54999923706055,910752
2021-04-01,47.400001525878906,47.5,47.20000076293945,47.400001525878906,438901
2021-04-07,47.25,47.34999847412109,47.150001525878906,47.34999847412109,580459
2021-04-08,47.34999847412109,47.79999923706055,47.25,47.650001525878906,716014
2021-04-09,47.79999923706055,47.84999847412109,47.5,47.54999923706055,634303
2021-04-12,48.04999923706055,48.29999923706055,47.79999923706055,48.0,1026389
2021-04-13,48.45000076293945,49.45000076293945,48.25,48.25,2131668
2021-04-14,48.5,48.900001525878906,47.79999923706055,48.650001525878906,1209545
2021-04-15,48.650001525878906,49.09999847412109,48.5,48.900001525878906,713112
2021-04-16,49.09999847412109,50.59999847412109,49.0,50.5,2324933
2021-04-19,51.400001525878906,52.0,50.79999923706055,51.70000076293945,2804016
2021-04-20,51.5,52.09999847412109,50.5,51.900001525878906,2057809
2021-04-21,54.0,55.79999923706055,53.59999847412109,54.5,7629184
2021-04-22,55.5,56.79999923706055,54.5,55.09999847412109,6208669
2021-04-23,55.29999923706055,55.70000076293945,53.400001525878906,54.79999923706055,3363024
2021-04-26,56.5,56.900001525878906,55.400001525878906,56.59999847412109,3644755
2021-04-27,56.70000076293945,57.59999847412109,55.70000076293945,57.59999847412109,3622019
2021-04-28,57.900001525878906,60.09999847412109,57.20000076293945,59.79999923706055,6441594
2021-04-29,59.59999847412109,59.70000076293945,57.400001525878906,58.0,4138154
2021-05-03,58.79999923706055,59.79999923706055,57.79999923706055,58.70000076293945,4488160
2021-05-04,59.0,59.400001525878906,55.09999847412109,56.400001525878906,4307924
2021-05-05,56.70000076293945,57.20000076293945,55.70000076293945,56.20000076293945,1276541
2021-05-06,56.400001525878906,56.79999923706055,55.59999847412109,56.20000076293945,1916186
2021-05-07,56.59999847412109,57.09999847412109,55.79999923706055,56.20000076293945,1180024
2021-05-10,57.20000076293945,59.0,56.900001525878906,59.0,2903993
2021-05-11,58.70000076293945,59.59999847412109,56.0,56.79999923706055,3540977
2021-05-12,56.0,57.0,51.20000076293945,51.29999923706055,4849770
2021-05-13,51.0,52.79999923706055,48.5,51.70000076293945,2359469
2021-05-14,52.59999847412109,52.79999923706055,50.0,51.29999923706055,1623470
2021-05-17,49.0,51.0,48.150001525878906,49.5,2527743
2021-05-18,51.0,53.59999847412109,50.0,53.29999923706055,2652370
2021-05-19,54.0,54.70000076293945,52.09999847412109,53.09999847412109,1967161
2021-05-20,52.70000076293945,54.09999847412109,52.70000076293945,53.0,1035101
2021-05-21,54.5,55.79999923706055,53.5,54.900001525878906,2378401
2021-05-24,55.0,56.900001525878906,54.79999923706055,55.59999847412109,2120496
2021-05-25,57.0,57.20000076293945,55.29999923706055,55.5,1548033
2021-05-26,56.0,59.09999847412109,55.0,57.70000076293945,3340668
2021-05-27,57.5,58.0,56.20000076293945,56.20000076293945,1431824
2021-05-28,57.0,57.09999847412109,56.0,56.5,860141
2021-05-31,56.70000076293945,57.09999847412109,56.5,56.900001525878906,1397353
2021-06-01,55.0,55.400001525878906,54.70000076293945,55.0,1063170
2021-06-02,55.0,57.20000076293945,54.29999923706055,56.900001525878906,2422104
2021-06-03,57.0,57.09999847412109,56.0,56.0,1208364
2021-06-04,55.70000076293945,55.79999923706055,54.79999923706055,54.79999923706055,789340
2021-06-07,54.79999923706055,55.20000076293945,53.09999847412109,53.79999923706055,680200
2021-06-08,54.400001525878906,54.79999923706055,53.70000076293945,54.29999923706055,549817
2021-06-09,54.70000076293945,54.79999923706055,53.20000076293945,53.5,755886
2021-06-10,53.900001525878906,54.0,52.79999923706055,53.20000076293945,750821
2021-06-11,53.0,53.5,53.0,53.20000076293945,533829
2021-06-15,53.20000076293945,53.20000076293945,52.400001525878906,52.70000076293945,803181
2021-06-16,52.70000076293945,52.70000076293945,51.79999923706055,51.900001525878906,1008854
2021-06-17,51.79999923706055,52.5,51.79999923706055,52.09999847412109,523025
2021-06-18,52.09999847412109,52.29999923706055,51.5,51.5,942792
2021-06-21,51.29999923706055,51.79999923706055,51.0,51.79999923706055,918203
2021-06-22,51.70000076293945,51.900001525878906,51.29999923706055,51.70000076293945,714627
2021-06-23,51.900001525878906,52.29999923706055,51.5,52.29999923706055,629329
2021-06-24,52.0,52.29999923706055,51.79999923706055,52.09999847412109,660100
2021-06-25,52.20000076293945,52.20000076293945,51.59999847412109,51.70000076293945,721016
2021-06-28,51.70000076293945,51.70000076293945,50.900001525878906,51.20000076293945,1009157
2021-06-29,51.09999847412109,51.20000076293945,50.79999923706055,50.900001525878906,675276
2021-06-30,50.900001525878906,51.400001525878906,50.900001525878906,51.09999847412109,662314
2021-07-01,51.20000076293945,52.400001525878906,51.20000076293945,51.400001525878906,869159
2021-07-02,51.79999923706055,52.0,51.5,51.79999923706055,538558
2021-07-05,52.20000076293945,52.20000076293945,50.70000076293945,51.09999847412109,2218196
2021-07-06,51.09999847412109,51.29999923706055,50.79999923706055,50.900001525878906,674827
2021-07-07,50.900001525878906,51.29999923706055,50.79999923706055,51.09999847412109,506754
2021-07-08,51.59999847412109,51.79999923706055,51.20000076293945,51.70000076293945,563988
2021-07-09,51.70000076293945,51.70000076293945,51.09999847412109,51.59999847412109,504768
2021-07-12,51.59999847412109,51.70000076293945,51.20000076293945,51.59999847412109,551913
2021-07-13,51.59999847412109,51.900001525878906,51.5,51.59999847412109,627062
2021-07-14,51.59999847412109,51.70000076293945,51.29999923706055,51.5,532129
2021-07-15,51.59999847412109,52.29999923706055,51.5,52.29999923706055,816917
2021-07-16,52.400001525878906,53.20000076293945,52.0,52.400001525878906,1397995
2021-07-19,52.400001525878906,52.5,51.59999847412109,51.900001525878906,593428
2021-07-20,51.70000076293945,52.0,51.09999847412109,51.20000076293945,572223
2021-07-21,52.09999847412109,52.09999847412109,51.20000076293945,51.5,780216
2021-07-22,51.59999847412109,51.79999923706055,51.0,51.20000076293945,416076
2021-07-23,51.400001525878906,51.59999847412109,51.09999847412109,51.29999923706055,404740
2021-07-26,51.400001525878906,51.59999847412109,51.20000076293945,51.400001525878906,276808
2021-07-27,51.400001525878906,51.59999847412109,51.09999847412109,51.09999847412109,272208
2021-07-28,51.0,51.20000076293945,50.09999847412109,50.5,677164
2021-07-29,50.5,51.20000076293945,50.5,51.20000076293945,211070
2021-07-30,50.79999923706055,51.0,50.400001525878906,50.5,397310
2021-08-02,50.900001525878906,50.900001525878906,50.29999923706055,50.79999923706055,186166
2021-08-03,50.79999923706055,50.900001525878906,50.400001525878906,50.59999847412109,239850
2021-08-04,50.59999847412109,50.79999923706055,50.5,50.70000076293945,242084
2021-08-05,50.70000076293945,50.79999923706055,50.09999847412109,50.20000076293945,608122
2021-08-06,50.29999923706055,50.400001525878906,49.84999847412109,50.0,465102
2021-08-09,50.0,50.0,49.25,49.5,596576
2021-08-10,49.5,49.5,48.54999923706055,48.70000076293945,1114004
2021-08-11,48.650001525878906,49.20000076293945,48.5,48.59999847412109,472522
2021-08-12,48.59999847412109,49.29999923706055,48.59999847412109,49.25,246804
2021-08-13,49.25,49.29999923706055,48.34999847412109,48.54999923706055,555290
2021-08-16,48.29999923706055,48.29999923706055,47.59999847412109,47.84999847412109,438000
2021-08-17,47.84999847412109,48.20000076293945,47.84999847412109,47.84999847412109,270315
2021-08-18,47.84999847412109,47.84999847412109,47.34999847412109,47.75,479226
2021-08-19,47.70000076293945,47.70000076293945,47.0,47.04999923706055,484099
2021-08-20,47.04999923706055,47.04999923706055,46.34999847412109,46.75,441769
2021-08-23,46.900001525878906,47.75,46.900001525878906,47.75,252103
2021-08-24,48.59999847412109,49.29999923706055,48.20000076293945,48.650001525878906,559504
2021-08-25,48.650001525878906,48.900001525878906,48.45000076293945,48.70000076293945,162206
2021-08-26,48.5,48.75,48.400001525878906,48.59999847412109,173645
2021-08-27,48.5,48.84999847412109,48.400001525878906,48.650001525878906,153001
2021-08-30,48.400001525878906,48.79999923706055,48.400001525878906,48.70000076293945,157107
2021-08-31,48.70000076293945,48.79999923706055,48.400001525878906,48.75,243136
2021-09-01,48.75,49.150001525878906,48.75,48.900001525878906,239603
2021-09-02,48.900001525878906,48.900001525878906,48.5,48.54999923706055,213271
2021-09-03,48.54999923706055,49.20000076293945,48.54999923706055,49.09999847412109,274889
2021-09-06,49.59999847412109,49.59999847412109,48.5,48.59999847412109,307670
2021-09-07,48.59999847412109,48.59999847412109,48.29999923706055,48.400001525878906,141195
2021-09-08,48.400001525878906,48.400001525878906,47.5,47.54999923706055,454529
2021-09-09,47.59999847412109,47.70000076293945,47.20000076293945,47.59999847412109,200101
2021-09-10,47.54999923706055,47.900001525878906,47.54999923706055,47.70000076293945,232116
2021-09-13,47.70000076293945,47.75,47.34999847412109,47.70000076293945,308547
2021-09-14,47.79999923706055,48.650001525878906,47.79999923706055,48.54999923706055,320167
2021-09-15,48.650001525878906,48.79999923706055,48.29999923706055,48.79999923706055,222417
2021-09-16,48.84999847412109,48.84999847412109,48.59999847412109,48.79999923706055,224008
2021-09-17,48.59999847412109,48.70000076293945,48.34999847412109,48.45000076293945,150279
2021-09-22,47.70000076293945,48.0,47.650001525878906,47.95000076293945,307058
2021-09-23,48.0,48.20000076293945,47.95000076293945,48.09999847412109,111011
2021-09-24,48.150001525878906,48.45000076293945,47.95000076293945,48.0,250210
2021-09-27,48.0,48.79999923706055,48.0,48.59999847412109,347594
2021-09-28,48.75,49.59999847412109,48.70000076293945,49.45000076293945,1290251
2021-09-29,49.70000076293945,49.70000076293945,48.59999847412109,48.650001525878906,834071
2021-09-30,48.900001525878906,49.09999847412109,48.04999923706055,49.04999923706055,997101
2021-10-01,49.0,50.70000076293945,48.59999847412109,49.29999923706055,1383614
2021-10-04,49.95000076293945,50.900001525878906,49.54999923706055,50.70000076293945,2151850
2021-10-05,50.400001525878906,50.400001525878906,49.150001525878906,50.29999923706055,984600
2021-10-06,50.59999847412109,50.59999847412109,49.54999923706055,49.59999847412109,616901
2021-10-07,50.0,50.5,49.900001525878906,50.0,611103
2021-10-08,50.70000076293945,50.70000076293945,49.59999847412109,50.09999847412109,554157
2021-10-12,49.70000076293945,50.59999847412109,49.54999923706055,50.400001525878906,532118
2021-10-13,50.59999847412109,50.70000076293945,49.900001525878906,49.900001525878906,509300
2021-10-14,50.09999847412109,50.400001525878906,49.70000076293945,49.79999923706055,317038
2021-10-15,50.09999847412109,50.09999847412109,49.400001525878906,49.84999847412109,385616
2021-10-18,50.0,50.5,49.59999847412109,50.20000076293945,415391
2021-10-19,50.59999847412109,51.29999923706055,50.5,51.09999847412109,1126563
2021-10-20,52.0,52.400001525878906,51.5,51.79999923706055,2032704
2021-10-21,51.0,51.20000076293945,50.09999847412109,51.20000076293945,2228752
2021-10-22,50.79999923706055,50.79999923706055,49.79999923706055,49.79999923706055,1338054
2021-10-25,49.70000076293945,50.20000076293945,49.70000076293945,49.79999923706055,383801
2021-10-26,49.75,49.95000076293945,49.650001525878906,49.79999923706055,469901
2021-10-27,49.70000076293945,49.75,49.09999847412109,49.09999847412109,913675
2021-10-28,49.0,49.0,48.650001525878906,48.70000076293945,686100
2021-10-29,48.75,48.79999923706055,48.20000076293945,48.400001525878906,785014
2021-11-01,48.29999923706055,48.59999847412109,48.25,48.45000076293945,601190
2021-11-02,48.45000076293945,49.04999923706055,48.45000076293945,48.650001525878906,517315
2021-11-03,48.75,49.150001525878906,48.75,49.04999923706055,325699
2021-11-04,49.25,49.34999847412109,49.09999847412109,49.25,293468
2021-11-05,49.29999923706055,49.29999923706055,48.900001525878906,49.0,236002
2021-11-08,49.0,49.04999923706055,48.84999847412109,48.900001525878906,282104
2021-11-09,49.0,49.0,48.54999923706055,48.70000076293945,305053
2021-11-10,48.70000076293945,49.04999923706055,48.650001525878906,48.79999923706055,193102
2021-11-11,48.70000076293945,48.75,48.45000076293945,48.59999847412109,343152
2021-11-12,48.59999847412109,48.84999847412109,48.5,48.75,176050
2021-11-15,48.70000076293945,48.900001525878906,48.59999847412109,48.70000076293945,300543
2021-11-16,48.70000076293945,48.95000076293945,48.650001525878906,48.95000076293945,177526
2021-11-17,48.84999847412109,48.95000076293945,48.79999923706055,48.95000076293945,314408
2021-11-18,48.79999923706055,48.95000076293945,48.70000076293945,48.95000076293945,308316
2021-11-19,48.95000076293945,49.29999923706055,48.95000076293945,49.09999847412109,268306
2021-11-22,49.09999847412109,49.09999847412109,48.79999923706055,48.84999847412109,252334
2021-11-23,48.900001525878906,49.79999923706055,48.84999847412109,49.75,895353
2021-11-24,49.75,50.20000076293945,49.25,49.54999923706055,617544
2021-11-25,49.59999847412109,49.900001525878906,49.45000076293945,49.84999847412109,407361
2021-11-26,49.84999847412109,50.20000076293945,49.45000076293945,49.79999923706055,648090
2021-11-29,49.20000076293945,49.59999847412109,48.95000076293945,49.400001525878906,479408
2021-11-30,49.45000076293945,49.79999923706055,49.04999923706055,49.04999923706055,522110
2021-12-01,49.400001525878906,49.400001525878906,48.84999847412109,49.04999923706055,263496
2021-12-02,48.95000076293945,49.04999923706055,48.70000076293945,48.79999923706055,216715
2021-12-03,48.650001525878906,49.09999847412109,48.650001525878906,49.04999923706055,213007
2021-12-06,49.09999847412109,49.150001525878906,48.70000076293945,48.900001525878906,204052
2021-12-07,48.84999847412109,49.09999847412109,48.84999847412109,48.900001525878906,285722
2021-12-08,49.25,49.25,48.84999847412109,49.09999847412109,223448
2021-12-09,49.150001525878906,49.29999923706055,49.0,49.09999847412109,167909
2021-12-10,49.09999847412109,49.20000076293945,48.900001525878906,49.04999923706055,256001
2021-12-13,49.04999923706055,49.20000076293945,49.04999923706055,49.150001525878906,250142
2021-12-14,49.150001525878906,49.20000076293945,49.0,49.04999923706055,250194
2021-12-15,49.04999923706055,49.25,49.0,49.04999923706055,271002
2021-12-16,49.29999923706055,49.5,49.09999847412109,49.400001525878906,254251
2021-12-17,49.5,49.59999847412109,49.29999923706055,49.34999847412109,206209
2021-12-20,49.34999847412109,49.5,49.150001525878906,49.25,173465
2021-12-21,49.25,49.45000076293945,49.09999847412109,49.45000076293945,292123
2021-12-22,49.29999923706055,49.45000076293945,49.29999923706055,49.29999923706055,248552
2021-12-23,49.400001525878906,49.400001525878906,49.20000076293945,49.29999923706055,216002
2021-12-24,49.20000076293945,49.45000076293945,49.150001525878906,49.29999923706055,230261
2021-12-27,49.400001525878906,49.84999847412109,49.34999847412109,49.75,396467
2021-12-28,50.29999923706055,50.70000076293945,50.0,50.09999847412109,980728
2021-12-29,50.29999923706055,50.400001525878906,50.0,50.09999847412109,574528
2021-12-30,50.5,50.5,50.0,50.20000076293945,356002
2022-01-03,50.29999923706055,50.29999923706055,49.650001525878906,49.70000076293945,451157
2022-01-04,49.70000076293945,49.70000076293945,49.34999847412109,49.5,377004
2022-01-05,49.400001525878906,49.84999847412109,49.400001525878906,49.79999923706055,285201
2022-01-06,49.5,49.84999847412109,49.45000076293945,49.75,144214
2022-01-07,49.84999847412109,50.09999847412109,49.70000076293945,49.75,305185
2022-01-10,49.70000076293945,49.900001525878906,49.400001525878906,49.75,205340
2022-01-11,50.0,50.0,49.79999923706055,49.95000076293945,262374
2022-01-12,50.09999847412109,50.09999847412109,49.900001525878906,49.95000076293945,251061
2022-01-13,50.0,50.09999847412109,49.900001525878906,50.0,368368
2022-01-14,50.29999923706055,50.29999923706055,49.54999923706055,49.900001525878906,391463
2022-01-17,49.84999847412109,49.84999847412109,49.400001525878906,49.400001525878906,465286
2022-01-18,49.79999923706055,49.79999923706055,49.34999847412109,49.400001525878906,435029
2022-01-19,49.45000076293945,49.45000076293945,49.25,49.25,265002
2022-01-20,49.25,49.45000076293945,49.150001525878906,49.20000076293945,224158
2022-01-21,49.79999923706055,50.29999923706055,49.29999923706055,49.400001525878906,842345
2022-01-24,49.20000076293945,49.20000076293945,48.59999847412109,49.0,594302
2022-01-25,48.95000076293945,48.95000076293945,48.54999923706055,48.70000076293945,408550
2022-01-26,48.54999923706055,48.79999923706055,48.400001525878906,48.75,463343
2022-02-07,49.0,49.900001525878906,48.900001525878906,49.79999923706055,454455
2022-02-08,49.900001525878906,50.0,49.79999923706055,49.900001525878906,360324
2022-02-09,49.95000076293945,50.0,49.650001525878906,49.95000076293945,558068
2022-02-10,49.900001525878906,50.0,49.84999847412109,50.0,300078
2022-02-11,49.95000076293945,50.29999923706055,49.900001525878906,50.0,462344
2022-02-14,50.0,50.0,49.75,49.84999847412109,306065
2022-02-15,50.0,50.0,49.900001525878906,50.0,261134
2022-02-16,50.09999847412109,50.09999847412109,49.79999923706055,50.0,319512
2022-02-17,50.0,50.20000076293945,49.900001525878906,50.09999847412109,407473
2022-02-18,50.0,50.5,49.900001525878906,50.400001525878906,525547
2022-02-21,50.20000076293945,50.400001525878906,50.09999847412109,50.29999923706055,377090
2022-02-22,50.09999847412109,50.29999923706055,49.59999847412109,49.75,414206
2022-02-23,50.0,50.0,49.650001525878906,49.650001525878906,216250
2022-02-24,49.79999923706055,49.79999923706055,48.95000076293945,49.0,563223
2022-02-25,49.0,49.29999923706055,48.84999847412109,49.0,417133
2022-03-01,49.400001525878906,49.84999847412109,49.09999847412109,49.70000076293945,280132
2022-03-02,49.79999923706055,49.79999923706055,49.5,49.59999847412109,219262
2022-03-03,49.59999847412109,49.79999923706055,49.20000076293945,49.45000076293945,412040
2022-03-04,49.34999847412109,49.34999847412109,49.20000076293945,49.25,358189
2022-03-07,49.0,49.04999923706055,48.54999923706055,48.70000076293945,594272
2022-03-08,48.70000076293945,48.84999847412109,47.900001525878906,48.04999923706055,642579
2022-03-09,48.04999923706055,48.45000076293945,48.04999923706055,48.20000076293945,458112
2022-03-10,49.150001525878906,49.150001525878906,48.29999923706055,48.400001525878906,388261
2022-03-11,48.5,48.70000076293945,48.400001525878906,48.5,153006
2022-03-14,48.5,48.70000076293945,48.400001525878906,48.70000076293945,199920
2022-03-15,48.70000076293945,48.70000076293945,48.150001525878906,48.20000076293945,320233
2022-03-16,48.5,48.5,47.95000076293945,48.25,430011
2022-03-17,48.5,48.79999923706055,48.45000076293945,48.650001525878906,243518
2022-03-18,48.84999847412109,49.150001525878906,48.5,49.150001525878906,479763
2022-03-21,49.150001525878906,49.20000076293945,48.900001525878906,48.95000076293945,271612
2022-03-22,48.79999923706055,48.95000076293945,48.59999847412109,48.79999923706055,309168
2022-03-23,48.79999923706055,49.0,48.54999923706055,48.650001525878906,427017
2022-03-24,48.650001525878906,48.75,48.5,48.54999923706055,207600
2022-03-25,48.54999923706055,48.95000076293945,48.5,48.900001525878906,259943
2022-03-28,48.70000076293945,48.79999923706055,48.45000076293945,48.650001525878906,384045
2022-03-29,48.650001525878906,48.70000076293945,48.45000076293945,48.650001525878906,232215
2022-03-30,48.79999923706055,48.900001525878906,48.650001525878906,48.84999847412109,236215
2022-03-31,48.84999847412109,48.900001525878906,48.70000076293945,48.70000076293945,149143
2022-04-01,48.70000076293945,48.70000076293945,48.54999923706055,48.59999847412109,142362
2022-04-06,48.59999847412109,48.70000076293945,48.45000076293945,48.70000076293945,170113
2022-04-07,48.70000076293945,48.70000076293945,48.400001525878906,48.400001525878906,292336
2022-04-08,48.54999923706055,48.54999923706055,48.400001525878906,48.400001525878906,154472
2022-04-11,48.5,48.5,48.09999847412109,48.150001525878906,212535
2022-04-12,48.09999847412109,48.20000076293945,47.79999923706055,47.900001525878906,244501
2022-04-13,47.900001525878906,48.29999923706055,47.900001525878906,48.25,196144
2022-04-14,48.29999923706055,48.400001525878906,48.150001525878906,48.25,226663
2022-04-15,48.25,50.20000076293945,48.20000076293945,49.650001525878906,1742533
2022-04-18,49.650001525878906,49.650001525878906,48.59999847412109,48.59999847412109,547386
2022-04-19,49.20000076293945,49.20000076293945,48.95000076293945,49.0,329232
2022-04-20,49.150001525878906,49.900001525878906,49.150001525878906,49.54999923706055,645405
2022-04-21,49.54999923706055,49.54999923706055,49.20000076293945,49.20000076293945,462311
2022-04-22,49.04999923706055,49.20000076293945,48.75,49.0,260840
2022-04-25,48.79999923706055,48.79999923706055,48.25,48.25,333668
2022-04-26,48.25,48.5,48.04999923706055,48.09999847412109,252662
2022-04-27,47.79999923706055,47.79999923706055,46.900001525878906,47.09999847412109,768290
2022-04-28,47.34999847412109,48.75,47.25,48.5,403092
2022-04-29,48.75,48.75,47.59999847412109,47.75,446154
2022-05-03,47.900001525878906,48.09999847412109,47.79999923706055,47.900001525878906,227425
2022-05-04,47.95000076293945,47.95000076293945,47.75,47.84999847412109,155006
2022-05-05,48.150001525878906,48.150001525878906,47.79999923706055,47.84999847412109,244009
2022-05-06,47.54999923706055,47.650001525878906,47.5,47.54999923706055,217011
2022-05-09,47.25,47.25,46.54999923706055,46.650001525878906,403795
2022-05-10,46.20000076293945,46.70000076293945,46.150001525878906,46.70000076293945,198000
2022-05-11,46.59999847412109,46.650001525878906,46.150001525878906,46.150001525878906,276057
2022-05-12,46.20000076293945,46.20000076293945,45.150001525878906,45.150001525878906,538153
2022-05-13,45.150001525878906,45.84999847412109,45.150001525878906,45.79999923706055,287094
2022-05-16,46.04999923706055,46.70000076293945,45.70000076293945,46.0,376462
2022-05-17,46.5,46.650001525878906,46.29999923706055,46.29999923706055,174296
2022-05-18,46.400001525878906,46.900001525878906,46.400001525878906,46.59999847412109,140349
2022-05-19,46.29999923706055,46.650001525878906,45.95000076293945,46.54999923706055,214002
2022-05-20,46.59999847412109,46.900001525878906,46.5,46.70000076293945,118616
2022-05-23,46.79999923706055,46.95000076293945,46.59999847412109,46.84999847412109,152120
2022-05-24,46.70000076293945,46.70000076293945,46.25,46.25,163847
2022-05-25,46.29999923706055,46.29999923706055,46.04999923706055,46.09999847412109,345111
2022-05-26,46.150001525878906,46.400001525878906,46.0,46.0,199053
2022-05-27,46.29999923706055,46.5,46.29999923706055,46.29999923706055,158240
2022-05-30,46.54999923706055,47.0,46.400001525878906,46.95000076293945,275850
2022-05-31,47.0,47.650001525878906,47.0,47.5,648452
2022-06-01,47.5,47.900001525878906,47.5,47.70000076293945,839457
2022-06-02,45.5,45.95000076293945,45.34999847412109,45.900001525878906,623868
2022-06-06,46.0,46.59999847412109,45.95000076293945,45.95000076293945,354301
2022-06-07,46.29999923706055,46.29999923706055,46.0,46.0,183637
2022-06-08,46.34999847412109,46.34999847412109,45.79999923706055,45.84999847412109,247751
2022-06-09,45.84999847412109,46.09999847412109,45.84999847412109,45.900001525878906,127155
2022-06-10,45.70000076293945,45.95000076293945,45.54999923706055,45.95000076293945,105666
2022-06-13,45.54999923706055,45.70000076293945,45.400001525878906,45.5,182026
2022-06-14,45.54999923706055,45.79999923706055,45.5,45.75,162142
2022-06-15,46.04999923706055,46.20000076293945,45.900001525878906,46.04999923706055,308578
2022-06-16,46.34999847412109,46.34999847412109,45.95000076293945,46.0,223075
2022-06-17,45.900001525878906,45.900001525878906,45.04999923706055,45.04999923706055,354296
2022-06-20,45.29999923706055,45.900001525878906,45.29999923706055,45.34999847412109,245003
2022-06-21,45.54999923706055,46.09999847412109,45.5,46.04999923706055,267143
2022-06-22,46.20000076293945,46.20000076293945,45.400001525878906,45.54999923706055,226295
2022-06-23,46.0,46.25,45.70000076293945,46.09999847412109,395495
2022-06-24,46.150001525878906,46.59999847412109,45.79999923706055,46.45000076293945,337986
2022-06-27,46.5,46.70000076293945,46.25,46.25,359165
2022-06-28,46.45000076293945,46.45000076293945,46.04999923706055,46.20000076293945,107120
2022-06-29,45.54999923706055,46.150001525878906,45.54999923706055,46.150001525878906,196085
2022-06-30,45.54999923706055,45.75,45.400001525878906,45.70000076293945,292313
2022-07-01,45.79999923706055,45.79999923706055,44.95000076293945,45.150001525878906,248095
2022-07-04,45.5,45.59999847412109,45.09999847412109,45.20000076293945,196382
2022-07-05,45.5,45.95000076293945,45.400001525878906,45.95000076293945,239033
2022-07-06,46.0,46.0,45.150001525878906,45.25,247100
2022-07-07,45.75,45.84999847412109,45.25,45.5,121016
2022-07-08,45.5,45.75,45.25,45.29999923706055,82136
2022-07-11,45.5,45.5,45.20000076293945,45.25,59000
2022-07-12,45.04999923706055,45.04999923706055,44.09999847412109,44.150001525878906,196050
2022-07-13,44.400001525878906,44.900001525878906,44.400001525878906,44.84999847412109,144377
2022-07-14,44.84999847412109,44.84999847412109,44.5,44.650001525878906,74135
2022-07-15,44.59999847412109,44.59999847412109,44.0,44.04999923706055,296240
2022-07-18,43.79999923706055,44.34999847412109,43.54999923706055,44.20000076293945,142709
2022-07-19,44.0,44.45000076293945,43.95000076293945,44.20000076293945,113272
2022-07-20,44.79999923706055,45.0,44.5,44.79999923706055,291325
2022-07-21,44.79999923706055,45.59999847412109,44.79999923706055,45.400001525878906,229421
2022-07-22,44.95000076293945,45.20000076293945,44.650001525878906,44.84999847412109,300045
2022-07-25,44.70000076293945,45.09999847412109,44.650001525878906,45.04999923706055,63202
2022-07-26,45.04999923706055,45.20000076293945,44.900001525878906,44.95000076293945,76749
2022-07-27,44.95000076293945,45.25,44.95000076293945,45.09999847412109,131122
2022-07-28,45.0,45.29999923706055,44.54999923706055,44.900001525878906,160101
2022-07-29,44.84999847412109,45.20000076293945,44.79999923706055,45.20000076293945,155167
2022-08-01,45.0,45.150001525878906,44.84999847412109,45.04999923706055,79000
2022-08-02,44.84999847412109,45.0,44.650001525878906,44.70000076293945,173400
2022-08-03,44.70000076293945,44.70000076293945,44.25,44.34999847412109,116503
2022-08-04,44.34999847412109,44.34999847412109,43.79999923706055,43.95000076293945,189003
2022-08-05,44.5,44.75,44.45000076293945,44.650001525878906,124200
2022-08-08,44.650001525878906,44.95000076293945,44.25,44.95000076293945,150509
2022-08-09,44.95000076293945,46.09999847412109,44.95000076293945,45.75,426130
2022-08-10,45.45000076293945,45.95000076293945,45.45000076293945,45.75,185002
2022-08-11,45.900001525878906,45.900001525878906,45.45000076293945,45.5,147230
2022-08-12,45.5,45.70000076293945,45.34999847412109,45.45000076293945,145001
2022-08-15,45.45000076293945,45.75,45.34999847412109,45.650001525878906,131908
2022-08-16,45.54999923706055,45.59999847412109,45.5,45.5,43321
2022-08-17,45.59999847412109,45.95000076293945,45.59999847412109,45.650001525878906,225002
2022-08-18,45.54999923706055,45.95000076293945,45.45000076293945,45.5,157001
2022-08-19,45.5,46.20000076293945,45.400001525878906,46.20000076293945,234001
2022-08-22,45.79999923706055,46.5,45.79999923706055,46.45000076293945,193000
2022-08-23,45.79999923706055,46.400001525878906,45.70000076293945,46.25,235001
2022-08-24,46.29999923706055,46.59999847412109,46.20000076293945,46.45000076293945,336069
2022-08-25,46.5,46.900001525878906,46.34999847412109,46.54999923706055,384003
2022-08-26,46.650001525878906,46.650001525878906,46.29999923706055,46.400001525878906,281001
2022-08-29,45.900001525878906,46.25,45.650001525878906,46.0,166069
2022-08-30,46.0,46.0,45.900001525878906,45.900001525878906,89050
2022-08-31,45.95000076293945,46.25,45.79999923706055,45.95000076293945,195876
2022-09-01,45.84999847412109,45.900001525878906,45.25,45.5,191000
2022-09-02,45.650001525878906,45.95000076293945,45.5,45.84999847412109,68000
2022-09-05,46.0,46.0,45.29999923706055,45.29999923706055,94002
2022-09-06,45.45000076293945,45.45000076293945,44.900001525878906,45.29999923706055,151500
2022-09-07,45.20000076293945,45.20000076293945,44.79999923706055,45.09999847412109,152430
2022-09-08,45.20000076293945,45.79999923706055,44.75,45.75,189208
2022-09-12,45.75,46.29999923706055,45.59999847412109,46.25,213511
2022-09-13,46.29999923706055,46.29999923706055,46.0,46.0,73500
2022-09-14,45.45000076293945,45.95000076293945,45.29999923706055,45.34999847412109,200840
2022-09-15,45.20000076293945,46.0,45.09999847412109,45.5,103786
2022-09-16,45.20000076293945,45.5,45.09999847412109,45.400001525878906,54750
2022-09-19,45.400001525878906,45.400001525878906,45.0,45.150001525878906,48022
2022-09-20,45.20000076293945,45.25,45.0,45.09999847412109,57022
2022-09-21,44.79999923706055,44.79999923706055,44.5,44.5,298158
2022-09-22,44.5,44.5,44.0,44.20000076293945,170021
2022-09-23,44.5,44.54999923706055,44.20000076293945,44.34999847412109,95017
2022-09-26,44.34999847412109,44.34999847412109,43.70000076293945,43.75,167050
2022-09-27,43.5,43.650001525878906,43.45000076293945,43.5,130034
2022-09-28,43.70000076293945,43.70000076293945,42.5,42.70000076293945,214053
2022-09-29,42.5,45.0,42.5,44.09999847412109,388585
2022-09-30,44.09999847412109,44.79999923706055,43.29999923706055,44.59999847412109,207001
2022-10-03,44.59999847412109,44.59999847412109,44.0,44.04999923706055,85131
2022-10-04,44.09999847412109,44.400001525878906,43.84999847412109,43.95000076293945,49161
2022-10-05,43.79999923706055,44.0,43.70000076293945,43.70000076293945,85001
2022-10-06,43.70000076293945,43.70000076293945,43.34999847412109,43.5,79000
2022-10-07,43.150001525878906,43.400001525878906,43.09999847412109,43.20000076293945,131000
2022-10-11,43.20000076293945,43.400001525878906,42.54999923706055,42.95000076293945,147112
2022-10-12,42.79999923706055,43.0,42.70000076293945,42.900001525878906,75002
2022-10-13,42.84999847412109,43.29999923706055,42.5,42.54999923706055,205030
2022-10-14,42.59999847412109,42.95000076293945,42.59999847412109,42.79999923706055,84443
2022-10-17,42.79999923706055,42.84999847412109,42.29999923706055,42.70000076293945,128207
2022-10-18,42.70000076293945,43.54999923706055,42.70000076293945,43.400001525878906,177588
2022-10-19,43.400001525878906,43.45000076293945,42.900001525878906,42.900001525878906,101325
2022-10-20,43.0,43.29999923706055,42.650001525878906,43.29999923706055,111325
2022-10-21,43.29999923706055,43.29999923706055,43.0,43.0,48295
2022-10-24,43.400001525878906,43.900001525878906,43.20000076293945,43.79999923706055,100102
2022-10-25,43.70000076293945,43.79999923706055,43.20000076293945,43.20000076293945,151002
2022-10-26,43.54999923706055,43.54999923706055,43.150001525878906,43.400001525878906,104027
2022-10-27,43.54999923706055,43.59999847412109,43.34999847412109,43.59999847412109,84017
2022-10-28,43.5,43.59999847412109,43.25,43.25,57136
2022-10-31,43.09999847412109,43.5,43.04999923706055,43.29999923706055,92423
2022-11-01,43.400001525878906,43.54999923706055,43.150001525878906,43.150001525878906,72050
2022-11-02,43.150001525878906,43.900001525878906,43.150001525878906,43.84999847412109,157024
2022-11-03,43.5,44.400001525878906,43.5,44.09999847412109,126105
2022-11-04,44.0,44.09999847412109,43.84999847412109,44.09999847412109,58001
2022-11-07,44.150001525878906,44.70000076293945,44.09999847412109,44.59999847412109,169054
2022-11-08,44.59999847412109,45.04999923706055,44.59999847412109,44.79999923706055,163108
2022-11-09,45.0,45.5,44.95000076293945,45.400001525878906,271601
2022-11-10,45.400001525878906,45.54999923706055,45.29999923706055,45.400001525878906,102108
2022-11-11,45.59999847412109,45.59999847412109,44.70000076293945,44.70000076293945,159046
2022-11-14,45.5,45.5,44.75,44.95000076293945,171084
2022-11-15,45.0,45.0,44.34999847412109,44.70000076293945,137000
2022-11-16,44.79999923706055,44.79999923706055,43.5,43.59999847412109,270200
2022-11-17,43.59999847412109,44.150001525878906,43.59999847412109,43.84999847412109,87252
2022-11-18,44.29999923706055,44.29999923706055,43.70000076293945,43.84999847412109,80000
2022-11-21,44.400001525878906,44.400001525878906,43.900001525878906,44.150001525878906,53214
2022-11-22,44.150001525878906,44.150001525878906,43.54999923706055,43.650001525878906,112137
2022-11-23,43.84999847412109,43.84999847412109,43.34999847412109,43.5,109157
2022-11-24,44.20000076293945,44.70000076293945,43.84999847412109,44.5,300172
2022-11-25,44.5,44.75,44.04999923706055,44.04999923706055,131266
2022-11-28,44.34999847412109,44.34999847412109,43.84999847412109,44.09999847412109,135325
2022-11-29,44.29999923706055,44.59999847412109,44.09999847412109,44.5,163568
2022-11-30,44.5,45.20000076293945,44.45000076293945,45.20000076293945,282116
2022-12-01,45.20000076293945,45.75,45.20000076293945,45.20000076293945,326627
2022-12-02,44.09999847412109,45.20000076293945,44.09999847412109,45.09999847412109,243617
2022-12-05,45.09999847412109,45.25,44.70000076293945,44.75,153010
2022-12-06,44.95000076293945,45.0,44.20000076293945,44.20000076293945,120051
2022-12-07,44.29999923706055,44.70000076293945,44.150001525878906,44.5,114164
2022-12-08,44.5,44.5,44.20000076293945,44.25,106260
2022-12-09,44.29999923706055,44.79999923706055,44.29999923706055,44.650001525878906,75086
2022-12-12,44.79999923706055,44.79999923706055,44.34999847412109,44.5,86000
2022-12-13,44.5,45.0,44.5,44.900001525878906,120003
2022-12-14,45.09999847412109,45.29999923706055,44.75,44.900001525878906,145458
2022-12-15,45.04999923706055,45.25,44.79999923706055,44.900001525878906,212026
2022-12-16,44.59999847412109,45.0,44.25,44.25,277550
2022-12-19,44.25,45.70000076293945,44.25,45.650001525878906,506721
2022-12-20,45.5,45.70000076293945,44.79999923706055,45.09999847412109,348045
2022-12-21,45.09999847412109,45.09999847412109,44.75,44.79999923706055,164391
2022-12-22,45.0,45.20000076293945,44.900001525878906,45.20000076293945,84047
2022-12-23,44.75,45.29999923706055,44.70000076293945,44.79999923706055,73001
2022-12-26,44.79999923706055,44.79999923706055,44.45000076293945,44.75,61703
2022-12-27,44.95000076293945,44.95000076293945,44.5,44.70000076293945,97337
2022-12-28,44.70000076293945,45.150001525878906,44.650001525878906,45.150001525878906,155132
2022-12-29,45.04999923706055,45.29999923706055,44.34999847412109,45.09999847412109,265020
2022-12-30,45.09999847412109,45.59999847412109,44.79999923706055,45.5,268669
2023-01-03,45.400001525878906,45.400001525878906,45.04999923706055,45.150001525878906,63175
2023-01-04,45.0,45.04999923706055,44.75,44.900001525878906,79572
2023-01-05,44.900001525878906,45.0,44.70000076293945,45.0,107469
2023-01-06,45.400001525878906,45.400001525878906,44.650001525878906,44.70000076293945,259010
2023-01-09,44.75,45.09999847412109,44.650001525878906,45.09999847412109,367569
2023-01-10,45.09999847412109,45.29999923706055,44.5,45.29999923706055,181302
2023-01-11,45.29999923706055,45.29999923706055,44.95000076293945,45.150001525878906,171222
2023-01-12,45.150001525878906,45.34999847412109,44.79999923706055,45.29999923706055,146189
2023-01-13,45.29999923706055,45.29999923706055,45.04999923706055,45.150001525878906,126522
2023-01-16,45.29999923706055,45.29999923706055,45.0,45.20000076293945,70045
2023-01-17,45.20000076293945,45.34999847412109,45.09999847412109,45.34999847412109,94210
2023-01-30,45.5,45.70000076293945,45.5,45.5,230083
2023-01-31,45.5,45.70000076293945,45.5,45.70000076293945,160777
2023-02-01,45.70000076293945,46.0,45.70000076293945,46.0,317143
2023-02-02,46.20000076293945,46.95000076293945,46.20000076293945,46.5,384233
2023-02-03,46.54999923706055,46.79999923706055,46.0,46.79999923706055,488203
2023-02-06,46.59999847412109,46.79999923706055,46.150001525878906,46.45000076293945,297590
2023-02-07,46.45000076293945,46.900001525878906,45.95000076293945,46.20000076293945,308022
2023-02-08,46.20000076293945,46.5,45.900001525878906,46.25,503303
2023-02-09,46.0,46.29999923706055,45.95000076293945,46.09999847412109,348060
2023-02-10,46.0,46.09999847412109,45.79999923706055,45.79999923706055,312046
2023-02-13,45.79999923706055,46.20000076293945,45.79999923706055,46.150001525878906,260777
2023-02-14,46.09999847412109,46.09999847412109,45.84999847412109,45.95000076293945,207218
2023-02-15,45.95000076293945,46.29999923706055,45.79999923706055,45.84999847412109,200147
2023-02-16,46.34999847412109,46.34999847412109,46.0,46.04999923706055,90151
2023-02-17,46.0,46.25,45.84999847412109,46.04999923706055,111003
2023-02-20,46.20000076293945,46.59999847412109,46.20000076293945,46.5,375012
2023-02-21,46.5,46.59999847412109,46.0,46.25,221168
2023-02-22,46.0,46.150001525878906,45.70000076293945,45.900001525878906,238136
2023-02-23,46.0,46.5,45.84999847412109,46.25,334517
2023-02-24,46.34999847412109,47.09999847412109,46.25,47.0,434408
2023-03-01,46.95000076293945,47.400001525878906,46.59999847412109,46.59999847412109,405008
2023-03-02,46.59999847412109,47.34999847412109,46.59999847412109,47.20000076293945,505517
2023-03-03,47.20000076293945,47.34999847412109,47.04999923706055,47.25,333232
2023-03-06,47.45000076293945,48.09999847412109,47.45000076293945,47.79999923706055,430496
2023-03-07,48.04999923706055,48.04999923706055,47.5,47.70000076293945,287332
2023-03-08,47.70000076293945,47.79999923706055,47.25,47.59999847412109,322069
2023-03-09,47.59999847412109,47.59999847412109,47.20000076293945,47.20000076293945,156621
2023-03-10,47.09999847412109,47.09999847412109,46.5,46.84999847412109,258254
2023-03-13,46.59999847412109,47.0,45.95000076293945,46.900001525878906,268102
2023-03-14,46.900001525878906,47.0,46.400001525878906,46.5,127344
2023-03-15,46.75,46.900001525878906,46.54999923706055,46.59999847412109,140078
2023-03-16,46.650001525878906,46.79999923706055,46.20000076293945,46.45000076293945,108004
2023-03-17,46.45000076293945,46.650001525878906,46.09999847412109,46.400001525878906,186141
2023-03-20,46.400001525878906,46.79999923706055,46.34999847412109,46.70000076293945,92006
2023-03-21,46.59999847412109,46.59999847412109,45.900001525878906,46.25,376013
2023-03-22,46.25,46.84999847412109,46.25,46.70000076293945,136191
2023-03-23,46.650001525878906,47.20000076293945,46.5,47.150001525878906,204004
2023-03-24,47.09999847412109,47.25,46.79999923706055,47.0,163114
2023-03-27,47.0,47.25,47.0,47.150001525878906,164352
2023-03-28,47.150001525878906,47.5,47.04999923706055,47.34999847412109,222483
2023-03-29,47.34999847412109,48.0,47.09999847412109,47.150001525878906,219003
2023-03-30,47.20000076293945,47.25,46.70000076293945,46.84999847412109,155001
2023-03-31,46.95000076293945,47.400001525878906,46.95000076293945,47.150001525878906,107247
2023-04-06,47.59999847412109,47.59999847412109,47.0,47.04999923706055,171009
2023-04-07,47.04999923706055,47.59999847412109,47.04999923706055,47.20000076293945,194318
2023-04-10,47.20000076293945,47.45000076293945,47.04999923706055,47.45000076293945,197549
2023-04-11,47.45000076293945,47.54999923706055,46.900001525878906,47.400001525878906,344660
2023-04-12,47.59999847412109,47.59999847412109,47.150001525878906,47.20000076293945,253103
2023-04-13,47.5,48.04999923706055,47.45000076293945,47.75,586175
2023-04-14,47.75,48.150001525878906,47.45000076293945,47.900001525878906,425458
2023-04-17,47.84999847412109,48.59999847412109,47.84999847412109,48.5,492530
2023-04-18,48.59999847412109,48.59999847412109,47.79999923706055,48.150001525878906,349186
2023-04-19,48.0,48.34999847412109,47.54999923706055,47.59999847412109,317738
2023-04-20,47.59999847412109,47.59999847412109,47.0,47.09999847412109,322305
2023-04-21,47.09999847412109,47.900001525878906,47.0,47.54999923706055,392440
2023-04-24,47.650001525878906,48.0,47.09999847412109,47.150001525878906,289751
2023-04-25,47.20000076293945,47.25,46.59999847412109,46.75,431054
2023-04-26,46.84999847412109,47.5,46.84999847412109,47.45000076293945,207008
2023-04-27,47.5,47.95000076293945,47.29999923706055,47.95000076293945,297200
2023-04-28,48.0,48.04999923706055,47.84999847412109,48.0,158279
2023-05-02,48.150001525878906,48.900001525878906,48.04999923706055,48.59999847412109,636457
2023-05-03,48.5,49.34999847412109,48.20000076293945,49.09999847412109,792465
2023-05-04,49.34999847412109,51.20000076293945,49.34999847412109,50.400001525878906,1844556
2023-05-05,50.59999847412109,50.900001525878906,49.59999847412109,50.70000076293945,1127588
2023-05-08,50.70000076293945,51.20000076293945,50.400001525878906,51.09999847412109,1189907
2023-05-09,51.20000076293945,51.5,50.79999923706055,50.79999923706055,757429
2023-05-10,50.79999923706055,51.20000076293945,50.29999923706055,51.09999847412109,712519
2023-05-11,51.09999847412109,51.09999847412109,50.5,50.59999847412109,477601
2023-05-12,50.59999847412109,51.0,50.09999847412109,51.0,571280
2023-05-15,51.0,51.0,50.29999923706055,50.59999847412109,300027
2023-05-16,50.59999847412109,51.5,50.59999847412109,51.20000076293945,1306070
2023-05-17,51.29999923706055,52.0,51.29999923706055,51.5,1008300
2023-05-18,51.5,51.900001525878906,51.0,51.20000076293945,675736
2023-05-19,51.5,51.5,50.5,50.79999923706055,613301
2023-05-22,50.79999923706055,51.79999923706055,50.79999923706055,51.70000076293945,965360
2023-05-23,51.29999923706055,51.70000076293945,51.09999847412109,51.29999923706055,587500
2023-05-24,51.29999923706055,51.5,50.70000076293945,51.400001525878906,590370
2023-05-25,51.400001525878906,51.400001525878906,50.79999923706055,50.79999923706055,460549
2023-05-26,50.79999923706055,50.79999923706055,50.0,50.09999847412109,645286
2023-05-29,50.20000076293945,50.900001525878906,50.20000076293945,50.70000076293945,606951
2023-05-30,50.70000076293945,50.70000076293945,50.29999923706055,50.400001525878906,355926
2023-05-31,50.29999923706055,50.79999923706055,50.29999923706055,50.70000076293945,1328218
2023-06-01,48.75,49.25,48.59999847412109,49.0,1085942
2023-06-02,48.900001525878906,49.09999847412109,48.70000076293945,49.04999923706055,554157
2023-06-05,49.04999923706055,49.09999847412109,48.900001525878906,49.0,247897
2023-06-06,48.95000076293945,49.04999923706055,48.79999923706055,48.95000076293945,219009
2023-06-07,48.95000076293945,49.0,48.650001525878906,48.79999923706055,394404
2023-06-08,48.75,49.0,48.29999923706055,48.5,780006
2023-06-09,48.5,49.0,48.400001525878906,48.650001525878906,351966
2023-06-12,48.70000076293945,48.900001525878906,48.45000076293945,48.70000076293945,215004
2023-06-13,48.70000076293945,49.0,48.650001525878906,48.79999923706055,243006
2023-06-14,48.79999923706055,49.04999923706055,48.59999847412109,49.0,262002
2023-06-15,49.0,49.0,48.79999923706055,48.900001525878906,255302
2023-06-16,48.900001525878906,48.900001525878906,47.84999847412109,47.900001525878906,1267835
2023-06-19,47.900001525878906,47.900001525878906,47.5,47.70000076293945,535036
2023-06-20,47.70000076293945,47.75,47.25,47.34999847412109,417103
2023-06-21,47.5,48.20000076293945,47.34999847412109,48.20000076293945,395244
2023-06-26,48.20000076293945,48.20000076293945,47.650001525878906,47.79999923706055,350449
2023-06-27,47.79999923706055,47.79999923706055,47.29999923706055,47.5,394002
2023-06-28,47.54999923706055,47.95000076293945,47.54999923706055,47.900001525878906,103097
2023-06-29,48.0,48.0,47.70000076293945,47.900001525878906,248002
2023-06-30,47.70000076293945,47.900001525878906,47.70000076293945,47.84999847412109,112494
2023-07-03,47.84999847412109,48.0,47.5,47.79999923706055,268540
2023-07-04,47.84999847412109,47.84999847412109,47.54999923706055,47.650001525878906,226158
2023-07-05,47.650001525878906,47.79999923706055,47.54999923706055,47.79999923706055,263547
2023-07-06,47.75,47.79999923706055,47.54999923706055,47.54999923706055,260010
2023-07-07,47.5,47.5,46.84999847412109,47.0,359023
2023-07-10,47.400001525878906,47.400001525878906,46.5,46.900001525878906,206000
2023-07-11,47.04999923706055,47.09999847412109,46.75,46.95000076293945,243789
2023-07-12,47.29999923706055,47.29999923706055,46.75,46.79999923706055,340989
2023-07-13,46.900001525878906,47.29999923706055,46.79999923706055,46.900001525878906,283040
2023-07-14,47.0,47.0,46.79999923706055,46.900001525878906,268369
2023-07-17,46.900001525878906,47.70000076293945,46.70000076293945,47.45000076293945,332898
2023-07-18,47.04999923706055,47.400001525878906,46.95000076293945,47.0,413001
2023-07-19,47.0,47.20000076293945,46.45000076293945,46.79999923706055,448402
2023-07-20,47.0,47.0,46.650001525878906,46.79999923706055,277051
2023-07-21,48.09999847412109,49.650001525878906,48.04999923706055,49.09999847412109,3193768
2023-07-24,49.5,49.5,48.25,48.45000076293945,1350002
2023-07-25,48.79999923706055,49.0,48.20000076293945,48.84999847412109,994545
2023-07-26,48.79999923706055,50.5,48.70000076293945,49.95000076293945,1863591
2023-07-27,50.20000076293945,51.09999847412109,49.900001525878906,50.70000076293945,1981786
2023-07-28,50.400001525878906,50.5,49.34999847412109,49.5,845603
2023-07-31,49.5,49.900001525878906,48.79999923706055,48.900001525878906,551110
2023-08-01,49.04999923706055,49.34999847412109,48.59999847412109,49.150001525878906,272792
2023-08-02,49.150001525878906,49.29999923706055,48.650001525878906,48.650001525878906,427038
2023-08-04,48.650001525878906,48.70000076293945,48.29999923706055,48.54999923706055,153228
2023-08-07,48.75,49.04999923706055,48.650001525878906,48.79999923706055,180059
2023-08-08,48.79999923706055,49.09999847412109,48.29999923706055,48.5,277002
2023-08-09,48.5,48.5,48.09999847412109,48.09999847412109,312047
2023-08-10,48.29999923706055,49.09999847412109,48.29999923706055,48.70000076293945,415760
2023-08-11,48.70000076293945,48.75,47.84999847412109,48.04999923706055,472082
2023-08-14,48.0,48.0,47.20000076293945,47.29999923706055,776900
2023-08-15,47.400001525878906,47.900001525878906,47.25,47.79999923706055,633001
2023-08-16,48.400001525878906,48.400001525878906,47.20000076293945,47.25,292345
2023-08-17,47.25,47.29999923706055,46.75,47.29999923706055,292315
2023-08-18,47.34999847412109,47.70000076293945,47.150001525878906,47.34999847412109,216530
2023-08-21,47.5,47.650001525878906,47.34999847412109,47.59999847412109,157328
2023-08-22,47.900001525878906,48.04999923706055,47.650001525878906,47.650001525878906,235033
2023-08-23,47.54999923706055,47.79999923706055,47.54999923706055,47.650001525878906,130003
2023-08-24,47.79999923706055,47.95000076293945,47.5,47.70000076293945,140000
2023-08-25,47.70000076293945,48.0,47.5,47.75,197106
2023-08-28,47.95000076293945,48.20000076293945,47.45000076293945,47.59999847412109,273010
2023-08-29,47.650001525878906,47.900001525878906,47.59999847412109,47.79999923706055,65173
2023-08-30,47.79999923706055,48.0,47.650001525878906,47.70000076293945,133003
2023-08-31,47.650001525878906,47.900001525878906,47.650001525878906,47.900001525878906,206310
2023-09-01,47.75,47.95000076293945,47.70000076293945,47.75,292201
2023-09-04,47.70000076293945,48.0,47.70000076293945,48.0,249203
2023-09-05,48.0,48.09999847412109,47.79999923706055,48.0,306081
2023-09-06,47.84999847412109,48.0,47.54999923706055,47.79999923706055,258277
2023-09-07,47.79999923706055,47.84999847412109,47.650001525878906,47.650001525878906,83053
2023-09-08,47.59999847412109,47.75,47.5,47.650001525878906,84163
2023-09-11,47.650001525878906,47.70000076293945,47.54999923706055,47.54999923706055,109514
2023-09-12,48.0,48.0,47.70000076293945,47.79999923706055,190001
2023-09-13,47.79999923706055,48.150001525878906,47.79999923706055,48.04999923706055,131300
2023-09-14,48.0,48.04999923706055,47.79999923706055,47.95000076293945,138082
2023-09-15,47.95000076293945,48.0,47.79999923706055,47.84999847412109,165045
2023-09-18,47.79999923706055,48.5,47.70000076293945,48.29999923706055,329103
2023-09-19,48.29999923706055,48.84999847412109,48.20000076293945,48.34999847412109,305005
2023-09-20,48.34999847412109,49.09999847412109,48.34999847412109,48.70000076293945,395190
2023-09-21,49.5,49.95000076293945,49.0,49.150001525878906,1388265
2023-09-22,49.150001525878906,49.150001525878906,48.5,48.84999847412109,283034
2023-09-25,49.09999847412109,49.95000076293945,49.09999847412109,49.70000076293945,650131
2023-09-26,49.70000076293945,49.900001525878906,49.25,49.29999923706055,289205
2023-09-27,49.29999923706055,49.29999923706055,48.79999923706055,49.09999847412109,160042
2023-09-28,49.29999923706055,49.5,49.29999923706055,49.45000076293945,192104
2023-10-02,49.59999847412109,51.0,49.59999847412109,50.400001525878906,1122700
2023-10-03,50.59999847412109,50.59999847412109,49.900001525878906,50.20000076293945,337000
2023-10-04,50.20000076293945,50.20000076293945,49.59999847412109,49.900001525878906,315194
2023-10-05,49.900001525878906,50.5,49.75,50.29999923706055,306418
2023-10-06,50.29999923706055,50.29999923706055,49.75,49.75,217454
2023-10-11,49.95000076293945,50.09999847412109,49.59999847412109,49.650001525878906,325000
2023-10-12,50.0,50.79999923706055,49.75,50.59999847412109,921552
2023-10-13,50.59999847412109,50.70000076293945,50.20000076293945,50.400001525878906,254361
2023-10-16,50.400001525878906,50.400001525878906,50.0,50.29999923706055,149202
2023-10-17,50.20000076293945,50.900001525878906,50.20000076293945,50.59999847412109,358397
2023-10-18,50.70000076293945,50.79999923706055,50.0,50.0,913217
2023-10-19,50.09999847412109,50.79999923706055,50.0,50.400001525878906,218540
2023-10-20,50.400001525878906,50.59999847412109,49.900001525878906,50.400001525878906,452006
2023-10-23,50.900001525878906,51.400001525878906,50.0,50.20000076293945,693000
2023-10-24,50.20000076293945,50.79999923706055,49.84999847412109,50.20000076293945,176708
2023-10-25,50.5,50.70000076293945,50.20000076293945,50.5,172572
2023-10-26,50.09999847412109,50.5,49.5,50.29999923706055,425514
2023-10-27,50.29999923706055,50.400001525878906,49.79999923706055,50.09999847412109,157307
2023-10-30,50.20000076293945,50.5,49.70000076293945,49.70000076293945,190287
2023-10-31,49.75,49.75,49.0,49.04999923706055,288650
2023-11-01,49.04999923706055,49.900001525878906,49.04999923706055,49.900001525878906,194130
2023-11-02,49.75,50.09999847412109,49.400001525878906,49.45000076293945,245125
2023-11-03,49.45000076293945,49.650001525878906,49.25,49.400001525878906,95202
2023-11-06,49.900001525878906,49.900001525878906,49.34999847412109,49.45000076293945,173189
2023-11-07,49.5,49.5,49.09999847412109,49.150001525878906,212316
2023-11-08,49.20000076293945,49.400001525878906,49.0,49.20000076293945,233195
2023-11-09,49.20000076293945,49.5,48.79999923706055,49.09999847412109,443004
2023-11-10,48.900001525878906,49.45000076293945,48.900001525878906,49.29999923706055,257006
2023-11-13,48.900001525878906,49.09999847412109,48.45000076293945,48.59999847412109,593005
2023-11-14,48.59999847412109,48.75,48.400001525878906,48.650001525878906,390011
2023-11-15,49.20000076293945,49.75,49.04999923706055,49.650001525878906,643040
2023-11-16,49.79999923706055,49.900001525878906,49.04999923706055,49.75,602061
2023-11-17,49.70000076293945,49.75,48.900001525878906,49.34999847412109,570056
2023-11-20,49.34999847412109,49.54999923706055,48.95000076293945,49.45000076293945,336728
2023-11-21,49.34999847412109,49.84999847412109,49.29999923706055,49.84999847412109,413627
2023-11-22,50.0,50.400001525878906,49.84999847412109,50.20000076293945,508065
2023-11-23,50.0,50.20000076293945,49.84999847412109,50.09999847412109,265150
2023-11-24,50.09999847412109,50.59999847412109,49.900001525878906,50.29999923706055,417060
2023-11-27,50.20000076293945,50.70000076293945,49.95000076293945,50.0,220201
2023-11-28,50.0,50.20000076293945,49.95000076293945,50.09999847412109,168631
2023-11-29,49.95000076293945,50.20000076293945,49.900001525878906,50.20000076293945,343111
2023-11-30,50.29999923706055,50.400001525878906,50.20000076293945,50.400001525878906,219689
2023-12-01,50.400001525878906,50.79999923706055,50.400001525878906,50.400001525878906,343217
2023-12-04,50.400001525878906,50.400001525878906,50.09999847412109,50.29999923706055,282357
2023-12-05,50.29999923706055,50.29999923706055,49.59999847412109,49.70000076293945,860642
2023-12-06,49.84999847412109,50.400001525878906,49.84999847412109,50.0,389601
2023-12-07,50.0,50.20000076293945,49.900001525878906,49.95000076293945,197046
2023-12-08,49.900001525878906,50.20000076293945,49.75,50.0,429571
2023-12-11,50.09999847412109,50.29999923706055,49.900001525878906,50.0,309019
2023-12-12,50.20000076293945,50.400001525878906,49.45000076293945,49.650001525878906,735267
2023-12-13,49.84999847412109,50.0,49.70000076293945,49.900001525878906,310012
2023-12-14,50.0,50.0,49.84999847412109,50.0,248179
2023-12-15,50.09999847412109,50.09999847412109,49.900001525878906,50.0,266515
2023-12-18,50.09999847412109,50.09999847412109,49.900001525878906,50.0,207141
2023-12-19,49.95000076293945,50.0,49.650001525878906,49.95000076293945,349300
2023-12-20,49.95000076293945,50.0,49.84999847412109,50.0,231002
2023-12-21,50.29999923706055,50.70000076293945,50.09999847412109,50.09999847412109,676346
2023-12-22,50.20000076293945,50.5,50.20000076293945,50.5,301705
2023-12-25,50.79999923706055,51.20000076293945,50.59999847412109,50.900001525878906,693486
2023-12-26,51.09999847412109,51.09999847412109,50.59999847412109,51.0,442863
2023-12-27,51.0,51.0,50.5,50.70000076293945,324837
2023-12-28,50.900001525878906,50.900001525878906,50.400001525878906,50.79999923706055,286005
2023-12-29,50.79999923706055,50.900001525878906,50.5,50.79999923706055,295176
2024-01-02,51.0,51.29999923706055,50.79999923706055,50.900001525878906,662177
2024-01-03,51.20000076293945,51.20000076293945,50.79999923706055,51.09999847412109,416952
2024-01-04,51.20000076293945,51.20000076293945,50.79999923706055,50.900001525878906,194458
2024-01-05,51.0,51.0,50.59999847412109,50.79999923706055,164143
2024-01-08,50.79999923706055,51.400001525878906,50.79999923706055,51.0,412677
2024-01-09,51.09999847412109,51.20000076293945,50.70000076293945,50.79999923706055,156370
2024-01-10,50.70000076293945,50.900001525878906,50.400001525878906,50.400001525878906,252367
2024-01-11,50.59999847412109,51.59999847412109,50.59999847412109,51.5,1017637
2024-01-12,51.5,51.59999847412109,51.09999847412109,51.400001525878906,245421
2024-01-15,51.400001525878906,51.5,50.900001525878906,51.0,177372
2024-01-16,51.0,51.0,50.400001525878906,50.59999847412109,351804
2024-01-17,50.29999923706055,50.70000076293945,50.0,50.20000076293945,357098
2024-01-18,50.0,50.400001525878906,49.79999923706055,50.29999923706055,251005
2024-01-19,50.0,50.20000076293945,49.79999923706055,50.09999847412109,186175
2024-01-22,50.09999847412109,50.29999923706055,49.95000076293945,50.0,251276
2024-01-23,50.900001525878906,51.29999923706055,50.900001525878906,51.0,658772
2024-01-24,51.09999847412109,51.79999923706055,51.09999847412109,51.400001525878906,638500
2024-01-25,51.70000076293945,51.70000076293945,51.09999847412109,51.5,328104
2024-01-26,51.59999847412109,51.59999847412109,51.400001525878906,51.59999847412109,293502
2024-01-29,51.70000076293945,51.79999923706055,51.29999923706055,51.59999847412109,386479
2024-01-30,51.70000076293945,52.5,51.59999847412109,52.5,1027968
2024-01-31,52.5,52.5,52.09999847412109,52.09999847412109,265002
2024-02-01,52.20000076293945,52.79999923706055,52.0,52.70000076293945,465880
2024-02-02,52.900001525878906,52.900001525878906,52.400001525878906,52.59999847412109,259040
2024-02-05,52.29999923706055,52.29999923706055,51.09999847412109,51.79999923706055,579310
2024-02-15,52.0,52.5,51.70000076293945,51.79999923706055,376214
2024-02-16,52.09999847412109,52.09999847412109,51.400001525878906,51.79999923706055,446706
2024-02-19,51.79999923706055,52.20000076293945,51.79999923706055,52.09999847412109,278332
2024-02-20,52.09999847412109,52.59999847412109,51.79999923706055,52.5,508036
2024-02-21,53.400001525878906,54.900001525878906,53.29999923706055,54.59999847412109,2448451
2024-02-22,54.900001525878906,55.400001525878906,54.5,54.59999847412109,1604805
2024-02-23,54.79999923706055,55.0,54.09999847412109,54.09999847412109,665081
2024-02-26,54.09999847412109,54.59999847412109,54.09999847412109,54.29999923706055,462555
2024-02-27,54.5,54.5,53.900001525878906,53.900001525878906,382326
2024-02-29,53.900001525878906,55.400001525878906,53.900001525878906,54.70000076293945,936190
2024-03-01,54.70000076293945,55.09999847412109,54.70000076293945,54.900001525878906,471048
2024-03-04,55.0,55.59999847412109,54.79999923706055,55.0,610773
2024-03-05,55.0,56.59999847412109,54.59999847412109,56.09999847412109,1060573
2024-03-06,56.5,57.20000076293945,55.59999847412109,56.0,1492558
2024-03-07,56.0,57.09999847412109,56.0,56.5,1097247
2024-03-08,56.59999847412109,57.09999847412109,55.20000076293945,55.59999847412109,708347
2024-03-11,55.400001525878906,55.59999847412109,55.20000076293945,55.400001525878906,414232
2024-03-12,55.29999923706055,55.59999847412109,54.79999923706055,55.5,694501
2024-03-13,56.20000076293945,57.09999847412109,56.0,57.0,1685359
2024-03-14,57.0,57.29999923706055,56.0,56.70000076293945,782393
2024-03-15,56.900001525878906,56.900001525878906,55.5,55.70000076293945,741068
2024-03-18,56.0,56.09999847412109,55.09999847412109,55.70000076293945,967300
2024-03-19,55.70000076293945,56.20000076293945,55.400001525878906,56.20000076293945,702387
2024-03-20,56.20000076293945,56.900001525878906,56.20000076293945,56.70000076293945,595136
2024-03-21,57.70000076293945,59.400001525878906,57.70000076293945,58.29999923706055,2756487
2024-03-22,59.0,59.0,58.09999847412109,58.20000076293945,846257
2024-03-25,58.20000076293945,58.20000076293945,57.400001525878906,57.70000076293945,654648
2024-03-26,57.900001525878906,57.900001525878906,57.09999847412109,57.5,772212
2024-03-27,57.400001525878906,57.79999923706055,57.29999923706055,57.79999923706055,591363
2024-03-28,57.79999923706055,58.5,57.59999847412109,58.20000076293945,716128
2024-03-29,58.20000076293945,58.20000076293945,56.79999923706055,57.20000076293945,716000
2024-04-01,57.900001525878906,59.20000076293945,57.79999923706055,58.59999847412109,1446515
2024-04-02,58.900001525878906,58.900001525878906,57.900001525878906,58.5,838364
2024-04-03,58.0,58.79999923706055,58.0,58.79999923706055,391051
2024-04-08,58.79999923706055,58.79999923706055,58.09999847412109,58.29999923706055,389203
2024-04-09,58.20000076293945,58.20000076293945,57.09999847412109,57.70000076293945,785698
2024-04-10,58.0,58.0,57.400001525878906,57.79999923706055,563455
2024-04-11,57.79999923706055,57.79999923706055,56.400001525878906,56.400001525878906,1405467
2024-04-12,56.400001525878906,56.5,55.900001525878906,56.09999847412109,747221
2024-04-15,56.09999847412109,56.5,55.79999923706055,56.09999847412109,488066
2024-04-16,56.0,56.0,55.0,55.29999923706055,839203
2024-04-17,55.29999923706055,55.79999923706055,55.0,55.59999847412109,622802
2024-04-18,55.59999847412109,56.70000076293945,55.29999923706055,56.20000076293945,835527
2024-04-19,56.59999847412109,56.59999847412109,55.09999847412109,55.79999923706055,615201
2024-04-22,56.0,56.400001525878906,55.5,56.0,593020
2024-04-23,58.0,61.0,57.29999923706055,60.5,6016218
2024-04-24,60.5,60.5,58.70000076293945,59.5,2625539
2024-04-25,59.5,60.0,59.0,59.79999923706055,908282
2024-04-26,60.0,62.0,59.70000076293945,62.0,2283947
2024-04-29,62.20000076293945,62.29999923706055,61.29999923706055,61.5,1653235
2024-04-30,61.29999923706055,61.400001525878906,60.79999923706055,60.79999923706055,614991
2024-05-02,60.79999923706055,61.400001525878906,60.5,61.29999923706055,509746
2024-05-03,61.29999923706055,61.900001525878906,60.0,60.20000076293945,1257325
2024-05-06,60.79999923706055,61.20000076293945,60.29999923706055,61.0,600673
2024-05-07,61.20000076293945,61.20000076293945,60.5,61.0,491666
2024-05-08,61.0,62.900001525878906,61.0,62.5,1813363
2024-05-09,62.400001525878906,62.400001525878906,61.59999847412109,61.59999847412109,496065
2024-05-10,62.0,64.30000305175781,61.29999923706055,63.59999847412109,2162274
2024-05-13,63.59999847412109,64.19999694824219,63.0,63.79999923706055,842593
2024-05-14,63.70000076293945,64.30000305175781,63.29999923706055,64.30000305175781,811088
2024-05-15,64.9000015258789,66.5,64.5999984741211,65.80000305175781,1566374
2024-05-16,65.4000015258789,66.4000015258789,65.30000305175781,65.69999694824219,1009675
2024-05-17,65.69999694824219,66.4000015258789,65.69999694824219,66.0999984741211,685556
2024-05-20,66.4000015258789,66.4000015258789,65.5,66.4000015258789,790540
2024-05-21,64.4000015258789,64.4000015258789,62.09999847412109,62.900001525878906,2470556
2024-05-22,62.900001525878906,63.29999923706055,61.900001525878906,62.20000076293945,2108573
2024-05-23,62.29999923706055,62.70000076293945,60.70000076293945,61.29999923706055,1698550
2024-05-24,61.20000076293945,61.20000076293945,60.400001525878906,60.79999923706055,910628
2024-05-27,60.79999923706055,61.29999923706055,60.5,61.0,1141812
2024-05-28,61.09999847412109,62.29999923706055,61.09999847412109,62.0,1442623
2024-05-29,62.5,62.59999847412109,61.09999847412109,61.400001525878906,1803352
2024-05-30,61.20000076293945,62.0,61.09999847412109,62.0,2378447
2024-05-31,59.5,59.70000076293945,58.79999923706055,59.0,1948506
2024-06-03,59.09999847412109,59.09999847412109,58.0,58.400001525878906,1681010
2024-06-04,58.400001525878906,58.79999923706055,58.29999923706055,58.59999847412109,714028
2024-06-05,58.59999847412109,58.79999923706055,57.79999923706055,58.0,1014553
2024-06-06,58.09999847412109,58.29999923706055,57.5,57.900001525878906,806956
2024-06-07,57.70000076293945,58.09999847412109,57.400001525878906,57.900001525878906,595043
2024-06-11,58.09999847412109,58.79999923706055,57.59999847412109,58.59999847412109,631252
2024-06-12,58.5,58.5,57.400001525878906,57.59999847412109,1141330
2024-06-13,57.79999923706055,57.79999923706055,56.79999923706055,57.09999847412109,1408802
2024-06-14,57.59999847412109,58.0,57.20000076293945,57.70000076293945,576027
2024-06-17,58.0,58.20000076293945,57.59999847412109,57.59999847412109,558061
2024-06-18,58.0,58.400001525878906,57.59999847412109,58.09999847412109,515386
2024-06-19,58.20000076293945,58.20000076293945,57.70000076293945,57.900001525878906,493158
2024-06-20,57.900001525878906,57.900001525878906,57.400001525878906,57.70000076293945,621409
2024-06-21,57.5,58.0,57.400001525878906,58.0,1666816
2024-06-24,58.09999847412109,58.29999923706055,57.70000076293945,57.900001525878906,718034
2024-06-25,58.20000076293945,58.20000076293945,57.29999923706055,58.0,676602
2024-06-26,58.0,58.09999847412109,57.400001525878906,57.400001525878906,641044
2024-06-27,57.20000076293945,58.20000076293945,56.900001525878906,57.79999923706055,1286007
2024-06-28,58.29999923706055,59.09999847412109,57.59999847412109,58.70000076293945,1357542
2024-07-01,59.20000076293945,59.29999923706055,58.29999923706055,58.900001525878906,1440115
2024-07-02,59.20000076293945,59.5,58.59999847412109,59.0,1290041
2024-07-03,59.400001525878906,59.400001525878906,58.59999847412109,58.900001525878906,1182173
2024-07-04,59.29999923706055,59.29999923706055,58.20000076293945,58.29999923706055,897100
2024-07-05,58.5,58.79999923706055,58.29999923706055,58.5,450946
2024-07-08,58.5,58.900001525878906,57.70000076293945,57.70000076293945,795305
2024-07-09,57.70000076293945,58.09999847412109,57.09999847412109,57.400001525878906,797070
2024-07-10,57.400001525878906,57.900001525878906,57.400001525878906,57.400001525878906,389005
2024-07-11,57.59999847412109,58.09999847412109,57.20000076293945,57.900001525878906,776375
2024-07-12,57.79999923706055,58.0,57.5,57.59999847412109,615276
2024-07-15,57.59999847412109,58.09999847412109,57.5,58.09999847412109,502720
2024-07-16,58.0,58.20000076293945,57.5,57.5,600617
2024-07-17,57.5,58.20000076293945,57.5,58.0,445558
2024-07-18,58.0,58.79999923706055,57.400001525878906,58.79999923706055,1286662
2024-07-19,58.20000076293945,58.29999923706055,57.20000076293945,57.59999847412109,1064054
2024-07-22,57.59999847412109,57.59999847412109,56.59999847412109,57.20000076293945,760714
2024-07-23,57.70000076293945,58.5,57.59999847412109,58.29999923706055,805686
2024-07-26,57.5,58.5,57.29999923706055,58.5,646291
2024-07-29,58.59999847412109,59.29999923706055,58.20000076293945,59.09999847412109,1257093
2024-07-30,59.0,59.0,57.79999923706055,58.70000076293945,621377
2024-07-31,58.79999923706055,60.59999847412109,58.400001525878906,59.5,2316796
2024-08-01,60.09999847412109,60.20000076293945,59.5,60.0,777763
2024-08-02,59.5,59.70000076293945,59.0,59.29999923706055,834196
2024-08-05,58.79999923706055,58.79999923706055,55.09999847412109,55.70000076293945,1468584
2024-08-06,56.70000076293945,57.0,54.20000076293945,56.20000076293945,1007329
2024-08-07,56.20000076293945,56.79999923706055,56.20000076293945,56.70000076293945,602368
2024-08-08,56.0,57.400001525878906,55.900001525878906,56.79999923706055,664527
2024-08-09,57.0,58.0,57.0,57.400001525878906,542150
2024-08-12,57.79999923706055,57.900001525878906,57.29999923706055,57.29999923706055,348002
2024-08-13,57.59999847412109,57.59999847412109,56.400001525878906,56.70000076293945,1056400
2024-08-14,57.70000076293945,58.0,56.5,57.20000076293945,1661143
2024-08-15,57.5,57.5,55.29999923706055,55.29999923706055,3276793
2024-08-16,55.70000076293945,55.900001525878906,55.20000076293945,55.59999847412109,862572
2024-08-19,55.400001525878906,55.5,55.0,55.20000076293945,618472
2024-08-20,55.20000076293945,55.79999923706055,55.09999847412109,55.400001525878906,391501
2024-08-21,55.09999847412109,55.5,54.20000076293945,54.5,1923507
2024-08-22,54.5,55.70000076293945,54.400001525878906,55.0,868662
2024-08-23,55.0,55.0,54.5,54.59999847412109,423228
2024-08-26,54.59999847412109,55.0,54.20000076293945,54.400001525878906,705182
2024-08-27,54.400001525878906,55.09999847412109,54.400001525878906,55.0,199104
2024-08-28,55.0,55.20000076293945,54.900001525878906,55.0,285122
2024-08-29,54.900001525878906,55.29999923706055,54.79999923706055,55.09999847412109,211587
2024-08-30,55.29999923706055,55.5,55.20000076293945,55.5,320603
2024-09-02,55.59999847412109,55.59999847412109,55.0,55.0,429485
2024-09-03,55.0,55.0,54.29999923706055,54.400001525878906,610501
2024-09-04,53.79999923706055,53.79999923706055,52.70000076293945,53.0,1331420
2024-09-05,53.20000076293945,53.400001525878906,52.400001525878906,52.5,821429
2024-09-06,52.5,53.0,52.0,52.900001525878906,539500
2024-09-09,52.20000076293945,52.900001525878906,52.0,52.900001525878906,526277
2024-09-10,52.79999923706055,53.900001525878906,52.79999923706055,53.29999923706055,510500
2024-09-11,53.20000076293945,53.400001525878906,53.0,53.0,282170
2024-09-12,53.09999847412109,53.5,53.0,53.09999847412109,254082
2024-09-13,53.20000076293945,54.09999847412109,53.20000076293945,53.70000076293945,211140
2024-09-16,53.29999923706055,54.400001525878906,53.29999923706055,53.900001525878906,582744
2024-09-18,53.70000076293945,53.900001525878906,53.20000076293945,53.20000076293945,305217
2024-09-19,53.20000076293945,53.70000076293945,52.900001525878906,53.29999923706055,449154
2024-09-20,53.400001525878906,54.29999923706055,53.29999923706055,54.29999923706055,791915
2024-09-23,53.5,53.5,52.5,53.29999923706055,1306220
2024-09-24,53.29999923706055,54.20000076293945,53.20000076293945,53.5,419002
2024-09-25,53.59999847412109,53.900001525878906,53.29999923706055,53.29999923706055,349315
2024-09-26,53.400001525878906,53.900001525878906,53.400001525878906,53.5,298007
2024-09-27,53.70000076293945,55.5,53.70000076293945,55.29999923706055,1430958
2024-09-30,55.79999923706055,57.20000076293945,55.29999923706055,55.70000076293945,1827500
2024-10-01,56.20000076293945,56.5,55.400001525878906,55.900001525878906,886464
2024-10-04,56.70000076293945,61.400001525878906,56.20000076293945,60.0,7158915
2024-10-07,61.20000076293945,62.5,59.70000076293945,60.900001525878906,9585535
2024-10-08,61.400001525878906,62.5,58.59999847412109,58.59999847412109,5245734
2024-10-09,59.09999847412109,59.29999923706055,56.59999847412109,57.0,2348404
2024-10-11,57.29999923706055,57.29999923706055,56.09999847412109,56.09999847412109,1417419
2024-10-14,56.900001525878906,57.09999847412109,56.400001525878906,56.59999847412109,723037
2024-10-15,56.70000076293945,56.79999923706055,56.20000076293945,56.400001525878906,676340
2024-10-16,56.59999847412109,57.0,55.400001525878906,56.900001525878906,2694354
2024-10-17,57.20000076293945,58.20000076293945,56.70000076293945,57.0,1070841
2024-10-18,57.09999847412109,57.29999923706055,56.20000076293945,56.70000076293945,924300
2024-10-21,57.29999923706055,57.400001525878906,56.70000076293945,56.70000076293945,800248
2024-10-22,56.0,56.20000076293945,54.400001525878906,55.20000076293945,1819830
2024-10-23,55.20000076293945,56.09999847412109,55.20000076293945,55.20000076293945,793770
2024-10-24,55.20000076293945,55.400001525878906,54.900001525878906,55.09999847412109,614482
2024-10-25,55.20000076293945,55.400001525878906,54.900001525878906,55.20000076293945,331135
2024-10-28,55.400001525878906,56.400001525878906,55.20000076293945,55.79999923706055,593110
2024-10-29,56.0,56.0,54.70000076293945,55.09999847412109,656376
2024-10-30,55.70000076293945,55.70000076293945,54.79999923706055,55.0,376079
2024-11-01,54.5,55.70000076293945,54.400001525878906,55.59999847412109,505499
2024-11-04,55.59999847412109,55.79999923706055,55.09999847412109,55.20000076293945,389225
2024-11-05,55.20000076293945,55.79999923706055,55.20000076293945,55.70000076293945,383025
2024-11-06,55.5,55.59999847412109,55.09999847412109,55.29999923706055,340169
2024-11-07,55.09999847412109,55.79999923706055,55.09999847412109,55.70000076293945,310265
2024-11-08,55.70000076293945,55.70000076293945,55.20000076293945,55.29999923706055,300101
2024-11-11,55.5,55.5,53.900001525878906,54.20000076293945,1477235
2024-11-12,53.79999923706055,54.400001525878906,53.0,53.400001525878906,1742380
2024-11-13,53.0,54.0,52.59999847412109,53.400001525878906,818282
2024-11-14,53.5,53.70000076293945,53.0,53.0,508191
2024-11-15,53.0,53.5,52.59999847412109,52.70000076293945,728417
2024-11-18,52.900001525878906,53.0,52.29999923706055,52.59999847412109,684201
2024-11-19,52.59999847412109,53.29999923706055,52.59999847412109,53.20000076293945,459248
2024-11-20,53.0,53.0,53.0,53.0,462406
2024-11-21,53.20000076293945,54.20000076293945,53.20000076293945,54.20000076293945,660328
2024-11-22,54.29999923706055,54.59999847412109,53.79999923706055,53.79999923706055,702213
2024-11-25,54.20000076293945,54.20000076293945,53.79999923706055,54.09999847412109,429026
2024-11-26,53.900001525878906,54.29999923706055,53.70000076293945,53.79999923706055,413843
2024-11-27,54.0,54.0,53.29999923706055,53.29999923706055,346901
2024-11-28,53.20000076293945,53.400001525878906,52.900001525878906,53.0,287104
2024-11-29,52.79999923706055,53.59999847412109,52.5,53.0,326501
2024-12-02,53.0,53.29999923706055,52.900001525878906,52.900001525878906,258023
2024-12-03,52.900001525878906,53.29999923706055,52.900001525878906,53.09999847412109,595000
2024-12-04,53.09999847412109,53.400001525878906,52.70000076293945,52.70000076293945,440309
2024-12-05,52.79999923706055,53.0,52.70000076293945,52.70000076293945,308050
2024-12-06,52.79999923706055,52.79999923706055,52.5,52.5,442100
2024-12-09,52.5,52.79999923706055,52.400001525878906,52.5,300112
2024-12-10,53.400001525878906,53.79999923706055,52.5,52.5,466100
2024-12-11,52.5,52.59999847412109,52.0,52.20000076293945,651178
2024-12-12,52.20000076293945,52.400001525878906,52.09999847412109,52.09999847412109,287696
2024-12-13,52.09999847412109,52.09999847412109,50.70000076293945,51.0,972377
2024-12-16,51.0,51.0,50.0,50.09999847412109,970727
2024-12-17,50.09999847412109,50.20000076293945,50.0,50.09999847412109,366606
2024-12-18,50.0,50.20000076293945,49.70000076293945,50.09999847412109,501033
2024-12-19,49.84999847412109,49.900001525878906,49.34999847412109,49.54999923706055,884782
2024-12-20,49.5,49.59999847412109,49.20000076293945,49.29999923706055,476000
2024-12-23,49.34999847412109,49.84999847412109,49.34999847412109,49.79999923706055,239222
2024-12-24,49.900001525878906,50.400001525878906,49.75,49.84999847412109,579002
2024-12-25,50.20000076293945,50.20000076293945,49.54999923706055,49.54999923706055,310741
2024-12-26,49.70000076293945,49.900001525878906,49.54999923706055,49.70000076293945,212859
2024-12-27,49.79999923706055,50.20000076293945,49.75,50.09999847412109,225255
2024-12-30,50.09999847412109,50.20000076293945,49.650001525878906,49.900001525878906,336499
2024-12-31,49.75,49.79999923706055,49.25,49.75,700002
2025-01-02,49.5,49.84999847412109,49.20000076293945,49.75,654028
2025-01-03,49.79999923706055,50.20000076293945,49.09999847412109,49.150001525878906,762323
2025-01-06,49.45000076293945,49.70000076293945,49.20000076293945,49.54999923706055,756438
2025-01-07,49.54999923706055,49.54999923706055,48.59999847412109,48.59999847412109,1189492
2025-01-08,48.59999847412109,49.09999847412109,48.400001525878906,49.0,785367
2025-01-09,49.0,49.0,48.34999847412109,48.5,677150
2025-01-10,48.25,48.25,47.59999847412109,47.84999847412109,1062200
2025-01-13,47.84999847412109,48.0,47.0,47.95000076293945,956124
2025-01-14,48.0,48.5,48.0,48.29999923706055,340030
2025-01-15,48.54999923706055,49.0,48.54999923706055,48.650001525878906,417003
2025-01-16,48.75,49.09999847412109,48.75,48.900001525878906,387122
2025-01-17,49.150001525878906,49.70000076293945,49.09999847412109,49.54999923706055,472036
2025-01-20,49.70000076293945,49.95000076293945,49.25,49.79999923706055,370151
2025-01-21,49.79999923706055,50.400001525878906,49.650001525878906,49.70000076293945,401020
2025-01-22,49.84999847412109,50.29999923706055,49.79999923706055,49.95000076293945,613202
2025-02-03,49.95000076293945,50.59999847412109,49.79999923706055,50.5,575931
2025-02-04,50.70000076293945,50.70000076293945,49.650001525878906,49.70000076293945,543001
2025-02-05,50.0,50.20000076293945,49.70000076293945,49.900001525878906,244436
2025-02-06,49.79999923706055,50.400001525878906,49.79999923706055,50.29999923706055,406464
2025-02-07,50.0,50.09999847412109,49.70000076293945,49.84999847412109,407032
2025-02-10,49.84999847412109,50.09999847412109,49.70000076293945,49.84999847412109,187461
2025-02-11,49.84999847412109,50.20000076293945,49.70000076293945,49.75,436101
2025-02-12,49.84999847412109,50.20000076293945,49.650001525878906,49.75,263171
2025-02-13,49.900001525878906,50.900001525878906,49.900001525878906,50.79999923706055,526290
2025-02-14,50.79999923706055,51.20000076293945,50.400001525878906,50.79999923706055,450582
2025-02-17,51.0,51.59999847412109,51.0,51.400001525878906,488206
2025-02-18,51.400001525878906,51.400001525878906,51.09999847412109,51.09999847412109,245390
2025-02-19,51.09999847412109,51.29999923706055,50.900001525878906,51.20000076293945,243082
2025-02-20,51.09999847412109,51.5,51.0,51.20000076293945,296027
2025-02-21,51.0,51.0,50.09999847412109,50.59999847412109,909950
2025-02-24,50.59999847412109,51.09999847412109,50.5,50.79999923706055,399404
2025-02-25,50.70000076293945,51.0,50.70000076293945,50.79999923706055,200003
2025-02-26,50.79999923706055,50.900001525878906,50.5,50.59999847412109,249502
2025-02-27,50.59999847412109,51.20000076293945,50.59999847412109,51.09999847412109,446911
2025-03-03,51.09999847412109,51.09999847412109,50.79999923706055,51.0,331274
2025-03-04,50.79999923706055,50.79999923706055,50.0,50.59999847412109,495164
2025-03-05,50.29999923706055,51.09999847412109,50.29999923706055,50.79999923706055,285011
2025-03-06,51.0,51.29999923706055,50.79999923706055,51.20000076293945,410251
2025-03-07,51.20000076293945,51.29999923706055,50.900001525878906,51.29999923706055,475272
2025-03-10,51.29999923706055,51.400001525878906,50.79999923706055,51.0,312134
2025-03-11,50.400001525878906,51.0,49.900001525878906,50.5,645916
2025-03-12,50.5,50.900001525878906,50.20000076293945,50.59999847412109,388003
2025-03-13,50.59999847412109,50.79999923706055,50.09999847412109,50.09999847412109,412010
2025-03-14,50.29999923706055,50.70000076293945,50.09999847412109,50.70000076293945,343112
2025-03-17,50.70000076293945,50.79999923706055,50.29999923706055,50.5,290100
2025-03-18,50.59999847412109,50.900001525878906,50.400001525878906,50.59999847412109,295200
2025-03-19,50.59999847412109,51.0,50.5,50.5,335002
2025-03-20,50.59999847412109,51.0,50.5,50.59999847412109,336021
2025-03-21,49.5,50.0,48.79999923706055,48.79999923706055,3218189
2025-03-24,48.79999923706055,49.29999923706055,48.70000076293945,49.0,745364
2025-03-25,49.09999847412109,49.09999847412109,48.0,48.59999847412109,1162300
2025-03-26,48.70000076293945,48.79999923706055,48.400001525878906,48.59999847412109,520047
2025-03-27,48.54999923706055,48.54999923706055,48.29999923706055,48.400001525878906,436157
2025-03-28,48.400001525878906,48.400001525878906,47.75,48.0,869044
2025-03-31,47.5,47.75,46.900001525878906,47.45000076293945,991467
2025-04-01,47.400001525878906,47.84999847412109,47.400001525878906,47.59999847412109,522200
2025-04-02,47.650001525878906,48.25,47.20000076293945,48.09999847412109,407444
2025-04-07,43.29999923706055,43.900001525878906,43.29999923706055,43.59999847412109,1895983
2025-04-08,43.79999923706055,45.150001525878906,43.75,44.900001525878906,1523602
2025-04-09,44.5,44.5,42.54999923706055,42.54999923706055,1418116
2025-04-10,44.25,46.5,44.25,46.25,825500
2025-04-11,45.79999923706055,45.79999923706055,43.5,45.0,703100
2025-04-14,45.34999847412109,45.75,44.79999923706055,45.09999847412109,674435
2025-04-15,45.20000076293945,45.79999923706055,45.09999847412109,45.650001525878906,259500
2025-04-16,45.650001525878906,45.70000076293945,45.04999923706055,45.20000076293945,410260
2025-04-17,44.900001525878906,45.34999847412109,44.75,45.04999923706055,309021
2025-04-18,45.09999847412109,45.45000076293945,45.0,45.09999847412109,506001
2025-04-21,45.20000076293945,45.45000076293945,45.0,45.09999847412109,375230
2025-04-22,45.09999847412109,45.400001525878906,45.0,45.20000076293945,249001
2025-04-23,45.25,46.20000076293945,45.25,46.04999923706055,609000
2025-04-24,45.95000076293945,46.45000076293945,45.59999847412109,45.650001525878906,296001
2025-04-25,45.75,46.04999923706055,45.70000076293945,45.84999847412109,227050
2025-04-28,45.900001525878906,46.400001525878906,45.75,46.20000076293945,373478
2025-04-29,46.650001525878906,47.45000076293945,46.400001525878906,47.20000076293945,392025
2025-04-30,47.0,47.29999923706055,46.900001525878906,47.0,448329
2025-05-02,47.20000076293945,47.5,47.0,47.5,360833
2025-05-05,48.29999923706055,49.400001525878906,48.0,48.400001525878906,1488952
2025-05-06,48.650001525878906,48.84999847412109,48.0,48.45000076293945,601500
2025-05-07,48.45000076293945,48.79999923706055,48.29999923706055,48.45000076293945,324583
2025-05-08,48.45000076293945,48.75,48.400001525878906,48.54999923706055,382419
2025-05-09,48.45000076293945,49.25,48.45000076293945,49.09999847412109,624100
2025-05-12,49.150001525878906,49.150001525878906,48.79999923706055,48.84999847412109,316016
2025-05-13,48.84999847412109,48.900001525878906,48.34999847412109,48.79999923706055,542096
2025-05-14,48.70000076293945,48.70000076293945,48.20000076293945,48.400001525878906,415149
2025-05-15,48.20000076293945,48.25,47.650001525878906,47.70000076293945,570301
2025-05-16,47.70000076293945,48.0,47.5,48.0,210002
2025-05-19,47.79999923706055,48.150001525878906,47.75,47.75,501195
2025-05-20,47.84999847412109,47.84999847412109,47.59999847412109,47.59999847412109,504701
2025-05-21,47.5,47.59999847412109,47.400001525878906,47.5,642001
2025-05-22,47.34999847412109,47.34999847412109,46.75,46.95000076293945,695115
2025-05-23,46.70000076293945,46.79999923706055,46.70000076293945,46.79999923706055,359052
2025-05-26,46.79999923706055,46.79999923706055,46.400001525878906,46.75,553003
2025-05-27,46.5,46.900001525878906,46.5,46.75,630001
2025-05-28,46.75,47.20000076293945,46.75,47.09999847412109,589239
2025-05-29,47.29999923706055,47.29999923706055,46.20000076293945,47.04999923706055,3407513
2025-06-02,46.54999923706055,46.84999847412109,46.34999847412109,46.34999847412109,1655599
2025-06-03,43.95000076293945,43.95000076293945,42.75,43.0,3364916
2025-06-04,43.0,43.25,42.75,42.84999847412109,1721042
2025-06-05,43.04999923706055,43.59999847412109,42.95000076293945,43.04999923706055,685084
2025-06-06,43.29999923706055,43.29999923706055,42.95000076293945,43.0,549261
2025-06-09,43.0,43.04999923706055,42.70000076293945,42.79999923706055,708388
2025-06-10,42.95000076293945,43.0,42.70000076293945,42.79999923706055,629944
2025-06-11,42.79999923706055,42.84999847412109,42.650001525878906,42.70000076293945,702156
2025-06-12,42.75,42.75,42.29999923706055,42.34999847412109,1059177
2025-06-13,42.29999923706055,42.29999923706055,41.84999847412109,41.900001525878906,1044202
2025-06-16,41.84999847412109,41.84999847412109,41.25,41.34999847412109,915423
2025-06-17,41.29999923706055,41.5,41.09999847412109,41.29999923706055,679236
2025-06-18,41.29999923706055,41.70000076293945,41.20000076293945,41.400001525878906,579050
2025-06-19,41.400001525878906,41.400001525878906,40.900001525878906,41.0,812725
2025-06-20,41.0,41.5,40.29999923706055,41.5,845500
2025-06-23,41.0,41.0,40.09999847412109,40.5,729294
2025-06-24,40.5,40.95000076293945,40.20000076293945,40.25,744314
2025-06-25,40.34999847412109,40.34999847412109,39.95000076293945,40.0,785200
2025-06-26,40.20000076293945,40.75,40.0,40.650001525878906,523008
2025-06-27,40.79999923706055,41.45000076293945,40.650001525878906,41.45000076293945,750085
2025-06-30,41.5,41.5,40.84999847412109,40.84999847412109,541211
2025-07-01,40.900001525878906,41.34999847412109,40.79999923706055,40.84999847412109,371219
2025-07-02,40.900001525878906,41.0,40.5,40.79999923706055,421046
2025-07-03,40.84999847412109,41.45000076293945,40.84999847412109,41.20000076293945,275300
2025-07-04,41.400001525878906,41.45000076293945,40.95000076293945,41.0,196129
2025-07-07,41.150001525878906,41.25,40.75,41.20000076293945,304132
2025-07-08,41.20000076293945,41.20000076293945,40.5,40.59999847412109,311981
2025-07-09,40.59999847412109,40.650001525878906,40.25,40.34999847412109,393001
2025-07-10,40.34999847412109,40.70000076293945,40.25,40.650001525878906,218010
2025-07-11,40.54999923706055,41.150001525878906,40.20000076293945,41.04999923706055,317528
2025-07-14,40.79999923706055,41.0,40.70000076293945,40.900001525878906,219351
2025-07-15,40.900001525878906,41.0,40.650001525878906,40.84999847412109,223144
2025-07-16,40.75,41.150001525878906,40.75,40.84999847412109,196001
2025-07-17,40.84999847412109,41.54999923706055,40.84999847412109,41.45000076293945,404018
2025-07-18,41.45000076293945,41.84999847412109,41.20000076293945,41.400001525878906,302022
2025-07-21,41.400001525878906,41.5,41.0,41.34999847412109,255029
2025-07-22,41.04999923706055,41.04999923706055,40.20000076293945,40.5,775501
2025-07-23,40.650001525878906,40.650001525878906,40.34999847412109,40.650001525878906,370050
2025-07-24,40.650001525878906,40.75,40.25,40.400001525878906,440001
2025-07-25,40.400001525878906,40.650001525878906,40.400001525878906,40.45000076293945,213496
2025-07-28,40.5,40.5,40.0,40.150001525878906,971186
2025-07-29,40.25,40.5,40.09999847412109,40.25,247165
2025-07-30,40.25,40.29999923706055,40.09999847412109,40.29999923706055,390085
2025-07-31,40.29999923706055,40.45000076293945,39.79999923706055,40.45000076293945,1860525
2025-08-04,40.34999847412109,40.75,40.25,40.75,381310
2025-08-05,40.54999923706055,40.75,40.54999923706055,40.650001525878906,386768
2025-08-06,40.650001525878906,40.95000076293945,40.650001525878906,40.900001525878906,423040
2025-08-07,40.900001525878906,41.0,40.45000076293945,40.59999847412109,498618
2025-08-08,40.54999923706055,40.650001525878906,40.400001525878906,40.59999847412109,182017
2025-08-11,40.54999923706055,40.54999923706055,40.04999923706055,40.25,414151
2025-08-12,40.29999923706055,40.45000076293945,40.20000076293945,40.29999923706055,272003
2025-08-13,40.29999923706055,40.45000076293945,40.0,40.0,777500
2025-08-14,40.25,40.29999923706055,39.900001525878906,40.25,503594
2025-08-15,40.20000076293945,40.20000076293945,39.900001525878906,39.900001525878906,830632
2025-08-18,39.900001525878906,39.900001525878906,39.04999923706055,39.34999847412109,1807130
2025-08-19,39.20000076293945,39.29999923706055,39.0,39.25,477448
2025-08-20,39.25,39.5,39.150001525878906,39.45000076293945,357100
2025-08-21,39.400001525878906,39.75,39.29999923706055,39.75,535018
2025-08-22,39.650001525878906,39.70000076293945,39.45000076293945,39.45000076293945,404102
2025-08-25,39.5,39.5,39.29999923706055,39.400001525878906,236202
2025-08-26,39.29999923706055,39.400001525878906,39.09999847412109,39.09999847412109,522139
2025-08-27,39.09999847412109,39.5,39.09999847412109,39.34999847412109,300017
2025-08-28,39.25,39.84999847412109,39.25,39.54999923706055,484135
2025-08-29,39.650001525878906,39.79999923706055,39.59999847412109,39.59999847412109,275002
2025-09-01,39.59999847412109,39.70000076293945,39.29999923706055,39.45000076293945,260000
2025-09-02,39.45000076293945,39.54999923706055,39.25,39.25,322010
2025-09-03,39.29999923706055,39.54999923706055,39.25,39.5,260295
2025-09-04,39.5,39.75,39.400001525878906,39.70000076293945,264010
2025-09-05,39.75,39.75,39.54999923706055,39.70000076293945,173062
2025-09-08,39.70000076293945,39.84999847412109,39.54999923706055,39.70000076293945,217705
2025-09-09,39.70000076293945,39.95000076293945,39.59999847412109,39.84999847412109,228310
2025-09-10,39.75,39.84999847412109,39.5,39.650001525878906,287500
2025-09-11,39.70000076293945,39.70000076293945,39.150001525878906,39.25,490685
2025-09-12,39.150001525878906,39.75,39.150001525878906,39.5,267345
2025-09-15,39.59999847412109,39.79999923706055,39.5,39.70000076293945,225102
2025-09-16,39.70000076293945,39.70000076293945,39.54999923706055,39.54999923706055,243191
2025-09-17,39.54999923706055,39.75,39.5,39.5,218009
2025-09-18,39.5,39.900001525878906,39.5,39.79999923706055,324111
2025-09-19,39.95000076293945,40.79999923706055,39.900001525878906,40.59999847412109,947655
2025-09-22,40.70000076293945,40.75,40.29999923706055,40.400001525878906,271197
2025-09-23,40.400001525878906,40.75,40.29999923706055,40.29999923706055,298138
2025-09-24,40.20000076293945,40.25,39.95000076293945,39.95000076293945,403681
2025-09-25,40.0,40.20000076293945,39.79999923706055,39.95000076293945,267068
2025-09-26,39.95000076293945,40.0,39.54999923706055,39.59999847412109,525040
2025-09-30,39.84999847412109,39.84999847412109,39.45000076293945,39.650001525878906,266352
2025-10-01,39.650001525878906,39.900001525878906,39.650001525878906,39.75,281293
2025-10-02,39.84999847412109,40.04999923706055,39.84999847412109,39.900001525878906,314317
2025-10-03,39.95000076293945,40.04999923706055,39.59999847412109,39.59999847412109,252798
2025-10-07,39.59999847412109,39.59999847412109,39.20000076293945,39.34999847412109,789237
2025-10-08,39.29999923706055,39.34999847412109,39.04999923706055,39.20000076293945,497038
2025-10-09,39.20000076293945,39.5,39.150001525878906,39.29999923706055,358651
2025-10-13,39.0,39.150001525878906,38.400001525878906,39.04999923706055,607166
2025-10-14,39.04999923706055,39.25,39.0,39.25,528463
2025-10-15,39.20000076293945,39.20000076293945,38.70000076293945,38.70000076293945,2275933
2025-10-16,39.25,39.54999923706055,38.75,39.0,497002
2025-10-17,39.20000076293945,39.5,39.0,39.0,458109
2025-10-20,39.04999923706055,39.20000076293945,38.59999847412109,38.75,562166
2025-10-21,38.75,38.79999923706055,38.59999847412109,38.59999847412109,480336
2025-10-22,38.59999847412109,38.79999923706055,38.5,38.75,558300
2025-10-23,38.75,39.29999923706055,38.75,39.20000076293945,358869
2025-10-27,39.20000076293945,39.29999923706055,38.75,38.84999847412109,396236
2025-10-28,39.0,39.20000076293945,38.59999847412109,38.79999923706055,490313
2025-10-29,38.79999923706055,38.79999923706055,38.29999923706055,38.59999847412109,937336
2025-10-30,38.75,39.150001525878906,38.59999847412109,39.09999847412109,536389
2025-10-31,39.09999847412109,39.150001525878906,38.59999847412109,38.70000076293945,546448
2025-11-03,38.70000076293945,38.84999847412109,38.29999923706055,38.84999847412109,716140
2025-11-04,38.59999847412109,38.59999847412109,38.29999923706055,38.5,532301
2025-11-05,38.45000076293945,38.650001525878906,38.0,38.650001525878906,549050
2025-11-06,38.79999923706055,39.45000076293945,38.75,39.45000076293945,700271
2025-11-07,39.29999923706055,40.09999847412109,39.29999923706055,39.79999923706055,1226674
2025-11-10,39.79999923706055,39.95000076293945,39.400001525878906,39.84999847412109,674744
2025-11-11,39.79999923706055,39.79999923706055,38.70000076293945,38.79999923706055,728217
2025-11-12,38.79999923706055,39.75,38.79999923706055,39.650001525878906,547058
2025-11-13,39.95000076293945,40.150001525878906,39.34999847412109,39.400001525878906,553111
2025-11-14,38.70000076293945,39.09999847412109,38.650001525878906,38.650001525878906,536447
2025-11-17,38.75,38.75,38.04999923706055,38.45000076293945,498001
2025-11-18,38.45000076293945,38.45000076293945,37.79999923706055,37.84999847412109,799317
2025-11-19,38.0,38.0,37.45000076293945,37.54999923706055,654104
2025-11-20,37.70000076293945,37.84999847412109,37.59999847412109,37.59999847412109,215815
2025-11-21,37.75,37.75,37.29999923706055,37.400001525878906,360000
2025-11-24,37.400001525878906,37.54999923706055,37.400001525878906,37.400001525878906,203061
2025-11-25,37.400001525878906,37.400001525878906,37.0,37.09999847412109,647409
2025-11-26,37.0,38.0,37.0,38.0,320114
2025-11-27,37.650001525878906,37.95000076293945,37.650001525878906,37.84999847412109,211572
2025-11-28,37.79999923706055,38.59999847412109,37.79999923706055,38.34999847412109,604050
2025-12-01,38.34999847412109,38.79999923706055,38.150001525878906,38.25,225007
2025-12-02,38.25,38.45000076293945,38.09999847412109,38.29999923706055,248300
2025-12-03,38.29999923706055,38.54999923706055,38.20000076293945,38.25,112375
2025-12-04,38.29999923706055,38.5,38.25,38.25,129302
2025-12-05,38.25,38.400001525878906,37.900001525878906,38.09999847412109,303147
2025-12-08,38.0,38.09999847412109,37.650001525878906,37.84999847412109,264178
2025-12-09,37.79999923706055,37.79999923706055,37.54999923706055,37.59999847412109,298104
2025-12-10,37.5,37.59999847412109,37.20000076293945,37.20000076293945,454334
2025-12-11,37.29999923706055,37.84999847412109,37.25,37.75,320469
2025-12-12,37.75,38.150001525878906,37.75,37.900001525878906,297336
2025-12-15,38.04999923706055,38.5,37.900001525878906,38.45000076293945,273095
2025-12-16,38.29999923706055,38.59999847412109,38.20000076293945,38.59999847412109,318176
2025-12-17,38.650001525878906,38.84999847412109,38.54999923706055,38.59999847412109,261058
2025-12-18,38.5,39.150001525878906,38.5,39.09999847412109,537118
2025-12-19,39.09999847412109,39.75,39.09999847412109,39.75,682852
2025-12-22,39.75,39.75,39.20000076293945,39.34999847412109,214445
2025-12-23,39.34999847412109,39.34999847412109,38.95000076293945,39.04999923706055,163547
2025-12-24,39.04999923706055,39.29999923706055,38.84999847412109,38.900001525878906,152752
2025-12-26,38.900001525878906,39.25,38.84999847412109,39.09999847412109,202105
2025-12-29,39.09999847412109,39.79999923706055,39.09999847412109,39.54999923706055,467267
2025-12-30,39.400001525878906,39.45000076293945,38.84999847412109,39.150001525878906,383100
2025-12-31,39.0,39.29999923706055,38.900001525878906,39.20000076293945,139537
2026-01-02,39.04999923706055,39.45000076293945,39.04999923706055,39.04999923706055,217614
2026-01-05,39.04999923706055,39.04999923706055,38.650001525878906,38.70000076293945,232275
2026-01-06,38.70000076293945,38.79999923706055,38.5,38.54999923706055,321616
2026-01-07,38.59999847412109,38.79999923706055,38.54999923706055,38.70000076293945,224795
2026-01-08,38.70000076293945,39.0,38.70000076293945,38.75,199100
2026-01-09,38.79999923706055,39.0,38.75,38.84999847412109,289123
2026-01-12,38.900001525878906,39.29999923706055,38.900001525878906,39.25,377200
2026-01-13,39.25,39.25,38.45000076293945,38.45000076293945,476623
2026-01-14,38.400001525878906,38.5,38.25,38.25,415310
2026-01-15,38.29999923706055,38.34999847412109,38.09999847412109,38.150001525878906,333161
2026-01-16,38.20000076293945,38.25,37.900001525878906,37.900001525878906,518620
2026-01-19,37.84999847412109,38.0,37.650001525878906,37.70000076293945,515327
2026-01-20,37.75,37.95000076293945,37.59999847412109,37.650001525878906,453362
2026-01-21,37.59999847412109,37.59999847412109,37.34999847412109,37.54999923706055,367269
2026-01-22,37.650001525878906,37.95000076293945,37.650001525878906,37.84999847412109,273388
2026-01-23,37.84999847412109,38.25,37.84999847412109,38.0,258169
2026-01-26,37.900001525878906,38.20000076293945,37.900001525878906,38.09999847412109,268000
2026-01-27,38.09999847412109,38.400001525878906,37.79999923706055,37.84999847412109,269001
2026-01-28,37.900001525878906,38.0,37.45000076293945,37.59999847412109,432142
2026-01-29,37.59999847412109,37.84999847412109,37.5,37.75,225673
2026-01-30,37.70000076293945,37.75,37.54999923706055,37.54999923706055,158011
2026-02-02,37.54999923706055,37.54999923706055,37.04999923706055,37.20000076293945,477009
2026-02-03,37.25,37.45000076293945,37.09999847412109,37.45000076293945,155035
2026-02-04,37.45000076293945,37.70000076293945,37.45000076293945,37.70000076293945,210042
2026-02-05,37.59999847412109,38.0,37.59999847412109,37.79999923706055,266209
2026-02-06,37.79999923706055,37.79999923706055,37.20000076293945,37.45000076293945,223266
2026-02-09,37.45000076293945,37.650001525878906,37.400001525878906,37.59999847412109,208051
2026-02-10,37.29999923706055,37.34999847412109,37.20000076293945,37.34999847412109,398177
2026-02-11,37.34999847412109,37.34999847412109,37.04999923706055,37.34999847412109,398770
2026-02-23,37.34999847412109,38.0,37.29999923706055,37.79999923706055,830926
2026-02-24,38.0,38.29999923706055,38.0,38.20000076293945,459293
2026-02-25,38.400001525878906,38.400001525878906,38.0,38.150001525878906,310009
2026-02-26,38.150001525878906,38.34999847412109,38.0,38.20000076293945,411456
2026-03-02,38.20000076293945,38.20000076293945,37.75,38.0,461709
2026-03-03,38.0,38.0,37.70000076293945,38.0,204001
2026-03-04,38.0,38.0,37.29999923706055,37.34999847412109,508996
2026-03-05,37.34999847412109,37.70000076293945,37.20000076293945,37.5,356119
2026-03-06,37.34999847412109,37.400001525878906,37.0,37.29999923706055,388436
2026-03-09,36.900001525878906,36.900001525878906,36.0,36.34999847412109,790831
2026-03-10,36.70000076293945,36.70000076293945,36.09999847412109,36.20000076293945,497079
2026-03-11,36.20000076293945,36.25,35.849998474121094,36.150001525878906,554102
2026-03-12,36.0,36.150001525878906,35.5,35.849998474121094,700056
2026-03-13,35.599998474121094,35.849998474121094,35.54999923706055,35.599998474121094,447038
2026-03-16,35.650001525878906,36.0,35.650001525878906,35.70000076293945,335521
2026-03-17,35.75,36.150001525878906,35.75,36.150001525878906,315046
2026-03-18,36.25,36.29999923706055,36.0,36.150001525878906,349161
2026-03-19,36.0,36.0,35.650001525878906,35.650001525878906,318010
2026-03-20,35.54999923706055,35.70000076293945,35.5,35.599998474121094,376002
2026-03-23,35.29999923706055,35.349998474121094,35.04999923706055,35.150001525878906,297250
2026-03-24,35.29999923706055,35.29999923706055,35.099998474121094,35.25,259005
2026-03-25,35.54999923706055,35.75,35.349998474121094,35.75,167450
2026-03-26,35.75,36.04999923706055,35.599998474121094,35.95000076293945,183965
2026-03-27,36.0,36.09999847412109,35.900001525878906,36.0,210005
2026-03-30,35.5,36.20000076293945,35.5,35.95000076293945,176259
2026-03-31,35.95000076293945,36.75,35.95000076293945,36.400001525878906,389018
2026-04-01,36.400001525878906,36.70000076293945,36.400001525878906,36.59999847412109,196684
2026-04-02,36.59999847412109,36.650001525878906,36.150001525878906,36.29999923706055,168003
2026-04-07,36.29999923706055,36.29999923706055,36.04999923706055,36.150001525878906,158002
2026-04-08,36.25,36.45000076293945,36.150001525878906,36.400001525878906,241194
2026-04-09,36.29999923706055,36.29999923706055,36.04999923706055,36.150001525878906,168000
2026-04-10,36.150001525878906,36.34999847412109,36.09999847412109,36.09999847412109,183050
2026-04-13,36.09999847412109,36.45000076293945,36.09999847412109,36.25,291991
2026-04-14,36.29999923706055,36.54999923706055,36.29999923706055,36.34999847412109,204533
2026-04-15,36.400001525878906,38.04999923706055,36.29999923706055,37.04999923706055,718618
2026-04-16,37.20000076293945,37.25,36.650001525878906,36.95000076293945,277716
2026-04-17,36.95000076293945,37.04999923706055,36.70000076293945,36.70000076293945,147018
2026-04-20,36.70000076293945,36.79999923706055,36.04999923706055,36.20000076293945,348495
2026-04-21,36.20000076293945,36.29999923706055,36.0,36.150001525878906,261255
2026-04-22,36.150001525878906,36.20000076293945,36.0,36.04999923706055,279960
2026-04-23,36.0,36.0,35.70000076293945,35.75,393270
2026-04-24,35.79999923706055,36.04999923706055,35.75,35.849998474121094,186100
2026-04-27,35.75,35.849998474121094,35.5,35.599998474121094,329703
2026-04-28,35.75,35.849998474121094,35.349998474121094,35.400001525878906,276433
2026-04-29,35.400001525878906,35.45000076293945,35.29999923706055,35.349998474121094,275260
2026-04-30,35.400001525878906,35.45000076293945,35.04999923706055,35.099998474121094,418010
2026-05-04,35.20000076293945,35.25,35.0,35.04999923706055,508362
2026-05-05,35.099998474121094,35.099998474121094,34.75,34.849998474121094,605440
2026-05-06,34.79999923706055,34.849998474121094,34.5,34.599998474121094,704530
2026-05-07,34.54999923706055,34.599998474121094,34.349998474121094,34.349998474121094,538557
2026-05-08,34.54999923706055,34.650001525878906,34.25,34.349998474121094,662040
2026-05-11,34.349998474121094,34.349998474121094,34.04999923706055,34.150001525878906,543352
2026-05-12,34.099998474121094,34.099998474121094,33.70000076293945,33.75,605160
2026-05-13,33.599998474121094,33.599998474121094,33.099998474121094,33.29999923706055,617563
2026-05-14,33.29999923706055,33.75,33.25,33.5,462476
2026-05-15,33.04999923706055,33.04999923706055,32.349998474121094,32.900001525878906,836101
2026-05-18,32.900001525878906,32.900001525878906,32.20000076293945,32.5,821304
2026-05-19,32.5,33.150001525878906,32.349998474121094,32.70000076293945,521383
2026-05-20,32.75,33.0,32.54999923706055,33.0,310502
2026-05-21,33.0,33.400001525878906,32.900001525878906,33.349998474121094,346883
2026-05-22,33.349998474121094,33.349998474121094,33.0,33.25,374578
2026-05-25,33.29999923706055,33.29999923706055,32.70000076293945,32.900001525878906,662708
2026-05-26,32.849998474121094,33.20000076293945,32.849998474121094,33.04999923706055,544454
2026-05-27,33.099998474121094,33.099998474121094,32.849998474121094,32.900001525878906,691060
2026-05-28,31.5,31.5,31.0,31.200000762939453,744059
2026-05-29,31.0,31.299999237060547,31.0,31.25,521199
2026-06-01,31.100000381469727,31.14999961853028,30.600000381469727,30.799999237060547,1258596
2026-06-02,30.89999961853028,31.200000762939453,30.600000381469727,31.14999961853028,622894
2026-06-03,31.14999961853028,31.450000762939453,30.950000762939453,31.350000381469727,494444
2026-06-04,31.350000381469727,31.39999961853028,31.14999961853028,31.25,442717
2026-06-05,31.14999961853028,31.39999961853028,31.100000381469727,31.39999961853028,364138
2026-06-08,30.799999237060547,31.049999237060547,30.25,30.850000381469727,427341
2026-06-09,30.799999237060547,31.450000762939453,30.799999237060547,31.14999961853028,319046
2026-06-10,31.049999237060547,31.5,31.049999237060547,31.450000762939453,360101
2026-06-11,31.450000762939453,31.450000762939453,31.14999961853028,31.350000381469727,271001
2026-06-12,31.549999237060547,31.75,31.39999961853028,31.549999237060547,314559
2026-06-15,31.799999237060547,31.799999237060547,31.5,31.5,267010
2026-06-16,31.5,31.64999961853028,31.350000381469727,31.549999237060547,221155
2026-06-17,31.549999237060547,31.64999961853028,31.350000381469727,31.450000762939453,239014
2026-06-18,31.5,31.850000381469727,31.5,31.799999237060547,294529
2026-06-22,31.799999237060547,31.799999237060547,31.25,31.450000762939453,324112
2026-06-23,31.39999961853028,31.600000381469727,31.350000381469727,31.5,264003
2026-06-24,31.5,31.700000762939453,31.39999961853028,31.549999237060547,337001
2026-06-25,31.549999237060547,31.75,31.549999237060547,31.64999961853028,229015
2026-06-26,31.5,31.700000762939453,31.25,31.25,288013
2026-06-29,31.299999237060547,31.549999237060547,31.299999237060547,31.5,209314
2026-06-30,31.5,31.700000762939453,31.39999961853028,31.5,218100
2026-07-01,31.600000381469727,31.600000381469727,31.350000381469727,31.450000762939453,171823
2026-07-02,31.600000381469727,31.600000381469727,31.450000762939453,31.5,159396
2026-07-03,31.600000381469727,32.70000076293945,31.600000381469727,32.54999923706055,719623
2026-07-06,33.45000076293945,34.25,33.400001525878906,33.849998474121094,1157201
2026-07-07,33.849998474121094,34.0,33.20000076293945,33.349998474121094,659069
2026-07-08,33.349998474121094,33.599998474121094,33.150001525878906,33.150001525878906,230628
2026-07-09,33.650001525878906,33.650001525878906,32.54999923706055,32.599998474121094,398556
2026-07-10,32.599998474121094,32.599998474121094,32.599998474121094,32.599998474121094,0
2026-07-13,32.599998474121094,32.900001525878906,32.599998474121094,32.70000076293945,252388
2026-07-14,32.849998474121094,32.849998474121094,32.45000076293945,32.849998474121094,327101
2026-07-15,33.0,34.0,33.0,33.75,480402
2026-07-16,33.900001525878906,33.900001525878906,33.5,33.650001525878906,252169
2026-07-17,33.650001525878906,34.099998474121094,33.5,33.900001525878906,550168
2026-07-20,34.150001525878906,34.150001525878906,33.349998474121094,33.900001525878906,355540
2026-07-21,33.900001525878906,34.25,33.900001525878906,33.95000076293945,321041
2026-07-22,33.95000076293945,34.150001525878906,33.45000076293945,33.5,305436
2026-07-23,33.599998474121094,33.599998474121094,33.20000076293945,33.25,147510
2026-07-24,33.29999923706055,33.349998474121094,33.150001525878906,33.349998474121094,171584
2026-07-27,33.54999923706055,33.54999923706055,33.20000076293945,33.29999923706055,159154
2026-07-28,33.099998474121094,33.349998474121094,33.0,33.349998474121094,243109
2026-07-29,33.400001525878906,34.150001525878906,33.20000076293945,34.0,767715
2026-07-30,33.79999923706055,34.25,33.79999923706055,34.20000076293945,528366
2026-07-31,34.20000076293945,34.5,33.70000076293945,33.75,243656
2026-08-03,33.75,33.79999923706055,33.099998474121094,33.20000076293945,253416
2026-08-04,33.0,33.54999923706055,33.0,33.54999923706055,277044
2026-08-05,33.54999923706055,33.54999923706055,33.25,33.29999923706055,135287
2026-08-06,33.099998474121094,33.349998474121094,33.099998474121094,33.29999923706055,116000
2026-08-07,33.29999923706055,33.599998474121094,33.29999923706055,33.5,175050
2026-08-10,33.650001525878906,33.650001525878906,33.20000076293945,33.349998474121094,82003
2026-08-11,33.349998474121094,33.599998474121094,33.29999923706055,33.349998474121094,114111
2026-08-12,33.29999923706055,33.400001525878906,33.099998474121094,33.20000076293945,139067
2026-08-13,33.29999923706055,33.29999923706055,32.75,32.849998474121094,247000
2026-08-14,32.849998474121094,32.849998474121094,32.0,32.20000076293945,424409
2026-08-17,32.20000076293945,32.20000076293945,32.04999923706055,32.150001525878906,205052
2026-08-18,32.0,32.150001525878906,32.0,32.099998474121094,182067
2026-08-19,32.45000076293945,32.45000076293945,32.0,32.20000076293945,199001
2026-08-20,32.29999923706055,32.75,32.29999923706055,32.75,173103
2026-08-21,32.75,33.04999923706055,32.75,33.04999923706055,118041
2026-08-24,33.099998474121094,33.150001525878906,32.75,33.04999923706055,127071
2026-08-25,33.0,33.150001525878906,32.70000076293945,32.70000076293945,114008
2026-08-26,32.900001525878906,33.0,32.75,32.95000076293945,126001
2026-08-27,32.95000076293945,33.04999923706055,32.849998474121094,32.849998474121094,136005
2026-08-28,32.900001525878906,32.900001525878906,32.650001525878906,32.75,109009
2026-08-31,32.900001525878906,32.900001525878906,32.599998474121094,32.75,112491
2026-09-01,32.599998474121094,32.900001525878906,32.599998474121094,32.79999923706055,201646
2026-09-02,32.79999923706055,32.79999923706055,32.45000076293945,32.599998474121094,141547
2026-09-03,32.599998474121094,32.75,32.45000076293945,32.45000076293945,122000
2026-09-04,32.45000076293945,32.599998474121094,32.29999923706055,32.599998474121094,168116
2026-09-07,32.900001525878906,32.900001525878906,32.5,32.599998474121094,94002
2026-09-08,32.599998474121094,32.70000076293945,32.5,32.599998474121094,137117
2026-09-09,32.54999923706055,32.599998474121094,32.45000076293945,32.599998474121094,81001
2026-09-10,32.400001525878906,32.650001525878906,32.400001525878906,32.54999923706055,93034
2026-09-11,32.400001525878906,32.45000076293945,32.150001525878906,32.20000076293945,163251
2026-09-14,32.20000076293945,32.400001525878906,32.099998474121094,32.400001525878906,103001
2026-09-15,32.099998474121094,32.349998474121094,32.099998474121094,32.349998474121094,122000
2026-09-16,32.349998474121094,32.349998474121094,32.150001525878906,32.29999923706055,76217
2026-09-17,32.349998474121094,32.70000076293945,32.29999923706055,32.70000076293945,116040
2026-09-18,32.75,32.95000076293945,32.650001525878906,32.95000076293945,187201
2026-09-21,32.95000076293945,33.45000076293945,32.95000076293945,33.25,287092
2026-09-22,33.349998474121094,33.349998474121094,33.04999923706055,33.25,147241
2026-09-23,33.25,33.25,32.900001525878906,33.0,229040
2026-09-24,33.0,33.099998474121094,32.849998474121094,33.0,80042
2026-09-29,33.0,33.099998474121094,32.95000076293945,32.95000076293945,128000
2026-09-30,33.0,33.099998474121094,32.95000076293945,33.04999923706055,170044
2026-10-01,33.0,34.0,32.849998474121094,33.45000076293945,225039
2026-10-02,33.29999923706055,33.29999923706055,33.0,33.150001525878906,103082
2026-10-05,33.150001525878906,33.150001525878906,32.75,32.79999923706055,117199
2026-10-06,32.79999923706055,32.79999923706055,32.5,32.70000076293945,109546
