date,open,high,low,close,volume
2020-01-02,30.14999961853028,30.39999961853028,30.14999961853028,30.200000762939453,478236
2020-01-03,30.200000762939453,30.350000381469727,29.950000762939453,30.200000762939453,494586
2020-01-06,30.100000381469727,30.200000762939453,29.89999961853028,30.14999961853028,518349
2020-01-07,30.200000762939453,30.200000762939453,29.89999961853028,30.0,419363
2020-01-08,29.75,30.0,29.5,29.600000381469727,667919
2020-01-09,29.700000762939453,29.89999961853028,29.64999961853028,29.89999961853028,142682
2020-01-10,29.799999237060547,29.950000762939453,29.75,29.950000762939453,210612
2020-01-13,29.89999961853028,30.0,29.75,30.0,377802
2020-01-14,30.0,30.14999961853028,30.0,30.100000381469727,334700
2020-01-15,30.200000762939453,30.39999961853028,30.100000381469727,30.200000762939453,578667
2020-01-16,30.14999961853028,30.25,30.100000381469727,30.25,263425
2020-01-17,30.200000762939453,30.25,30.100000381469727,30.25,186449
2020-01-20,30.25,30.25,30.0,30.049999237060547,484359
2020-01-30,30.89999961853028,31.75,30.450000762939453,31.450000762939453,5279681
2020-01-31,31.450000762939453,31.450000762939453,30.299999237060547,30.299999237060547,1744123
2020-02-03,30.600000381469727,31.14999961853028,29.450000762939453,29.5,2510813
2020-02-04,29.5,29.850000381469727,29.5,29.850000381469727,754185
2020-02-05,29.950000762939453,29.950000762939453,29.549999237060547,29.700000762939453,579202
2020-02-06,29.75,29.89999961853028,29.549999237060547,29.850000381469727,728627
2020-02-07,29.799999237060547,29.850000381469727,29.64999961853028,29.64999961853028,636841
2020-02-10,29.950000762939453,29.950000762939453,29.5,29.5,692349
2020-02-11,29.5,29.600000381469727,29.450000762939453,29.5,458872
2020-02-12,29.600000381469727,29.799999237060547,29.600000381469727,29.799999237060547,427326
2020-02-13,29.700000762939453,29.850000381469727,29.64999961853028,29.700000762939453,549500
2020-02-14,29.700000762939453,29.75,29.600000381469727,29.600000381469727,590247
2020-02-17,29.600000381469727,29.950000762939453,29.600000381469727,29.75,428893
2020-02-18,29.75,30.100000381469727,29.75,30.0,614842
2020-02-19,29.950000762939453,30.350000381469727,29.950000762939453,30.299999237060547,714809
2020-02-20,30.39999961853028,30.64999961853028,30.25,30.549999237060547,996300
2020-02-21,30.600000381469727,30.700000762939453,30.5,30.5,831326
2020-02-24,30.600000381469727,30.75,30.25,30.299999237060547,856146
2020-02-25,30.25,30.450000762939453,30.14999961853028,30.39999961853028,873503
2020-02-26,30.299999237060547,30.5,30.299999237060547,30.350000381469727,420738
2020-02-27,30.350000381469727,30.350000381469727,30.0,30.0,670452
2020-03-02,29.600000381469727,30.5,29.600000381469727,30.25,1113470
2020-03-03,30.350000381469727,30.450000762939453,30.049999237060547,30.25,382414
2020-03-04,30.100000381469727,30.200000762939453,29.950000762939453,30.100000381469727,354099
2020-03-05,30.25,30.299999237060547,30.14999961853028,30.200000762939453,330493
2020-03-06,30.25,30.450000762939453,30.049999237060547,30.14999961853028,603729
2020-03-09,29.89999961853028,29.89999961853028,29.39999961853028,29.5,1901610
2020-03-10,30.0,30.450000762939453,28.549999237060547,29.5,3671091
2020-03-11,29.200000762939453,29.299999237060547,28.700000762939453,28.700000762939453,1038776
2020-03-12,28.299999237060547,28.299999237060547,26.64999961853028,26.64999961853028,1714493
2020-03-13,25.0,25.5,24.25,24.850000381469727,3221614
2020-03-16,25.0,25.25,24.5,24.89999961853028,1101994
2020-03-17,24.200000762939453,24.850000381469727,24.200000762939453,24.39999961853028,1134868
2020-03-18,24.600000381469727,25.100000381469727,24.350000381469727,24.549999237060547,628664
2020-03-19,24.0,24.0,22.39999961853028,23.0,1584436
2020-03-20,23.5,24.14999961853028,23.5,23.700000762939453,881556
2020-03-23,23.350000381469727,24.200000762939453,23.100000381469727,23.600000381469727,537913
2020-03-24,23.89999961853028,24.299999237060547,23.700000762939453,24.14999961853028,465289
2020-03-25,24.950000762939453,25.39999961853028,24.600000381469727,25.39999961853028,951355
2020-03-26,25.5,25.549999237060547,24.799999237060547,25.200000762939453,841614
2020-03-27,25.799999237060547,26.200000762939453,25.5,25.600000381469727,1395295
2020-03-30,25.600000381469727,27.25,25.299999237060547,26.89999961853028,2136967
2020-03-31,27.100000381469727,27.14999961853028,26.549999237060547,26.850000381469727,1182416
2020-04-01,27.100000381469727,27.14999961853028,26.700000762939453,26.950000762939453,628530
2020-04-06,27.100000381469727,27.75,26.89999961853028,27.600000381469727,1550206
2020-04-07,27.89999961853028,28.350000381469727,27.700000762939453,27.950000762939453,1137182
2020-04-08,28.64999961853028,29.25,28.549999237060547,29.0,3469512
2020-04-09,28.700000762939453,28.700000762939453,28.14999961853028,28.25,1555318
2020-04-10,28.299999237060547,28.5,27.950000762939453,28.25,857408
2020-04-13,28.25,28.850000381469727,28.100000381469727,28.799999237060547,867960
2020-04-14,28.799999237060547,29.0,28.700000762939453,28.850000381469727,818865
2020-04-15,28.950000762939453,28.950000762939453,28.700000762939453,28.89999961853028,572184
2020-04-16,28.700000762939453,28.89999961853028,28.549999237060547,28.75,447858
2020-04-17,28.950000762939453,29.14999961853028,28.600000381469727,28.600000381469727,943290
2020-04-20,28.600000381469727,29.200000762939453,28.5,29.200000762939453,1021258
2020-04-21,29.14999961853028,29.5,28.200000762939453,28.200000762939453,1509543
2020-04-22,27.89999961853028,28.700000762939453,27.5,28.5,618437
2020-04-23,28.549999237060547,29.100000381469727,28.5,28.850000381469727,598714
2020-04-24,28.850000381469727,29.25,28.799999237060547,28.799999237060547,478180
2020-04-27,29.0,29.350000381469727,28.89999961853028,29.200000762939453,1021245
2020-04-28,29.350000381469727,29.350000381469727,29.100000381469727,29.25,521541
2020-04-29,29.299999237060547,29.799999237060547,29.25,29.600000381469727,1104701
2020-04-30,30.200000762939453,30.39999961853028,29.799999237060547,30.25,1570069
2020-05-04,29.600000381469727,30.0,29.549999237060547,29.700000762939453,641557
2020-05-05,30.5,32.29999923706055,30.350000381469727,32.099998474121094,3417204
2020-05-06,35.29999923706055,35.29999923706055,33.54999923706055,33.54999923706055,12806916
2020-05-07,34.45000076293945,36.900001525878906,34.29999923706055,36.900001525878906,13772553
2020-05-08,40.0,40.54999923706055,37.84999847412109,38.150001525878906,21083525
2020-05-11,38.34999847412109,39.650001525878906,35.0,37.75,9770680
2020-05-12,38.5,39.34999847412109,36.5,37.5,4875076
2020-05-13,37.5,41.04999923706055,37.0,38.900001525878906,18014333
2020-05-14,38.900001525878906,39.0,36.150001525878906,36.29999923706055,8671766
2020-05-15,37.04999923706055,37.900001525878906,35.95000076293945,36.5,4462597
2020-05-18,36.79999923706055,38.0,36.54999923706055,36.79999923706055,4130575
2020-05-19,37.150001525878906,37.5,35.5,35.70000076293945,4299758
2020-05-20,35.900001525878906,36.09999847412109,35.0,35.150001525878906,2916318
2020-05-21,35.79999923706055,36.650001525878906,35.400001525878906,35.400001525878906,3057132
2020-05-22,35.20000076293945,35.79999923706055,34.79999923706055,35.0,2395475
2020-05-25,35.150001525878906,36.54999923706055,34.79999923706055,36.34999847412109,3716537
2020-05-26,36.0,36.29999923706055,35.04999923706055,35.349998474121094,5060369
2020-05-27,35.79999923706055,35.900001525878906,35.0,35.45000076293945,2125224
2020-05-28,35.45000076293945,36.20000076293945,35.45000076293945,35.54999923706055,2276718
2020-05-29,35.599998474121094,37.400001525878906,35.599998474121094,37.400001525878906,3584311
2020-06-01,37.20000076293945,37.20000076293945,36.400001525878906,36.45000076293945,3859620
2020-06-02,36.59999847412109,36.75,36.09999847412109,36.09999847412109,2132373
2020-06-03,36.34999847412109,37.54999923706055,36.25,36.5,3938899
2020-06-04,37.09999847412109,37.59999847412109,36.54999923706055,36.70000076293945,3113477
2020-06-05,37.09999847412109,37.5,36.900001525878906,36.900001525878906,1722235
2020-06-08,36.900001525878906,37.09999847412109,36.5,36.650001525878906,1870324
2020-06-09,36.75,36.75,36.0,36.0,2212756
2020-06-10,36.0,36.0,35.150001525878906,35.349998474121094,2706324
2020-06-11,35.54999923706055,36.45000076293945,35.5,35.650001525878906,3033987
2020-06-12,35.099998474121094,35.45000076293945,34.70000076293945,35.29999923706055,2168637
2020-06-15,35.400001525878906,37.20000076293945,35.349998474121094,36.650001525878906,4365182
2020-06-16,38.0,38.45000076293945,37.04999923706055,37.29999923706055,8354170
2020-06-17,38.29999923706055,40.79999923706055,38.09999847412109,39.25,22712255
2020-06-18,41.84999847412109,43.150001525878906,41.29999923706055,43.150001525878906,23185958
2020-06-19,43.150001525878906,43.29999923706055,40.79999923706055,41.45000076293945,14690456
2020-06-22,41.75,42.20000076293945,40.84999847412109,40.900001525878906,5110023
2020-06-23,41.5,41.5,39.34999847412109,39.900001525878906,5740955
2020-06-24,40.0,40.20000076293945,39.20000076293945,39.54999923706055,2501514
2020-06-29,39.79999923706055,40.20000076293945,39.25,39.25,2473953
2020-06-30,39.59999847412109,39.650001525878906,38.29999923706055,38.900001525878906,2894808
2020-07-01,39.20000076293945,40.09999847412109,38.84999847412109,39.79999923706055,3084955
2020-07-02,39.95000076293945,40.20000076293945,39.54999923706055,40.150001525878906,2399043
2020-07-03,40.900001525878906,40.900001525878906,39.75,39.75,3054565
2020-07-06,40.25,40.650001525878906,39.70000076293945,40.0,2848351
2020-07-07,39.5,39.5,38.54999923706055,38.70000076293945,4083691
2020-07-08,38.54999923706055,39.900001525878906,38.5,39.25,2877610
2020-07-09,39.59999847412109,40.20000076293945,39.20000076293945,39.20000076293945,4438096
2020-07-10,39.400001525878906,39.650001525878906,38.400001525878906,38.5,4683491
2020-07-13,37.09999847412109,37.150001525878906,36.400001525878906,36.84999847412109,5240100
2020-07-14,37.09999847412109,37.79999923706055,36.84999847412109,37.5,2079664
2020-07-15,37.59999847412109,37.650001525878906,36.29999923706055,36.400001525878906,1905021
2020-07-16,36.650001525878906,37.20000076293945,36.400001525878906,36.59999847412109,902364
2020-07-17,36.70000076293945,36.79999923706055,34.900001525878906,35.20000076293945,2875176
2020-07-20,35.45000076293945,37.5,34.599998474121094,37.20000076293945,3276004
2020-07-21,37.150001525878906,37.25,35.75,36.0,3407085
2020-07-22,36.0,36.95000076293945,36.0,36.5,1770501
2020-07-23,36.54999923706055,36.900001525878906,36.400001525878906,36.70000076293945,890822
2020-07-24,36.75,36.95000076293945,35.900001525878906,35.95000076293945,1436793
2020-07-27,35.849998474121094,35.849998474121094,34.150001525878906,34.25,2291095
2020-07-28,34.04999923706055,35.20000076293945,33.599998474121094,34.0,1619431
2020-07-29,34.150001525878906,35.20000076293945,34.099998474121094,34.25,2046093
2020-07-30,34.45000076293945,34.900001525878906,34.20000076293945,34.900001525878906,835363
2020-07-31,35.0,35.75,34.650001525878906,35.599998474121094,784107
2020-08-03,35.5,36.20000076293945,35.349998474121094,35.70000076293945,1187849
2020-08-04,35.79999923706055,37.79999923706055,35.79999923706055,37.09999847412109,2581509
2020-08-05,37.09999847412109,37.84999847412109,36.79999923706055,37.54999923706055,1942840
2020-08-06,37.54999923706055,39.09999847412109,37.54999923706055,37.84999847412109,3157977
2020-08-07,37.84999847412109,38.09999847412109,37.150001525878906,37.34999847412109,1414024
2020-08-10,37.59999847412109,38.79999923706055,37.59999847412109,38.25,2513825
2020-08-11,38.25,38.400001525878906,36.84999847412109,36.95000076293945,1999250
2020-08-12,37.09999847412109,38.04999923706055,36.70000076293945,37.5,1291574
2020-08-13,37.400001525878906,38.150001525878906,37.150001525878906,37.900001525878906,1406253
2020-08-14,37.54999923706055,38.20000076293945,37.54999923706055,38.150001525878906,1076056
2020-08-17,38.45000076293945,39.34999847412109,38.150001525878906,38.20000076293945,3162461
2020-08-18,38.20000076293945,38.79999923706055,37.650001525878906,37.95000076293945,1352930
2020-08-19,38.0,38.59999847412109,37.650001525878906,37.900001525878906,1245632
2020-08-20,38.20000076293945,38.900001525878906,36.70000076293945,37.400001525878906,5512815
2020-08-21,38.0,40.400001525878906,37.900001525878906,40.04999923706055,8057778
2020-08-24,42.5,43.25,41.09999847412109,42.04999923706055,16046696
2020-08-25,41.54999923706055,43.0,41.09999847412109,42.900001525878906,8239284
2020-08-26,42.900001525878906,45.79999923706055,42.09999847412109,45.25,14474940
2020-08-27,45.25,46.20000076293945,44.04999923706055,45.09999847412109,7335486
2020-08-28,45.09999847412109,48.150001525878906,45.04999923706055,45.79999923706055,14594392
2020-08-31,46.79999923706055,47.900001525878906,46.150001525878906,46.95000076293945,8173318
2020-09-01,47.5,48.59999847412109,46.0,48.59999847412109,8485672
2020-09-02,48.650001525878906,49.20000076293945,46.79999923706055,47.0,12519635
2020-09-03,47.5,48.79999923706055,47.04999923706055,47.79999923706055,5844232
2020-09-04,46.95000076293945,49.400001525878906,46.59999847412109,48.70000076293945,8540797
2020-09-07,49.34999847412109,49.84999847412109,48.0,48.0,4925845
2020-09-08,48.29999923706055,51.79999923706055,48.20000076293945,51.09999847412109,14622672
2020-09-09,50.79999923706055,52.5,49.5,51.5,8845227
2020-09-10,51.79999923706055,53.5,50.400001525878906,51.09999847412109,9134632
2020-09-11,51.09999847412109,51.09999847412109,47.75,47.75,10004869
2020-09-14,48.34999847412109,50.70000076293945,48.20000076293945,48.20000076293945,7662670
2020-09-15,48.95000076293945,50.400001525878906,48.25,49.70000076293945,4312073
2020-09-16,49.70000076293945,49.95000076293945,48.0,48.20000076293945,4086950
2020-09-17,48.25,49.20000076293945,48.20000076293945,48.29999923706055,2896157
2020-09-18,48.5,50.70000076293945,48.5,49.09999847412109,7529359
2020-09-21,49.34999847412109,50.29999923706055,48.59999847412109,48.650001525878906,4304379
2020-09-22,48.650001525878906,48.95000076293945,47.20000076293945,48.900001525878906,3701219
2020-09-23,48.59999847412109,50.5,48.09999847412109,48.650001525878906,4801695
2020-09-24,47.29999923706055,49.29999923706055,47.29999923706055,47.650001525878906,3778760
2020-09-25,48.09999847412109,48.900001525878906,46.45000076293945,47.09999847412109,4492068
2020-09-28,47.95000076293945,49.79999923706055,47.70000076293945,49.59999847412109,5355360
2020-09-29,50.0,51.5,48.54999923706055,50.900001525878906,9788395
2020-09-30,51.29999923706055,52.0,49.34999847412109,49.900001525878906,12236640
2020-10-05,50.20000076293945,54.79999923706055,49.5,51.29999923706055,24322923
2020-10-06,51.400001525878906,51.5,50.0,51.0,9171116
2020-10-07,51.29999923706055,53.900001525878906,50.59999847412109,53.59999847412109,11187308
2020-10-08,53.59999847412109,55.0,52.59999847412109,53.79999923706055,11682403
2020-10-12,53.79999923706055,55.09999847412109,52.5,53.29999923706055,10160155
2020-10-13,53.59999847412109,56.29999923706055,53.0,55.400001525878906,16334262
2020-10-14,55.79999923706055,60.5,55.5,59.0,24012456
2020-10-15,60.0,60.59999847412109,57.09999847412109,58.5,11612259
2020-10-16,57.79999923706055,59.900001525878906,57.70000076293945,57.900001525878906,7108464
2020-10-19,58.5,60.400001525878906,58.20000076293945,59.20000076293945,7172735
2020-10-20,59.5,62.900001525878906,59.400001525878906,62.20000076293945,22741364
2020-10-21,62.400001525878906,64.19999694824219,61.70000076293945,63.29999923706055,17831742
2020-10-22,62.900001525878906,63.79999923706055,61.09999847412109,61.09999847412109,9249141
2020-10-23,62.09999847412109,63.5,61.400001525878906,63.09999847412109,6907389
2020-10-26,64.19999694824219,68.4000015258789,63.59999847412109,66.69999694824219,18771995
2020-10-27,66.5999984741211,73.30000305175781,65.9000015258789,69.5,31602168
2020-10-28,70.9000015258789,73.5,70.4000015258789,73.5,23306705
2020-10-29,72.80000305175781,74.4000015258789,71.0,73.5,19870002
2020-10-30,74.0,79.0,73.5999984741211,77.19999694824219,39129894
2020-11-02,78.69999694824219,79.5,69.5,69.5,53808955
2020-11-03,69.9000015258789,72.30000305175781,67.5,72.30000305175781,37363411
2020-11-04,72.30000305175781,72.30000305175781,69.5999984741211,71.5999984741211,17469591
2020-11-05,71.0,73.19999694824219,70.9000015258789,72.0,12260265
2020-11-06,72.0999984741211,73.0999984741211,69.5,72.19999694824219,12829881
2020-11-09,72.4000015258789,76.4000015258789,71.4000015258789,73.80000305175781,19160018
2020-11-10,68.5,69.4000015258789,66.5,66.5,18704331
2020-11-11,65.0,66.5,60.5,62.400001525878906,31129492
2020-11-12,64.0999984741211,64.9000015258789,61.09999847412109,61.70000076293945,19331066
2020-11-13,62.0,64.0,61.5,62.5,13937902
2020-11-16,62.5,62.900001525878906,60.5,61.29999923706055,9194086
2020-11-17,59.900001525878906,62.20000076293945,59.0,61.70000076293945,13379791
2020-11-18,61.70000076293945,62.29999923706055,60.29999923706055,60.59999847412109,7729181
2020-11-19,61.09999847412109,61.400001525878906,60.400001525878906,60.400001525878906,4689185
2020-11-20,60.70000076293945,61.09999847412109,60.29999923706055,60.70000076293945,2853383
2020-11-23,61.900001525878906,62.0,61.0,61.70000076293945,5104863
2020-11-24,62.29999923706055,62.900001525878906,60.59999847412109,61.0,7915207
2020-11-25,61.59999847412109,61.59999847412109,60.0,61.0,5646552
2020-11-26,61.0,61.20000076293945,59.70000076293945,60.0,4098019
2020-11-27,59.900001525878906,60.900001525878906,59.0,60.29999923706055,5315989
2020-11-30,61.0,62.29999923706055,60.79999923706055,61.400001525878906,5493604
2020-12-01,61.5,62.0,60.5,60.59999847412109,3448365
2020-12-02,61.0,61.79999923706055,59.400001525878906,61.5,5586828
2020-12-03,61.5,61.5,60.0,60.09999847412109,3984409
2020-12-04,60.09999847412109,61.29999923706055,59.79999923706055,60.70000076293945,3436907
2020-12-07,62.29999923706055,62.400001525878906,60.5,60.59999847412109,6062404
2020-12-08,60.70000076293945,61.70000076293945,60.5,61.09999847412109,2990917
2020-12-09,61.900001525878906,62.400001525878906,60.59999847412109,60.79999923706055,4429726
2020-12-10,60.79999923706055,63.20000076293945,60.5,61.400001525878906,9085669
2020-12-11,61.59999847412109,62.20000076293945,60.29999923706055,60.29999923706055,3828850
2020-12-14,60.400001525878906,60.59999847412109,56.79999923706055,57.5,9756086
2020-12-15,57.0,58.20000076293945,56.0,56.400001525878906,6432645
2020-12-16,57.09999847412109,58.0,56.0,57.59999847412109,5398329
2020-12-17,57.400001525878906,58.0,56.20000076293945,58.0,4040264
2020-12-18,58.0,61.400001525878906,58.0,60.59999847412109,7563562
2020-12-21,61.400001525878906,63.79999923706055,60.29999923706055,63.29999923706055,12730696
2020-12-22,63.20000076293945,68.0,62.29999923706055,65.0,16213646
2020-12-23,66.0,67.0,61.20000076293945,61.70000076293945,13450430
2020-12-24,62.400001525878906,62.900001525878906,61.09999847412109,61.20000076293945,3611018
2020-12-25,61.5,61.79999923706055,60.0,60.09999847412109,3967269
2020-12-28,60.59999847412109,62.20000076293945,59.59999847412109,61.20000076293945,3937590
2020-12-29,61.20000076293945,61.5,60.20000076293945,60.29999923706055,2106624
2020-12-30,60.400001525878906,61.09999847412109,60.09999847412109,60.59999847412109,1333162
2020-12-31,61.0,62.0,60.59999847412109,61.09999847412109,2750653
2021-01-04,61.5,61.5,58.59999847412109,59.09999847412109,5482307
2021-01-05,58.70000076293945,59.0,57.20000076293945,57.59999847412109,5102449
2021-01-06,57.59999847412109,58.79999923706055,57.5,57.900001525878906,2318545
2021-01-07,58.59999847412109,58.70000076293945,57.29999923706055,58.20000076293945,1665128
2021-01-08,60.09999847412109,61.20000076293945,59.29999923706055,59.5,5143299
2021-01-11,60.0,61.400001525878906,59.29999923706055,61.0,3802805
2021-01-12,61.0,62.79999923706055,60.59999847412109,61.0,6311172
2021-01-13,61.0,61.29999923706055,60.20000076293945,60.20000076293945,2789435
2021-01-14,60.59999847412109,60.900001525878906,59.79999923706055,60.09999847412109,1644672
2021-01-15,60.20000076293945,60.5,58.09999847412109,58.09999847412109,3012084
2021-01-18,59.0,61.5,58.29999923706055,58.29999923706055,6436158
2021-01-19,58.59999847412109,59.70000076293945,58.400001525878906,58.70000076293945,1579909
2021-01-20,59.70000076293945,60.900001525878906,58.900001525878906,60.70000076293945,5788005
2021-01-21,59.59999847412109,60.400001525878906,58.20000076293945,58.70000076293945,5255356
2021-01-22,58.29999923706055,59.400001525878906,58.29999923706055,58.900001525878906,2037074
2021-01-25,60.0,61.70000076293945,59.79999923706055,60.5,7104911
2021-01-26,60.59999847412109,64.80000305175781,60.29999923706055,61.70000076293945,14735662
2021-01-27,62.20000076293945,63.29999923706055,60.79999923706055,62.900001525878906,8100036
2021-01-28,60.900001525878906,62.0,58.900001525878906,59.0,9947634
2021-01-29,59.0,59.59999847412109,57.29999923706055,57.400001525878906,4487721
2021-02-01,57.5,60.70000076293945,56.79999923706055,60.400001525878906,5856151
2021-02-02,59.70000076293945,60.400001525878906,59.0,59.20000076293945,2663345
2021-02-03,59.29999923706055,59.59999847412109,58.0,58.09999847412109,2600907
2021-02-04,58.09999847412109,58.79999923706055,57.5,57.59999847412109,2646168
2021-02-05,58.900001525878906,59.59999847412109,58.20000076293945,58.29999923706055,3117862
2021-02-17,59.0,59.09999847412109,57.79999923706055,58.79999923706055,2573706
2021-02-18,59.0,60.29999923706055,58.59999847412109,59.400001525878906,3085036
2021-02-19,59.59999847412109,59.59999847412109,58.5,58.79999923706055,2506794
2021-02-22,59.0,63.0,58.79999923706055,62.59999847412109,9970698
2021-02-23,63.5,66.19999694824219,62.79999923706055,65.5,15237561
2021-02-24,66.0,66.0999984741211,63.09999847412109,63.20000076293945,8944738
2021-02-25,63.59999847412109,66.69999694824219,63.09999847412109,64.0,10428496
2021-02-26,63.29999923706055,65.0,62.59999847412109,64.30000305175781,5136657
2021-03-02,64.5999984741211,65.30000305175781,62.5,62.5,4773927
2021-03-03,62.5,62.5,60.70000076293945,61.5,4592017
2021-03-04,61.900001525878906,66.0,61.59999847412109,63.900001525878906,8505188
2021-03-05,64.5,70.0,63.900001525878906,70.0,20474386
2021-03-08,71.0,74.9000015258789,67.69999694824219,68.5999984741211,46472419
2021-03-09,69.9000015258789,73.4000015258789,69.30000305175781,73.30000305175781,26985598
2021-03-10,72.80000305175781,75.5,71.5999984741211,72.5,19760090
2021-03-11,72.0,74.0,71.4000015258789,71.9000015258789,9398800
2021-03-12,72.9000015258789,73.69999694824219,72.0,73.0,6972274
2021-03-15,74.5,74.5999984741211,71.9000015258789,72.0,6450988
2021-03-16,72.5,76.5,72.4000015258789,75.5999984741211,16772336
2021-03-17,75.0999984741211,77.4000015258789,74.5999984741211,77.4000015258789,8629243
2021-03-18,76.9000015258789,77.0,74.0999984741211,74.5999984741211,17915858
2021-03-19,74.5999984741211,76.5,74.30000305175781,76.4000015258789,9372868
2021-03-22,76.9000015258789,82.9000015258789,76.9000015258789,81.0999984741211,17522764
2021-03-23,81.5,86.5999984741211,81.5,86.30000305175781,19998962
2021-03-24,85.5999984741211,88.80000305175781,85.0,85.80000305175781,13739603
2021-03-25,86.19999694824219,88.0,84.9000015258789,87.80000305175781,8114479
2021-03-26,88.5,96.5,87.9000015258789,95.6999969482422,29669929
2021-03-29,96.0999984741211,101.0,94.9000015258789,99.0,23611892
2021-03-30,100.5,101.5,97.0999984741211,100.0,13706135
2021-03-31,101.0,110.0,101.0,110.0,12057913
2021-04-01,114.5,119.0,110.5,111.0,16591504
2021-04-07,125.0,129.5,121.0,129.5,14620110
2021-04-08,139.5,142.0,138.0,142.0,5782993
2021-04-09,146.0,156.0,146.0,156.0,7592272
2021-04-12,160.0,170.0,160.0,166.0,7118351
2021-04-13,166.0,166.0,149.5,149.5,4008399
2021-04-14,141.0,141.0,135.0,135.0,4295656
2021-04-15,135.0,138.5,133.0,138.5,6214560
2021-04-16,138.5,145.5,138.5,144.0,3213598
2021-04-19,149.0,149.0,139.5,139.5,3143920
2021-04-20,137.5,137.5,133.0,136.5,3691530
2021-04-21,139.5,147.0,139.5,143.0,3515770
2021-04-22,146.5,147.0,133.0,134.5,3237410
2021-04-23,133.5,139.0,133.5,137.0,1649357
2021-04-26,141.0,147.0,141.0,147.0,2267296
2021-04-27,154.0,154.0,143.0,143.0,6001962
2021-04-28,140.0,140.5,129.0,131.5,20922011
2021-04-29,129.5,140.5,124.0,136.5,16037971
2021-05-03,136.5,147.5,133.0,135.0,14243600
2021-05-04,140.0,144.5,128.0,143.0,17938310
2021-05-05,143.0,145.0,134.5,134.5,11466354
2021-05-06,135.0,140.0,130.5,132.0,7188846
2021-05-07,138.5,141.0,134.0,139.0,10734283
2021-05-10,141.0,141.5,135.0,135.5,6511003
2021-05-11,136.5,143.5,135.0,139.5,19506220
2021-05-12,142.0,153.0,131.5,142.0,51191819
2021-05-13,150.0,155.0,140.0,142.0,41535257
2021-05-14,143.5,144.0,128.0,128.0,24600411
2021-05-17,117.0,128.0,115.5,115.5,14366479
2021-05-18,115.5,122.0,109.0,120.0,25795263
2021-05-19,117.0,125.0,110.5,125.0,20599203
2021-05-20,125.0,128.5,117.0,118.5,15429336
2021-05-21,120.0,129.5,119.0,128.0,16891095
2021-05-24,128.0,133.0,125.0,126.0,13170709
2021-05-25,127.5,129.5,123.5,126.5,7691050
2021-05-26,128.0,135.0,126.0,127.5,14709056
2021-05-27,127.5,135.0,125.5,134.0,10774259
2021-05-28,135.5,137.0,130.5,131.0,11268273
2021-05-31,133.5,136.0,130.5,131.0,7507852
2021-06-01,132.5,137.0,131.0,137.0,9416158
2021-06-02,138.0,146.5,134.0,139.0,22163983
2021-06-03,139.5,143.0,139.0,139.5,8653871
2021-06-04,140.5,143.0,135.5,137.0,6862824
2021-06-07,137.0,139.0,131.5,135.5,9730367
2021-06-08,138.0,141.5,136.5,138.0,8731376
2021-06-09,140.0,143.5,136.0,137.0,12607730
2021-06-10,137.5,138.5,133.0,137.0,5346202
2021-06-11,138.0,140.0,137.5,139.5,8055153
2021-06-15,142.5,146.0,140.0,145.5,10523691
2021-06-16,148.5,152.0,137.0,138.0,20756946
2021-06-17,135.5,141.5,135.0,141.0,6319858
2021-06-18,142.0,144.0,137.0,144.0,9891052
2021-06-21,142.0,145.0,140.0,144.5,10613870
2021-06-22,147.0,152.0,146.0,148.5,21618668
2021-06-23,151.5,156.5,147.0,150.0,24658735
2021-06-24,152.5,165.0,151.0,165.0,40541135
2021-06-25,166.0,176.0,161.5,166.0,45740549
2021-06-28,170.0,174.5,158.0,159.0,30815465
2021-06-29,157.0,159.0,144.0,145.0,26633754
2021-06-30,147.0,148.5,142.0,143.5,11747605
2021-07-01,144.0,146.5,139.0,140.5,9264223
2021-07-02,141.0,143.5,136.5,138.0,8344549
2021-07-05,139.0,141.0,135.0,138.5,7665690
2021-07-06,140.0,140.5,136.5,137.0,4254458
2021-07-07,135.0,135.5,125.5,127.5,17083993
2021-07-08,128.0,131.5,128.0,129.0,6321956
2021-07-09,128.0,133.0,127.0,130.5,6297936
2021-07-12,133.0,133.5,128.5,130.0,3654480
2021-07-13,131.0,131.0,123.0,125.0,7739358
2021-07-14,127.0,129.0,121.0,128.0,5714702
2021-07-15,128.0,131.0,127.5,129.5,2799610
2021-07-16,129.0,129.0,127.0,127.0,1557686
2021-07-19,127.0,129.0,125.0,128.0,1984412
2021-07-20,130.0,131.5,125.0,125.0,5444787
2021-07-21,127.5,127.5,122.5,124.0,4044031
2021-07-22,127.0,127.0,123.0,123.5,2027219
2021-07-23,124.0,130.0,123.5,128.5,4258032
2021-07-26,129.5,129.5,124.5,124.5,4212439
2021-07-27,125.0,126.0,121.5,121.5,2732905
2021-07-28,121.5,127.0,121.0,121.5,6072873
2021-07-29,125.0,125.5,122.0,123.5,2804063
2021-07-30,125.0,127.5,123.0,123.0,3117100
2021-08-02,123.0,126.5,122.5,126.0,1854744
2021-08-03,126.5,127.0,124.5,125.5,1415641
2021-08-04,126.5,128.0,125.5,126.0,1467884
2021-08-05,126.0,126.5,124.5,125.5,1830895
2021-08-06,122.5,125.5,122.0,124.0,2212804
2021-08-09,123.0,124.5,120.0,120.5,2872175
2021-08-10,120.5,121.0,116.0,117.5,4597150
2021-08-11,116.5,118.0,112.5,114.5,4224339
2021-08-12,114.5,123.5,114.5,121.5,4998830
2021-08-13,120.0,122.0,114.5,114.5,4458292
2021-08-16,113.0,115.5,109.0,111.0,4268226
2021-08-17,111.0,111.0,111.0,111.0,0
2021-08-18,105.0,112.5,103.0,111.5,4036993
2021-08-19,110.5,113.5,108.5,109.0,2265737
2021-08-20,110.0,111.5,108.0,111.0,1949945
2021-08-23,113.0,114.0,111.5,111.5,1744728
2021-08-24,112.0,112.5,109.0,110.0,1436000
2021-08-25,109.5,112.0,109.0,110.5,1273768
2021-08-26,111.0,111.0,109.0,109.5,856450
2021-08-27,109.5,115.0,109.0,113.5,2789217
2021-08-30,114.0,115.0,110.5,110.5,2157628
2021-08-31,111.0,111.0,107.0,107.5,2043657
2021-09-01,107.5,109.0,106.5,107.5,1550491
2021-09-02,108.0,108.0,103.5,103.5,2436151
2021-09-03,104.0,105.0,103.0,103.5,1428117
2021-09-06,103.5,106.0,100.0,105.0,2748574
2021-09-07,104.0,108.5,103.5,107.5,2721859
2021-09-08,107.5,108.5,102.0,102.0,4719253
2021-09-09,102.0,106.0,101.5,105.0,1841209
2021-09-10,104.0,105.0,101.5,102.5,1928751
2021-09-13,102.5,107.0,102.5,106.0,2731501
2021-09-14,107.0,107.5,104.0,104.5,1210876
2021-09-15,104.5,105.0,103.0,104.0,764701
2021-09-16,104.5,104.5,101.0,102.0,1758529
2021-09-17,102.5,105.0,102.5,103.0,1653129
2021-09-22,101.5,101.5,96.0,96.0,6830480
2021-09-23,96.5999984741211,97.5,94.6999969482422,94.6999969482422,5556036
2021-09-24,95.3000030517578,95.3000030517578,90.9000015258789,91.0999984741211,9668136
2021-09-27,90.5999984741211,93.6999969482422,90.5999984741211,92.4000015258789,4679125
2021-09-28,91.1999969482422,93.4000015258789,91.1999969482422,91.6999969482422,1865154
2021-09-29,90.6999969482422,92.0,89.9000015258789,89.9000015258789,2502654
2021-09-30,90.9000015258789,91.5999984741211,89.4000015258789,91.4000015258789,3146076
2021-10-01,91.3000030517578,91.8000030517578,88.0,88.0999984741211,3528162
2021-10-04,88.80000305175781,89.4000015258789,85.0,85.19999694824219,3579934
2021-10-05,84.19999694824219,89.19999694824219,83.0999984741211,87.9000015258789,3656421
2021-10-06,88.19999694824219,89.4000015258789,86.0,86.0,2401236
2021-10-07,87.69999694824219,90.3000030517578,86.80000305175781,89.9000015258789,2615056
2021-10-08,88.5999984741211,88.5999984741211,85.5999984741211,86.30000305175781,3968890
2021-10-12,85.9000015258789,88.19999694824219,85.5,86.5,2669321
2021-10-13,86.9000015258789,87.5999984741211,85.80000305175781,86.0,1176891
2021-10-14,86.4000015258789,86.5,82.0999984741211,83.80000305175781,2721910
2021-10-15,85.30000305175781,86.0,84.0999984741211,85.0999984741211,1708055
2021-10-18,84.5,85.69999694824219,82.0999984741211,84.30000305175781,2226883
2021-10-19,84.30000305175781,85.5999984741211,83.80000305175781,85.5,1393793
2021-10-20,85.30000305175781,85.5,83.5,84.0,2024750
2021-10-21,84.0,85.5999984741211,83.5999984741211,83.5999984741211,2536110
2021-10-22,84.9000015258789,85.9000015258789,83.5,83.9000015258789,2696824
2021-10-25,83.5,85.19999694824219,83.5,84.80000305175781,1290528
2021-10-26,85.19999694824219,86.30000305175781,85.0,85.0,1491242
2021-10-27,85.0,85.0,82.30000305175781,82.4000015258789,3156893
2021-10-28,81.5999984741211,83.0999984741211,81.5999984741211,82.4000015258789,1470334
2021-10-29,82.4000015258789,83.0999984741211,81.4000015258789,81.5,1644030
2021-11-01,81.5,83.0999984741211,81.0,82.30000305175781,1954591
2021-11-02,82.69999694824219,83.69999694824219,81.5,81.5999984741211,1807142
2021-11-03,81.69999694824219,82.5,81.0999984741211,81.5999984741211,1651926
2021-11-04,82.19999694824219,82.4000015258789,81.5,81.5,1187000
2021-11-05,80.80000305175781,80.80000305175781,77.5,78.80000305175781,5068416
2021-11-08,78.80000305175781,81.9000015258789,78.80000305175781,81.5999984741211,2624821
2021-11-09,81.5999984741211,81.5999984741211,79.0,80.0,2434192
2021-11-10,80.30000305175781,81.80000305175781,80.0999984741211,80.69999694824219,2464826
2021-11-11,81.0,81.9000015258789,80.5,80.5,1523795
2021-11-12,81.30000305175781,81.30000305175781,80.0999984741211,80.30000305175781,1028380
2021-11-15,80.19999694824219,80.69999694824219,79.0,79.5,1999256
2021-11-16,79.69999694824219,80.5999984741211,79.69999694824219,80.4000015258789,1064846
2021-11-17,80.5999984741211,80.69999694824219,79.9000015258789,80.5,838377
2021-11-18,80.80000305175781,82.19999694824219,79.69999694824219,82.0,2671924
2021-11-19,82.5999984741211,82.5999984741211,80.19999694824219,80.4000015258789,2206042
2021-11-22,80.5999984741211,82.4000015258789,80.5,82.0999984741211,2318223
2021-11-23,81.9000015258789,86.5,81.80000305175781,85.5999984741211,7556601
2021-11-24,86.0999984741211,86.19999694824219,82.4000015258789,83.80000305175781,7769502
2021-11-25,84.0,85.30000305175781,83.4000015258789,83.5999984741211,2644650
2021-11-26,83.9000015258789,91.6999969482422,83.69999694824219,88.69999694824219,15100944
2021-11-29,92.3000030517578,95.5,89.0,89.5,21665308
2021-11-30,88.5,88.5999984741211,84.4000015258789,84.80000305175781,9033522
2021-12-01,86.9000015258789,87.69999694824219,84.80000305175781,85.0999984741211,4836315
2021-12-02,85.5,86.5,85.0999984741211,85.19999694824219,3135367
2021-12-03,85.5999984741211,85.80000305175781,84.0,84.5,3066566
2021-12-06,85.0999984741211,85.19999694824219,84.0,84.19999694824219,1788963
2021-12-07,83.0,83.5999984741211,81.0999984741211,81.5,5641149
2021-12-08,81.5999984741211,81.5999984741211,80.19999694824219,80.30000305175781,3342750
2021-12-09,80.19999694824219,80.30000305175781,79.30000305175781,79.69999694824219,2581478
2021-12-10,80.5999984741211,82.30000305175781,80.5,80.5999984741211,2594255
2021-12-13,80.69999694824219,80.69999694824219,79.69999694824219,79.69999694824219,1506937
2021-12-14,79.69999694824219,80.4000015258789,78.5999984741211,78.80000305175781,2353530
2021-12-15,78.80000305175781,81.19999694824219,78.69999694824219,81.0,3133515
2021-12-16,82.0,83.5,81.5,83.4000015258789,4058680
2021-12-17,84.4000015258789,85.30000305175781,83.5,83.9000015258789,6230584
2021-12-20,83.9000015258789,86.5999984741211,82.69999694824219,85.5999984741211,5659146
2021-12-21,86.19999694824219,88.69999694824219,86.0,87.19999694824219,10375710
2021-12-22,87.19999694824219,88.4000015258789,86.19999694824219,86.80000305175781,6591554
2021-12-23,86.4000015258789,87.4000015258789,86.0999984741211,86.0999984741211,3696694
2021-12-24,86.19999694824219,86.4000015258789,84.0,84.5999984741211,3530317
2021-12-27,84.69999694824219,85.4000015258789,84.0,84.19999694824219,1634273
2021-12-28,84.69999694824219,85.19999694824219,83.9000015258789,84.5,1346122
2021-12-29,84.69999694824219,85.0999984741211,84.30000305175781,85.0999984741211,1056375
2021-12-30,85.5,86.80000305175781,85.0,85.19999694824219,2453454
2022-01-03,85.5999984741211,85.5999984741211,83.80000305175781,85.0,1457352
2022-01-04,85.0,85.80000305175781,83.9000015258789,85.0999984741211,1544302
2022-01-05,85.30000305175781,85.5999984741211,84.4000015258789,84.5,1018097
2022-01-06,85.30000305175781,86.4000015258789,84.5,84.80000305175781,2502853
2022-01-07,84.69999694824219,86.19999694824219,84.0999984741211,86.0,3452945
2022-01-10,87.0999984741211,91.5999984741211,87.0,87.0999984741211,15476320
2022-01-11,87.69999694824219,87.80000305175781,84.0,84.19999694824219,4272847
2022-01-12,84.5999984741211,84.9000015258789,83.4000015258789,84.0,1666739
2022-01-13,83.80000305175781,85.9000015258789,83.80000305175781,85.5999984741211,1979612
2022-01-14,85.30000305175781,86.0,83.80000305175781,86.0,2203231
2022-01-17,86.4000015258789,86.69999694824219,85.30000305175781,85.5999984741211,1341745
2022-01-18,85.9000015258789,86.0999984741211,84.9000015258789,84.9000015258789,929705
2022-01-19,84.80000305175781,85.5,83.80000305175781,84.30000305175781,1227024
2022-01-20,84.5,85.0,83.69999694824219,85.0,1092840
2022-01-21,84.0999984741211,84.9000015258789,83.0999984741211,83.0999984741211,1912126
2022-01-24,84.19999694824219,86.5999984741211,83.69999694824219,85.19999694824219,6257301
2022-01-25,85.69999694824219,85.9000015258789,84.0999984741211,84.5,2511514
2022-01-26,84.69999694824219,84.69999694824219,83.5999984741211,83.69999694824219,1246144
2022-02-07,84.30000305175781,84.5999984741211,83.69999694824219,84.30000305175781,1029785
2022-02-08,84.4000015258789,85.69999694824219,84.4000015258789,85.4000015258789,1767940
2022-02-09,85.69999694824219,86.5999984741211,85.30000305175781,85.5,2281618
2022-02-10,85.69999694824219,85.80000305175781,84.69999694824219,85.0999984741211,971560
2022-02-11,84.0999984741211,84.30000305175781,81.19999694824219,81.19999694824219,5658262
2022-02-14,80.0,80.0,78.5999984741211,79.4000015258789,2206380
2022-02-15,79.4000015258789,80.5,79.4000015258789,80.0,1128710
2022-02-16,80.69999694824219,81.19999694824219,80.4000015258789,80.9000015258789,844314
2022-02-17,81.0,81.30000305175781,80.0999984741211,80.30000305175781,1429500
2022-02-18,79.9000015258789,80.80000305175781,79.30000305175781,80.5,775420
2022-02-21,80.0999984741211,80.4000015258789,79.9000015258789,80.19999694824219,692401
2022-02-22,80.0999984741211,80.0999984741211,78.80000305175781,79.0,1381121
2022-02-23,78.9000015258789,79.5,78.69999694824219,79.0999984741211,702743
2022-02-24,78.69999694824219,78.80000305175781,76.0,76.30000305175781,3032383
2022-02-25,76.19999694824219,76.9000015258789,74.0999984741211,74.30000305175781,2825751
2022-03-01,74.4000015258789,75.30000305175781,72.5,75.0999984741211,3272750
2022-03-02,74.19999694824219,74.9000015258789,73.9000015258789,74.19999694824219,1086582
2022-03-03,75.0,75.19999694824219,74.19999694824219,74.5,782227
2022-03-04,74.0,74.30000305175781,73.0999984741211,73.0999984741211,1088437
2022-03-07,70.5,70.69999694824219,68.4000015258789,69.69999694824219,3655698
2022-03-08,68.5999984741211,71.0,68.5999984741211,69.5999984741211,3154800
2022-03-09,72.5999984741211,76.5,72.30000305175781,76.5,5585116
2022-03-10,81.19999694824219,82.0,80.19999694824219,81.30000305175781,12965847
2022-03-11,81.0999984741211,81.80000305175781,79.4000015258789,81.80000305175781,5370192
2022-03-14,81.80000305175781,82.0,80.30000305175781,81.69999694824219,3118456
2022-03-15,82.30000305175781,82.69999694824219,81.0,81.4000015258789,3051581
2022-03-16,81.9000015258789,82.19999694824219,78.80000305175781,79.0999984741211,3044347
2022-03-17,80.0,80.80000305175781,79.0999984741211,79.5,2134717
2022-03-18,79.0999984741211,79.4000015258789,76.5,78.5,8498943
2022-03-21,78.5,78.80000305175781,75.0,75.0,7467755
2022-03-22,74.4000015258789,74.69999694824219,72.30000305175781,72.30000305175781,8846595
2022-03-23,72.9000015258789,73.5,71.4000015258789,72.69999694824219,9926781
2022-03-24,65.80000305175781,65.9000015258789,64.4000015258789,64.80000305175781,10711857
2022-03-25,65.19999694824219,65.4000015258789,63.79999923706055,63.79999923706055,5753248
2022-03-28,64.9000015258789,67.30000305175781,64.5999984741211,65.5,7825045
2022-03-29,65.9000015258789,66.19999694824219,65.0999984741211,65.30000305175781,2575563
2022-03-30,65.9000015258789,66.0,65.30000305175781,65.69999694824219,2112463
2022-03-31,66.0,66.0999984741211,65.0999984741211,65.5,1641172
2022-04-01,65.0,65.0999984741211,64.30000305175781,64.30000305175781,2203027
2022-04-06,64.0999984741211,65.19999694824219,62.70000076293945,62.900001525878906,3580769
2022-04-07,62.29999923706055,62.5,59.79999923706055,59.79999923706055,4678674
2022-04-08,59.900001525878906,60.70000076293945,59.20000076293945,59.29999923706055,1994305
2022-04-11,59.59999847412109,59.900001525878906,56.5,56.5,4592012
2022-04-12,55.70000076293945,58.900001525878906,55.5,58.09999847412109,4868412
2022-04-13,58.5,58.70000076293945,57.20000076293945,57.29999923706055,2353710
2022-04-14,57.59999847412109,58.20000076293945,57.09999847412109,57.09999847412109,1487538
2022-04-15,56.59999847412109,56.70000076293945,55.09999847412109,55.20000076293945,2726135
2022-04-18,55.5,55.900001525878906,53.79999923706055,54.09999847412109,3571771
2022-04-19,55.0,56.0,54.400001525878906,55.5,2294839
2022-04-20,56.20000076293945,58.20000076293945,55.70000076293945,57.79999923706055,9342330
2022-04-21,57.70000076293945,57.79999923706055,55.79999923706055,55.79999923706055,3568914
2022-04-22,55.5,57.0,55.20000076293945,55.29999923706055,3171530
2022-04-25,54.09999847412109,54.400001525878906,53.400001525878906,53.400001525878906,4153236
2022-04-26,54.70000076293945,54.70000076293945,52.59999847412109,53.900001525878906,3593331
2022-04-27,52.70000076293945,53.5,52.400001525878906,52.59999847412109,2180564
2022-04-28,53.20000076293945,53.79999923706055,53.09999847412109,53.400001525878906,1402775
2022-04-29,53.400001525878906,54.900001525878906,53.400001525878906,54.900001525878906,1807087
2022-05-03,54.29999923706055,55.0,53.900001525878906,54.79999923706055,1707577
2022-05-04,54.79999923706055,55.5,54.5,54.59999847412109,1273153
2022-05-05,55.09999847412109,55.70000076293945,54.70000076293945,55.20000076293945,1777569
2022-05-06,54.5,54.5,53.70000076293945,54.0,1003641
2022-05-09,53.09999847412109,53.20000076293945,49.59999847412109,49.95000076293945,4293521
2022-05-10,49.09999847412109,50.5,48.84999847412109,50.29999923706055,3524727
2022-05-11,50.0,50.0,48.900001525878906,49.0,1569701
2022-05-12,48.75,49.09999847412109,48.0,48.0,1978423
2022-05-13,48.20000076293945,48.70000076293945,48.150001525878906,48.20000076293945,962753
2022-05-16,48.70000076293945,48.75,48.0,48.0,782178
2022-05-17,48.400001525878906,48.95000076293945,48.150001525878906,48.84999847412109,857127
2022-05-18,49.0,50.5,49.0,49.79999923706055,1917456
2022-05-19,49.0,49.29999923706055,48.25,49.20000076293945,1305600
2022-05-20,49.95000076293945,50.5,49.75,50.20000076293945,1460760
2022-05-23,50.20000076293945,50.5,49.900001525878906,50.09999847412109,707156
2022-05-24,50.09999847412109,50.5,49.0,49.20000076293945,816258
2022-05-25,49.29999923706055,50.400001525878906,49.25,50.0,930880
2022-05-26,50.5,51.29999923706055,50.09999847412109,50.09999847412109,1428123
2022-05-27,50.29999923706055,50.400001525878906,49.84999847412109,50.0,1179212
2022-05-30,50.400001525878906,51.20000076293945,50.20000076293945,50.900001525878906,1126994
2022-05-31,51.20000076293945,51.5,50.5,51.5,2092558
2022-06-01,51.400001525878906,52.59999847412109,51.29999923706055,52.0,1700495
2022-06-02,51.900001525878906,51.900001525878906,50.79999923706055,51.0,1046440
2022-06-06,51.5,52.400001525878906,51.20000076293945,52.0,1258282
2022-06-07,51.900001525878906,52.20000076293945,51.400001525878906,51.900001525878906,684659
2022-06-08,52.09999847412109,53.0,52.09999847412109,52.5,1359161
2022-06-09,52.5,52.59999847412109,52.20000076293945,52.29999923706055,550501
2022-06-10,52.0,52.0,51.59999847412109,51.59999847412109,628326
2022-06-13,50.29999923706055,50.29999923706055,49.59999847412109,49.59999847412109,1142890
2022-06-14,49.5,49.5,48.400001525878906,48.79999923706055,932160
2022-06-15,48.95000076293945,49.150001525878906,48.650001525878906,48.650001525878906,832479
2022-06-16,48.70000076293945,49.20000076293945,47.150001525878906,47.150001525878906,1509500
2022-06-17,46.29999923706055,47.45000076293945,45.59999847412109,47.09999847412109,1398060
2022-06-20,47.09999847412109,47.150001525878906,45.25,45.25,1677102
2022-06-21,45.34999847412109,46.04999923706055,45.20000076293945,45.84999847412109,1047463
2022-06-22,46.09999847412109,46.09999847412109,43.5,43.5,1169629
2022-06-23,44.0,44.5,43.25,43.59999847412109,1414000
2022-06-24,43.75,45.20000076293945,43.75,44.84999847412109,916916
2022-06-27,45.20000076293945,46.25,45.20000076293945,46.20000076293945,803811
2022-06-28,46.20000076293945,46.5,45.400001525878906,45.54999923706055,543000
2022-06-29,45.5,45.5,44.34999847412109,44.400001525878906,562001
2022-06-30,44.29999923706055,44.29999923706055,42.400001525878906,42.54999923706055,1150360
2022-07-01,42.09999847412109,42.900001525878906,41.04999923706055,41.150001525878906,1498724
2022-07-04,41.150001525878906,42.34999847412109,41.150001525878906,41.84999847412109,950466
2022-07-05,42.650001525878906,43.5,42.59999847412109,43.400001525878906,1049050
2022-07-06,43.54999923706055,43.54999923706055,41.59999847412109,41.59999847412109,616600
2022-07-07,41.650001525878906,42.900001525878906,40.400001525878906,42.59999847412109,1193542
2022-07-08,42.59999847412109,43.400001525878906,42.0,42.900001525878906,1202191
2022-07-11,42.900001525878906,43.20000076293945,41.5,41.650001525878906,731030
2022-07-12,41.5,41.5,39.25,39.25,1309305
2022-07-13,40.0,40.5,39.5,39.54999923706055,1230063
2022-07-14,39.5,40.25,38.70000076293945,40.09999847412109,1949447
2022-07-15,39.70000076293945,40.34999847412109,39.04999923706055,40.150001525878906,1209280
2022-07-18,40.25,41.5,40.25,41.400001525878906,899405
2022-07-19,41.0,42.0,40.900001525878906,41.95000076293945,811443
2022-07-20,42.29999923706055,42.59999847412109,41.900001525878906,42.150001525878906,927030
2022-07-21,42.150001525878906,43.150001525878906,42.150001525878906,43.0,813100
2022-07-22,43.25,43.25,42.20000076293945,42.25,594209
2022-07-25,42.25,42.650001525878906,41.59999847412109,42.400001525878906,468466
2022-07-26,43.0,44.34999847412109,42.59999847412109,42.59999847412109,2874280
2022-07-27,42.59999847412109,43.0,41.29999923706055,42.0,1060865
2022-07-28,42.04999923706055,43.150001525878906,41.400001525878906,42.650001525878906,1396166
2022-07-29,43.20000076293945,43.20000076293945,42.59999847412109,42.79999923706055,553201
2022-08-01,42.84999847412109,42.84999847412109,41.900001525878906,42.25,412729
2022-08-02,41.84999847412109,41.84999847412109,40.34999847412109,40.54999923706055,1012100
2022-08-03,40.400001525878906,40.79999923706055,39.70000076293945,40.29999923706055,1250000
2022-08-04,40.29999923706055,40.45000076293945,39.54999923706055,40.20000076293945,947150
2022-08-05,40.25,40.84999847412109,40.25,40.75,627200
2022-08-08,40.5,40.900001525878906,39.75,40.900001525878906,791421
2022-08-09,40.650001525878906,41.5,40.650001525878906,41.29999923706055,555538
2022-08-10,41.20000076293945,41.75,41.04999923706055,41.54999923706055,789301
2022-08-11,41.650001525878906,42.04999923706055,41.54999923706055,41.75,662601
2022-08-12,41.650001525878906,42.45000076293945,41.650001525878906,42.45000076293945,820363
2022-08-15,43.0,43.29999923706055,42.75,42.95000076293945,907310
2022-08-16,43.20000076293945,43.20000076293945,42.29999923706055,42.29999923706055,391000
2022-08-17,42.29999923706055,43.20000076293945,42.09999847412109,43.09999847412109,918100
2022-08-18,43.0,43.0,42.5,42.70000076293945,369100
2022-08-19,42.79999923706055,43.20000076293945,42.54999923706055,43.20000076293945,637382
2022-08-22,43.20000076293945,43.20000076293945,42.5,42.650001525878906,280000
2022-08-23,42.09999847412109,42.400001525878906,41.900001525878906,42.04999923706055,476451
2022-08-24,42.0,42.45000076293945,41.84999847412109,42.25,706861
2022-08-25,42.29999923706055,42.84999847412109,42.20000076293945,42.45000076293945,474922
2022-08-26,42.54999923706055,43.150001525878906,42.5,43.04999923706055,738469
2022-08-29,42.5,42.5,41.34999847412109,41.59999847412109,1360334
2022-08-30,41.650001525878906,41.70000076293945,41.29999923706055,41.54999923706055,706076
2022-08-31,41.400001525878906,43.09999847412109,41.29999923706055,42.79999923706055,1517512
2022-09-01,42.650001525878906,42.650001525878906,41.79999923706055,41.900001525878906,1012899
2022-09-02,42.0,42.04999923706055,41.5,41.54999923706055,690053
2022-09-05,42.0,42.0,41.400001525878906,41.45000076293945,622615
2022-09-06,41.400001525878906,41.70000076293945,40.29999923706055,40.400001525878906,1315783
2022-09-07,39.95000076293945,40.25,39.84999847412109,40.0,683101
2022-09-08,40.09999847412109,40.59999847412109,40.09999847412109,40.5,562703
2022-09-12,40.70000076293945,41.84999847412109,40.70000076293945,41.70000076293945,689439
2022-09-13,41.75,42.79999923706055,41.70000076293945,41.95000076293945,837852
2022-09-14,40.59999847412109,41.75,40.59999847412109,41.59999847412109,731050
2022-09-15,41.650001525878906,42.400001525878906,41.650001525878906,42.09999847412109,1064201
2022-09-16,42.45000076293945,43.34999847412109,41.900001525878906,41.900001525878906,1665220
2022-09-19,41.900001525878906,41.900001525878906,40.34999847412109,40.54999923706055,1181265
2022-09-20,40.70000076293945,40.900001525878906,40.04999923706055,40.04999923706055,845268
2022-09-21,40.04999923706055,40.20000076293945,39.0,39.0,1379071
2022-09-22,38.59999847412109,38.650001525878906,38.0,38.34999847412109,1082516
2022-09-23,38.5,38.84999847412109,37.59999847412109,37.59999847412109,1010275
2022-09-26,37.0,37.0,35.0,35.04999923706055,1693838
2022-09-27,34.599998474121094,35.599998474121094,34.599998474121094,35.54999923706055,901394
2022-09-28,35.650001525878906,35.650001525878906,33.45000076293945,33.54999923706055,1949921
2022-09-29,34.0,34.70000076293945,33.849998474121094,34.29999923706055,1184212
2022-09-30,34.04999923706055,35.900001525878906,33.70000076293945,35.79999923706055,1719598
2022-10-03,35.400001525878906,36.09999847412109,35.20000076293945,36.09999847412109,682950
2022-10-04,36.29999923706055,37.650001525878906,36.29999923706055,37.400001525878906,1327118
2022-10-05,37.45000076293945,37.650001525878906,37.09999847412109,37.20000076293945,697245
2022-10-06,37.04999923706055,37.79999923706055,36.70000076293945,37.79999923706055,675687
2022-10-07,37.45000076293945,37.70000076293945,37.20000076293945,37.29999923706055,367030
2022-10-11,36.79999923706055,36.84999847412109,35.04999923706055,35.04999923706055,1184002
2022-10-12,34.900001525878906,35.150001525878906,34.25,35.0,739005
2022-10-13,34.70000076293945,34.75,33.04999923706055,33.20000076293945,896660
2022-10-14,34.0,34.75,34.0,34.400001525878906,681393
2022-10-17,34.150001525878906,34.349998474121094,33.20000076293945,34.349998474121094,591002
2022-10-18,34.5,35.5,34.349998474121094,35.04999923706055,719050
2022-10-19,35.0,35.650001525878906,34.75,34.95000076293945,454000
2022-10-20,34.599998474121094,34.70000076293945,33.5,34.20000076293945,2173894
2022-10-21,34.349998474121094,36.20000076293945,34.20000076293945,35.150001525878906,1776262
2022-10-24,35.79999923706055,35.79999923706055,34.599998474121094,34.70000076293945,1008080
2022-10-25,34.849998474121094,34.95000076293945,33.79999923706055,33.95000076293945,763790
2022-10-26,34.0,34.150001525878906,33.349998474121094,33.650001525878906,439400
2022-10-27,33.849998474121094,34.54999923706055,33.849998474121094,34.54999923706055,588535
2022-10-28,34.400001525878906,34.900001525878906,33.599998474121094,33.70000076293945,751142
2022-10-31,33.95000076293945,34.099998474121094,33.5,33.900001525878906,416526
2022-11-01,33.900001525878906,34.25,33.75,34.20000076293945,345150
2022-11-02,34.29999923706055,34.900001525878906,34.20000076293945,34.599998474121094,591345
2022-11-03,34.5,34.95000076293945,34.25,34.900001525878906,511111
2022-11-04,34.900001525878906,34.900001525878906,34.20000076293945,34.79999923706055,436899
2022-11-07,34.25,35.849998474121094,34.25,35.599998474121094,950250
2022-11-08,35.599998474121094,35.849998474121094,35.150001525878906,35.150001525878906,538501
2022-11-09,35.25,36.20000076293945,35.25,35.900001525878906,761541
2022-11-10,35.79999923706055,36.09999847412109,35.29999923706055,35.45000076293945,522050
2022-11-11,36.0,36.34999847412109,35.25,35.29999923706055,922251
2022-11-14,35.29999923706055,36.09999847412109,35.25,36.0,943329
2022-11-15,35.70000076293945,36.29999923706055,35.650001525878906,36.20000076293945,617200
2022-11-16,36.45000076293945,36.54999923706055,35.79999923706055,36.25,846831
2022-11-17,36.09999847412109,36.650001525878906,35.95000076293945,36.59999847412109,718536
2022-11-18,36.84999847412109,37.59999847412109,36.5,36.75,1351418
2022-11-21,36.79999923706055,36.79999923706055,35.900001525878906,36.29999923706055,893440
2022-11-22,36.54999923706055,36.75,36.09999847412109,36.54999923706055,346233
2022-11-23,36.54999923706055,36.84999847412109,36.400001525878906,36.400001525878906,285140
2022-11-24,36.25,37.25,36.25,37.150001525878906,815420
2022-11-25,37.29999923706055,38.45000076293945,37.29999923706055,38.400001525878906,2102921
2022-11-28,38.400001525878906,39.29999923706055,37.59999847412109,37.650001525878906,2596595
2022-11-29,37.79999923706055,37.79999923706055,37.0,37.34999847412109,597235
2022-11-30,37.5,38.900001525878906,37.400001525878906,38.75,1482268
2022-12-01,38.75,39.09999847412109,38.29999923706055,38.70000076293945,800327
2022-12-02,38.70000076293945,38.900001525878906,38.400001525878906,38.54999923706055,411767
2022-12-05,38.79999923706055,39.5,38.5,39.150001525878906,844456
2022-12-06,39.04999923706055,39.04999923706055,37.5,37.54999923706055,1126417
2022-12-07,37.5,37.5,36.54999923706055,36.95000076293945,1194290
2022-12-08,36.650001525878906,36.95000076293945,36.5,36.75,408152
2022-12-09,36.79999923706055,37.150001525878906,36.79999923706055,37.0,355150
2022-12-12,37.29999923706055,37.70000076293945,36.54999923706055,37.70000076293945,461563
2022-12-13,37.79999923706055,38.09999847412109,37.29999923706055,37.45000076293945,537745
2022-12-14,37.45000076293945,38.45000076293945,37.45000076293945,38.25,603207
2022-12-15,38.25,38.650001525878906,38.0,38.25,550104
2022-12-16,37.79999923706055,37.95000076293945,37.34999847412109,37.5,679300
2022-12-19,37.150001525878906,40.95000076293945,37.150001525878906,39.79999923706055,5388648
2022-12-20,40.0,40.25,38.5,38.84999847412109,2650200
2022-12-21,39.0,39.29999923706055,37.54999923706055,37.650001525878906,2005392
2022-12-22,37.84999847412109,38.34999847412109,37.70000076293945,38.29999923706055,622200
2022-12-23,38.29999923706055,38.34999847412109,37.59999847412109,38.20000076293945,604380
2022-12-26,38.20000076293945,40.09999847412109,38.20000076293945,38.95000076293945,1319100
2022-12-27,39.0,39.20000076293945,38.59999847412109,38.900001525878906,458036
2022-12-28,38.75,38.75,37.84999847412109,37.84999847412109,568221
2022-12-29,37.650001525878906,37.84999847412109,37.20000076293945,37.25,641814
2022-12-30,38.0,38.0,37.04999923706055,37.04999923706055,605141
2023-01-03,37.09999847412109,37.45000076293945,36.70000076293945,37.150001525878906,303910
2023-01-04,37.20000076293945,37.75,37.20000076293945,37.54999923706055,270830
2023-01-05,37.70000076293945,39.59999847412109,37.70000076293945,39.04999923706055,2171870
2023-01-06,39.04999923706055,39.900001525878906,39.04999923706055,39.29999923706055,1399100
2023-01-09,39.29999923706055,39.5,38.75,39.25,725563
2023-01-10,39.29999923706055,39.34999847412109,38.79999923706055,38.95000076293945,515049
2023-01-11,38.84999847412109,39.25,38.84999847412109,39.0,314853
2023-01-12,39.150001525878906,39.5,38.79999923706055,38.95000076293945,558101
2023-01-13,38.95000076293945,39.29999923706055,38.54999923706055,38.54999923706055,451102
2023-01-16,38.54999923706055,39.150001525878906,38.29999923706055,38.79999923706055,423310
2023-01-17,38.900001525878906,39.45000076293945,38.79999923706055,39.09999847412109,735301
2023-01-30,39.5,39.79999923706055,39.25,39.400001525878906,1031299
2023-01-31,39.45000076293945,40.29999923706055,39.45000076293945,39.59999847412109,1720933
2023-02-01,40.25,40.25,39.70000076293945,40.04999923706055,803155
2023-02-02,40.54999923706055,41.150001525878906,40.20000076293945,41.04999923706055,2146886
2023-02-03,41.04999923706055,41.59999847412109,40.54999923706055,40.84999847412109,1317023
2023-02-06,40.75,40.75,39.79999923706055,39.900001525878906,917211
2023-02-07,39.84999847412109,40.45000076293945,39.79999923706055,40.400001525878906,720466
2023-02-08,40.45000076293945,42.0,40.400001525878906,41.95000076293945,2329672
2023-02-09,41.900001525878906,42.59999847412109,41.54999923706055,42.0,1826336
2023-02-10,42.0,42.0,41.20000076293945,41.25,1078291
2023-02-13,41.20000076293945,41.20000076293945,40.400001525878906,40.54999923706055,655103
2023-02-14,40.59999847412109,41.09999847412109,40.45000076293945,40.95000076293945,458725
2023-02-15,40.900001525878906,40.900001525878906,40.45000076293945,40.59999847412109,484023
2023-02-16,40.900001525878906,41.29999923706055,40.900001525878906,40.900001525878906,460209
2023-02-17,40.95000076293945,41.900001525878906,40.70000076293945,41.84999847412109,734482
2023-02-20,42.25,42.5,41.900001525878906,42.150001525878906,964618
2023-02-21,42.150001525878906,42.84999847412109,41.900001525878906,42.650001525878906,867683
2023-02-22,42.04999923706055,43.34999847412109,42.0,42.95000076293945,1290200
2023-02-23,43.04999923706055,43.70000076293945,42.70000076293945,42.79999923706055,1120083
2023-02-24,42.95000076293945,43.400001525878906,42.5,43.29999923706055,1187273
2023-03-01,43.29999923706055,43.29999923706055,42.0,42.25,1277100
2023-03-02,42.5,42.95000076293945,41.84999847412109,42.95000076293945,1289552
2023-03-03,43.0,43.0,42.29999923706055,42.34999847412109,579012
2023-03-06,42.400001525878906,42.59999847412109,42.04999923706055,42.150001525878906,465223
2023-03-07,42.45000076293945,43.5,42.29999923706055,43.45000076293945,1454108
2023-03-08,42.95000076293945,44.04999923706055,42.79999923706055,44.04999923706055,2152403
2023-03-09,44.25,44.25,43.04999923706055,44.0,1841904
2023-03-10,43.25,43.79999923706055,43.09999847412109,43.650001525878906,1086442
2023-03-13,43.34999847412109,44.400001525878906,42.59999847412109,44.400001525878906,2384877
2023-03-14,43.95000076293945,48.400001525878906,43.75,46.54999923706055,7792928
2023-03-15,46.70000076293945,46.75,45.20000076293945,45.25,3064931
2023-03-16,44.20000076293945,44.400001525878906,41.54999923706055,41.650001525878906,3661685
2023-03-17,41.70000076293945,43.79999923706055,41.25,43.20000076293945,3046499
2023-03-20,43.20000076293945,43.59999847412109,42.650001525878906,42.650001525878906,852004
2023-03-21,42.79999923706055,43.29999923706055,41.900001525878906,41.900001525878906,1348435
2023-03-22,42.5,42.5,41.84999847412109,41.84999847412109,897031
2023-03-23,41.84999847412109,41.84999847412109,41.09999847412109,41.29999923706055,1193030
2023-03-24,41.29999923706055,42.34999847412109,41.29999923706055,42.20000076293945,923560
2023-03-27,42.5,43.25,42.5,42.54999923706055,1541004
2023-03-28,42.54999923706055,42.54999923706055,41.84999847412109,41.900001525878906,1138374
2023-03-29,41.84999847412109,42.29999923706055,41.79999923706055,41.79999923706055,1510398
2023-03-30,39.84999847412109,40.400001525878906,39.79999923706055,40.20000076293945,2527720
2023-03-31,40.29999923706055,40.29999923706055,39.84999847412109,40.0,709896
2023-04-06,40.0,40.09999847412109,39.650001525878906,40.04999923706055,646491
2023-04-07,39.95000076293945,40.20000076293945,39.79999923706055,39.900001525878906,532390
2023-04-10,40.09999847412109,40.09999847412109,39.20000076293945,39.25,1201355
2023-04-11,39.150001525878906,39.150001525878906,38.54999923706055,38.79999923706055,1054156
2023-04-12,38.70000076293945,39.5,38.70000076293945,39.400001525878906,678640
2023-04-13,39.20000076293945,39.59999847412109,39.20000076293945,39.20000076293945,1315518
2023-04-14,39.09999847412109,39.84999847412109,39.09999847412109,39.54999923706055,664152
2023-04-17,39.45000076293945,39.95000076293945,39.34999847412109,39.84999847412109,500101
2023-04-18,39.84999847412109,39.900001525878906,39.20000076293945,39.29999923706055,637088
2023-04-19,39.70000076293945,39.900001525878906,39.150001525878906,39.400001525878906,479328
2023-04-20,39.54999923706055,39.70000076293945,39.20000076293945,39.34999847412109,313094
2023-04-21,39.25,39.75,39.04999923706055,39.150001525878906,501050
2023-04-24,39.04999923706055,39.09999847412109,38.54999923706055,38.84999847412109,598396
2023-04-25,38.84999847412109,39.04999923706055,37.79999923706055,37.84999847412109,1284846
2023-04-26,37.79999923706055,38.400001525878906,37.45000076293945,38.400001525878906,489537
2023-04-27,38.400001525878906,39.09999847412109,38.20000076293945,38.900001525878906,315000
2023-04-28,39.04999923706055,39.650001525878906,39.04999923706055,39.45000076293945,352509
2023-05-02,39.54999923706055,40.150001525878906,39.400001525878906,39.79999923706055,552567
2023-05-03,39.650001525878906,40.09999847412109,39.54999923706055,39.75,366571
2023-05-04,39.54999923706055,39.95000076293945,39.29999923706055,39.5,190343
2023-05-05,39.45000076293945,39.70000076293945,39.09999847412109,39.34999847412109,217378
2023-05-08,39.34999847412109,39.75,39.150001525878906,39.25,250101
2023-05-09,39.25,39.70000076293945,39.0,39.29999923706055,441015
2023-05-10,38.84999847412109,39.59999847412109,38.84999847412109,39.34999847412109,203020
2023-05-11,39.34999847412109,39.34999847412109,38.5,38.59999847412109,397181
2023-05-12,38.59999847412109,38.650001525878906,38.20000076293945,38.54999923706055,300275
2023-05-15,38.54999923706055,39.09999847412109,38.34999847412109,38.84999847412109,337299
2023-05-16,39.09999847412109,39.29999923706055,38.84999847412109,39.04999923706055,392030
2023-05-17,39.29999923706055,39.5,38.79999923706055,39.5,625424
2023-05-18,39.45000076293945,39.70000076293945,39.25,39.400001525878906,303876
2023-05-19,39.59999847412109,39.59999847412109,38.84999847412109,38.84999847412109,367030
2023-05-22,39.45000076293945,39.45000076293945,38.900001525878906,38.900001525878906,249033
2023-05-23,39.04999923706055,39.34999847412109,38.650001525878906,39.04999923706055,395102
2023-05-24,39.04999923706055,39.59999847412109,38.900001525878906,39.45000076293945,541860
2023-05-25,39.09999847412109,39.400001525878906,39.09999847412109,39.25,386500
2023-05-26,39.29999923706055,39.5,38.09999847412109,38.150001525878906,1544177
2023-05-29,38.34999847412109,38.34999847412109,38.0,38.04999923706055,594040
2023-05-30,38.150001525878906,38.150001525878906,37.59999847412109,37.79999923706055,699906
2023-05-31,37.79999923706055,38.0,37.59999847412109,37.59999847412109,1498749
2023-06-01,37.95000076293945,38.20000076293945,37.650001525878906,38.09999847412109,572500
2023-06-02,38.150001525878906,38.5,38.150001525878906,38.25,408099
2023-06-05,38.34999847412109,38.79999923706055,38.34999847412109,38.54999923706055,509400
2023-06-06,38.70000076293945,39.09999847412109,38.59999847412109,38.70000076293945,494210
2023-06-07,38.70000076293945,38.900001525878906,38.0,38.0,1253332
2023-06-08,38.29999923706055,38.400001525878906,38.09999847412109,38.29999923706055,457303
2023-06-09,38.29999923706055,38.5,38.20000076293945,38.25,433236
2023-06-12,38.25,38.29999923706055,37.900001525878906,38.150001525878906,412073
2023-06-13,38.0,38.20000076293945,37.54999923706055,37.54999923706055,1466986
2023-06-14,37.70000076293945,37.95000076293945,37.20000076293945,37.20000076293945,1688963
2023-06-15,37.34999847412109,37.400001525878906,36.95000076293945,37.400001525878906,2150512
2023-06-16,37.45000076293945,38.25,37.45000076293945,38.25,1101270
2023-06-19,38.29999923706055,38.5,38.29999923706055,38.34999847412109,370227
2023-06-20,38.29999923706055,38.900001525878906,38.29999923706055,38.70000076293945,1022101
2023-06-21,38.75,38.79999923706055,38.09999847412109,38.34999847412109,466001
2023-06-26,38.20000076293945,38.29999923706055,37.79999923706055,37.900001525878906,537725
2023-06-27,37.75,37.79999923706055,37.400001525878906,37.650001525878906,571245
2023-06-28,37.650001525878906,37.900001525878906,37.54999923706055,37.79999923706055,357100
2023-06-29,37.95000076293945,37.95000076293945,37.5,37.59999847412109,285379
2023-06-30,37.59999847412109,37.70000076293945,37.400001525878906,37.45000076293945,240500
2023-07-03,37.70000076293945,37.70000076293945,37.45000076293945,37.5,246000
2023-07-04,37.54999923706055,37.54999923706055,37.20000076293945,37.45000076293945,460552
2023-07-05,37.5,37.5,37.20000076293945,37.45000076293945,313250
2023-07-06,37.45000076293945,37.45000076293945,36.95000076293945,37.150001525878906,681001
2023-07-07,36.900001525878906,36.900001525878906,36.34999847412109,36.54999923706055,808400
2023-07-10,36.54999923706055,36.54999923706055,36.09999847412109,36.34999847412109,419237
2023-07-11,36.5,36.650001525878906,36.400001525878906,36.5,220323
2023-07-12,36.79999923706055,36.84999847412109,36.0,36.0,379632
2023-07-13,36.09999847412109,36.20000076293945,35.650001525878906,35.70000076293945,674998
2023-07-14,35.650001525878906,36.20000076293945,35.650001525878906,36.09999847412109,301724
2023-07-17,36.20000076293945,36.400001525878906,36.09999847412109,36.29999923706055,455321
2023-07-18,36.29999923706055,36.29999923706055,35.650001525878906,35.650001525878906,471492
2023-07-19,35.650001525878906,36.0,35.349998474121094,35.349998474121094,508183
2023-07-20,35.349998474121094,35.95000076293945,35.29999923706055,35.95000076293945,196000
2023-07-21,35.849998474121094,36.84999847412109,35.75,36.59999847412109,661873
2023-07-24,36.59999847412109,36.70000076293945,35.849998474121094,35.849998474121094,328170
2023-07-25,35.900001525878906,36.150001525878906,35.70000076293945,35.900001525878906,262398
2023-07-26,35.900001525878906,36.09999847412109,35.849998474121094,36.09999847412109,253013
2023-07-27,36.09999847412109,36.70000076293945,36.09999847412109,36.54999923706055,367822
2023-07-28,36.5,37.0,36.20000076293945,36.79999923706055,390498
2023-07-31,36.84999847412109,37.0,36.29999923706055,36.34999847412109,428400
2023-08-01,36.59999847412109,36.59999847412109,36.34999847412109,36.45000076293945,159050
2023-08-02,36.45000076293945,37.45000076293945,36.34999847412109,36.34999847412109,756001
2023-08-04,36.34999847412109,36.79999923706055,36.25,36.59999847412109,356552
2023-08-07,36.54999923706055,36.70000076293945,36.34999847412109,36.650001525878906,255295
2023-08-08,36.650001525878906,36.650001525878906,36.400001525878906,36.59999847412109,216011
2023-08-09,36.59999847412109,36.75,36.34999847412109,36.45000076293945,166614
2023-08-10,36.400001525878906,36.400001525878906,35.849998474121094,35.95000076293945,386344
2023-08-11,35.900001525878906,36.0,35.650001525878906,36.0,328100
2023-08-14,36.0,36.0,35.20000076293945,35.349998474121094,336015
2023-08-15,35.20000076293945,35.45000076293945,35.20000076293945,35.29999923706055,228030
2023-08-16,35.25,35.70000076293945,35.0,35.599998474121094,244315
2023-08-17,35.400001525878906,35.70000076293945,35.099998474121094,35.349998474121094,172101
2023-08-18,35.29999923706055,36.04999923706055,35.29999923706055,35.599998474121094,247394
2023-08-21,35.599998474121094,35.70000076293945,35.54999923706055,35.599998474121094,92640
2023-08-22,35.70000076293945,35.70000076293945,35.400001525878906,35.599998474121094,192078
2023-08-23,35.599998474121094,35.75,35.349998474121094,35.70000076293945,128124
2023-08-24,35.95000076293945,35.95000076293945,35.54999923706055,35.75,216306
2023-08-25,35.75,36.400001525878906,35.599998474121094,36.04999923706055,299100
2023-08-28,36.150001525878906,36.20000076293945,35.95000076293945,36.0,123019
2023-08-29,36.34999847412109,36.34999847412109,35.79999923706055,35.900001525878906,164000
2023-08-30,36.29999923706055,36.29999923706055,35.900001525878906,36.04999923706055,187210
2023-08-31,35.95000076293945,36.400001525878906,35.95000076293945,36.400001525878906,248120
2023-09-01,36.54999923706055,37.0,36.5,36.79999923706055,400100
2023-09-04,37.09999847412109,37.20000076293945,36.70000076293945,37.09999847412109,397450
2023-09-05,37.09999847412109,37.150001525878906,36.79999923706055,36.79999923706055,164754
2023-09-06,37.0,37.0,36.150001525878906,36.20000076293945,326402
2023-09-07,36.150001525878906,36.45000076293945,36.09999847412109,36.400001525878906,207850
2023-09-08,36.29999923706055,36.900001525878906,36.20000076293945,36.650001525878906,289312
2023-09-11,36.79999923706055,36.79999923706055,36.29999923706055,36.400001525878906,133514
2023-09-12,36.400001525878906,36.84999847412109,36.34999847412109,36.70000076293945,166352
2023-09-13,36.900001525878906,36.900001525878906,36.70000076293945,36.84999847412109,142370
2023-09-14,36.900001525878906,36.900001525878906,36.70000076293945,36.70000076293945,210013
2023-09-15,36.70000076293945,36.84999847412109,36.400001525878906,36.84999847412109,332420
2023-09-18,36.95000076293945,37.29999923706055,36.70000076293945,37.0,417326
2023-09-19,36.95000076293945,37.0,36.900001525878906,36.95000076293945,134050
2023-09-20,36.900001525878906,37.09999847412109,36.84999847412109,37.04999923706055,194969
2023-09-21,36.900001525878906,36.900001525878906,36.45000076293945,36.79999923706055,305600
2023-09-22,36.79999923706055,36.79999923706055,36.20000076293945,36.29999923706055,234062
2023-09-25,36.29999923706055,36.650001525878906,36.29999923706055,36.5,169002
2023-09-26,36.20000076293945,36.400001525878906,36.150001525878906,36.150001525878906,238887
2023-09-27,36.0,36.150001525878906,35.79999923706055,36.0,221218
2023-09-28,36.0,36.20000076293945,35.900001525878906,36.20000076293945,148360
2023-10-02,36.20000076293945,36.5,36.150001525878906,36.5,240429
2023-10-03,36.5,36.5,36.0,36.45000076293945,240000
2023-10-04,36.400001525878906,36.400001525878906,35.79999923706055,36.0,246218
2023-10-05,36.29999923706055,36.29999923706055,35.79999923706055,36.04999923706055,152939
2023-10-06,36.04999923706055,36.150001525878906,35.95000076293945,36.04999923706055,87160
2023-10-11,36.400001525878906,38.400001525878906,36.400001525878906,38.20000076293945,2374369
2023-10-12,38.0,38.150001525878906,37.34999847412109,38.150001525878906,851551
2023-10-13,38.0,38.150001525878906,37.79999923706055,37.84999847412109,412510
2023-10-16,37.84999847412109,38.79999923706055,37.650001525878906,38.70000076293945,1108464
2023-10-17,38.75,38.75,37.79999923706055,37.84999847412109,674606
2023-10-18,38.20000076293945,38.20000076293945,35.849998474121094,35.849998474121094,1321020
2023-10-19,36.150001525878906,36.150001525878906,35.04999923706055,35.400001525878906,1180486
2023-10-20,35.400001525878906,35.75,35.04999923706055,35.54999923706055,456300
2023-10-23,35.54999923706055,35.79999923706055,35.25,35.25,367549
2023-10-24,35.25,35.349998474121094,35.150001525878906,35.29999923706055,156001
2023-10-25,35.25,35.650001525878906,35.25,35.54999923706055,171472
2023-10-26,35.400001525878906,35.400001525878906,35.150001525878906,35.25,217002
2023-10-27,35.25,35.5,35.20000076293945,35.20000076293945,225413
2023-10-30,35.20000076293945,35.349998474121094,34.95000076293945,35.0,408515
2023-10-31,35.04999923706055,35.099998474121094,34.400001525878906,34.400001525878906,624150
2023-11-01,34.5,34.70000076293945,34.20000076293945,34.25,259280
2023-11-02,34.29999923706055,34.70000076293945,34.29999923706055,34.599998474121094,145000
2023-11-03,34.599998474121094,34.95000076293945,34.599998474121094,34.79999923706055,194003
2023-11-06,34.5,34.900001525878906,34.400001525878906,34.75,318096
2023-11-07,34.650001525878906,34.75,34.5,34.54999923706055,172001
2023-11-08,34.54999923706055,34.900001525878906,34.54999923706055,34.70000076293945,156641
2023-11-09,34.79999923706055,34.849998474121094,34.70000076293945,34.79999923706055,78218
2023-11-10,34.849998474121094,34.849998474121094,34.349998474121094,34.400001525878906,326622
2023-11-13,34.400001525878906,34.5,34.29999923706055,34.5,173000
2023-11-14,34.650001525878906,34.95000076293945,34.650001525878906,34.75,224538
2023-11-15,34.95000076293945,35.75,34.95000076293945,35.599998474121094,527554
2023-11-16,35.650001525878906,35.75,35.25,35.29999923706055,288355
2023-11-17,35.5,35.5,35.25,35.400001525878906,180120
2023-11-20,35.400001525878906,35.650001525878906,35.400001525878906,35.599998474121094,200535
2023-11-21,35.650001525878906,36.25,35.650001525878906,36.150001525878906,555074
2023-11-22,36.150001525878906,36.59999847412109,36.0,36.29999923706055,434001
2023-11-23,36.29999923706055,36.59999847412109,36.150001525878906,36.34999847412109,248169
2023-11-24,36.34999847412109,36.59999847412109,36.29999923706055,36.400001525878906,231683
2023-11-27,36.84999847412109,38.29999923706055,36.84999847412109,38.0,2636502
2023-11-28,38.04999923706055,38.09999847412109,37.25,37.75,1024561
2023-11-29,37.54999923706055,38.09999847412109,37.400001525878906,38.0,522250
2023-11-30,38.400001525878906,38.400001525878906,37.84999847412109,38.20000076293945,543400
2023-12-01,38.20000076293945,38.5,38.09999847412109,38.29999923706055,610378
2023-12-04,38.59999847412109,39.400001525878906,38.400001525878906,39.0,1779508
2023-12-05,39.04999923706055,39.400001525878906,38.20000076293945,38.59999847412109,1200228
2023-12-06,38.54999923706055,38.650001525878906,38.29999923706055,38.400001525878906,345353
2023-12-07,38.59999847412109,38.59999847412109,37.70000076293945,37.70000076293945,502963
2023-12-08,37.70000076293945,37.70000076293945,37.04999923706055,37.59999847412109,469167
2023-12-11,37.54999923706055,37.70000076293945,37.20000076293945,37.20000076293945,271646
2023-12-12,37.20000076293945,37.25,36.79999923706055,37.25,853542
2023-12-13,37.5,37.5,36.84999847412109,36.900001525878906,282002
2023-12-14,36.900001525878906,37.45000076293945,36.650001525878906,37.0,604076
2023-12-15,37.25,37.45000076293945,37.04999923706055,37.45000076293945,505251
2023-12-18,37.75,37.79999923706055,37.45000076293945,37.59999847412109,296773
2023-12-19,37.59999847412109,37.59999847412109,37.09999847412109,37.150001525878906,280603
2023-12-20,37.20000076293945,37.84999847412109,37.20000076293945,37.84999847412109,387911
2023-12-21,37.84999847412109,38.75,37.650001525878906,37.84999847412109,882002
2023-12-22,37.75,37.900001525878906,37.54999923706055,37.59999847412109,176166
2023-12-25,37.59999847412109,37.75,37.20000076293945,37.25,242781
2023-12-26,37.29999923706055,37.70000076293945,37.29999923706055,37.5,204000
2023-12-27,37.5,37.75,37.400001525878906,37.70000076293945,217646
2023-12-28,37.650001525878906,37.650001525878906,37.400001525878906,37.54999923706055,185472
2023-12-29,37.45000076293945,37.84999847412109,37.45000076293945,37.59999847412109,264391
2024-01-02,37.650001525878906,37.900001525878906,37.400001525878906,37.5,148250
2024-01-03,37.75,37.95000076293945,37.54999923706055,37.59999847412109,255671
2024-01-04,38.0,38.0,37.54999923706055,37.70000076293945,312200
2024-01-05,37.79999923706055,38.0,37.650001525878906,37.900001525878906,324130
2024-01-08,38.0,38.34999847412109,37.900001525878906,37.900001525878906,565157
2024-01-09,37.95000076293945,38.04999923706055,37.0,37.0,471457
2024-01-10,36.79999923706055,36.79999923706055,36.5,36.59999847412109,340001
2024-01-11,36.5,36.79999923706055,36.5,36.79999923706055,168000
2024-01-12,36.59999847412109,36.70000076293945,36.54999923706055,36.54999923706055,174131
2024-01-15,36.59999847412109,36.79999923706055,36.5,36.650001525878906,227000
2024-01-16,36.650001525878906,36.650001525878906,35.79999923706055,35.900001525878906,648130
2024-01-17,35.5,35.849998474121094,35.5,35.54999923706055,482000
2024-01-18,35.54999923706055,35.95000076293945,35.349998474121094,35.650001525878906,163205
2024-01-19,35.349998474121094,35.900001525878906,35.349998474121094,35.75,157000
2024-01-22,35.75,36.09999847412109,35.75,35.79999923706055,104900
2024-01-23,35.79999923706055,36.20000076293945,35.79999923706055,36.20000076293945,145777
2024-01-24,36.29999923706055,36.34999847412109,36.04999923706055,36.09999847412109,150556
2024-01-25,36.25,36.25,35.900001525878906,35.900001525878906,162734
2024-01-26,35.95000076293945,36.25,35.900001525878906,36.20000076293945,87372
2024-01-29,35.849998474121094,36.45000076293945,35.849998474121094,36.34999847412109,128240
2024-01-30,36.5,36.5,35.95000076293945,36.150001525878906,191673
2024-01-31,36.150001525878906,36.400001525878906,36.04999923706055,36.150001525878906,110299
2024-02-01,36.20000076293945,36.84999847412109,36.20000076293945,36.59999847412109,210322
2024-02-02,36.79999923706055,36.79999923706055,36.150001525878906,36.150001525878906,154255
2024-02-05,36.150001525878906,36.150001525878906,35.75,35.95000076293945,196395
2024-02-15,35.599998474121094,36.0,35.599998474121094,36.0,276380
2024-02-16,36.09999847412109,36.29999923706055,36.04999923706055,36.09999847412109,236901
2024-02-19,36.150001525878906,36.54999923706055,36.150001525878906,36.45000076293945,207444
2024-02-20,36.25,36.400001525878906,36.09999847412109,36.09999847412109,153003
2024-02-21,36.150001525878906,36.45000076293945,36.09999847412109,36.150001525878906,163553
2024-02-22,36.25,36.29999923706055,36.09999847412109,36.150001525878906,192046
2024-02-23,36.04999923706055,36.09999847412109,35.849998474121094,35.849998474121094,363698
2024-02-26,35.599998474121094,35.79999923706055,35.599998474121094,35.650001525878906,632565
2024-02-27,35.650001525878906,35.900001525878906,35.5,35.54999923706055,224102
2024-02-29,35.400001525878906,35.599998474121094,35.25,35.349998474121094,655770
2024-03-01,35.29999923706055,35.349998474121094,35.099998474121094,35.20000076293945,322013
2024-03-04,35.150001525878906,35.29999923706055,35.0,35.099998474121094,389732
2024-03-05,35.099998474121094,35.25,35.04999923706055,35.099998474121094,244678
2024-03-06,35.25,35.349998474121094,35.099998474121094,35.29999923706055,287034
2024-03-07,35.20000076293945,35.25,34.650001525878906,34.79999923706055,771972
2024-03-08,34.349998474121094,34.5,34.04999923706055,34.04999923706055,1004556
2024-03-11,34.099998474121094,34.25,33.849998474121094,34.20000076293945,333224
2024-03-12,34.20000076293945,34.5,34.20000076293945,34.349998474121094,224150
2024-03-13,34.25,34.25,33.79999923706055,34.150001525878906,568890
2024-03-14,34.150001525878906,34.20000076293945,33.900001525878906,33.900001525878906,315527
2024-03-15,33.900001525878906,33.900001525878906,33.5,33.5,538232
2024-03-18,33.5,33.849998474121094,33.20000076293945,33.599998474121094,397120
2024-03-19,33.349998474121094,33.650001525878906,33.349998474121094,33.45000076293945,224682
2024-03-20,33.349998474121094,33.599998474121094,33.20000076293945,33.45000076293945,493053
2024-03-21,33.45000076293945,34.04999923706055,33.45000076293945,34.0,339599
2024-03-22,34.0,34.25,34.0,34.04999923706055,335044
2024-03-25,33.95000076293945,34.04999923706055,33.849998474121094,33.95000076293945,280595
2024-03-26,33.95000076293945,34.20000076293945,33.79999923706055,33.900001525878906,566151
2024-03-27,33.79999923706055,34.20000076293945,33.75,34.20000076293945,727284
2024-03-28,33.29999923706055,33.5,33.25,33.25,478534
2024-03-29,33.349998474121094,33.400001525878906,33.20000076293945,33.20000076293945,192000
2024-04-01,33.20000076293945,33.25,33.099998474121094,33.20000076293945,179945
2024-04-02,33.25,33.349998474121094,33.150001525878906,33.25,127340
2024-04-03,33.20000076293945,33.45000076293945,33.20000076293945,33.20000076293945,147209
2024-04-08,33.29999923706055,33.29999923706055,33.150001525878906,33.20000076293945,228590
2024-04-09,33.150001525878906,33.54999923706055,33.150001525878906,33.5,348401
2024-04-10,33.54999923706055,33.95000076293945,33.54999923706055,33.75,559586
2024-04-11,33.75,33.75,33.5,33.54999923706055,235146
2024-04-12,33.79999923706055,33.900001525878906,33.54999923706055,33.599998474121094,364160
2024-04-15,33.75,33.79999923706055,33.20000076293945,33.20000076293945,373521
2024-04-16,33.099998474121094,33.20000076293945,32.599998474121094,32.650001525878906,578045
2024-04-17,32.54999923706055,32.75,32.5,32.599998474121094,256500
2024-04-18,32.849998474121094,33.25,32.54999923706055,33.099998474121094,236201
2024-04-19,33.099998474121094,33.099998474121094,32.20000076293945,32.5,438864
2024-04-22,33.0,33.650001525878906,32.79999923706055,33.599998474121094,551761
2024-04-23,33.650001525878906,33.75,33.400001525878906,33.75,297207
2024-04-24,33.849998474121094,33.849998474121094,33.45000076293945,33.70000076293945,366036
2024-04-25,33.45000076293945,33.5,33.29999923706055,33.400001525878906,240794
2024-04-26,33.349998474121094,33.54999923706055,33.349998474121094,33.5,326260
2024-04-29,33.400001525878906,34.20000076293945,33.400001525878906,34.20000076293945,697315
2024-04-30,34.20000076293945,34.25,33.349998474121094,33.349998474121094,2596157
2024-05-02,33.599998474121094,33.95000076293945,33.599998474121094,33.900001525878906,349685
2024-05-03,34.0,34.349998474121094,33.95000076293945,33.95000076293945,391165
2024-05-06,34.95000076293945,34.95000076293945,34.150001525878906,34.400001525878906,1279502
2024-05-07,34.25,34.400001525878906,33.70000076293945,33.849998474121094,411627
2024-05-08,33.75,33.75,32.599998474121094,33.150001525878906,1013436
2024-05-09,33.150001525878906,33.29999923706055,33.0,33.0,543180
2024-05-10,33.04999923706055,33.400001525878906,33.0,33.400001525878906,271000
2024-05-13,33.400001525878906,33.54999923706055,33.20000076293945,33.54999923706055,357067
2024-05-14,33.54999923706055,33.54999923706055,33.25,33.29999923706055,192227
2024-05-15,33.400001525878906,33.400001525878906,33.099998474121094,33.20000076293945,344606
2024-05-16,33.5,33.900001525878906,33.20000076293945,33.900001525878906,472628
2024-05-17,33.79999923706055,34.25,33.79999923706055,33.900001525878906,415306
2024-05-20,34.099998474121094,34.599998474121094,34.04999923706055,34.29999923706055,683645
2024-05-21,34.29999923706055,34.54999923706055,33.95000076293945,34.099998474121094,427269
2024-05-22,34.0,34.04999923706055,33.70000076293945,33.95000076293945,338112
2024-05-23,33.849998474121094,34.45000076293945,33.849998474121094,34.0,381985
2024-05-24,33.95000076293945,34.150001525878906,33.849998474121094,34.150001525878906,203100
2024-05-27,34.400001525878906,34.5,34.0,34.099998474121094,302457
2024-05-28,34.0,34.5,33.900001525878906,34.5,458241
2024-05-29,34.5,34.599998474121094,34.099998474121094,34.25,425163
2024-05-30,34.150001525878906,34.400001525878906,34.099998474121094,34.099998474121094,261272
2024-05-31,34.099998474121094,34.849998474121094,34.099998474121094,34.849998474121094,970369
2024-06-03,34.900001525878906,34.900001525878906,34.400001525878906,34.400001525878906,492003
2024-06-04,34.29999923706055,35.04999923706055,34.29999923706055,34.70000076293945,660052
2024-06-05,34.54999923706055,34.54999923706055,34.20000076293945,34.29999923706055,419593
2024-06-06,34.099998474121094,34.29999923706055,33.95000076293945,33.95000076293945,506347
2024-06-07,34.70000076293945,35.900001525878906,34.5,35.20000076293945,1930560
2024-06-11,35.20000076293945,36.0,35.20000076293945,35.29999923706055,1164650
2024-06-12,35.20000076293945,35.400001525878906,34.900001525878906,35.150001525878906,611148
2024-06-13,35.20000076293945,35.79999923706055,35.04999923706055,35.400001525878906,569338
2024-06-14,35.79999923706055,35.79999923706055,35.5,35.650001525878906,529757
2024-06-17,35.900001525878906,36.09999847412109,35.70000076293945,36.04999923706055,775729
2024-06-18,36.20000076293945,36.25,35.79999923706055,36.04999923706055,633477
2024-06-19,36.29999923706055,36.29999923706055,35.79999923706055,35.849998474121094,581614
2024-06-20,35.849998474121094,36.0,35.400001525878906,36.0,547005
2024-06-21,36.0,36.0,35.5,35.79999923706055,425401
2024-06-24,35.79999923706055,36.20000076293945,35.599998474121094,36.04999923706055,475849
2024-06-25,36.45000076293945,36.59999847412109,36.09999847412109,36.54999923706055,860316
2024-06-26,36.54999923706055,36.900001525878906,36.400001525878906,36.75,802402
2024-06-27,36.5,36.75,36.29999923706055,36.45000076293945,641785
2024-06-28,36.400001525878906,37.09999847412109,36.400001525878906,36.900001525878906,1020001
2024-07-01,37.25,37.84999847412109,37.09999847412109,37.84999847412109,1145747
2024-07-02,37.84999847412109,38.20000076293945,37.5,37.5,930230
2024-07-03,37.59999847412109,38.20000076293945,37.5,38.0,820083
2024-07-04,38.34999847412109,38.34999847412109,37.59999847412109,38.04999923706055,901921
2024-07-05,39.59999847412109,41.84999847412109,39.59999847412109,41.84999847412109,5564566
2024-07-08,43.54999923706055,46.0,43.29999923706055,45.95000076293945,15514895
2024-07-09,46.5,46.5,42.900001525878906,43.75,6868481
2024-07-10,44.20000076293945,46.5,44.0,44.29999923706055,6813476
2024-07-11,45.0,45.20000076293945,43.59999847412109,44.0,2344095
2024-07-12,44.29999923706055,46.400001525878906,43.25,44.20000076293945,5911629
2024-07-15,44.54999923706055,44.54999923706055,42.54999923706055,42.54999923706055,2834806
2024-07-16,42.650001525878906,43.5,42.650001525878906,42.84999847412109,1417860
2024-07-17,42.84999847412109,43.29999923706055,41.70000076293945,41.95000076293945,1993765
2024-07-18,41.54999923706055,42.34999847412109,40.900001525878906,42.25,1769755
2024-07-19,42.09999847412109,42.09999847412109,40.04999923706055,40.79999923706055,2405296
2024-07-22,40.09999847412109,40.59999847412109,38.95000076293945,39.54999923706055,2015050
2024-07-23,39.900001525878906,40.34999847412109,39.5,39.54999923706055,827650
2024-07-26,38.59999847412109,39.25,38.04999923706055,39.150001525878906,1043271
2024-07-29,39.54999923706055,39.75,39.0,39.25,749383
2024-07-30,39.09999847412109,40.150001525878906,38.900001525878906,40.150001525878906,802700
2024-07-31,40.20000076293945,40.84999847412109,39.900001525878906,40.0,941115
2024-08-01,40.25,41.25,40.25,41.04999923706055,738232
2024-08-02,40.09999847412109,40.59999847412109,39.79999923706055,40.0,677700
2024-08-05,38.54999923706055,38.75,37.09999847412109,37.75,2227942
2024-08-06,38.09999847412109,38.70000076293945,36.29999923706055,37.70000076293945,1453298
2024-08-07,38.0,40.650001525878906,38.0,40.5,1828474
2024-08-08,39.25,39.25,37.20000076293945,37.79999923706055,2268179
2024-08-09,38.150001525878906,38.75,37.84999847412109,37.900001525878906,866798
2024-08-12,38.34999847412109,38.84999847412109,38.04999923706055,38.09999847412109,593578
2024-08-13,38.150001525878906,38.400001525878906,37.70000076293945,38.34999847412109,520000
2024-08-14,38.34999847412109,38.59999847412109,38.20000076293945,38.20000076293945,408956
2024-08-15,38.25,38.70000076293945,38.09999847412109,38.5,374141
2024-08-16,38.70000076293945,39.79999923706055,38.70000076293945,39.70000076293945,1294485
2024-08-19,40.150001525878906,40.20000076293945,39.0,39.150001525878906,539302
2024-08-20,39.25,39.70000076293945,39.0,39.59999847412109,471294
2024-08-21,39.70000076293945,39.75,39.34999847412109,39.5,789004
2024-08-22,39.70000076293945,39.70000076293945,39.04999923706055,39.34999847412109,614143
2024-08-23,39.29999923706055,39.29999923706055,38.5,38.75,435001
2024-08-26,38.75,39.25,38.5,38.59999847412109,383001
2024-08-27,38.25,38.650001525878906,38.25,38.54999923706055,416201
2024-08-28,38.650001525878906,40.34999847412109,38.59999847412109,39.5,1186088
2024-08-29,39.5,39.59999847412109,39.0,39.45000076293945,365144
2024-08-30,39.5,39.54999923706055,38.95000076293945,39.25,537057
2024-09-02,39.34999847412109,39.400001525878906,38.900001525878906,39.150001525878906,310000
2024-09-03,39.150001525878906,39.150001525878906,38.59999847412109,38.59999847412109,502159
2024-09-04,37.09999847412109,37.400001525878906,36.0,36.20000076293945,1461250
2024-09-05,36.5,36.900001525878906,36.20000076293945,36.79999923706055,394106
2024-09-06,37.0,37.20000076293945,36.45000076293945,37.04999923706055,385001
2024-09-09,36.20000076293945,36.75,36.04999923706055,36.650001525878906,378293
2024-09-10,37.04999923706055,37.29999923706055,36.400001525878906,36.75,609309
2024-09-11,36.70000076293945,36.900001525878906,36.45000076293945,36.5,376000
2024-09-12,36.79999923706055,36.84999847412109,36.20000076293945,36.70000076293945,272140
2024-09-13,36.70000076293945,37.09999847412109,36.150001525878906,36.75,207001
2024-09-16,36.84999847412109,37.84999847412109,36.79999923706055,37.54999923706055,407301
2024-09-18,38.09999847412109,38.09999847412109,37.150001525878906,37.20000076293945,356571
2024-09-19,37.20000076293945,37.70000076293945,37.09999847412109,37.650001525878906,292993
2024-09-20,37.95000076293945,38.09999847412109,37.20000076293945,37.59999847412109,295052
2024-09-23,37.95000076293945,37.95000076293945,37.150001525878906,37.25,329270
2024-09-24,37.29999923706055,37.29999923706055,37.04999923706055,37.04999923706055,120150
2024-09-25,37.5,37.79999923706055,37.04999923706055,37.400001525878906,350001
2024-09-26,37.5,37.650001525878906,36.84999847412109,37.150001525878906,363025
2024-09-27,37.150001525878906,38.0,37.150001525878906,37.84999847412109,1250759
2024-09-30,37.70000076293945,38.04999923706055,37.400001525878906,37.59999847412109,352213
2024-10-01,37.650001525878906,37.650001525878906,36.59999847412109,37.20000076293945,539100
2024-10-04,37.20000076293945,37.20000076293945,36.150001525878906,36.45000076293945,939600
2024-10-07,36.79999923706055,36.79999923706055,35.650001525878906,35.70000076293945,1362268
2024-10-08,35.5,35.54999923706055,34.70000076293945,34.75,1382430
2024-10-09,35.20000076293945,35.349998474121094,34.599998474121094,35.0,1011029
2024-10-11,35.349998474121094,35.45000076293945,34.900001525878906,35.150001525878906,228435
2024-10-14,35.349998474121094,35.95000076293945,35.04999923706055,35.75,449289
2024-10-15,36.0,36.29999923706055,35.900001525878906,36.04999923706055,373200
2024-10-16,36.04999923706055,36.45000076293945,35.70000076293945,36.45000076293945,454088
2024-10-17,36.29999923706055,37.0,36.29999923706055,36.45000076293945,450164
2024-10-18,36.45000076293945,36.70000076293945,36.09999847412109,36.20000076293945,348629
2024-10-21,36.400001525878906,36.54999923706055,36.20000076293945,36.54999923706055,178229
2024-10-22,36.650001525878906,36.650001525878906,36.20000076293945,36.25,135000
2024-10-23,36.34999847412109,36.59999847412109,35.599998474121094,35.70000076293945,501303
2024-10-24,35.650001525878906,35.849998474121094,35.5,35.70000076293945,228336
2024-10-25,35.900001525878906,35.900001525878906,35.400001525878906,35.599998474121094,226100
2024-10-28,35.29999923706055,35.70000076293945,35.29999923706055,35.70000076293945,212038
2024-10-29,35.599998474121094,35.599998474121094,34.79999923706055,35.0,270460
2024-10-30,35.5,35.5,35.0,35.0,123050
2024-11-01,35.0,36.75,35.0,36.75,931274
2024-11-04,36.59999847412109,36.59999847412109,36.0,36.150001525878906,242162
2024-11-05,36.45000076293945,36.95000076293945,36.20000076293945,36.25,385918
2024-11-06,36.59999847412109,36.59999847412109,36.0,36.0,257275
2024-11-07,36.0,37.25,36.0,37.20000076293945,905577
2024-11-08,37.20000076293945,37.20000076293945,36.34999847412109,36.45000076293945,297123
2024-11-11,36.34999847412109,36.45000076293945,35.099998474121094,35.29999923706055,656999
2024-11-12,35.04999923706055,35.099998474121094,34.650001525878906,34.650001525878906,703200
2024-11-13,34.5,34.79999923706055,34.20000076293945,34.54999923706055,373100
2024-11-14,34.54999923706055,34.599998474121094,34.04999923706055,34.150001525878906,423181
2024-11-15,34.25,34.849998474121094,34.25,34.75,166105
2024-11-18,34.70000076293945,34.95000076293945,34.45000076293945,34.54999923706055,114597
2024-11-19,34.79999923706055,34.95000076293945,34.599998474121094,34.70000076293945,127200
2024-11-20,34.349998474121094,34.349998474121094,34.349998474121094,34.349998474121094,215806
2024-11-21,34.349998474121094,34.70000076293945,34.29999923706055,34.349998474121094,123425
2024-11-22,34.45000076293945,34.75,34.400001525878906,34.45000076293945,128264
2024-11-25,34.54999923706055,34.95000076293945,34.54999923706055,34.79999923706055,280226
2024-11-26,34.95000076293945,34.95000076293945,34.5,34.79999923706055,87366
2024-11-27,34.599998474121094,34.75,34.29999923706055,34.29999923706055,212398
2024-11-28,34.29999923706055,34.5,33.70000076293945,34.0,280030
2024-11-29,33.79999923706055,33.95000076293945,33.29999923706055,33.95000076293945,167475
2024-12-02,34.0,34.349998474121094,33.70000076293945,33.70000076293945,166687
2024-12-03,33.849998474121094,34.20000076293945,33.599998474121094,33.75,285154
2024-12-04,33.75,33.75,33.5,33.75,178392
2024-12-05,33.20000076293945,33.599998474121094,33.20000076293945,33.20000076293945,552206
2024-12-06,33.150001525878906,33.5,33.150001525878906,33.400001525878906,186256
2024-12-09,33.349998474121094,33.70000076293945,33.099998474121094,33.349998474121094,285298
2024-12-10,33.349998474121094,33.70000076293945,33.150001525878906,33.349998474121094,282260
2024-12-11,33.29999923706055,33.29999923706055,32.75,32.900001525878906,553058
2024-12-12,32.70000076293945,33.20000076293945,32.70000076293945,32.70000076293945,229250
2024-12-13,32.599998474121094,32.599998474121094,31.89999961853028,32.0,534213
2024-12-16,32.0,32.25,31.600000381469727,31.700000762939453,398022
2024-12-17,32.0,32.0,31.600000381469727,31.600000381469727,137525
2024-12-18,31.39999961853028,31.89999961853028,31.299999237060547,31.89999961853028,264155
2024-12-19,31.299999237060547,33.20000076293945,31.299999237060547,32.95000076293945,829026
2024-12-20,32.900001525878906,33.5,32.70000076293945,32.79999923706055,485020
2024-12-23,32.900001525878906,33.75,32.900001525878906,33.650001525878906,457078
2024-12-24,33.849998474121094,34.5,33.79999923706055,34.04999923706055,443106
2024-12-25,34.20000076293945,34.20000076293945,33.45000076293945,33.650001525878906,289182
2024-12-26,34.0,35.349998474121094,34.0,34.849998474121094,1191107
2024-12-27,35.20000076293945,35.400001525878906,34.099998474121094,34.25,563002
2024-12-30,34.349998474121094,35.25,34.349998474121094,34.849998474121094,763099
2024-12-31,34.70000076293945,34.70000076293945,33.29999923706055,34.0,487000
2025-01-02,33.849998474121094,33.95000076293945,33.349998474121094,33.54999923706055,292355
2025-01-03,33.54999923706055,33.95000076293945,33.400001525878906,33.5,161200
2025-01-06,33.599998474121094,34.95000076293945,33.599998474121094,34.900001525878906,542264
2025-01-07,34.900001525878906,35.20000076293945,34.29999923706055,34.349998474121094,268403
2025-01-08,34.099998474121094,34.54999923706055,34.099998474121094,34.25,215125
2025-01-09,34.25,35.150001525878906,34.20000076293945,34.20000076293945,462500
2025-01-10,33.79999923706055,34.400001525878906,33.599998474121094,33.75,226381
2025-01-13,33.5,33.5,32.599998474121094,33.099998474121094,424600
2025-01-14,33.0,33.349998474121094,32.900001525878906,33.150001525878906,210026
2025-01-15,32.95000076293945,33.650001525878906,32.900001525878906,33.0,252599
2025-01-16,33.150001525878906,33.599998474121094,33.099998474121094,33.099998474121094,227500
2025-01-17,33.04999923706055,33.29999923706055,32.95000076293945,33.150001525878906,199001
2025-01-20,33.150001525878906,33.349998474121094,32.849998474121094,33.099998474121094,207998
2025-01-21,33.099998474121094,33.20000076293945,33.04999923706055,33.099998474121094,109300
2025-01-22,33.25,33.45000076293945,33.0,33.45000076293945,181344
2025-02-03,33.45000076293945,33.45000076293945,32.45000076293945,32.900001525878906,367262
2025-02-04,32.900001525878906,33.5,32.5,32.599998474121094,270865
2025-02-05,33.0,33.099998474121094,32.599998474121094,32.79999923706055,186056
2025-02-06,32.900001525878906,33.900001525878906,32.900001525878906,33.70000076293945,360101
2025-02-07,33.70000076293945,34.150001525878906,33.45000076293945,33.54999923706055,144220
2025-02-10,33.54999923706055,33.79999923706055,33.25,33.5,225083
2025-02-11,33.150001525878906,33.75,33.099998474121094,33.099998474121094,194179
2025-02-12,33.099998474121094,33.25,32.75,32.79999923706055,354370
2025-02-13,33.0,33.599998474121094,33.0,33.54999923706055,259627
2025-02-14,33.599998474121094,33.70000076293945,33.45000076293945,33.70000076293945,180670
2025-02-17,33.95000076293945,34.04999923706055,33.75,33.95000076293945,269352
2025-02-18,33.849998474121094,33.849998474121094,33.54999923706055,33.75,156000
2025-02-19,33.95000076293945,34.29999923706055,33.95000076293945,34.20000076293945,329004
2025-02-20,34.25,34.25,33.79999923706055,33.900001525878906,190154
2025-02-21,33.900001525878906,34.25,33.849998474121094,34.099998474121094,219275
2025-02-24,34.20000076293945,34.79999923706055,33.79999923706055,34.04999923706055,427222
2025-02-25,33.79999923706055,34.349998474121094,33.75,34.04999923706055,235146
2025-02-26,34.0,34.04999923706055,33.849998474121094,34.04999923706055,166100
2025-02-27,34.0,34.04999923706055,33.599998474121094,33.95000076293945,405005
2025-03-03,33.900001525878906,33.900001525878906,33.20000076293945,33.45000076293945,342127
2025-03-04,33.0,33.599998474121094,32.849998474121094,33.599998474121094,175552
2025-03-05,33.400001525878906,34.0,33.29999923706055,33.900001525878906,189547
2025-03-06,34.04999923706055,34.20000076293945,33.849998474121094,33.900001525878906,183031
2025-03-07,33.900001525878906,33.900001525878906,33.650001525878906,33.650001525878906,138004
2025-03-10,33.650001525878906,33.70000076293945,33.29999923706055,33.400001525878906,262042
2025-03-11,33.0,33.04999923706055,32.29999923706055,32.900001525878906,532206
2025-03-12,32.95000076293945,33.0,32.70000076293945,32.849998474121094,216237
2025-03-13,33.0,33.20000076293945,32.400001525878906,32.400001525878906,390150
2025-03-14,32.599998474121094,32.900001525878906,32.45000076293945,32.75,298562
2025-03-17,32.79999923706055,33.150001525878906,32.599998474121094,32.79999923706055,144112
2025-03-18,32.95000076293945,33.150001525878906,32.650001525878906,32.70000076293945,253731
2025-03-19,33.099998474121094,33.099998474121094,32.650001525878906,32.849998474121094,280154
2025-03-20,33.0,33.150001525878906,32.849998474121094,32.95000076293945,259016
2025-03-21,33.0,33.0,32.70000076293945,32.75,257013
2025-03-24,32.75,32.79999923706055,32.45000076293945,32.5,661275
2025-03-25,32.599998474121094,32.79999923706055,32.04999923706055,32.349998474121094,694329
2025-03-26,31.64999961853028,31.799999237060547,31.5,31.64999961853028,378318
2025-03-27,31.600000381469727,31.700000762939453,31.39999961853028,31.700000762939453,173056
2025-03-28,31.5,31.549999237060547,31.200000762939453,31.299999237060547,532138
2025-03-31,30.850000381469727,30.850000381469727,29.25,29.450000762939453,1200250
2025-04-01,29.450000762939453,29.799999237060547,29.39999961853028,29.64999961853028,235540
2025-04-02,29.64999961853028,29.850000381469727,29.299999237060547,29.75,240463
2025-04-07,26.799999237060547,27.700000762939453,26.799999237060547,27.100000381469727,1909270
2025-04-08,26.700000762939453,27.299999237060547,26.100000381469727,27.0,1196001
2025-04-09,26.75,26.75,24.299999237060547,24.299999237060547,1879020
2025-04-10,26.700000762939453,26.700000762939453,26.700000762939453,26.700000762939453,495085
2025-04-11,26.64999961853028,27.0,25.350000381469727,27.0,682412
2025-04-14,26.700000762939453,27.049999237060547,26.39999961853028,26.549999237060547,879214
2025-04-15,26.5,27.5,26.5,27.25,270001
2025-04-16,27.100000381469727,27.14999961853028,26.75,26.799999237060547,187413
2025-04-17,26.799999237060547,26.799999237060547,26.299999237060547,26.549999237060547,186046
2025-04-18,26.75,26.75,26.350000381469727,26.5,131187
2025-04-21,26.200000762939453,26.25,25.549999237060547,25.549999237060547,245113
2025-04-22,25.350000381469727,25.75,25.0,25.549999237060547,196008
2025-04-23,25.549999237060547,26.299999237060547,25.549999237060547,26.200000762939453,159186
2025-04-24,26.200000762939453,26.39999961853028,25.89999961853028,25.89999961853028,163081
2025-04-25,26.200000762939453,26.39999961853028,26.0,26.299999237060547,128001
2025-04-28,26.299999237060547,27.100000381469727,26.299999237060547,26.799999237060547,392001
2025-04-29,27.049999237060547,27.39999961853028,26.799999237060547,27.049999237060547,354080
2025-04-30,27.0,27.14999961853028,26.700000762939453,26.700000762939453,258001
2025-05-02,27.25,27.549999237060547,27.0,27.350000381469727,217741
2025-05-05,27.39999961853028,27.600000381469727,26.700000762939453,27.049999237060547,251020
2025-05-06,27.450000762939453,27.75,27.14999961853028,27.350000381469727,128383
2025-05-07,27.450000762939453,27.450000762939453,26.950000762939453,27.0,200362
2025-05-08,27.100000381469727,27.299999237060547,27.0,27.200000762939453,147040
2025-05-09,27.14999961853028,27.39999961853028,26.850000381469727,27.25,224000
2025-05-12,27.5,27.549999237060547,27.100000381469727,27.39999961853028,208855
2025-05-13,27.5,27.64999961853028,27.100000381469727,27.100000381469727,141357
2025-05-14,27.299999237060547,27.39999961853028,27.100000381469727,27.14999961853028,188365
2025-05-15,27.200000762939453,27.450000762939453,27.0,27.0,341030
2025-05-16,27.100000381469727,28.200000762939453,27.100000381469727,27.89999961853028,588520
2025-05-19,27.89999961853028,28.25,27.549999237060547,27.600000381469727,329016
2025-05-20,27.950000762939453,28.0,27.200000762939453,27.25,322000
2025-05-21,27.25,27.549999237060547,27.100000381469727,27.39999961853028,1218746
2025-05-22,27.100000381469727,27.25,26.75,26.799999237060547,547000
2025-05-23,26.700000762939453,26.75,26.100000381469727,26.299999237060547,635100
2025-05-26,26.299999237060547,26.39999961853028,26.0,26.0,654000
2025-05-27,26.100000381469727,26.299999237060547,25.14999961853028,25.14999961853028,1201500
2025-05-28,25.200000762939453,25.549999237060547,25.100000381469727,25.14999961853028,918765
2025-05-29,25.350000381469727,25.64999961853028,24.700000762939453,24.700000762939453,6321006
2025-06-02,24.549999237060547,25.700000762939453,24.5,25.100000381469727,2053002
2025-06-03,25.350000381469727,25.39999961853028,24.75,25.14999961853028,558090
2025-06-04,25.25,26.049999237060547,25.25,25.75,842101
2025-06-05,25.75,26.0,25.600000381469727,25.700000762939453,550061
2025-06-06,25.950000762939453,26.100000381469727,25.350000381469727,25.39999961853028,480041
2025-06-09,25.700000762939453,25.700000762939453,24.549999237060547,24.75,891617
2025-06-10,25.0,25.100000381469727,24.799999237060547,24.799999237060547,440683
2025-06-11,24.850000381469727,24.850000381469727,24.549999237060547,24.64999961853028,657050
2025-06-12,24.64999961853028,24.700000762939453,24.549999237060547,24.600000381469727,294012
2025-06-13,24.5,24.5,23.950000762939453,24.049999237060547,1280150
2025-06-16,24.049999237060547,24.25,23.75,24.25,419000
2025-06-17,24.299999237060547,24.450000762939453,23.850000381469727,24.0,381001
2025-06-18,24.25,24.25,23.950000762939453,24.100000381469727,319817
2025-06-19,23.89999961853028,23.950000762939453,23.64999961853028,23.700000762939453,586477
2025-06-20,23.75,23.850000381469727,23.5,23.600000381469727,3354061
2025-06-23,23.5,23.5,22.850000381469727,23.100000381469727,752005
2025-06-24,23.25,23.75,23.25,23.64999961853028,301163
2025-06-25,23.850000381469727,23.850000381469727,23.600000381469727,23.700000762939453,130038
2025-06-26,23.799999237060547,24.299999237060547,23.799999237060547,23.89999961853028,316358
2025-06-27,24.049999237060547,24.25,23.799999237060547,23.799999237060547,283058
2025-06-30,23.850000381469727,24.0,23.600000381469727,23.75,144536
2025-07-01,23.89999961853028,24.200000762939453,23.75,23.89999961853028,287025
2025-07-02,23.850000381469727,24.100000381469727,23.850000381469727,24.100000381469727,154050
2025-07-03,23.950000762939453,24.600000381469727,23.950000762939453,24.5,338461
2025-07-04,24.700000762939453,24.700000762939453,24.049999237060547,24.14999961853028,185102
2025-07-07,24.0,24.049999237060547,23.700000762939453,24.0,142018
2025-07-08,23.950000762939453,23.950000762939453,23.14999961853028,23.299999237060547,298065
2025-07-09,23.299999237060547,23.350000381469727,23.14999961853028,23.200000762939453,182633
2025-07-10,23.100000381469727,23.200000762939453,22.89999961853028,22.950000762939453,322815
2025-07-11,22.950000762939453,23.200000762939453,22.89999961853028,23.14999961853028,141161
2025-07-14,23.200000762939453,23.299999237060547,22.850000381469727,22.850000381469727,347376
2025-07-15,22.850000381469727,23.299999237060547,22.850000381469727,23.200000762939453,216502
2025-07-16,23.200000762939453,23.39999961853028,23.14999961853028,23.14999961853028,185050
2025-07-17,23.350000381469727,23.75,23.350000381469727,23.5,340101
2025-07-18,23.799999237060547,23.850000381469727,23.549999237060547,23.600000381469727,218209
2025-07-21,23.799999237060547,23.850000381469727,23.600000381469727,23.700000762939453,140905
2025-07-22,23.600000381469727,23.700000762939453,23.200000762939453,23.25,248685
2025-07-23,23.549999237060547,24.0,23.299999237060547,23.89999961853028,429850
2025-07-24,23.89999961853028,24.200000762939453,23.549999237060547,23.799999237060547,214440
2025-07-25,23.64999961853028,24.0,23.64999961853028,23.64999961853028,176194
2025-07-28,23.75,24.14999961853028,23.600000381469727,24.049999237060547,305002
2025-07-29,24.14999961853028,24.39999961853028,23.850000381469727,24.0,289069
2025-07-30,23.950000762939453,24.799999237060547,23.75,24.64999961853028,475733
2025-07-31,24.64999961853028,24.64999961853028,24.0,24.350000381469727,356146
2025-08-04,23.64999961853028,24.100000381469727,23.350000381469727,24.0,330127
2025-08-05,23.850000381469727,24.100000381469727,23.799999237060547,23.950000762939453,164896
2025-08-06,24.049999237060547,24.5,23.700000762939453,24.200000762939453,276189
2025-08-07,23.950000762939453,24.14999961853028,23.850000381469727,23.950000762939453,241304
2025-08-08,23.89999961853028,24.14999961853028,23.799999237060547,23.950000762939453,305025
2025-08-11,23.75,23.75,23.14999961853028,23.200000762939453,1045160
2025-08-12,23.200000762939453,23.549999237060547,23.14999961853028,23.299999237060547,444205
2025-08-13,23.350000381469727,23.600000381469727,23.100000381469727,23.299999237060547,599502
2025-08-14,23.299999237060547,23.64999961853028,23.25,23.39999961853028,421001
2025-08-15,23.350000381469727,23.39999961853028,23.049999237060547,23.299999237060547,741823
2025-08-18,23.200000762939453,23.950000762939453,23.200000762939453,23.799999237060547,795207
2025-08-19,23.799999237060547,23.89999961853028,23.5,23.75,371877
2025-08-20,23.64999961853028,23.64999961853028,23.25,23.5,355416
2025-08-21,23.549999237060547,24.39999961853028,23.549999237060547,24.200000762939453,606090
2025-08-22,24.200000762939453,24.5,24.14999961853028,24.299999237060547,386025
2025-08-25,24.5,24.950000762939453,24.299999237060547,24.75,1113694
2025-08-26,24.64999961853028,24.850000381469727,24.600000381469727,24.64999961853028,362366
2025-08-27,24.64999961853028,25.0,24.64999961853028,24.75,308325
2025-08-28,24.64999961853028,25.25,24.450000762939453,25.100000381469727,738143
2025-08-29,25.100000381469727,25.350000381469727,24.89999961853028,25.14999961853028,473322
2025-09-01,25.200000762939453,25.64999961853028,25.14999961853028,25.350000381469727,627100
2025-09-02,25.600000381469727,25.799999237060547,25.049999237060547,25.14999961853028,538085
2025-09-03,25.14999961853028,25.299999237060547,24.75,24.850000381469727,511000
2025-09-04,25.0,25.299999237060547,24.850000381469727,24.89999961853028,534001
2025-09-05,24.850000381469727,25.100000381469727,24.700000762939453,25.049999237060547,386000
2025-09-08,25.100000381469727,25.299999237060547,24.850000381469727,25.100000381469727,291008
2025-09-09,25.25,25.25,24.75,24.950000762939453,361383
2025-09-10,24.850000381469727,25.0,24.5,24.549999237060547,409478
2025-09-11,24.549999237060547,24.700000762939453,24.0,24.100000381469727,540250
2025-09-12,24.39999961853028,24.450000762939453,24.0,24.049999237060547,307210
2025-09-15,24.049999237060547,24.200000762939453,23.850000381469727,23.89999961853028,288299
2025-09-16,23.89999961853028,24.0,23.64999961853028,23.64999961853028,466100
2025-09-17,23.64999961853028,23.799999237060547,23.39999961853028,23.39999961853028,790278
2025-09-18,23.600000381469727,23.75,23.5,23.600000381469727,401419
2025-09-19,23.799999237060547,23.799999237060547,23.5,23.75,438502
2025-09-22,23.850000381469727,23.850000381469727,23.350000381469727,23.600000381469727,381188
2025-09-23,23.450000762939453,23.600000381469727,23.350000381469727,23.450000762939453,301075
2025-09-24,23.450000762939453,23.64999961853028,23.200000762939453,23.39999961853028,570090
2025-09-25,23.5,23.700000762939453,23.39999961853028,23.64999961853028,398810
2025-09-26,23.64999961853028,23.64999961853028,23.200000762939453,23.299999237060547,437019
2025-09-30,23.549999237060547,23.549999237060547,23.350000381469727,23.549999237060547,159832
2025-10-01,23.549999237060547,23.549999237060547,23.39999961853028,23.5,167635
2025-10-02,23.5,23.5,23.14999961853028,23.25,399292
2025-10-03,23.299999237060547,23.299999237060547,23.0,23.14999961853028,484232
2025-10-07,23.14999961853028,24.0,23.100000381469727,23.549999237060547,875401
2025-10-08,23.700000762939453,23.700000762939453,23.39999961853028,23.450000762939453,171221
2025-10-09,23.450000762939453,24.049999237060547,23.450000762939453,23.75,1356101
2025-10-13,23.450000762939453,23.450000762939453,23.0,23.39999961853028,835213
2025-10-14,23.39999961853028,24.25,23.39999961853028,23.450000762939453,1016100
2025-10-15,23.64999961853028,23.799999237060547,23.14999961853028,23.25,592560
2025-10-16,23.350000381469727,23.450000762939453,23.25,23.39999961853028,268288
2025-10-17,23.39999961853028,23.64999961853028,23.39999961853028,23.5,276476
2025-10-20,23.5,23.64999961853028,23.100000381469727,23.25,510213
2025-10-21,23.450000762939453,23.450000762939453,23.100000381469727,23.14999961853028,370252
2025-10-22,23.14999961853028,23.5,23.14999961853028,23.450000762939453,354218
2025-10-23,23.5,23.549999237060547,23.350000381469727,23.350000381469727,138501
2025-10-27,23.350000381469727,23.39999961853028,23.049999237060547,23.100000381469727,713414
2025-10-28,23.25,23.25,22.450000762939453,22.549999237060547,1670211
2025-10-29,22.64999961853028,22.89999961853028,22.600000381469727,22.799999237060547,654114
2025-10-30,22.850000381469727,23.0,22.350000381469727,22.450000762939453,790013
2025-10-31,22.600000381469727,22.600000381469727,22.299999237060547,22.299999237060547,403221
2025-11-03,22.299999237060547,22.299999237060547,21.89999961853028,21.950000762939453,872322
2025-11-04,21.850000381469727,22.100000381469727,21.850000381469727,21.850000381469727,416031
2025-11-05,21.850000381469727,21.850000381469727,21.350000381469727,21.600000381469727,551030
2025-11-06,21.850000381469727,21.950000762939453,21.75,21.950000762939453,331156
2025-11-07,21.75,21.75,21.25,21.450000762939453,627577
2025-11-10,21.450000762939453,21.600000381469727,21.299999237060547,21.549999237060547,306089
2025-11-11,21.549999237060547,22.14999961853028,21.549999237060547,21.799999237060547,680763
2025-11-12,21.950000762939453,23.100000381469727,21.950000762939453,22.950000762939453,1409431
2025-11-13,22.799999237060547,23.39999961853028,22.799999237060547,23.350000381469727,1129945
2025-11-14,23.200000762939453,23.5,23.0,23.299999237060547,630166
2025-11-17,23.14999961853028,23.14999961853028,22.549999237060547,22.700000762939453,487500
2025-11-18,22.700000762939453,22.700000762939453,22.0,22.0,505246
2025-11-19,22.14999961853028,22.14999961853028,21.75,22.0,325100
2025-11-20,22.100000381469727,22.350000381469727,22.0,22.200000762939453,246002
2025-11-21,22.350000381469727,22.450000762939453,22.049999237060547,22.25,359929
2025-11-24,22.450000762939453,22.5,22.14999961853028,22.350000381469727,231001
2025-11-25,22.5,22.850000381469727,22.299999237060547,22.549999237060547,354330
2025-11-26,22.600000381469727,23.0,22.600000381469727,22.89999961853028,335016
2025-11-27,22.89999961853028,23.39999961853028,22.850000381469727,23.299999237060547,508300
2025-11-28,23.100000381469727,23.64999961853028,23.100000381469727,23.549999237060547,494100
2025-12-01,23.549999237060547,24.0,23.450000762939453,23.549999237060547,452344
2025-12-02,23.39999961853028,23.799999237060547,23.350000381469727,23.549999237060547,305000
2025-12-03,23.549999237060547,23.75,23.549999237060547,23.600000381469727,238132
2025-12-04,23.549999237060547,23.700000762939453,23.200000762939453,23.39999961853028,212914
2025-12-05,23.350000381469727,23.350000381469727,23.0,23.14999961853028,225010
2025-12-08,23.14999961853028,23.200000762939453,23.0,23.200000762939453,232051
2025-12-09,23.100000381469727,23.350000381469727,22.950000762939453,23.200000762939453,220202
2025-12-10,23.100000381469727,23.299999237060547,22.89999961853028,23.049999237060547,220001
2025-12-11,23.14999961853028,23.14999961853028,22.75,22.89999961853028,208010
2025-12-12,23.14999961853028,23.299999237060547,22.89999961853028,22.89999961853028,262010
2025-12-15,22.799999237060547,23.25,22.700000762939453,23.100000381469727,256099
2025-12-16,22.89999961853028,22.89999961853028,22.600000381469727,22.850000381469727,406051
2025-12-17,22.950000762939453,22.950000762939453,22.5,22.549999237060547,379189
2025-12-18,22.64999961853028,22.64999961853028,22.350000381469727,22.5,160325
2025-12-19,22.39999961853028,22.75,22.39999961853028,22.5,308000
2025-12-22,22.64999961853028,22.799999237060547,22.5,22.5,305190
2025-12-23,22.549999237060547,22.64999961853028,22.5,22.549999237060547,184865
2025-12-24,22.549999237060547,22.799999237060547,22.5,22.700000762939453,432391
2025-12-26,22.700000762939453,22.850000381469727,22.549999237060547,22.799999237060547,188701
2025-12-29,22.799999237060547,23.100000381469727,22.700000762939453,22.89999961853028,297220
2025-12-30,22.950000762939453,23.850000381469727,22.700000762939453,23.799999237060547,1011369
2025-12-31,23.89999961853028,23.950000762939453,23.39999961853028,23.450000762939453,425006
2026-01-02,23.350000381469727,23.549999237060547,23.14999961853028,23.200000762939453,314000
2026-01-05,23.200000762939453,23.200000762939453,22.600000381469727,22.75,712843
2026-01-06,22.799999237060547,23.299999237060547,22.799999237060547,23.100000381469727,539438
2026-01-07,24.549999237060547,25.14999961853028,24.5,24.549999237060547,2357919
2026-01-08,24.350000381469727,24.350000381469727,23.700000762939453,23.950000762939453,898305
2026-01-09,24.0,24.049999237060547,23.549999237060547,23.64999961853028,388005
2026-01-12,23.64999961853028,24.600000381469727,23.549999237060547,24.350000381469727,921327
2026-01-13,24.450000762939453,24.450000762939453,23.950000762939453,24.100000381469727,506615
2026-01-14,24.200000762939453,25.0,24.14999961853028,24.700000762939453,1558052
2026-01-15,24.450000762939453,24.450000762939453,24.100000381469727,24.39999961853028,544410
2026-01-16,24.5,24.700000762939453,24.200000762939453,24.350000381469727,777201
2026-01-19,24.25,24.75,24.0,24.600000381469727,1252390
2026-01-20,24.600000381469727,24.64999961853028,23.950000762939453,24.0,1160200
2026-01-21,23.799999237060547,24.100000381469727,23.549999237060547,24.049999237060547,643368
2026-01-22,24.14999961853028,24.299999237060547,23.799999237060547,23.89999961853028,449322
2026-01-23,23.950000762939453,24.200000762939453,23.89999961853028,24.0,389249
2026-01-26,24.200000762939453,24.450000762939453,24.200000762939453,24.25,689130
2026-01-27,24.450000762939453,24.89999961853028,23.89999961853028,24.100000381469727,1996454
2026-01-28,24.200000762939453,25.39999961853028,24.200000762939453,24.700000762939453,3812900
2026-01-29,25.0,25.0,24.100000381469727,24.100000381469727,1187975
2026-01-30,24.100000381469727,24.5,23.600000381469727,23.700000762939453,1210243
2026-02-02,23.950000762939453,24.350000381469727,23.600000381469727,23.700000762939453,951337
2026-02-03,23.850000381469727,23.850000381469727,23.25,23.450000762939453,763464
2026-02-04,23.549999237060547,24.25,23.549999237060547,24.049999237060547,680123
2026-02-05,23.799999237060547,24.299999237060547,23.799999237060547,23.89999961853028,382150
2026-02-06,23.89999961853028,23.89999961853028,23.39999961853028,23.75,713534
2026-02-09,23.799999237060547,23.950000762939453,23.64999961853028,23.950000762939453,316882
2026-02-10,23.89999961853028,24.299999237060547,23.799999237060547,24.14999961853028,577001
2026-02-11,24.14999961853028,24.25,23.89999961853028,24.0,479529
2026-02-23,24.39999961853028,26.39999961853028,24.39999961853028,26.39999961853028,3871170
2026-02-24,26.64999961853028,27.700000762939453,26.450000762939453,27.350000381469727,5724392
2026-02-25,26.850000381469727,27.850000381469727,26.799999237060547,27.350000381469727,2251220
2026-02-26,27.5,27.5,26.700000762939453,27.25,1430536
2026-03-02,27.14999961853028,27.5,26.100000381469727,26.25,1699978
2026-03-03,26.100000381469727,26.450000762939453,25.5,25.89999961853028,888780
2026-03-04,25.549999237060547,25.549999237060547,24.350000381469727,24.549999237060547,1412500
2026-03-05,24.950000762939453,25.549999237060547,24.850000381469727,24.950000762939453,893004
2026-03-06,24.950000762939453,26.0,24.75,25.75,913000
2026-03-09,24.850000381469727,25.25,23.850000381469727,24.100000381469727,1309009
2026-03-10,24.5,24.850000381469727,24.100000381469727,24.350000381469727,607003
2026-03-11,24.350000381469727,25.39999961853028,24.350000381469727,25.0,865099
2026-03-12,25.0,25.75,24.850000381469727,25.39999961853028,771547
2026-03-13,25.100000381469727,25.950000762939453,25.100000381469727,25.850000381469727,780413
2026-03-16,26.200000762939453,26.39999961853028,25.39999961853028,25.39999961853028,690215
2026-03-17,25.350000381469727,25.600000381469727,25.25,25.450000762939453,288282
2026-03-18,25.799999237060547,26.100000381469727,25.299999237060547,25.549999237060547,567320
2026-03-19,25.549999237060547,28.100000381469727,25.25,27.600000381469727,5950692
2026-03-20,27.049999237060547,27.299999237060547,25.200000762939453,25.350000381469727,4968811
2026-03-23,26.0,26.75,25.700000762939453,25.799999237060547,3110371
2026-03-24,26.5,26.5,25.39999961853028,25.549999237060547,1001081
2026-03-25,25.950000762939453,25.950000762939453,25.14999961853028,25.350000381469727,1025003
2026-03-26,24.5,26.350000381469727,24.5,26.049999237060547,2297401
2026-03-27,26.75,26.75,25.5,26.100000381469727,2151704
2026-03-30,26.0,28.350000381469727,26.0,26.700000762939453,7876502
2026-03-31,27.200000762939453,27.299999237060547,25.299999237060547,25.64999961853028,3633701
2026-04-01,25.39999961853028,26.200000762939453,25.299999237060547,25.89999961853028,1205029
2026-04-02,25.89999961853028,25.89999961853028,25.299999237060547,25.600000381469727,868173
2026-04-07,25.600000381469727,25.89999961853028,25.549999237060547,25.600000381469727,342200
2026-04-08,25.600000381469727,25.600000381469727,24.89999961853028,25.100000381469727,1585389
2026-04-09,25.100000381469727,26.549999237060547,25.100000381469727,26.299999237060547,1463127
2026-04-10,26.299999237060547,26.350000381469727,25.799999237060547,26.14999961853028,610033
2026-04-13,26.450000762939453,26.799999237060547,26.14999961853028,26.75,1257320
2026-04-14,26.850000381469727,27.100000381469727,26.350000381469727,26.64999961853028,1064521
2026-04-15,26.64999961853028,26.799999237060547,25.950000762939453,26.049999237060547,1104545
2026-04-16,26.100000381469727,26.200000762939453,25.75,26.0,659655
2026-04-17,26.0,26.299999237060547,25.850000381469727,26.049999237060547,515312
2026-04-20,26.200000762939453,26.200000762939453,25.549999237060547,25.75,892192
2026-04-21,25.75,26.0,25.600000381469727,25.64999961853028,536143
2026-04-22,25.950000762939453,26.350000381469727,25.64999961853028,26.14999961853028,1356213
2026-04-23,27.100000381469727,28.200000762939453,26.350000381469727,27.100000381469727,4838120
2026-04-24,27.049999237060547,27.100000381469727,26.14999961853028,26.600000381469727,1689500
2026-04-27,26.799999237060547,28.600000381469727,26.799999237060547,28.0,6057128
2026-04-28,27.799999237060547,27.799999237060547,27.0,27.0,2438435
2026-04-29,27.350000381469727,27.350000381469727,26.549999237060547,26.64999961853028,1111901
2026-04-30,26.89999961853028,26.89999961853028,26.350000381469727,26.700000762939453,968382
2026-05-04,27.350000381469727,27.350000381469727,26.200000762939453,26.549999237060547,1363647
2026-05-05,26.549999237060547,27.100000381469727,26.549999237060547,26.89999961853028,985113
2026-05-06,27.299999237060547,28.5,26.799999237060547,26.850000381469727,4003898
2026-05-07,26.850000381469727,27.200000762939453,26.450000762939453,26.799999237060547,1401516
2026-05-08,27.5,29.25,27.299999237060547,28.5,4816538
2026-05-11,29.25,29.950000762939453,28.700000762939453,29.299999237060547,3319514
2026-05-12,29.75,29.75,27.64999961853028,27.75,2962341
2026-05-13,27.799999237060547,28.0,27.25,27.700000762939453,985045
2026-05-14,27.600000381469727,28.350000381469727,27.5,27.64999961853028,974084
2026-05-15,27.89999961853028,27.89999961853028,26.89999961853028,27.0,1509503
2026-05-18,27.0,27.799999237060547,26.950000762939453,27.549999237060547,1718327
2026-05-19,27.549999237060547,27.700000762939453,27.0,27.100000381469727,1179262
2026-05-20,27.100000381469727,27.549999237060547,26.950000762939453,27.549999237060547,1002763
2026-05-21,27.75,28.14999961853028,27.549999237060547,28.100000381469727,1209868
2026-05-22,28.200000762939453,28.299999237060547,27.700000762939453,27.950000762939453,1037350
2026-05-25,28.0,28.39999961853028,27.0,27.39999961853028,2203575
2026-05-26,27.799999237060547,28.14999961853028,27.299999237060547,27.39999961853028,1233222
2026-05-27,27.700000762939453,28.14999961853028,26.600000381469727,27.0,2366244
2026-05-28,27.0,27.39999961853028,26.64999961853028,26.950000762939453,774453
2026-05-29,26.950000762939453,27.299999237060547,26.950000762939453,27.049999237060547,798186
2026-06-01,27.200000762939453,27.64999961853028,27.0,27.25,1163786
2026-06-02,27.549999237060547,27.600000381469727,27.0,27.600000381469727,1252320
2026-06-03,28.100000381469727,29.700000762939453,28.0,28.89999961853028,4976030
2026-06-04,28.950000762939453,31.39999961853028,28.89999961853028,30.89999961853028,7333950
2026-06-05,32.20000076293945,32.70000076293945,30.850000381469727,32.150001525878906,13748970
2026-06-08,29.200000762939453,30.299999237060547,28.950000762939453,29.299999237060547,4104709
2026-06-09,29.39999961853028,29.39999961853028,28.39999961853028,29.200000762939453,2843957
2026-06-10,28.850000381469727,29.39999961853028,28.049999237060547,28.25,2024004
2026-06-11,28.39999961853028,29.950000762939453,27.75,29.950000762939453,2474500
2026-06-12,30.799999237060547,30.950000762939453,30.049999237060547,30.350000381469727,2179660
2026-06-15,30.350000381469727,30.64999961853028,30.0,30.0,1717019
2026-06-16,30.200000762939453,30.39999961853028,29.049999237060547,29.25,1151200
2026-06-17,29.049999237060547,29.450000762939453,28.700000762939453,29.200000762939453,876134
2026-06-18,29.200000762939453,29.600000381469727,28.700000762939453,28.700000762939453,1431120
2026-06-22,28.75,28.950000762939453,28.549999237060547,28.75,946022
2026-06-23,28.799999237060547,28.950000762939453,28.049999237060547,28.299999237060547,1323995
2026-06-24,28.049999237060547,28.64999961853028,28.049999237060547,28.549999237060547,976079
2026-06-25,28.799999237060547,28.799999237060547,28.049999237060547,28.14999961853028,886078
2026-06-26,28.0,28.0,26.89999961853028,27.0,2476346
2026-06-29,27.0,27.450000762939453,26.950000762939453,27.350000381469727,635260
2026-06-30,27.39999961853028,27.5,27.200000762939453,27.450000762939453,625121
2026-07-01,27.75,27.850000381469727,27.39999961853028,27.450000762939453,792910
2026-07-02,27.350000381469727,28.39999961853028,27.299999237060547,28.39999961853028,1006525
2026-07-03,28.14999961853028,29.850000381469727,28.14999961853028,29.850000381469727,3211450
2026-07-06,30.0,30.600000381469727,29.700000762939453,29.850000381469727,2135158
2026-07-07,30.0,30.0,29.0,29.5,1652574
2026-07-08,29.39999961853028,29.549999237060547,28.89999961853028,29.100000381469727,838002
2026-07-09,29.049999237060547,29.299999237060547,28.799999237060547,28.850000381469727,652027
2026-07-10,28.850000381469727,28.850000381469727,28.850000381469727,28.850000381469727,0
2026-07-13,28.89999961853028,28.950000762939453,28.299999237060547,28.450000762939453,748200
2026-07-14,28.350000381469727,28.549999237060547,27.64999961853028,28.200000762939453,1469608
2026-07-15,28.600000381469727,28.799999237060547,28.25,28.75,569100
2026-07-16,28.850000381469727,29.14999961853028,28.549999237060547,28.549999237060547,617100
2026-07-17,28.549999237060547,28.600000381469727,27.700000762939453,27.75,962200
2026-07-20,28.14999961853028,28.350000381469727,27.299999237060547,27.549999237060547,1035319
2026-07-21,27.600000381469727,28.25,27.600000381469727,28.200000762939453,509060
2026-07-22,28.100000381469727,28.450000762939453,28.0,28.100000381469727,389040
2026-07-23,28.350000381469727,29.14999961853028,28.299999237060547,28.850000381469727,704005
2026-07-24,28.799999237060547,28.850000381469727,28.100000381469727,28.299999237060547,510201
2026-07-27,28.39999961853028,28.39999961853028,27.64999961853028,27.950000762939453,703114
2026-07-28,27.799999237060547,27.799999237060547,27.0,27.299999237060547,867001
2026-07-29,27.39999961853028,27.549999237060547,26.100000381469727,26.600000381469727,1367159
2026-07-30,26.89999961853028,27.100000381469727,26.299999237060547,26.549999237060547,620030
2026-07-31,26.89999961853028,27.799999237060547,26.89999961853028,27.5,564004
2026-08-03,27.450000762939453,27.64999961853028,27.25,27.5,183252
2026-08-04,27.200000762939453,27.600000381469727,27.049999237060547,27.450000762939453,378157
2026-08-05,27.799999237060547,28.0,27.450000762939453,27.450000762939453,547004
2026-08-06,27.200000762939453,27.89999961853028,27.200000762939453,27.700000762939453,346286
2026-08-07,27.700000762939453,29.350000381469727,27.700000762939453,28.700000762939453,2844253
2026-08-10,29.200000762939453,30.0,28.39999961853028,29.850000381469727,2306400
2026-08-11,30.0,30.049999237060547,29.450000762939453,29.75,1340477
2026-08-12,29.950000762939453,30.950000762939453,29.850000381469727,30.850000381469727,2562733
2026-08-13,31.0,31.100000381469727,30.25,30.299999237060547,1821610
2026-08-14,30.299999237060547,30.299999237060547,28.700000762939453,28.950000762939453,1420640
2026-08-17,28.950000762939453,29.64999961853028,28.950000762939453,29.5,810191
2026-08-18,29.5,30.0,29.39999961853028,29.450000762939453,870168
2026-08-19,29.450000762939453,29.75,29.049999237060547,29.100000381469727,690442
2026-08-20,29.14999961853028,30.049999237060547,29.14999961853028,29.5,657607
2026-08-21,29.450000762939453,31.5,29.450000762939453,31.39999961853028,2560484
2026-08-24,31.5,31.549999237060547,30.200000762939453,30.25,1205007
2026-08-25,30.200000762939453,30.200000762939453,29.799999237060547,30.049999237060547,579646
2026-08-26,30.049999237060547,30.799999237060547,29.600000381469727,30.64999961853028,808271
2026-08-27,30.64999961853028,31.299999237060547,30.14999961853028,30.14999961853028,1083033
2026-08-28,30.14999961853028,30.5,30.049999237060547,30.450000762939453,667206
2026-08-31,30.450000762939453,30.850000381469727,30.100000381469727,30.5,573502
2026-09-01,30.25,31.850000381469727,30.25,30.5,914000
2026-09-02,30.299999237060547,30.64999961853028,30.14999961853028,30.549999237060547,665100
2026-09-03,30.549999237060547,31.0,29.850000381469727,29.850000381469727,760432
2026-09-04,30.350000381469727,30.350000381469727,29.25,29.700000762939453,608193
2026-09-07,29.950000762939453,30.049999237060547,28.850000381469727,29.0,1426051
2026-09-08,29.25,29.25,28.850000381469727,29.14999961853028,403501
2026-09-09,29.25,29.549999237060547,29.0,29.5,425504
2026-09-10,29.100000381469727,29.600000381469727,28.850000381469727,29.0,472439
2026-09-11,29.0,29.299999237060547,28.89999961853028,29.100000381469727,485205
2026-09-14,28.350000381469727,28.350000381469727,27.299999237060547,27.89999961853028,1273400
2026-09-15,27.89999961853028,27.89999961853028,27.549999237060547,27.75,555000
2026-09-16,27.799999237060547,28.64999961853028,27.75,28.14999961853028,699400
2026-09-17,28.200000762939453,29.25,28.049999237060547,29.0,725514
2026-09-18,29.049999237060547,29.100000381469727,28.600000381469727,28.600000381469727,506790
2026-09-21,28.75,28.950000762939453,28.649999618530273,28.850000381469727,232568
2026-09-22,28.850000381469727,28.850000381469727,28.600000381469727,28.600000381469727,251055
2026-09-23,28.950000762939453,29.049999237060547,28.649999618530273,28.75,203270
2026-09-24,28.700000762939453,28.850000381469727,28.600000381469727,28.700000762939453,191007
