date,open,high,low,close,volume
2020-01-02,14.550277709960938,14.550277709960938,14.013187408447266,14.257320404052734,31745
2020-01-03,14.20849323272705,14.354972839355469,13.866707801818848,14.11083984375,27648
2020-01-06,13.915534973144531,14.257320404052734,13.52492332458496,14.257320404052734,32800
2020-01-07,14.354972839355469,14.354972839355469,13.866707801818848,13.964361190795898,25635
2020-01-08,13.720229148864746,14.20849323272705,13.476097106933594,14.11083984375,29697
2020-01-09,14.257320404052734,14.257320404052734,14.159667015075684,14.20849323272705,12288
2020-01-10,14.159667015075684,14.403799057006836,14.159667015075684,14.159667015075684,36315
2020-01-13,15.526806831359863,15.57563304901123,15.185022354125977,15.57563304901123,269147
2020-01-14,17.089252471923828,17.089252471923828,16.600988388061523,17.089252471923828,529438
2020-01-15,16.747468948364258,18.456392288208008,16.747468948364258,16.845121383666992,1412654
2020-01-16,16.210376739501953,16.796293258666992,15.868592262268066,16.210376739501953,428070
2020-01-17,16.11272430419922,16.405683517456055,16.06389808654785,16.11272430419922,105493
2020-01-20,15.91741943359375,16.259204864501953,15.624460220336914,16.259204864501953,108567
2020-01-30,14.647931098937988,14.89206314086914,14.647931098937988,14.647931098937988,105475
2020-01-31,14.257320404052734,14.59910488128662,14.062013626098633,14.452625274658203,74773
2020-02-03,13.183137893676758,14.403799057006836,13.036659240722656,14.354972839355469,124950
2020-02-04,14.11083984375,14.696758270263672,14.11083984375,14.550277709960938,38913
2020-02-05,14.354972839355469,14.59910488128662,14.11083984375,14.20849323272705,22528
2020-02-06,14.306145668029783,14.550277709960938,13.964361190795898,13.964361190795898,70658
2020-02-07,13.81788158416748,13.81788158416748,13.476097106933594,13.476097106933594,77954
2020-02-10,13.183137893676758,13.52492332458496,12.74370002746582,13.085485458374023,31745
2020-02-11,13.42726993560791,13.42726993560791,13.280791282653809,13.378443717956545,10240
2020-02-12,13.378443717956545,13.866707801818848,13.32961654663086,13.866707801818848,22528
2020-02-13,13.52492332458496,13.52492332458496,13.32961654663086,13.52492332458496,31780
2020-02-14,13.52492332458496,13.573748588562012,13.378443717956545,13.573748588562012,11264
2020-02-17,13.42726993560791,13.42726993560791,13.231964111328123,13.42726993560791,9216
2020-02-18,13.378443717956545,13.622575759887695,13.085485458374023,13.52492332458496,13312
2020-02-19,13.378443717956545,13.573748588562012,13.378443717956545,13.573748588562012,2048
2020-02-20,13.231964111328123,13.231964111328123,13.036659240722656,13.13431167602539,47105
2020-02-21,13.13431167602539,13.13431167602539,12.450740814208984,12.59722137451172,148622
2020-02-24,12.499567985534668,12.499567985534668,11.913651466369627,12.304262161254885,30745
2020-02-25,12.206608772277832,12.401914596557615,12.206608772277832,12.353089332580566,13338
2020-02-26,12.353089332580566,12.987832069396973,12.353089332580566,12.74370002746582,22528
2020-02-27,12.694873809814451,12.939005851745604,12.59722137451172,12.841353416442873,55306
2020-03-02,12.353089332580566,13.085485458374023,12.353089332580566,13.085485458374023,34817
2020-03-03,13.13431167602539,14.11083984375,13.13431167602539,13.671401977539062,41985
2020-03-04,13.32961654663086,13.81788158416748,13.32961654663086,13.720229148864746,16384
2020-03-05,13.769055366516112,14.159667015075684,13.671401977539062,13.769055366516112,19456
2020-03-06,13.32961654663086,13.476097106933594,13.085485458374023,13.13431167602539,13312
2020-03-09,12.74370002746582,12.841353416442873,12.548394203186035,12.792526245117188,52225
2020-03-10,12.694873809814451,12.792526245117188,12.255435943603516,12.64604663848877,24576
2020-03-11,12.64604663848877,12.694873809814451,12.157782554626465,12.157782554626465,98307
2020-03-12,12.108956336975098,12.206608772277832,11.474212646484377,11.523038864135742,94219
2020-03-13,11.132428169250488,11.132428169250488,10.400031089782717,10.69299030303955,166926
2020-03-16,10.351204872131348,10.741815567016602,10.009419441223145,10.351204872131348,35841
2020-03-17,9.345379829406738,9.67739963531494,9.316083908081056,9.316083908081056,173061
2020-03-18,9.277023315429688,9.335615158081056,9.101247787475586,9.101247787475586,25600
2020-03-19,8.251667976379395,8.290728569030762,8.193076133728027,8.193076133728027,88067
2020-03-20,7.841526031494141,8.993829727172852,7.841526031494141,8.583686828613281,43009
2020-03-23,8.573922157287598,9.316083908081056,8.573922157287598,8.798523902893066,4096
2020-03-24,9.179369926452637,9.179369926452637,8.700871467590332,8.700871467590332,2048
2020-03-25,9.12077808380127,9.12077808380127,8.691105842590332,8.788758277893066,42459
2020-03-26,8.593453407287598,9.071951866149902,8.593453407287598,9.071951866149902,15360
2020-03-27,9.306319236755373,9.306319236755373,8.83758544921875,8.866881370544434,29697
2020-03-30,9.02312469482422,9.02312469482422,8.730167388916016,8.730167388916016,5120
2020-03-31,8.730167388916016,9.032891273498535,8.700871467590332,8.7399320602417,10240
2020-04-01,8.661809921264648,8.83758544921875,8.50556468963623,8.81805419921875,14336
2020-04-06,8.661809921264648,8.876646041870117,8.612982749938965,8.80828857421875,10240
2020-04-07,8.710636138916016,9.150074005126951,8.661809921264648,8.8864107131958,86018
2020-04-08,8.788758277893066,8.954768180847168,8.788758277893066,8.954768180847168,36865
2020-04-09,9.13054370880127,9.374675750732422,8.984064102172852,9.374675750732422,25600
2020-04-10,9.569981575012209,9.765287399291992,9.374675750732422,9.66763401031494,54277
2020-04-13,10.009419441223145,10.546509742736816,9.960593223571776,10.10707187652588,93187
2020-04-14,10.253552436828612,10.253552436828612,9.765287399291992,9.765287399291992,81926
2020-04-15,9.81411361694336,10.741815567016602,9.81411361694336,10.49768352508545,68610
2020-04-16,10.49768352508545,10.49768352508545,10.009419441223145,10.058245658874512,64518
2020-04-17,10.302377700805664,10.302377700805664,9.81411361694336,9.81411361694336,19456
2020-04-20,9.472329139709473,9.657869338989258,9.374675750732422,9.50162410736084,16384
2020-04-21,9.384441375732422,9.384441375732422,9.179369926452637,9.179369926452637,13312
2020-04-22,8.896177291870117,9.423501968383787,8.896177291870117,9.423501968383787,7168
2020-04-23,9.403971672058104,9.423501968383787,9.169605255126951,9.198901176452637,21504
2020-04-24,9.198901176452637,9.198901176452637,9.198901176452637,9.198901176452637,0
2020-04-27,9.091482162475586,9.345379829406738,8.798523902893066,9.345379829406738,36865
2020-04-28,9.286787986755373,9.52115535736084,9.277023315429688,9.52115535736084,7168
2020-04-29,9.726225852966309,10.20472526550293,9.569981575012209,10.009419441223145,26624
2020-04-30,10.155899047851562,10.49768352508545,10.058245658874512,10.448857307434082,36865
2020-05-04,10.741815567016602,10.741815567016602,10.009419441223145,10.644163131713867,13312
2020-05-05,10.058245658874512,10.253552436828612,9.765287399291992,9.81411361694336,87043
2020-05-06,9.66763401031494,9.66763401031494,9.277023315429688,9.306319236755373,134149
2020-05-07,9.374675750732422,9.765287399291992,9.374675750732422,9.560215950012209,37889
2020-05-08,9.569981575012209,10.009419441223145,9.472329139709473,10.009419441223145,60418
2020-05-11,10.058245658874512,10.20472526550293,9.765287399291992,10.20472526550293,86018
2020-05-12,10.10707187652588,10.351204872131348,9.960593223571776,10.10707187652588,57345
2020-05-13,10.058245658874512,10.10707187652588,9.765287399291992,9.765287399291992,57345
2020-05-14,9.66763401031494,9.862939834594728,9.657869338989258,9.657869338989258,6144
2020-05-15,9.726225852966309,9.81411361694336,9.472329139709473,9.66763401031494,18432
2020-05-18,9.423501968383787,9.68716526031494,9.423501968383787,9.68716526031494,8192
2020-05-19,9.765287399291992,9.960593223571776,9.755521774291992,9.862939834594728,17408
2020-05-20,9.862939834594728,10.351204872131348,9.68716526031494,9.68716526031494,83970
2020-05-21,9.91176700592041,9.91176700592041,9.765287399291992,9.91176700592041,4096
2020-05-22,10.009419441223145,10.009419441223145,9.599276542663574,9.599276542663574,17408
2020-05-25,9.66763401031494,9.81411361694336,9.599276542663574,9.81411361694336,16384
2020-05-26,9.755521774291992,9.91176700592041,9.433266639709473,9.569981575012209,51201
2020-05-27,9.569981575012209,9.755521774291992,9.569981575012209,9.745757102966309,10241
2020-05-28,9.765287399291992,9.765287399291992,9.51138973236084,9.569981575012209,19456
2020-05-29,9.569981575012209,9.638339042663574,9.472329139709473,9.638339042663574,12288
2020-06-01,9.491859436035156,9.81411361694336,9.491859436035156,9.569981575012209,24576
2020-06-02,9.765287399291992,10.49768352508545,9.765287399291992,10.49768352508545,141316
2020-06-03,11.230079650878906,11.523038864135742,11.132428169250488,11.523038864135742,223239
2020-06-04,11.718344688415527,12.64604663848877,11.718344688415527,12.206608772277832,769059
2020-06-05,12.206608772277832,12.206608772277832,11.230079650878906,11.57186508178711,185350
2020-06-08,11.474212646484377,11.767170906066896,11.37656021118164,11.57186508178711,46081
2020-06-09,11.474212646484377,11.913651466369627,11.37656021118164,11.718344688415527,55297
2020-06-10,11.913651466369627,11.913651466369627,11.718344688415527,11.718344688415527,9216
2020-06-11,11.523038864135742,11.718344688415527,11.181254386901855,11.474212646484377,43009
2020-06-12,10.49768352508545,11.083600997924805,10.49768352508545,11.034774780273438,80898
2020-06-15,11.034774780273438,11.230079650878906,10.741815567016602,11.034774780273438,29732
2020-06-16,11.57186508178711,11.57186508178711,11.181254386901855,11.181254386901855,12288
2020-06-17,11.181254386901855,11.474212646484377,10.985947608947754,11.327733039855955,16384
2020-06-18,11.66951847076416,11.66951847076416,10.985947608947754,11.181254386901855,23552
2020-06-19,10.839468955993652,11.230079650878906,10.839468955993652,11.181254386901855,15360
2020-06-22,11.181254386901855,11.181254386901855,10.937122344970703,11.132428169250488,39937
2020-06-23,11.230079650878906,11.230079650878906,10.937122344970703,10.937122344970703,14336
2020-06-24,11.132428169250488,11.132428169250488,10.839468955993652,11.083600997924805,16384
2020-06-29,11.132428169250488,11.132428169250488,10.839468955993652,11.083600997924805,4096
2020-06-30,10.88829517364502,10.937122344970703,10.790641784667969,10.937122344970703,7168
2020-07-01,10.88829517364502,11.425386428833008,10.741815567016602,11.132428169250488,30721
2020-07-02,11.523038864135742,12.206608772277832,11.474212646484377,12.206608772277832,379917
2020-07-03,12.06013011932373,12.06013011932373,11.425386428833008,11.57186508178711,161801
2020-07-06,11.523038864135742,11.864824295043944,11.523038864135742,11.767170906066896,27456
2020-07-07,11.767170906066896,11.864824295043944,11.523038864135742,11.767170906066896,41985
2020-07-08,11.913651466369627,12.06013011932373,11.57186508178711,11.767170906066896,21504
2020-07-09,11.57186508178711,11.96247673034668,11.57186508178711,11.815998077392578,72706
2020-07-10,11.864824295043944,11.864824295043944,11.620692253112791,11.815998077392578,46946
2020-07-13,12.987832069396973,12.987832069396973,12.987832069396973,12.987832069396973,51043
2020-07-14,14.257320404052734,14.257320404052734,13.280791282653809,13.476097106933594,734443
2020-07-15,13.52492332458496,13.52492332458496,12.64604663848877,12.792526245117188,207879
2020-07-16,12.792526245117188,12.987832069396973,12.694873809814451,12.74370002746582,48129
2020-07-17,13.085485458374023,13.964361190795898,12.792526245117188,13.378443717956545,248840
2020-07-20,13.42726993560791,13.42726993560791,12.939005851745604,13.231964111328123,39937
2020-07-21,12.841353416442873,13.42726993560791,12.841353416442873,13.13431167602539,31745
2020-07-22,13.378443717956545,14.403799057006836,13.378443717956545,14.403799057006836,1283116
2020-07-23,14.306145668029783,14.843236923217772,13.769055366516112,13.769055366516112,521438
2020-07-24,13.573748588562012,13.671401977539062,13.085485458374023,13.183137893676758,114691
2020-07-27,13.13431167602539,13.622575759887695,13.036659240722656,13.280791282653809,42804
2020-07-28,13.52492332458496,13.52492332458496,12.499567985534668,12.499567985534668,94211
2020-07-29,12.108956336975098,13.671401977539062,12.108956336975098,13.42726993560791,86018
2020-07-30,13.42726993560791,13.915534973144531,13.085485458374023,13.32961654663086,30721
2020-07-31,13.085485458374023,13.13431167602539,12.841353416442873,12.987832069396973,67586
2020-08-03,12.792526245117188,13.42726993560791,12.792526245117188,13.13431167602539,34817
2020-08-04,13.036659240722656,13.378443717956545,13.036659240722656,13.036659240722656,10547
2020-08-05,12.841353416442873,13.280791282653809,12.841353416442873,13.13431167602539,27648
2020-08-06,13.476097106933594,14.257320404052734,13.476097106933594,13.866707801818848,226311
2020-08-07,14.159667015075684,14.306145668029783,13.573748588562012,13.671401977539062,126980
2020-08-10,13.720229148864746,13.866707801818848,13.52492332458496,13.622575759887695,38913
2020-08-11,13.52492332458496,13.573748588562012,12.304262161254885,12.304262161254885,267375
2020-08-12,12.401914596557615,12.450740814208984,11.620692253112791,11.815998077392578,125118
2020-08-13,11.815998077392578,11.96247673034668,11.474212646484377,11.474212646484377,104144
2020-08-14,11.230079650878906,12.108956336975098,11.132428169250488,11.523038864135742,85609
2020-08-17,11.523038864135742,11.815998077392578,11.523038864135742,11.57186508178711,58677
2020-08-18,11.474212646484377,11.66951847076416,11.27890682220459,11.27890682220459,60199
2020-08-19,11.66951847076416,11.66951847076416,11.181254386901855,11.425386428833008,30721
2020-08-20,11.230079650878906,11.718344688415527,10.790641784667969,10.790641784667969,60643
2020-08-21,10.839468955993652,11.132428169250488,10.741815567016602,10.790641784667969,59394
2020-08-24,10.790641784667969,11.083600997924805,10.790641784667969,10.985947608947754,25600
2020-08-25,10.937122344970703,11.37656021118164,10.937122344970703,11.034774780273438,20480
2020-08-26,10.985947608947754,11.27890682220459,10.937122344970703,11.27890682220459,24576
2020-08-27,11.034774780273438,11.230079650878906,10.937122344970703,11.083600997924805,29697
2020-08-28,10.937122344970703,11.083600997924805,10.937122344970703,11.034774780273438,12288
2020-08-31,11.230079650878906,11.230079650878906,10.88829517364502,10.937122344970703,46081
2020-09-01,10.88829517364502,11.37656021118164,10.88829517364502,11.230079650878906,47105
2020-09-02,11.230079650878906,11.230079650878906,10.88829517364502,10.985947608947754,68610
2020-09-03,11.083600997924805,11.230079650878906,10.985947608947754,10.985947608947754,22631
2020-09-04,10.790641784667969,11.181254386901855,10.790641784667969,11.132428169250488,55297
2020-09-07,11.034774780273438,11.425386428833008,11.034774780273438,11.425386428833008,52225
2020-09-08,11.37656021118164,11.425386428833008,11.181254386901855,11.425386428833008,38913
2020-09-09,11.083600997924805,11.474212646484377,11.083600997924805,11.474212646484377,32770
2020-09-10,11.718344688415527,12.206608772277832,11.620692253112791,11.620692253112791,75778
2020-09-11,11.767170906066896,11.913651466369627,11.27890682220459,11.27890682220459,41269
2020-09-14,11.474212646484377,11.474212646484377,11.181254386901855,11.181254386901855,12289
2020-09-15,11.181254386901855,11.230079650878906,11.083600997924805,11.181254386901855,13313
2020-09-16,11.96247673034668,12.255435943603516,11.718344688415527,12.255435943603516,198847
2020-09-17,12.694873809814451,13.32961654663086,12.401914596557615,12.401914596557615,665919
2020-09-18,12.353089332580566,12.987832069396973,12.06013011932373,12.792526245117188,346133
2020-09-21,13.231964111328123,13.231964111328123,12.59722137451172,12.987832069396973,137280
2020-09-22,12.694873809814451,12.694873809814451,12.353089332580566,12.59722137451172,61511
2020-09-23,12.987832069396973,12.987832069396973,12.108956336975098,12.64604663848877,68610
2020-09-24,12.499567985534668,12.499567985534668,12.011302947998049,12.011302947998049,76845
2020-09-25,11.96247673034668,12.450740814208984,11.181254386901855,11.37656021118164,104451
2020-09-28,11.034774780273438,11.523038864135742,11.034774780273438,11.474212646484377,26624
2020-09-29,11.474212646484377,11.57186508178711,11.230079650878906,11.425386428833008,28672
2020-09-30,11.474212646484377,11.620692253112791,11.327733039855955,11.523038864135742,11264
2020-10-05,11.181254386901855,11.620692253112791,11.181254386901855,11.37656021118164,26674
2020-10-06,11.474212646484377,11.523038864135742,11.230079650878906,11.425386428833008,19456
2020-10-07,11.425386428833008,12.011302947998049,11.425386428833008,12.011302947998049,13312
2020-10-08,12.108956336975098,13.183137893676758,12.108956336975098,12.401914596557615,476336
2020-10-12,12.401914596557615,12.841353416442873,12.108956336975098,12.304262161254885,57345
2020-10-13,12.304262161254885,12.304262161254885,11.913651466369627,12.157782554626465,74754
2020-10-14,12.157782554626465,12.548394203186035,12.157782554626465,12.401914596557615,93187
2020-10-15,12.401914596557615,12.450740814208984,11.913651466369627,12.157782554626465,46081
2020-10-16,11.718344688415527,12.353089332580566,11.718344688415527,12.353089332580566,41985
2020-10-19,12.304262161254885,12.401914596557615,12.011302947998049,12.304262161254885,25760
2020-10-20,12.401914596557615,12.401914596557615,12.108956336975098,12.255435943603516,90115
2020-10-21,11.913651466369627,12.108956336975098,11.864824295043944,12.108956336975098,26624
2020-10-22,12.157782554626465,12.206608772277832,11.913651466369627,12.108956336975098,15360
2020-10-23,12.304262161254885,12.304262161254885,11.913651466369627,12.157782554626465,29697
2020-10-26,11.96247673034668,12.06013011932373,11.96247673034668,12.011302947998049,6144
2020-10-27,11.327733039855955,11.718344688415527,10.88829517364502,11.181254386901855,203783
2020-10-28,11.132428169250488,11.230079650878906,10.937122344970703,11.034774780273438,68826
2020-10-29,11.034774780273438,11.034774780273438,10.448857307434082,10.546509742736816,143364
2020-10-30,10.69299030303955,10.741815567016602,10.448857307434082,10.448857307434082,61442
2020-11-02,10.400031089782717,10.49768352508545,10.253552436828612,10.400031089782717,54273
2020-11-03,10.5953369140625,10.5953369140625,10.448857307434082,10.448857307434082,19456
2020-11-04,10.49768352508545,10.790641784667969,10.49768352508545,10.49768352508545,10240
2020-11-05,10.400031089782717,10.741815567016602,10.400031089782717,10.546509742736816,16385
2020-11-06,10.69299030303955,10.741815567016602,10.546509742736816,10.741815567016602,23655
2020-11-09,10.937122344970703,10.937122344970703,10.69299030303955,10.69299030303955,27648
2020-11-10,10.88829517364502,10.88829517364502,10.5953369140625,10.839468955993652,31745
2020-11-11,10.937122344970703,10.937122344970703,10.5953369140625,10.69299030303955,35841
2020-11-12,10.741815567016602,10.741815567016602,10.644163131713867,10.69299030303955,22528
2020-11-13,10.546509742736816,10.937122344970703,10.546509742736816,10.937122344970703,47105
2020-11-16,10.937122344970703,10.937122344970703,10.5953369140625,10.5953369140625,44034
2020-11-17,10.741815567016602,10.937122344970703,10.644163131713867,10.937122344970703,82946
2020-11-18,11.230079650878906,12.011302947998049,11.132428169250488,11.181254386901855,504849
2020-11-19,11.132428169250488,11.37656021118164,11.034774780273438,11.27890682220459,47204
2020-11-20,11.230079650878906,11.230079650878906,11.083600997924805,11.132428169250488,17408
2020-11-23,11.132428169250488,11.327733039855955,10.937122344970703,11.27890682220459,61442
2020-11-24,11.327733039855955,11.327733039855955,10.937122344970703,10.985947608947754,97283
2020-11-25,11.132428169250488,11.474212646484377,10.985947608947754,10.985947608947754,64666
2020-11-26,11.523038864135742,12.06013011932373,11.523038864135742,12.06013011932373,307210
2020-11-27,12.792526245117188,12.890178680419922,12.353089332580566,12.548394203186035,607252
2020-11-30,12.841353416442873,13.769055366516112,12.694873809814451,13.769055366516112,1104934
2020-12-01,15.13619613647461,15.13619613647461,12.792526245117188,13.183137893676758,2698383
2020-12-02,13.32961654663086,13.52492332458496,12.499567985534668,12.499567985534668,671203
2020-12-03,12.694873809814451,12.694873809814451,11.864824295043944,12.011302947998049,343051
2020-12-04,11.913651466369627,12.304262161254885,11.864824295043944,12.06013011932373,181418
2020-12-07,11.913651466369627,11.913651466369627,11.523038864135742,11.620692253112791,176134
2020-12-08,11.767170906066896,12.206608772277832,11.767170906066896,11.913651466369627,118788
2020-12-09,11.864824295043944,12.450740814208984,11.864824295043944,12.06013011932373,135172
2020-12-10,12.011302947998049,12.206608772277832,11.913651466369627,12.06013011932373,89091
2020-12-11,12.06013011932373,12.06013011932373,11.523038864135742,11.718344688415527,120836
2020-12-14,11.913651466369627,11.913651466369627,11.718344688415527,11.913651466369627,88067
2020-12-15,12.011302947998049,12.011302947998049,11.767170906066896,11.913651466369627,60418
2020-12-16,12.450740814208984,13.085485458374023,12.450740814208984,12.694873809814451,883742
2020-12-17,12.694873809814451,12.694873809814451,12.206608772277832,12.499567985534668,116829
2020-12-18,12.64604663848877,12.64604663848877,12.206608772277832,12.548394203186035,64514
2020-12-21,12.353089332580566,12.59722137451172,12.206608772277832,12.499567985534668,31745
2020-12-22,12.548394203186035,12.548394203186035,11.767170906066896,11.96247673034668,60418
2020-12-23,11.96247673034668,12.304262161254885,11.96247673034668,12.157782554626465,31745
2020-12-24,12.157782554626465,12.353089332580566,12.06013011932373,12.157782554626465,30721
2020-12-25,12.206608772277832,12.206608772277832,11.913651466369627,12.011302947998049,45221
2020-12-28,12.011302947998049,12.255435943603516,11.96247673034668,12.108956336975098,160773
2020-12-29,12.694873809814451,12.694873809814451,12.108956336975098,12.157782554626465,69634
2020-12-30,12.108956336975098,12.59722137451172,12.108956336975098,12.499567985534668,80898
2020-12-31,12.548394203186035,12.59722137451172,12.304262161254885,12.353089332580566,100355
2021-01-04,12.353089332580566,12.792526245117188,12.206608772277832,12.64604663848877,97463
2021-01-05,12.694873809814451,12.694873809814451,12.401914596557615,12.694873809814451,57347
2021-01-06,12.890178680419922,12.890178680419922,12.255435943603516,12.304262161254885,68610
2021-01-07,12.304262161254885,12.59722137451172,12.206608772277832,12.59722137451172,32769
2021-01-08,12.64604663848877,12.64604663848877,12.304262161254885,12.499567985534668,59394
2021-01-11,13.476097106933594,13.476097106933594,12.59722137451172,12.792526245117188,161801
2021-01-12,12.450740814208984,12.59722137451172,11.718344688415527,11.718344688415527,160778
2021-01-13,11.767170906066896,12.157782554626465,11.767170906066896,12.108956336975098,94211
2021-01-14,12.206608772277832,12.353089332580566,12.011302947998049,12.108956336975098,90115
2021-01-15,11.864824295043944,12.401914596557615,11.864824295043944,12.06013011932373,95235
2021-01-18,12.499567985534668,12.499567985534668,11.718344688415527,11.913651466369627,54273
2021-01-19,11.864824295043944,11.96247673034668,11.620692253112791,11.815998077392578,55297
2021-01-20,11.767170906066896,11.767170906066896,11.230079650878906,11.230079650878906,90115
2021-01-21,11.27890682220459,11.37656021118164,10.741815567016602,11.083600997924805,52225
2021-01-22,11.083600997924805,11.327733039855955,10.937122344970703,11.230079650878906,22528
2021-01-25,11.474212646484377,11.474212646484377,11.083600997924805,11.27890682220459,7168
2021-01-26,11.57186508178711,11.57186508178711,11.034774780273438,11.230079650878906,19456
2021-01-27,11.620692253112791,11.815998077392578,11.27890682220459,11.718344688415527,61442
2021-01-28,11.327733039855955,11.474212646484377,11.132428169250488,11.425386428833008,16486
2021-01-29,11.425386428833008,11.620692253112791,10.88829517364502,11.181254386901855,40961
2021-02-01,11.523038864135742,11.523038864135742,10.839468955993652,10.839468955993652,64514
2021-02-02,10.88829517364502,11.230079650878906,10.88829517364502,11.034774780273438,8192
2021-02-03,11.034774780273438,11.230079650878906,11.034774780273438,11.230079650878906,6144
2021-02-04,11.27890682220459,11.27890682220459,10.839468955993652,10.839468955993652,13312
2021-02-05,10.937122344970703,11.181254386901855,10.839468955993652,10.88829517364502,46081
2021-02-17,11.181254386901855,11.230079650878906,10.937122344970703,10.937122344970703,12288
2021-02-18,10.937122344970703,11.27890682220459,10.937122344970703,11.132428169250488,29697
2021-02-19,11.083600997924805,11.425386428833008,11.083600997924805,11.327733039855955,44034
2021-02-22,11.425386428833008,11.523038864135742,11.132428169250488,11.523038864135742,22529
2021-02-23,11.523038864135742,11.66951847076416,11.327733039855955,11.66951847076416,56321
2021-02-24,11.767170906066896,11.767170906066896,11.474212646484377,11.474212646484377,26626
2021-02-25,11.474212646484377,11.66951847076416,11.474212646484377,11.66951847076416,17408
2021-02-26,11.523038864135742,11.57186508178711,11.327733039855955,11.523038864135742,18432
2021-03-02,11.718344688415527,11.718344688415527,11.474212646484377,11.474212646484377,17409
2021-03-03,11.718344688415527,11.718344688415527,11.620692253112791,11.620692253112791,25600
2021-03-04,11.37656021118164,11.620692253112791,11.37656021118164,11.620692253112791,9216
2021-03-05,11.620692253112791,11.718344688415527,11.57186508178711,11.57186508178711,14337
2021-03-08,11.181254386901855,11.37656021118164,11.181254386901855,11.181254386901855,24576
2021-03-09,11.034774780273438,11.230079650878906,10.839468955993652,11.132428169250488,29697
2021-03-10,11.034774780273438,11.37656021118164,10.985947608947754,11.230079650878906,24576
2021-03-11,11.37656021118164,11.425386428833008,11.27890682220459,11.327733039855955,8288
2021-03-12,11.327733039855955,11.327733039855955,11.034774780273438,11.034774780273438,39139
2021-03-15,11.034774780273438,11.327733039855955,11.034774780273438,11.327733039855955,30721
2021-03-16,11.327733039855955,11.327733039855955,11.132428169250488,11.181254386901855,22528
2021-03-17,11.034774780273438,11.083600997924805,10.88829517364502,11.034774780273438,50179
2021-03-18,11.034774780273438,11.57186508178711,11.034774780273438,11.474212646484377,83970
2021-03-19,11.37656021118164,11.57186508178711,10.937122344970703,10.985947608947754,101379
2021-03-22,11.27890682220459,11.864824295043944,11.230079650878906,11.620692253112791,121950
2021-03-23,11.425386428833008,11.425386428833008,10.985947608947754,10.985947608947754,137220
2021-03-24,10.985947608947754,11.37656021118164,10.985947608947754,11.083600997924805,96268
2021-03-25,11.083600997924805,11.132428169250488,10.937122344970703,10.937122344970703,23552
2021-03-26,10.88829517364502,10.937122344970703,10.69299030303955,10.937122344970703,154629
2021-03-29,10.937122344970703,10.985947608947754,10.69299030303955,10.741815567016602,122918
2021-03-30,10.839468955993652,10.937122344970703,10.741815567016602,10.790641784667969,55571
2021-03-31,10.790641784667969,10.937122344970703,10.741815567016602,10.741815567016602,54273
2021-04-01,10.790641784667969,10.839468955993652,10.5953369140625,10.5953369140625,78850
2021-04-07,10.644163131713867,10.790641784667969,10.546509742736816,10.5953369140625,75778
2021-04-08,10.49768352508545,10.644163131713867,10.448857307434082,10.546509742736816,87043
2021-04-09,10.546509742736816,10.790641784667969,10.546509742736816,10.741815567016602,67586
2021-04-12,10.790641784667969,11.230079650878906,10.790641784667969,10.790641784667969,78100
2021-04-13,11.864824295043944,11.864824295043944,11.474212646484377,11.864824295043944,380920
2021-04-14,12.499567985534668,12.499567985534668,11.327733039855955,11.57186508178711,523282
2021-04-15,11.37656021118164,11.523038864135742,11.083600997924805,11.181254386901855,73775
2021-04-16,11.327733039855955,11.474212646484377,11.083600997924805,11.27890682220459,33793
2021-04-19,11.27890682220459,11.66951847076416,11.230079650878906,11.66951847076416,86018
2021-04-20,11.425386428833008,11.815998077392578,11.425386428833008,11.66951847076416,88067
2021-04-21,11.66951847076416,11.718344688415527,11.27890682220459,11.37656021118164,80898
2021-04-22,11.523038864135742,11.523038864135742,11.132428169250488,11.132428169250488,109571
2021-04-23,11.327733039855955,11.327733039855955,11.034774780273438,11.132428169250488,63492
2021-04-26,11.327733039855955,11.327733039855955,11.083600997924805,11.27890682220459,65538
2021-04-27,11.181254386901855,11.230079650878906,10.839468955993652,11.132428169250488,41032
2021-04-28,11.230079650878906,12.206608772277832,11.132428169250488,11.864824295043944,145499
2021-04-29,11.864824295043944,12.011302947998049,11.327733039855955,11.425386428833008,176137
2021-05-03,11.474212646484377,11.474212646484377,11.034774780273438,11.034774780273438,38916
2021-05-04,10.741815567016602,10.88829517364502,10.644163131713867,10.69299030303955,90115
2021-05-05,10.49768352508545,11.083600997924805,10.253552436828612,10.937122344970703,33793
2021-05-06,10.741815567016602,10.741815567016602,10.49768352508545,10.546509742736816,89091
2021-05-07,10.937122344970703,10.937122344970703,10.88829517364502,10.88829517364502,4097
2021-05-10,11.230079650878906,11.327733039855955,10.937122344970703,10.937122344970703,54273
2021-05-11,10.839468955993652,11.132428169250488,10.351204872131348,10.351204872131348,72706
2021-05-12,10.790641784667969,10.790641784667969,9.316083908081056,9.335615158081056,136253
2021-05-13,9.335615158081056,10.10707187652588,9.335615158081056,9.335615158081056,45057
2021-05-14,9.335615158081056,10.058245658874512,9.335615158081056,9.81411361694336,38913
2021-05-17,8.993829727172852,9.706695556640623,8.83758544921875,8.83758544921875,66605
2021-05-18,8.964533805847168,9.267257690429688,8.964533805847168,8.984064102172852,28672
2021-05-19,8.964533805847168,9.81411361694336,8.788758277893066,9.462562561035156,57358
2021-05-20,9.648103713989258,9.91176700592041,9.286787986755373,9.286787986755373,17408
2021-05-21,9.735990524291992,9.735990524291992,9.472329139709473,9.648103713989258,7168
2021-05-24,9.960593223571776,9.960593223571776,9.66763401031494,9.66763401031494,32769
2021-05-25,9.68716526031494,9.726225852966309,9.374675750732422,9.60904312133789,18432
2021-05-26,9.735990524291992,9.735990524291992,9.472329139709473,9.618807792663574,14336
2021-05-27,9.648103713989258,9.716461181640623,9.618807792663574,9.716461181640623,14338
2021-05-28,9.745757102966309,10.009419441223145,9.745757102966309,9.862939834594728,10262
2021-05-31,9.91176700592041,9.960593223571776,9.765287399291992,9.765287399291992,15360
2021-06-01,9.862939834594728,9.862939834594728,9.628573417663574,9.66763401031494,13312
2021-06-02,9.66763401031494,10.155899047851562,9.66763401031494,9.862939834594728,121895
2021-06-03,9.66763401031494,10.009419441223145,9.66763401031494,9.81411361694336,59394
2021-06-04,9.68716526031494,9.91176700592041,9.66763401031494,9.67739963531494,26624
2021-06-07,9.726225852966309,9.81411361694336,9.726225852966309,9.81411361694336,2048
2021-06-08,9.765287399291992,9.91176700592041,9.755521774291992,9.862939834594728,8192
2021-06-09,9.862939834594728,9.960593223571776,9.67739963531494,9.81411361694336,36865
2021-06-10,9.765287399291992,9.81411361694336,9.765287399291992,9.81411361694336,27648
2021-06-11,10.302377700805664,10.790641784667969,10.302377700805664,10.790641784667969,138250
2021-06-15,11.181254386901855,11.864824295043944,11.132428169250488,11.864824295043944,812060
2021-06-16,12.401914596557615,12.401914596557615,11.230079650878906,11.620692253112791,449172
2021-06-17,11.620692253112791,11.718344688415527,11.27890682220459,11.327733039855955,148487
2021-06-18,11.57186508178711,11.57186508178711,10.985947608947754,11.132428169250488,119812
2021-06-21,11.27890682220459,11.27890682220459,10.985947608947754,11.230079650878906,89091
2021-06-22,11.523038864135742,12.353089332580566,11.523038864135742,11.66951847076416,693271
2021-06-23,11.37656021118164,11.913651466369627,11.327733039855955,11.523038864135742,102403
2021-06-24,11.57186508178711,11.718344688415527,11.425386428833008,11.718344688415527,17408
2021-06-25,11.864824295043944,11.864824295043944,11.523038864135742,11.620692253112791,39937
2021-06-28,11.620692253112791,11.620692253112791,11.37656021118164,11.523038864135742,27648
2021-06-29,11.37656021118164,11.523038864135742,11.230079650878906,11.230079650878906,28672
2021-06-30,11.181254386901855,11.425386428833008,11.181254386901855,11.425386428833008,48299
2021-07-01,11.718344688415527,11.864824295043944,11.27890682220459,11.27890682220459,108547
2021-07-02,11.523038864135742,11.523038864135742,11.230079650878906,11.37656021118164,37889
2021-07-05,11.620692253112791,11.620692253112791,11.27890682220459,11.27890682220459,50177
2021-07-06,11.27890682220459,11.523038864135742,11.230079650878906,11.425386428833008,16384
2021-07-07,11.27890682220459,11.57186508178711,11.083600997924805,11.083600997924805,40961
2021-07-08,11.327733039855955,11.327733039855955,11.132428169250488,11.181254386901855,13312
2021-07-09,11.474212646484377,11.523038864135742,11.034774780273438,11.181254386901855,32769
2021-07-12,11.132428169250488,11.327733039855955,11.034774780273438,11.181254386901855,22528
2021-07-13,11.27890682220459,11.27890682220459,10.741815567016602,10.985947608947754,111622
2021-07-14,10.790641784667969,10.790641784667969,9.91176700592041,9.91176700592041,212339
2021-07-15,10.10707187652588,10.546509742736816,9.91176700592041,10.49768352508545,66562
2021-07-16,10.448857307434082,10.49768352508545,10.400031089782717,10.400031089782717,17409
2021-07-19,10.351204872131348,10.351204872131348,10.351204872131348,10.351204872131348,9217
2021-07-20,10.351204872131348,10.351204872131348,9.81411361694336,9.862939834594728,57345
2021-07-21,9.960593223571776,10.009419441223145,9.745757102966309,9.745757102966309,45057
2021-07-22,9.91176700592041,9.91176700592041,9.745757102966309,9.765287399291992,46081
2021-07-23,9.81411361694336,9.81411361694336,9.81411361694336,9.81411361694336,8192
2021-07-26,9.862939834594728,9.862939834594728,9.696929931640623,9.706695556640623,64544
2021-07-27,9.716461181640623,9.716461181640623,9.550451278686523,9.550451278686523,31749
2021-07-28,9.550451278686523,9.648103713989258,9.540685653686523,9.648103713989258,28672
2021-07-29,9.58951187133789,9.716461181640623,9.58951187133789,9.66763401031494,7168
2021-07-30,9.569981575012209,9.765287399291992,9.569981575012209,9.765287399291992,5120
2021-08-02,10.009419441223145,10.009419441223145,9.862939834594728,9.862939834594728,4096
2021-08-03,9.862939834594728,9.862939834594728,9.862939834594728,9.862939834594728,0
2021-08-04,9.81411361694336,9.81411361694336,9.618807792663574,9.726225852966309,14336
2021-08-05,9.726225852966309,9.960593223571776,9.726225852966309,9.91176700592041,6144
2021-08-06,9.765287399291992,9.765287399291992,9.765287399291992,9.765287399291992,4096
2021-08-09,9.638339042663574,9.765287399291992,9.638339042663574,9.765287399291992,3072
2021-08-10,9.58951187133789,9.58951187133789,9.472329139709473,9.472329139709473,15360
2021-08-11,10.400031089782717,10.400031089782717,10.400031089782717,10.400031089782717,65546
2021-08-12,11.425386428833008,11.425386428833008,11.425386428833008,11.425386428833008,212009
2021-08-13,12.548394203186035,12.548394203186035,12.548394203186035,12.548394203186035,437352
2021-08-16,13.769055366516112,13.769055366516112,12.74370002746582,13.280791282653809,3064983
2021-08-17,13.280791282653809,13.280791282653809,11.96247673034668,12.011302947998049,1022028
2021-08-18,12.792526245117188,13.183137893676758,12.74370002746582,12.987832069396973,2317473
2021-08-19,12.401914596557615,12.499567985534668,11.718344688415527,11.718344688415527,1628257
2021-08-20,11.425386428833008,11.523038864135742,10.790641784667969,10.839468955993652,488603
2021-08-23,10.839468955993652,11.913651466369627,10.839468955993652,11.913651466369627,647190
2021-08-24,11.913651466369627,12.792526245117188,11.523038864135742,12.206608772277832,650262
2021-08-25,12.06013011932373,12.450740814208984,11.718344688415527,11.913651466369627,149534
2021-08-26,11.913651466369627,12.206608772277832,11.425386428833008,11.425386428833008,306186
2021-08-27,11.425386428833008,11.815998077392578,11.425386428833008,11.57186508178711,132100
2021-08-30,11.57186508178711,11.57186508178711,11.181254386901855,11.181254386901855,172037
2021-08-31,11.181254386901855,11.181254386901855,10.88829517364502,10.88829517364502,110846
2021-09-01,10.839468955993652,11.96247673034668,10.839468955993652,11.96247673034668,191507
2021-09-02,12.011302947998049,13.13431167602539,12.011302947998049,13.13431167602539,992290
2021-09-03,14.354972839355469,14.403799057006836,14.159667015075684,14.403799057006836,953376
2021-09-06,15.8197660446167,15.8197660446167,12.987832069396973,12.987832069396973,4185232
2021-09-07,12.255435943603516,12.890178680419922,12.206608772277832,12.401914596557615,807184
2021-09-08,12.792526245117188,13.622575759887695,12.401914596557615,13.622575759887695,1051684
2021-09-09,14.257320404052734,14.940890312194824,13.720229148864746,14.940890312194824,1875008
2021-09-10,15.91741943359375,16.015071868896484,13.866707801818848,14.550277709960938,5859581
2021-09-13,14.403799057006836,15.9662446975708,14.354972839355469,15.9662446975708,2166859
2021-09-14,16.50333595275879,17.43103790283203,15.624460220336914,17.089252471923828,4952278
2021-09-15,16.991600036621094,16.991600036621094,15.624460220336914,15.722112655639648,1641528
2021-09-16,15.429154396057127,17.23573112487793,14.89206314086914,15.868592262268066,17156688
2021-09-17,15.03854274749756,16.454509735107422,15.03854274749756,15.67328643798828,1963222
2021-09-22,14.940890312194824,16.454509735107422,14.940890312194824,15.526806831359863,1075237
2021-09-23,15.282674789428713,16.259204864501953,15.282674789428713,15.722112655639648,672791
2021-09-24,16.161550521850586,16.161550521850586,14.989715576171877,15.13619613647461,583771
2021-09-27,15.13619613647461,15.282674789428713,14.550277709960938,14.696758270263672,535724
2021-09-28,14.89206314086914,15.8197660446167,14.745583534240724,14.79440975189209,707608
2021-09-29,15.185022354125977,15.429154396057127,14.354972839355469,14.696758270263672,507929
2021-09-30,14.696758270263672,15.03854274749756,14.647931098937988,15.03854274749756,358412
2021-10-01,14.745583534240724,15.429154396057127,14.403799057006836,14.403799057006836,841757
2021-10-04,14.647931098937988,14.79440975189209,13.13431167602539,13.13431167602539,362640
2021-10-05,13.085485458374023,13.42726993560791,12.499567985534668,13.231964111328123,343054
2021-10-06,13.280791282653809,13.32961654663086,12.694873809814451,12.694873809814451,194605
2021-10-07,12.841353416442873,13.964361190795898,12.841353416442873,13.964361190795898,270500
2021-10-08,15.233847618103027,15.331501007080078,14.940890312194824,15.331501007080078,682007
2021-10-12,16.405683517456055,16.64981460571289,15.03854274749756,15.624460220336914,3778670
2021-10-13,15.380328178405762,17.186906814575195,15.380328178405762,17.186906814575195,4447371
2021-10-14,18.06578254699707,18.895830154418945,18.06578254699707,18.895830154418945,2770163
2021-10-15,18.55404663085937,20.751235961914062,17.4798641204834,20.751235961914062,5948621
2021-10-18,22.70429420471192,22.80194664001465,21.3371524810791,22.80194664001465,3331289
2021-10-19,24.364391326904297,24.364391326904297,20.8488883972168,21.093021392822266,2544922
2021-10-20,21.77659034729004,21.97189712524414,20.80006217956543,21.093021392822266,859320
2021-10-21,20.80006217956543,21.43480682373047,19.481748580932617,19.530574798583984,1610961
2021-10-22,19.57940101623535,20.311798095703125,19.13996315002441,19.13996315002441,1043594
2021-10-25,19.33526992797852,20.116491317749023,19.33526992797852,19.384096145629883,902175
2021-10-26,19.43292236328125,20.01883888244629,19.43292236328125,19.67705345153809,514697
2021-10-27,19.530574798583984,19.82353401184082,19.43292236328125,19.82353401184082,329506
2021-10-28,20.067665100097656,20.067665100097656,19.13996315002441,19.33526992797852,505924
2021-10-29,19.33526992797852,19.62822723388672,18.11460876464844,18.21226119995117,699751
2021-11-01,18.55404663085937,19.921186447143555,18.55404663085937,19.530574798583984,912569
2021-11-02,19.72588157653809,19.72588157653809,17.577516555786133,17.6751708984375,1946716
2021-11-03,17.186906814575195,18.70052528381348,17.186906814575195,18.163434982299805,688151
2021-11-04,18.26108741760254,18.55404663085937,17.6751708984375,17.968128204345703,531474
2021-11-05,18.55404663085937,18.55404663085937,17.772823333740234,17.91930389404297,316426
2021-11-08,18.01695442199707,18.163434982299805,17.577516555786133,17.723997116088867,359436
2021-11-09,17.772823333740234,19.481748580932617,17.772823333740234,19.481748580932617,1077285
2021-11-10,20.067665100097656,21.28832626342773,19.921186447143555,20.26297187805176,2623500
2021-11-11,19.82353401184082,20.21414566040039,18.993484497070312,19.04231071472168,743486
2021-11-12,19.18878936767578,20.311798095703125,19.091136932373047,19.091136932373047,554003
2021-11-15,19.23761558532715,19.43292236328125,18.01695442199707,18.163434982299805,591892
2021-11-16,17.87047576904297,18.40756607055664,17.6751708984375,17.6751708984375,509486
2021-11-17,17.87047576904297,18.163434982299805,17.6751708984375,17.6751708984375,220167
2021-11-18,17.8216495513916,18.06578254699707,17.6751708984375,17.772823333740234,235590
2021-11-19,17.772823333740234,17.772823333740234,17.186906814575195,17.382211685180664,203783
2021-11-22,17.382211685180664,17.8216495513916,17.382211685180664,17.382211685180664,128048
2021-11-23,17.43103790283203,17.4798641204834,16.69864273071289,16.69864273071289,232456
2021-11-24,16.69864273071289,18.35873985290528,16.69864273071289,18.35873985290528,542738
2021-11-25,18.84700584411621,19.774707794189453,18.55404663085937,18.944658279418945,1501271
2021-11-26,18.749351501464844,18.749351501464844,17.626344680786133,17.968128204345703,515089
2021-11-29,17.6751708984375,17.6751708984375,17.04042625427246,17.382211685180664,233480
2021-11-30,17.772823333740234,19.091136932373047,17.577516555786133,19.091136932373047,1031203
2021-12-01,19.481748580932617,19.97001266479492,18.602872848510746,18.944658279418945,1965328
2021-12-02,18.944658279418945,18.993484497070312,17.6751708984375,17.8216495513916,507117
2021-12-03,18.06578254699707,19.04231071472168,18.01695442199707,18.505220413208008,467984
2021-12-06,18.602872848510746,18.602872848510746,18.21226119995117,18.602872848510746,166917
2021-12-07,18.70052528381348,19.97001266479492,18.70052528381348,18.84700584411621,1186856
2021-12-08,19.23761558532715,19.872360229492188,18.55404663085937,18.749351501464844,725017
2021-12-09,18.79817771911621,19.04231071472168,18.35873985290528,18.40756607055664,234504
2021-12-10,18.40756607055664,18.84700584411621,18.163434982299805,18.456392288208008,230407
2021-12-13,18.944658279418945,20.26297187805176,18.65169906616211,19.62822723388672,2133260
2021-12-14,19.62822723388672,19.62822723388672,18.26108741760254,18.26108741760254,1239085
2021-12-15,18.456392288208008,18.55404663085937,18.35873985290528,18.40756607055664,150533
2021-12-16,18.79817771911621,19.43292236328125,18.65169906616211,18.749351501464844,461839
2021-12-17,18.944658279418945,18.944658279418945,17.8216495513916,18.06578254699707,442402
2021-12-20,17.626344680786133,18.06578254699707,17.626344680786133,18.01695442199707,190470
2021-12-21,19.530574798583984,19.530574798583984,18.55404663085937,18.895830154418945,358480
2021-12-22,18.895830154418945,18.944658279418945,18.602872848510746,18.602872848510746,118788
2021-12-23,18.895830154418945,18.895830154418945,18.602872848510746,18.65169906616211,148485
2021-12-24,18.65169906616211,18.70052528381348,18.163434982299805,18.163434982299805,126096
2021-12-27,18.21226119995117,18.55404663085937,18.11460876464844,18.26108741760254,205840
2021-12-28,18.309913635253903,18.505220413208008,17.91930389404297,17.968128204345703,296981
2021-12-29,17.968128204345703,18.163434982299805,17.772823333740234,18.163434982299805,121860
2021-12-30,18.21226119995117,18.21226119995117,17.723997116088867,17.91930389404297,156677
2022-01-03,18.21226119995117,18.21226119995117,17.577516555786133,17.6751708984375,236552
2022-01-04,17.626344680786133,17.968128204345703,17.626344680786133,17.626344680786133,110391
2022-01-05,17.6751708984375,17.8216495513916,17.28455924987793,17.382211685180664,207059
2022-01-06,17.382211685180664,17.626344680786133,17.382211685180664,17.4798641204834,81298
2022-01-07,17.43103790283203,17.43103790283203,16.89394760131836,16.942773818969727,125034
2022-01-10,16.991600036621094,17.089252471923828,16.942773818969727,17.089252471923828,29799
2022-01-11,17.6751708984375,18.79817771911621,17.577516555786133,18.06578254699707,869406
2022-01-12,18.21226119995117,18.21226119995117,16.89394760131836,16.89394760131836,379026
2022-01-13,17.04042625427246,17.333385467529297,16.942773818969727,16.991600036621094,186794
2022-01-14,16.942773818969727,16.942773818969727,16.405683517456055,16.845121383666992,242696
2022-01-17,16.845121383666992,16.845121383666992,16.356857299804688,16.50333595275879,161899
2022-01-18,16.69864273071289,17.138080596923828,16.64981460571289,16.942773818969727,54273
2022-01-19,16.942773818969727,16.942773818969727,16.454509735107422,16.454509735107422,67791
2022-01-20,16.405683517456055,16.69864273071289,16.405683517456055,16.64981460571289,46081
2022-01-21,16.454509735107422,16.454509735107422,15.91741943359375,15.9662446975708,101481
2022-01-24,15.722112655639648,15.8197660446167,15.331501007080078,15.526806831359863,57345
2022-01-25,15.526806831359863,15.526806831359863,14.843236923217772,14.89206314086914,76836
2022-01-26,14.940890312194824,15.67328643798828,14.940890312194824,15.13619613647461,92163
2022-02-07,15.233847618103027,15.526806831359863,15.233847618103027,15.526806831359863,16384
2022-02-08,15.8197660446167,17.04042625427246,15.770938873291016,16.552162170410156,382167
2022-02-09,16.600988388061523,16.64981460571289,16.210376739501953,16.454509735107422,95235
2022-02-10,16.11272430419922,16.11272430419922,15.526806831359863,15.67328643798828,223239
2022-02-11,15.624460220336914,15.8197660446167,15.087368965148926,15.331501007080078,107523
2022-02-14,15.185022354125977,15.185022354125977,14.940890312194824,15.03854274749756,55309
2022-02-15,15.03854274749756,15.429154396057127,15.03854274749756,15.282674789428713,35841
2022-02-16,15.526806831359863,15.67328643798828,15.13619613647461,15.13619613647461,50177
2022-02-17,15.233847618103027,15.331501007080078,15.087368965148926,15.087368965148926,48129
2022-02-18,15.087368965148926,15.087368965148926,14.843236923217772,15.03854274749756,31745
2022-02-21,14.940890312194824,15.429154396057127,14.940890312194824,15.185022354125977,34817
2022-02-22,15.233847618103027,15.233847618103027,14.647931098937988,14.843236923217772,44033
2022-02-23,14.989715576171877,15.624460220336914,14.940890312194824,15.331501007080078,755738
2022-02-24,15.087368965148926,15.380328178405762,14.843236923217772,15.03854274749756,1011746
2022-02-25,15.03854274749756,15.03854274749756,14.59910488128662,14.696758270263672,58437
2022-03-01,15.429154396057127,15.57563304901123,15.087368965148926,15.282674789428713,106499
2022-03-02,15.331501007080078,15.331501007080078,14.843236923217772,14.989715576171877,23586
2022-03-03,14.989715576171877,15.087368965148926,14.989715576171877,15.03854274749756,34817
2022-03-04,14.745583534240724,15.03854274749756,14.354972839355469,14.501452445983888,71682
2022-03-07,14.501452445983888,14.647931098937988,13.720229148864746,13.866707801818848,69634
2022-03-08,13.866707801818848,14.013187408447266,12.841353416442873,13.085485458374023,310385
2022-03-09,13.13431167602539,13.476097106933594,12.987832069396973,12.987832069396973,60418
2022-03-10,13.573748588562012,14.20849323272705,13.42726993560791,13.622575759887695,116813
2022-03-11,13.573748588562012,13.964361190795898,13.42726993560791,13.52492332458496,104456
2022-03-14,13.183137893676758,13.280791282653809,12.987832069396973,13.036659240722656,54324
2022-03-15,13.280791282653809,13.378443717956545,12.987832069396973,13.378443717956545,61544
2022-03-16,13.476097106933594,13.476097106933594,12.987832069396973,12.987832069396973,62466
2022-03-17,13.231964111328123,14.257320404052734,13.231964111328123,14.257320404052734,376845
2022-03-18,14.745583534240724,15.67328643798828,14.647931098937988,15.67328643798828,1264683
2022-03-21,16.210376739501953,16.845121383666992,15.57563304901123,15.722112655639648,1392718
2022-03-22,15.429154396057127,16.015071868896484,15.429154396057127,15.9662446975708,173061
2022-03-23,16.11272430419922,16.259204864501953,15.526806831359863,15.67328643798828,1041443
2022-03-24,15.722112655639648,16.210376739501953,15.67328643798828,15.91741943359375,1872960
2022-03-25,15.526806831359863,16.11272430419922,15.233847618103027,15.429154396057127,2162762
2022-03-28,15.282674789428713,16.64981460571289,15.13619613647461,16.600988388061523,3859645
2022-03-29,17.333385467529297,18.26108741760254,17.138080596923828,18.26108741760254,1360194
2022-03-30,19.97001266479492,20.01883888244629,17.577516555786133,17.577516555786133,3751553
2022-03-31,17.577516555786133,18.163434982299805,16.796293258666992,16.991600036621094,1396875
2022-04-01,16.991600036621094,17.4798641204834,16.50333595275879,16.50333595275879,392205
2022-04-06,16.11272430419922,16.552162170410156,15.9662446975708,16.11272430419922,449551
2022-04-07,16.308029174804688,16.796293258666992,15.624460220336914,15.624460220336914,334859
2022-04-08,15.770938873291016,16.89394760131836,15.722112655639648,16.308029174804688,304240
2022-04-11,16.845121383666992,16.942773818969727,16.11272430419922,16.259204864501953,392205
2022-04-12,15.9662446975708,16.454509735107422,15.91741943359375,16.259204864501953,783387
2022-04-13,16.454509735107422,16.991600036621094,16.405683517456055,16.89394760131836,1648696
2022-04-14,16.50333595275879,16.991600036621094,16.11272430419922,16.259204864501953,1997923
2022-04-15,15.91741943359375,16.259204864501953,15.91741943359375,15.9662446975708,128004
2022-04-18,15.8197660446167,16.356857299804688,15.526806831359863,16.11272430419922,1080152
2022-04-19,16.11272430419922,17.723997116088867,16.11272430419922,17.723997116088867,12370302
2022-04-20,18.55404663085937,19.43292236328125,17.28455924987793,18.456392288208008,4633816
2022-04-21,18.26108741760254,18.26108741760254,17.577516555786133,17.723997116088867,806939
2022-04-22,17.626344680786133,18.163434982299805,17.23573112487793,17.23573112487793,586774
2022-04-25,16.600988388061523,16.69864273071289,15.624460220336914,15.67328643798828,656407
2022-04-26,16.015071868896484,16.015071868896484,15.57563304901123,15.67328643798828,169989
2022-04-27,15.624460220336914,15.624460220336914,14.989715576171877,14.989715576171877,157701
2022-04-28,15.185022354125977,15.8197660446167,15.13619613647461,15.331501007080078,137220
2022-04-29,15.380328178405762,15.67328643798828,15.331501007080078,15.331501007080078,97283
2022-05-03,15.331501007080078,16.259204864501953,14.940890312194824,15.91741943359375,577619
2022-05-04,16.06389808654785,16.308029174804688,15.67328643798828,15.9662446975708,786459
2022-05-05,16.405683517456055,16.405683517456055,16.015071868896484,16.015071868896484,109571
2022-05-06,15.722112655639648,15.722112655639648,15.429154396057127,15.526806831359863,67586
2022-05-09,15.477980613708496,15.624460220336914,15.087368965148926,15.477980613708496,369676
2022-05-10,15.67328643798828,16.210376739501953,15.429154396057127,15.624460220336914,445455
2022-05-11,15.8197660446167,15.868592262268066,15.282674789428713,15.331501007080078,232456
2022-05-12,15.331501007080078,15.57563304901123,15.087368965148926,15.087368965148926,836636
2022-05-13,15.087368965148926,15.57563304901123,15.087368965148926,15.233847618103027,521233
2022-05-16,15.282674789428713,15.526806831359863,15.185022354125977,15.185022354125977,158725
2022-05-17,15.57563304901123,15.770938873291016,15.526806831359863,15.67328643798828,84994
2022-05-18,15.722112655639648,16.552162170410156,15.722112655639648,16.308029174804688,327752
2022-05-19,15.722112655639648,16.454509735107422,15.67328643798828,16.405683517456055,88067
2022-05-20,16.69864273071289,18.01695442199707,16.356857299804688,18.01695442199707,1274924
2022-05-23,18.65169906616211,19.774707794189453,18.602872848510746,19.091136932373047,6384871
2022-05-24,19.091136932373047,19.481748580932617,17.186906814575195,17.382211685180664,3776642
2022-05-25,17.43103790283203,18.40756607055664,16.991600036621094,17.723997116088867,1275948
2022-05-26,18.26108741760254,18.26108741760254,17.626344680786133,17.772823333740234,506897
2022-05-27,17.723997116088867,19.13996315002441,17.723997116088867,18.456392288208008,1713211
2022-05-30,18.84700584411621,19.33526992797852,18.163434982299805,19.091136932373047,1138829
2022-05-31,19.13996315002441,19.13996315002441,17.968128204345703,18.06578254699707,753710
2022-06-01,18.21226119995117,18.40756607055664,17.6751708984375,17.8216495513916,397325
2022-06-02,17.968128204345703,18.01695442199707,17.626344680786133,17.772823333740234,186374
2022-06-06,18.163434982299805,18.163434982299805,17.382211685180664,17.43103790283203,228360
2022-06-07,17.23573112487793,17.6751708984375,17.186906814575195,17.382211685180664,190471
2022-06-08,17.43103790283203,17.723997116088867,17.333385467529297,17.333385467529297,137220
2022-06-09,17.28455924987793,17.577516555786133,17.28455924987793,17.577516555786133,120836
2022-06-10,17.6751708984375,18.70052528381348,17.626344680786133,18.11460876464844,1048718
2022-06-13,18.11460876464844,19.82353401184082,17.089252471923828,17.089252471923828,3004538
2022-06-14,16.69864273071289,17.577516555786133,16.64981460571289,16.796293258666992,683031
2022-06-15,16.64981460571289,17.04042625427246,16.454509735107422,16.64981460571289,366401
2022-06-16,16.89394760131836,17.089252471923828,16.11272430419922,16.11272430419922,254984
2022-06-17,16.015071868896484,16.552162170410156,15.67328643798828,16.454509735107422,201734
2022-06-20,16.454509735107422,16.454509735107422,15.282674789428713,15.477980613708496,363532
2022-06-21,15.770938873291016,16.69864273071289,15.282674789428713,16.405683517456055,209927
2022-06-22,16.405683517456055,16.405683517456055,15.429154396057127,15.57563304901123,187408
2022-06-23,15.624460220336914,16.015071868896484,15.477980613708496,15.624460220336914,114691
2022-06-24,15.67328643798828,16.210376739501953,15.67328643798828,15.8197660446167,111619
2022-06-27,15.91741943359375,16.454509735107422,15.91741943359375,16.210376739501953,121860
2022-06-28,16.210376739501953,16.210376739501953,15.8197660446167,15.8197660446167,108547
2022-06-29,15.8197660446167,15.8197660446167,15.526806831359863,15.624460220336914,102403
2022-06-30,15.477980613708496,15.526806831359863,14.452625274658203,14.550277709960938,284681
2022-07-01,14.257320404052734,14.452625274658203,13.476097106933594,13.573748588562012,277513
2022-07-04,13.573748588562012,14.550277709960938,13.378443717956545,14.306145668029783,130052
2022-07-05,14.647931098937988,14.696758270263672,13.915534973144531,14.062013626098633,39938
2022-07-06,13.81788158416748,14.062013626098633,13.52492332458496,13.622575759887695,79874
2022-07-07,13.671401977539062,14.306145668029783,13.671401977539062,14.159667015075684,77826
2022-07-08,14.159667015075684,14.696758270263672,14.062013626098633,14.11083984375,129028
2022-07-11,14.79440975189209,15.429154396057127,14.452625274658203,14.79440975189209,223239
2022-07-12,14.647931098937988,14.647931098937988,13.81788158416748,14.062013626098633,72745
2022-07-13,14.843236923217772,14.843236923217772,14.452625274658203,14.550277709960938,86018
2022-07-14,14.20849323272705,14.550277709960938,14.159667015075684,14.550277709960938,48129
2022-07-15,14.452625274658203,14.745583534240724,14.403799057006836,14.501452445983888,48129
2022-07-18,14.550277709960938,14.745583534240724,14.452625274658203,14.501452445983888,88067
2022-07-19,14.501452445983888,14.696758270263672,14.501452445983888,14.501452445983888,69634
2022-07-20,14.59910488128662,15.185022354125977,14.550277709960938,14.745583534240724,193542
2022-07-21,14.89206314086914,14.89206314086914,14.550277709960938,14.647931098937988,101379
2022-07-22,14.501452445983888,14.696758270263672,14.306145668029783,14.403799057006836,106499
2022-07-25,14.403799057006836,14.79440975189209,14.354972839355469,14.647931098937988,140292
2022-07-26,14.550277709960938,14.89206314086914,14.306145668029783,14.306145668029783,160773
2022-07-27,14.306145668029783,14.745583534240724,14.257320404052734,14.745583534240724,149509
2022-07-28,14.696758270263672,15.477980613708496,14.696758270263672,15.03854274749756,978977
2022-07-29,15.380328178405762,15.722112655639648,15.087368965148926,15.331501007080078,485403
2022-08-01,15.624460220336914,16.69864273071289,15.087368965148926,16.69864273071289,1868864
2022-08-02,16.210376739501953,17.04042625427246,15.9662446975708,16.89394760131836,1451058
2022-08-03,16.600988388061523,17.23573112487793,15.8197660446167,16.405683517456055,2137161
2022-08-04,15.868592262268066,16.796293258666992,15.477980613708496,16.552162170410156,1981508
2022-08-05,16.69864273071289,16.845121383666992,16.356857299804688,16.405683517456055,628778
2022-08-08,16.356857299804688,16.552162170410156,16.06389808654785,16.405683517456055,1431601
2022-08-09,16.210376739501953,16.747468948364258,16.210376739501953,16.210376739501953,144388
2022-08-10,16.210376739501953,17.577516555786133,16.210376739501953,17.28455924987793,1214505
2022-08-11,16.89394760131836,16.991600036621094,15.57563304901123,15.624460220336914,1117222
2022-08-12,15.722112655639648,16.308029174804688,15.282674789428713,15.91741943359375,1648696
2022-08-15,15.91741943359375,16.50333595275879,15.57563304901123,15.8197660446167,1407024
2022-08-16,15.57563304901123,16.161550521850586,15.57563304901123,15.8197660446167,345160
2022-08-17,15.770938873291016,16.015071868896484,15.624460220336914,15.722112655639648,295983
2022-08-18,15.8197660446167,16.50333595275879,15.8197660446167,16.210376739501953,181254
2022-08-19,16.259204864501953,16.405683517456055,16.06389808654785,16.06389808654785,124932
2022-08-22,15.8197660446167,16.259204864501953,15.67328643798828,16.06389808654785,592916
2022-08-23,15.67328643798828,15.91741943359375,15.429154396057127,15.429154396057127,673815
2022-08-24,15.429154396057127,15.770938873291016,15.282674789428713,15.331501007080078,87043
2022-08-25,15.380328178405762,15.624460220336914,15.331501007080078,15.429154396057127,51201
2022-08-26,16.11272430419922,16.454509735107422,15.477980613708496,15.868592262268066,1081381
2022-08-29,15.477980613708496,15.57563304901123,15.087368965148926,15.087368965148926,160824
2022-08-30,15.13619613647461,15.477980613708496,15.13619613647461,15.477980613708496,38913
2022-08-31,15.477980613708496,15.624460220336914,15.13619613647461,15.429154396057127,117764
2022-09-01,15.429154396057127,15.429154396057127,15.233847618103027,15.233847618103027,52225
2022-09-02,15.331501007080078,15.526806831359863,15.13619613647461,15.380328178405762,199686
2022-09-05,15.380328178405762,15.526806831359863,15.233847618103027,15.282674789428713,370700
2022-09-06,15.380328178405762,15.526806831359863,15.03854274749756,15.03854274749756,89091
2022-09-07,15.087368965148926,15.087368965148926,14.59910488128662,14.59910488128662,376850
2022-09-08,14.647931098937988,14.745583534240724,14.501452445983888,14.647931098937988,134148
2022-09-12,14.843236923217772,14.843236923217772,14.452625274658203,14.647931098937988,77826
2022-09-13,14.647931098937988,14.79440975189209,14.59910488128662,14.696758270263672,67586
2022-09-14,14.550277709960938,14.647931098937988,14.257320404052734,14.452625274658203,162821
2022-09-15,14.452625274658203,15.331501007080078,14.452625274658203,14.940890312194824,116740
2022-09-16,14.89206314086914,14.940890312194824,14.745583534240724,14.79440975189209,29697
2022-09-19,14.745583534240724,14.745583534240724,14.257320404052734,14.257320404052734,84037
2022-09-20,13.964361190795898,14.403799057006836,13.964361190795898,14.159667015075684,165893
2022-09-21,14.59910488128662,14.59910488128662,13.866707801818848,13.964361190795898,101379
2022-09-22,13.915534973144531,14.550277709960938,13.769055366516112,14.257320404052734,303114
2022-09-23,14.354972839355469,14.452625274658203,14.062013626098633,14.159667015075684,580628
2022-09-26,14.062013626098633,14.11083984375,13.671401977539062,13.769055366516112,38913
2022-09-27,13.866707801818848,13.964361190795898,13.81788158416748,13.915534973144531,34817
2022-09-28,13.81788158416748,13.81788158416748,13.32961654663086,13.32961654663086,90115
2022-09-29,13.42726993560791,13.915534973144531,13.42726993560791,13.720229148864746,114691
2022-09-30,13.378443717956545,13.720229148864746,13.378443717956545,13.622575759887695,24576
2022-10-03,13.52492332458496,13.671401977539062,13.476097106933594,13.573748588562012,29697
2022-10-04,13.671401977539062,13.720229148864746,13.573748588562012,13.622575759887695,27648
2022-10-05,13.622575759887695,14.013187408447266,13.622575759887695,13.622575759887695,223239
2022-10-06,13.671401977539062,13.720229148864746,13.622575759887695,13.671401977539062,31745
2022-10-07,13.476097106933594,13.769055366516112,13.476097106933594,13.720229148864746,29697
2022-10-11,13.52492332458496,13.52492332458496,13.085485458374023,13.231964111328123,176134
2022-10-12,13.231964111328123,13.378443717956545,12.987832069396973,13.13431167602539,242696
2022-10-13,13.036659240722656,13.13431167602539,11.96247673034668,12.157782554626465,188422
2022-10-14,12.255435943603516,12.499567985534668,12.206608772277832,12.353089332580566,50177
2022-10-17,12.206608772277832,12.206608772277832,11.913651466369627,12.011302947998049,33793
2022-10-18,12.011302947998049,12.108956336975098,11.913651466369627,11.96247673034668,45057
2022-10-19,12.108956336975098,12.304262161254885,11.96247673034668,12.011302947998049,51201
2022-10-20,11.767170906066896,11.913651466369627,11.620692253112791,11.718344688415527,41985
2022-10-21,11.718344688415527,11.718344688415527,10.839468955993652,10.839468955993652,159755
2022-10-24,10.985947608947754,11.181254386901855,10.937122344970703,10.937122344970703,35841
2022-10-25,10.985947608947754,11.083600997924805,10.448857307434082,10.839468955993652,68610
2022-10-26,10.741815567016602,10.790641784667969,10.69299030303955,10.741815567016602,8192
2022-10-27,10.839468955993652,10.839468955993652,10.69299030303955,10.790641784667969,73730
2022-10-28,10.5953369140625,10.5953369140625,10.448857307434082,10.448857307434082,26624
2022-10-31,10.546509742736816,10.546509742736816,10.448857307434082,10.49768352508545,19456
2022-11-01,10.546509742736816,10.546509742736816,10.448857307434082,10.546509742736816,66562
2022-11-02,10.546509742736816,10.69299030303955,10.448857307434082,10.644163131713867,33793
2022-11-03,10.644163131713867,11.66951847076416,10.644163131713867,11.66951847076416,92163
2022-11-04,12.401914596557615,12.792526245117188,12.157782554626465,12.792526245117188,520261
2022-11-07,12.939005851745604,13.769055366516112,12.939005851745604,12.939005851745604,524510
2022-11-08,12.64604663848877,12.694873809814451,12.206608772277832,12.206608772277832,163629
2022-11-09,12.157782554626465,12.548394203186035,12.157782554626465,12.206608772277832,118788
2022-11-10,12.255435943603516,12.353089332580566,12.06013011932373,12.06013011932373,37889
2022-11-11,12.450740814208984,12.792526245117188,12.304262161254885,12.401914596557615,65538
2022-11-14,12.206608772277832,12.792526245117188,12.206608772277832,12.74370002746582,39939
2022-11-15,12.890178680419922,12.890178680419922,12.59722137451172,12.792526245117188,17418
2022-11-16,12.499567985534668,12.890178680419922,12.353089332580566,12.450740814208984,33793
2022-11-17,12.304262161254885,12.548394203186035,12.157782554626465,12.499567985534668,90115
2022-11-18,12.499567985534668,12.499567985534668,12.304262161254885,12.401914596557615,25805
2022-11-21,12.304262161254885,12.304262161254885,12.206608772277832,12.206608772277832,6144
2022-11-22,12.206608772277832,12.206608772277832,12.108956336975098,12.157782554626465,20480
2022-11-23,12.304262161254885,12.401914596557615,12.206608772277832,12.401914596557615,12324
2022-11-24,12.450740814208984,12.59722137451172,12.450740814208984,12.59722137451172,49153
2022-11-25,12.694873809814451,12.74370002746582,12.499567985534668,12.548394203186035,6144
2022-11-28,12.74370002746582,13.769055366516112,12.74370002746582,13.183137893676758,777242
2022-11-29,12.890178680419922,13.085485458374023,12.74370002746582,12.987832069396973,209927
2022-11-30,13.036659240722656,13.231964111328123,12.841353416442873,13.183137893676758,46081
2022-12-01,13.231964111328123,13.231964111328123,12.987832069396973,12.987832069396973,79021
2022-12-02,12.987832069396973,12.987832069396973,12.353089332580566,12.548394203186035,260241
2022-12-05,12.548394203186035,12.59722137451172,12.255435943603516,12.59722137451172,56321
2022-12-06,12.59722137451172,12.59722137451172,12.353089332580566,12.401914596557615,57345
2022-12-07,12.401914596557615,12.548394203186035,12.304262161254885,12.499567985534668,25600
2022-12-08,12.401914596557615,12.499567985534668,12.401914596557615,12.499567985534668,4096
2022-12-09,12.59722137451172,12.792526245117188,12.401914596557615,12.499567985534668,204807
2022-12-12,12.255435943603516,12.401914596557615,12.255435943603516,12.304262161254885,64514
2022-12-13,12.255435943603516,12.353089332580566,12.108956336975098,12.206608772277832,51201
2022-12-14,12.157782554626465,12.353089332580566,12.108956336975098,12.206608772277832,45057
2022-12-15,12.206608772277832,12.353089332580566,12.157782554626465,12.255435943603516,19457
2022-12-16,12.157782554626465,12.401914596557615,12.06013011932373,12.304262161254885,31746
2022-12-19,12.157782554626465,12.157782554626465,11.913651466369627,11.913651466369627,31746
2022-12-20,11.767170906066896,12.108956336975098,11.767170906066896,11.96247673034668,39937
2022-12-21,12.499567985534668,13.13431167602539,12.401914596557615,13.13431167602539,679959
2022-12-22,13.32961654663086,13.32961654663086,12.64604663848877,12.792526245117188,499729
2022-12-23,12.792526245117188,12.792526245117188,12.401914596557615,12.74370002746582,47105
2022-12-26,12.890178680419922,13.085485458374023,12.890178680419922,12.939005851745604,47105
2022-12-27,12.841353416442873,13.036659240722656,12.694873809814451,12.939005851745604,141316
2022-12-28,13.036659240722656,14.20849323272705,12.987832069396973,14.20849323272705,1209454
2022-12-29,14.501452445983888,15.624460220336914,14.354972839355469,15.624460220336914,4101264
2022-12-30,15.67328643798828,16.11272430419922,15.185022354125977,15.9662446975708,3567757
2023-01-03,15.624460220336914,16.308029174804688,15.477980613708496,16.308029174804688,948522
2023-01-04,16.405683517456055,16.50333595275879,15.67328643798828,15.91741943359375,854045
2023-01-05,15.9662446975708,15.9662446975708,15.429154396057127,15.526806831359863,352720
2023-01-06,15.526806831359863,16.11272430419922,15.477980613708496,15.91741943359375,460981
2023-01-09,15.91741943359375,16.11272430419922,15.624460220336914,15.624460220336914,209933
2023-01-10,15.624460220336914,15.9662446975708,15.624460220336914,15.624460220336914,121737
2023-01-11,15.91741943359375,15.91741943359375,15.526806831359863,15.57563304901123,146590
2023-01-12,15.67328643798828,15.722112655639648,15.13619613647461,15.13619613647461,213196
2023-01-13,15.03854274749756,15.429154396057127,15.03854274749756,15.087368965148926,92463
2023-01-16,14.940890312194824,15.087368965148926,14.647931098937988,14.647931098937988,185356
2023-01-17,14.550277709960938,15.91741943359375,14.306145668029783,15.03854274749756,344075
2023-01-30,15.449999809265137,16.700000762939453,15.449999809265137,16.649999618530273,778320
2023-01-31,16.5,17.100000381469727,16.399999618530273,16.399999618530273,324000
2023-02-01,16.450000762939453,16.600000381469727,16.0,16.299999237060547,154000
2023-02-02,16.700000762939453,16.700000762939453,16.200000762939453,16.649999618530273,168100
2023-02-03,16.549999237060547,17.100000381469727,16.450000762939453,16.799999237060547,287098
2023-02-06,17.0,18.450000762939453,17.0,18.450000762939453,1113053
2023-02-07,18.5,19.299999237060547,18.049999237060547,18.049999237060547,2742059
2023-02-08,18.0,18.0,17.600000381469727,17.649999618530273,743303
2023-02-09,17.649999618530273,18.299999237060547,17.049999237060547,18.049999237060547,1230050
2023-02-10,18.049999237060547,18.200000762939453,17.600000381469727,17.600000381469727,536030
2023-02-13,18.299999237060547,19.350000381469727,17.850000381469727,17.850000381469727,4473000
2023-02-14,17.850000381469727,18.299999237060547,17.600000381469727,18.299999237060547,874208
2023-02-15,18.299999237060547,18.549999237060547,17.850000381469727,18.100000381469727,623133
2023-02-16,18.049999237060547,18.049999237060547,17.600000381469727,17.600000381469727,651089
2023-02-17,17.100000381469727,18.049999237060547,17.100000381469727,17.200000762939453,1995748
2023-02-20,17.200000762939453,17.5,17.149999618530273,17.5,700720
2023-02-21,17.700000762939453,17.700000762939453,17.399999618530273,17.399999618530273,381566
2023-02-22,17.200000762939453,17.899999618530273,17.049999237060547,17.75,1895629
2023-02-23,17.899999618530273,19.450000762939453,17.899999618530273,18.799999237060547,3702884
2023-02-24,18.75,20.5,18.549999237060547,19.700000762939453,3898488
2023-03-01,19.700000762939453,20.64999961853028,19.049999237060547,19.049999237060547,2048757
2023-03-02,19.200000762939453,19.549999237060547,18.799999237060547,19.100000381469727,1096093
2023-03-03,19.100000381469727,19.450000762939453,18.89999961853028,18.89999961853028,700182
2023-03-06,19.25,20.75,19.0,20.75,3074204
2023-03-07,20.450000762939453,21.75,19.89999961853028,20.850000381469727,3297296
2023-03-08,20.850000381469727,22.89999961853028,20.549999237060547,22.89999961853028,5088740
2023-03-09,23.0,24.75,21.75,22.5,9597176
2023-03-10,21.850000381469727,23.450000762939453,21.850000381469727,22.0,3021656
2023-03-13,21.600000381469727,22.100000381469727,20.0,21.64999961853028,2524923
2023-03-14,21.64999961853028,22.799999237060547,21.5,21.950000762939453,1526200
2023-03-15,22.200000762939453,24.100000381469727,22.200000762939453,23.75,5183757
2023-03-16,23.299999237060547,24.5,22.799999237060547,23.100000381469727,4187581
2023-03-17,23.5,25.350000381469727,23.450000762939453,24.5,6499863
2023-03-20,24.64999961853028,24.950000762939453,23.799999237060547,23.799999237060547,4720627
2023-03-21,24.200000762939453,24.450000762939453,23.25,23.549999237060547,2431000
2023-03-22,23.75,24.299999237060547,23.0,23.950000762939453,1411250
2023-03-23,23.950000762939453,24.549999237060547,23.299999237060547,23.39999961853028,2192043
2023-03-24,23.850000381469727,23.850000381469727,22.600000381469727,22.700000762939453,1987000
2023-03-27,22.64999961853028,23.25,22.25,22.39999961853028,1091480
2023-03-28,22.549999237060547,22.850000381469727,22.100000381469727,22.25,1090480
2023-03-29,22.350000381469727,22.700000762939453,22.14999961853028,22.200000762939453,582178
2023-03-30,22.200000762939453,22.450000762939453,21.25,21.299999237060547,1906130
2023-03-31,21.5,22.14999961853028,21.100000381469727,21.700000762939453,1287520
2023-04-06,21.75,21.89999961853028,20.700000762939453,21.14999961853028,1653496
2023-04-07,21.350000381469727,21.64999961853028,21.0,21.049999237060547,406000
2023-04-10,21.0,22.950000762939453,21.0,22.64999961853028,1505083
2023-04-11,22.299999237060547,22.450000762939453,22.0,22.049999237060547,691081
2023-04-12,22.0,22.799999237060547,22.0,22.5,549280
2023-04-13,22.5,22.64999961853028,22.0,22.5,469000
2023-04-14,22.5,22.950000762939453,21.950000762939453,21.950000762939453,752448
2023-04-17,22.39999961853028,23.0,22.100000381469727,22.799999237060547,1095100
2023-04-18,23.0,23.049999237060547,22.049999237060547,22.100000381469727,676133
2023-04-19,22.450000762939453,22.450000762939453,21.299999237060547,21.5,944502
2023-04-20,21.5,21.64999961853028,21.049999237060547,21.049999237060547,475000
2023-04-21,21.25,21.25,20.39999961853028,20.600000381469727,448176
2023-04-24,20.0,21.100000381469727,20.0,20.600000381469727,340000
2023-04-25,20.799999237060547,21.100000381469727,20.100000381469727,20.25,375088
2023-04-26,20.350000381469727,21.0,20.200000762939453,20.850000381469727,350250
2023-04-27,21.25,21.25,20.549999237060547,20.89999961853028,191000
2023-04-28,21.0,21.5,20.700000762939453,21.0,242096
2023-05-02,21.14999961853028,21.5,20.5,20.600000381469727,479007
2023-05-03,20.700000762939453,21.299999237060547,19.5,19.799999237060547,828086
2023-05-04,20.100000381469727,20.100000381469727,19.299999237060547,19.600000381469727,408000
2023-05-05,19.75,19.950000762939453,19.549999237060547,19.64999961853028,151040
2023-05-08,19.89999961853028,19.89999961853028,19.64999961853028,19.64999961853028,177000
2023-05-09,19.89999961853028,19.89999961853028,19.25,19.39999961853028,188000
2023-05-10,19.39999961853028,19.950000762939453,19.350000381469727,19.75,146000
2023-05-11,19.600000381469727,19.600000381469727,18.549999237060547,18.600000381469727,376300
2023-05-12,18.600000381469727,18.89999961853028,18.25,18.25,329000
2023-05-15,18.39999961853028,18.5,17.899999618530273,18.100000381469727,431218
2023-05-16,18.0,18.5,17.700000762939453,18.200000762939453,345000
2023-05-17,18.39999961853028,19.5,18.350000381469727,19.25,469000
2023-05-18,19.350000381469727,19.549999237060547,18.89999961853028,18.950000762939453,298100
2023-05-19,18.799999237060547,19.39999961853028,18.700000762939453,18.799999237060547,167000
2023-05-22,18.950000762939453,19.200000762939453,18.89999961853028,19.100000381469727,119000
2023-05-23,19.100000381469727,19.299999237060547,19.0,19.100000381469727,139000
2023-05-24,19.100000381469727,19.100000381469727,18.450000762939453,18.850000381469727,135000
2023-05-25,18.600000381469727,19.200000762939453,18.600000381469727,18.64999961853028,93000
2023-05-26,19.0,19.0,18.200000762939453,18.200000762939453,161000
2023-05-29,18.200000762939453,18.600000381469727,18.200000762939453,18.5,119017
2023-05-30,18.5,18.549999237060547,18.100000381469727,18.14999961853028,79000
2023-05-31,18.25,18.549999237060547,18.25,18.549999237060547,77000
2023-06-01,18.5,18.600000381469727,18.350000381469727,18.39999961853028,71010
2023-06-02,18.39999961853028,18.549999237060547,18.299999237060547,18.5,133058
2023-06-05,18.5,18.89999961853028,18.5,18.89999961853028,112000
2023-06-06,19.100000381469727,19.25,18.850000381469727,18.850000381469727,141000
2023-06-07,18.700000762939453,18.799999237060547,18.600000381469727,18.700000762939453,42000
2023-06-08,18.700000762939453,18.75,18.5,18.549999237060547,43000
2023-06-09,18.950000762939453,20.350000381469727,18.950000762939453,19.700000762939453,673050
2023-06-12,20.100000381469727,20.850000381469727,19.799999237060547,19.799999237060547,704060
2023-06-13,20.200000762939453,20.200000762939453,19.39999961853028,19.5,167030
2023-06-14,19.799999237060547,19.799999237060547,19.25,19.5,161000
2023-06-15,19.600000381469727,19.700000762939453,19.299999237060547,19.5,81000
2023-06-16,19.549999237060547,19.600000381469727,19.100000381469727,19.14999961853028,120000
2023-06-19,19.0,19.049999237060547,18.75,18.850000381469727,118001
2023-06-20,18.549999237060547,19.25,18.200000762939453,19.0,162000
2023-06-21,18.950000762939453,19.0,18.75,19.0,42000
2023-06-26,18.5,18.89999961853028,18.5,18.600000381469727,59000
2023-06-27,18.350000381469727,18.600000381469727,18.25,18.350000381469727,78000
2023-06-28,18.850000381469727,18.850000381469727,18.200000762939453,18.25,66120
2023-06-29,18.25,18.450000762939453,17.950000762939453,18.0,136270
2023-06-30,18.0,18.14999961853028,17.899999618530273,18.0,65000
2023-07-03,17.950000762939453,18.200000762939453,17.899999618530273,17.950000762939453,130000
2023-07-04,17.950000762939453,17.950000762939453,17.649999618530273,17.649999618530273,119125
2023-07-05,17.649999618530273,17.899999618530273,17.5,17.75,106404
2023-07-06,17.600000381469727,17.649999618530273,17.299999237060547,17.299999237060547,88000
2023-07-07,17.299999237060547,17.299999237060547,16.5,16.75,173000
2023-07-10,16.399999618530273,17.149999618530273,16.399999618530273,16.899999618530273,66000
2023-07-11,17.149999618530273,17.25,17.100000381469727,17.100000381469727,52000
2023-07-12,16.899999618530273,16.950000762939453,16.25,16.25,163110
2023-07-13,16.25,16.299999237060547,15.199999809265137,15.550000190734863,291000
2023-07-14,15.699999809265137,17.100000381469727,15.550000190734863,17.100000381469727,362088
2023-07-17,18.75,18.75,17.0,17.0,748794
2023-07-18,17.25,17.299999237060547,16.5,17.100000381469727,290002
2023-07-19,17.299999237060547,17.299999237060547,16.549999237060547,16.799999237060547,147000
2023-07-20,16.899999618530273,17.049999237060547,16.600000381469727,16.700000762939453,103000
2023-07-21,17.049999237060547,17.549999237060547,16.600000381469727,16.649999618530273,303000
2023-07-24,16.649999618530273,16.649999618530273,16.399999618530273,16.549999237060547,178000
2023-07-25,16.549999237060547,16.950000762939453,16.399999618530273,16.399999618530273,182020
2023-07-26,16.299999237060547,16.549999237060547,16.299999237060547,16.399999618530273,41000
2023-07-27,16.450000762939453,16.75,16.350000381469727,16.399999618530273,177000
2023-07-28,16.399999618530273,16.399999618530273,15.850000381469728,16.149999618530273,99000
2023-07-31,16.149999618530273,16.399999618530273,15.800000190734863,16.049999237060547,189000
2023-08-01,16.100000381469727,16.100000381469727,15.800000190734863,15.899999618530272,111000
2023-08-02,15.850000381469728,15.949999809265137,15.5,15.649999618530272,242000
2023-08-04,15.699999809265137,15.850000381469728,15.5,15.699999809265137,98003
2023-08-07,15.800000190734863,16.149999618530273,15.5,15.949999809265137,219100
2023-08-08,15.949999809265137,16.0,15.5,15.899999618530272,207000
2023-08-09,16.200000762939453,16.200000762939453,15.5,15.550000190734863,109066
2023-08-10,15.25,15.399999618530272,14.649999618530272,14.75,524000
2023-08-11,15.050000190734863,15.050000190734863,14.300000190734863,14.300000190734863,321000
2023-08-14,14.050000190734863,14.149999618530272,13.399999618530272,13.75,444000
2023-08-15,14.0,15.100000381469728,13.75,14.949999809265137,265001
2023-08-16,15.149999618530272,16.25,15.050000190734863,15.399999618530272,773407
2023-08-17,15.399999618530272,15.649999618530272,15.199999809265137,15.300000190734863,133000
2023-08-18,15.300000190734863,15.350000381469728,14.850000381469728,14.949999809265137,126000
2023-08-21,15.300000190734863,16.200000762939453,15.0,15.100000381469728,600000
2023-08-22,15.399999618530272,15.399999618530272,14.699999809265137,14.699999809265137,137000
2023-08-23,14.699999809265137,15.050000190734863,14.5,15.0,212000
2023-08-24,15.0,15.149999618530272,14.800000190734863,14.899999618530272,90050
2023-08-25,15.149999618530272,15.149999618530272,14.699999809265137,14.75,63222
2023-08-28,15.100000381469728,15.100000381469728,14.600000381469728,14.600000381469728,71000
2023-08-29,14.899999618530272,14.949999809265137,14.5,14.5,99211
2023-08-30,14.5,14.949999809265137,14.449999809265137,14.5,275317
2023-08-31,14.800000190734863,14.899999618530272,14.699999809265137,14.75,75050
2023-09-01,14.899999618530272,16.200000762939453,14.899999618530272,16.049999237060547,1011305
2023-09-04,16.049999237060547,16.049999237060547,15.449999809265137,15.449999809265137,189434
2023-09-05,15.399999618530272,15.850000381469728,15.350000381469728,15.399999618530272,139000
2023-09-06,15.550000190734863,15.600000381469728,15.199999809265137,15.5,81000
2023-09-07,15.600000381469728,15.600000381469728,15.199999809265137,15.199999809265137,80050
2023-09-08,15.300000190734863,15.300000190734863,15.100000381469728,15.199999809265137,61000
2023-09-11,16.100000381469727,16.649999618530273,15.649999618530272,15.699999809265137,519000
2023-09-12,16.25,17.25,16.0,16.0,2331010
2023-09-13,16.700000762939453,16.700000762939453,15.699999809265137,15.699999809265137,489050
2023-09-14,16.049999237060547,16.049999237060547,15.649999618530272,15.800000190734863,105000
2023-09-15,15.75,15.800000190734863,15.199999809265137,15.449999809265137,228000
2023-09-18,15.449999809265137,16.149999618530273,15.25,15.699999809265137,170214
2023-09-19,15.949999809265137,15.949999809265137,15.649999618530272,15.699999809265137,52999
2023-09-20,15.600000381469728,15.600000381469728,15.350000381469728,15.399999618530272,53050
2023-09-21,15.25,15.550000190734863,15.25,15.350000381469728,42000
2023-09-22,15.350000381469728,15.699999809265137,15.25,15.449999809265137,49000
2023-09-25,15.449999809265137,15.5,15.25,15.300000190734863,124000
2023-09-26,15.350000381469728,15.449999809265137,15.25,15.350000381469728,30004
2023-09-27,15.350000381469728,15.5,15.149999618530272,15.149999618530272,67000
2023-09-28,15.100000381469728,15.300000190734863,14.949999809265137,15.149999618530272,90000
2023-10-02,15.149999618530272,15.149999618530272,14.399999618530272,14.449999809265137,339000
2023-10-03,14.699999809265137,14.699999809265137,14.550000190734863,14.550000190734863,50000
2023-10-04,14.550000190734863,14.550000190734863,14.149999618530272,14.5,76000
2023-10-05,14.600000381469728,15.0,14.600000381469728,14.899999618530272,41000
2023-10-06,14.899999618530272,15.300000190734863,14.699999809265137,15.050000190734863,73031
2023-10-11,16.549999237060547,16.549999237060547,16.549999237060547,16.549999237060547,485000
2023-10-12,17.700000762939453,17.700000762939453,16.649999618530273,16.700000762939453,1188480
2023-10-13,16.5,16.700000762939453,16.0,16.200000762939453,461020
2023-10-16,16.299999237060547,16.799999237060547,16.25,16.25,300000
2023-10-17,16.600000381469727,16.799999237060547,16.25,16.450000762939453,286500
2023-10-18,16.5,16.5,15.949999809265137,16.0,159500
2023-10-19,16.149999618530273,16.350000381469727,15.949999809265137,16.299999237060547,100000
2023-10-20,16.200000762939453,16.899999618530273,16.0,16.600000381469727,217000
2023-10-23,16.399999618530273,17.549999237060547,16.399999618530273,16.649999618530273,579000
2023-10-24,17.25,17.5,16.299999237060547,16.399999618530273,465028
2023-10-25,16.700000762939453,16.700000762939453,16.299999237060547,16.450000762939453,97040
2023-10-26,16.350000381469727,16.399999618530273,16.049999237060547,16.100000381469727,101000
2023-10-27,16.100000381469727,16.75,16.0,16.600000381469727,128000
2023-10-30,16.200000762939453,16.450000762939453,16.100000381469727,16.299999237060547,56000
2023-10-31,16.399999618530273,16.450000762939453,15.850000381469728,15.949999809265137,138000
2023-11-01,16.149999618530273,16.299999237060547,16.049999237060547,16.200000762939453,52000
2023-11-02,16.25,16.350000381469727,15.899999618530272,16.049999237060547,138000
2023-11-03,16.200000762939453,16.5,16.149999618530273,16.5,54000
2023-11-06,16.549999237060547,16.549999237060547,16.299999237060547,16.350000381469727,52000
2023-11-07,16.399999618530273,16.649999618530273,16.350000381469727,16.549999237060547,55152
2023-11-08,16.549999237060547,17.5,16.549999237060547,16.549999237060547,456398
2023-11-09,16.600000381469727,16.899999618530273,16.600000381469727,16.649999618530273,115661
2023-11-10,16.649999618530273,16.649999618530273,16.25,16.25,68000
2023-11-13,16.25,17.850000381469727,16.25,17.149999618530273,1709000
2023-11-14,17.700000762939453,18.75,17.5,18.350000381469727,1484044
2023-11-15,18.5,19.450000762939453,18.39999961853028,18.39999961853028,1128000
2023-11-16,18.39999961853028,18.5,17.799999237060547,18.14999961853028,411007
2023-11-17,18.200000762939453,19.200000762939453,18.200000762939453,19.049999237060547,595145
2023-11-20,19.14999961853028,19.299999237060547,18.64999961853028,18.799999237060547,353130
2023-11-21,19.0,19.5,18.700000762939453,18.799999237060547,337000
2023-11-22,18.799999237060547,18.89999961853028,18.600000381469727,18.850000381469727,120055
2023-11-23,18.950000762939453,19.0,18.25,18.350000381469727,264000
2023-11-24,18.350000381469727,18.700000762939453,18.049999237060547,18.100000381469727,90000
2023-11-27,18.200000762939453,18.200000762939453,17.299999237060547,17.350000381469727,231000
2023-11-28,17.350000381469727,18.0,17.350000381469727,17.600000381469727,116100
2023-11-29,17.600000381469727,19.350000381469727,17.5,18.5,1515000
2023-11-30,18.5,18.89999961853028,18.350000381469727,18.350000381469727,279000
2023-12-01,18.200000762939453,18.700000762939453,18.0,18.600000381469727,185000
2023-12-04,18.64999961853028,18.64999961853028,18.25,18.5,176000
2023-12-05,18.549999237060547,18.549999237060547,18.14999961853028,18.25,74000
2023-12-06,18.5,18.64999961853028,18.39999961853028,18.600000381469727,113000
2023-12-07,18.75,18.89999961853028,18.450000762939453,18.450000762939453,145000
2023-12-08,18.600000381469727,18.75,18.39999961853028,18.549999237060547,61000
2023-12-11,18.600000381469727,19.5,18.549999237060547,18.950000762939453,780000
2023-12-12,19.850000381469727,20.799999237060547,19.200000762939453,20.799999237060547,2917137
2023-12-13,20.799999237060547,20.89999961853028,19.75,19.75,1652001
2023-12-14,19.950000762939453,20.14999961853028,19.0,19.049999237060547,572000
2023-12-15,19.049999237060547,19.549999237060547,18.700000762939453,18.700000762939453,360376
2023-12-18,18.799999237060547,18.950000762939453,18.14999961853028,18.14999961853028,530000
2023-12-19,18.14999961853028,19.350000381469727,18.14999961853028,18.799999237060547,724000
2023-12-20,18.799999237060547,20.14999961853028,18.75,19.549999237060547,555000
2023-12-21,19.299999237060547,20.299999237060547,18.950000762939453,19.75,582000
2023-12-22,19.950000762939453,20.25,19.0,19.350000381469727,435000
2023-12-25,19.450000762939453,19.450000762939453,18.700000762939453,18.799999237060547,140000
2023-12-26,18.799999237060547,19.100000381469727,18.75,18.799999237060547,63000
2023-12-27,18.799999237060547,18.799999237060547,18.39999961853028,18.39999961853028,192000
2023-12-28,18.5,18.549999237060547,18.25,18.450000762939453,196000
2023-12-29,18.549999237060547,18.549999237060547,18.39999961853028,18.5,59000
2024-01-02,18.549999237060547,19.200000762939453,18.549999237060547,18.850000381469727,151000
2024-01-03,19.0,19.0,18.549999237060547,18.549999237060547,51000
2024-01-04,18.549999237060547,18.549999237060547,18.200000762939453,18.39999961853028,97000
2024-01-05,18.5,18.549999237060547,18.25,18.450000762939453,53000
2024-01-08,18.100000381469727,18.39999961853028,18.100000381469727,18.14999961853028,151014
2024-01-09,18.299999237060547,18.299999237060547,17.700000762939453,17.799999237060547,117001
2024-01-10,18.64999961853028,19.549999237060547,18.64999961853028,19.549999237060547,944009
2024-01-11,19.950000762939453,21.5,19.450000762939453,19.450000762939453,4389000
2024-01-12,19.100000381469727,20.100000381469727,18.700000762939453,18.700000762939453,1292100
2024-01-15,18.799999237060547,19.64999961853028,18.39999961853028,19.5,976376
2024-01-16,19.5,19.75,19.0,19.39999961853028,473000
2024-01-17,19.600000381469727,19.600000381469727,18.600000381469727,18.75,325000
2024-01-18,18.850000381469727,19.299999237060547,17.850000381469727,18.14999961853028,784068
2024-01-19,18.5,19.950000762939453,18.5,19.950000762939453,1660000
2024-01-22,20.75,20.950000762939453,19.350000381469727,19.350000381469727,2597015
2024-01-23,19.600000381469727,19.89999961853028,19.25,19.5,612000
2024-01-24,19.5,20.39999961853028,19.39999961853028,20.049999237060547,660400
2024-01-25,20.200000762939453,20.299999237060547,19.549999237060547,19.549999237060547,357000
2024-01-26,19.75,20.450000762939453,19.39999961853028,19.5,554000
2024-01-29,19.600000381469727,19.799999237060547,19.299999237060547,19.549999237060547,280000
2024-01-30,19.600000381469727,19.600000381469727,18.850000381469727,19.350000381469727,364070
2024-01-31,19.64999961853028,20.600000381469727,19.299999237060547,19.89999961853028,518040
2024-02-01,19.950000762939453,20.299999237060547,19.5,19.549999237060547,345000
2024-02-02,19.89999961853028,19.950000762939453,19.350000381469727,19.350000381469727,202000
2024-02-05,19.25,19.299999237060547,18.600000381469727,19.100000381469727,476000
2024-02-15,18.299999237060547,18.299999237060547,17.200000762939453,17.200000762939453,886044
2024-02-16,16.399999618530273,17.149999618530273,16.149999618530273,16.850000381469727,1134050
2024-02-19,16.850000381469727,17.350000381469727,16.799999237060547,16.799999237060547,430000
2024-02-20,16.75,17.149999618530273,16.649999618530273,17.049999237060547,286000
2024-02-21,17.100000381469727,17.100000381469727,16.799999237060547,16.950000762939453,209000
2024-02-22,17.049999237060547,17.149999618530273,16.649999618530273,16.700000762939453,271000
2024-02-23,16.700000762939453,16.75,16.450000762939453,16.450000762939453,243010
2024-02-26,16.450000762939453,16.899999618530273,16.350000381469727,16.75,107000
2024-02-27,16.850000381469727,16.850000381469727,16.200000762939453,16.450000762939453,188000
2024-02-29,16.5,16.899999618530273,16.25,16.600000381469727,95000
2024-03-01,16.649999618530273,16.75,16.5,16.600000381469727,81000
2024-03-04,16.600000381469727,16.75,16.5,16.700000762939453,91000
2024-03-05,16.700000762939453,17.200000762939453,16.700000762939453,17.0,355350
2024-03-06,17.0,17.0,16.649999618530273,16.649999618530273,124000
2024-03-07,16.799999237060547,16.799999237060547,16.149999618530273,16.399999618530273,246000
2024-03-08,16.75,17.049999237060547,16.100000381469727,16.25,331044
2024-03-11,16.600000381469727,17.850000381469727,16.200000762939453,16.5,1055000
2024-03-12,16.549999237060547,17.299999237060547,16.549999237060547,17.200000762939453,558001
2024-03-13,17.25,17.25,16.299999237060547,16.700000762939453,344000
2024-03-14,16.549999237060547,16.799999237060547,16.549999237060547,16.549999237060547,102000
2024-03-15,16.049999237060547,16.25,15.149999618530272,15.25,919304
2024-03-18,15.25,15.600000381469728,14.949999809265137,15.5,485000
2024-03-19,15.5,15.5,15.0,15.100000381469728,634024
2024-03-20,15.0,15.699999809265137,14.800000190734863,15.050000190734863,1052000
2024-03-21,15.100000381469728,15.699999809265137,15.100000381469728,15.100000381469728,860100
2024-03-22,15.399999618530272,15.5,15.050000190734863,15.399999618530272,363000
2024-03-25,15.449999809265137,15.850000381469728,15.350000381469728,15.550000190734863,360228
2024-03-26,15.600000381469728,15.649999618530272,15.100000381469728,15.100000381469728,101000
2024-03-27,15.149999618530272,15.25,15.100000381469728,15.199999809265137,63696
2024-03-28,15.199999809265137,15.199999809265137,15.100000381469728,15.199999809265137,50000
2024-03-29,15.25,15.25,15.0,15.100000381469728,68000
2024-04-01,14.899999618530272,15.0,14.649999618530272,14.949999809265137,88042
2024-04-02,14.800000190734863,14.800000190734863,14.149999618530272,14.399999618530272,532388
2024-04-03,14.5,14.5,14.149999618530272,14.149999618530272,132000
2024-04-08,13.600000381469728,14.100000381469728,13.600000381469728,13.949999809265137,246000
2024-04-09,13.75,14.899999618530272,13.75,14.149999618530272,392000
2024-04-10,14.25,14.350000381469728,14.100000381469728,14.199999809265137,90181
2024-04-11,14.199999809265137,14.199999809265137,13.899999618530272,14.100000381469728,204001
2024-04-12,14.100000381469728,14.100000381469728,13.850000381469728,14.050000190734863,79000
2024-04-15,14.100000381469728,14.149999618530272,13.899999618530272,14.050000190734863,176000
2024-04-16,13.800000190734863,13.850000381469728,13.600000381469728,13.800000190734863,102000
2024-04-17,13.800000190734863,13.899999618530272,13.5,13.800000190734863,151000
2024-04-18,13.600000381469728,14.100000381469728,13.600000381469728,14.100000381469728,44000
2024-04-19,13.699999809265137,13.899999618530272,13.5,13.649999618530272,147000
2024-04-22,13.5,13.600000381469728,13.5,13.5,36000
2024-04-23,13.5,14.0,13.5,14.0,56000
2024-04-24,13.800000190734863,14.050000190734863,13.800000190734863,13.949999809265137,44000
2024-04-25,13.850000381469728,13.899999618530272,13.649999618530272,13.649999618530272,28000
2024-04-26,13.649999618530272,14.0,13.600000381469728,13.800000190734863,119000
2024-04-29,14.199999809265137,14.199999809265137,13.800000190734863,14.100000381469728,108000
2024-04-30,14.100000381469728,14.100000381469728,13.899999618530272,14.0,36000
2024-05-02,13.899999618530272,14.0,13.5,14.0,131000
2024-05-03,13.800000190734863,13.899999618530272,13.5,13.850000381469728,83000
2024-05-06,13.800000190734863,14.0,13.75,13.899999618530272,31000
2024-05-07,13.949999809265137,13.949999809265137,13.699999809265137,13.899999618530272,57600
2024-05-08,13.649999618530272,13.899999618530272,13.600000381469728,13.899999618530272,62000
2024-05-09,13.75,13.899999618530272,13.600000381469728,13.800000190734863,48000
2024-05-10,13.850000381469728,15.100000381469728,13.850000381469728,14.5,421000
2024-05-13,14.0,14.0,13.5,13.699999809265137,234000
2024-05-14,13.600000381469728,13.850000381469728,13.5,13.850000381469728,89050
2024-05-15,14.149999618530272,15.199999809265137,14.0,15.199999809265137,730000
2024-05-16,16.700000762939453,16.700000762939453,16.700000762939453,16.700000762939453,654672
2024-05-17,18.350000381469727,18.350000381469727,18.350000381469727,18.350000381469727,1574697
2024-05-20,18.14999961853028,19.0,17.549999237060547,18.950000762939453,3174108
2024-05-21,18.950000762939453,18.950000762939453,17.700000762939453,17.950000762939453,1269050
2024-05-22,17.950000762939453,18.39999961853028,16.950000762939453,17.600000381469727,923014
2024-05-23,18.100000381469727,18.350000381469727,17.100000381469727,17.100000381469727,867000
2024-05-24,17.100000381469727,17.399999618530273,16.700000762939453,17.149999618530273,247000
2024-05-27,17.149999618530273,17.649999618530273,17.149999618530273,17.25,327023
2024-05-28,17.299999237060547,18.799999237060547,17.299999237060547,18.0,924000
2024-05-29,18.14999961853028,19.799999237060547,18.049999237060547,19.200000762939453,2870220
2024-05-30,19.049999237060547,19.049999237060547,18.25,18.25,1102000
2024-05-31,18.14999961853028,19.75,18.049999237060547,18.75,1209000
2024-06-03,20.0,20.600000381469727,19.299999237060547,19.299999237060547,4098120
2024-06-04,19.5,20.39999961853028,19.5,19.850000381469727,1771297
2024-06-05,20.0,21.0,19.89999961853028,20.200000762939453,1245066
2024-06-06,20.64999961853028,20.64999961853028,20.049999237060547,20.450000762939453,889138
2024-06-07,20.549999237060547,20.549999237060547,19.850000381469727,20.049999237060547,893050
2024-06-11,19.89999961853028,19.89999961853028,19.0,19.350000381469727,903124
2024-06-12,19.350000381469727,19.549999237060547,19.0,19.450000762939453,301100
2024-06-13,19.75,19.799999237060547,19.14999961853028,19.14999961853028,417000
2024-06-14,19.100000381469727,19.39999961853028,19.049999237060547,19.049999237060547,311100
2024-06-17,19.299999237060547,20.0,18.799999237060547,19.450000762939453,690000
2024-06-18,19.799999237060547,20.200000762939453,19.5,19.5,712010
2024-06-19,19.850000381469727,19.850000381469727,19.0,19.0,435005
2024-06-20,19.0,19.39999961853028,19.0,19.100000381469727,245000
2024-06-21,19.14999961853028,19.14999961853028,18.75,18.75,314500
2024-06-24,18.75,18.75,18.0,18.0,397300
2024-06-25,18.0,18.950000762939453,17.600000381469727,18.299999237060547,415000
2024-06-26,18.450000762939453,18.600000381469727,18.200000762939453,18.200000762939453,238000
2024-06-27,18.200000762939453,19.39999961853028,18.0,18.299999237060547,394000
2024-06-28,18.350000381469727,18.799999237060547,18.350000381469727,18.350000381469727,169000
2024-07-01,18.450000762939453,18.64999961853028,18.350000381469727,18.39999961853028,107000
2024-07-02,18.5,18.5,17.75,17.75,398000
2024-07-03,17.899999618530273,18.299999237060547,17.850000381469727,17.899999618530273,162202
2024-07-04,18.25,18.25,17.799999237060547,17.950000762939453,116000
2024-07-05,18.0,18.64999961853028,18.0,18.39999961853028,358000
2024-07-08,18.75,19.0,18.200000762939453,18.450000762939453,335045
2024-07-09,18.700000762939453,20.0,18.0,19.049999237060547,1363133
2024-07-10,20.950000762939453,20.950000762939453,20.950000762939453,20.950000762939453,13150884
2024-07-11,21.0,23.0,20.299999237060547,23.0,22055358
2024-07-12,24.450000762939453,25.299999237060547,21.200000762939453,25.299999237060547,13994094
2024-07-15,26.799999237060547,27.799999237060547,25.5,26.850000381469727,21263290
2024-07-16,28.0,29.049999237060547,27.14999961853028,28.5,20450605
2024-07-17,28.549999237060547,28.799999237060547,27.75,27.850000381469727,3205200
2024-07-18,28.0,29.100000381469727,27.200000762939453,29.100000381469727,2849133
2024-07-19,30.5,31.700000762939453,30.5,31.350000381469727,5143941
2024-07-22,29.600000381469727,29.950000762939453,28.25,28.25,1010000
2024-07-23,28.64999961853028,28.64999961853028,26.0,27.5,2365000
2024-07-26,26.89999961853028,28.89999961853028,26.89999961853028,28.549999237060547,1075010
2024-07-29,30.0,30.0,26.25,26.299999237060547,1196685
2024-07-30,25.549999237060547,28.600000381469727,25.549999237060547,28.200000762939453,1329091
2024-07-31,28.5,29.600000381469727,28.5,29.200000762939453,673229
2024-08-01,28.350000381469727,30.0,28.350000381469727,30.0,836443
2024-08-02,28.5,29.700000762939453,28.5,29.049999237060547,968300
2024-08-05,28.049999237060547,28.049999237060547,26.14999961853028,26.14999961853028,1086088
2024-08-06,27.100000381469727,27.100000381469727,23.549999237060547,23.89999961853028,1275497
2024-08-07,26.25,26.25,25.200000762939453,26.25,1816000
2024-08-08,26.25,28.850000381469727,25.5,28.850000381469727,6915572
2024-08-09,29.75,31.5,27.200000762939453,27.39999961853028,17343504
2024-08-12,24.700000762939453,24.700000762939453,24.700000762939453,24.700000762939453,1938133
2024-08-13,22.89999961853028,24.450000762939453,22.549999237060547,23.700000762939453,7702250
2024-08-14,24.25,25.0,22.350000381469727,23.39999961853028,7293054
2024-08-15,24.0,25.700000762939453,23.64999961853028,25.700000762939453,7210101
2024-08-16,26.049999237060547,28.25,26.0,28.25,5967828
2024-08-19,29.600000381469727,30.14999961853028,27.600000381469727,28.600000381469727,12409280
2024-08-20,27.700000762939453,27.799999237060547,26.049999237060547,26.200000762939453,7172162
2024-08-21,26.0,26.799999237060547,25.25,25.700000762939453,3475000
2024-08-22,25.850000381469727,26.64999961853028,25.39999961853028,25.39999961853028,2319050
2024-08-23,25.0,26.39999961853028,24.5,25.799999237060547,2855000
2024-08-26,25.850000381469727,26.39999961853028,24.700000762939453,24.700000762939453,2156510
2024-08-27,24.700000762939453,26.89999961853028,24.600000381469727,25.799999237060547,3971300
2024-08-28,25.049999237060547,25.75,24.14999961853028,24.299999237060547,4094070
2024-08-29,24.299999237060547,24.5,23.549999237060547,23.89999961853028,2323200
2024-08-30,24.200000762939453,24.200000762939453,23.14999961853028,23.5,2145245
2024-09-02,24.0,24.64999961853028,23.450000762939453,24.100000381469727,2093200
2024-09-03,24.25,25.549999237060547,24.0,24.0,3344000
2024-09-04,22.89999961853028,23.450000762939453,22.0,23.200000762939453,1692199
2024-09-05,23.600000381469727,24.299999237060547,23.049999237060547,23.25,1436000
2024-09-06,23.549999237060547,23.75,22.299999237060547,22.39999961853028,1331326
2024-09-09,21.89999961853028,22.049999237060547,21.200000762939453,21.39999961853028,1431050
2024-09-10,23.39999961853028,23.5,23.0,23.5,1078040
2024-09-11,24.5,24.600000381469727,22.5,22.799999237060547,4463150
2024-09-12,23.200000762939453,23.799999237060547,22.350000381469727,22.799999237060547,1800087
2024-09-13,23.0,23.89999961853028,22.850000381469727,23.25,1339100
2024-09-16,23.549999237060547,25.0,23.200000762939453,24.0,2751014
2024-09-18,24.350000381469727,26.39999961853028,23.950000762939453,26.200000762939453,11817502
2024-09-19,25.89999961853028,28.600000381469727,25.39999961853028,27.89999961853028,15013835
2024-09-20,28.0,28.39999961853028,26.049999237060547,26.39999961853028,7053089
2024-09-23,26.700000762939453,27.75,26.049999237060547,26.799999237060547,3998200
2024-09-24,26.700000762939453,28.5,26.5,27.39999961853028,5663357
2024-09-25,27.89999961853028,28.200000762939453,27.0,27.39999961853028,3732528
2024-09-26,27.299999237060547,27.299999237060547,25.600000381469727,25.64999961853028,3902120
2024-09-27,25.700000762939453,26.450000762939453,25.350000381469727,26.25,1907019
2024-09-30,27.600000381469727,28.799999237060547,27.5,28.450000762939453,9091458
2024-10-01,29.200000762939453,29.799999237060547,27.14999961853028,28.450000762939453,9443236
2024-10-04,27.89999961853028,28.700000762939453,27.299999237060547,27.75,3144068
2024-10-07,27.799999237060547,29.5,27.350000381469727,28.850000381469727,5794176
2024-10-08,28.850000381469727,31.5,28.350000381469727,29.700000762939453,11796421
2024-10-09,29.89999961853028,30.5,27.64999961853028,27.950000762939453,5407195
2024-10-11,25.200000762939453,25.799999237060547,25.200000762939453,25.200000762939453,2251230
2024-10-14,23.600000381469727,24.0,22.850000381469727,23.299999237060547,3769564
2024-10-15,23.75,23.950000762939453,22.799999237060547,22.799999237060547,2298100
2024-10-16,23.0,23.299999237060547,22.700000762939453,23.0,1036099
2024-10-17,23.200000762939453,23.89999961853028,23.049999237060547,23.450000762939453,902070
2024-10-18,23.89999961853028,23.89999961853028,23.14999961853028,23.299999237060547,719050
2024-10-21,23.200000762939453,23.549999237060547,22.5,23.350000381469727,1299058
2024-10-22,23.799999237060547,23.799999237060547,22.950000762939453,23.0,865000
2024-10-23,23.25,23.299999237060547,22.850000381469727,22.950000762939453,686000
2024-10-24,23.0,23.0,22.299999237060547,22.5,1005000
2024-10-25,22.549999237060547,22.75,21.850000381469727,22.100000381469727,1008863
2024-10-28,22.200000762939453,22.25,21.549999237060547,21.64999961853028,889173
2024-10-29,21.64999961853028,21.64999961853028,20.64999961853028,20.700000762939453,1406300
2024-10-30,20.75,20.89999961853028,19.700000762939453,20.14999961853028,1804000
2024-11-01,20.350000381469727,20.39999961853028,19.950000762939453,20.299999237060547,599100
2024-11-04,20.299999237060547,21.5,20.0,20.5,1008100
2024-11-05,20.5,22.299999237060547,20.5,21.700000762939453,1617000
2024-11-06,22.0,22.5,21.600000381469727,21.600000381469727,1431020
2024-11-07,21.600000381469727,22.299999237060547,21.350000381469727,21.600000381469727,873004
2024-11-08,21.75,21.850000381469727,21.299999237060547,21.600000381469727,734000
2024-11-11,21.700000762939453,21.700000762939453,20.0,20.5,1119000
2024-11-12,20.39999961853028,20.39999961853028,20.0,20.25,419105
2024-11-13,20.049999237060547,20.200000762939453,19.350000381469727,19.350000381469727,921000
2024-11-14,19.5,20.049999237060547,19.39999961853028,19.450000762939453,676000
2024-11-15,19.5,20.200000762939453,19.5,19.600000381469727,340000
2024-11-18,19.350000381469727,19.39999961853028,19.100000381469727,19.25,411000
2024-11-19,19.299999237060547,19.549999237060547,19.299999237060547,19.39999961853028,180000
2024-11-20,19.049999237060547,19.049999237060547,19.049999237060547,19.049999237060547,365304
2024-11-21,19.049999237060547,19.25,18.799999237060547,18.89999961853028,392000
2024-11-22,18.950000762939453,19.350000381469727,18.950000762939453,19.200000762939453,523000
2024-11-25,19.25,19.700000762939453,19.25,19.350000381469727,191145
2024-11-26,19.25,19.64999961853028,19.200000762939453,19.200000762939453,153245
2024-11-27,19.39999961853028,19.39999961853028,18.700000762939453,18.89999961853028,430000
2024-11-28,18.850000381469727,18.850000381469727,18.0,18.5,474000
2024-11-29,18.450000762939453,18.75,18.350000381469727,18.75,106061
2024-12-02,18.600000381469727,18.64999961853028,18.200000762939453,18.200000762939453,366195
2024-12-03,18.299999237060547,18.75,18.25,18.299999237060547,245000
2024-12-04,18.299999237060547,18.600000381469727,18.299999237060547,18.549999237060547,160342
2024-12-05,18.700000762939453,18.700000762939453,18.25,18.25,268000
2024-12-06,18.299999237060547,18.549999237060547,18.25,18.299999237060547,141000
2024-12-09,18.299999237060547,18.299999237060547,17.899999618530273,18.0,347045
2024-12-10,17.75,18.100000381469727,17.450000762939453,17.5,660020
2024-12-11,17.5,17.600000381469727,17.25,17.299999237060547,307000
2024-12-12,17.399999618530273,18.299999237060547,17.299999237060547,17.5,458000
2024-12-13,17.5,17.5,16.700000762939453,16.799999237060547,727020
2024-12-16,17.100000381469727,17.100000381469727,16.549999237060547,16.549999237060547,341000
2024-12-17,16.649999618530273,16.899999618530273,16.549999237060547,16.600000381469727,192000
2024-12-18,16.75,16.799999237060547,16.399999618530273,16.600000381469727,294000
2024-12-19,16.399999618530273,16.600000381469727,16.299999237060547,16.350000381469727,303000
2024-12-20,17.0,17.950000762939453,16.649999618530273,17.950000762939453,733000
2024-12-23,18.600000381469727,19.25,17.149999618530273,17.5,3232009
2024-12-24,17.600000381469727,17.950000762939453,16.899999618530273,17.149999618530273,861000
2024-12-25,17.149999618530273,17.549999237060547,17.100000381469727,17.25,392000
2024-12-26,17.350000381469727,17.799999237060547,17.149999618530273,17.200000762939453,439000
2024-12-27,17.350000381469727,17.450000762939453,17.049999237060547,17.100000381469727,336000
2024-12-30,17.049999237060547,17.350000381469727,17.049999237060547,17.200000762939453,204000
2024-12-31,17.149999618530273,17.149999618530273,16.799999237060547,16.899999618530273,183000
2025-01-02,16.850000381469727,17.0,16.700000762939453,17.0,188000
2025-01-03,17.0,17.0,16.399999618530273,16.399999618530273,343000
2025-01-06,16.350000381469727,16.600000381469727,16.299999237060547,16.350000381469727,222000
2025-01-07,16.600000381469727,16.600000381469727,16.149999618530273,16.200000762939453,270000
2025-01-08,16.200000762939453,16.200000762939453,15.800000190734863,15.850000381469728,457000
2025-01-09,15.350000381469728,15.649999618530272,15.149999618530272,15.149999618530272,814200
2025-01-10,16.649999618530273,16.649999618530273,16.649999618530273,16.649999618530273,260500
2025-01-13,18.299999237060547,18.299999237060547,17.149999618530273,17.149999618530273,2868000
2025-01-14,17.149999618530273,17.350000381469727,16.649999618530273,17.350000381469727,569000
2025-01-15,17.350000381469727,17.350000381469727,17.0,17.350000381469727,255000
2025-01-16,17.450000762939453,17.600000381469727,17.100000381469727,17.100000381469727,271000
2025-01-17,17.100000381469727,17.299999237060547,16.600000381469727,16.950000762939453,372000
2025-01-20,17.0,17.0,16.75,16.950000762939453,162000
2025-01-21,17.100000381469727,17.200000762939453,16.700000762939453,16.75,175150
2025-01-22,16.850000381469727,17.649999618530273,16.799999237060547,17.049999237060547,423000
2025-02-03,16.850000381469727,16.899999618530273,16.200000762939453,16.75,306000
2025-02-04,16.649999618530273,16.700000762939453,16.399999618530273,16.549999237060547,100395
2025-02-05,16.549999237060547,16.950000762939453,16.549999237060547,16.799999237060547,167000
2025-02-06,16.850000381469727,17.5,16.799999237060547,17.200000762939453,243000
2025-02-07,17.200000762939453,17.75,17.149999618530273,17.399999618530273,171201
2025-02-10,16.75,17.450000762939453,16.75,17.200000762939453,210000
2025-02-11,17.25,17.25,17.0,17.149999618530273,94000
2025-02-12,17.25,17.450000762939453,17.049999237060547,17.149999618530273,164000
2025-02-13,17.299999237060547,17.75,17.299999237060547,17.600000381469727,324000
2025-02-14,17.5,17.950000762939453,17.5,17.850000381469727,179000
2025-02-17,17.850000381469727,17.850000381469727,17.549999237060547,17.799999237060547,138000
2025-02-18,18.0,18.39999961853028,17.600000381469727,17.700000762939453,247000
2025-02-19,17.799999237060547,18.450000762939453,17.799999237060547,18.0,388000
2025-02-20,18.049999237060547,18.049999237060547,17.5,17.649999618530273,263000
2025-02-21,17.799999237060547,18.0,17.649999618530273,17.799999237060547,285000
2025-02-24,17.799999237060547,18.100000381469727,17.799999237060547,18.0,157000
2025-02-25,18.049999237060547,18.049999237060547,17.75,17.75,131000
2025-02-26,17.700000762939453,17.799999237060547,17.549999237060547,17.600000381469727,267020
2025-02-27,17.600000381469727,17.799999237060547,17.399999618530273,17.450000762939453,322020
2025-03-03,17.200000762939453,17.25,16.799999237060547,17.049999237060547,241000
2025-03-04,16.899999618530273,17.399999618530273,16.799999237060547,17.25,153000
2025-03-05,17.25,17.350000381469727,17.0,17.100000381469727,200000
2025-03-06,17.049999237060547,17.100000381469727,16.850000381469727,17.0,201000
2025-03-07,16.799999237060547,17.100000381469727,16.649999618530273,16.649999618530273,390000
2025-03-10,16.649999618530273,16.899999618530273,16.549999237060547,16.799999237060547,165542
2025-03-11,16.299999237060547,16.399999618530273,15.899999618530272,16.100000381469727,424000
2025-03-12,16.100000381469727,16.5,16.100000381469727,16.299999237060547,143000
2025-03-13,16.399999618530273,16.450000762939453,15.800000190734863,15.800000190734863,269000
2025-03-14,15.800000190734863,15.949999809265137,15.649999618530272,15.800000190734863,202000
2025-03-17,15.949999809265137,16.049999237060547,15.850000381469728,15.949999809265137,71001
2025-03-18,16.450000762939453,16.450000762939453,15.899999618530272,15.949999809265137,119002
2025-03-19,15.949999809265137,16.0,15.649999618530272,15.649999618530272,224001
2025-03-20,15.800000190734863,15.899999618530272,15.75,15.800000190734863,109000
2025-03-21,15.800000190734863,16.100000381469727,15.800000190734863,15.899999618530272,146000
2025-03-24,15.899999618530272,16.0,15.699999809265137,15.699999809265137,144000
2025-03-25,15.699999809265137,16.200000762939453,15.699999809265137,15.850000381469728,168000
2025-03-26,16.0,16.0,15.800000190734863,15.800000190734863,67000
2025-03-27,15.699999809265137,15.75,15.649999618530272,15.699999809265137,75000
2025-03-28,15.550000190734863,15.600000381469728,14.149999618530272,14.149999618530272,1538000
2025-03-31,13.149999618530272,13.649999618530272,13.0,13.25,909150
2025-04-01,13.5,13.949999809265137,13.399999618530272,13.800000190734863,238000
2025-04-02,14.0,14.050000190734863,13.699999809265137,13.800000190734863,119001
2025-04-07,12.449999809265137,12.449999809265137,12.449999809265137,12.449999809265137,46200
2025-04-08,11.25,11.449999809265137,11.25,11.25,500240
2025-04-09,10.699999809265137,10.699999809265137,10.149999618530272,10.149999618530272,350117
2025-04-10,10.550000190734863,11.100000381469728,10.550000190734863,10.600000381469728,1464000
2025-04-11,10.0,10.0,9.539999961853027,9.989999771118164,1181000
2025-04-14,10.899999618530272,10.949999809265137,10.5,10.75,641400
2025-04-15,11.100000381469728,11.800000190734863,11.100000381469728,11.800000190734863,431000
2025-04-16,12.949999809265137,12.949999809265137,12.949999809265137,12.949999809265137,274000
2025-04-17,13.649999618530272,13.899999618530272,12.050000190734863,13.0,2573000
2025-04-18,13.0,13.199999809265137,12.649999618530272,12.75,462000
2025-04-21,12.699999809265137,13.0,12.050000190734863,12.050000190734863,351000
2025-04-22,12.100000381469728,12.300000190734863,11.949999809265137,12.050000190734863,259454
2025-04-23,12.300000190734863,12.5,12.199999809265137,12.199999809265137,281130
2025-04-24,12.449999809265137,13.399999618530272,12.449999809265137,13.399999618530272,729000
2025-04-25,14.0,14.199999809265137,13.149999618530272,13.199999809265137,2300002
2025-04-28,13.5,13.5,13.100000381469728,13.350000381469728,284000
2025-04-29,13.399999618530272,13.800000190734863,13.199999809265137,13.550000190734863,476000
2025-04-30,13.699999809265137,13.899999618530272,13.25,13.300000190734863,468000
2025-05-02,13.550000190734863,13.550000190734863,13.25,13.449999809265137,214000
2025-05-05,13.350000381469728,13.350000381469728,12.300000190734863,12.5,462000
2025-05-06,12.350000381469728,12.75,12.350000381469728,12.649999618530272,120000
2025-05-07,12.449999809265137,12.550000190734863,12.350000381469728,12.449999809265137,74000
2025-05-08,12.699999809265137,12.899999618530272,12.649999618530272,12.800000190734863,139030
2025-05-09,13.0,13.149999618530272,12.699999809265137,13.0,225000
2025-05-12,13.0,13.25,13.0,13.149999618530272,109100
2025-05-13,13.600000381469728,13.600000381469728,13.050000190734863,13.100000381469728,190001
2025-05-14,13.100000381469728,13.350000381469728,13.100000381469728,13.149999618530272,81000
2025-05-15,13.100000381469728,13.199999809265137,12.949999809265137,13.100000381469728,93026
2025-05-16,13.199999809265137,13.199999809265137,12.850000381469728,12.850000381469728,92000
2025-05-19,12.800000190734863,12.800000190734863,12.600000381469728,12.75,107100
2025-05-20,13.100000381469728,13.100000381469728,12.5,12.800000190734863,113000
2025-05-21,12.800000190734863,12.800000190734863,12.600000381469728,12.800000190734863,53000
2025-05-22,12.5,12.699999809265137,12.399999618530272,12.550000190734863,95000
2025-05-23,12.75,13.0,12.449999809265137,12.449999809265137,134100
2025-05-26,12.449999809265137,12.5,12.350000381469728,12.350000381469728,53000
2025-05-27,12.350000381469728,12.350000381469728,11.850000381469728,11.899999618530272,182000
2025-05-28,12.0,12.050000190734863,11.699999809265137,11.699999809265137,123000
2025-05-29,11.699999809265137,11.800000190734863,11.699999809265137,11.75,71000
2025-06-02,11.699999809265137,11.699999809265137,11.0,11.100000381469728,156186
2025-06-03,11.199999809265137,11.300000190734863,10.949999809265137,10.949999809265137,82128
2025-06-04,11.0,11.25,11.0,11.199999809265137,125000
2025-06-05,11.199999809265137,12.300000190734863,11.199999809265137,11.850000381469728,489000
2025-06-06,12.100000381469728,12.100000381469728,11.550000190734863,11.649999618530272,141000
2025-06-09,11.649999618530272,11.649999618530272,11.399999618530272,11.600000381469728,95000
2025-06-10,11.5,11.899999618530272,11.5,11.649999618530272,159148
2025-06-11,11.75,11.75,11.399999618530272,11.5,179050
2025-06-12,11.5,11.550000190734863,11.399999618530272,11.399999618530272,82000
2025-06-13,11.399999618530272,11.399999618530272,11.199999809265137,11.25,152000
2025-06-16,11.600000381469728,12.350000381469728,11.600000381469728,12.350000381469728,1141000
2025-06-17,12.149999618530272,13.350000381469728,11.75,12.0,2207100
2025-06-18,12.050000190734863,12.149999618530272,11.850000381469728,11.850000381469728,491050
2025-06-19,11.949999809265137,12.5,11.649999618530272,11.850000381469728,659000
2025-06-20,11.899999618530272,11.949999809265137,11.5,11.75,188000
2025-06-23,11.350000381469728,11.75,11.300000190734863,11.350000381469728,182000
2025-06-24,11.649999618530272,11.899999618530272,11.550000190734863,11.75,182070
2025-06-25,11.800000190734863,11.850000381469728,11.550000190734863,11.550000190734863,119000
2025-06-26,11.699999809265137,12.699999809265137,11.5,12.100000381469728,1512025
2025-06-27,12.0,12.449999809265137,12.0,12.149999618530272,337000
2025-06-30,12.449999809265137,12.449999809265137,11.800000190734863,11.850000381469728,190000
2025-07-01,11.850000381469728,12.0,11.850000381469728,11.949999809265137,146000
2025-07-02,11.899999618530272,12.100000381469728,11.850000381469728,11.850000381469728,79000
2025-07-03,11.949999809265137,12.149999618530272,11.949999809265137,12.050000190734863,111000
2025-07-04,12.149999618530272,12.350000381469728,11.850000381469728,12.050000190734863,360001
2025-07-07,12.75,12.75,11.899999618530272,11.899999618530272,527000
2025-07-08,11.899999618530272,12.0,11.5,11.550000190734863,255000
2025-07-09,11.550000190734863,11.649999618530272,11.5,11.600000381469728,55000
2025-07-10,11.75,11.75,11.449999809265137,11.5,109000
2025-07-11,11.699999809265137,11.899999618530272,11.5,11.649999618530272,255000
2025-07-14,11.699999809265137,11.850000381469728,11.25,11.300000190734863,192000
2025-07-15,11.350000381469728,11.449999809265137,11.149999618530272,11.199999809265137,152700
2025-07-16,11.25,11.300000190734863,11.149999618530272,11.199999809265137,145000
2025-07-17,11.350000381469728,11.399999618530272,11.199999809265137,11.350000381469728,167000
2025-07-18,11.600000381469728,11.600000381469728,11.149999618530272,11.199999809265137,151000
2025-07-21,11.199999809265137,11.350000381469728,11.100000381469728,11.199999809265137,104000
2025-07-22,11.199999809265137,11.350000381469728,10.899999618530272,10.899999618530272,305000
2025-07-23,10.949999809265137,11.149999618530272,10.949999809265137,11.050000190734863,88000
2025-07-24,11.100000381469728,11.100000381469728,10.949999809265137,10.949999809265137,89000
2025-07-25,11.0,11.050000190734863,10.949999809265137,10.949999809265137,58000
2025-07-28,10.949999809265137,11.0,10.850000381469728,10.850000381469728,78000
2025-07-29,10.899999618530272,11.0,10.649999618530272,10.649999618530272,103000
2025-07-30,10.649999618530272,10.699999809265137,10.550000190734863,10.649999618530272,171000
2025-07-31,10.600000381469728,10.649999618530272,10.149999618530272,10.199999809265137,297000
2025-08-04,10.100000381469728,10.5,10.100000381469728,10.399999618530272,184000
2025-08-05,10.649999618530272,10.649999618530272,10.449999809265137,10.449999809265137,159000
2025-08-06,10.449999809265137,10.5,10.350000381469728,10.399999618530272,47039
2025-08-07,10.5,10.5,10.300000190734863,10.300000190734863,137000
2025-08-08,10.449999809265137,10.449999809265137,10.25,10.449999809265137,73050
2025-08-11,10.449999809265137,10.5,10.300000190734863,10.300000190734863,77000
2025-08-12,10.399999618530272,10.399999618530272,10.199999809265137,10.25,80000
2025-08-13,10.300000190734863,10.75,10.25,10.350000381469728,229000
2025-08-14,10.5,10.600000381469728,10.300000190734863,10.300000190734863,185000
2025-08-15,11.0,11.0,10.449999809265137,10.600000381469728,542000
2025-08-18,10.600000381469728,10.699999809265137,10.449999809265137,10.550000190734863,144000
2025-08-19,10.5,11.600000381469728,10.5,11.600000381469728,624201
2025-08-20,12.0,12.050000190734863,11.0,11.0,1065009
2025-08-21,11.300000190734863,11.399999618530272,11.0,11.300000190734863,243000
2025-08-22,11.449999809265137,11.449999809265137,10.949999809265137,11.050000190734863,190000
2025-08-25,11.0,11.199999809265137,10.850000381469728,10.949999809265137,276000
2025-08-26,11.050000190734863,11.050000190734863,10.850000381469728,11.0,72000
2025-08-27,12.100000381469728,12.100000381469728,12.100000381469728,12.100000381469728,422000
2025-08-28,12.100000381469728,12.5,11.800000190734863,11.800000190734863,1416000
2025-08-29,12.850000381469728,12.949999809265137,12.850000381469728,12.949999809265137,727009
2025-09-01,14.0,14.199999809265137,13.699999809265137,14.199999809265137,1673000
2025-09-02,15.600000381469728,15.600000381469728,15.449999809265137,15.600000381469728,775015
2025-09-03,16.100000381469727,16.100000381469727,14.050000190734863,14.050000190734863,2464658
2025-09-04,13.949999809265137,14.600000381469728,13.5,14.25,2321001
2025-09-05,13.949999809265137,14.0,13.199999809265137,13.300000190734863,1184025
2025-09-08,13.600000381469728,13.899999618530272,13.300000190734863,13.399999618530272,564000
2025-09-09,13.449999809265137,13.449999809265137,12.600000381469728,12.699999809265137,824000
2025-09-10,12.5,12.600000381469728,11.649999618530272,12.149999618530272,961000
2025-09-11,12.149999618530272,12.350000381469728,11.649999618530272,11.75,477050
2025-09-12,11.800000190734863,12.050000190734863,11.800000190734863,11.899999618530272,352000
2025-09-15,12.0,12.050000190734863,11.5,11.699999809265137,227000
2025-09-16,11.550000190734863,11.75,11.550000190734863,11.649999618530272,200000
2025-09-17,11.5,12.050000190734863,11.5,11.699999809265137,175000
2025-09-18,11.550000190734863,12.050000190734863,11.550000190734863,11.899999618530272,705000
2025-09-19,11.899999618530272,11.899999618530272,11.699999809265137,11.850000381469728,565432
2025-09-22,12.0,12.050000190734863,11.850000381469728,11.850000381469728,310000
2025-09-23,12.0,12.100000381469728,11.800000190734863,11.800000190734863,284090
2025-09-24,11.949999809265137,12.5,11.899999618530272,12.050000190734863,274000
2025-09-25,12.050000190734863,12.300000190734863,11.949999809265137,12.050000190734863,176050
2025-09-26,12.100000381469728,12.100000381469728,11.75,11.850000381469728,219000
2025-09-30,12.0,12.050000190734863,11.850000381469728,11.850000381469728,127000
2025-10-01,12.0,12.0,11.800000190734863,11.949999809265137,84257
2025-10-02,12.0,12.0,11.800000190734863,11.800000190734863,132000
2025-10-03,11.850000381469728,11.949999809265137,11.800000190734863,11.850000381469728,58000
2025-10-07,12.050000190734863,12.199999809265137,11.899999618530272,12.0,198000
2025-10-08,11.899999618530272,12.0,11.850000381469728,11.899999618530272,76000
2025-10-09,11.850000381469728,11.949999809265137,11.75,11.800000190734863,113000
2025-10-13,11.75,12.949999809265137,11.75,12.949999809265137,1313119
2025-10-14,13.0,13.75,12.899999618530272,13.0,1018050
2025-10-15,12.800000190734863,12.800000190734863,12.399999618530272,12.5,349000
2025-10-16,12.399999618530272,12.600000381469728,12.300000190734863,12.350000381469728,223000
2025-10-17,12.350000381469728,12.550000190734863,12.199999809265137,12.300000190734863,179000
2025-10-20,12.149999618530272,12.649999618530272,12.100000381469728,12.449999809265137,226000
2025-10-21,12.5,12.600000381469728,12.25,12.300000190734863,151000
2025-10-22,12.300000190734863,12.600000381469728,12.25,12.399999618530272,121100
2025-10-23,12.399999618530272,12.5,12.25,12.25,76000
2025-10-27,12.25,12.300000190734863,12.050000190734863,12.100000381469728,157135
2025-10-28,12.100000381469728,12.300000190734863,12.100000381469728,12.100000381469728,62000
2025-10-29,12.149999618530272,12.199999809265137,11.949999809265137,12.050000190734863,188000
2025-10-30,12.25,12.25,12.0,12.100000381469728,122000
2025-10-31,12.149999618530272,12.5,12.0,12.350000381469728,124000
2025-11-03,12.350000381469728,12.5,12.199999809265137,12.350000381469728,157292
2025-11-04,12.5,12.5,12.100000381469728,12.100000381469728,133348
2025-11-05,12.100000381469728,12.300000190734863,12.050000190734863,12.149999618530272,114000
2025-11-06,12.25,12.300000190734863,12.149999618530272,12.149999618530272,133000
2025-11-07,12.0,12.0,11.75,11.800000190734863,918000
2025-11-10,12.0,12.0,11.75,11.75,65000
2025-11-11,11.75,11.800000190734863,11.699999809265137,11.699999809265137,42786
2025-11-12,11.75,11.75,11.5,11.550000190734863,392168
2025-11-13,11.350000381469728,11.399999618530272,11.149999618530272,11.25,446000
2025-11-14,11.0,11.199999809265137,11.0,11.100000381469728,342000
2025-11-17,10.949999809265137,11.100000381469728,10.850000381469728,10.850000381469728,212374
2025-11-18,10.850000381469728,11.100000381469728,10.75,10.75,146000
2025-11-19,10.75,10.850000381469728,10.699999809265137,10.75,50000
2025-11-20,10.75,10.850000381469728,10.75,10.75,50000
2025-11-21,10.699999809265137,10.800000190734863,10.5,10.550000190734863,249000
2025-11-24,10.5,10.800000190734863,10.5,10.550000190734863,45000
2025-11-25,10.600000381469728,11.149999618530272,10.600000381469728,11.149999618530272,92000
2025-11-26,10.899999618530272,11.100000381469728,10.899999618530272,11.100000381469728,24000
2025-11-27,10.949999809265137,11.0,10.850000381469728,11.0,87000
2025-11-28,11.050000190734863,11.149999618530272,10.949999809265137,11.0,54000
2025-12-01,11.0,11.0,10.800000190734863,10.949999809265137,50348
2025-12-02,10.949999809265137,10.949999809265137,10.850000381469728,10.899999618530272,30000
2025-12-03,10.899999618530272,11.050000190734863,10.850000381469728,10.850000381469728,69000
2025-12-04,11.100000381469728,11.5,11.0,11.0,109000
2025-12-05,10.850000381469728,11.149999618530272,10.850000381469728,11.0,47000
2025-12-08,10.899999618530272,11.25,10.899999618530272,10.949999809265137,76000
2025-12-09,10.899999618530272,11.149999618530272,10.899999618530272,10.949999809265137,145520
2025-12-10,11.600000381469728,12.0,11.300000190734863,12.0,420000
2025-12-11,11.699999809265137,12.0,11.449999809265137,11.550000190734863,452000
2025-12-12,11.850000381469728,12.300000190734863,11.699999809265137,11.850000381469728,406000
2025-12-15,11.649999618530272,12.050000190734863,11.5,11.5,253000
2025-12-16,11.550000190734863,11.949999809265137,11.550000190734863,11.850000381469728,125000
2025-12-17,11.850000381469728,11.949999809265137,11.5,11.649999618530272,185000
2025-12-18,11.449999809265137,11.800000190734863,11.449999809265137,11.699999809265137,115000
2025-12-19,11.850000381469728,11.850000381469728,11.550000190734863,11.649999618530272,83000
2025-12-22,11.600000381469728,11.800000190734863,11.600000381469728,11.699999809265137,71000
2025-12-23,11.800000190734863,11.800000190734863,11.550000190734863,11.600000381469728,110000
2025-12-24,11.600000381469728,11.699999809265137,11.550000190734863,11.600000381469728,50000
2025-12-26,11.649999618530272,11.899999618530272,11.649999618530272,11.800000190734863,147300
2025-12-29,11.600000381469728,11.899999618530272,11.600000381469728,11.699999809265137,92696
2025-12-30,11.600000381469728,11.600000381469728,11.399999618530272,11.550000190734863,155000
2025-12-31,11.399999618530272,11.550000190734863,11.399999618530272,11.449999809265137,89000
2026-01-02,11.449999809265137,11.550000190734863,11.399999618530272,11.449999809265137,74000
2026-01-05,11.449999809265137,11.449999809265137,11.300000190734863,11.300000190734863,160000
2026-01-06,11.300000190734863,11.399999618530272,11.199999809265137,11.350000381469728,138000
2026-01-07,11.350000381469728,11.350000381469728,11.149999618530272,11.25,192000
2026-01-08,11.350000381469728,11.5,11.25,11.399999618530272,104000
2026-01-09,11.5,11.5,11.199999809265137,11.449999809265137,160000
2026-01-12,11.550000190734863,11.550000190734863,11.25,11.399999618530272,155000
2026-01-13,11.649999618530272,11.699999809265137,11.199999809265137,11.25,208005
2026-01-14,11.25,11.300000190734863,11.050000190734863,11.25,165009
2026-01-15,11.25,11.350000381469728,11.199999809265137,11.300000190734863,92000
2026-01-16,11.300000190734863,11.850000381469728,11.300000190734863,11.800000190734863,550000
2026-01-19,12.0,12.25,11.850000381469728,12.0,505000
2026-01-20,11.899999618530272,11.899999618530272,11.399999618530272,11.600000381469728,368000
2026-01-21,11.5,11.5,11.199999809265137,11.25,279000
2026-01-22,11.399999618530272,11.449999809265137,11.25,11.399999618530272,170000
2026-01-23,11.5,11.5,11.199999809265137,11.300000190734863,162000
2026-01-26,11.350000381469728,11.399999618530272,11.149999618530272,11.350000381469728,160000
2026-01-27,11.449999809265137,12.100000381469728,11.350000381469728,11.699999809265137,437000
2026-01-28,11.699999809265137,11.850000381469728,11.399999618530272,11.550000190734863,307000
2026-01-29,11.550000190734863,11.550000190734863,11.300000190734863,11.449999809265137,143000
2026-01-30,11.449999809265137,11.449999809265137,11.149999618530272,11.350000381469728,233000
2026-02-02,11.100000381469728,11.350000381469728,11.100000381469728,11.350000381469728,96003
2026-02-03,10.600000381469728,11.5,10.600000381469728,11.300000190734863,151000
2026-02-04,11.300000190734863,11.699999809265137,11.300000190734863,11.699999809265137,198000
2026-02-05,11.649999618530272,11.949999809265137,11.600000381469728,11.699999809265137,253000
2026-02-06,11.649999618530272,11.699999809265137,11.5,11.600000381469728,161000
2026-02-09,11.449999809265137,11.649999618530272,11.449999809265137,11.550000190734863,37000
2026-02-10,11.600000381469728,11.850000381469728,11.600000381469728,11.649999618530272,224000
2026-02-11,11.600000381469728,11.850000381469728,11.600000381469728,11.850000381469728,189095
2026-02-23,12.0,12.199999809265137,11.899999618530272,12.199999809265137,583140
2026-02-24,12.199999809265137,12.199999809265137,12.050000190734863,12.149999618530272,333500
2026-02-25,12.199999809265137,12.199999809265137,12.0,12.050000190734863,212348
2026-02-26,11.850000381469728,12.199999809265137,11.850000381469728,12.199999809265137,194000
2026-03-02,12.199999809265137,12.199999809265137,11.899999618530272,12.050000190734863,414183
2026-03-03,12.050000190734863,12.100000381469728,11.800000190734863,11.850000381469728,286125
2026-03-04,11.75,11.899999618530272,11.649999618530272,11.800000190734863,221000
2026-03-05,11.800000190734863,11.949999809265137,11.699999809265137,11.949999809265137,475146
2026-03-06,11.949999809265137,12.0,11.899999618530272,11.899999618530272,346000
2026-03-09,11.800000190734863,11.800000190734863,11.5,11.550000190734863,492000
2026-03-10,12.699999809265137,12.699999809265137,12.699999809265137,12.699999809265137,387135
2026-03-11,13.949999809265137,13.949999809265137,13.949999809265137,13.949999809265137,608354
2026-03-12,15.300000190734863,15.300000190734863,15.300000190734863,15.300000190734863,854000
2026-03-13,16.799999237060547,16.799999237060547,15.0,15.600000381469728,3610240
2026-03-16,16.850000381469727,17.149999618530273,15.899999618530272,17.149999618530273,2063301
2026-03-17,18.850000381469727,18.850000381469727,18.850000381469727,18.850000381469727,717300
2026-03-18,20.700000762939453,20.700000762939453,19.5,20.5,5306118
2026-03-19,19.200000762939453,20.0,18.549999237060547,19.700000762939453,2210176
2026-03-20,19.799999237060547,20.39999961853028,19.350000381469727,19.5,892000
2026-03-23,18.5,19.0,18.0,19.0,780003
2026-03-24,19.75,19.75,18.850000381469727,19.350000381469727,517000
2026-03-25,20.0,20.850000381469727,20.0,20.75,1183231
2026-03-26,20.64999961853028,20.799999237060547,20.299999237060547,20.64999961853028,831006
2026-03-27,20.0,20.850000381469727,20.0,20.850000381469727,788070
2026-03-30,20.100000381469727,22.89999961853028,20.100000381469727,22.89999961853028,1650400
2026-03-31,22.5,22.5,21.0,21.799999237060547,1100141
2026-04-01,21.200000762939453,22.75,21.200000762939453,22.049999237060547,840640
2026-04-02,22.049999237060547,22.049999237060547,19.850000381469727,19.89999961853028,1961010
2026-04-07,19.64999961853028,21.299999237060547,18.549999237060547,20.89999961853028,1560760
2026-04-08,21.0,21.450000762939453,20.25,20.600000381469727,1010623
2026-04-09,21.0,22.64999961853028,20.799999237060547,22.64999961853028,1762348
2026-04-10,24.100000381469727,24.600000381469727,21.950000762939453,22.450000762939453,4211010
2026-04-13,22.100000381469727,23.64999961853028,21.89999961853028,22.950000762939453,1215548
2026-04-14,22.950000762939453,24.0,22.89999961853028,23.0,1178050
2026-04-15,23.600000381469727,23.799999237060547,22.350000381469727,23.049999237060547,1135000
2026-04-16,23.200000762939453,23.850000381469727,23.0,23.200000762939453,927696
2026-04-17,23.200000762939453,24.0,22.600000381469727,23.600000381469727,1062441
2026-04-20,23.5,23.600000381469727,22.0,22.14999961853028,1287327
2026-04-21,22.350000381469727,23.450000762939453,22.25,23.200000762939453,974000
2026-04-22,23.200000762939453,23.89999961853028,22.799999237060547,23.64999961853028,910118
2026-04-23,23.850000381469727,24.25,23.049999237060547,24.0,1470650
2026-04-24,24.450000762939453,26.200000762939453,23.25,24.25,1943320
2026-04-27,24.450000762939453,25.25,23.89999961853028,24.950000762939453,1369675
2026-04-28,25.0,27.39999961853028,25.0,27.39999961853028,3391208
2026-04-29,27.14999961853028,28.799999237060547,26.950000762939453,28.200000762939453,3854795
2026-04-30,28.5,28.799999237060547,27.049999237060547,27.25,2161020
2026-05-04,28.5,28.549999237060547,24.549999237060547,24.75,4040000
2026-05-05,24.75,26.39999961853028,24.700000762939453,26.0,1678816
2026-05-06,26.100000381469727,26.549999237060547,25.299999237060547,26.39999961853028,925100
2026-05-07,26.5,26.950000762939453,25.700000762939453,26.39999961853028,1160000
2026-05-08,23.799999237060547,23.799999237060547,23.799999237060547,23.799999237060547,2027500
2026-05-11,23.200000762939453,23.200000762939453,21.450000762939453,21.64999961853028,3145356
2026-05-12,21.64999961853028,22.799999237060547,21.049999237060547,22.200000762939453,1430030
2026-05-13,22.700000762939453,22.700000762939453,21.700000762939453,21.700000762939453,613100
2026-05-14,21.950000762939453,21.950000762939453,21.0,21.0,725012
2026-05-15,21.39999961853028,21.75,20.89999961853028,21.200000762939453,525000
2026-05-18,21.299999237060547,22.64999961853028,20.950000762939453,21.700000762939453,874076
2026-05-19,21.850000381469727,22.350000381469727,21.5,21.600000381469727,531166
2026-05-20,21.549999237060547,21.950000762939453,20.89999961853028,20.89999961853028,598000
2026-05-21,21.64999961853028,22.0,20.950000762939453,22.0,897040
2026-05-22,22.450000762939453,22.950000762939453,22.200000762939453,22.799999237060547,626000
2026-05-25,22.799999237060547,23.5,22.14999961853028,23.5,951343
2026-05-26,23.549999237060547,24.0,23.0,23.5,608199
2026-05-27,23.89999961853028,24.200000762939453,23.5,23.75,488599
2026-05-28,24.049999237060547,25.950000762939453,24.049999237060547,24.850000381469727,1535053
2026-05-29,24.850000381469727,27.299999237060547,24.850000381469727,27.299999237060547,2431083
2026-06-01,27.299999237060547,30.0,27.200000762939453,29.950000762939453,3582000
2026-06-02,29.350000381469727,29.450000762939453,27.100000381469727,28.0,3038129
2026-06-03,27.950000762939453,28.100000381469727,26.350000381469727,27.0,1115459
2026-06-04,28.0,29.700000762939453,27.25,29.64999961853028,4005199
2026-06-05,27.549999237060547,29.100000381469727,27.549999237060547,28.049999237060547,1840149
2026-06-08,25.25,27.950000762939453,25.25,27.75,1970000
2026-06-09,27.850000381469727,28.5,27.5,28.5,989040
2026-06-10,28.0,31.200000762939453,28.0,30.799999237060547,2117340
2026-06-11,30.799999237060547,33.849998474121094,30.299999237060547,33.849998474121094,4366000
2026-06-12,34.45000076293945,37.20000076293945,34.099998474121094,37.20000076293945,3736164
2026-06-15,39.29999923706055,40.900001525878906,39.0,40.900001525878906,3088003
2026-06-16,44.79999923706055,44.95000076293945,44.04999923706055,44.95000076293945,3104140
2026-06-17,43.5,48.20000076293945,42.650001525878906,47.0,2206098
2026-06-18,49.0,51.70000076293945,49.0,51.70000076293945,1602365
2026-06-22,50.0,50.0,46.54999923706055,46.54999923706055,2288454
2026-06-23,45.59999847412109,46.54999923706055,42.84999847412109,46.54999923706055,1078143
2026-06-24,46.400001525878906,51.20000076293945,46.400001525878906,51.0,707854
2026-06-25,53.5,56.0,53.5,55.5,662292
2026-06-26,60.900001525878906,60.900001525878906,53.0,53.0,667803
2026-06-29,50.09999847412109,56.59999847412109,50.09999847412109,53.20000076293945,319198
2026-06-30,56.79999923706055,57.0,54.29999923706055,57.0,410007
2026-07-01,59.09999847412109,62.5,59.09999847412109,62.0,645240
2026-07-02,63.900001525878906,63.900001525878906,60.5,62.70000076293945,316440
2026-07-03,62.70000076293945,66.0,61.0,65.9000015258789,397831
2026-07-06,67.80000305175781,67.80000305175781,65.5,66.0,347000
2026-07-07,64.0,64.0,59.400001525878906,59.400001525878906,1957112
2026-07-08,54.09999847412109,55.29999923706055,53.5,53.5,1735065
2026-07-09,51.0,56.09999847412109,49.0,51.0,2001277
2026-07-10,51.0,51.0,51.0,51.0,0
2026-07-13,50.900001525878906,53.59999847412109,49.29999923706055,49.900001525878906,1432025
2026-07-14,48.59999847412109,51.70000076293945,47.650001525878906,51.20000076293945,1361245
2026-07-15,51.29999923706055,52.5,49.54999923706055,51.20000076293945,566016
2026-07-16,51.29999923706055,54.900001525878906,51.0,53.0,711028
2026-07-17,51.900001525878906,54.5,51.59999847412109,52.0,767130
2026-07-20,50.59999847412109,52.900001525878906,48.5,51.79999923706055,829019
2026-07-21,52.0,54.59999847412109,52.0,53.59999847412109,445020
2026-07-22,55.0,55.0,51.5,52.20000076293945,525019
2026-07-23,52.20000076293945,57.400001525878906,52.20000076293945,54.400001525878906,1029018
2026-07-24,53.0,53.0,49.25,50.400001525878906,1008000
2026-07-27,50.0,50.400001525878906,47.400001525878906,48.0,508319
2026-07-28,47.95000076293945,47.95000076293945,45.95000076293945,47.29999923706055,410000
2026-07-29,48.84999847412109,48.84999847412109,42.650001525878906,44.25,806003
2026-07-30,45.29999923706055,45.900001525878906,39.84999847412109,39.84999847412109,1050300
2026-07-31,40.45000076293945,42.54999923706055,40.45000076293945,41.54999923706055,633001
2026-08-03,41.84999847412109,44.20000076293945,41.54999923706055,43.20000076293945,377000
2026-08-04,43.34999847412109,45.20000076293945,42.400001525878906,43.29999923706055,268010
2026-08-05,44.0,44.5,42.59999847412109,43.400001525878906,246000
2026-08-06,43.29999923706055,43.45000076293945,41.900001525878906,42.900001525878906,165006
2026-08-07,43.54999923706055,43.54999923706055,39.29999923706055,40.04999923706055,444000
2026-08-10,40.04999923706055,41.70000076293945,39.70000076293945,40.59999847412109,203001
2026-08-11,39.650001525878906,40.59999847412109,39.34999847412109,40.29999923706055,194000
2026-08-12,41.0,41.0,40.09999847412109,41.0,135000
2026-08-13,41.59999847412109,41.59999847412109,39.5,39.70000076293945,310000
2026-08-14,40.20000076293945,40.400001525878906,39.5,39.70000076293945,257308
2026-08-17,40.34999847412109,42.95000076293945,39.650001525878906,40.0,339020
2026-08-18,41.0,41.0,39.04999923706055,39.75,159000
2026-08-19,39.75,41.5,39.5,40.0,167017
2026-08-20,40.0,41.75,40.0,40.09999847412109,170000
2026-08-21,40.09999847412109,40.75,39.900001525878906,40.09999847412109,111030
2026-08-24,40.09999847412109,40.5,39.75,39.75,99000
2026-08-25,40.0,41.34999847412109,39.20000076293945,41.04999923706055,190032
2026-08-26,40.25,41.84999847412109,40.09999847412109,41.400001525878906,157001
2026-08-27,41.75,43.59999847412109,40.400001525878906,42.650001525878906,280007
2026-08-28,42.900001525878906,44.09999847412109,41.25,41.34999847412109,234002
2026-08-31,41.5,42.59999847412109,41.0,42.0,124000
2026-09-01,42.04999923706055,46.20000076293945,42.0,46.20000076293945,352016
2026-09-02,47.0,48.0,42.650001525878906,42.900001525878906,978011
2026-09-03,42.900001525878906,45.20000076293945,42.900001525878906,43.900001525878906,252000
2026-09-04,44.5,46.5,43.84999847412109,46.0,299099
2026-09-07,47.0,47.09999847412109,44.900001525878906,45.25,271000
2026-09-08,45.34999847412109,46.95000076293945,44.900001525878906,45.45000076293945,169001
2026-09-09,46.29999923706055,49.95000076293945,45.70000076293945,49.95000076293945,485057
2026-09-10,49.0,50.79999923706055,47.400001525878906,48.5,639000
2026-09-11,48.0,51.20000076293945,48.0,50.0,634049
2026-09-14,50.0,50.0,47.59999847412109,47.59999847412109,410526
2026-09-15,47.84999847412109,48.0,47.150001525878906,47.45000076293945,126021
2026-09-16,47.95000076293945,48.25,47.59999847412109,47.84999847412109,83000
2026-09-17,48.75,49.09999847412109,47.20000076293945,49.04999923706055,226002
2026-09-18,48.79999923706055,49.95000076293945,48.79999923706055,49.09999847412109,109001
2026-09-21,49.79999923706055,54.0,49.400001525878906,54.0,757002
2026-09-22,54.59999847412109,56.0,51.79999923706055,52.59999847412109,595001
2026-09-23,53.29999923706055,53.29999923706055,51.0,51.29999923706055,200002
2026-09-24,51.0,51.0,50.0,50.20000076293945,181032
2026-09-29,49.95000076293945,51.900001525878906,49.70000076293945,50.5,120000
2026-09-30,50.70000076293945,53.0,50.20000076293945,52.59999847412109,252003
2026-10-01,52.59999847412109,53.5,51.900001525878906,52.20000076293945,133001
2026-10-02,52.70000076293945,54.5,52.0,52.79999923706055,330020
2026-10-05,53.0,56.79999923706055,52.29999923706055,54.5,454002
2026-10-06,55.29999923706055,58.0,54.400001525878906,57.29999923706055,611774
