date,open,high,low,close,volume
2020-01-02,66.5,66.69999694824219,66.19999694824219,66.30000305175781,1846627
2020-01-03,66.4000015258789,67.0,66.30000305175781,66.5999984741211,2495154
2020-01-06,66.0,66.0,65.0,65.30000305175781,2654779
2020-01-07,65.30000305175781,65.80000305175781,64.69999694824219,65.0,2748998
2020-01-08,64.5,64.80000305175781,64.0999984741211,64.30000305175781,2624638
2020-01-09,64.5999984741211,64.9000015258789,64.30000305175781,64.80000305175781,1810533
2020-01-10,64.9000015258789,65.0,64.5999984741211,64.9000015258789,1519958
2020-01-13,65.0999984741211,65.30000305175781,64.80000305175781,65.0,1898552
2020-01-14,65.4000015258789,65.69999694824219,65.19999694824219,65.5999984741211,2264593
2020-01-15,65.69999694824219,65.69999694824219,65.0999984741211,65.4000015258789,1890929
2020-01-16,65.0999984741211,65.4000015258789,65.0,65.19999694824219,1790251
2020-01-17,65.30000305175781,66.19999694824219,65.30000305175781,66.0,2978201
2020-01-20,66.30000305175781,66.5999984741211,65.80000305175781,65.9000015258789,1975373
2020-01-30,60.09999847412109,61.900001525878906,59.79999923706055,59.79999923706055,8392880
2020-01-31,60.0,61.09999847412109,60.0,60.5,4403791
2020-02-03,59.59999847412109,59.59999847412109,58.0,59.29999923706055,5306158
2020-02-04,68.80000305175781,69.0,61.0,61.0,2619404
2020-02-05,61.09999847412109,61.29999923706055,60.20000076293945,61.0,2776370
2020-02-06,61.5,62.0,61.20000076293945,61.59999847412109,2560778
2020-02-07,61.20000076293945,61.400001525878906,60.59999847412109,61.400001525878906,1981806
2020-02-10,60.20000076293945,60.79999923706055,59.70000076293945,60.400001525878906,1454659
2020-02-11,60.59999847412109,60.900001525878906,60.400001525878906,60.59999847412109,2226426
2020-02-12,60.70000076293945,61.400001525878906,60.70000076293945,61.20000076293945,3712937
2020-02-13,61.29999923706055,61.79999923706055,61.0,61.29999923706055,2730584
2020-02-14,61.29999923706055,61.59999847412109,61.09999847412109,61.20000076293945,2012648
2020-02-17,60.79999923706055,61.09999847412109,60.59999847412109,60.59999847412109,1503804
2020-02-18,60.5,60.79999923706055,60.20000076293945,60.400001525878906,1208483
2020-02-19,60.400001525878906,61.400001525878906,60.29999923706055,61.09999847412109,1923871
2020-02-20,61.09999847412109,61.29999923706055,60.29999923706055,60.70000076293945,1778928
2020-02-21,60.59999847412109,60.900001525878906,60.400001525878906,60.5,1305415
2020-02-24,60.20000076293945,60.400001525878906,60.0,60.09999847412109,2557970
2020-02-25,59.20000076293945,60.20000076293945,59.09999847412109,59.900001525878906,1847282
2020-02-26,59.29999923706055,59.79999923706055,59.29999923706055,59.59999847412109,2247008
2020-02-27,59.5,59.900001525878906,59.29999923706055,59.5,3474589
2020-03-02,58.29999923706055,59.5,58.29999923706055,58.70000076293945,4481391
2020-03-03,59.70000076293945,59.900001525878906,59.20000076293945,59.20000076293945,2032670
2020-03-04,59.09999847412109,59.400001525878906,58.59999847412109,59.0,2344299
2020-03-05,59.59999847412109,59.900001525878906,59.59999847412109,59.900001525878906,1304127
2020-03-06,59.29999923706055,59.29999923706055,58.5,58.5,3620282
2020-03-09,58.0,58.59999847412109,57.70000076293945,58.5,4304981
2020-03-10,58.09999847412109,58.79999923706055,57.900001525878906,58.09999847412109,2594421
2020-03-11,58.09999847412109,58.5,58.0,58.09999847412109,2612765
2020-03-12,57.900001525878906,57.900001525878906,54.29999923706055,55.20000076293945,8086292
2020-03-13,50.29999923706055,53.79999923706055,50.20000076293945,53.29999923706055,9191915
2020-03-16,53.29999923706055,53.29999923706055,51.400001525878906,52.0,4949042
2020-03-17,50.20000076293945,51.20000076293945,50.0,51.0,7753028
2020-03-18,50.59999847412109,50.900001525878906,49.95000076293945,50.0,5265550
2020-03-19,48.59999847412109,49.20000076293945,45.84999847412109,46.20000076293945,8554703
2020-03-20,46.900001525878906,50.29999923706055,46.900001525878906,49.5,6552885
2020-03-23,46.5,47.84999847412109,46.5,46.95000076293945,2599699
2020-03-24,47.400001525878906,49.95000076293945,47.400001525878906,48.75,3701755
2020-03-25,50.0,50.59999847412109,49.75,49.95000076293945,3662411
2020-03-26,50.20000076293945,50.5,49.29999923706055,49.650001525878906,2604906
2020-03-27,50.5,51.0,49.09999847412109,49.54999923706055,2959184
2020-03-30,48.79999923706055,49.75,48.0,49.25,1658654
2020-03-31,49.650001525878906,49.95000076293945,49.04999923706055,49.5,3174869
2020-04-01,49.59999847412109,49.79999923706055,49.0,49.0,2431281
2020-04-06,49.79999923706055,50.09999847412109,49.20000076293945,49.95000076293945,3194464
2020-04-07,50.79999923706055,51.5,50.59999847412109,51.20000076293945,3308621
2020-04-08,51.20000076293945,53.5,50.70000076293945,53.400001525878906,5218102
2020-04-09,56.70000076293945,56.79999923706055,54.09999847412109,54.79999923706055,8786295
2020-04-10,54.70000076293945,54.79999923706055,53.400001525878906,54.29999923706055,3262439
2020-04-13,54.09999847412109,54.20000076293945,53.5,53.5,1822608
2020-04-14,53.900001525878906,54.70000076293945,53.900001525878906,54.29999923706055,3558976
2020-04-15,54.5,55.0,54.20000076293945,54.5,4094520
2020-04-16,53.900001525878906,54.5,53.70000076293945,54.0,3486815
2020-04-17,54.79999923706055,55.5,54.09999847412109,54.5,4682144
2020-04-20,54.5,54.59999847412109,54.09999847412109,54.400001525878906,2284413
2020-04-21,54.0,54.0,52.400001525878906,52.400001525878906,3842102
2020-04-22,51.59999847412109,53.400001525878906,51.29999923706055,53.09999847412109,2460390
2020-04-23,53.20000076293945,54.29999923706055,53.20000076293945,53.79999923706055,2191779
2020-04-24,53.79999923706055,54.400001525878906,53.59999847412109,53.59999847412109,2010104
2020-04-27,54.29999923706055,55.0,54.29999923706055,54.59999847412109,2975069
2020-04-28,54.70000076293945,55.0,54.5,54.59999847412109,2621229
2020-04-29,54.900001525878906,55.09999847412109,54.70000076293945,54.900001525878906,3703000
2020-04-30,57.400001525878906,58.5,57.20000076293945,57.59999847412109,15348371
2020-05-04,55.5,56.29999923706055,55.20000076293945,56.29999923706055,5348601
2020-05-05,56.400001525878906,56.900001525878906,55.59999847412109,55.900001525878906,3183883
2020-05-06,56.400001525878906,56.5,55.400001525878906,55.5,4360201
2020-05-07,55.59999847412109,56.29999923706055,55.5,56.0,2930900
2020-05-08,56.400001525878906,56.79999923706055,56.09999847412109,56.20000076293945,3566976
2020-05-11,56.400001525878906,57.900001525878906,56.400001525878906,57.400001525878906,3895443
2020-05-12,57.0,57.20000076293945,56.09999847412109,56.5,3767209
2020-05-13,56.20000076293945,56.900001525878906,56.20000076293945,56.79999923706055,2494311
2020-05-14,55.5,56.20000076293945,55.5,55.5,4356326
2020-05-15,55.59999847412109,56.0,54.0,54.79999923706055,3737483
2020-05-18,53.70000076293945,54.29999923706055,53.29999923706055,53.70000076293945,2991095
2020-05-19,55.0,55.0,54.0,54.5,1784253
2020-05-20,54.5,55.0,54.5,54.70000076293945,1853305
2020-05-21,54.70000076293945,55.400001525878906,54.5,55.09999847412109,2037853
2020-05-22,55.0,55.0,53.59999847412109,53.59999847412109,2798988
2020-05-25,53.900001525878906,54.0,52.400001525878906,53.20000076293945,1800103
2020-05-26,53.79999923706055,54.70000076293945,53.5,54.0,1881043
2020-05-27,54.0,54.5,53.79999923706055,54.29999923706055,2055491
2020-05-28,54.5,54.79999923706055,53.59999847412109,53.70000076293945,2165559
2020-05-29,53.29999923706055,53.900001525878906,53.09999847412109,53.900001525878906,3951951
2020-06-01,54.5,54.5,53.79999923706055,54.0,2456539
2020-06-02,54.0,54.70000076293945,54.0,54.29999923706055,2031139
2020-06-03,55.0,55.400001525878906,54.70000076293945,55.20000076293945,3543709
2020-06-04,55.5,55.70000076293945,54.79999923706055,55.20000076293945,3509216
2020-06-05,55.20000076293945,56.0,54.900001525878906,55.5,3290537
2020-06-08,55.70000076293945,55.900001525878906,55.09999847412109,55.79999923706055,3388700
2020-06-09,55.79999923706055,55.79999923706055,55.20000076293945,55.400001525878906,1927415
2020-06-10,55.09999847412109,55.900001525878906,55.0,55.70000076293945,2242045
2020-06-11,55.400001525878906,55.70000076293945,54.400001525878906,54.5,3283959
2020-06-12,53.20000076293945,54.09999847412109,52.79999923706055,53.79999923706055,3082716
2020-06-15,53.900001525878906,54.09999847412109,53.09999847412109,53.09999847412109,2981982
2020-06-16,53.79999923706055,54.70000076293945,53.70000076293945,54.09999847412109,2225932
2020-06-17,54.20000076293945,55.09999847412109,54.20000076293945,54.5,2565066
2020-06-18,54.79999923706055,55.20000076293945,54.09999847412109,55.20000076293945,2867690
2020-06-19,55.400001525878906,55.400001525878906,54.09999847412109,54.09999847412109,6571925
2020-06-22,54.29999923706055,54.5,53.900001525878906,54.400001525878906,2043071
2020-06-23,55.0,55.20000076293945,54.29999923706055,54.70000076293945,2394357
2020-06-24,55.29999923706055,56.0,55.20000076293945,55.900001525878906,6435750
2020-06-29,55.29999923706055,55.70000076293945,55.0,55.20000076293945,3237431
2020-06-30,55.900001525878906,56.5,55.59999847412109,56.5,5335084
2020-07-01,57.09999847412109,58.0,56.59999847412109,57.0,7711858
2020-07-02,57.20000076293945,57.400001525878906,56.400001525878906,57.400001525878906,3218802
2020-07-03,57.59999847412109,58.0,56.79999923706055,57.0,3698535
2020-07-06,57.20000076293945,58.20000076293945,57.20000076293945,57.79999923706055,4696985
2020-07-07,58.70000076293945,59.20000076293945,57.400001525878906,57.900001525878906,6120970
2020-07-08,58.0,58.20000076293945,57.59999847412109,58.20000076293945,3468547
2020-07-09,58.5,58.900001525878906,57.900001525878906,58.0,4038175
2020-07-10,58.0,58.20000076293945,57.0,57.09999847412109,3099532
2020-07-13,57.70000076293945,58.29999923706055,57.400001525878906,58.0,3703336
2020-07-14,58.09999847412109,58.5,57.59999847412109,57.70000076293945,3994530
2020-07-15,58.400001525878906,58.70000076293945,57.09999847412109,57.20000076293945,5988573
2020-07-16,57.900001525878906,58.0,57.29999923706055,58.0,3956870
2020-07-17,58.59999847412109,58.79999923706055,57.5,57.70000076293945,6982498
2020-07-20,58.20000076293945,58.20000076293945,56.70000076293945,56.900001525878906,6252631
2020-07-21,57.400001525878906,57.900001525878906,56.70000076293945,57.59999847412109,5891927
2020-07-22,57.79999923706055,58.0,57.400001525878906,58.0,7285025
2020-07-23,56.0,56.400001525878906,55.09999847412109,55.29999923706055,5135223
2020-07-24,55.09999847412109,55.20000076293945,54.0,54.20000076293945,4500269
2020-07-27,54.09999847412109,54.70000076293945,53.5,53.59999847412109,4351611
2020-07-28,53.5,55.400001525878906,53.400001525878906,53.59999847412109,3998010
2020-07-29,53.70000076293945,54.20000076293945,53.5,53.70000076293945,1901612
2020-07-30,54.0,54.79999923706055,53.70000076293945,54.79999923706055,2738221
2020-07-31,54.5,55.0,54.20000076293945,54.20000076293945,2622176
2020-08-03,54.29999923706055,54.5,53.79999923706055,53.900001525878906,2967736
2020-08-04,54.09999847412109,54.70000076293945,53.79999923706055,54.5,1991420
2020-08-05,54.900001525878906,54.900001525878906,54.400001525878906,54.5,2546814
2020-08-06,54.900001525878906,55.20000076293945,54.5,54.79999923706055,2255683
2020-08-07,54.900001525878906,54.900001525878906,54.09999847412109,54.29999923706055,2147555
2020-08-10,54.400001525878906,54.70000076293945,54.09999847412109,54.400001525878906,2041310
2020-08-11,54.70000076293945,54.70000076293945,53.70000076293945,53.70000076293945,2460000
2020-08-12,53.70000076293945,53.900001525878906,53.20000076293945,53.59999847412109,2065091
2020-08-13,54.0,54.0,52.79999923706055,53.09999847412109,3826692
2020-08-14,53.09999847412109,53.70000076293945,53.0,53.59999847412109,1964636
2020-08-17,53.70000076293945,54.29999923706055,53.5,54.29999923706055,2008673
2020-08-18,54.20000076293945,54.29999923706055,53.5,54.0,2174491
2020-08-19,54.09999847412109,54.59999847412109,53.5,53.5,2552364
2020-08-20,53.70000076293945,53.70000076293945,50.5,51.20000076293945,5341845
2020-08-21,51.5,52.400001525878906,51.20000076293945,51.79999923706055,2609577
2020-08-24,51.79999923706055,52.400001525878906,51.70000076293945,52.09999847412109,2009900
2020-08-25,52.29999923706055,53.5,52.29999923706055,53.09999847412109,2222374
2020-08-26,53.0,53.29999923706055,52.70000076293945,53.29999923706055,1376766
2020-08-27,53.29999923706055,53.5,52.79999923706055,53.09999847412109,1334345
2020-08-28,52.900001525878906,53.400001525878906,52.59999847412109,53.0,1471031
2020-08-31,53.400001525878906,53.400001525878906,52.20000076293945,52.20000076293945,4606008
2020-09-01,52.400001525878906,53.400001525878906,51.900001525878906,53.0,2236124
2020-09-02,53.0,53.400001525878906,53.0,53.400001525878906,1614035
2020-09-03,53.900001525878906,54.20000076293945,53.29999923706055,53.29999923706055,2374733
2020-09-04,52.79999923706055,52.900001525878906,52.20000076293945,52.5,2549647
2020-09-07,52.59999847412109,53.20000076293945,52.29999923706055,52.70000076293945,1183406
2020-09-08,52.70000076293945,52.79999923706055,52.20000076293945,52.29999923706055,1830306
2020-09-09,52.20000076293945,52.5,51.59999847412109,52.09999847412109,1972787
2020-09-10,52.29999923706055,52.5,52.20000076293945,52.29999923706055,984974
2020-09-11,52.29999923706055,52.70000076293945,52.0,52.70000076293945,1570627
2020-09-14,52.900001525878906,52.900001525878906,52.400001525878906,52.79999923706055,1320425
2020-09-15,52.900001525878906,53.20000076293945,52.79999923706055,53.20000076293945,1617428
2020-09-16,53.400001525878906,53.400001525878906,53.0,53.0,1722073
2020-09-17,53.0,53.20000076293945,52.70000076293945,52.900001525878906,1030427
2020-09-18,53.0,53.400001525878906,52.59999847412109,52.59999847412109,3498855
2020-09-21,53.09999847412109,53.900001525878906,53.0,53.0,2004556
2020-09-22,52.400001525878906,52.59999847412109,51.59999847412109,52.0,3515164
2020-09-23,51.79999923706055,51.79999923706055,51.09999847412109,51.400001525878906,3900024
2020-09-24,51.0,51.09999847412109,50.0,50.29999923706055,5463447
2020-09-25,50.59999847412109,50.70000076293945,50.0,50.400001525878906,2181894
2020-09-28,50.79999923706055,51.5,50.70000076293945,51.0,1833793
2020-09-29,51.29999923706055,51.79999923706055,51.0,51.29999923706055,1471109
2020-09-30,51.70000076293945,51.79999923706055,51.29999923706055,51.5,1666047
2020-10-05,51.400001525878906,52.09999847412109,51.0,51.0,1662179
2020-10-06,52.29999923706055,52.29999923706055,51.59999847412109,51.900001525878906,1786776
2020-10-07,51.29999923706055,51.70000076293945,51.29999923706055,51.400001525878906,1347867
2020-10-08,51.59999847412109,52.20000076293945,51.400001525878906,52.09999847412109,1900210
2020-10-12,52.400001525878906,52.5,51.59999847412109,52.0,1928368
2020-10-13,52.0,52.09999847412109,51.5,52.0,892781
2020-10-14,52.29999923706055,52.29999923706055,51.79999923706055,51.79999923706055,1467261
2020-10-15,51.70000076293945,51.900001525878906,51.400001525878906,51.400001525878906,1125590
2020-10-16,51.400001525878906,52.09999847412109,51.20000076293945,51.20000076293945,1428810
2020-10-19,51.5,52.29999923706055,51.5,51.900001525878906,1883694
2020-10-20,51.79999923706055,52.20000076293945,51.400001525878906,51.59999847412109,1669465
2020-10-21,52.0,52.0,51.400001525878906,51.400001525878906,1433561
2020-10-22,51.400001525878906,51.59999847412109,51.20000076293945,51.29999923706055,985478
2020-10-23,51.29999923706055,51.70000076293945,51.20000076293945,51.70000076293945,1182253
2020-10-26,51.70000076293945,51.70000076293945,51.400001525878906,51.400001525878906,683119
2020-10-27,51.09999847412109,51.400001525878906,51.09999847412109,51.20000076293945,1032587
2020-10-28,51.20000076293945,51.400001525878906,50.79999923706055,51.0,1548316
2020-10-29,50.70000076293945,50.70000076293945,50.0,50.400001525878906,2010898
2020-10-30,50.20000076293945,50.29999923706055,50.0,50.09999847412109,2523903
2020-11-02,50.29999923706055,50.5,50.20000076293945,50.29999923706055,1308455
2020-11-03,50.70000076293945,51.20000076293945,50.59999847412109,51.09999847412109,1511495
2020-11-04,51.400001525878906,51.400001525878906,51.0,51.09999847412109,1132931
2020-11-05,51.29999923706055,51.70000076293945,51.09999847412109,51.20000076293945,1369809
2020-11-06,51.5,51.59999847412109,51.09999847412109,51.29999923706055,1461406
2020-11-09,51.79999923706055,52.0,51.400001525878906,51.70000076293945,1974642
2020-11-10,51.79999923706055,52.0,51.400001525878906,51.59999847412109,1928192
2020-11-11,51.59999847412109,52.400001525878906,51.5,52.29999923706055,3028318
2020-11-12,52.400001525878906,52.5,51.900001525878906,52.29999923706055,1610675
2020-11-13,51.79999923706055,51.79999923706055,51.0,51.0,4743989
2020-11-16,51.5,51.70000076293945,51.0,51.5,2462401
2020-11-17,51.59999847412109,51.70000076293945,51.20000076293945,51.29999923706055,2449899
2020-11-18,51.29999923706055,51.79999923706055,51.29999923706055,51.79999923706055,3174791
2020-11-19,51.79999923706055,51.79999923706055,51.5,51.5,1905997
2020-11-20,51.59999847412109,52.20000076293945,51.5,52.09999847412109,3047147
2020-11-23,52.400001525878906,52.70000076293945,52.09999847412109,52.400001525878906,3939010
2020-11-24,52.59999847412109,52.59999847412109,51.59999847412109,51.59999847412109,2823934
2020-11-25,52.0,52.09999847412109,51.5,51.59999847412109,2155067
2020-11-26,51.900001525878906,52.29999923706055,51.900001525878906,52.20000076293945,2279510
2020-11-27,52.29999923706055,52.400001525878906,52.0,52.09999847412109,2348667
2020-11-30,52.20000076293945,52.59999847412109,51.79999923706055,52.59999847412109,8159949
2020-12-01,52.70000076293945,52.70000076293945,52.09999847412109,52.400001525878906,3061131
2020-12-02,52.400001525878906,52.59999847412109,52.20000076293945,52.20000076293945,2336992
2020-12-03,52.20000076293945,52.29999923706055,51.59999847412109,51.59999847412109,4545090
2020-12-04,52.0,52.59999847412109,52.0,52.5,4921118
2020-12-07,53.09999847412109,56.59999847412109,52.900001525878906,56.29999923706055,26312841
2020-12-08,56.0,56.29999923706055,54.59999847412109,54.70000076293945,15660076
2020-12-09,54.900001525878906,55.5,54.70000076293945,54.70000076293945,8830558
2020-12-10,54.5,54.5,53.20000076293945,53.20000076293945,9121261
2020-12-11,53.400001525878906,53.79999923706055,52.29999923706055,53.0,6238125
2020-12-14,53.20000076293945,53.59999847412109,52.70000076293945,52.70000076293945,6165514
2020-12-15,52.70000076293945,53.0,52.0,52.0,4732553
2020-12-16,52.5,53.0,52.29999923706055,52.900001525878906,4294152
2020-12-17,52.900001525878906,53.0,52.400001525878906,52.59999847412109,2359502
2020-12-18,52.59999847412109,52.59999847412109,51.900001525878906,51.900001525878906,6128770
2020-12-21,52.29999923706055,52.5,51.400001525878906,52.20000076293945,4476041
2020-12-22,52.09999847412109,53.20000076293945,51.79999923706055,52.0,6906035
2020-12-23,52.29999923706055,52.5,51.900001525878906,52.09999847412109,3179554
2020-12-24,52.400001525878906,53.400001525878906,52.20000076293945,52.70000076293945,5897007
2020-12-25,53.09999847412109,54.20000076293945,53.09999847412109,53.70000076293945,7801239
2020-12-28,54.400001525878906,54.59999847412109,53.79999923706055,54.0,5117035
2020-12-29,54.29999923706055,54.29999923706055,53.29999923706055,53.400001525878906,4068026
2020-12-30,53.5,53.900001525878906,53.09999847412109,53.59999847412109,3905348
2020-12-31,53.79999923706055,54.400001525878906,52.900001525878906,53.400001525878906,6395949
2021-01-04,54.0,55.900001525878906,53.900001525878906,55.59999847412109,15518053
2021-01-05,55.59999847412109,56.70000076293945,55.59999847412109,56.09999847412109,16209802
2021-01-06,56.5,57.900001525878906,54.70000076293945,55.70000076293945,19159206
2021-01-07,56.0,56.29999923706055,55.09999847412109,55.59999847412109,7423032
2021-01-08,55.79999923706055,56.09999847412109,54.09999847412109,56.0,11766479
2021-01-11,61.59999847412109,61.59999847412109,61.59999847412109,61.59999847412109,16553513
2021-01-12,67.69999694824219,67.69999694824219,67.69999694824219,67.69999694824219,48768795
2021-01-13,70.19999694824219,73.80000305175781,67.69999694824219,72.80000305175781,144833754
2021-01-14,72.0,79.4000015258789,71.0999984741211,76.9000015258789,123898714
2021-01-15,78.0,78.80000305175781,74.0,75.5999984741211,95100533
2021-01-18,76.0,78.80000305175781,72.30000305175781,77.30000305175781,63783272
2021-01-19,76.80000305175781,77.4000015258789,75.0,76.0,20998440
2021-01-20,75.5999984741211,76.0999984741211,71.80000305175781,72.0999984741211,21902236
2021-01-21,73.0,74.0,71.80000305175781,72.5,13848482
2021-01-22,72.5,75.9000015258789,72.5,75.5999984741211,16216950
2021-01-25,77.0,77.0,74.4000015258789,75.30000305175781,20976521
2021-01-26,75.30000305175781,75.9000015258789,74.0999984741211,74.4000015258789,11366243
2021-01-27,76.0,78.19999694824219,75.30000305175781,78.19999694824219,32112941
2021-01-28,74.9000015258789,78.5,74.9000015258789,77.19999694824219,24306792
2021-01-29,78.69999694824219,78.80000305175781,74.80000305175781,74.80000305175781,19276515
2021-02-01,74.5,74.9000015258789,72.80000305175781,74.9000015258789,13210921
2021-02-02,74.19999694824219,76.9000015258789,73.19999694824219,73.5999984741211,45142535
2021-02-03,73.5999984741211,74.19999694824219,72.19999694824219,72.5,23946731
2021-02-04,71.80000305175781,71.80000305175781,69.5999984741211,70.4000015258789,28109353
2021-02-05,71.69999694824219,72.0,70.0999984741211,70.4000015258789,16693172
2021-02-17,71.0,71.5999984741211,68.5,69.9000015258789,21206594
2021-02-18,70.0,70.9000015258789,69.5999984741211,70.19999694824219,16319832
2021-02-19,70.19999694824219,70.19999694824219,68.5999984741211,69.4000015258789,15102451
2021-02-22,70.0,70.69999694824219,69.4000015258789,69.69999694824219,18799599
2021-02-23,69.4000015258789,70.5,68.5,69.69999694824219,11422989
2021-02-24,70.0,73.0,69.9000015258789,70.5999984741211,41765142
2021-02-25,73.4000015258789,73.80000305175781,71.0,71.30000305175781,30458877
2021-02-26,69.69999694824219,71.0999984741211,69.5999984741211,70.0,16766360
2021-03-02,71.5,71.5,69.19999694824219,69.30000305175781,10570125
2021-03-03,69.5999984741211,71.0,68.69999694824219,70.80000305175781,9928867
2021-03-04,71.4000015258789,71.9000015258789,70.0999984741211,70.5,16101757
2021-03-05,70.19999694824219,71.19999694824219,69.5,70.0,9881747
2021-03-08,70.9000015258789,71.0,69.0,69.0,8860561
2021-03-09,69.0,69.5,67.30000305175781,69.0,11174620
2021-03-10,69.9000015258789,70.5,69.19999694824219,69.5999984741211,6220529
2021-03-11,70.0999984741211,71.69999694824219,70.0,71.30000305175781,14514358
2021-03-12,72.5,73.4000015258789,72.4000015258789,73.30000305175781,30604577
2021-03-15,73.4000015258789,73.4000015258789,71.9000015258789,72.80000305175781,13143365
2021-03-16,73.19999694824219,73.5,72.0999984741211,72.5,11854921
2021-03-17,73.0,75.80000305175781,72.80000305175781,73.4000015258789,42976024
2021-03-18,74.69999694824219,75.5999984741211,74.19999694824219,74.80000305175781,26641407
2021-03-19,74.19999694824219,74.19999694824219,73.0,73.0,18386796
2021-03-22,72.5999984741211,74.30000305175781,72.19999694824219,74.0,14162638
2021-03-23,76.0,79.5999984741211,75.5999984741211,76.0999984741211,70233284
2021-03-24,76.5,77.0,75.19999694824219,75.4000015258789,18654283
2021-03-25,75.5,75.9000015258789,74.0,74.0999984741211,16754238
2021-03-26,74.5999984741211,74.80000305175781,73.4000015258789,73.80000305175781,10178423
2021-03-29,74.4000015258789,74.80000305175781,73.80000305175781,74.0999984741211,7667955
2021-03-30,74.4000015258789,75.0,74.0,74.80000305175781,7430708
2021-03-31,73.5999984741211,74.0,72.5,72.5999984741211,19397537
2021-04-01,73.0,73.0999984741211,71.5999984741211,71.9000015258789,12516415
2021-04-07,72.30000305175781,73.30000305175781,72.30000305175781,73.0999984741211,8716958
2021-04-08,73.0,73.0,72.0,72.30000305175781,8954161
2021-04-09,72.80000305175781,72.9000015258789,71.9000015258789,72.0,7854719
2021-04-12,72.30000305175781,72.80000305175781,71.69999694824219,72.0999984741211,7139207
2021-04-13,72.0999984741211,73.4000015258789,72.0,72.0999984741211,9966822
2021-04-14,72.30000305175781,72.80000305175781,69.69999694824219,71.0999984741211,11719850
2021-04-15,70.5999984741211,71.0,70.0,70.80000305175781,8222705
2021-04-16,71.4000015258789,72.5,71.19999694824219,71.69999694824219,7645532
2021-04-19,71.9000015258789,72.0,70.9000015258789,71.0999984741211,6849857
2021-04-20,71.0999984741211,71.5999984741211,70.5999984741211,71.0,6455304
2021-04-21,71.5,72.4000015258789,70.80000305175781,70.80000305175781,10137157
2021-04-22,71.19999694824219,71.4000015258789,69.0,69.30000305175781,15093784
2021-04-23,69.30000305175781,70.30000305175781,68.5999984741211,69.5999984741211,6890462
2021-04-26,70.80000305175781,70.80000305175781,69.5999984741211,69.5999984741211,5093267
2021-04-27,69.69999694824219,71.30000305175781,69.69999694824219,70.69999694824219,8252545
2021-04-28,70.4000015258789,70.9000015258789,69.5,69.69999694824219,7086078
2021-04-29,69.9000015258789,70.0,69.0,69.0,6842336
2021-05-03,68.9000015258789,69.0,66.0,66.69999694824219,14949259
2021-05-04,65.9000015258789,66.30000305175781,62.29999923706055,64.19999694824219,16821107
2021-05-05,63.5,65.5999984741211,63.29999923706055,63.59999847412109,9369707
2021-05-06,64.0999984741211,64.9000015258789,63.5,64.4000015258789,5859251
2021-05-07,65.0999984741211,66.19999694824219,64.9000015258789,66.19999694824219,6138050
2021-05-10,66.19999694824219,66.19999694824219,64.9000015258789,65.4000015258789,3991462
2021-05-11,64.30000305175781,64.30000305175781,61.5,62.0,9051294
2021-05-12,61.29999923706055,62.900001525878906,56.5,59.79999923706055,16699023
2021-05-13,59.0,62.0,58.09999847412109,61.20000076293945,10608361
2021-05-14,62.20000076293945,62.59999847412109,60.5,60.900001525878906,6284019
2021-05-17,55.79999923706055,60.29999923706055,55.79999923706055,57.79999923706055,10378538
2021-05-18,59.29999923706055,62.79999923706055,59.29999923706055,62.70000076293945,9843589
2021-05-19,62.09999847412109,63.400001525878906,61.400001525878906,62.09999847412109,5320333
2021-05-20,62.400001525878906,63.0,61.70000076293945,62.20000076293945,4532860
2021-05-21,63.5,64.0999984741211,62.70000076293945,63.09999847412109,4499202
2021-05-24,62.900001525878906,63.70000076293945,62.5,63.5,2828242
2021-05-25,64.0999984741211,64.69999694824219,63.79999923706055,64.30000305175781,5875902
2021-05-26,64.30000305175781,64.5999984741211,63.5,64.0,3198107
2021-05-27,63.70000076293945,64.4000015258789,63.09999847412109,64.0,6829992
2021-05-28,65.4000015258789,65.5,64.5999984741211,64.5999984741211,4916743
2021-05-31,65.0999984741211,65.9000015258789,64.5,65.30000305175781,6271268
2021-06-01,65.80000305175781,66.69999694824219,65.4000015258789,66.4000015258789,5732575
2021-06-02,68.19999694824219,68.5999984741211,65.4000015258789,65.9000015258789,11963770
2021-06-03,66.0999984741211,66.30000305175781,64.9000015258789,65.0999984741211,6248850
2021-06-04,64.5,64.5999984741211,63.70000076293945,64.0,6128347
2021-06-07,63.79999923706055,64.19999694824219,62.59999847412109,63.5,3899311
2021-06-08,64.30000305175781,64.80000305175781,64.0,64.4000015258789,2895535
2021-06-09,64.0,64.30000305175781,63.29999923706055,63.400001525878906,2506636
2021-06-10,63.79999923706055,64.4000015258789,63.400001525878906,64.19999694824219,2678554
2021-06-11,64.5,65.4000015258789,64.4000015258789,64.9000015258789,4079686
2021-06-15,65.5999984741211,65.69999694824219,64.80000305175781,65.0,2787622
2021-06-16,64.5999984741211,65.0,64.4000015258789,64.5999984741211,2451879
2021-06-17,64.30000305175781,65.19999694824219,64.19999694824219,65.0,2405925
2021-06-18,65.30000305175781,66.4000015258789,65.19999694824219,65.69999694824219,8951638
2021-06-21,65.19999694824219,66.0999984741211,64.0999984741211,64.19999694824219,4321231
2021-06-22,65.0,65.0999984741211,63.79999923706055,63.900001525878906,3173197
2021-06-23,64.0999984741211,65.5,63.79999923706055,65.0999984741211,4112681
2021-06-24,65.19999694824219,65.80000305175781,64.9000015258789,65.4000015258789,2936200
2021-06-25,66.0,66.19999694824219,65.5,65.5999984741211,3828095
2021-06-28,65.9000015258789,66.0,65.0,65.30000305175781,2615188
2021-06-29,65.69999694824219,65.69999694824219,64.80000305175781,65.30000305175781,4211139
2021-06-30,65.30000305175781,66.19999694824219,65.19999694824219,65.69999694824219,3827206
2021-07-01,65.9000015258789,66.19999694824219,64.80000305175781,65.0999984741211,3884619
2021-07-02,65.0999984741211,65.0999984741211,64.5999984741211,65.0,2608420
2021-07-05,65.5999984741211,67.4000015258789,65.19999694824219,67.0,10207100
2021-07-06,66.4000015258789,66.5,65.80000305175781,66.0,4518475
2021-07-07,65.80000305175781,66.5,65.30000305175781,65.5,2864706
2021-07-08,65.4000015258789,66.5,65.0,65.5,3841371
2021-07-09,65.0,65.5,64.5999984741211,65.0,2953152
2021-07-12,65.80000305175781,66.0,65.19999694824219,65.80000305175781,3240797
2021-07-13,66.19999694824219,67.0999984741211,65.80000305175781,66.0999984741211,6633735
2021-07-14,66.5,66.69999694824219,65.69999694824219,65.80000305175781,3648289
2021-07-15,66.5,67.19999694824219,66.0,66.69999694824219,5614398
2021-07-16,66.5999984741211,66.5999984741211,65.5999984741211,66.5,2991111
2021-07-19,66.5,66.5,65.5,65.80000305175781,3686016
2021-07-20,65.0999984741211,65.4000015258789,64.19999694824219,64.19999694824219,5566222
2021-07-21,64.5999984741211,64.80000305175781,62.70000076293945,63.0,7448851
2021-07-22,62.400001525878906,62.900001525878906,61.900001525878906,62.400001525878906,3094648
2021-07-23,62.400001525878906,62.79999923706055,62.0,62.59999847412109,2950040
2021-07-26,62.79999923706055,64.5999984741211,61.900001525878906,63.09999847412109,9250593
2021-07-27,63.5,63.70000076293945,62.400001525878906,62.5,4084095
2021-07-28,62.70000076293945,62.900001525878906,61.29999923706055,62.20000076293945,5280209
2021-07-29,62.79999923706055,63.20000076293945,62.29999923706055,62.70000076293945,2738492
2021-07-30,62.20000076293945,62.29999923706055,61.5,61.59999847412109,4491169
2021-08-02,62.0,62.20000076293945,61.5,62.20000076293945,2043501
2021-08-03,62.0,62.29999923706055,61.70000076293945,62.29999923706055,1886512
2021-08-04,62.20000076293945,62.5,61.900001525878906,62.09999847412109,3179398
2021-08-05,62.29999923706055,63.400001525878906,62.20000076293945,63.20000076293945,4708978
2021-08-06,63.20000076293945,63.79999923706055,62.79999923706055,63.70000076293945,4153145
2021-08-09,63.59999847412109,63.59999847412109,62.5,62.79999923706055,2861505
2021-08-10,62.79999923706055,63.0,62.0,62.20000076293945,2655948
2021-08-11,62.5,63.400001525878906,62.20000076293945,63.29999923706055,5331183
2021-08-12,63.79999923706055,64.4000015258789,63.400001525878906,63.79999923706055,5406293
2021-08-13,64.0,64.5999984741211,63.5,64.0,6206477
2021-08-16,64.0,64.69999694824219,63.09999847412109,63.900001525878906,4939276
2021-08-17,63.900001525878906,63.900001525878906,63.900001525878906,63.900001525878906,0
2021-08-18,64.30000305175781,67.19999694824219,63.29999923706055,66.80000305175781,13550972
2021-08-19,65.69999694824219,65.69999694824219,63.5,64.5,14087254
2021-08-20,65.0,66.5,63.900001525878906,65.9000015258789,11580335
2021-08-23,66.80000305175781,67.5,66.30000305175781,67.30000305175781,13075126
2021-08-24,67.5999984741211,67.5999984741211,65.5,65.69999694824219,8869836
2021-08-25,66.30000305175781,66.5999984741211,65.19999694824219,65.69999694824219,5833769
2021-08-26,66.0,66.0,64.80000305175781,65.69999694824219,4027607
2021-08-27,65.9000015258789,66.5999984741211,65.5999984741211,66.19999694824219,5099326
2021-08-30,66.4000015258789,66.4000015258789,65.5,66.19999694824219,3304705
2021-08-31,66.30000305175781,66.30000305175781,65.4000015258789,66.30000305175781,3402084
2021-09-01,66.0,66.30000305175781,65.5,65.5999984741211,3265662
2021-09-02,65.5999984741211,65.9000015258789,64.19999694824219,64.19999694824219,6016059
2021-09-03,64.5999984741211,64.9000015258789,63.5,64.9000015258789,5224843
2021-09-06,65.0,65.30000305175781,63.900001525878906,64.0,3761452
2021-09-07,64.19999694824219,64.5999984741211,63.70000076293945,64.30000305175781,3094161
2021-09-08,64.5,64.5,62.70000076293945,62.900001525878906,5510265
2021-09-09,62.900001525878906,63.59999847412109,62.70000076293945,63.5,2496995
2021-09-10,63.59999847412109,63.59999847412109,62.900001525878906,63.5,2096860
2021-09-13,63.59999847412109,63.59999847412109,62.79999923706055,63.0,2643243
2021-09-14,63.59999847412109,63.59999847412109,62.70000076293945,62.79999923706055,2397028
2021-09-15,63.29999923706055,67.4000015258789,63.09999847412109,65.0,17535805
2021-09-16,65.4000015258789,65.4000015258789,64.19999694824219,64.4000015258789,5325843
2021-09-17,64.4000015258789,66.5,64.4000015258789,66.5,11488748
2021-09-22,65.30000305175781,66.19999694824219,64.5999984741211,66.19999694824219,7998907
2021-09-23,66.5999984741211,68.19999694824219,65.5999984741211,68.0,23100395
2021-09-24,68.5,69.80000305175781,68.30000305175781,68.69999694824219,22820467
2021-09-27,69.19999694824219,69.4000015258789,68.0,68.80000305175781,9687431
2021-09-28,68.5999984741211,69.69999694824219,67.5999984741211,69.4000015258789,11637397
2021-09-29,68.69999694824219,69.19999694824219,67.9000015258789,68.69999694824219,10744831
2021-09-30,69.69999694824219,71.80000305175781,69.5,70.30000305175781,27435972
2021-10-01,70.0,70.0999984741211,66.69999694824219,67.5999984741211,17388767
2021-10-04,68.80000305175781,71.19999694824219,68.30000305175781,70.9000015258789,38200928
2021-10-05,70.30000305175781,71.19999694824219,68.19999694824219,71.19999694824219,24473639
2021-10-06,71.5999984741211,71.5999984741211,68.0999984741211,68.30000305175781,21557168
2021-10-07,69.30000305175781,70.0999984741211,68.69999694824219,69.4000015258789,10991585
2021-10-08,70.0,71.0999984741211,69.4000015258789,70.0999984741211,12920871
2021-10-12,69.5,69.5999984741211,67.80000305175781,67.9000015258789,11147607
2021-10-13,68.5999984741211,69.30000305175781,67.9000015258789,69.0,7208292
2021-10-14,69.9000015258789,70.19999694824219,68.19999694824219,68.5,7265759
2021-10-15,69.80000305175781,71.19999694824219,69.19999694824219,70.80000305175781,17667783
2021-10-18,71.5999984741211,71.80000305175781,68.5,68.69999694824219,18468314
2021-10-19,69.0,69.5,68.0,68.0,10523569
2021-10-20,68.69999694824219,68.69999694824219,67.0999984741211,67.9000015258789,10015223
2021-10-21,68.4000015258789,68.5,66.5,66.5,12766738
2021-10-22,66.9000015258789,68.0,66.5999984741211,67.9000015258789,6880736
2021-10-25,67.69999694824219,68.80000305175781,67.5999984741211,68.30000305175781,6460691
2021-10-26,68.5999984741211,68.69999694824219,67.80000305175781,68.0,4633736
2021-10-27,68.0999984741211,68.19999694824219,67.19999694824219,67.69999694824219,4835516
2021-10-28,67.69999694824219,69.0999984741211,67.69999694824219,68.5999984741211,6623303
2021-10-29,68.5999984741211,69.0,68.0,68.80000305175781,5668685
2021-11-01,69.19999694824219,69.19999694824219,68.30000305175781,68.5999984741211,4293345
2021-11-02,68.9000015258789,70.30000305175781,68.80000305175781,69.0999984741211,12779277
2021-11-03,69.30000305175781,70.0,69.0,69.80000305175781,6208235
2021-11-04,70.9000015258789,71.19999694824219,69.5999984741211,70.0,11180534
2021-11-05,70.5,70.5,69.19999694824219,70.0,6489245
2021-11-08,69.69999694824219,70.30000305175781,69.0,69.5999984741211,5414211
2021-11-09,70.0,70.30000305175781,69.19999694824219,69.5999984741211,5772739
2021-11-10,70.0,70.30000305175781,69.5999984741211,70.19999694824219,6092584
2021-11-11,70.4000015258789,71.19999694824219,69.19999694824219,69.30000305175781,9690574
2021-11-12,69.69999694824219,69.69999694824219,68.80000305175781,68.9000015258789,5206481
2021-11-15,69.0,69.0999984741211,68.0,68.0,8007986
2021-11-16,68.0999984741211,68.0999984741211,66.69999694824219,67.30000305175781,10698423
2021-11-17,67.4000015258789,67.80000305175781,66.80000305175781,66.9000015258789,5722088
2021-11-18,67.4000015258789,67.5,66.69999694824219,67.0999984741211,5031018
2021-11-19,67.5999984741211,67.5999984741211,66.5999984741211,66.69999694824219,5138169
2021-11-22,66.80000305175781,67.4000015258789,66.5,67.0999984741211,3205995
2021-11-23,67.0,67.0,66.30000305175781,66.5999984741211,5131758
2021-11-24,67.0,67.30000305175781,66.5999984741211,67.0999984741211,3131131
2021-11-25,67.30000305175781,67.30000305175781,66.5999984741211,66.5999984741211,2387137
2021-11-26,66.5999984741211,66.9000015258789,65.0,65.0999984741211,6788127
2021-11-29,64.69999694824219,65.5999984741211,63.5,65.0,4936951
2021-11-30,65.30000305175781,65.69999694824219,64.69999694824219,65.19999694824219,7357900
2021-12-01,65.0,65.0999984741211,64.30000305175781,64.9000015258789,3468665
2021-12-02,64.9000015258789,65.0999984741211,64.19999694824219,64.30000305175781,3699470
2021-12-03,64.69999694824219,65.0,64.30000305175781,64.4000015258789,3193736
2021-12-06,64.30000305175781,65.69999694824219,64.0,65.5,3795390
2021-12-07,64.80000305175781,64.9000015258789,64.19999694824219,64.30000305175781,5619397
2021-12-08,64.5,64.69999694824219,64.19999694824219,64.30000305175781,3040458
2021-12-09,64.5999984741211,65.19999694824219,64.4000015258789,65.19999694824219,3981306
2021-12-10,65.4000015258789,65.69999694824219,65.0,65.30000305175781,4398703
2021-12-13,65.4000015258789,65.80000305175781,64.5999984741211,64.80000305175781,2859620
2021-12-14,64.80000305175781,64.80000305175781,64.0,64.19999694824219,2982492
2021-12-15,64.19999694824219,64.4000015258789,63.79999923706055,63.900001525878906,2907337
2021-12-16,64.5,64.5999984741211,63.900001525878906,64.0,1632274
2021-12-17,63.79999923706055,64.69999694824219,63.59999847412109,63.900001525878906,3954437
2021-12-20,63.79999923706055,64.4000015258789,63.59999847412109,63.59999847412109,2035317
2021-12-21,63.59999847412109,64.19999694824219,63.59999847412109,64.0999984741211,1646876
2021-12-22,64.19999694824219,64.5,64.0999984741211,64.0999984741211,1318876
2021-12-23,64.4000015258789,64.80000305175781,64.19999694824219,64.5999984741211,1821672
2021-12-24,64.69999694824219,65.0,64.5999984741211,64.5999984741211,1312934
2021-12-27,64.80000305175781,65.0999984741211,64.5,65.0,1643943
2021-12-28,65.0999984741211,65.19999694824219,64.69999694824219,65.0,1488799
2021-12-29,65.0999984741211,65.4000015258789,64.9000015258789,64.9000015258789,1925207
2021-12-30,65.0,65.30000305175781,64.69999694824219,64.9000015258789,2125882
2022-01-03,65.0,65.19999694824219,64.0,64.19999694824219,2482344
2022-01-04,64.4000015258789,64.69999694824219,64.0,64.5,2098292
2022-01-05,64.19999694824219,66.9000015258789,64.19999694824219,66.19999694824219,14110612
2022-01-06,66.0,66.19999694824219,65.19999694824219,65.69999694824219,4258305
2022-01-07,66.0,66.0,64.0,64.19999694824219,5215149
2022-01-10,64.0,64.5999984741211,63.70000076293945,64.0,2405214
2022-01-11,64.0999984741211,64.4000015258789,63.20000076293945,63.400001525878906,3428556
2022-01-12,63.70000076293945,63.70000076293945,62.70000076293945,63.29999923706055,3455961
2022-01-13,63.400001525878906,63.5,62.79999923706055,63.29999923706055,2285241
2022-01-14,63.0,63.29999923706055,62.29999923706055,62.400001525878906,3178978
2022-01-17,62.20000076293945,62.59999847412109,62.0,62.400001525878906,1913012
2022-01-18,62.70000076293945,63.29999923706055,62.59999847412109,62.59999847412109,2431324
2022-01-19,62.20000076293945,62.79999923706055,62.0,62.0,3304615
2022-01-20,62.0,62.29999923706055,61.20000076293945,62.0,3214061
2022-01-21,61.5,62.70000076293945,61.29999923706055,62.0,4263093
2022-01-24,61.79999923706055,62.0,61.20000076293945,61.5,2798064
2022-01-25,61.09999847412109,61.20000076293945,60.29999923706055,60.400001525878906,4603785
2022-01-26,60.5,60.59999847412109,60.0,60.0,3434331
2022-02-07,60.09999847412109,61.0,59.70000076293945,60.20000076293945,4936553
2022-02-08,60.20000076293945,61.29999923706055,59.79999923706055,61.09999847412109,4626622
2022-02-09,61.09999847412109,61.5,60.5,61.400001525878906,3195747
2022-02-10,61.79999923706055,63.70000076293945,61.59999847412109,63.59999847412109,9745897
2022-02-11,62.79999923706055,63.400001525878906,62.59999847412109,63.29999923706055,3662916
2022-02-14,62.400001525878906,62.59999847412109,61.79999923706055,62.29999923706055,3101275
2022-02-15,62.400001525878906,62.59999847412109,61.900001525878906,62.0,2298702
2022-02-16,62.70000076293945,63.0,62.400001525878906,62.900001525878906,2472017
2022-02-17,63.29999923706055,63.900001525878906,63.0,63.09999847412109,3920273
2022-02-18,62.79999923706055,63.20000076293945,62.5,63.0,1810317
2022-02-21,63.29999923706055,64.19999694824219,63.0,64.0,6252693
2022-02-22,63.70000076293945,64.0,63.0,63.900001525878906,4560743
2022-02-23,64.0999984741211,64.80000305175781,64.0,64.5999984741211,8691366
2022-02-24,64.0999984741211,64.69999694824219,63.5,63.70000076293945,8170016
2022-02-25,64.0999984741211,64.30000305175781,63.09999847412109,63.79999923706055,8556776
2022-03-01,64.19999694824219,65.5999984741211,63.79999923706055,64.80000305175781,7427280
2022-03-02,64.5,65.30000305175781,64.4000015258789,64.80000305175781,3839610
2022-03-03,65.0,65.19999694824219,64.5,64.69999694824219,2704881
2022-03-04,64.0,64.4000015258789,63.5,63.70000076293945,2904181
2022-03-07,63.0,63.5,61.59999847412109,62.59999847412109,5733322
2022-03-08,62.5,63.20000076293945,61.70000076293945,61.900001525878906,3784683
2022-03-09,62.29999923706055,62.5,61.900001525878906,61.900001525878906,2298993
2022-03-10,62.5,63.09999847412109,62.5,63.0,2633928
2022-03-11,62.900001525878906,62.900001525878906,62.20000076293945,62.400001525878906,1219921
2022-03-14,62.5,62.59999847412109,61.79999923706055,62.09999847412109,1942575
2022-03-15,62.0,62.09999847412109,61.09999847412109,61.20000076293945,2419123
2022-03-16,61.70000076293945,61.900001525878906,60.79999923706055,61.400001525878906,3152539
2022-03-17,61.900001525878906,63.20000076293945,61.900001525878906,62.900001525878906,4380198
2022-03-18,62.900001525878906,63.20000076293945,62.0,62.70000076293945,5159414
2022-03-21,62.900001525878906,63.29999923706055,62.20000076293945,62.29999923706055,2483966
2022-03-22,62.59999847412109,63.0,62.5,62.79999923706055,1958645
2022-03-23,62.79999923706055,63.09999847412109,62.5,62.70000076293945,2121678
2022-03-24,62.400001525878906,63.29999923706055,62.20000076293945,63.29999923706055,2878687
2022-03-25,63.09999847412109,63.29999923706055,62.59999847412109,62.79999923706055,1677442
2022-03-28,62.29999923706055,63.20000076293945,62.09999847412109,63.20000076293945,1952523
2022-03-29,63.20000076293945,63.29999923706055,62.59999847412109,62.70000076293945,1218155
2022-03-30,62.79999923706055,63.20000076293945,62.5,62.59999847412109,2665303
2022-03-31,62.59999847412109,63.5,62.59999847412109,62.79999923706055,2797138
2022-04-01,62.59999847412109,62.70000076293945,62.0,62.09999847412109,2683574
2022-04-06,62.09999847412109,62.29999923706055,61.59999847412109,61.79999923706055,3435701
2022-04-07,61.70000076293945,62.0,60.79999923706055,60.79999923706055,4083710
2022-04-08,61.20000076293945,61.400001525878906,60.70000076293945,60.79999923706055,2773372
2022-04-11,60.79999923706055,61.09999847412109,60.0,60.20000076293945,2653951
2022-04-12,60.09999847412109,60.5,60.0,60.20000076293945,2169684
2022-04-13,60.70000076293945,61.5,60.59999847412109,61.400001525878906,2332221
2022-04-14,61.59999847412109,61.59999847412109,61.0,61.09999847412109,1178821
2022-04-15,60.59999847412109,61.0,60.400001525878906,60.59999847412109,1562153
2022-04-18,60.09999847412109,61.20000076293945,60.0,60.59999847412109,1996171
2022-04-19,61.09999847412109,61.79999923706055,60.09999847412109,60.09999847412109,3492691
2022-04-20,60.400001525878906,60.900001525878906,60.09999847412109,60.5,2680312
2022-04-21,60.900001525878906,61.0,60.20000076293945,60.70000076293945,2757191
2022-04-22,60.09999847412109,60.59999847412109,59.29999923706055,60.59999847412109,4825634
2022-04-25,59.900001525878906,59.900001525878906,59.0,59.5,3905684
2022-04-26,59.400001525878906,59.70000076293945,59.0,59.400001525878906,2681968
2022-04-27,58.59999847412109,58.900001525878906,57.59999847412109,58.5,3446924
2022-04-28,58.5,59.0,58.09999847412109,59.0,2356474
2022-04-29,59.09999847412109,59.29999923706055,58.400001525878906,59.0,2647114
2022-05-03,58.79999923706055,60.09999847412109,58.59999847412109,59.900001525878906,3038585
2022-05-04,60.09999847412109,61.0,59.900001525878906,60.79999923706055,3688064
2022-05-05,61.29999923706055,61.5,60.70000076293945,61.29999923706055,2524571
2022-05-06,60.0,60.900001525878906,60.0,60.5,2284914
2022-05-09,60.09999847412109,60.79999923706055,59.900001525878906,60.5,2845651
2022-05-10,60.20000076293945,61.5,59.70000076293945,61.5,3565937
2022-05-11,61.0,61.79999923706055,60.59999847412109,61.29999923706055,3343976
2022-05-12,61.5,61.59999847412109,60.79999923706055,61.0,3094899
2022-05-13,59.0,59.79999923706055,58.09999847412109,58.5,9106128
2022-05-16,58.400001525878906,58.400001525878906,55.900001525878906,55.900001525878906,9024307
2022-05-17,55.900001525878906,56.400001525878906,54.5,54.900001525878906,7349252
2022-05-18,55.0,55.900001525878906,54.79999923706055,55.59999847412109,5476967
2022-05-19,54.70000076293945,54.70000076293945,53.79999923706055,54.0,6753494
2022-05-20,54.09999847412109,54.79999923706055,54.09999847412109,54.5,3526812
2022-05-23,54.79999923706055,55.400001525878906,53.79999923706055,53.79999923706055,7851061
2022-05-24,54.0,54.09999847412109,53.20000076293945,53.20000076293945,7926365
2022-05-25,53.29999923706055,54.70000076293945,53.09999847412109,54.400001525878906,7849145
2022-05-26,54.79999923706055,55.09999847412109,53.900001525878906,54.400001525878906,6309807
2022-05-27,54.59999847412109,54.900001525878906,54.0,54.59999847412109,10571217
2022-05-30,54.70000076293945,54.70000076293945,53.79999923706055,54.29999923706055,12178597
2022-05-31,54.29999923706055,56.09999847412109,53.70000076293945,54.59999847412109,94431029
2022-06-01,54.79999923706055,56.59999847412109,54.70000076293945,56.0,23679736
2022-06-02,55.70000076293945,57.400001525878906,55.70000076293945,56.5,22923695
2022-06-06,56.59999847412109,56.70000076293945,55.59999847412109,56.29999923706055,9628959
2022-06-07,56.400001525878906,56.79999923706055,56.09999847412109,56.20000076293945,6182804
2022-06-08,56.5,56.900001525878906,56.20000076293945,56.400001525878906,6106110
2022-06-09,56.5,56.900001525878906,56.09999847412109,56.400001525878906,7042638
2022-06-10,56.09999847412109,56.79999923706055,56.0,56.400001525878906,4530077
2022-06-13,55.79999923706055,56.09999847412109,55.29999923706055,55.5,7385285
2022-06-14,55.5,56.5,55.20000076293945,56.400001525878906,6112560
2022-06-15,56.59999847412109,57.09999847412109,56.20000076293945,56.20000076293945,6125457
2022-06-16,56.79999923706055,56.900001525878906,55.20000076293945,55.20000076293945,5732619
2022-06-17,54.5,55.5,54.0,55.5,11871911
2022-06-20,55.09999847412109,55.09999847412109,52.79999923706055,52.900001525878906,8855329
2022-06-21,53.5,54.70000076293945,53.400001525878906,54.59999847412109,4188529
2022-06-22,54.59999847412109,54.70000076293945,53.0,53.20000076293945,3746951
2022-06-23,53.70000076293945,53.70000076293945,52.09999847412109,52.5,3753111
2022-06-24,53.20000076293945,53.400001525878906,52.59999847412109,52.70000076293945,3022187
2022-06-27,53.29999923706055,53.79999923706055,52.79999923706055,53.59999847412109,2657198
2022-06-28,53.79999923706055,53.79999923706055,52.79999923706055,53.09999847412109,1639793
2022-06-29,52.5,52.70000076293945,52.0,52.20000076293945,3868447
2022-06-30,51.900001525878906,52.0,49.25,49.29999923706055,9790551
2022-07-01,49.5,49.54999923706055,47.0,47.0,8290141
2022-07-04,46.0,46.59999847412109,45.5,45.70000076293945,4841991
2022-07-05,46.79999923706055,47.0,45.70000076293945,46.54999923706055,2973151
2022-07-06,46.59999847412109,46.650001525878906,45.09999847412109,45.09999847412109,4196391
2022-07-07,45.25,46.25,45.09999847412109,46.25,3460715
2022-07-08,46.400001525878906,46.79999923706055,46.0,46.04999923706055,2695975
2022-07-11,46.400001525878906,46.45000076293945,45.900001525878906,46.25,1545655
2022-07-12,45.59999847412109,45.95000076293945,45.400001525878906,45.70000076293945,2428540
2022-07-13,46.400001525878906,47.650001525878906,46.400001525878906,47.04999923706055,4146866
2022-07-14,46.84999847412109,47.25,46.20000076293945,46.79999923706055,3075855
2022-07-15,46.79999923706055,46.79999923706055,46.25,46.59999847412109,2549307
2022-07-18,46.95000076293945,47.25,46.70000076293945,47.0,2108594
2022-07-19,46.95000076293945,47.09999847412109,46.59999847412109,46.900001525878906,1817656
2022-07-20,47.400001525878906,48.04999923706055,47.25,47.5,4272809
2022-07-21,47.70000076293945,48.75,47.400001525878906,48.75,3378929
2022-07-22,49.0,49.84999847412109,48.70000076293945,49.20000076293945,4928393
2022-07-25,48.900001525878906,49.45000076293945,48.5,49.20000076293945,2221707
2022-07-26,49.09999847412109,49.09999847412109,48.70000076293945,48.70000076293945,1798623
2022-07-27,49.150001525878906,49.25,48.59999847412109,49.0,1819951
2022-07-28,49.29999923706055,49.400001525878906,49.150001525878906,49.29999923706055,2205025
2022-07-29,49.79999923706055,49.95000076293945,49.09999847412109,49.25,1714038
2022-08-01,49.29999923706055,49.75,48.79999923706055,49.5,2076145
2022-08-02,48.84999847412109,49.0,48.09999847412109,48.29999923706055,3093007
2022-08-03,48.34999847412109,48.5,48.0,48.09999847412109,2150186
2022-08-04,48.09999847412109,48.45000076293945,47.5,47.95000076293945,2155011
2022-08-05,48.25,48.95000076293945,48.25,48.84999847412109,1996438
2022-08-08,48.25,48.84999847412109,48.09999847412109,48.59999847412109,1564431
2022-08-09,48.29999923706055,49.20000076293945,48.29999923706055,49.09999847412109,1814331
2022-08-10,48.95000076293945,50.0,48.84999847412109,49.79999923706055,3320024
2022-08-11,50.20000076293945,50.900001525878906,50.0,50.59999847412109,4613510
2022-08-12,50.5,51.20000076293945,50.5,51.09999847412109,4666895
2022-08-15,51.20000076293945,51.20000076293945,50.29999923706055,50.400001525878906,3286769
2022-08-16,50.400001525878906,50.79999923706055,50.20000076293945,50.400001525878906,2215597
2022-08-17,50.400001525878906,50.79999923706055,50.0,50.400001525878906,2965341
2022-08-18,50.400001525878906,50.400001525878906,49.79999923706055,50.20000076293945,1248838
2022-08-19,50.09999847412109,50.79999923706055,50.0,50.59999847412109,1298761
2022-08-22,50.20000076293945,50.59999847412109,49.95000076293945,50.29999923706055,913000
2022-08-23,50.0,50.20000076293945,49.84999847412109,50.0,1272285
2022-08-24,50.0,50.59999847412109,50.0,50.29999923706055,1689784
2022-08-25,50.70000076293945,50.900001525878906,50.400001525878906,50.70000076293945,1798646
2022-08-26,51.0,51.79999923706055,50.70000076293945,51.59999847412109,3630731
2022-08-29,50.400001525878906,50.59999847412109,50.09999847412109,50.20000076293945,2925120
2022-08-30,50.400001525878906,50.70000076293945,50.20000076293945,50.59999847412109,2324735
2022-08-31,50.29999923706055,51.0,50.29999923706055,50.59999847412109,1752329
2022-09-01,50.5,50.59999847412109,50.0,50.20000076293945,2363900
2022-09-02,50.29999923706055,50.70000076293945,50.09999847412109,50.09999847412109,1501089
2022-09-05,50.20000076293945,50.59999847412109,50.0,50.09999847412109,1883861
2022-09-06,50.20000076293945,50.20000076293945,48.150001525878906,48.150001525878906,5226345
2022-09-07,47.70000076293945,48.0,47.09999847412109,47.150001525878906,3230698
2022-09-08,47.900001525878906,48.20000076293945,47.400001525878906,48.09999847412109,1476282
2022-09-12,49.04999923706055,49.20000076293945,48.34999847412109,49.0,1825531
2022-09-13,49.20000076293945,50.29999923706055,49.04999923706055,49.79999923706055,2253026
2022-09-14,48.900001525878906,49.150001525878906,48.5,48.84999847412109,2095897
2022-09-15,48.75,49.29999923706055,48.70000076293945,48.900001525878906,1434435
2022-09-16,48.59999847412109,48.84999847412109,48.0,48.0,3960887
2022-09-19,48.5,48.5,47.79999923706055,48.0,1265435
2022-09-20,48.29999923706055,48.45000076293945,48.0,48.29999923706055,732322
2022-09-21,48.25,48.29999923706055,47.20000076293945,47.34999847412109,1956007
2022-09-22,46.95000076293945,47.400001525878906,46.650001525878906,47.20000076293945,1392305
2022-09-23,47.20000076293945,47.54999923706055,46.70000076293945,46.75,1772345
2022-09-26,46.5,46.54999923706055,45.70000076293945,45.79999923706055,3124988
2022-09-27,46.150001525878906,46.54999923706055,45.900001525878906,46.400001525878906,1585869
2022-09-28,46.29999923706055,46.5,45.150001525878906,45.150001525878906,2538007
2022-09-29,45.34999847412109,46.29999923706055,45.25,45.95000076293945,2774903
2022-09-30,45.29999923706055,45.95000076293945,45.25,45.84999847412109,1824577
2022-10-03,45.34999847412109,45.84999847412109,45.29999923706055,45.29999923706055,1350852
2022-10-04,45.900001525878906,46.25,45.70000076293945,46.04999923706055,1092406
2022-10-05,46.5,46.95000076293945,46.34999847412109,46.54999923706055,2001380
2022-10-06,46.79999923706055,47.09999847412109,46.5,47.0,1415136
2022-10-07,46.900001525878906,47.54999923706055,46.79999923706055,47.400001525878906,1709935
2022-10-11,46.650001525878906,46.900001525878906,46.04999923706055,46.34999847412109,1996682
2022-10-12,46.25,46.75,45.650001525878906,46.150001525878906,1178352
2022-10-13,45.84999847412109,46.150001525878906,45.25,45.25,3270778
2022-10-14,46.20000076293945,46.5,45.79999923706055,46.09999847412109,2529622
2022-10-17,46.20000076293945,46.95000076293945,45.5,46.45000076293945,2832797
2022-10-18,47.54999923706055,47.54999923706055,46.25,46.29999923706055,2321416
2022-10-19,46.79999923706055,47.0,46.0,46.0,2001940
2022-10-20,46.04999923706055,46.150001525878906,45.25,45.95000076293945,2592696
2022-10-21,46.5,46.5,45.5,45.59999847412109,1941563
2022-10-24,46.5,46.5,45.70000076293945,45.95000076293945,2158354
2022-10-25,46.45000076293945,46.45000076293945,45.5,45.75,1940443
2022-10-26,46.0,46.0,45.25,45.5,1971080
2022-10-27,46.20000076293945,46.20000076293945,45.59999847412109,45.84999847412109,1653691
2022-10-28,46.09999847412109,46.09999847412109,45.34999847412109,45.5,2030177
2022-10-31,45.900001525878906,45.900001525878906,45.20000076293945,45.20000076293945,2152581
2022-11-01,45.45000076293945,45.650001525878906,44.79999923706055,45.45000076293945,1893632
2022-11-02,45.650001525878906,45.900001525878906,45.400001525878906,45.70000076293945,1246536
2022-11-03,45.79999923706055,45.79999923706055,45.34999847412109,45.54999923706055,1366708
2022-11-04,45.79999923706055,45.79999923706055,45.150001525878906,45.650001525878906,1708876
2022-11-07,45.95000076293945,46.29999923706055,45.75,46.29999923706055,1860487
2022-11-08,46.5,47.0,46.45000076293945,46.84999847412109,2557401
2022-11-09,47.29999923706055,48.45000076293945,47.150001525878906,48.20000076293945,4450751
2022-11-10,47.95000076293945,48.09999847412109,47.400001525878906,47.54999923706055,3233350
2022-11-11,48.70000076293945,48.900001525878906,48.0,48.84999847412109,6708466
2022-11-14,49.09999847412109,49.79999923706055,48.54999923706055,49.5,4628986
2022-11-15,49.95000076293945,50.0,49.400001525878906,49.59999847412109,3661859
2022-11-16,49.70000076293945,50.79999923706055,49.29999923706055,50.09999847412109,5456939
2022-11-17,50.5,50.5,49.79999923706055,49.900001525878906,2144132
2022-11-18,50.29999923706055,50.29999923706055,49.5,49.650001525878906,2244034
2022-11-21,49.70000076293945,49.79999923706055,49.34999847412109,49.54999923706055,1286718
2022-11-22,49.79999923706055,50.09999847412109,49.5,50.0,1782995
2022-11-23,50.20000076293945,50.20000076293945,49.70000076293945,49.75,1406655
2022-11-24,49.5,50.0,49.5,49.84999847412109,1425820
2022-11-25,50.0,50.09999847412109,49.59999847412109,49.95000076293945,1933816
2022-11-28,49.95000076293945,50.0,49.0,49.95000076293945,1944198
2022-11-29,50.20000076293945,50.20000076293945,49.45000076293945,50.09999847412109,2303192
2022-11-30,50.5,52.20000076293945,50.29999923706055,52.09999847412109,7437787
2022-12-01,52.79999923706055,52.79999923706055,51.79999923706055,51.900001525878906,4760625
2022-12-02,51.79999923706055,54.59999847412109,51.79999923706055,54.0,12907366
2022-12-05,54.79999923706055,54.900001525878906,53.79999923706055,54.20000076293945,7270627
2022-12-06,54.0,54.0,52.79999923706055,53.20000076293945,4750376
2022-12-07,53.0,53.20000076293945,52.09999847412109,52.79999923706055,3822924
2022-12-08,53.20000076293945,53.20000076293945,52.5,52.70000076293945,2538677
2022-12-09,53.29999923706055,53.29999923706055,52.70000076293945,53.20000076293945,2404064
2022-12-12,52.900001525878906,53.09999847412109,52.59999847412109,52.79999923706055,1351458
2022-12-13,53.400001525878906,54.29999923706055,53.09999847412109,53.70000076293945,6027140
2022-12-14,53.900001525878906,53.900001525878906,52.900001525878906,53.70000076293945,2683311
2022-12-15,54.20000076293945,54.20000076293945,53.400001525878906,53.79999923706055,1917569
2022-12-16,52.79999923706055,53.0,52.29999923706055,52.59999847412109,3589515
2022-12-19,52.29999923706055,52.5,51.70000076293945,51.900001525878906,1836073
2022-12-20,52.29999923706055,52.29999923706055,50.900001525878906,51.0,2281396
2022-12-21,51.20000076293945,51.70000076293945,50.59999847412109,50.59999847412109,1965723
2022-12-22,51.20000076293945,52.20000076293945,50.900001525878906,52.0,2600458
2022-12-23,51.09999847412109,51.79999923706055,51.0,51.400001525878906,1086127
2022-12-26,52.20000076293945,52.20000076293945,51.0,51.09999847412109,940514
2022-12-27,51.20000076293945,52.0,51.20000076293945,52.0,1091692
2022-12-28,51.79999923706055,52.70000076293945,51.59999847412109,52.29999923706055,3609422
2022-12-29,52.0,52.09999847412109,51.0,51.0,2758467
2022-12-30,51.79999923706055,52.29999923706055,51.400001525878906,51.900001525878906,3049743
2023-01-03,52.20000076293945,52.20000076293945,50.29999923706055,51.29999923706055,2541109
2023-01-04,51.0,51.79999923706055,51.0,51.400001525878906,1221229
2023-01-05,51.59999847412109,51.900001525878906,50.900001525878906,51.0,1313769
2023-01-06,51.59999847412109,52.400001525878906,51.29999923706055,52.400001525878906,4385171
2023-01-09,52.900001525878906,53.5,52.400001525878906,53.20000076293945,4515223
2023-01-10,53.20000076293945,53.79999923706055,53.0,53.400001525878906,2577441
2023-01-11,53.5,53.900001525878906,53.29999923706055,53.79999923706055,3463742
2023-01-12,54.0,54.0,52.70000076293945,52.70000076293945,2676594
2023-01-13,53.20000076293945,53.5,52.59999847412109,52.59999847412109,1730675
2023-01-16,53.09999847412109,53.09999847412109,52.20000076293945,52.400001525878906,1195992
2023-01-17,52.400001525878906,52.70000076293945,52.0,52.20000076293945,1409056
2023-01-30,53.400001525878906,56.0,52.70000076293945,55.400001525878906,16666087
2023-01-31,55.20000076293945,55.400001525878906,54.0,54.20000076293945,8334373
2023-02-01,54.70000076293945,55.29999923706055,54.29999923706055,55.0,5256406
2023-02-02,55.29999923706055,56.79999923706055,55.09999847412109,56.400001525878906,13085360
2023-02-03,56.400001525878906,56.900001525878906,56.09999847412109,56.29999923706055,7505500
2023-02-06,56.5,57.0,56.09999847412109,56.5,4901139
2023-02-07,56.09999847412109,56.59999847412109,55.70000076293945,56.20000076293945,2888092
2023-02-08,56.59999847412109,56.70000076293945,55.79999923706055,55.79999923706055,3736029
2023-02-09,55.5,55.900001525878906,55.29999923706055,55.5,3048000
2023-02-10,55.29999923706055,55.5,54.5,54.59999847412109,5187120
2023-02-13,54.79999923706055,55.20000076293945,54.400001525878906,54.900001525878906,1979040
2023-02-14,55.400001525878906,55.5,54.900001525878906,55.09999847412109,1427945
2023-02-15,55.20000076293945,55.29999923706055,54.20000076293945,54.5,4123830
2023-02-16,54.900001525878906,55.29999923706055,54.5,55.09999847412109,2349228
2023-02-17,55.09999847412109,55.5,54.5,55.29999923706055,1926002
2023-02-20,55.79999923706055,56.20000076293945,55.400001525878906,56.0,3169713
2023-02-21,56.0,56.09999847412109,55.5,55.70000076293945,2088393
2023-02-22,55.400001525878906,55.400001525878906,54.70000076293945,55.20000076293945,2327853
2023-02-23,55.59999847412109,56.400001525878906,55.29999923706055,56.0,3938967
2023-02-24,56.5,56.59999847412109,55.5,55.5,2978065
2023-03-01,55.0,55.400001525878906,54.79999923706055,55.29999923706055,2197429
2023-03-02,55.900001525878906,55.900001525878906,55.0,55.20000076293945,1779075
2023-03-03,55.59999847412109,55.59999847412109,55.0,55.20000076293945,1518903
2023-03-06,55.29999923706055,56.09999847412109,55.09999847412109,55.900001525878906,3060310
2023-03-07,55.900001525878906,56.79999923706055,55.79999923706055,56.0,4026296
2023-03-08,55.79999923706055,56.0,54.79999923706055,55.20000076293945,5744856
2023-03-09,55.5,55.5,54.70000076293945,54.900001525878906,2617529
2023-03-10,54.400001525878906,54.5,53.400001525878906,53.59999847412109,4651793
2023-03-13,53.0,53.59999847412109,52.59999847412109,53.59999847412109,2151996
2023-03-14,52.70000076293945,53.20000076293945,52.5,52.900001525878906,1716370
2023-03-15,53.20000076293945,53.20000076293945,52.59999847412109,52.70000076293945,1819458
2023-03-16,52.400001525878906,52.5,51.59999847412109,51.900001525878906,2609959
2023-03-17,52.09999847412109,52.70000076293945,52.09999847412109,52.20000076293945,3401222
2023-03-20,52.20000076293945,53.20000076293945,52.09999847412109,53.0,1882282
2023-03-21,53.29999923706055,53.59999847412109,53.0,53.29999923706055,1558523
2023-03-22,53.400001525878906,53.59999847412109,53.09999847412109,53.29999923706055,1413533
2023-03-23,53.400001525878906,54.0,53.09999847412109,53.900001525878906,2474737
2023-03-24,54.09999847412109,55.0,53.900001525878906,54.70000076293945,3155758
2023-03-27,54.70000076293945,54.900001525878906,53.79999923706055,54.0,2887853
2023-03-28,54.20000076293945,54.400001525878906,53.400001525878906,53.5,1351885
2023-03-29,53.900001525878906,55.70000076293945,53.900001525878906,55.5,7654965
2023-03-30,55.79999923706055,56.09999847412109,55.29999923706055,55.59999847412109,4529460
2023-03-31,55.900001525878906,56.29999923706055,55.59999847412109,55.900001525878906,4430764
2023-04-06,56.29999923706055,56.5,55.59999847412109,56.09999847412109,4282650
2023-04-07,56.29999923706055,56.400001525878906,55.5,55.5,2538729
2023-04-10,55.70000076293945,55.79999923706055,55.20000076293945,55.5,1483138
2023-04-11,55.5,55.70000076293945,55.29999923706055,55.70000076293945,1246853
2023-04-12,55.5,55.70000076293945,55.09999847412109,55.29999923706055,1704726
2023-04-13,55.29999923706055,55.29999923706055,54.59999847412109,54.70000076293945,1748075
2023-04-14,54.79999923706055,55.400001525878906,54.79999923706055,54.79999923706055,1704257
2023-04-17,55.20000076293945,55.5,55.0,55.0,1245415
2023-04-18,55.29999923706055,55.400001525878906,54.79999923706055,54.79999923706055,1280227
2023-04-19,55.29999923706055,56.20000076293945,55.0,55.0,3761289
2023-04-20,55.09999847412109,55.29999923706055,54.400001525878906,54.400001525878906,1838915
2023-04-21,54.29999923706055,54.70000076293945,53.79999923706055,53.79999923706055,1976328
2023-04-24,53.29999923706055,53.900001525878906,53.20000076293945,53.400001525878906,1125647
2023-04-25,53.59999847412109,53.70000076293945,52.5,52.59999847412109,2116822
2023-04-26,52.70000076293945,53.20000076293945,52.70000076293945,52.900001525878906,1279872
2023-04-27,52.900001525878906,53.5,52.5,53.400001525878906,1311165
2023-04-28,54.0,54.0,53.5,53.900001525878906,1138435
2023-05-02,53.900001525878906,54.29999923706055,53.5,53.79999923706055,1114918
2023-05-03,53.59999847412109,54.0,53.400001525878906,53.79999923706055,920586
2023-05-04,53.5,54.0,53.5,53.79999923706055,939868
2023-05-05,53.900001525878906,54.0,53.400001525878906,53.79999923706055,1376616
2023-05-08,53.400001525878906,53.59999847412109,53.20000076293945,53.5,1386229
2023-05-09,53.79999923706055,54.0,53.29999923706055,53.79999923706055,1386101
2023-05-10,53.79999923706055,53.79999923706055,52.79999923706055,53.09999847412109,1623723
2023-05-11,53.20000076293945,53.20000076293945,52.20000076293945,52.400001525878906,1865770
2023-05-12,52.0,52.59999847412109,51.70000076293945,52.20000076293945,2195272
2023-05-15,52.20000076293945,52.70000076293945,51.59999847412109,52.70000076293945,1339672
2023-05-16,52.900001525878906,53.20000076293945,52.70000076293945,52.79999923706055,1190694
2023-05-17,53.20000076293945,53.70000076293945,53.0,53.5,1737727
2023-05-18,53.59999847412109,54.0,53.5,53.70000076293945,1453031
2023-05-19,53.900001525878906,54.09999847412109,53.59999847412109,53.900001525878906,1627054
2023-05-22,53.79999923706055,54.09999847412109,53.70000076293945,54.0,777300
2023-05-23,54.20000076293945,54.29999923706055,53.79999923706055,53.900001525878906,1030899
2023-05-24,54.0,54.0,53.59999847412109,54.0,976533
2023-05-25,53.70000076293945,54.0,53.5,53.59999847412109,1177343
2023-05-26,53.5,53.59999847412109,53.20000076293945,53.20000076293945,1069756
2023-05-29,53.5,54.29999923706055,53.5,54.20000076293945,1659398
2023-05-30,54.29999923706055,54.900001525878906,54.09999847412109,54.5,2727789
2023-05-31,54.900001525878906,55.09999847412109,54.29999923706055,54.29999923706055,4361562
2023-06-01,54.400001525878906,55.79999923706055,54.29999923706055,55.79999923706055,5224570
2023-06-02,56.20000076293945,56.29999923706055,55.59999847412109,55.900001525878906,4587338
2023-06-05,56.20000076293945,56.20000076293945,55.5,55.79999923706055,1938152
2023-06-06,55.79999923706055,55.900001525878906,55.29999923706055,55.70000076293945,2456591
2023-06-07,55.70000076293945,55.79999923706055,55.29999923706055,55.29999923706055,1707924
2023-06-08,55.29999923706055,55.29999923706055,54.79999923706055,55.0,1861022
2023-06-09,55.09999847412109,55.20000076293945,54.59999847412109,54.59999847412109,1493196
2023-06-12,54.5,56.0,54.5,55.400001525878906,2536969
2023-06-13,56.0,56.20000076293945,55.59999847412109,55.79999923706055,4252450
2023-06-14,56.20000076293945,57.400001525878906,56.09999847412109,56.5,7926842
2023-06-15,56.79999923706055,57.20000076293945,56.20000076293945,56.5,3881069
2023-06-16,57.0,57.09999847412109,56.0,56.0,5165579
2023-06-19,56.09999847412109,56.59999847412109,55.59999847412109,56.5,2575472
2023-06-20,56.70000076293945,56.70000076293945,55.900001525878906,56.09999847412109,1506515
2023-06-21,56.09999847412109,56.20000076293945,55.59999847412109,55.59999847412109,2131147
2023-06-26,56.0,58.400001525878906,55.5,57.59999847412109,8248099
2023-06-27,57.59999847412109,57.59999847412109,55.70000076293945,55.79999923706055,4517709
2023-06-28,56.09999847412109,56.5,55.79999923706055,56.0,2014682
2023-06-29,56.5,56.5,55.79999923706055,55.79999923706055,2349403
2023-06-30,55.59999847412109,56.0,55.09999847412109,55.59999847412109,2952524
2023-07-03,56.0,56.70000076293945,55.900001525878906,56.0,4290230
2023-07-04,54.79999923706055,55.0,54.59999847412109,54.70000076293945,2095324
2023-07-05,54.70000076293945,54.70000076293945,53.70000076293945,53.70000076293945,3508112
2023-07-06,53.70000076293945,53.70000076293945,52.70000076293945,53.0,3648387
2023-07-07,52.5,53.400001525878906,52.400001525878906,52.900001525878906,2293425
2023-07-10,52.900001525878906,53.59999847412109,52.79999923706055,52.900001525878906,1780888
2023-07-11,53.5,53.79999923706055,53.29999923706055,53.59999847412109,1299693
2023-07-12,53.900001525878906,54.400001525878906,53.70000076293945,54.0,1977951
2023-07-13,54.5,56.20000076293945,54.5,54.900001525878906,6129479
2023-07-14,55.5,56.20000076293945,55.20000076293945,56.20000076293945,5149529
2023-07-17,56.29999923706055,57.5,56.20000076293945,57.20000076293945,7570745
2023-07-18,57.400001525878906,59.0,57.0,57.400001525878906,9797004
2023-07-19,57.5,57.900001525878906,55.59999847412109,55.900001525878906,4675326
2023-07-20,55.70000076293945,55.900001525878906,55.20000076293945,55.20000076293945,1824298
2023-07-21,54.900001525878906,55.0,53.900001525878906,54.29999923706055,3095984
2023-07-24,54.400001525878906,55.70000076293945,53.59999847412109,55.0,3061344
2023-07-25,55.20000076293945,60.5,55.20000076293945,59.5,37502450
2023-07-26,60.0,60.400001525878906,56.900001525878906,57.0,17076626
2023-07-27,57.0,58.0,56.5,56.900001525878906,5144437
2023-07-28,56.70000076293945,56.900001525878906,55.900001525878906,56.29999923706055,3864241
2023-07-31,56.79999923706055,56.900001525878906,55.5,55.70000076293945,3683118
2023-08-01,55.79999923706055,56.400001525878906,55.70000076293945,55.70000076293945,2409409
2023-08-02,55.29999923706055,55.79999923706055,54.400001525878906,54.5,5116212
2023-08-04,54.5,55.09999847412109,54.5,54.79999923706055,1762859
2023-08-07,56.09999847412109,57.20000076293945,56.0,56.20000076293945,3549868
2023-08-08,56.59999847412109,57.09999847412109,56.09999847412109,56.59999847412109,3233262
2023-08-09,56.59999847412109,57.29999923706055,56.400001525878906,56.900001525878906,3532508
2023-08-10,57.09999847412109,57.59999847412109,56.09999847412109,56.20000076293945,3454426
2023-08-11,56.900001525878906,56.900001525878906,55.79999923706055,56.09999847412109,1874154
2023-08-14,56.29999923706055,56.29999923706055,54.70000076293945,55.70000076293945,2919253
2023-08-15,55.59999847412109,55.900001525878906,55.20000076293945,55.5,1499022
2023-08-16,55.0,55.20000076293945,54.5,54.79999923706055,2563643
2023-08-17,54.20000076293945,55.5,53.79999923706055,54.900001525878906,2457998
2023-08-18,54.59999847412109,55.5,54.59999847412109,55.0,1753717
2023-08-21,55.20000076293945,55.20000076293945,54.29999923706055,54.29999923706055,1223398
2023-08-22,54.5,54.59999847412109,54.09999847412109,54.29999923706055,1480353
2023-08-23,54.09999847412109,54.900001525878906,54.0,54.79999923706055,1085948
2023-08-24,55.400001525878906,56.20000076293945,55.20000076293945,55.5,2179693
2023-08-25,55.09999847412109,55.59999847412109,54.70000076293945,54.79999923706055,1359952
2023-08-28,55.09999847412109,55.59999847412109,54.59999847412109,54.70000076293945,1329901
2023-08-29,55.0,55.0,54.0,54.79999923706055,1873919
2023-08-30,55.0,55.5,54.79999923706055,55.29999923706055,1571660
2023-08-31,55.29999923706055,56.09999847412109,54.900001525878906,55.70000076293945,2796361
2023-09-01,56.0,57.20000076293945,55.79999923706055,57.0,5193100
2023-09-04,57.400001525878906,57.400001525878906,55.5,55.900001525878906,3131881
2023-09-05,55.79999923706055,56.5,55.70000076293945,56.29999923706055,1522710
2023-09-06,56.70000076293945,57.400001525878906,56.5,57.09999847412109,5177380
2023-09-07,56.70000076293945,57.29999923706055,56.400001525878906,56.5,2771558
2023-09-08,56.59999847412109,57.20000076293945,56.5,57.09999847412109,2874935
2023-09-11,57.5,57.79999923706055,56.0,56.20000076293945,3526292
2023-09-12,56.70000076293945,57.5,56.5,57.29999923706055,4190752
2023-09-13,57.5,57.59999847412109,56.400001525878906,56.5,3044642
2023-09-14,57.20000076293945,57.70000076293945,57.09999847412109,57.5,4270335
2023-09-15,57.900001525878906,59.0,57.09999847412109,59.0,10014729
2023-09-18,59.0,59.0,57.09999847412109,57.09999847412109,10794762
2023-09-19,57.900001525878906,62.79999923706055,57.5,60.70000076293945,46275399
2023-09-20,61.29999923706055,61.400001525878906,58.70000076293945,58.900001525878906,20886195
2023-09-21,58.79999923706055,59.29999923706055,57.59999847412109,58.0,9984433
2023-09-22,57.59999847412109,58.29999923706055,57.400001525878906,57.5,5819142
2023-09-25,57.70000076293945,58.09999847412109,57.0,57.59999847412109,4213941
2023-09-26,57.400001525878906,57.5,56.20000076293945,56.29999923706055,4475517
2023-09-27,55.900001525878906,56.400001525878906,55.5,55.900001525878906,4698429
2023-09-28,56.29999923706055,58.09999847412109,55.900001525878906,57.70000076293945,5943973
2023-10-02,57.59999847412109,58.20000076293945,56.900001525878906,57.59999847412109,5483399
2023-10-03,57.900001525878906,58.400001525878906,57.400001525878906,57.400001525878906,4385655
2023-10-04,56.79999923706055,57.09999847412109,56.09999847412109,57.09999847412109,3325892
2023-10-05,57.400001525878906,58.29999923706055,57.20000076293945,58.20000076293945,3852157
2023-10-06,57.400001525878906,57.400001525878906,55.79999923706055,56.5,8595137
2023-10-11,57.400001525878906,57.5,56.79999923706055,57.400001525878906,4504059
2023-10-12,57.59999847412109,58.0,57.20000076293945,58.0,3879705
2023-10-13,57.400001525878906,57.79999923706055,57.0,57.20000076293945,2678217
2023-10-16,56.900001525878906,56.900001525878906,56.29999923706055,56.59999847412109,2386695
2023-10-17,57.09999847412109,57.09999847412109,56.29999923706055,56.400001525878906,2435043
2023-10-18,56.79999923706055,56.79999923706055,55.20000076293945,55.5,4460405
2023-10-19,55.79999923706055,55.79999923706055,54.59999847412109,55.09999847412109,3068684
2023-10-20,54.5,54.900001525878906,54.20000076293945,54.70000076293945,2326660
2023-10-23,54.09999847412109,54.09999847412109,52.0,53.5,4915939
2023-10-24,53.59999847412109,53.59999847412109,52.400001525878906,53.09999847412109,2688213
2023-10-25,53.400001525878906,53.79999923706055,53.29999923706055,53.29999923706055,1486553
2023-10-26,52.79999923706055,52.79999923706055,52.29999923706055,52.29999923706055,2651627
2023-10-27,52.59999847412109,53.29999923706055,52.59999847412109,52.900001525878906,1423825
2023-10-30,53.09999847412109,53.29999923706055,51.79999923706055,51.79999923706055,4000560
2023-10-31,51.79999923706055,52.900001525878906,51.79999923706055,52.400001525878906,4292638
2023-11-01,52.20000076293945,52.70000076293945,52.0,52.20000076293945,2557857
2023-11-02,52.79999923706055,53.20000076293945,52.70000076293945,53.0,1431147
2023-11-03,53.29999923706055,53.29999923706055,52.59999847412109,52.70000076293945,1371309
2023-11-06,52.09999847412109,53.09999847412109,52.0,52.5,3351154
2023-11-07,52.59999847412109,52.59999847412109,52.09999847412109,52.20000076293945,1923360
2023-11-08,52.59999847412109,53.0,52.20000076293945,52.20000076293945,2339461
2023-11-09,52.29999923706055,52.70000076293945,52.20000076293945,52.29999923706055,1677321
2023-11-10,52.09999847412109,52.29999923706055,51.900001525878906,52.20000076293945,1127035
2023-11-13,52.5,52.70000076293945,52.20000076293945,52.29999923706055,1018082
2023-11-14,52.29999923706055,52.900001525878906,52.0,52.29999923706055,2598428
2023-11-15,53.0,53.400001525878906,52.400001525878906,52.900001525878906,3759619
2023-11-16,52.900001525878906,53.0,52.400001525878906,52.79999923706055,2177409
2023-11-17,52.79999923706055,53.5,52.79999923706055,53.20000076293945,2816286
2023-11-20,53.29999923706055,53.400001525878906,52.79999923706055,53.0,1936192
2023-11-21,53.29999923706055,53.59999847412109,53.0,53.5,2480168
2023-11-22,53.900001525878906,53.900001525878906,53.0,53.29999923706055,1941173
2023-11-23,53.400001525878906,53.5,52.900001525878906,53.29999923706055,2005872
2023-11-24,53.400001525878906,53.70000076293945,53.20000076293945,53.29999923706055,1069211
2023-11-27,53.400001525878906,53.79999923706055,52.900001525878906,53.0,2040997
2023-11-28,53.09999847412109,53.59999847412109,53.0,53.400001525878906,1452685
2023-11-29,53.29999923706055,53.59999847412109,53.29999923706055,53.400001525878906,1636942
2023-11-30,53.5,53.59999847412109,53.09999847412109,53.29999923706055,1820306
2023-12-01,53.20000076293945,53.29999923706055,53.0,53.20000076293945,1931983
2023-12-04,53.20000076293945,53.59999847412109,53.20000076293945,53.20000076293945,1768023
2023-12-05,53.20000076293945,53.79999923706055,53.0,53.09999847412109,2037110
2023-12-06,52.59999847412109,52.59999847412109,51.70000076293945,52.0,6512872
2023-12-07,51.900001525878906,52.20000076293945,51.5,51.5,3651646
2023-12-08,51.59999847412109,51.79999923706055,51.5,51.59999847412109,1760413
2023-12-11,52.0,52.0,51.20000076293945,51.29999923706055,2594896
2023-12-12,51.900001525878906,51.900001525878906,51.20000076293945,51.29999923706055,1838164
2023-12-13,51.400001525878906,52.20000076293945,51.400001525878906,52.0,2164798
2023-12-14,52.20000076293945,52.29999923706055,51.70000076293945,52.0,2769515
2023-12-15,52.20000076293945,52.29999923706055,52.0,52.0,4755619
2023-12-18,51.900001525878906,52.09999847412109,51.70000076293945,52.0,1683719
2023-12-19,51.900001525878906,51.900001525878906,51.400001525878906,51.59999847412109,1734350
2023-12-20,51.70000076293945,52.29999923706055,51.59999847412109,52.29999923706055,1677428
2023-12-21,51.5,52.0,51.5,51.70000076293945,1207948
2023-12-22,51.5,51.79999923706055,51.400001525878906,51.70000076293945,2118585
2023-12-25,51.70000076293945,52.09999847412109,51.70000076293945,51.900001525878906,1046293
2023-12-26,52.20000076293945,52.29999923706055,52.0,52.20000076293945,1411553
2023-12-27,52.20000076293945,52.400001525878906,52.09999847412109,52.400001525878906,1676632
2023-12-28,52.09999847412109,52.900001525878906,52.09999847412109,52.70000076293945,2413659
2023-12-29,52.79999923706055,53.59999847412109,52.5,53.09999847412109,4005553
2024-01-02,53.09999847412109,53.29999923706055,52.5,52.79999923706055,1493554
2024-01-03,52.400001525878906,52.5,51.900001525878906,52.09999847412109,1892217
2024-01-04,52.09999847412109,52.09999847412109,51.79999923706055,51.900001525878906,1135148
2024-01-05,51.900001525878906,52.20000076293945,51.59999847412109,51.79999923706055,1372642
2024-01-08,51.59999847412109,52.0,51.5,51.59999847412109,2080435
2024-01-09,51.79999923706055,52.0,51.5,51.5,1446474
2024-01-10,51.5,51.5,50.900001525878906,51.20000076293945,2180670
2024-01-11,51.59999847412109,51.59999847412109,51.20000076293945,51.29999923706055,884081
2024-01-12,51.29999923706055,51.5,51.20000076293945,51.400001525878906,994990
2024-01-15,51.400001525878906,51.5,51.20000076293945,51.29999923706055,979209
2024-01-16,51.09999847412109,51.20000076293945,50.20000076293945,50.79999923706055,2916985
2024-01-17,50.29999923706055,50.59999847412109,49.650001525878906,49.650001525878906,4529449
2024-01-18,49.59999847412109,50.09999847412109,49.59999847412109,49.59999847412109,2140050
2024-01-19,49.5,49.84999847412109,49.45000076293945,49.70000076293945,2087909
2024-01-22,50.0,50.5,49.900001525878906,50.20000076293945,1190493
2024-01-23,50.20000076293945,50.5,50.0,50.20000076293945,1086204
2024-01-24,50.29999923706055,50.59999847412109,50.20000076293945,50.400001525878906,965690
2024-01-25,50.400001525878906,50.79999923706055,50.20000076293945,50.59999847412109,1315817
2024-01-26,50.29999923706055,50.70000076293945,50.20000076293945,50.5,1213214
2024-01-29,50.20000076293945,50.70000076293945,50.20000076293945,50.70000076293945,1053032
2024-01-30,50.70000076293945,50.900001525878906,50.0,50.400001525878906,1617154
2024-01-31,50.20000076293945,50.5,50.0,50.5,1673184
2024-02-01,50.70000076293945,50.900001525878906,50.20000076293945,50.79999923706055,1249378
2024-02-02,51.0,51.0,50.5,50.900001525878906,1229084
2024-02-05,50.29999923706055,50.5,50.09999847412109,50.20000076293945,1664791
2024-02-15,49.70000076293945,49.79999923706055,49.04999923706055,49.400001525878906,3067128
2024-02-16,49.400001525878906,49.59999847412109,49.25,49.400001525878906,2031384
2024-02-19,49.75,50.5,49.70000076293945,50.29999923706055,1559756
2024-02-20,50.29999923706055,50.5,50.09999847412109,50.29999923706055,1089451
2024-02-21,50.400001525878906,50.5,50.0,50.09999847412109,1636104
2024-02-22,50.5,51.0,50.400001525878906,50.70000076293945,2422763
2024-02-23,50.59999847412109,50.79999923706055,50.0,50.09999847412109,1380592
2024-02-26,49.84999847412109,50.20000076293945,49.84999847412109,50.0,1454688
2024-02-27,50.0,50.20000076293945,49.59999847412109,49.70000076293945,2196173
2024-02-29,49.95000076293945,49.95000076293945,49.59999847412109,49.70000076293945,2318492
2024-03-01,49.70000076293945,49.900001525878906,49.20000076293945,49.29999923706055,2134200
2024-03-04,49.29999923706055,50.5,49.29999923706055,50.0,2403386
2024-03-05,50.400001525878906,50.900001525878906,50.0,50.5,3275580
2024-03-06,50.0,50.0,49.70000076293945,49.79999923706055,2185932
2024-03-07,49.59999847412109,50.29999923706055,49.150001525878906,50.09999847412109,4226843
2024-03-08,50.29999923706055,50.29999923706055,49.150001525878906,49.20000076293945,3655972
2024-03-11,49.20000076293945,51.0,48.79999923706055,50.29999923706055,5246330
2024-03-12,50.59999847412109,55.29999923706055,50.59999847412109,55.29999923706055,27750834
2024-03-13,60.79999923706055,60.79999923706055,56.29999923706055,58.900001525878906,109269833
2024-03-14,58.900001525878906,58.900001525878906,53.59999847412109,53.70000076293945,46338557
2024-03-15,55.5,58.0,55.0,55.59999847412109,67653304
2024-03-18,56.5,56.5,54.09999847412109,55.400001525878906,23727701
2024-03-19,54.400001525878906,58.900001525878906,54.09999847412109,58.09999847412109,31017839
2024-03-20,57.70000076293945,60.0,57.29999923706055,58.20000076293945,72727018
2024-03-21,58.900001525878906,60.20000076293945,57.900001525878906,59.09999847412109,41975988
2024-03-22,59.09999847412109,60.400001525878906,58.59999847412109,59.0,34121648
2024-03-25,59.20000076293945,59.29999923706055,57.900001525878906,58.70000076293945,17549088
2024-03-26,59.09999847412109,59.5,57.29999923706055,57.900001525878906,18942245
2024-03-27,58.0,63.59999847412109,58.0,63.59999847412109,68703994
2024-03-28,64.5,68.69999694824219,64.0999984741211,65.0999984741211,144599156
2024-03-29,65.0999984741211,65.19999694824219,62.09999847412109,63.0,43457000
2024-04-01,63.5,65.69999694824219,63.20000076293945,63.79999923706055,35092018
2024-04-02,63.900001525878906,65.19999694824219,63.09999847412109,64.9000015258789,35192231
2024-04-03,63.59999847412109,64.19999694824219,63.0,64.0,26776025
2024-04-08,63.59999847412109,63.70000076293945,62.5,63.5,22596094
2024-04-09,63.900001525878906,64.5999984741211,62.79999923706055,63.0,23736045
2024-04-10,63.29999923706055,63.5,61.09999847412109,61.20000076293945,24625405
2024-04-11,61.0,61.0,58.20000076293945,59.09999847412109,30954373
2024-04-12,59.09999847412109,59.400001525878906,58.29999923706055,58.5,13858397
2024-04-15,58.0,58.29999923706055,57.09999847412109,57.5,11801454
2024-04-16,57.0,57.09999847412109,54.5,55.0,15799363
2024-04-17,55.79999923706055,56.20000076293945,55.0,55.59999847412109,11234119
2024-04-18,55.0,56.5,54.70000076293945,56.5,8022278
2024-04-19,56.0,56.09999847412109,54.20000076293945,55.79999923706055,11354637
2024-04-22,56.09999847412109,57.20000076293945,55.59999847412109,57.0,10551983
2024-04-23,57.59999847412109,61.5,57.20000076293945,60.29999923706055,31094435
2024-04-24,61.400001525878906,63.0,60.900001525878906,62.0,45644276
2024-04-25,61.29999923706055,62.20000076293945,60.70000076293945,60.900001525878906,14262505
2024-04-26,61.29999923706055,62.5,61.09999847412109,61.400001525878906,14264477
2024-04-29,62.0,64.4000015258789,61.900001525878906,62.400001525878906,27630668
2024-04-30,62.5,63.20000076293945,61.59999847412109,61.59999847412109,10042999
2024-05-02,61.29999923706055,61.29999923706055,60.400001525878906,60.70000076293945,6437566
2024-05-03,61.29999923706055,62.5,60.5,60.70000076293945,10697229
2024-05-06,61.5,62.900001525878906,61.09999847412109,62.09999847412109,20141955
2024-05-07,62.59999847412109,63.0,60.70000076293945,61.70000076293945,13653579
2024-05-08,62.0,62.09999847412109,61.09999847412109,61.29999923706055,7120294
2024-05-09,61.5,62.79999923706055,60.79999923706055,60.79999923706055,12114482
2024-05-10,61.20000076293945,61.20000076293945,60.0,60.59999847412109,6509063
2024-05-13,60.79999923706055,61.09999847412109,59.79999923706055,60.09999847412109,5383982
2024-05-14,60.09999847412109,61.400001525878906,59.900001525878906,60.900001525878906,8096074
2024-05-15,60.400001525878906,61.20000076293945,59.29999923706055,60.09999847412109,8721593
2024-05-16,60.59999847412109,62.29999923706055,60.59999847412109,61.09999847412109,11495085
2024-05-17,61.29999923706055,61.5,60.5,61.20000076293945,4559460
2024-05-20,61.59999847412109,63.0,61.0,62.09999847412109,16571957
2024-05-21,62.20000076293945,65.80000305175781,62.20000076293945,64.80000305175781,46014302
2024-05-22,64.0,64.5,63.20000076293945,63.59999847412109,29647531
2024-05-23,63.79999923706055,67.9000015258789,62.5,65.30000305175781,71073485
2024-05-24,64.0999984741211,65.19999694824219,63.09999847412109,65.0,26630877
2024-05-27,68.0,71.5,67.9000015258789,71.5,92613308
2024-05-28,73.9000015258789,76.9000015258789,71.69999694824219,72.69999694824219,207122925
2024-05-29,73.69999694824219,76.5,73.0,74.5999984741211,131983465
2024-05-30,73.30000305175781,74.9000015258789,71.30000305175781,72.0999984741211,66453924
2024-05-31,73.0,78.4000015258789,72.80000305175781,73.0999984741211,173675093
2024-06-03,75.5,75.80000305175781,71.9000015258789,72.19999694824219,76500904
2024-06-04,72.19999694824219,72.4000015258789,67.9000015258789,68.0999984741211,58361530
2024-06-05,68.19999694824219,71.0999984741211,66.80000305175781,69.30000305175781,58326321
2024-06-06,71.19999694824219,71.9000015258789,68.0,68.5,58457421
2024-06-07,68.0,69.19999694824219,67.5999984741211,67.80000305175781,18494908
2024-06-11,67.80000305175781,68.0999984741211,66.0,66.19999694824219,21434981
2024-06-12,66.5999984741211,68.0,66.19999694824219,67.80000305175781,17033120
2024-06-13,67.9000015258789,69.0,67.5999984741211,68.19999694824219,21785998
2024-06-14,68.5,69.30000305175781,67.5999984741211,68.69999694824219,18334585
2024-06-17,69.0,69.4000015258789,67.9000015258789,68.0999984741211,15674459
2024-06-18,68.80000305175781,69.5,68.0999984741211,68.19999694824219,12880603
2024-06-19,68.5999984741211,69.80000305175781,68.0,68.0,19653887
2024-06-20,68.19999694824219,72.5,68.19999694824219,72.19999694824219,60118347
2024-06-21,71.5,71.9000015258789,70.5999984741211,71.80000305175781,27427678
2024-06-24,71.5,71.80000305175781,69.9000015258789,70.30000305175781,16527984
2024-06-25,70.69999694824219,74.0,69.5999984741211,73.4000015258789,41456945
2024-06-26,73.9000015258789,74.0,71.80000305175781,72.30000305175781,31589232
2024-06-27,71.5999984741211,72.0999984741211,70.4000015258789,70.5999984741211,18908908
2024-06-28,71.4000015258789,72.9000015258789,70.5999984741211,71.30000305175781,24052192
2024-07-01,71.4000015258789,71.5,70.19999694824219,70.4000015258789,16062568
2024-07-02,69.5,69.5,67.5999984741211,67.5999984741211,17102013
2024-07-03,67.80000305175781,68.80000305175781,67.5,67.5,13084737
2024-07-04,67.9000015258789,70.69999694824219,67.80000305175781,70.0999984741211,36209436
2024-07-05,70.4000015258789,71.69999694824219,69.9000015258789,71.5,26065549
2024-07-08,72.30000305175781,74.0,71.5,71.5999984741211,46919945
2024-07-09,71.69999694824219,73.80000305175781,70.5,72.0,42311135
2024-07-10,72.0,73.69999694824219,71.4000015258789,73.0999984741211,26709484
2024-07-11,74.5,74.80000305175781,72.69999694824219,73.0,36275190
2024-07-12,72.4000015258789,72.69999694824219,71.5,71.5,17313628
2024-07-15,71.80000305175781,71.9000015258789,70.5,70.5999984741211,11381392
2024-07-16,70.9000015258789,71.19999694824219,69.5,69.5,12256806
2024-07-17,69.80000305175781,71.4000015258789,69.5,70.4000015258789,13473147
2024-07-18,69.5,69.69999694824219,68.5,68.9000015258789,13106618
2024-07-19,68.5999984741211,68.9000015258789,67.5,67.5,12297684
2024-07-22,67.5999984741211,67.9000015258789,64.30000305175781,64.30000305175781,18528389
2024-07-23,65.19999694824219,65.5,64.80000305175781,65.0999984741211,9727925
2024-07-26,62.09999847412109,64.9000015258789,62.09999847412109,64.4000015258789,7403773
2024-07-29,65.0,65.5999984741211,63.59999847412109,63.70000076293945,7211397
2024-07-30,63.5,65.30000305175781,62.79999923706055,64.9000015258789,6632096
2024-07-31,64.4000015258789,66.0999984741211,64.30000305175781,65.30000305175781,4930101
2024-08-01,65.9000015258789,67.0,65.80000305175781,66.80000305175781,7569933
2024-08-02,65.0999984741211,65.80000305175781,64.0999984741211,64.30000305175781,7833088
2024-08-05,62.0,62.0,57.900001525878906,57.900001525878906,13948450
2024-08-06,58.5,59.70000076293945,55.0,57.59999847412109,13325361
2024-08-07,58.0,61.20000076293945,58.0,60.70000076293945,10313951
2024-08-08,59.5,60.70000076293945,58.79999923706055,59.70000076293945,5710870
2024-08-09,61.0,62.0,60.79999923706055,61.0,8019419
2024-08-12,61.0,62.29999923706055,61.0,61.70000076293945,6677625
2024-08-13,61.900001525878906,62.70000076293945,61.5,62.59999847412109,5786499
2024-08-14,63.09999847412109,63.5,62.20000076293945,62.59999847412109,7010508
2024-08-15,62.79999923706055,63.400001525878906,62.20000076293945,62.79999923706055,4074237
2024-08-16,63.20000076293945,65.0,63.09999847412109,64.4000015258789,11282628
2024-08-19,67.9000015258789,68.0,65.0,65.4000015258789,30107323
2024-08-20,65.5999984741211,71.4000015258789,65.5999984741211,69.69999694824219,61650707
2024-08-21,69.69999694824219,69.80000305175781,68.5,68.5999984741211,21368728
2024-08-22,68.69999694824219,69.5,67.5999984741211,67.5999984741211,11230818
2024-08-23,67.0,68.19999694824219,66.4000015258789,68.0,8837288
2024-08-26,68.5,69.4000015258789,67.9000015258789,68.0999984741211,9750134
2024-08-27,67.69999694824219,68.5999984741211,67.5,68.4000015258789,5667906
2024-08-28,68.5,69.19999694824219,67.9000015258789,69.0,9809592
2024-08-29,68.30000305175781,68.69999694824219,67.80000305175781,68.5,5649904
2024-08-30,68.80000305175781,69.30000305175781,68.19999694824219,68.4000015258789,5240893
2024-09-02,68.5999984741211,68.80000305175781,67.5999984741211,67.5999984741211,5276510
2024-09-03,67.69999694824219,68.30000305175781,66.9000015258789,67.0,4611725
2024-09-04,63.70000076293945,64.5999984741211,61.70000076293945,63.59999847412109,9734295
2024-09-05,63.900001525878906,64.69999694824219,63.0,63.0,5225271
2024-09-06,63.0,63.59999847412109,62.20000076293945,63.09999847412109,3400876
2024-09-09,61.70000076293945,63.09999847412109,61.400001525878906,63.0,3315940
2024-09-10,63.400001525878906,63.70000076293945,61.09999847412109,61.59999847412109,4833376
2024-09-11,61.79999923706055,62.5,61.70000076293945,61.900001525878906,2312085
2024-09-12,62.79999923706055,63.900001525878906,62.79999923706055,63.5,3680787
2024-09-13,64.0999984741211,64.30000305175781,63.400001525878906,64.30000305175781,2800426
2024-09-16,64.5,65.5,64.19999694824219,65.30000305175781,3333394
2024-09-18,65.30000305175781,65.30000305175781,63.5,63.59999847412109,3727989
2024-09-19,64.0,64.80000305175781,63.79999923706055,64.69999694824219,3336181
2024-09-20,65.19999694824219,66.0,65.0,65.0,6695580
2024-09-23,65.5999984741211,66.0,65.0,65.0,3239672
2024-09-24,65.69999694824219,65.69999694824219,64.5,65.30000305175781,3677384
2024-09-25,66.0,66.69999694824219,65.80000305175781,66.4000015258789,6661968
2024-09-26,67.4000015258789,68.30000305175781,66.5,66.5999984741211,11414716
2024-09-27,67.0,67.30000305175781,66.5,66.5999984741211,5945088
2024-09-30,66.69999694824219,66.9000015258789,66.0999984741211,66.4000015258789,4631474
2024-10-01,66.69999694824219,66.9000015258789,65.5,65.9000015258789,4013429
2024-10-04,65.9000015258789,67.4000015258789,65.69999694824219,66.19999694824219,5981824
2024-10-07,66.19999694824219,66.5,65.30000305175781,65.69999694824219,6508883
2024-10-08,65.4000015258789,65.5,64.4000015258789,64.5999984741211,4857558
2024-10-09,65.0,67.30000305175781,64.5999984741211,66.69999694824219,9083938
2024-10-11,66.69999694824219,67.0999984741211,65.69999694824219,66.30000305175781,7485864
2024-10-14,65.80000305175781,66.0,65.19999694824219,65.5999984741211,2865734
2024-10-15,66.30000305175781,67.4000015258789,66.19999694824219,67.0,8611543
2024-10-16,66.4000015258789,67.69999694824219,66.30000305175781,67.4000015258789,7528595
2024-10-17,67.5999984741211,68.30000305175781,67.30000305175781,67.69999694824219,5764023
2024-10-18,68.19999694824219,68.19999694824219,66.69999694824219,67.0,4734636
2024-10-21,67.30000305175781,68.0,67.0,67.9000015258789,6156505
2024-10-22,68.0,68.4000015258789,67.4000015258789,68.0999984741211,5952441
2024-10-23,68.30000305175781,70.5,67.80000305175781,68.30000305175781,14126582
2024-10-24,68.5,73.30000305175781,68.5,69.80000305175781,117999463
2024-10-25,71.5,73.30000305175781,70.80000305175781,72.69999694824219,92220013
2024-10-28,73.5999984741211,75.9000015258789,71.80000305175781,71.80000305175781,83856048
2024-10-29,71.4000015258789,73.5999984741211,69.0,73.30000305175781,46546846
2024-10-30,75.69999694824219,80.5999984741211,75.19999694824219,80.5999984741211,266503340
2024-11-01,79.19999694824219,82.0,77.5,81.5,245629310
2024-11-04,81.5,88.5999984741211,79.19999694824219,86.9000015258789,168732186
2024-11-05,86.5,90.4000015258789,85.0,85.0,200485226
2024-11-06,85.4000015258789,89.0,85.0,87.19999694824219,141134637
2024-11-07,89.5,95.9000015258789,89.19999694824219,95.9000015258789,187072249
2024-11-08,98.0,99.0,95.9000015258789,97.3000030517578,194879791
2024-11-11,97.3000030517578,97.9000015258789,94.1999969482422,96.5,97919736
2024-11-12,95.6999969482422,96.3000030517578,91.4000015258789,93.5,89831473
2024-11-13,94.5,95.6999969482422,93.1999969482422,93.5999984741211,75772122
2024-11-14,93.5999984741211,95.5,91.5,92.0,70135990
2024-11-15,95.9000015258789,99.9000015258789,94.6999969482422,96.5999984741211,213437564
2024-11-18,95.4000015258789,97.1999969482422,87.9000015258789,88.4000015258789,140228760
2024-11-19,91.1999969482422,95.1999969482422,89.5,93.8000030517578,130989059
2024-11-20,84.5,84.5,84.5,84.5,178326554
2024-11-21,82.5,84.5,80.19999694824219,80.9000015258789,116567900
2024-11-22,83.0,84.5,82.19999694824219,82.19999694824219,85065639
2024-11-25,83.19999694824219,86.5,82.80000305175781,83.69999694824219,67272058
2024-11-26,82.9000015258789,84.5999984741211,81.69999694824219,82.80000305175781,35638326
2024-11-27,83.0,83.5,80.19999694824219,80.30000305175781,40583565
2024-11-28,81.0,81.9000015258789,77.4000015258789,78.0,63893806
2024-11-29,78.30000305175781,81.69999694824219,76.80000305175781,80.4000015258789,54176301
2024-12-02,81.19999694824219,82.30000305175781,79.4000015258789,79.69999694824219,41405063
2024-12-03,80.0999984741211,81.69999694824219,80.0,80.4000015258789,23133597
2024-12-04,81.0,82.4000015258789,80.5,81.30000305175781,32849907
2024-12-05,84.5999984741211,89.30000305175781,84.0999984741211,86.5,157176066
2024-12-06,88.4000015258789,91.0999984741211,86.0,87.19999694824219,189566467
2024-12-09,87.5,89.19999694824219,85.69999694824219,85.80000305175781,76773578
2024-12-10,85.80000305175781,86.4000015258789,82.5,82.9000015258789,52978989
2024-12-11,82.0999984741211,84.4000015258789,81.69999694824219,83.80000305175781,34622949
2024-12-12,84.19999694824219,85.4000015258789,82.0,82.30000305175781,45355637
2024-12-13,82.0999984741211,82.80000305175781,79.5,80.0,38805255
2024-12-16,80.5,80.69999694824219,76.5,76.5999984741211,38035886
2024-12-17,77.0999984741211,79.0,76.5999984741211,78.0,23016137
2024-12-18,77.80000305175781,78.5999984741211,76.9000015258789,77.30000305175781,17952550
2024-12-19,75.30000305175781,76.19999694824219,75.0,76.0999984741211,19057161
2024-12-20,75.9000015258789,77.4000015258789,75.5,76.69999694824219,17349111
2024-12-23,77.69999694824219,78.80000305175781,77.19999694824219,77.4000015258789,16699673
2024-12-24,77.9000015258789,78.80000305175781,76.5,76.5,16858792
2024-12-25,77.0999984741211,78.5,77.0999984741211,78.19999694824219,12956571
2024-12-26,78.30000305175781,78.69999694824219,77.19999694824219,77.4000015258789,14967487
2024-12-27,77.4000015258789,77.69999694824219,76.0999984741211,76.30000305175781,13609542
2024-12-30,76.5,76.69999694824219,75.0,75.0,9840883
2024-12-31,75.0,75.0999984741211,74.0,74.4000015258789,10172720
2025-01-02,74.69999694824219,77.80000305175781,74.30000305175781,76.30000305175781,25732257
2025-01-03,76.5999984741211,77.19999694824219,75.30000305175781,75.69999694824219,12978107
2025-01-06,79.5999984741211,80.0999984741211,77.0999984741211,77.69999694824219,56859478
2025-01-07,78.5999984741211,79.5,77.4000015258789,77.69999694824219,35983407
2025-01-08,77.69999694824219,78.5,77.30000305175781,77.69999694824219,11146005
2025-01-09,78.0,78.0,76.5999984741211,77.0999984741211,15849757
2025-01-10,77.0999984741211,77.80000305175781,75.69999694824219,77.5,14325576
2025-01-13,76.5,76.9000015258789,73.5,74.0999984741211,26298877
2025-01-14,74.80000305175781,75.4000015258789,74.0999984741211,74.69999694824219,9641132
2025-01-15,74.69999694824219,75.30000305175781,73.69999694824219,73.9000015258789,9150816
2025-01-16,75.5,77.4000015258789,75.30000305175781,77.19999694824219,21465610
2025-01-17,77.5999984741211,78.0999984741211,76.69999694824219,76.80000305175781,13748886
2025-01-20,77.5,79.0,76.69999694824219,78.4000015258789,13958421
2025-01-21,77.80000305175781,78.30000305175781,77.19999694824219,77.5,10862693
2025-01-22,78.0999984741211,78.4000015258789,77.4000015258789,78.19999694824219,12309313
2025-02-03,75.5,75.80000305175781,74.0,75.5999984741211,15029686
2025-02-04,76.0,76.30000305175781,71.30000305175781,71.69999694824219,22660309
2025-02-05,72.30000305175781,72.9000015258789,72.0,72.4000015258789,8989125
2025-02-06,72.80000305175781,74.5,72.80000305175781,74.4000015258789,10486300
2025-02-07,74.0,75.0,73.5999984741211,75.0,9406291
2025-02-10,74.4000015258789,74.4000015258789,72.4000015258789,73.19999694824219,12253488
2025-02-11,73.69999694824219,76.0,73.69999694824219,75.5,15546972
2025-02-12,76.0999984741211,76.19999694824219,74.30000305175781,74.30000305175781,10480594
2025-02-13,74.5999984741211,75.19999694824219,74.19999694824219,74.80000305175781,5102244
2025-02-14,74.9000015258789,74.9000015258789,74.0999984741211,74.5999984741211,5186087
2025-02-17,74.80000305175781,76.30000305175781,74.80000305175781,75.30000305175781,7556861
2025-02-18,75.5,75.69999694824219,74.5,75.5,7034930
2025-02-19,75.5999984741211,78.5999984741211,75.19999694824219,77.80000305175781,39114405
2025-02-20,77.80000305175781,78.19999694824219,77.4000015258789,78.0,13685695
2025-02-21,77.9000015258789,78.9000015258789,77.5,78.9000015258789,12349521
2025-02-24,78.0,78.80000305175781,77.80000305175781,78.0999984741211,7283828
2025-02-25,77.5,78.0,76.80000305175781,76.80000305175781,9119343
2025-02-26,76.5,78.4000015258789,76.19999694824219,78.19999694824219,10113606
2025-02-27,78.30000305175781,78.5999984741211,76.19999694824219,76.30000305175781,10763868
2025-03-03,75.80000305175781,76.30000305175781,74.5,74.69999694824219,8717258
2025-03-04,73.5,74.69999694824219,72.4000015258789,74.5999984741211,7707594
2025-03-05,74.9000015258789,75.4000015258789,74.30000305175781,75.30000305175781,6172147
2025-03-06,76.9000015258789,77.30000305175781,75.30000305175781,75.30000305175781,14696205
2025-03-07,74.9000015258789,75.69999694824219,74.30000305175781,74.30000305175781,6586568
2025-03-10,74.5,74.9000015258789,73.4000015258789,74.30000305175781,7061053
2025-03-11,72.0999984741211,72.5,70.5,72.19999694824219,12822457
2025-03-12,72.30000305175781,73.69999694824219,72.30000305175781,73.0999984741211,6122008
2025-03-13,72.0,72.19999694824219,68.5999984741211,68.5999984741211,31930626
2025-03-14,68.69999694824219,70.30000305175781,68.69999694824219,70.0999984741211,10014006
2025-03-17,70.9000015258789,72.30000305175781,70.30000305175781,70.80000305175781,8812128
2025-03-18,71.4000015258789,71.80000305175781,70.5999984741211,70.69999694824219,6166528
2025-03-19,71.0,71.19999694824219,69.5999984741211,69.80000305175781,6094374
2025-03-20,70.4000015258789,70.9000015258789,69.80000305175781,70.19999694824219,5729845
2025-03-21,70.5,70.5999984741211,69.5,69.5999984741211,8090661
2025-03-24,70.19999694824219,70.5999984741211,68.5999984741211,68.5999984741211,5939543
2025-03-25,69.5999984741211,69.80000305175781,68.4000015258789,68.5,4400661
2025-03-26,69.0,69.5999984741211,68.69999694824219,69.0999984741211,3213947
2025-03-27,68.19999694824219,68.19999694824219,67.0999984741211,67.0999984741211,8342000
2025-03-28,66.69999694824219,66.9000015258789,64.69999694824219,65.30000305175781,10057801
2025-03-31,62.5,63.5,61.400001525878906,61.79999923706055,12565967
2025-04-01,62.79999923706055,64.19999694824219,62.29999923706055,64.0,6088944
2025-04-02,64.19999694824219,64.4000015258789,63.29999923706055,64.0,4689808
2025-04-07,57.59999847412109,57.59999847412109,57.59999847412109,57.59999847412109,3090865
2025-04-08,51.900001525878906,53.5,51.900001525878906,51.900001525878906,18788900
2025-04-09,49.04999923706055,51.29999923706055,46.75,47.79999923706055,28730633
2025-04-10,52.5,52.5,52.5,52.5,1734488
2025-04-11,51.400001525878906,54.59999847412109,50.09999847412109,54.5,19312418
2025-04-14,56.79999923706055,58.59999847412109,55.5,56.29999923706055,17552039
2025-04-15,56.70000076293945,58.400001525878906,56.400001525878906,58.29999923706055,9649596
2025-04-16,57.29999923706055,58.5,56.900001525878906,57.09999847412109,8309570
2025-04-17,56.70000076293945,58.0,56.29999923706055,57.5,6776784
2025-04-18,57.59999847412109,57.79999923706055,56.900001525878906,57.400001525878906,5146369
2025-04-21,57.5,58.0,56.0,56.0,4864856
2025-04-22,55.59999847412109,56.59999847412109,55.0,55.29999923706055,3815926
2025-04-23,57.0,58.0,56.79999923706055,57.900001525878906,5540311
2025-04-24,56.79999923706055,57.0,55.79999923706055,56.20000076293945,12465417
2025-04-25,57.5,59.0,57.5,57.79999923706055,14220452
2025-04-28,58.79999923706055,59.0,58.20000076293945,58.59999847412109,7009115
2025-04-29,58.20000076293945,59.20000076293945,58.09999847412109,59.20000076293945,6360817
2025-04-30,59.20000076293945,60.5,59.0,59.0,10521176
2025-05-02,60.0,60.900001525878906,59.5,60.59999847412109,7638513
2025-05-05,61.0,61.0,57.09999847412109,58.900001525878906,13331190
2025-05-06,59.400001525878906,60.29999923706055,59.29999923706055,60.09999847412109,8779698
2025-05-07,60.5,60.5,59.29999923706055,59.59999847412109,5681276
2025-05-08,60.09999847412109,60.400001525878906,59.59999847412109,59.79999923706055,4692649
2025-05-09,59.400001525878906,59.79999923706055,58.29999923706055,59.20000076293945,8770347
2025-05-12,59.900001525878906,61.0,59.900001525878906,61.0,8578590
2025-05-13,62.59999847412109,62.79999923706055,60.70000076293945,60.79999923706055,10312172
2025-05-14,61.20000076293945,64.69999694824219,61.20000076293945,62.400001525878906,19854337
2025-05-15,62.400001525878906,62.400001525878906,60.79999923706055,60.900001525878906,8647759
2025-05-16,61.0,61.5,60.59999847412109,61.0,4398700
2025-05-19,61.0,61.0,59.20000076293945,59.20000076293945,6434377
2025-05-20,60.5,60.5,59.09999847412109,59.29999923706055,3693980
2025-05-21,59.5,60.20000076293945,59.29999923706055,60.20000076293945,3820848
2025-05-22,59.09999847412109,59.59999847412109,59.0,59.20000076293945,3873017
2025-05-23,59.5,60.09999847412109,59.0,59.0,3751494
2025-05-26,59.0,60.20000076293945,59.0,59.79999923706055,3728759
2025-05-27,61.0,61.400001525878906,60.0,60.09999847412109,12957562
2025-05-28,60.900001525878906,60.900001525878906,59.20000076293945,59.5,7559090
2025-05-29,60.09999847412109,60.900001525878906,59.79999923706055,60.59999847412109,7352282
2025-06-02,59.900001525878906,60.20000076293945,57.79999923706055,58.0,9232869
2025-06-03,58.29999923706055,58.70000076293945,57.5,57.59999847412109,4769882
2025-06-04,58.400001525878906,59.79999923706055,58.29999923706055,59.59999847412109,8123254
2025-06-05,60.0,60.79999923706055,59.59999847412109,60.29999923706055,6883498
2025-06-06,62.0,63.59999847412109,61.5,61.70000076293945,39828680
2025-06-09,62.20000076293945,62.20000076293945,61.0,61.0,11518928
2025-06-10,61.29999923706055,62.09999847412109,61.20000076293945,62.0,9358592
2025-06-11,62.5,62.900001525878906,62.09999847412109,62.79999923706055,9782515
2025-06-12,63.0,65.5,62.70000076293945,65.0,27945318
2025-06-13,64.30000305175781,65.30000305175781,63.70000076293945,64.30000305175781,16224567
2025-06-16,63.900001525878906,64.69999694824219,63.59999847412109,64.4000015258789,8018581
2025-06-17,64.5999984741211,64.9000015258789,63.400001525878906,63.59999847412109,9086302
2025-06-18,63.20000076293945,64.19999694824219,63.09999847412109,63.5,5324468
2025-06-19,63.79999923706055,64.0,62.400001525878906,62.5,6874400
2025-06-20,62.400001525878906,63.20000076293945,61.5,62.70000076293945,14260168
2025-06-23,61.29999923706055,62.59999847412109,61.0,62.59999847412109,4753159
2025-06-24,63.79999923706055,64.80000305175781,63.20000076293945,64.5999984741211,8148787
2025-06-25,65.19999694824219,65.5,64.19999694824219,64.69999694824219,7726367
2025-06-26,65.0,65.69999694824219,64.5,64.5,6389913
2025-06-27,65.0999984741211,65.19999694824219,64.5,64.5999984741211,5882894
2025-06-30,64.69999694824219,64.9000015258789,63.5,63.5,5735975
2025-07-01,63.70000076293945,65.4000015258789,63.59999847412109,65.0,9958653
2025-07-02,64.0,64.30000305175781,63.400001525878906,63.400001525878906,8383589
2025-07-03,64.0,64.5999984741211,63.900001525878906,64.5,5701024
2025-07-04,64.5,64.5999984741211,63.0,63.09999847412109,5285393
2025-07-07,63.09999847412109,63.59999847412109,62.29999923706055,63.0,5137550
2025-07-08,62.79999923706055,64.30000305175781,62.400001525878906,63.79999923706055,7193309
2025-07-09,64.0,64.4000015258789,63.59999847412109,63.900001525878906,4738922
2025-07-10,64.0999984741211,64.30000305175781,63.5,63.70000076293945,4016993
2025-07-11,64.0,65.19999694824219,64.0,64.30000305175781,8460716
2025-07-14,64.5,64.5999984741211,63.20000076293945,63.20000076293945,4421579
2025-07-15,63.0,64.0,63.0,63.900001525878906,3902017
2025-07-16,63.900001525878906,64.5999984741211,63.59999847412109,63.59999847412109,5520475
2025-07-17,64.0,65.0999984741211,64.0,64.5999984741211,7050615
2025-07-18,65.0,67.80000305175781,64.5999984741211,65.4000015258789,25156328
2025-07-21,65.4000015258789,65.9000015258789,64.4000015258789,64.4000015258789,8584116
2025-07-22,64.5,64.5,62.400001525878906,62.400001525878906,10534018
2025-07-23,63.0,63.79999923706055,62.59999847412109,63.400001525878906,6388546
2025-07-24,63.79999923706055,64.80000305175781,63.70000076293945,64.5999984741211,8581984
2025-07-25,65.19999694824219,65.9000015258789,64.5,64.5999984741211,11344350
2025-07-28,65.0,65.4000015258789,64.4000015258789,64.5999984741211,5939612
2025-07-29,64.69999694824219,65.0,63.5,63.79999923706055,5083256
2025-07-30,64.4000015258789,64.80000305175781,63.5,64.69999694824219,3860367
2025-07-31,64.69999694824219,65.5,64.5,64.9000015258789,7991615
2025-08-04,65.0999984741211,66.4000015258789,64.30000305175781,66.0999984741211,9666408
2025-08-05,67.0,72.5,66.9000015258789,70.0999984741211,55362043
2025-08-06,71.0,72.0999984741211,69.19999694824219,69.5999984741211,44526523
2025-08-07,70.30000305175781,71.69999694824219,69.0,69.19999694824219,26524275
2025-08-08,69.5999984741211,70.19999694824219,68.19999694824219,69.4000015258789,18731731
2025-08-11,74.0999984741211,76.30000305175781,73.30000305175781,76.30000305175781,89557406
2025-08-12,77.19999694824219,77.69999694824219,71.5999984741211,71.69999694824219,123070668
2025-08-13,71.9000015258789,72.4000015258789,69.5,70.19999694824219,50441920
2025-08-14,70.30000305175781,72.19999694824219,69.69999694824219,71.9000015258789,37034108
2025-08-15,73.0999984741211,74.0,71.69999694824219,71.80000305175781,50790678
2025-08-18,72.0999984741211,74.0,71.69999694824219,72.80000305175781,37261358
2025-08-19,73.80000305175781,74.19999694824219,71.5,71.5999984741211,29875756
2025-08-20,70.9000015258789,71.0999984741211,69.0,69.19999694824219,22830392
2025-08-21,69.80000305175781,71.19999694824219,69.4000015258789,70.0,24889714
2025-08-22,70.30000305175781,71.19999694824219,69.30000305175781,69.30000305175781,13687167
2025-08-25,70.80000305175781,74.69999694824219,70.5999984741211,73.0,50479019
2025-08-26,73.5,73.5999984741211,72.5,72.80000305175781,20160131
2025-08-27,73.30000305175781,73.4000015258789,71.69999694824219,71.80000305175781,16917244
2025-08-28,71.9000015258789,72.69999694824219,71.0,71.69999694824219,12720607
2025-08-29,72.69999694824219,73.0,71.0999984741211,71.0999984741211,14516397
2025-09-01,71.30000305175781,71.30000305175781,69.0,69.19999694824219,13485121
2025-09-02,69.69999694824219,70.19999694824219,66.5,67.69999694824219,16104791
2025-09-03,67.69999694824219,69.80000305175781,67.0999984741211,69.4000015258789,12527593
2025-09-04,71.0,73.0,69.4000015258789,69.69999694824219,24822204
2025-09-05,70.30000305175781,70.5999984741211,68.5,68.69999694824219,13703151
2025-09-08,69.0,69.5,67.9000015258789,68.5999984741211,11462959
2025-09-09,69.0,69.9000015258789,68.5999984741211,69.5,8743216
2025-09-10,70.0,72.80000305175781,69.5999984741211,71.80000305175781,32466417
2025-09-11,72.5999984741211,72.69999694824219,70.5999984741211,70.80000305175781,17263409
2025-09-12,71.5,72.30000305175781,70.9000015258789,71.4000015258789,11440140
2025-09-15,72.0,72.4000015258789,70.19999694824219,70.80000305175781,10309029
2025-09-16,70.9000015258789,70.9000015258789,69.5999984741211,70.0,9651112
2025-09-17,69.80000305175781,70.4000015258789,68.69999694824219,68.80000305175781,9111104
2025-09-18,69.19999694824219,70.0999984741211,68.4000015258789,70.0999984741211,9372980
2025-09-19,70.4000015258789,70.5,69.69999694824219,69.9000015258789,9542584
2025-09-22,70.5,71.5999984741211,70.19999694824219,70.5999984741211,8907217
2025-09-23,71.30000305175781,71.9000015258789,70.69999694824219,70.69999694824219,12195957
2025-09-24,71.0,71.5,68.80000305175781,69.69999694824219,13041628
2025-09-25,70.19999694824219,72.69999694824219,70.0,71.9000015258789,32903463
2025-09-26,71.0,72.0999984741211,68.5999984741211,70.0999984741211,33682227
2025-09-30,70.5,71.0999984741211,70.19999694824219,70.30000305175781,11588747
2025-10-01,70.5999984741211,71.4000015258789,70.0,70.0999984741211,11865822
2025-10-02,70.9000015258789,71.30000305175781,70.30000305175781,71.0,11230212
2025-10-03,71.0,71.30000305175781,70.4000015258789,70.5999984741211,7506654
2025-10-07,71.0999984741211,72.19999694824219,70.9000015258789,71.0999984741211,12582260
2025-10-08,70.9000015258789,70.9000015258789,69.80000305175781,70.0999984741211,9322343
2025-10-09,70.4000015258789,70.4000015258789,69.5,69.5,10316404
2025-10-13,66.0999984741211,67.69999694824219,65.5999984741211,67.5999984741211,14008038
2025-10-14,68.0,68.4000015258789,65.0999984741211,65.30000305175781,17852664
2025-10-15,65.69999694824219,66.0,64.5999984741211,64.69999694824219,11229043
2025-10-16,65.5999984741211,67.5,65.5999984741211,66.9000015258789,12026449
2025-10-17,66.80000305175781,67.5,66.19999694824219,66.80000305175781,6720263
2025-10-20,67.80000305175781,69.4000015258789,67.69999694824219,68.69999694824219,12481823
2025-10-21,69.0999984741211,69.69999694824219,68.5999984741211,68.9000015258789,9550215
2025-10-22,68.9000015258789,69.69999694824219,68.30000305175781,69.5,6359287
2025-10-23,69.0999984741211,69.19999694824219,68.5,69.0999984741211,4927203
2025-10-27,70.0999984741211,70.5,69.30000305175781,69.69999694824219,7915866
2025-10-28,70.30000305175781,71.5,70.19999694824219,70.80000305175781,16486532
2025-10-29,71.5,74.5999984741211,71.5,73.19999694824219,42586290
2025-10-30,74.0,75.4000015258789,71.4000015258789,72.19999694824219,52560697
2025-10-31,72.5999984741211,72.69999694824219,70.9000015258789,71.5,14843474
2025-11-03,71.30000305175781,71.69999694824219,70.30000305175781,70.9000015258789,9709796
2025-11-04,70.9000015258789,71.4000015258789,69.0,69.0,10144359
2025-11-05,67.4000015258789,68.5,66.5999984741211,68.4000015258789,11568954
2025-11-06,70.0999984741211,70.9000015258789,69.5,70.0999984741211,8938022
2025-11-07,69.9000015258789,70.80000305175781,69.19999694824219,69.19999694824219,6968498
2025-11-10,69.69999694824219,70.0,69.0,69.9000015258789,5397446
2025-11-11,70.19999694824219,72.30000305175781,70.19999694824219,70.69999694824219,12187970
2025-11-12,71.0,72.19999694824219,70.4000015258789,70.9000015258789,9490493
2025-11-13,70.9000015258789,71.0999984741211,68.4000015258789,68.69999694824219,24762481
2025-11-14,67.5,68.0999984741211,66.80000305175781,66.80000305175781,13270902
2025-11-17,67.30000305175781,67.4000015258789,66.0999984741211,66.4000015258789,7042841
2025-11-18,65.69999694824219,66.30000305175781,64.30000305175781,64.4000015258789,11266621
2025-11-19,64.5,65.19999694824219,63.5,64.19999694824219,5661039
2025-11-20,65.80000305175781,66.80000305175781,65.19999694824219,66.5,7068120
2025-11-21,64.9000015258789,65.0,63.79999923706055,64.0999984741211,7882936
2025-11-24,64.30000305175781,64.4000015258789,62.70000076293945,63.0,8218328
2025-11-25,63.900001525878906,64.0999984741211,62.79999923706055,63.09999847412109,6327485
2025-11-26,63.70000076293945,64.4000015258789,63.70000076293945,64.4000015258789,4487702
2025-11-27,64.69999694824219,65.0999984741211,64.0999984741211,64.9000015258789,4350940
2025-11-28,65.0,65.30000305175781,64.0999984741211,65.19999694824219,3433524
2025-12-01,65.0999984741211,65.4000015258789,64.5999984741211,64.80000305175781,2611405
2025-12-02,64.9000015258789,65.80000305175781,64.69999694824219,65.30000305175781,3132945
2025-12-03,65.69999694824219,66.5999984741211,65.69999694824219,66.0,4257166
2025-12-04,66.4000015258789,66.9000015258789,66.0,66.30000305175781,3206629
2025-12-05,66.5,66.69999694824219,65.69999694824219,66.0,3686357
2025-12-08,66.0,66.19999694824219,65.30000305175781,65.69999694824219,4199570
2025-12-09,65.5999984741211,66.0,65.19999694824219,65.19999694824219,3334328
2025-12-10,65.30000305175781,65.5999984741211,64.5999984741211,64.69999694824219,3140478
2025-12-11,65.0,65.19999694824219,63.0,63.59999847412109,5757561
2025-12-12,63.900001525878906,64.4000015258789,63.70000076293945,63.70000076293945,3494980
2025-12-15,62.5,63.0,62.29999923706055,62.400001525878906,5336436
2025-12-16,61.900001525878906,62.0,60.20000076293945,61.20000076293945,9253426
2025-12-17,61.400001525878906,62.0,60.70000076293945,60.900001525878906,5054493
2025-12-18,60.900001525878906,61.29999923706055,60.59999847412109,60.900001525878906,2519059
2025-12-19,61.5,61.70000076293945,61.09999847412109,61.29999923706055,4645459
2025-12-22,61.70000076293945,62.400001525878906,61.70000076293945,62.20000076293945,3201937
2025-12-23,62.400001525878906,62.400001525878906,61.59999847412109,61.70000076293945,2847050
2025-12-24,61.79999923706055,62.400001525878906,61.09999847412109,61.400001525878906,2919909
2025-12-26,61.79999923706055,62.0,61.09999847412109,61.29999923706055,2501491
2025-12-29,61.59999847412109,62.400001525878906,61.400001525878906,62.20000076293945,3910378
2025-12-30,62.0,62.0,60.79999923706055,61.5,3704820
2025-12-31,61.5,61.900001525878906,61.20000076293945,61.70000076293945,3007722
2026-01-02,61.70000076293945,62.0,61.0,61.5,4357560
2026-01-05,61.5,61.900001525878906,60.5,60.79999923706055,7036536
2026-01-06,60.79999923706055,61.29999923706055,60.20000076293945,60.29999923706055,9238051
2026-01-07,60.70000076293945,61.29999923706055,60.20000076293945,60.79999923706055,6862970
2026-01-08,60.900001525878906,60.900001525878906,59.20000076293945,59.20000076293945,11394675
2026-01-09,59.09999847412109,59.400001525878906,58.29999923706055,58.900001525878906,5481099
2026-01-12,59.09999847412109,59.79999923706055,59.09999847412109,59.59999847412109,3787605
2026-01-13,60.0,60.09999847412109,58.5,58.5,5936760
2026-01-14,58.79999923706055,60.0,58.70000076293945,60.0,5120170
2026-01-15,60.0,60.900001525878906,59.20000076293945,59.5,5056614
2026-01-16,60.0,60.20000076293945,59.5,59.79999923706055,5228795
2026-01-19,59.59999847412109,60.20000076293945,58.900001525878906,59.400001525878906,5632108
2026-01-20,60.0,60.29999923706055,58.900001525878906,59.0,7287472
2026-01-21,59.0,60.5,58.5,59.29999923706055,9639005
2026-01-22,60.09999847412109,60.70000076293945,59.79999923706055,59.79999923706055,7290132
2026-01-23,60.29999923706055,60.59999847412109,59.09999847412109,59.29999923706055,6219237
2026-01-26,59.5,60.0,59.0,60.0,4274840
2026-01-27,60.20000076293945,60.70000076293945,59.5,59.5,6507720
2026-01-28,59.70000076293945,60.70000076293945,59.400001525878906,59.59999847412109,6040806
2026-01-29,59.70000076293945,59.900001525878906,58.59999847412109,58.79999923706055,5607565
2026-01-30,58.70000076293945,58.70000076293945,56.900001525878906,57.400001525878906,8057580
2026-02-02,56.79999923706055,57.20000076293945,56.20000076293945,56.5,4247142
2026-02-03,57.5,57.70000076293945,56.20000076293945,56.70000076293945,3389442
2026-02-04,56.900001525878906,58.0,56.79999923706055,57.79999923706055,3002163
2026-02-05,57.900001525878906,58.29999923706055,56.79999923706055,56.79999923706055,3613988
2026-02-06,56.5,56.70000076293945,55.0,56.29999923706055,4737102
2026-02-09,57.5,57.900001525878906,57.0,57.900001525878906,4111608
2026-02-10,58.0,58.0,57.20000076293945,57.900001525878906,2456565
2026-02-11,58.20000076293945,58.70000076293945,57.70000076293945,58.70000076293945,4199272
2026-02-23,59.20000076293945,59.5,58.29999923706055,58.70000076293945,6844475
2026-02-24,58.70000076293945,59.5,58.70000076293945,58.900001525878906,4450099
2026-02-25,59.400001525878906,60.5,59.400001525878906,60.0,9280336
2026-02-26,60.70000076293945,60.70000076293945,59.29999923706055,59.5,4638428
2026-03-02,58.0,59.20000076293945,57.5,58.900001525878906,4038888
2026-03-03,58.79999923706055,59.20000076293945,56.79999923706055,57.0,7482768
2026-03-04,56.0,56.20000076293945,53.79999923706055,54.0,8718199
2026-03-05,55.09999847412109,55.79999923706055,54.70000076293945,55.59999847412109,4481324
2026-03-06,54.70000076293945,55.29999923706055,54.09999847412109,55.20000076293945,4298672
2026-03-09,52.09999847412109,52.79999923706055,51.5,52.20000076293945,7332271
2026-03-10,53.5,53.900001525878906,52.29999923706055,52.79999923706055,4675453
2026-03-11,53.20000076293945,54.5,53.20000076293945,54.400001525878906,3667489
2026-03-12,53.70000076293945,54.29999923706055,53.20000076293945,53.900001525878906,3359466
2026-03-13,53.0,54.20000076293945,52.59999847412109,53.70000076293945,3225879
2026-03-16,54.0,55.900001525878906,53.79999923706055,55.0,4493767
2026-03-17,55.70000076293945,55.70000076293945,54.900001525878906,55.29999923706055,4100750
2026-03-18,55.70000076293945,55.79999923706055,54.5,55.0,3756978
2026-03-19,54.400001525878906,54.400001525878906,53.0,53.20000076293945,4785233
2026-03-20,53.20000076293945,53.59999847412109,52.70000076293945,53.09999847412109,4699249
2026-03-23,51.0,52.400001525878906,50.400001525878906,51.400001525878906,3821012
2026-03-24,52.5,52.59999847412109,51.09999847412109,51.400001525878906,2906729
2026-03-25,52.5,52.59999847412109,51.70000076293945,52.400001525878906,2469367
2026-03-26,52.400001525878906,53.400001525878906,52.400001525878906,52.70000076293945,2235816
2026-03-27,52.0,52.29999923706055,51.29999923706055,52.20000076293945,2380414
2026-03-30,51.20000076293945,51.900001525878906,51.09999847412109,51.400001525878906,2967730
2026-03-31,50.59999847412109,51.29999923706055,50.20000076293945,50.5,4957390
2026-04-01,51.59999847412109,52.5,51.59999847412109,52.5,3673724
2026-04-02,52.79999923706055,52.900001525878906,51.29999923706055,51.400001525878906,2430370
2026-04-07,50.59999847412109,50.900001525878906,50.0,50.0,6634964
2026-04-08,50.900001525878906,51.59999847412109,50.70000076293945,50.900001525878906,7147525
2026-04-09,50.900001525878906,51.09999847412109,50.09999847412109,50.59999847412109,5602438
2026-04-10,50.900001525878906,51.20000076293945,50.09999847412109,50.09999847412109,5140225
2026-04-13,50.0,50.59999847412109,49.70000076293945,50.59999847412109,5026417
2026-04-14,51.09999847412109,51.70000076293945,50.900001525878906,51.20000076293945,4813492
2026-04-15,51.59999847412109,52.70000076293945,51.400001525878906,51.900001525878906,10049127
2026-04-16,52.20000076293945,52.59999847412109,51.79999923706055,52.59999847412109,6841536
2026-04-17,52.70000076293945,52.79999923706055,51.59999847412109,51.59999847412109,5306163
2026-04-20,52.20000076293945,52.400001525878906,51.5,51.59999847412109,3629583
2026-04-21,51.900001525878906,53.0,51.70000076293945,52.79999923706055,10016407
2026-04-22,52.79999923706055,54.5,52.09999847412109,54.20000076293945,13344965
2026-04-23,54.20000076293945,54.5,51.5,52.29999923706055,10837907
2026-04-24,52.70000076293945,52.70000076293945,50.70000076293945,51.400001525878906,5925436
2026-04-27,51.20000076293945,51.400001525878906,50.400001525878906,51.09999847412109,5233418
2026-04-28,51.09999847412109,51.5,50.70000076293945,50.900001525878906,3146559
2026-04-29,51.0,51.5,50.79999923706055,51.0,2920697
2026-04-30,50.79999923706055,52.79999923706055,50.79999923706055,51.79999923706055,8606289
2026-05-04,52.0,54.0,52.0,53.20000076293945,8773265
2026-05-05,56.5,58.5,55.70000076293945,58.5,36024956
2026-05-06,62.0,64.30000305175781,60.20000076293945,64.30000305175781,82699886
2026-05-07,64.80000305175781,65.30000305175781,62.5,63.29999923706055,63285926
2026-05-08,63.0,63.0,60.20000076293945,61.400001525878906,25260596
2026-05-11,61.400001525878906,62.09999847412109,59.5,61.59999847412109,21489655
2026-05-12,62.59999847412109,63.5,60.79999923706055,62.5,26787413
2026-05-13,61.70000076293945,61.70000076293945,60.09999847412109,60.70000076293945,15562280
2026-05-14,61.0,61.400001525878906,58.79999923706055,59.0,16023419
2026-05-15,59.900001525878906,61.70000076293945,58.79999923706055,59.400001525878906,21465414
2026-05-18,59.09999847412109,59.400001525878906,57.59999847412109,58.59999847412109,6641828
2026-05-19,58.59999847412109,59.5,57.70000076293945,57.70000076293945,6935817
2026-05-20,57.79999923706055,58.0,56.70000076293945,57.5,7967633
2026-05-21,57.79999923706055,59.900001525878906,57.79999923706055,58.900001525878906,11787815
2026-05-22,59.09999847412109,60.400001525878906,58.70000076293945,60.20000076293945,10192897
2026-05-25,61.5,61.59999847412109,60.09999847412109,61.09999847412109,13209022
2026-05-26,61.59999847412109,61.900001525878906,59.5,60.5,9820902
2026-05-27,60.900001525878906,61.29999923706055,59.29999923706055,59.70000076293945,10983819
2026-05-28,59.70000076293945,60.5,57.79999923706055,58.29999923706055,10487470
2026-05-29,59.0,61.70000076293945,59.0,60.900001525878906,20298147
2026-06-01,61.59999847412109,64.0,61.400001525878906,62.79999923706055,32349142
2026-06-02,63.5,64.5,62.79999923706055,64.0,30008359
2026-06-03,65.0,66.4000015258789,63.20000076293945,65.0999984741211,37003801
2026-06-04,64.5999984741211,64.80000305175781,62.20000076293945,62.29999923706055,16236587
2026-06-05,61.59999847412109,62.0,59.70000076293945,60.59999847412109,11772609
2026-06-08,55.0,56.79999923706055,54.900001525878906,56.400001525878906,13191249
2026-06-09,57.0,59.20000076293945,56.5,58.79999923706055,9075757
2026-06-10,57.70000076293945,58.400001525878906,56.09999847412109,56.29999923706055,9454496
2026-06-11,55.900001525878906,56.70000076293945,55.400001525878906,56.20000076293945,8404061
2026-06-12,57.59999847412109,58.0,57.0,57.0,5151446
2026-06-15,58.70000076293945,59.0,57.70000076293945,57.70000076293945,5185349
2026-06-16,58.400001525878906,58.400001525878906,56.900001525878906,57.0,5266336
2026-06-17,56.5,57.5,56.5,57.5,3752880
2026-06-18,57.79999923706055,58.20000076293945,57.5,57.900001525878906,7870400
2026-06-22,58.400001525878906,58.70000076293945,57.5,58.0,9950424
2026-06-23,58.0,58.400001525878906,56.5,56.59999847412109,10599832
2026-06-24,56.59999847412109,59.0,56.400001525878906,58.0,8971565
2026-06-25,58.5,58.5,57.29999923706055,57.400001525878906,4704048
2026-06-26,57.09999847412109,57.09999847412109,54.900001525878906,54.900001525878906,11478955
2026-06-29,55.400001525878906,55.900001525878906,54.59999847412109,54.79999923706055,4686358
2026-06-30,55.5,55.59999847412109,55.0,55.29999923706055,3914461
2026-07-01,55.900001525878906,56.0,55.0,55.0,4802334
2026-07-02,54.0,55.400001525878906,53.900001525878906,54.900001525878906,6443858
2026-07-03,54.59999847412109,55.79999923706055,54.400001525878906,55.59999847412109,3117075
2026-07-06,58.59999847412109,60.29999923706055,58.20000076293945,58.400001525878906,16732030
2026-07-07,58.29999923706055,59.09999847412109,56.5,56.900001525878906,6382086
2026-07-08,57.20000076293945,57.900001525878906,55.79999923706055,57.900001525878906,5351019
2026-07-09,57.20000076293945,58.0,56.5,57.0,3672236
2026-07-10,57.0,57.0,57.0,57.0,0
2026-07-13,57.20000076293945,57.900001525878906,56.5,56.59999847412109,3460930
2026-07-14,57.09999847412109,57.09999847412109,54.5,55.70000076293945,4706941
2026-07-15,56.09999847412109,56.79999923706055,56.0,56.400001525878906,2433569
2026-07-16,56.09999847412109,56.79999923706055,55.59999847412109,56.400001525878906,2761160
2026-07-17,55.5,56.0,53.79999923706055,54.0,7041450
2026-07-20,55.0,55.0,52.900001525878906,54.0,5826847
2026-07-21,54.5,55.79999923706055,54.5,55.20000076293945,3968926
2026-07-22,55.59999847412109,56.79999923706055,55.59999847412109,56.09999847412109,3969176
2026-07-23,56.59999847412109,57.29999923706055,56.09999847412109,57.0,5862863
2026-07-24,56.79999923706055,57.70000076293945,56.29999923706055,57.09999847412109,4100118
2026-07-27,57.5,57.5,55.5,56.20000076293945,3682520
2026-07-28,55.400001525878906,55.59999847412109,53.900001525878906,54.0,5687056
2026-07-29,54.59999847412109,55.29999923706055,51.20000076293945,53.0,8636092
2026-07-30,53.59999847412109,54.20000076293945,52.400001525878906,53.09999847412109,4937594
2026-07-31,54.900001525878906,57.09999847412109,54.79999923706055,56.5,8061899
2026-08-03,56.09999847412109,56.900001525878906,55.20000076293945,56.400001525878906,3320384
2026-08-04,56.29999923706055,56.900001525878906,55.59999847412109,56.0,3039289
2026-08-05,56.79999923706055,57.20000076293945,55.5,55.5,4728936
2026-08-06,58.20000076293945,61.0,57.400001525878906,61.0,29812766
2026-08-07,62.70000076293945,64.80000305175781,60.79999923706055,61.79999923706055,81031189
2026-08-10,62.400001525878906,65.19999694824219,61.79999923706055,63.09999847412109,37358111
2026-08-11,63.09999847412109,63.900001525878906,61.70000076293945,62.70000076293945,16955010
2026-08-12,63.09999847412109,64.5999984741211,62.79999923706055,63.0,16533054
2026-08-13,63.59999847412109,63.79999923706055,61.900001525878906,62.79999923706055,16914265
2026-08-14,62.79999923706055,63.400001525878906,62.0,62.5,9837639
2026-08-17,62.59999847412109,62.79999923706055,61.59999847412109,61.70000076293945,5564961
2026-08-18,61.5,61.5,59.59999847412109,59.900001525878906,8015808
2026-08-19,59.5,61.5,58.79999923706055,60.79999923706055,7215711
2026-08-20,61.20000076293945,61.400001525878906,59.400001525878906,60.20000076293945,5768638
2026-08-21,59.400001525878906,60.5,59.20000076293945,60.20000076293945,3265632
2026-08-24,60.29999923706055,60.79999923706055,59.900001525878906,60.5,2866360
2026-08-25,60.29999923706055,60.70000076293945,59.5,60.5,2685733
2026-08-26,60.5,61.79999923706055,60.20000076293945,61.5,5348919
2026-08-27,61.59999847412109,65.30000305175781,61.59999847412109,64.4000015258789,33793313
2026-08-28,65.30000305175781,65.30000305175781,63.29999923706055,63.900001525878906,18886097
2026-08-31,63.0,65.0999984741211,62.59999847412109,64.69999694824219,13963799
2026-09-01,65.0,66.5,64.69999694824219,65.9000015258789,24133437
2026-09-02,65.4000015258789,67.0,65.19999694824219,66.30000305175781,15293869
2026-09-03,67.0,67.19999694824219,63.70000076293945,63.70000076293945,17639145
2026-09-04,65.4000015258789,66.0,64.5999984741211,65.5999984741211,12377098
2026-09-07,66.69999694824219,66.80000305175781,64.69999694824219,65.69999694824219,11450369
2026-09-08,66.19999694824219,66.30000305175781,64.30000305175781,64.5,16131483
2026-09-09,64.19999694824219,65.30000305175781,64.19999694824219,64.5,6853259
2026-09-10,63.79999923706055,65.0999984741211,63.70000076293945,65.0,6788199
2026-09-11,64.0999984741211,66.69999694824219,63.900001525878906,65.69999694824219,17964653
2026-09-14,64.69999694824219,64.9000015258789,63.29999923706055,64.69999694824219,8561805
2026-09-15,64.5,65.0999984741211,63.900001525878906,64.5999984741211,6894810
2026-09-16,65.0,66.0,64.80000305175781,65.19999694824219,6097630
2026-09-17,65.9000015258789,69.0,65.9000015258789,66.30000305175781,24083584
2026-09-18,67.5,67.5,64.80000305175781,65.69999694824219,14060036
2026-09-21,65.5,65.5,64.69999694824219,64.9000015258789,6406202
2026-09-22,65.5,66.19999694824219,65.0,65.5999984741211,8813025
2026-09-23,66.0,66.4000015258789,65.5999984741211,65.9000015258789,6398345
2026-09-24,65.5999984741211,66.0,65.30000305175781,65.9000015258789,6133573
2026-09-29,65.69999694824219,65.80000305175781,65.0999984741211,65.0999984741211,4828613
2026-09-30,65.5999984741211,66.4000015258789,65.5,65.69999694824219,8448952
2026-10-01,67.0999984741211,69.5,65.30000305175781,66.19999694824219,21858817
2026-10-02,66.0,66.0,64.9000015258789,65.69999694824219,8891011
2026-10-05,66.30000305175781,66.9000015258789,64.19999694824219,64.4000015258789,14754434
2026-10-06,64.0,64.80000305175781,62.70000076293945,62.70000076293945,12243062
2026-10-07,62.79999923706055,62.900001525878906,62.0,62.099998474121094,5795797
2026-10-08,62.099998474121094,62.599998474121094,61.70000076293945,62.0,5335055
