date,open,high,low,close,volume
2020-01-02,27.41023063659668,28.4484977722168,27.41023063659668,28.2408447265625,13900
2020-01-03,28.199312210083008,28.57308959960937,28.199312210083008,28.4484977722168,12866
2020-01-06,25.95665740966797,28.98839569091797,25.95665740966797,28.57308959960937,16132
2020-01-07,27.825538635253903,29.40370178222656,27.825538635253903,28.697681427001957,26486
2020-01-08,29.902069091796875,29.902069091796875,27.825538635253903,29.071456909179688,21304
2020-01-09,29.196048736572266,29.486764907836918,29.071456909179688,29.237579345703125,6385
2020-01-10,29.071456909179688,29.69441795349121,29.071456909179688,29.279109954833984,6508
2020-01-13,29.362171173095703,29.362171173095703,28.94686508178711,29.196048736572266,13088
2020-01-14,29.154518127441406,29.279109954833984,29.154518127441406,29.154518127441406,21911
2020-01-15,29.112987518310547,29.56982421875,28.2408447265625,29.56982421875,23837
2020-01-16,29.071456909179688,29.69441795349121,29.071456909179688,29.61135673522949,19041
2020-01-17,29.56982421875,29.56982421875,29.112987518310547,29.154518127441406,18309
2020-01-20,29.196048736572266,29.486764907836918,29.071456909179688,29.196048736572266,21945
2020-01-30,29.196048736572266,29.486764907836918,28.656150817871094,29.071456909179688,22218
2020-01-31,29.112987518310547,30.3173770904541,29.112987518310547,29.486764907836918,16001
2020-02-03,26.57961845397949,29.445232391357425,26.57961845397949,29.445232391357425,3706
2020-02-04,29.029926300048828,30.649621963500977,29.029926300048828,29.52829360961914,9484
2020-02-05,29.154518127441406,29.52829360961914,29.154518127441406,29.52829360961914,2648
2020-02-06,30.234315872192383,30.234315872192383,29.279109954833984,29.902069091796875,12039
2020-02-07,29.486764907836918,29.61135673522949,29.486764907836918,29.61135673522949,1685
2020-02-10,29.486764907836918,29.52829360961914,29.071456909179688,29.52829360961914,8444
2020-02-11,29.902069091796875,29.902069091796875,29.486764907836918,29.52829360961914,34386
2020-02-12,29.486764907836918,30.10972213745117,29.486764907836918,29.61135673522949,11913
2020-02-13,29.56982421875,29.56982421875,28.86380386352539,29.112987518310547,35899
2020-02-14,29.071456909179688,29.196048736572266,29.071456909179688,29.196048736572266,10375
2020-02-17,29.196048736572266,29.196048736572266,29.071456909179688,29.112987518310547,12866
2020-02-18,29.071456909179688,30.10972213745117,29.071456909179688,29.486764907836918,4839
2020-02-19,29.196048736572266,29.196048736572266,29.154518127441406,29.196048736572266,9247
2020-02-20,29.279109954833984,29.279109954833984,29.237579345703125,29.237579345703125,7945
2020-02-21,29.237579345703125,29.237579345703125,29.237579345703125,29.237579345703125,1203
2020-02-24,28.28237533569336,29.445232391357425,28.28237533569336,29.445232391357425,1067
2020-02-25,29.029926300048828,29.071456909179688,26.62114906311035,26.62114906311035,12184
2020-02-26,28.86380386352539,29.237579345703125,27.867067337036133,29.071456909179688,16562
2020-02-27,28.15778350830078,29.237579345703125,28.15778350830078,29.154518127441406,5571
2020-03-02,29.071456909179688,29.071456909179688,29.071456909179688,29.071456909179688,8427
2020-03-03,27.867067337036133,29.071456909179688,27.867067337036133,29.071456909179688,2889
2020-03-04,29.071456909179688,29.071456909179688,29.071456909179688,29.071456909179688,3858
2020-03-05,29.071456909179688,29.071456909179688,29.071456909179688,29.071456909179688,4334
2020-03-06,29.071456909179688,29.071456909179688,29.071456909179688,29.071456909179688,5893
2020-03-09,29.071456909179688,29.071456909179688,28.697681427001957,28.697681427001957,4425
2020-03-10,27.825538635253903,28.656150817871094,27.65941429138184,28.656150817871094,3318
2020-03-11,28.07472038269043,28.2408447265625,28.07472038269043,28.2408447265625,952
2020-03-12,27.95012855529785,28.07472038269043,25.83206558227539,26.164310455322266,11798
2020-03-13,26.164310455322266,26.164310455322266,23.54788017272949,26.12278175354004,8880
2020-03-16,26.12278175354004,26.164310455322266,24.918392181396484,26.164310455322266,20896
2020-03-17,26.12278175354004,26.164310455322266,25.749004364013672,25.79053497314453,28412
2020-03-18,25.79053497314453,25.79053497314453,23.67247200012207,23.67247200012207,29375
2020-03-19,22.42655372619629,24.336963653564453,21.305225372314453,24.336963653564453,19029
2020-03-20,23.67247200012207,24.336963653564453,22.21889877319336,22.21889877319336,2889
2020-03-23,22.42655372619629,22.42655372619629,20.14236640930176,20.55767250061035,5544
2020-03-24,21.180633544921875,21.180633544921875,19.145631790161133,20.76532554626465,6501
2020-03-25,20.68226432800293,22.30196189880371,19.810121536254883,22.30196189880371,9123
2020-03-26,21.59593963623047,24.29543113708496,20.76532554626465,24.29543113708496,13369
2020-03-27,24.29543113708496,24.918392181396484,22.26042938232422,22.26042938232422,3782
2020-03-30,22.26042938232422,22.26042938232422,22.26042938232422,22.26042938232422,596
2020-03-31,22.80032730102539,22.80032730102539,22.80032730102539,22.80032730102539,339
2020-04-01,21.59593963623047,22.80032730102539,21.59593963623047,22.011245727539062,6332
2020-04-06,21.346755981445312,24.212371826171875,21.305225372314453,24.212371826171875,18671
2020-04-07,26.455026626586918,26.455026626586918,26.455026626586918,26.455026626586918,240
2020-04-08,26.455026626586918,26.455026626586918,26.455026626586918,26.455026626586918,6019
2020-04-09,24.710737228393555,24.959922790527344,24.087778091430664,24.959922790527344,3129
2020-04-10,24.959922790527344,24.959922790527344,24.918392181396484,24.918392181396484,496
2020-04-13,23.67247200012207,24.29543113708496,23.67247200012207,24.170839309692383,1926
2020-04-14,24.212371826171875,24.212371826171875,24.212371826171875,24.212371826171875,5308
2020-04-15,24.087778091430664,24.087778091430664,24.087778091430664,24.087778091430664,2167
2020-04-16,24.087778091430664,24.918392181396484,23.67247200012207,24.918392181396484,3371
2020-04-17,25.001453399658203,25.001453399658203,24.959922790527344,24.959922790527344,11062
2020-04-20,24.959922790527344,24.959922790527344,24.959922790527344,24.959922790527344,0
2020-04-21,25.042984008789062,25.042984008789062,24.503084182739254,24.918392181396484,2179
2020-04-22,25.12604522705078,25.12604522705078,25.12604522705078,25.12604522705078,1455
2020-04-23,24.087778091430664,24.087778091430664,24.087778091430664,24.087778091430664,429
2020-04-24,24.087778091430664,24.087778091430664,24.087778091430664,24.087778091430664,0
2020-04-27,24.669208526611328,24.669208526611328,24.669208526611328,24.669208526611328,240
2020-04-28,22.46808242797852,24.918392181396484,22.46808242797852,24.087778091430664,1172
2020-04-29,24.087778091430664,24.62767791748047,24.087778091430664,24.62767791748047,1279
2020-04-30,24.29543113708496,24.503084182739254,24.29543113708496,24.503084182739254,1228
2020-05-04,24.918392181396484,24.918392181396484,24.918392181396484,24.918392181396484,1926
2020-05-05,24.918392181396484,24.918392181396484,24.918392181396484,24.918392181396484,0
2020-05-06,25.001453399658203,25.042984008789062,25.001453399658203,25.042984008789062,963
2020-05-07,23.04951286315918,23.04951286315918,23.04951286315918,23.04951286315918,1017
2020-05-08,24.835329055786133,24.835329055786133,24.087778091430664,24.503084182739254,5056
2020-05-11,26.164310455322266,26.164310455322266,25.95665740966797,25.95665740966797,3318
2020-05-12,25.95665740966797,25.95665740966797,25.95665740966797,25.95665740966797,0
2020-05-13,26.455026626586918,26.455026626586918,26.455026626586918,26.455026626586918,2416
2020-05-14,24.503084182739254,24.62767791748047,24.503084182739254,24.62767791748047,2137
2020-05-15,26.911863327026367,26.911863327026367,24.918392181396484,24.918392181396484,11075
2020-05-18,24.710737228393555,26.911863327026367,24.710737228393555,26.911863327026367,5297
2020-05-19,26.78727149963379,26.78727149963379,26.57961845397949,26.57961845397949,6473
2020-05-20,28.2408447265625,28.2408447265625,25.95665740966797,25.95665740966797,748
2020-05-21,25.33369827270508,25.54135131835937,25.33369827270508,25.54135131835937,4828
2020-05-22,25.54135131835937,25.54135131835937,25.54135131835937,25.54135131835937,8753
2020-05-25,25.54135131835937,25.54135131835937,25.54135131835937,25.54135131835937,0
2020-05-26,25.749004364013672,25.749004364013672,24.918392181396484,25.2091064453125,5778
2020-05-27,24.959922790527344,25.54135131835937,24.959922790527344,25.54135131835937,12660
2020-05-28,25.54135131835937,25.54135131835937,25.54135131835937,25.54135131835937,5625
2020-05-29,25.749004364013672,25.749004364013672,25.749004364013672,25.749004364013672,4449
2020-06-01,25.749004364013672,25.749004364013672,24.918392181396484,24.918392181396484,13432
2020-06-02,24.918392181396484,25.12604522705078,24.918392181396484,25.12604522705078,12751
2020-06-03,24.918392181396484,25.12604522705078,24.918392181396484,25.12604522705078,13047
2020-06-04,25.12604522705078,25.33369827270508,25.12604522705078,25.33369827270508,18181
2020-06-05,25.33369827270508,25.54135131835937,25.33369827270508,25.54135131835937,18626
2020-06-08,24.29543113708496,24.752269744873047,24.29543113708496,24.752269744873047,4052
2020-06-09,25.33369827270508,25.54135131835937,25.33369827270508,25.54135131835937,14154
2020-06-10,24.918392181396484,25.001453399658203,24.918392181396484,25.001453399658203,12520
2020-06-11,24.959922790527344,24.959922790527344,24.959922790527344,24.959922790527344,6982
2020-06-12,24.212371826171875,24.212371826171875,24.212371826171875,24.212371826171875,1203
2020-06-15,24.087778091430664,24.087778091430664,24.087778091430664,24.087778091430664,603
2020-06-16,25.33369827270508,25.33369827270508,25.33369827270508,25.33369827270508,2418
2020-06-17,24.918392181396484,24.918392181396484,24.918392181396484,24.918392181396484,3794
2020-06-18,24.087778091430664,24.918392181396484,24.087778091430664,24.918392181396484,3181
2020-06-19,27.2856388092041,27.2856388092041,24.918392181396484,24.959922790527344,6103
2020-06-22,24.918392181396484,24.959922790527344,24.918392181396484,24.959922790527344,837
2020-06-23,25.83206558227539,25.83206558227539,24.959922790527344,25.12604522705078,7223
2020-06-24,25.042984008789062,25.042984008789062,25.042984008789062,25.042984008789062,2502
2020-06-29,25.12604522705078,25.54135131835937,25.12604522705078,25.33369827270508,6797
2020-06-30,25.33369827270508,25.33369827270508,24.959922790527344,24.959922790527344,2458
2020-07-01,24.959922790527344,25.042984008789062,24.959922790527344,25.042984008789062,7287
2020-07-02,24.918392181396484,24.918392181396484,24.918392181396484,24.918392181396484,5858
2020-07-03,24.918392181396484,24.959922790527344,24.918392181396484,24.959922790527344,6501
2020-07-06,25.33369827270508,25.33369827270508,24.959922790527344,24.959922790527344,8586
2020-07-07,24.959922790527344,24.959922790527344,24.959922790527344,24.959922790527344,11526
2020-07-08,24.959922790527344,24.959922790527344,24.959922790527344,24.959922790527344,7516
2020-07-09,24.959922790527344,25.749004364013672,24.959922790527344,25.33369827270508,1859
2020-07-10,24.959922790527344,25.25063705444336,24.959922790527344,24.959922790527344,4058
2020-07-13,24.959922790527344,24.959922790527344,24.918392181396484,24.959922790527344,4663
2020-07-14,25.12604522705078,25.12604522705078,25.12604522705078,25.12604522705078,4649
2020-07-15,25.12604522705078,25.12604522705078,25.12604522705078,25.12604522705078,19575
2020-07-16,24.918392181396484,24.918392181396484,24.918392181396484,24.918392181396484,2889
2020-07-17,24.918392181396484,24.918392181396484,24.918392181396484,24.918392181396484,0
2020-07-20,25.001453399658203,25.001453399658203,24.959922790527344,25.001453399658203,2287
2020-07-21,24.918392181396484,24.959922790527344,24.876861572265625,24.959922790527344,11925
2020-07-22,24.918392181396484,25.001453399658203,24.918392181396484,25.001453399658203,8099
2020-07-23,24.959922790527344,24.959922790527344,24.959922790527344,24.959922790527344,9605
2020-07-24,22.46808242797852,26.164310455322266,22.46808242797852,26.164310455322266,3679
2020-07-27,25.87359619140625,25.87359619140625,25.12604522705078,25.12604522705078,3377
2020-07-28,24.503084182739254,24.752269744873047,24.503084182739254,24.752269744873047,8059
2020-07-29,24.752269744873047,24.752269744873047,24.752269744873047,24.752269744873047,0
2020-07-30,24.752269744873047,24.835329055786133,24.752269744873047,24.835329055786133,4011
2020-07-31,24.918392181396484,24.959922790527344,24.503084182739254,24.669208526611328,16513
2020-08-03,24.752269744873047,25.33369827270508,24.752269744873047,25.33369827270508,7302
2020-08-04,25.33369827270508,25.33369827270508,25.33369827270508,25.33369827270508,0
2020-08-05,25.33369827270508,26.164310455322266,25.33369827270508,25.54135131835937,22100
2020-08-06,27.99165916442871,27.99165916442871,24.959922790527344,25.001453399658203,2973
2020-08-07,25.001453399658203,25.001453399658203,24.918392181396484,24.918392181396484,14447
2020-08-10,24.918392181396484,24.959922790527344,24.918392181396484,24.959922790527344,4093
2020-08-11,24.959922790527344,24.959922790527344,24.503084182739254,24.503084182739254,1106
2020-08-12,24.503084182739254,24.503084182739254,24.503084182739254,24.503084182739254,2167
2020-08-13,24.918392181396484,26.496557235717773,24.918392181396484,26.496557235717773,20707
2020-08-14,25.749004364013672,25.749004364013672,25.749004364013672,25.749004364013672,4839
2020-08-17,27.825538635253903,27.825538635253903,24.918392181396484,25.042984008789062,6236
2020-08-18,25.08451461791992,25.12604522705078,25.08451461791992,25.12604522705078,3004
2020-08-19,25.001453399658203,25.042984008789062,25.001453399658203,25.042984008789062,6219
2020-08-20,25.08451461791992,25.08451461791992,25.042984008789062,25.08451461791992,13484
2020-08-21,25.001453399658203,25.001453399658203,25.001453399658203,25.001453399658203,722
2020-08-24,24.959922790527344,25.12604522705078,24.959922790527344,25.12604522705078,6134
2020-08-25,25.12604522705078,25.12604522705078,24.959922790527344,25.12604522705078,31491
2020-08-26,22.634206771850582,25.042984008789062,22.634206771850582,25.042984008789062,25069
2020-08-27,25.001453399658203,25.12604522705078,25.001453399658203,25.08451461791992,37160
2020-08-28,25.042984008789062,25.749004364013672,24.959922790527344,25.624412536621094,15013
2020-08-31,25.001453399658203,25.001453399658203,24.959922790527344,25.001453399658203,23011
2020-09-01,25.001453399658203,25.375228881835938,25.001453399658203,25.12604522705078,14953
2020-09-02,25.12604522705078,25.12604522705078,25.001453399658203,25.001453399658203,5893
2020-09-03,25.12604522705078,25.12604522705078,25.08451461791992,25.12604522705078,15398
2020-09-04,25.33369827270508,25.33369827270508,25.12604522705078,25.33369827270508,28099
2020-09-07,25.33369827270508,25.4167594909668,25.33369827270508,25.375228881835938,8039
2020-09-08,25.37523078918457,25.37523078918457,25.37523078918457,25.37523078918457,0
2020-09-09,25.37523078918457,25.37523078918457,25.37523078918457,25.37523078918457,0
2020-09-10,25.37523078918457,25.37523078918457,25.37523078918457,25.37523078918457,0
2020-09-11,25.37523078918457,25.37523078918457,25.37523078918457,25.37523078918457,0
2020-09-14,25.37523078918457,25.37523078918457,25.37523078918457,25.37523078918457,0
2020-09-15,25.350000381469727,25.350000381469727,24.799999237060547,25.350000381469727,95294
2020-09-16,24.799999237060547,25.299999237060547,24.799999237060547,25.299999237060547,20884
2020-09-17,24.799999237060547,24.799999237060547,24.799999237060547,24.799999237060547,11159
2020-09-18,24.799999237060547,24.799999237060547,24.5,24.5,18390
2020-09-21,24.5,24.5,23.0,23.0,48931
2020-09-22,23.0,23.0,23.0,23.0,31367
2020-09-23,23.049999237060547,23.049999237060547,23.049999237060547,23.049999237060547,5423
2020-09-24,23.100000381469727,23.100000381469727,23.100000381469727,23.100000381469727,3400
2020-09-25,23.200000762939453,25.399999618530277,23.200000762939453,25.399999618530277,31929
2020-09-28,27.799999237060547,27.799999237060547,27.0,27.399999618530277,35791
2020-09-29,26.799999237060547,26.799999237060547,26.0,26.200000762939453,23436
2020-09-30,26.5,26.799999237060547,26.5,26.799999237060547,26382
2020-10-05,26.799999237060547,26.799999237060547,26.799999237060547,26.799999237060547,0
2020-10-06,26.799999237060547,27.0,26.799999237060547,27.0,8494
2020-10-07,26.0,26.100000381469727,26.0,26.0,33735
2020-10-08,26.100000381469727,26.100000381469727,26.100000381469727,26.100000381469727,3839
2020-10-12,26.5,26.5,26.299999237060547,26.299999237060547,15474
2020-10-13,26.299999237060547,26.299999237060547,26.100000381469727,26.100000381469727,28426
2020-10-14,26.100000381469727,26.299999237060547,26.100000381469727,26.299999237060547,14137
2020-10-15,26.200000762939453,26.299999237060547,26.100000381469727,26.100000381469727,8309
2020-10-16,26.100000381469727,26.200000762939453,26.0,26.0,4369
2020-10-19,26.100000381469727,26.100000381469727,26.100000381469727,26.100000381469727,8796
2020-10-20,26.0,26.200000762939453,26.0,26.200000762939453,6114
2020-10-21,26.200000762939453,26.200000762939453,26.100000381469727,26.200000762939453,4467
2020-10-22,26.200000762939453,26.200000762939453,26.100000381469727,26.100000381469727,4600
2020-10-23,26.0,26.200000762939453,26.0,26.200000762939453,13016
2020-10-26,26.200000762939453,26.200000762939453,26.200000762939453,26.200000762939453,5276
2020-10-27,26.200000762939453,26.200000762939453,26.200000762939453,26.200000762939453,2828
2020-10-28,26.0,26.0,26.0,26.0,7414
2020-10-29,26.0,26.0,26.0,26.0,0
2020-10-30,26.0,26.0,26.0,26.0,7609
2020-11-02,26.0,26.0,26.0,26.0,2199
2020-11-03,26.0,26.0,25.899999618530277,25.899999618530277,8684
2020-11-04,26.0,26.0,26.0,26.0,3100
2020-11-05,26.100000381469727,26.100000381469727,26.100000381469727,26.100000381469727,3499
2020-11-06,26.100000381469727,26.200000762939453,26.100000381469727,26.200000762939453,6299
2020-11-09,26.0,26.0,26.0,26.0,6189
2020-11-10,26.149999618530277,26.149999618530277,26.100000381469727,26.100000381469727,6113
2020-11-11,26.100000381469727,26.100000381469727,26.100000381469727,26.100000381469727,13999
2020-11-12,26.100000381469727,26.100000381469727,26.100000381469727,26.100000381469727,2481
2020-11-13,26.149999618530277,26.149999618530277,26.100000381469727,26.100000381469727,7999
2020-11-16,26.200000762939453,26.200000762939453,26.149999618530277,26.149999618530277,11409
2020-11-17,26.149999618530277,26.149999618530277,26.149999618530277,26.149999618530277,5925
2020-11-18,26.149999618530277,26.149999618530277,26.149999618530277,26.149999618530277,13079
2020-11-19,26.200000762939453,26.25,26.200000762939453,26.25,12956
2020-11-20,26.25,26.299999237060547,26.25,26.299999237060547,6097
2020-11-23,26.399999618530277,26.5,26.399999618530277,26.5,9998
2020-11-24,26.25,26.25,26.25,26.25,5000
2020-11-25,26.25,27.049999237060547,26.25,26.299999237060547,14620
2020-11-26,26.799999237060547,27.200000762939453,26.799999237060547,26.799999237060547,11555
2020-11-27,26.799999237060547,26.799999237060547,26.799999237060547,26.799999237060547,0
2020-11-30,26.75,27.5,26.75,27.200000762939453,25184
2020-12-01,27.200000762939453,27.200000762939453,27.200000762939453,27.200000762939453,4999
2020-12-02,27.200000762939453,27.299999237060547,26.799999237060547,26.799999237060547,13986
2020-12-03,26.899999618530277,27.0,26.799999237060547,27.0,13966
2020-12-04,27.149999618530277,27.200000762939453,27.0,27.0,8720
2020-12-07,27.0,27.200000762939453,27.0,27.049999237060547,6999
2020-12-08,27.200000762939453,27.200000762939453,27.0,27.100000381469727,18917
2020-12-09,27.049999237060547,27.200000762939453,27.049999237060547,27.200000762939453,10554
2020-12-10,27.200000762939453,27.200000762939453,27.100000381469727,27.100000381469727,8817
2020-12-11,27.0,27.100000381469727,26.799999237060547,26.799999237060547,20060
2020-12-14,26.799999237060547,26.850000381469727,26.799999237060547,26.799999237060547,13134
2020-12-15,26.899999618530277,26.899999618530277,26.799999237060547,26.899999618530277,7481
2020-12-16,26.899999618530277,26.899999618530277,26.0,26.850000381469727,12999
2020-12-17,26.850000381469727,26.850000381469727,26.600000381469727,26.600000381469727,8999
2020-12-18,26.799999237060547,27.0,26.799999237060547,26.799999237060547,17076
2020-12-21,27.0,27.0,26.799999237060547,26.799999237060547,6000
2020-12-22,26.799999237060547,26.799999237060547,26.799999237060547,26.799999237060547,0
2020-12-23,26.799999237060547,27.149999618530277,26.799999237060547,26.799999237060547,11199
2020-12-24,26.799999237060547,27.0,26.799999237060547,26.799999237060547,9517
2020-12-25,26.850000381469727,27.0,26.850000381469727,27.0,8116
2020-12-28,27.25,27.299999237060547,26.799999237060547,27.0,67082
2020-12-29,27.0,27.0,26.850000381469727,26.850000381469727,32192
2020-12-30,26.799999237060547,26.799999237060547,26.799999237060547,26.799999237060547,9082
2020-12-31,24.799999237060547,27.399999618530277,24.799999237060547,26.899999618530277,19926
2021-01-04,26.799999237060547,26.799999237060547,26.799999237060547,26.799999237060547,5036
2021-01-05,26.799999237060547,26.899999618530277,26.799999237060547,26.799999237060547,15971
2021-01-06,26.799999237060547,26.850000381469727,26.799999237060547,26.799999237060547,10321
2021-01-07,26.850000381469727,26.850000381469727,26.799999237060547,26.799999237060547,4999
2021-01-08,26.799999237060547,26.799999237060547,26.799999237060547,26.799999237060547,7713
2021-01-11,26.799999237060547,26.799999237060547,26.799999237060547,26.799999237060547,8999
2021-01-12,27.399999618530277,27.399999618530277,26.799999237060547,26.850000381469727,14958
2021-01-13,26.899999618530277,26.899999618530277,26.850000381469727,26.850000381469727,4166
2021-01-14,26.799999237060547,26.799999237060547,26.799999237060547,26.799999237060547,7269
2021-01-15,26.799999237060547,26.799999237060547,26.799999237060547,26.799999237060547,3841
2021-01-18,26.799999237060547,26.799999237060547,26.799999237060547,26.799999237060547,6573
2021-01-19,27.0,27.0,26.799999237060547,26.799999237060547,6000
2021-01-20,27.0,27.399999618530277,27.0,27.399999618530277,20443
2021-01-21,27.299999237060547,27.5,27.299999237060547,27.5,15645
2021-01-22,27.0,27.0,27.0,27.0,6090
2021-01-25,27.0,27.0,27.0,27.0,6367
2021-01-26,27.0,27.0,26.600000381469727,26.600000381469727,5767
2021-01-27,26.799999237060547,26.799999237060547,26.5,26.5,4078
2021-01-28,26.600000381469727,27.049999237060547,26.600000381469727,26.600000381469727,8230
2021-01-29,26.549999237060547,26.600000381469727,26.5,26.5,11345
2021-02-01,27.399999618530277,27.399999618530277,27.399999618530277,27.399999618530277,9000
2021-02-02,27.5,27.5,26.899999618530277,26.899999618530277,2460
2021-02-03,27.25,27.299999237060547,27.200000762939453,27.200000762939453,9000
2021-02-04,26.549999237060547,26.850000381469727,26.549999237060547,26.799999237060547,6601
2021-02-05,26.950000762939453,27.100000381469727,26.799999237060547,26.799999237060547,16588
2021-02-17,27.149999618530277,27.200000762939453,26.5,26.5,17805
2021-02-18,26.5,26.700000762939453,26.5,26.5,10921
2021-02-19,26.600000381469727,26.600000381469727,26.600000381469727,26.600000381469727,1678
2021-02-22,26.950000762939453,27.0,26.600000381469727,26.600000381469727,18089
2021-02-23,26.399999618530277,26.399999618530277,26.350000381469727,26.350000381469727,2600
2021-02-24,26.350000381469727,26.350000381469727,26.299999237060547,26.299999237060547,5999
2021-02-25,26.299999237060547,26.299999237060547,26.299999237060547,26.299999237060547,5787
2021-02-26,26.299999237060547,26.299999237060547,26.299999237060547,26.299999237060547,0
2021-03-02,26.200000762939453,26.399999618530277,26.200000762939453,26.399999618530277,3522
2021-03-03,26.200000762939453,26.450000762939453,26.200000762939453,26.200000762939453,8000
2021-03-04,26.299999237060547,26.299999237060547,26.200000762939453,26.200000762939453,13575
2021-03-05,26.450000762939453,26.450000762939453,26.100000381469727,26.100000381469727,3572
2021-03-08,26.100000381469727,26.100000381469727,26.100000381469727,26.100000381469727,2000
2021-03-09,26.200000762939453,26.200000762939453,26.100000381469727,26.100000381469727,6611
2021-03-10,26.25,26.299999237060547,26.0,26.0,17120
2021-03-11,26.299999237060547,26.299999237060547,26.200000762939453,26.200000762939453,45000
2021-03-12,28.049999237060547,28.799999237060547,28.049999237060547,28.799999237060547,100398
2021-03-15,30.75,31.649999618530277,29.799999237060547,31.5,154149
2021-03-16,33.29999923706055,33.29999923706055,29.25,30.450000762939453,32631
2021-03-17,31.700000762939453,31.700000762939453,29.899999618530277,30.0,21068
2021-03-18,29.399999618530277,30.049999237060547,29.399999618530277,30.049999237060547,16510
2021-03-19,28.799999237060547,30.049999237060547,28.799999237060547,29.0,30968
2021-03-22,29.200000762939453,31.899999618530277,29.200000762939453,30.700000762939453,26855
2021-03-23,30.700000762939453,31.350000381469727,30.299999237060547,31.350000381469727,24446
2021-03-24,31.350000381469727,31.700000762939453,31.100000381469727,31.600000381469727,20379
2021-03-25,31.549999237060547,31.600000381469727,30.799999237060547,30.950000762939453,19907
2021-03-26,30.299999237060547,31.899999618530277,30.299999237060547,31.0,13004
2021-03-29,30.950000762939453,31.850000381469727,30.950000762939453,31.600000381469727,45382
2021-03-30,31.600000381469727,32.20000076293945,31.600000381469727,32.099998474121094,32799
2021-03-31,32.099998474121094,32.70000076293945,32.099998474121094,32.349998474121094,27862
2021-04-01,32.5,34.0,32.0,34.0,70595
2021-04-07,35.599998474121094,37.400001525878906,35.599998474121094,37.09999847412109,50488
2021-04-08,38.79999923706055,40.79999923706055,37.59999847412109,40.79999923706055,105592
2021-04-09,43.900001525878906,43.900001525878906,38.0,39.900001525878906,78688
2021-04-12,39.0,39.79999923706055,37.70000076293945,39.79999923706055,39637
2021-04-13,39.79999923706055,39.79999923706055,39.79999923706055,39.79999923706055,3287
2021-04-14,39.900001525878906,39.900001525878906,38.0,39.34999847412109,18537
2021-04-15,42.45000076293945,42.45000076293945,38.34999847412109,39.20000076293945,10063
2021-04-16,40.34999847412109,40.34999847412109,39.20000076293945,40.150001525878906,13546
2021-04-19,38.79999923706055,40.0,38.54999923706055,39.95000076293945,22850
2021-04-20,39.95000076293945,39.95000076293945,39.0,39.04999923706055,8712
2021-04-21,39.04999923706055,39.04999923706055,39.04999923706055,39.04999923706055,1680
2021-04-22,39.0,39.04999923706055,38.5,38.5,6184
2021-04-23,37.59999847412109,38.70000076293945,37.54999923706055,37.79999923706055,28697
2021-04-26,38.20000076293945,38.5,38.04999923706055,38.5,14483
2021-04-27,38.0,38.5,38.0,38.5,16359
2021-04-28,38.25,38.5,38.25,38.5,7959
2021-04-29,38.54999923706055,39.20000076293945,38.5,38.54999923706055,23083
2021-05-03,38.84999847412109,40.0,38.84999847412109,40.0,20809
2021-05-04,39.20000076293945,39.20000076293945,37.45000076293945,38.95000076293945,21653
2021-05-05,38.95000076293945,38.95000076293945,38.29999923706055,38.70000076293945,8956
2021-05-06,38.70000076293945,40.0,38.70000076293945,39.59999847412109,17313
2021-05-07,40.0,40.54999923706055,39.79999923706055,40.0,20998
2021-05-10,41.5,43.900001525878906,41.5,42.0,56973
2021-05-11,41.150001525878906,41.150001525878906,38.09999847412109,39.79999923706055,158447
2021-05-12,38.29999923706055,39.70000076293945,37.5,38.09999847412109,65261
2021-05-13,37.150001525878906,38.04999923706055,37.04999923706055,37.900001525878906,43240
2021-05-14,37.900001525878906,39.20000076293945,37.900001525878906,39.20000076293945,25297
2021-05-17,37.59999847412109,38.400001525878906,35.70000076293945,37.0,42333
2021-05-18,37.0,40.0,37.0,38.75,11498
2021-05-19,38.45000076293945,38.5,37.79999923706055,37.84999847412109,16581
2021-05-20,37.5,38.29999923706055,37.45000076293945,38.25,6500
2021-05-21,38.45000076293945,38.59999847412109,37.5,37.650001525878906,47505
2021-05-24,38.0,38.0,36.79999923706055,36.79999923706055,32515
2021-05-25,36.59999847412109,36.59999847412109,36.5,36.5,5671
2021-05-26,37.0,37.0,36.5,36.5,2255
2021-05-27,37.54999923706055,37.59999847412109,36.45000076293945,36.5,28230
2021-05-28,36.59999847412109,37.20000076293945,36.59999847412109,37.0,32623
2021-05-31,37.400001525878906,37.5,36.84999847412109,36.84999847412109,19345
2021-06-01,37.0,37.0,36.5,36.900001525878906,17400
2021-06-02,36.70000076293945,37.34999847412109,36.70000076293945,37.34999847412109,14742
2021-06-03,37.0,38.09999847412109,37.0,37.5,38391
2021-06-04,39.29999923706055,39.400001525878906,37.59999847412109,37.650001525878906,21542
2021-06-07,38.79999923706055,38.84999847412109,37.650001525878906,37.900001525878906,19153
2021-06-08,37.29999923706055,38.5,37.29999923706055,37.84999847412109,25000
2021-06-09,37.75,38.5,37.75,38.0,33578
2021-06-10,38.20000076293945,38.20000076293945,37.79999923706055,38.150001525878906,24944
2021-06-11,38.45000076293945,39.0,38.45000076293945,38.54999923706055,29804
2021-06-15,39.20000076293945,39.20000076293945,38.09999847412109,38.25,15500
2021-06-16,38.25,38.95000076293945,37.59999847412109,37.650001525878906,30955
2021-06-17,38.400001525878906,38.400001525878906,37.5,37.79999923706055,32240
2021-06-18,38.20000076293945,39.0,36.79999923706055,37.84999847412109,53466
2021-06-21,37.79999923706055,38.20000076293945,37.5,37.900001525878906,29575
2021-06-22,38.29999923706055,41.650001525878906,38.0,40.04999923706055,90017
2021-06-23,40.0,40.0,38.400001525878906,39.70000076293945,90004
2021-06-24,39.20000076293945,39.75,39.09999847412109,39.75,27892
2021-06-25,40.150001525878906,40.150001525878906,39.75,39.79999923706055,14080
2021-06-28,39.900001525878906,40.0,39.0,39.0,28229
2021-06-29,38.5,39.20000076293945,38.5,39.150001525878906,15155
2021-06-30,39.150001525878906,39.95000076293945,39.150001525878906,39.95000076293945,17436
2021-07-01,39.5,39.900001525878906,39.09999847412109,39.09999847412109,20345
2021-07-02,39.75,40.25,39.59999847412109,39.70000076293945,25051
2021-07-05,40.0,41.09999847412109,39.79999923706055,41.04999923706055,97072
2021-07-06,41.04999923706055,41.09999847412109,40.400001525878906,40.5,26457
2021-07-07,39.79999923706055,43.0,39.400001525878906,43.0,131482
2021-07-08,46.70000076293945,47.29999923706055,46.09999847412109,47.29999923706055,476381
2021-07-09,47.5,52.0,47.34999847412109,50.59999847412109,808028
2021-07-12,53.0,53.5,49.29999923706055,49.34999847412109,458499
2021-07-13,47.95000076293945,50.29999923706055,46.54999923706055,46.54999923706055,246097
2021-07-14,47.54999923706055,49.900001525878906,47.150001525878906,47.5,138643
2021-07-15,48.95000076293945,49.04999923706055,47.0,48.54999923706055,69312
2021-07-16,48.75,48.75,47.0,47.04999923706055,42960
2021-07-19,47.04999923706055,48.20000076293945,46.0,46.75,49400
2021-07-20,45.0,46.09999847412109,44.900001525878906,45.20000076293945,83355
2021-07-21,45.900001525878906,46.650001525878906,44.79999923706055,44.79999923706055,85445
2021-07-22,45.09999847412109,46.25,45.0,45.0,19032
2021-07-23,45.79999923706055,46.79999923706055,45.25,45.400001525878906,54711
2021-07-26,44.29999923706055,45.150001525878906,43.09999847412109,43.09999847412109,291602
2021-07-27,43.0,43.09999847412109,42.79999923706055,42.79999923706055,60641
2021-07-28,42.79999923706055,43.0,42.20000076293945,43.0,79498
2021-07-29,43.0,43.75,42.79999923706055,43.75,35686
2021-07-30,42.5,43.45000076293945,42.5,43.45000076293945,21575
2021-08-02,42.95000076293945,43.29999923706055,42.79999923706055,43.29999923706055,17700
2021-08-03,43.29999923706055,43.5,42.650001525878906,42.650001525878906,31240
2021-08-04,42.70000076293945,43.0,41.59999847412109,41.59999847412109,50922
2021-08-05,41.09999847412109,41.29999923706055,38.79999923706055,40.20000076293945,278597
2021-08-06,40.09999847412109,41.04999923706055,40.09999847412109,41.04999923706055,30296
2021-08-09,39.79999923706055,40.900001525878906,39.09999847412109,39.34999847412109,47069
2021-08-10,38.79999923706055,39.84999847412109,38.09999847412109,39.650001525878906,14108
2021-08-11,38.5,40.29999923706055,38.5,39.75,13501
2021-08-12,39.70000076293945,39.79999923706055,38.59999847412109,39.79999923706055,9500
2021-08-13,39.79999923706055,40.0,38.79999923706055,38.79999923706055,76227
2021-08-16,38.5,38.5,37.59999847412109,37.59999847412109,29484
2021-08-17,37.59999847412109,37.59999847412109,37.59999847412109,37.59999847412109,0
2021-08-18,38.0,40.0,38.0,38.34999847412109,13399
2021-08-19,37.95000076293945,38.25,37.0,37.29999923706055,28989
2021-08-20,38.400001525878906,38.400001525878906,37.29999923706055,38.400001525878906,9052
2021-08-23,38.09999847412109,39.650001525878906,38.0,39.650001525878906,16596
2021-08-24,38.34999847412109,38.34999847412109,38.25,38.25,3024
2021-08-25,38.29999923706055,38.95000076293945,38.29999923706055,38.79999923706055,6000
2021-08-26,38.79999923706055,38.79999923706055,38.79999923706055,38.79999923706055,0
2021-08-27,39.5,39.5,38.34999847412109,38.45000076293945,15666
2021-08-30,39.150001525878906,40.04999923706055,38.84999847412109,39.5,15331
2021-08-31,40.20000076293945,40.20000076293945,38.59999847412109,39.29999923706055,23000
2021-09-01,38.900001525878906,39.400001525878906,38.79999923706055,39.29999923706055,15200
2021-09-02,38.70000076293945,39.25,38.70000076293945,39.25,2007
2021-09-03,38.84999847412109,39.29999923706055,38.75,39.09999847412109,11150
2021-09-06,39.09999847412109,39.09999847412109,38.84999847412109,38.84999847412109,4303
2021-09-07,39.09999847412109,39.09999847412109,39.09999847412109,39.09999847412109,1259
2021-09-08,39.29999923706055,39.29999923706055,39.29999923706055,39.29999923706055,1000
2021-09-09,39.04999923706055,39.04999923706055,39.04999923706055,39.04999923706055,1000
2021-09-10,38.79999923706055,39.09999847412109,38.79999923706055,39.09999847412109,6055
2021-09-13,39.09999847412109,39.09999847412109,38.45000076293945,39.0,7000
2021-09-14,38.5,38.59999847412109,38.5,38.59999847412109,4000
2021-09-15,38.59999847412109,38.59999847412109,38.59999847412109,38.59999847412109,0
2021-09-16,39.70000076293945,39.70000076293945,39.70000076293945,39.70000076293945,6000
2021-09-17,38.79999923706055,38.79999923706055,38.5,38.5,9999
2021-09-22,38.0,38.0,38.0,38.0,3330
2021-09-23,38.0,38.09999847412109,38.0,38.0,8230
2021-09-24,38.0,38.20000076293945,38.0,38.20000076293945,11028
2021-09-27,38.0,38.0,37.70000076293945,37.70000076293945,8000
2021-09-28,37.5,37.900001525878906,37.5,37.59999847412109,33000
2021-09-29,38.0,38.0,37.84999847412109,37.84999847412109,8500
2021-09-30,37.900001525878906,39.5,37.84999847412109,37.84999847412109,35184
2021-10-01,38.29999923706055,38.79999923706055,37.5,37.70000076293945,53000
2021-10-04,37.54999923706055,37.54999923706055,35.599998474121094,37.150001525878906,34611
2021-10-05,36.59999847412109,37.75,36.400001525878906,37.75,14964
2021-10-06,37.75,37.75,36.900001525878906,36.900001525878906,9299
2021-10-07,37.45000076293945,37.45000076293945,36.900001525878906,36.900001525878906,13345
2021-10-08,36.900001525878906,36.900001525878906,36.900001525878906,36.900001525878906,0
2021-10-12,36.04999923706055,37.29999923706055,36.04999923706055,36.79999923706055,10000
2021-10-13,36.79999923706055,36.79999923706055,36.29999923706055,36.29999923706055,7000
2021-10-14,36.29999923706055,36.75,36.29999923706055,36.400001525878906,19535
2021-10-15,36.400001525878906,36.95000076293945,36.400001525878906,36.95000076293945,4085
2021-10-18,36.95000076293945,37.0,36.95000076293945,37.0,62611
2021-10-19,35.650001525878906,37.0,35.650001525878906,36.95000076293945,9575
2021-10-20,37.0,37.0,37.0,37.0,5000
2021-10-21,37.0,37.0,36.29999923706055,36.29999923706055,3000
2021-10-22,36.29999923706055,36.29999923706055,36.29999923706055,36.29999923706055,0
2021-10-25,36.95000076293945,37.0,36.95000076293945,37.0,8204
2021-10-26,37.0,37.09999847412109,37.0,37.09999847412109,4000
2021-10-27,37.0,37.20000076293945,37.0,37.20000076293945,5470
2021-10-28,36.95000076293945,37.150001525878906,36.75,37.150001525878906,6481
2021-10-29,37.150001525878906,37.150001525878906,36.75,37.09999847412109,5000
2021-11-01,37.09999847412109,37.20000076293945,36.79999923706055,37.0,10115
2021-11-02,37.0,38.400001525878906,36.79999923706055,36.900001525878906,20481
2021-11-03,36.95000076293945,36.95000076293945,36.70000076293945,36.95000076293945,10519
2021-11-04,35.900001525878906,37.09999847412109,35.900001525878906,36.84999847412109,21000
2021-11-05,36.84999847412109,37.29999923706055,36.79999923706055,37.29999923706055,4115
2021-11-08,39.0,41.0,37.70000076293945,39.400001525878906,84391
2021-11-09,40.0,41.0,39.0,40.0,30115
2021-11-10,38.400001525878906,39.5,38.09999847412109,39.5,7482
2021-11-11,42.400001525878906,42.400001525878906,39.5,39.95000076293945,37494
2021-11-12,40.29999923706055,40.29999923706055,39.79999923706055,40.0,41519
2021-11-15,41.09999847412109,41.09999847412109,39.900001525878906,39.900001525878906,29999
2021-11-16,40.0,41.09999847412109,39.900001525878906,41.04999923706055,39486
2021-11-17,42.0,43.09999847412109,41.04999923706055,41.09999847412109,36879
2021-11-18,41.150001525878906,41.20000076293945,40.20000076293945,40.20000076293945,12279
2021-11-19,41.0,41.900001525878906,40.5,41.0,43108
2021-11-22,41.04999923706055,41.84999847412109,40.5,41.59999847412109,18918
2021-11-23,41.84999847412109,41.84999847412109,40.29999923706055,40.5,21240
2021-11-24,40.0,40.0,40.0,40.0,1300
2021-11-25,40.0,40.04999923706055,39.59999847412109,39.95000076293945,14002
2021-11-26,41.29999923706055,41.29999923706055,39.95000076293945,40.0,11000
2021-11-29,39.79999923706055,39.79999923706055,39.79999923706055,39.79999923706055,1016
2021-11-30,39.79999923706055,40.45000076293945,39.79999923706055,40.45000076293945,4230
2021-12-01,39.70000076293945,40.25,39.70000076293945,40.0,3000
2021-12-02,39.29999923706055,39.5,39.29999923706055,39.5,2000
2021-12-03,39.5,40.0,39.5,40.0,14068
2021-12-06,40.0,40.5,39.79999923706055,40.150001525878906,23575
2021-12-07,40.0,40.20000076293945,40.0,40.20000076293945,4231
2021-12-08,40.0,40.84999847412109,39.70000076293945,40.0,11632
2021-12-09,39.5,39.70000076293945,38.59999847412109,39.5,20021
2021-12-10,39.29999923706055,39.29999923706055,39.20000076293945,39.20000076293945,3115
2021-12-13,39.0,39.20000076293945,39.0,39.20000076293945,4203
2021-12-14,39.0,39.0,38.54999923706055,38.54999923706055,4000
2021-12-15,39.650001525878906,39.650001525878906,39.0,39.0,3230
2021-12-16,39.0,39.5,38.79999923706055,39.5,3306
2021-12-17,39.400001525878906,39.5,39.400001525878906,39.5,6276
2021-12-20,39.150001525878906,39.150001525878906,39.150001525878906,39.150001525878906,1500
2021-12-21,39.150001525878906,40.0,39.150001525878906,39.5,5345
2021-12-22,40.0,41.79999923706055,40.0,41.0,32728
2021-12-23,40.5,41.400001525878906,40.5,41.400001525878906,6930
2021-12-24,41.20000076293945,41.29999923706055,40.29999923706055,41.29999923706055,5000
2021-12-27,41.29999923706055,41.29999923706055,41.29999923706055,41.29999923706055,0
2021-12-28,41.29999923706055,41.29999923706055,41.29999923706055,41.29999923706055,0
2021-12-29,40.5,40.5,40.400001525878906,40.5,5000
2021-12-30,40.0,40.0,39.09999847412109,39.09999847412109,6614
2022-01-03,41.09999847412109,41.09999847412109,39.04999923706055,39.09999847412109,58125
2022-01-04,39.20000076293945,39.70000076293945,39.20000076293945,39.650001525878906,10833
2022-01-05,39.29999923706055,39.5,39.29999923706055,39.5,5000
2022-01-06,39.5,39.5,39.5,39.5,1000
2022-01-07,39.09999847412109,39.20000076293945,39.09999847412109,39.20000076293945,5000
2022-01-10,39.0,39.45000076293945,39.0,39.45000076293945,9225
2022-01-11,39.0,39.0,38.04999923706055,38.650001525878906,11278
2022-01-12,38.70000076293945,38.900001525878906,37.79999923706055,37.84999847412109,39806
2022-01-13,37.84999847412109,37.95000076293945,37.84999847412109,37.84999847412109,9345
2022-01-14,38.0,38.0,37.09999847412109,37.79999923706055,16525
2022-01-17,37.5,37.5,37.20000076293945,37.25,5000
2022-01-18,38.0,38.25,37.54999923706055,37.650001525878906,9000
2022-01-19,37.70000076293945,37.70000076293945,37.20000076293945,37.70000076293945,26661
2022-01-20,38.0,38.0,37.5,37.75,12018
2022-01-21,37.34999847412109,37.5,36.59999847412109,37.09999847412109,19000
2022-01-24,37.09999847412109,37.09999847412109,37.09999847412109,37.09999847412109,0
2022-01-25,36.79999923706055,36.79999923706055,36.150001525878906,36.150001525878906,8407
2022-01-26,36.04999923706055,36.5,36.04999923706055,36.5,13000
2022-02-07,36.59999847412109,36.79999923706055,36.59999847412109,36.79999923706055,3115
2022-02-08,36.79999923706055,36.79999923706055,36.79999923706055,36.79999923706055,0
2022-02-09,36.75,37.70000076293945,36.75,37.70000076293945,3484
2022-02-10,38.0,38.0,37.75,37.95000076293945,7700
2022-02-11,37.95000076293945,38.25,37.95000076293945,38.20000076293945,11115
2022-02-14,37.34999847412109,37.34999847412109,37.34999847412109,37.34999847412109,7000
2022-02-15,37.0,37.0,37.0,37.0,3167
2022-02-16,37.0,37.0,37.0,37.0,1444
2022-02-17,37.0,37.0,36.79999923706055,37.0,6008
2022-02-18,36.95000076293945,36.95000076293945,36.95000076293945,36.95000076293945,1000
2022-02-21,36.95000076293945,37.0,36.95000076293945,36.95000076293945,7000
2022-02-22,37.0,37.0,36.70000076293945,36.70000076293945,9000
2022-02-23,37.20000076293945,37.29999923706055,37.20000076293945,37.29999923706055,3000
2022-02-24,37.29999923706055,37.29999923706055,36.75,36.75,8000
2022-02-25,36.70000076293945,37.45000076293945,36.5,37.45000076293945,7497
2022-03-01,37.45000076293945,37.45000076293945,37.45000076293945,37.45000076293945,0
2022-03-02,36.79999923706055,36.84999847412109,36.25,36.25,6575
2022-03-03,36.29999923706055,36.54999923706055,36.29999923706055,36.5,9000
2022-03-04,36.29999923706055,36.34999847412109,36.29999923706055,36.34999847412109,4002
2022-03-07,36.34999847412109,36.34999847412109,36.34999847412109,36.34999847412109,1000
2022-03-08,36.0,36.0,36.0,36.0,3000
2022-03-09,37.0,37.0,35.099998474121094,35.900001525878906,11000
2022-03-10,37.0,37.0,36.0,36.0,62000
2022-03-11,36.0,36.0,36.0,36.0,1115
2022-03-14,35.5,36.70000076293945,35.5,35.849998474121094,63333
2022-03-15,35.5,36.0,35.5,36.0,6115
2022-03-16,35.5,35.5,35.5,35.5,2241
2022-03-17,36.45000076293945,36.45000076293945,35.54999923706055,35.54999923706055,60667
2022-03-18,35.54999923706055,35.54999923706055,35.099998474121094,35.099998474121094,9300
2022-03-21,35.099998474121094,35.099998474121094,35.04999923706055,35.099998474121094,4314
2022-03-22,35.0,35.900001525878906,35.0,35.0,67000
2022-03-23,35.0,35.0,35.0,35.0,0
2022-03-24,35.25,35.79999923706055,34.099998474121094,34.5,85000
2022-03-25,35.0,35.5,34.5,34.599998474121094,67076
2022-03-28,35.400001525878906,35.400001525878906,35.400001525878906,35.400001525878906,1000
2022-03-29,35.400001525878906,35.400001525878906,35.400001525878906,35.400001525878906,0
2022-03-30,35.5,35.5,34.54999923706055,35.400001525878906,88000
2022-03-31,35.099998474121094,35.349998474121094,35.099998474121094,35.349998474121094,2078
2022-04-01,34.20000076293945,35.099998474121094,34.20000076293945,35.099998474121094,2000
2022-04-06,35.5,36.29999923706055,34.79999923706055,34.79999923706055,56000
2022-04-07,35.599998474121094,35.599998474121094,34.75,34.75,61530
2022-04-08,35.45000076293945,35.45000076293945,35.45000076293945,35.45000076293945,2345
2022-04-11,34.5,34.5,34.0,34.0,2000
2022-04-12,34.0,34.0,34.0,34.0,0
2022-04-13,34.20000076293945,35.0,33.95000076293945,35.0,6666
2022-04-14,34.099998474121094,35.75,34.099998474121094,35.75,2104
2022-04-15,34.54999923706055,34.75,34.54999923706055,34.75,4000
2022-04-18,34.75,34.95000076293945,34.75,34.849998474121094,7000
2022-04-19,34.79999923706055,34.79999923706055,34.79999923706055,34.79999923706055,3000
2022-04-20,35.75,35.75,35.75,35.75,1347
2022-04-21,34.400001525878906,34.400001525878906,34.25,34.25,5000
2022-04-22,34.29999923706055,34.79999923706055,34.0,34.0,9000
2022-04-25,34.0,34.0,33.95000076293945,33.95000076293945,2016
2022-04-26,35.0,35.0,35.0,35.0,1000
2022-04-27,35.849998474121094,35.849998474121094,34.849998474121094,35.099998474121094,65000
2022-04-28,35.70000076293945,35.70000076293945,35.0,35.20000076293945,7000
2022-04-29,35.54999923706055,35.54999923706055,34.349998474121094,35.25,71000
2022-05-03,34.650001525878906,34.650001525878906,34.599998474121094,34.599998474121094,3000
2022-05-04,34.599998474121094,34.599998474121094,34.599998474121094,34.599998474121094,0
2022-05-05,34.20000076293945,35.29999923706055,34.20000076293945,35.29999923706055,3193
2022-05-06,35.29999923706055,35.29999923706055,35.29999923706055,35.29999923706055,0
2022-05-09,35.95000076293945,36.34999847412109,34.0,34.099998474121094,64215
2022-05-10,35.150001525878906,35.150001525878906,34.25,34.25,61153
2022-05-11,34.0,34.0,34.0,34.0,2000
2022-05-12,33.04999923706055,34.099998474121094,33.04999923706055,34.0,9038
2022-05-13,34.0,34.900001525878906,33.20000076293945,33.45000076293945,17001
2022-05-16,34.599998474121094,34.900001525878906,33.70000076293945,34.900001525878906,64115
2022-05-17,34.5,35.25,34.5,35.25,3000
2022-05-18,35.25,35.349998474121094,33.79999923706055,34.79999923706055,16006
2022-05-19,34.599998474121094,34.599998474121094,34.0,34.0,2312
2022-05-20,35.099998474121094,35.099998474121094,34.0,34.20000076293945,68327
2022-05-23,34.900001525878906,34.900001525878906,33.5,33.5,62230
2022-05-24,34.79999923706055,34.79999923706055,33.79999923706055,33.79999923706055,16151
2022-05-25,34.0,34.400001525878906,33.599998474121094,34.400001525878906,10371
2022-05-26,34.45000076293945,34.79999923706055,33.849998474121094,33.900001525878906,69000
2022-05-27,33.900001525878906,33.900001525878906,33.900001525878906,33.900001525878906,0
2022-05-30,34.400001525878906,34.400001525878906,33.54999923706055,33.650001525878906,62382
2022-05-31,34.70000076293945,34.70000076293945,33.0,34.20000076293945,92000
2022-06-01,34.20000076293945,34.20000076293945,34.20000076293945,34.20000076293945,0
2022-06-02,34.099998474121094,34.25,33.599998474121094,34.25,7000
2022-06-06,33.099998474121094,34.400001525878906,33.099998474121094,34.400001525878906,7000
2022-06-07,34.5,35.04999923706055,33.79999923706055,34.400001525878906,65337
2022-06-08,34.400001525878906,34.400001525878906,34.400001525878906,34.400001525878906,0
2022-06-09,33.349998474121094,34.29999923706055,33.099998474121094,33.29999923706055,8000
2022-06-10,34.400001525878906,34.400001525878906,33.5,33.5,66001
2022-06-13,33.5,33.95000076293945,33.20000076293945,33.95000076293945,3000
2022-06-14,33.70000076293945,33.70000076293945,33.70000076293945,33.70000076293945,2000
2022-06-15,33.70000076293945,34.099998474121094,33.5,33.5,10664
2022-06-16,33.5,33.5,33.400001525878906,33.400001525878906,3000
2022-06-17,34.400001525878906,34.5,32.0,32.650001525878906,12119
2022-06-20,33.70000076293945,33.79999923706055,31.350000381469727,31.350000381469727,63000
2022-06-21,32.400001525878906,32.70000076293945,31.5,32.70000076293945,63000
2022-06-22,32.70000076293945,32.70000076293945,32.70000076293945,32.70000076293945,0
2022-06-23,33.599998474121094,33.599998474121094,31.0,31.149999618530277,16000
2022-06-24,31.200000762939453,32.20000076293945,31.200000762939453,32.20000076293945,4115
2022-06-27,32.25,33.29999923706055,32.099998474121094,32.099998474121094,70000
2022-06-28,31.0,32.95000076293945,31.0,32.95000076293945,5000
2022-06-29,33.650001525878906,33.650001525878906,32.599998474121094,33.0,66000
2022-06-30,31.450000762939453,31.799999237060547,30.399999618530277,30.399999618530277,16479
2022-07-01,31.399999618530277,31.399999618530277,31.100000381469727,31.100000381469727,4000
2022-07-04,32.099998474121094,32.79999923706055,32.099998474121094,32.400001525878906,5481
2022-07-05,33.5,33.5,30.600000381469727,32.849998474121094,6000
2022-07-06,33.650001525878906,33.650001525878906,31.899999618530277,31.899999618530277,3000
2022-07-07,32.849998474121094,32.849998474121094,32.0,32.0,67000
2022-07-08,33.099998474121094,33.099998474121094,33.099998474121094,33.099998474121094,1000
2022-07-11,33.099998474121094,33.099998474121094,33.099998474121094,33.099998474121094,0
2022-07-12,32.25,32.29999923706055,31.350000381469727,31.350000381469727,66000
2022-07-13,32.400001525878906,32.400001525878906,31.549999237060547,32.0,63000
2022-07-14,32.0,32.0,31.75,31.75,2000
2022-07-15,30.700000762939453,31.350000381469727,30.700000762939453,31.350000381469727,5000
2022-07-18,32.400001525878906,32.599998474121094,31.549999237060547,32.599998474121094,63000
2022-07-19,32.0,32.0,32.0,32.0,1500
2022-07-20,31.100000381469727,33.54999923706055,31.100000381469727,31.700000762939453,12000
2022-07-21,31.700000762939453,32.349998474121094,31.0,31.0,64000
2022-07-22,32.0,32.0,30.100000381469727,30.350000381469727,72050
2022-07-25,30.200000762939453,30.850000381469727,30.200000762939453,30.5,5637
2022-07-26,30.399999618530277,30.399999618530277,29.25,29.25,24000
2022-07-27,29.75,31.5,29.5,30.0,76323
2022-07-28,30.399999618530277,30.5,30.0,30.100000381469727,14268
2022-07-29,31.100000381469727,32.20000076293945,30.100000381469727,31.149999618530277,84000
2022-08-01,31.450000762939453,31.450000762939453,31.149999618530277,31.149999618530277,4921
2022-08-02,31.100000381469727,32.099998474121094,30.5,30.5,64143
2022-08-03,30.149999618530277,30.450000762939453,29.399999618530277,29.700000762939453,11000
2022-08-04,30.0,30.0,29.049999237060547,29.399999618530277,70000
2022-08-05,29.399999618530277,30.600000381469727,29.100000381469727,29.649999618530277,72343
2022-08-08,29.75,30.299999237060547,29.700000762939453,29.700000762939453,7444
2022-08-09,29.700000762939453,29.700000762939453,29.700000762939453,29.700000762939453,1000
2022-08-10,30.100000381469727,30.100000381469727,29.25,29.700000762939453,64158
2022-08-11,30.049999237060547,30.399999618530277,29.549999237060547,29.700000762939453,68585
2022-08-12,30.049999237060547,31.950000762939453,30.049999237060547,31.950000762939453,10333
2022-08-15,31.049999237060547,32.0,30.450000762939453,30.450000762939453,70355
2022-08-16,31.5,31.5,30.200000762939453,30.200000762939453,70310
2022-08-17,30.75,30.75,29.549999237060547,29.899999618530277,75122
2022-08-18,29.649999618530277,29.649999618530277,29.649999618530277,29.649999618530277,1005
2022-08-19,29.850000381469727,31.600000381469727,29.799999237060547,30.25,25230
2022-08-22,30.25,31.299999237060547,30.25,30.299999237060547,71000
2022-08-23,30.200000762939453,30.200000762939453,30.200000762939453,30.200000762939453,1722
2022-08-24,29.899999618530277,30.5,29.600000381469727,29.600000381469727,63299
2022-08-25,29.600000381469727,29.600000381469727,29.600000381469727,29.600000381469727,0
2022-08-26,30.5,30.5,29.649999618530277,30.100000381469727,67000
2022-08-29,29.149999618530277,30.100000381469727,29.149999618530277,29.899999618530277,3203
2022-08-30,29.899999618530277,29.899999618530277,29.899999618530277,29.899999618530277,0
2022-08-31,29.899999618530277,29.899999618530277,29.899999618530277,29.899999618530277,0
2022-09-01,29.600000381469727,30.149999618530277,27.799999237060547,28.799999237060547,80300
2022-09-02,29.549999237060547,30.399999618530277,29.049999237060547,29.100000381469727,76481
2022-09-05,28.200000762939453,29.649999618530277,28.200000762939453,29.649999618530277,4790
2022-09-06,29.450000762939453,29.450000762939453,28.549999237060547,28.549999237060547,5533
2022-09-07,28.950000762939453,29.450000762939453,28.5,28.600000381469727,71000
2022-09-08,29.600000381469727,29.700000762939453,28.75,29.700000762939453,68345
2022-09-12,29.700000762939453,29.700000762939453,29.700000762939453,29.700000762939453,0
2022-09-13,28.850000381469727,29.850000381469727,28.850000381469727,29.850000381469727,2000
2022-09-14,29.850000381469727,29.850000381469727,29.850000381469727,29.850000381469727,0
2022-09-15,29.899999618530277,29.899999618530277,28.799999237060547,29.0,76031
2022-09-16,28.5,29.600000381469727,28.5,28.799999237060547,5000
2022-09-19,29.0,29.200000762939453,28.399999618530277,28.799999237060547,71000
2022-09-20,29.799999237060547,29.799999237060547,29.799999237060547,29.799999237060547,1999
2022-09-21,29.75,29.799999237060547,28.5,28.850000381469727,17185
2022-09-22,29.25,29.25,28.399999618530277,28.799999237060547,71475
2022-09-23,27.899999618530277,28.950000762939453,27.899999618530277,28.950000762939453,3000
2022-09-26,29.799999237060547,29.850000381469727,28.049999237060547,28.200000762939453,111161
2022-09-27,28.0,28.5,28.0,28.5,3070
2022-09-28,28.0,28.899999618530277,27.850000381469727,28.399999618530277,8356
2022-09-29,27.799999237060547,28.899999618530277,27.799999237060547,28.0,74878
2022-09-30,28.399999618530277,28.399999618530277,27.5,27.5,13000
2022-10-03,28.399999618530277,28.399999618530277,27.149999618530277,27.149999618530277,75000
2022-10-04,27.149999618530277,27.75,27.149999618530277,27.5,6481
2022-10-05,28.200000762939453,28.200000762939453,28.200000762939453,28.200000762939453,2499
2022-10-06,28.799999237060547,28.799999237060547,28.0,28.350000381469727,70516
2022-10-07,28.799999237060547,28.799999237060547,28.0,28.299999237060547,75499
2022-10-11,29.200000762939453,29.200000762939453,27.899999618530277,27.899999618530277,3000
2022-10-12,28.850000381469727,28.850000381469727,28.100000381469727,28.100000381469727,3000
2022-10-13,29.049999237060547,29.049999237060547,27.600000381469727,27.799999237060547,73264
2022-10-14,27.950000762939453,28.25,27.950000762939453,28.25,3001
2022-10-17,27.75,27.899999618530277,27.5,27.5,4006
2022-10-18,28.399999618530277,28.399999618530277,27.799999237060547,27.799999237060547,4106
2022-10-19,27.799999237060547,28.0,27.0,27.5,76000
2022-10-20,28.0,28.299999237060547,27.5,27.5,67000
2022-10-21,28.450000762939453,28.450000762939453,28.299999237060547,28.299999237060547,4090
2022-10-24,29.600000381469727,29.600000381469727,28.700000762939453,28.700000762939453,4499
2022-10-25,29.350000381469727,29.350000381469727,26.149999618530277,27.299999237060547,9879
2022-10-26,28.149999618530277,28.149999618530277,27.0,27.0,70014
2022-10-27,26.700000762939453,27.100000381469727,26.600000381469727,27.0,7000
2022-10-28,27.850000381469727,27.850000381469727,26.649999618530277,26.700000762939453,71000
2022-10-31,26.75,26.799999237060547,26.75,26.799999237060547,3000
2022-11-01,27.149999618530277,27.25,26.649999618530277,27.149999618530277,9312
2022-11-02,27.5,27.850000381469727,27.5,27.850000381469727,3079
2022-11-03,28.450000762939453,28.5,26.950000762939453,27.600000381469727,72000
2022-11-04,28.5,28.75,27.200000762939453,27.600000381469727,73000
2022-11-07,28.450000762939453,28.899999618530277,28.450000762939453,28.899999618530277,4018
2022-11-08,29.850000381469727,29.850000381469727,28.649999618530277,28.649999618530277,67000
2022-11-09,28.649999618530277,28.75,27.100000381469727,28.75,8443
2022-11-10,29.75,29.75,29.25,29.25,3430
2022-11-11,28.75,28.75,28.75,28.75,4276
2022-11-14,28.75,29.700000762939453,28.0,28.200000762939453,90001
2022-11-15,28.200000762939453,28.200000762939453,28.200000762939453,28.200000762939453,0
2022-11-16,28.549999237060547,29.5,28.0,28.549999237060547,75194
2022-11-17,28.549999237060547,29.5,28.350000381469727,29.399999618530277,76010
2022-11-18,29.5,30.100000381469727,29.5,29.950000762939453,16455
2022-11-21,30.899999618530277,30.899999618530277,30.049999237060547,30.049999237060547,67000
2022-11-22,30.149999618530277,30.5,30.049999237060547,30.100000381469727,5001
2022-11-23,30.100000381469727,30.100000381469727,30.100000381469727,30.100000381469727,0
2022-11-24,30.100000381469727,31.450000762939453,29.5,29.899999618530277,89230
2022-11-25,30.399999618530277,30.600000381469727,30.0,30.0,4115
2022-11-28,30.5,31.0,30.0,30.0,76027
2022-11-29,30.5,30.5,30.5,30.5,2392
2022-11-30,30.600000381469727,30.649999618530277,29.200000762939453,30.649999618530277,8401
2022-12-01,29.549999237060547,29.850000381469727,29.549999237060547,29.799999237060547,22021
2022-12-02,30.299999237060547,30.299999237060547,29.299999237060547,29.75,89000
2022-12-05,29.299999237060547,29.399999618530277,29.299999237060547,29.399999618530277,4825
2022-12-06,30.399999618530277,30.399999618530277,29.0,29.0,73000
2022-12-07,29.899999618530277,29.899999618530277,28.600000381469727,28.600000381469727,6001
2022-12-08,29.0,29.0,28.649999618530277,28.649999618530277,2000
2022-12-09,29.649999618530277,30.200000762939453,28.600000381469727,28.600000381469727,90000
2022-12-12,29.100000381469727,29.600000381469727,28.5,28.5,92000
2022-12-13,28.5,28.75,27.799999237060547,28.75,3240
2022-12-14,27.899999618530277,29.100000381469727,27.549999237060547,29.100000381469727,13992
2022-12-15,29.299999237060547,29.299999237060547,28.5,29.0,73000
2022-12-16,29.850000381469727,29.850000381469727,28.299999237060547,28.299999237060547,82001
2022-12-19,27.600000381469727,29.0,27.600000381469727,29.0,6415
2022-12-20,28.049999237060547,28.950000762939453,28.0,28.950000762939453,3000
2022-12-21,28.950000762939453,28.950000762939453,28.950000762939453,28.950000762939453,0
2022-12-22,28.899999618530277,28.899999618530277,28.100000381469727,28.899999618530277,72001
2022-12-23,28.950000762939453,28.950000762939453,28.149999618530277,28.299999237060547,76267
2022-12-26,28.850000381469727,28.850000381469727,28.850000381469727,28.850000381469727,1500
2022-12-27,28.100000381469727,28.5,28.100000381469727,28.5,2069
2022-12-28,29.149999618530277,29.149999618530277,27.0,27.399999618530277,19000
2022-12-29,27.0,27.850000381469727,27.0,27.5,82001
2022-12-30,28.399999618530277,28.399999618530277,27.600000381469727,27.799999237060547,77230
2023-01-03,27.850000381469727,28.700000762939453,27.850000381469727,28.700000762939453,4000
2023-01-04,28.700000762939453,28.700000762939453,28.700000762939453,28.700000762939453,0
2023-01-05,28.549999237060547,28.549999237060547,27.75,28.450000762939453,69000
2023-01-06,28.700000762939453,28.700000762939453,27.700000762939453,27.899999618530277,76806
2023-01-09,28.700000762939453,28.75,28.0,28.450000762939453,16000
2023-01-10,29.399999618530277,29.399999618530277,29.399999618530277,29.399999618530277,3000
2023-01-11,29.549999237060547,29.549999237060547,28.299999237060547,28.399999618530277,81250
2023-01-12,28.899999618530277,28.899999618530277,27.5,27.600000381469727,76628
2023-01-13,28.049999237060547,28.5,28.0,28.0,7355
2023-01-16,28.899999618530277,29.299999237060547,28.100000381469727,28.350000381469727,38165
2023-01-17,28.700000762939453,28.700000762939453,27.799999237060547,27.799999237060547,77230
2023-01-30,28.700000762939453,28.700000762939453,27.850000381469727,28.200000762939453,80000
2023-01-31,28.75,28.75,27.850000381469727,28.149999618530277,6000
2023-02-01,29.100000381469727,29.100000381469727,27.700000762939453,28.200000762939453,21000
2023-02-02,28.100000381469727,28.899999618530277,28.100000381469727,28.450000762939453,83219
2023-02-03,28.700000762939453,28.799999237060547,28.0,28.100000381469727,78205
2023-02-06,28.0,28.149999618530277,28.0,28.149999618530277,3230
2023-02-07,28.200000762939453,28.25,28.200000762939453,28.25,2000
2023-02-08,28.5,28.5,27.700000762939453,28.25,89000
2023-02-09,28.399999618530277,28.549999237060547,28.0,28.299999237060547,14012
2023-02-10,28.850000381469727,28.899999618530277,28.049999237060547,28.350000381469727,79230
2023-02-13,27.5,27.5,27.5,27.5,2000
2023-02-14,28.350000381469727,28.350000381469727,27.5,28.100000381469727,87244
2023-02-15,28.299999237060547,28.350000381469727,27.5,28.100000381469727,86064
2023-02-16,28.100000381469727,28.100000381469727,27.600000381469727,27.75,7038
2023-02-17,28.399999618530277,28.399999618530277,27.600000381469727,27.700000762939453,80333
2023-02-20,27.700000762939453,28.100000381469727,27.700000762939453,28.0,7056
2023-02-21,27.649999618530277,28.399999618530277,27.600000381469727,27.700000762939453,92444
2023-02-22,27.850000381469727,28.149999618530277,27.649999618530277,27.649999618530277,87000
2023-02-23,28.049999237060547,28.149999618530277,27.5,27.950000762939453,112481
2023-02-24,28.0,28.0,27.700000762939453,27.700000762939453,4039
2023-03-01,28.450000762939453,28.5,27.700000762939453,27.75,94000
2023-03-02,27.799999237060547,27.799999237060547,27.649999618530277,27.649999618530277,16230
2023-03-03,27.700000762939453,28.600000381469727,27.649999618530277,27.950000762939453,112000
2023-03-06,27.950000762939453,28.0,27.950000762939453,28.0,7345
2023-03-07,28.200000762939453,28.200000762939453,28.0,28.0,2333
2023-03-08,28.149999618530277,28.149999618530277,28.0,28.100000381469727,5148
2023-03-09,28.25,30.899999618530277,28.100000381469727,30.899999618530277,180000
2023-03-10,31.5,33.95000076293945,31.5,33.95000076293945,141436
2023-03-13,35.25,37.29999923706055,33.95000076293945,33.95000076293945,705298
2023-03-14,33.400001525878906,33.400001525878906,30.649999618530277,30.799999237060547,207120
2023-03-15,31.049999237060547,31.450000762939453,30.0,30.25,45000
2023-03-16,30.049999237060547,31.149999618530277,29.5,29.850000381469727,33526
2023-03-17,29.850000381469727,30.799999237060547,29.850000381469727,30.549999237060547,23447
2023-03-20,30.899999618530277,30.899999618530277,30.049999237060547,30.049999237060547,8481
2023-03-21,30.149999618530277,30.399999618530277,30.149999618530277,30.25,13000
2023-03-22,30.25,30.600000381469727,30.200000762939453,30.600000381469727,7000
2023-03-23,30.0,30.600000381469727,30.0,30.600000381469727,16240
2023-03-24,30.100000381469727,30.25,30.100000381469727,30.25,6000
2023-03-27,28.75,29.899999618530277,28.75,29.899999618530277,2000
2023-03-28,29.399999618530277,30.0,29.399999618530277,29.75,9555
2023-03-29,29.200000762939453,29.950000762939453,29.149999618530277,29.899999618530277,17691
2023-03-30,30.700000762939453,32.20000076293945,29.950000762939453,30.899999618530277,122345
2023-03-31,30.100000381469727,30.149999618530277,30.049999237060547,30.149999618530277,23006
2023-04-06,30.5,31.899999618530277,30.100000381469727,30.149999618530277,34115
2023-04-07,30.299999237060547,30.700000762939453,30.299999237060547,30.299999237060547,66048
2023-04-10,30.399999618530277,30.450000762939453,29.5,29.700000762939453,11555
2023-04-11,29.700000762939453,29.799999237060547,29.600000381469727,29.600000381469727,22000
2023-04-12,29.600000381469727,29.600000381469727,29.600000381469727,29.600000381469727,0
2023-04-13,29.75,29.75,29.75,29.75,1000
2023-04-14,30.700000762939453,30.700000762939453,29.75,29.75,7094
2023-04-17,30.600000381469727,30.600000381469727,29.75,29.75,12133
2023-04-18,30.0,30.0,29.399999618530277,29.399999618530277,5333
2023-04-19,29.899999618530277,29.899999618530277,29.450000762939453,29.649999618530277,6025
2023-04-20,29.899999618530277,30.299999237060547,29.899999618530277,30.299999237060547,16581
2023-04-21,30.299999237060547,30.299999237060547,29.950000762939453,29.950000762939453,6615
2023-04-24,29.950000762939453,29.950000762939453,29.950000762939453,29.950000762939453,0
2023-04-25,30.700000762939453,30.700000762939453,29.200000762939453,30.350000381469727,11000
2023-04-26,30.350000381469727,30.350000381469727,29.200000762939453,29.850000381469727,6066
2023-04-27,30.200000762939453,30.25,29.5,29.5,9655
2023-04-28,29.149999618530277,29.950000762939453,29.149999618530277,29.950000762939453,5034
2023-05-02,29.5,29.649999618530277,29.299999237060547,29.5,12000
2023-05-03,29.899999618530277,30.0,29.899999618530277,30.0,7770
2023-05-04,30.0,30.0,30.0,30.0,3350
2023-05-05,30.0,30.0,29.600000381469727,30.0,5322
2023-05-08,30.0,30.0,29.950000762939453,29.950000762939453,2000
2023-05-09,30.600000381469727,30.899999618530277,29.850000381469727,29.850000381469727,78267
2023-05-10,29.299999237060547,29.299999237060547,29.100000381469727,29.299999237060547,5555
2023-05-11,29.5,29.799999237060547,29.350000381469727,29.799999237060547,7172
2023-05-12,30.5,30.600000381469727,29.799999237060547,30.450000762939453,79000
2023-05-15,30.0,30.0,29.5,29.5,4230
2023-05-16,29.899999618530277,30.299999237060547,29.899999618530277,30.25,5000
2023-05-17,30.0,30.0,29.950000762939453,29.950000762939453,3084
2023-05-18,29.950000762939453,30.850000381469727,29.75,29.950000762939453,87598
2023-05-19,29.5,29.799999237060547,29.5,29.799999237060547,3000
2023-05-22,30.149999618530277,30.450000762939453,29.649999618530277,29.649999618530277,94347
2023-05-23,30.100000381469727,30.100000381469727,29.399999618530277,29.5,14000
2023-05-24,30.100000381469727,30.100000381469727,29.899999618530277,29.899999618530277,2261
2023-05-25,30.100000381469727,30.399999618530277,29.799999237060547,30.350000381469727,26303
2023-05-26,30.100000381469727,31.049999237060547,30.100000381469727,30.700000762939453,113151
2023-05-29,30.799999237060547,31.5,30.799999237060547,31.5,27460
2023-05-30,31.200000762939453,31.799999237060547,31.200000762939453,31.5,8115
2023-05-31,31.5,32.0,30.649999618530277,31.700000762939453,106585
2023-06-01,31.700000762939453,31.700000762939453,31.700000762939453,31.700000762939453,1000
2023-06-02,32.0,32.0,31.200000762939453,31.649999618530277,8813
2023-06-05,31.0,32.099998474121094,31.0,31.399999618530277,81350
2023-06-06,31.350000381469727,31.350000381469727,30.600000381469727,30.799999237060547,12000
2023-06-07,31.0,31.100000381469727,30.100000381469727,30.299999237060547,90153
2023-06-08,30.299999237060547,30.299999237060547,30.299999237060547,30.299999237060547,5115
2023-06-09,29.799999237060547,30.299999237060547,29.75,30.299999237060547,4000
2023-06-12,30.299999237060547,31.100000381469727,30.25,30.350000381469727,68118
2023-06-13,30.350000381469727,30.799999237060547,29.75,30.049999237060547,83460
2023-06-14,29.299999237060547,30.700000762939453,29.299999237060547,30.5,112000
2023-06-15,30.049999237060547,30.049999237060547,29.75,29.799999237060547,5911
2023-06-16,30.299999237060547,30.899999618530277,30.299999237060547,30.899999618530277,13069
2023-06-19,30.600000381469727,30.600000381469727,30.0,30.200000762939453,9273
2023-06-20,30.25,30.299999237060547,30.200000762939453,30.299999237060547,7000
2023-06-21,30.0,30.700000762939453,30.0,30.700000762939453,8026
2023-06-26,30.700000762939453,31.0,30.700000762939453,31.0,5575
2023-06-27,31.0,31.200000762939453,30.299999237060547,30.299999237060547,69350
2023-06-28,30.299999237060547,30.899999618530277,29.899999618530277,30.299999237060547,104460
2023-06-29,30.0,30.0,30.0,30.0,2150
2023-06-30,30.0,30.0,30.0,30.0,8000
2023-07-03,30.600000381469727,30.899999618530277,30.200000762939453,30.549999237060547,87000
2023-07-04,30.149999618530277,30.149999618530277,30.149999618530277,30.149999618530277,1000
2023-07-05,30.0,30.049999237060547,30.0,30.049999237060547,7438
2023-07-06,29.799999237060547,30.0,29.700000762939453,29.850000381469727,19815
2023-07-07,29.850000381469727,29.850000381469727,29.850000381469727,29.850000381469727,0
2023-07-10,29.5,30.399999618530277,29.5,30.399999618530277,6039
2023-07-11,30.399999618530277,30.5,30.399999618530277,30.5,3000
2023-07-12,30.5,30.5,30.25,30.450000762939453,11000
2023-07-13,30.899999618530277,30.899999618530277,30.25,30.549999237060547,18000
2023-07-14,30.549999237060547,30.799999237060547,30.549999237060547,30.799999237060547,12315
2023-07-17,30.799999237060547,30.950000762939453,30.549999237060547,30.549999237060547,14236
2023-07-18,30.049999237060547,30.450000762939453,30.049999237060547,30.200000762939453,3000
2023-07-19,30.0,30.850000381469727,30.0,30.799999237060547,4000
2023-07-20,30.799999237060547,30.799999237060547,30.799999237060547,30.799999237060547,0
2023-07-21,30.350000381469727,30.350000381469727,30.350000381469727,30.350000381469727,1767
2023-07-24,29.850000381469727,30.600000381469727,29.850000381469727,30.600000381469727,13000
2023-07-25,30.049999237060547,30.5,30.049999237060547,30.200000762939453,5115
2023-07-26,30.200000762939453,30.799999237060547,30.200000762939453,30.549999237060547,22115
2023-07-27,30.899999618530277,31.5,30.299999237060547,31.0,90209
2023-07-28,30.700000762939453,30.700000762939453,30.700000762939453,30.700000762939453,2000
2023-07-31,30.950000762939453,31.049999237060547,30.25,30.799999237060547,95091
2023-08-01,30.799999237060547,30.799999237060547,30.799999237060547,30.799999237060547,3571
2023-08-02,30.799999237060547,30.950000762939453,30.100000381469727,30.350000381469727,11358
2023-08-04,30.950000762939453,30.950000762939453,30.399999618530277,30.450000762939453,6575
2023-08-07,30.700000762939453,30.950000762939453,30.700000762939453,30.75,12000
2023-08-08,30.450000762939453,30.450000762939453,30.450000762939453,30.450000762939453,1301
2023-08-09,30.25,30.899999618530277,30.25,30.549999237060547,5460
2023-08-10,30.850000381469727,30.850000381469727,30.350000381469727,30.600000381469727,9000
2023-08-11,30.899999618530277,31.049999237060547,30.25,30.399999618530277,10545
2023-08-14,30.100000381469727,30.75,29.850000381469727,30.75,8073
2023-08-15,30.5,30.799999237060547,30.350000381469727,30.350000381469727,8071
2023-08-16,30.0,30.450000762939453,30.0,30.450000762939453,12535
2023-08-17,30.149999618530277,30.5,30.100000381469727,30.399999618530277,12611
2023-08-18,30.399999618530277,30.399999618530277,30.25,30.25,11000
2023-08-21,30.350000381469727,30.5,30.350000381469727,30.5,12000
2023-08-22,29.600000381469727,30.25,29.600000381469727,30.25,7317
2023-08-23,30.25,30.25,30.25,30.25,0
2023-08-24,30.049999237060547,30.950000762939453,30.049999237060547,30.850000381469727,25000
2023-08-25,30.700000762939453,33.900001525878906,30.549999237060547,33.900001525878906,175317
2023-08-28,37.0,37.25,34.45000076293945,36.59999847412109,747937
2023-08-29,34.599998474121094,35.04999923706055,33.29999923706055,34.5,290686
2023-08-30,35.04999923706055,35.5,33.70000076293945,33.95000076293945,123000
2023-08-31,34.0,37.29999923706055,33.70000076293945,37.29999923706055,503219
2023-09-01,39.45000076293945,40.75,38.0,39.0,944891
2023-09-04,39.29999923706055,40.70000076293945,37.5,39.34999847412109,527470
2023-09-05,40.0,40.59999847412109,38.79999923706055,39.79999923706055,427711
2023-09-06,39.900001525878906,39.900001525878906,38.5,38.5,160250
2023-09-07,38.5,38.5,37.20000076293945,37.20000076293945,144100
2023-09-08,37.09999847412109,37.84999847412109,37.09999847412109,37.09999847412109,72001
2023-09-11,37.400001525878906,37.400001525878906,34.79999923706055,34.849998474121094,94115
2023-09-12,34.849998474121094,35.599998474121094,34.20000076293945,35.0,70188
2023-09-13,36.0,36.0,35.04999923706055,35.25,40000
2023-09-14,34.849998474121094,36.0,34.849998474121094,35.849998474121094,30300
2023-09-15,35.099998474121094,35.79999923706055,35.099998474121094,35.79999923706055,12000
2023-09-18,35.099998474121094,35.25,35.04999923706055,35.099998474121094,15000
2023-09-19,35.099998474121094,35.75,35.099998474121094,35.099998474121094,27407
2023-09-20,35.400001525878906,35.79999923706055,34.70000076293945,34.70000076293945,57500
2023-09-21,34.79999923706055,35.25,34.79999923706055,35.20000076293945,26821
2023-09-22,35.29999923706055,35.54999923706055,35.04999923706055,35.04999923706055,26219
2023-09-25,35.099998474121094,35.25,34.79999923706055,35.25,12400
2023-09-26,34.79999923706055,34.95000076293945,34.79999923706055,34.79999923706055,32245
2023-09-27,34.95000076293945,35.20000076293945,34.79999923706055,34.849998474121094,22769
2023-09-28,34.849998474121094,34.95000076293945,34.79999923706055,34.79999923706055,8017
2023-10-02,35.0,35.0,32.79999923706055,34.04999923706055,31665
2023-10-03,34.849998474121094,34.849998474121094,34.0,34.0,6300
2023-10-04,33.20000076293945,34.099998474121094,33.20000076293945,33.5,14115
2023-10-05,34.5,34.5,33.70000076293945,33.70000076293945,7010
2023-10-06,34.599998474121094,34.599998474121094,33.79999923706055,33.79999923706055,12345
2023-10-11,33.79999923706055,34.650001525878906,33.79999923706055,33.849998474121094,7000
2023-10-12,34.349998474121094,34.349998474121094,33.5,34.0,12136
2023-10-13,34.29999923706055,34.29999923706055,34.0,34.0,4000
2023-10-16,34.0,34.0,33.599998474121094,33.599998474121094,6021
2023-10-17,34.29999923706055,34.29999923706055,33.20000076293945,33.20000076293945,13008
2023-10-18,33.20000076293945,33.95000076293945,30.850000381469727,32.0,43000
2023-10-19,32.599998474121094,33.5,32.400001525878906,32.5,25010
2023-10-20,32.400001525878906,33.20000076293945,32.0,32.79999923706055,13000
2023-10-23,32.04999923706055,32.75,32.0,32.75,12240
2023-10-24,32.099998474121094,32.20000076293945,31.200000762939453,32.20000076293945,16000
2023-10-25,32.5,33.150001525878906,32.0,33.150001525878906,11000
2023-10-26,33.150001525878906,33.150001525878906,33.150001525878906,33.150001525878906,0
2023-10-27,32.599998474121094,33.099998474121094,32.599998474121094,32.599998474121094,8000
2023-10-30,33.20000076293945,33.20000076293945,32.400001525878906,32.400001525878906,6000
2023-10-31,33.5,35.599998474121094,33.5,35.0,276239
2023-11-01,36.0,37.900001525878906,32.29999923706055,32.79999923706055,276161
2023-11-02,32.79999923706055,33.0,32.20000076293945,32.650001525878906,75000
2023-11-03,32.45000076293945,32.70000076293945,32.20000076293945,32.45000076293945,29407
2023-11-06,32.0,32.79999923706055,32.0,32.099998474121094,19250
2023-11-07,32.099998474121094,32.099998474121094,31.5,31.649999618530277,48115
2023-11-08,32.5,32.5,31.700000762939453,31.75,13203
2023-11-09,31.75,32.0,31.299999237060547,31.799999237060547,12115
2023-11-10,31.25,31.799999237060547,31.25,31.799999237060547,4073
2023-11-13,32.45000076293945,32.45000076293945,31.700000762939453,31.700000762939453,23151
2023-11-14,32.099998474121094,32.099998474121094,31.850000381469727,31.899999618530277,6150
2023-11-15,32.0,32.20000076293945,32.0,32.0,7000
2023-11-16,32.20000076293945,33.45000076293945,32.099998474121094,33.349998474121094,16265
2023-11-17,33.29999923706055,33.29999923706055,31.850000381469727,32.900001525878906,4083
2023-11-20,32.900001525878906,34.0,32.900001525878906,34.0,7105
2023-11-21,32.75,33.099998474121094,32.5,32.599998474121094,13908
2023-11-22,32.70000076293945,32.70000076293945,31.649999618530277,31.75,17151
2023-11-23,31.75,33.150001525878906,31.75,32.25,28003
2023-11-24,32.5,32.599998474121094,32.400001525878906,32.5,16000
2023-11-27,32.5,32.5,32.400001525878906,32.400001525878906,7000
2023-11-28,32.400001525878906,33.0,32.400001525878906,33.0,13175
2023-11-29,33.25,36.29999923706055,33.25,34.54999923706055,287341
2023-11-30,34.0,35.5,33.54999923706055,34.70000076293945,152076
2023-12-01,34.70000076293945,35.0,34.349998474121094,34.70000076293945,25190
2023-12-04,34.849998474121094,35.20000076293945,34.29999923706055,34.29999923706055,38000
2023-12-05,34.04999923706055,34.45000076293945,33.599998474121094,33.599998474121094,29250
2023-12-06,33.599998474121094,34.150001525878906,33.599998474121094,33.650001525878906,49250
2023-12-07,33.70000076293945,33.75,33.650001525878906,33.75,10544
2023-12-08,33.650001525878906,33.95000076293945,33.650001525878906,33.900001525878906,4738
2023-12-11,33.5,33.5,33.0,33.29999923706055,18837
2023-12-12,32.75,33.349998474121094,32.75,33.349998474121094,4000
2023-12-13,33.25,33.849998474121094,33.25,33.849998474121094,2000
2023-12-14,33.849998474121094,33.95000076293945,33.20000076293945,33.900001525878906,17000
2023-12-15,34.900001525878906,34.900001525878906,33.79999923706055,34.400001525878906,21133
2023-12-18,34.70000076293945,36.09999847412109,34.349998474121094,34.349998474121094,57115
2023-12-19,34.75,34.79999923706055,34.650001525878906,34.79999923706055,6000
2023-12-20,34.95000076293945,34.95000076293945,34.599998474121094,34.599998474121094,7758
2023-12-21,34.599998474121094,34.599998474121094,34.0,34.099998474121094,21484
2023-12-22,34.900001525878906,34.900001525878906,34.150001525878906,34.150001525878906,21350
2023-12-25,34.0,34.150001525878906,34.0,34.150001525878906,11000
2023-12-26,34.150001525878906,34.150001525878906,34.099998474121094,34.099998474121094,6076
2023-12-27,34.95000076293945,34.95000076293945,34.0,34.0,9333
2023-12-28,34.54999923706055,34.54999923706055,34.0,34.150001525878906,5596
2023-12-29,33.900001525878906,34.45000076293945,33.900001525878906,34.45000076293945,2122
2024-01-02,35.849998474121094,37.70000076293945,35.349998474121094,35.45000076293945,231015
2024-01-03,35.29999923706055,35.849998474121094,34.70000076293945,35.150001525878906,19000
2024-01-04,35.599998474121094,35.75,34.900001525878906,34.900001525878906,23000
2024-01-05,35.20000076293945,35.20000076293945,34.25,34.599998474121094,26129
2024-01-08,34.599998474121094,34.599998474121094,34.45000076293945,34.5,6000
2024-01-09,34.099998474121094,34.95000076293945,34.099998474121094,34.95000076293945,3000
2024-01-10,35.0,36.650001525878906,34.29999923706055,34.29999923706055,43579
2024-01-11,35.29999923706055,35.29999923706055,34.849998474121094,34.849998474121094,3000
2024-01-12,34.099998474121094,34.95000076293945,34.099998474121094,34.95000076293945,4000
2024-01-15,34.54999923706055,34.79999923706055,34.29999923706055,34.599998474121094,9000
2024-01-16,35.099998474121094,35.45000076293945,34.5,35.20000076293945,36168
2024-01-17,35.20000076293945,35.20000076293945,35.20000076293945,35.20000076293945,2000
2024-01-18,35.20000076293945,35.20000076293945,34.099998474121094,34.400001525878906,16001
2024-01-19,34.45000076293945,34.79999923706055,34.400001525878906,34.79999923706055,17000
2024-01-22,35.54999923706055,35.54999923706055,34.29999923706055,34.70000076293945,16000
2024-01-23,34.5,34.5,34.150001525878906,34.150001525878906,7500
2024-01-24,34.20000076293945,34.20000076293945,34.04999923706055,34.04999923706055,23159
2024-01-25,34.099998474121094,35.150001525878906,34.099998474121094,34.150001525878906,12089
2024-01-26,34.150001525878906,34.150001525878906,34.150001525878906,34.150001525878906,0
2024-01-29,34.45000076293945,36.34999847412109,34.29999923706055,34.5,77000
2024-01-30,34.54999923706055,34.79999923706055,34.400001525878906,34.400001525878906,5115
2024-01-31,34.400001525878906,34.400001525878906,33.900001525878906,33.900001525878906,12234
2024-02-01,33.79999923706055,33.95000076293945,33.79999923706055,33.900001525878906,5470
2024-02-02,33.849998474121094,34.45000076293945,33.25,34.400001525878906,18000
2024-02-05,33.04999923706055,34.29999923706055,33.04999923706055,33.95000076293945,7130
2024-02-15,32.95000076293945,33.20000076293945,32.95000076293945,33.20000076293945,2000
2024-02-16,33.95000076293945,33.95000076293945,33.349998474121094,33.349998474121094,11000
2024-02-19,34.349998474121094,35.20000076293945,33.5,34.20000076293945,17007
2024-02-20,34.349998474121094,35.0,34.25,34.599998474121094,37084
2024-02-21,34.599998474121094,34.95000076293945,34.349998474121094,34.95000076293945,12104
2024-02-22,34.75,34.75,34.20000076293945,34.20000076293945,28000
2024-02-23,34.04999923706055,34.599998474121094,33.599998474121094,34.150001525878906,18251
2024-02-26,34.400001525878906,35.599998474121094,34.0,34.0,40000
2024-02-27,33.79999923706055,34.150001525878906,33.79999923706055,34.150001525878906,10042
2024-02-29,34.150001525878906,34.5,34.150001525878906,34.25,12000
2024-03-01,34.099998474121094,34.45000076293945,34.0,34.0,12760
2024-03-04,33.79999923706055,33.79999923706055,32.900001525878906,33.5,8066
2024-03-05,33.5,34.95000076293945,33.5,34.04999923706055,6043
2024-03-06,33.75,33.75,33.45000076293945,33.54999923706055,20040
2024-03-07,33.349998474121094,33.349998474121094,31.850000381469727,31.850000381469727,29275
2024-03-08,33.599998474121094,33.599998474121094,31.700000762939453,32.0,32485
2024-03-11,32.0,32.0,31.700000762939453,31.75,11406
2024-03-12,31.549999237060547,31.75,31.549999237060547,31.75,7555
2024-03-13,32.099998474121094,32.349998474121094,31.5,31.5,9519
2024-03-14,31.5,31.799999237060547,31.5,31.549999237060547,3589
2024-03-15,31.600000381469727,31.850000381469727,31.600000381469727,31.649999618530277,3575
2024-03-18,31.649999618530277,31.649999618530277,31.649999618530277,31.649999618530277,0
2024-03-19,31.700000762939453,31.950000762939453,31.0,31.950000762939453,41291
2024-03-20,31.899999618530277,31.950000762939453,31.0,31.850000381469727,56006
2024-03-21,31.850000381469727,32.599998474121094,31.649999618530277,31.649999618530277,8000
2024-03-22,31.950000762939453,32.0,31.299999237060547,31.299999237060547,6048
2024-03-25,32.45000076293945,33.54999923706055,31.350000381469727,31.399999618530277,25120
2024-03-26,31.200000762939453,31.200000762939453,30.950000762939453,31.0,31222
2024-03-27,30.950000762939453,30.950000762939453,30.799999237060547,30.899999618530277,19010
2024-03-28,31.100000381469727,31.200000762939453,30.950000762939453,31.200000762939453,4000
2024-03-29,32.150001525878906,32.150001525878906,31.850000381469727,31.850000381469727,2000
2024-04-01,32.0,32.349998474121094,32.0,32.349998474121094,8519
2024-04-02,32.25,32.29999923706055,31.600000381469727,32.29999923706055,3000
2024-04-03,32.0,32.29999923706055,32.0,32.29999923706055,12240
2024-04-08,32.5,32.5,32.04999923706055,32.04999923706055,3161
2024-04-09,31.549999237060547,31.75,31.399999618530277,31.600000381469727,13115
2024-04-10,31.5,32.25,31.5,31.850000381469727,9230
2024-04-11,31.850000381469727,31.850000381469727,31.399999618530277,31.5,7073
2024-04-12,31.5,31.75,31.5,31.75,2723
2024-04-15,31.200000762939453,31.200000762939453,31.0,31.0,5115
2024-04-16,31.0,31.0,30.75,30.75,8000
2024-04-17,31.399999618530277,32.0,31.100000381469727,31.100000381469727,12355
2024-04-18,31.100000381469727,31.100000381469727,31.100000381469727,31.100000381469727,0
2024-04-19,31.100000381469727,31.100000381469727,31.100000381469727,31.100000381469727,0
2024-04-22,31.549999237060547,31.549999237060547,30.899999618530277,31.25,16115
2024-04-23,31.399999618530277,31.950000762939453,30.799999237060547,31.399999618530277,22345
2024-04-24,31.149999618530277,32.0,31.149999618530277,31.75,24000
2024-04-25,31.700000762939453,32.54999923706055,31.700000762939453,32.150001525878906,14019
2024-04-26,32.0,32.45000076293945,32.0,32.0,19000
2024-04-29,31.899999618530277,32.5,31.899999618530277,32.29999923706055,24023
2024-04-30,32.29999923706055,33.0,32.29999923706055,32.400001525878906,25722
2024-05-02,32.400001525878906,32.95000076293945,32.400001525878906,32.400001525878906,19000
2024-05-03,34.95000076293945,35.04999923706055,33.150001525878906,33.150001525878906,69307
2024-05-06,33.79999923706055,34.5,33.25,34.20000076293945,39000
2024-05-07,34.70000076293945,34.900001525878906,34.0,34.25,27281
2024-05-08,34.400001525878906,34.5,33.849998474121094,34.0,20064
2024-05-09,33.70000076293945,34.5,33.70000076293945,34.04999923706055,21237
2024-05-10,35.0,35.0,34.099998474121094,34.099998474121094,71000
2024-05-13,34.099998474121094,34.45000076293945,33.599998474121094,33.650001525878906,62407
2024-05-14,33.650001525878906,33.75,33.599998474121094,33.70000076293945,18000
2024-05-15,33.79999923706055,33.900001525878906,33.70000076293945,33.79999923706055,25222
2024-05-16,33.79999923706055,34.70000076293945,33.79999923706055,33.849998474121094,30426
2024-05-17,33.849998474121094,34.20000076293945,33.79999923706055,33.900001525878906,12000
2024-05-20,34.25,34.650001525878906,33.849998474121094,33.849998474121094,15427
2024-05-21,33.849998474121094,34.04999923706055,33.849998474121094,33.900001525878906,20000
2024-05-22,33.79999923706055,34.04999923706055,33.79999923706055,34.04999923706055,8481
2024-05-23,34.0,34.0,33.29999923706055,33.5,15611
2024-05-24,33.5,33.79999923706055,33.29999923706055,33.599998474121094,11115
2024-05-27,33.45000076293945,33.45000076293945,33.20000076293945,33.20000076293945,11000
2024-05-28,32.900001525878906,33.29999923706055,32.900001525878906,33.04999923706055,18575
2024-05-29,32.900001525878906,33.25,32.79999923706055,33.25,11260
2024-05-30,33.54999923706055,33.54999923706055,32.79999923706055,32.79999923706055,17000
2024-05-31,32.79999923706055,33.04999923706055,32.79999923706055,33.04999923706055,29000
2024-06-03,33.0,33.5,32.79999923706055,33.0,21951
2024-06-04,32.900001525878906,33.099998474121094,32.900001525878906,33.099998474121094,10037
2024-06-05,33.099998474121094,33.45000076293945,32.79999923706055,33.20000076293945,34116
2024-06-06,32.849998474121094,33.400001525878906,32.849998474121094,33.099998474121094,16230
2024-06-07,33.099998474121094,33.29999923706055,32.849998474121094,33.29999923706055,11000
2024-06-11,33.099998474121094,33.099998474121094,32.900001525878906,32.900001525878906,25000
2024-06-12,33.150001525878906,33.20000076293945,32.79999923706055,32.79999923706055,9286
2024-06-13,32.849998474121094,33.04999923706055,32.79999923706055,33.0,14124
2024-06-14,33.099998474121094,33.5,33.0,33.5,33000
2024-06-17,33.5,33.79999923706055,33.5,33.5,23300
2024-06-18,33.599998474121094,33.599998474121094,33.25,33.400001525878906,14655
2024-06-19,33.400001525878906,33.75,33.400001525878906,33.5,16230
2024-06-20,33.70000076293945,34.099998474121094,33.70000076293945,34.0,36600
2024-06-21,34.0,34.0,33.45000076293945,33.45000076293945,25000
2024-06-24,33.45000076293945,33.599998474121094,33.45000076293945,33.54999923706055,16094
2024-06-25,33.5,33.95000076293945,33.5,33.849998474121094,7240
2024-06-26,33.900001525878906,34.04999923706055,33.79999923706055,33.79999923706055,11000
2024-06-27,33.849998474121094,34.0,33.70000076293945,33.79999923706055,16430
2024-06-28,34.0,34.04999923706055,33.900001525878906,33.900001525878906,16000
2024-07-01,34.04999923706055,34.75,34.0,34.0,31102
2024-07-02,34.150001525878906,34.45000076293945,33.95000076293945,33.95000076293945,13000
2024-07-03,34.0,34.0,33.79999923706055,33.79999923706055,16000
2024-07-04,34.150001525878906,34.150001525878906,33.650001525878906,33.650001525878906,18290
2024-07-05,33.599998474121094,34.04999923706055,33.5,33.849998474121094,13892
2024-07-08,33.95000076293945,34.150001525878906,33.95000076293945,33.95000076293945,23630
2024-07-09,34.599998474121094,34.599998474121094,34.0,34.349998474121094,59297
2024-07-10,34.099998474121094,34.20000076293945,33.70000076293945,33.70000076293945,21231
2024-07-11,33.79999923706055,34.0,33.79999923706055,33.79999923706055,13000
2024-07-12,33.79999923706055,33.849998474121094,33.70000076293945,33.70000076293945,17481
2024-07-15,33.349998474121094,33.400001525878906,33.150001525878906,33.150001525878906,22527
2024-07-16,33.70000076293945,33.70000076293945,33.29999923706055,33.29999923706055,10000
2024-07-17,33.29999923706055,33.79999923706055,33.150001525878906,33.29999923706055,12115
2024-07-18,33.29999923706055,33.599998474121094,33.29999923706055,33.29999923706055,14035
2024-07-19,33.29999923706055,33.29999923706055,32.5,32.599998474121094,12109
2024-07-22,32.599998474121094,32.849998474121094,32.54999923706055,32.54999923706055,7000
2024-07-23,34.099998474121094,34.099998474121094,33.400001525878906,33.400001525878906,8000
2024-07-26,32.04999923706055,32.95000076293945,32.04999923706055,32.95000076293945,4000
2024-07-29,33.04999923706055,33.349998474121094,32.70000076293945,32.70000076293945,14049
2024-07-30,32.75,33.0,32.75,32.849998474121094,5230
2024-07-31,33.25,33.25,32.54999923706055,33.150001525878906,8000
2024-08-01,33.20000076293945,33.70000076293945,33.20000076293945,33.400001525878906,8255
2024-08-02,33.04999923706055,33.04999923706055,32.70000076293945,32.70000076293945,6115
2024-08-05,32.5,33.650001525878906,29.549999237060547,32.04999923706055,18759
2024-08-06,31.549999237060547,31.549999237060547,30.950000762939453,31.049999237060547,7821
2024-08-07,31.5,31.600000381469727,31.200000762939453,31.450000762939453,19000
2024-08-08,31.799999237060547,31.799999237060547,31.399999618530277,31.600000381469727,22000
2024-08-09,31.549999237060547,31.899999618530277,31.549999237060547,31.649999618530277,15000
2024-08-12,31.850000381469727,31.850000381469727,31.350000381469727,31.350000381469727,16000
2024-08-13,31.350000381469727,31.649999618530277,31.0,31.649999618530277,11000
2024-08-14,31.799999237060547,31.799999237060547,31.75,31.75,7142
2024-08-15,32.0,32.0,31.299999237060547,31.5,11228
2024-08-16,31.5,31.850000381469727,31.299999237060547,31.299999237060547,6000
2024-08-19,31.799999237060547,31.950000762939453,31.700000762939453,31.700000762939453,6000
2024-08-20,31.950000762939453,32.20000076293945,31.899999618530277,32.20000076293945,28000
2024-08-21,32.20000076293945,32.599998474121094,32.20000076293945,32.349998474121094,14002
2024-08-22,32.400001525878906,32.75,32.349998474121094,32.45000076293945,8000
2024-08-23,32.45000076293945,32.599998474121094,32.150001525878906,32.599998474121094,13806
2024-08-26,32.599998474121094,32.599998474121094,32.150001525878906,32.20000076293945,14115
2024-08-27,32.20000076293945,32.349998474121094,31.600000381469727,32.0,9819
2024-08-28,31.799999237060547,32.29999923706055,31.799999237060547,32.0,4000
2024-08-29,31.0,31.899999618530277,31.0,31.899999618530277,2000
2024-08-30,31.899999618530277,32.25,31.899999618530277,32.20000076293945,4000
2024-09-02,32.400001525878906,32.400001525878906,31.549999237060547,31.649999618530277,11000
2024-09-03,31.700000762939453,31.799999237060547,31.700000762939453,31.700000762939453,6230
2024-09-04,31.700000762939453,32.599998474121094,29.600000381469727,30.549999237060547,28028
2024-09-05,30.200000762939453,31.649999618530277,30.200000762939453,31.649999618530277,34230
2024-09-06,31.5,32.5,31.5,32.400001525878906,18000
2024-09-09,30.600000381469727,32.95000076293945,30.600000381469727,31.899999618530277,21727
2024-09-10,32.0,32.45000076293945,32.0,32.0,11000
2024-09-11,32.5,32.5,32.29999923706055,32.29999923706055,6345
2024-09-12,32.54999923706055,32.70000076293945,32.45000076293945,32.45000076293945,4000
2024-09-13,32.45000076293945,32.599998474121094,32.45000076293945,32.45000076293945,13046
2024-09-16,32.70000076293945,32.849998474121094,32.45000076293945,32.599998474121094,13002
2024-09-18,32.54999923706055,32.54999923706055,32.04999923706055,32.29999923706055,9019
2024-09-19,32.5,32.5,32.29999923706055,32.29999923706055,4115
2024-09-20,32.95000076293945,32.95000076293945,32.29999923706055,32.400001525878906,5000
2024-09-23,32.599998474121094,32.900001525878906,32.5,32.5,6000
2024-09-24,32.70000076293945,32.70000076293945,32.70000076293945,32.70000076293945,3080
2024-09-25,32.79999923706055,33.04999923706055,32.5,32.900001525878906,6004
2024-09-26,32.54999923706055,32.54999923706055,32.099998474121094,32.099998474121094,9119
2024-09-27,32.45000076293945,32.70000076293945,32.45000076293945,32.70000076293945,7100
2024-09-30,32.0,32.5,32.0,32.349998474121094,8000
2024-10-01,32.29999923706055,33.099998474121094,32.29999923706055,32.75,53074
2024-10-04,32.150001525878906,32.400001525878906,32.150001525878906,32.20000076293945,4000
2024-10-07,32.29999923706055,32.650001525878906,32.20000076293945,32.20000076293945,7115
2024-10-08,32.45000076293945,32.45000076293945,31.799999237060547,32.150001525878906,7000
2024-10-09,32.150001525878906,32.5,31.799999237060547,32.20000076293945,57016
2024-10-11,32.54999923706055,32.54999923706055,32.0,32.20000076293945,35000
2024-10-14,32.20000076293945,32.400001525878906,31.25,31.25,41256
2024-10-15,32.20000076293945,33.0,31.850000381469727,32.0,7596
2024-10-16,32.0,32.0,31.850000381469727,31.850000381469727,6000
2024-10-17,31.950000762939453,32.5,31.950000762939453,32.0,12000
2024-10-18,32.20000076293945,32.25,32.0,32.0,18000
2024-10-21,32.0,33.0,31.600000381469727,32.04999923706055,79637
2024-10-22,32.04999923706055,32.04999923706055,31.700000762939453,32.04999923706055,13766
2024-10-23,32.04999923706055,33.04999923706055,32.04999923706055,32.04999923706055,75963
2024-10-24,32.20000076293945,32.20000076293945,31.899999618530277,32.0,7481
2024-10-25,32.29999923706055,32.45000076293945,32.29999923706055,32.45000076293945,4000
2024-10-28,32.650001525878906,33.5,32.29999923706055,32.29999923706055,68000
2024-10-29,31.850000381469727,31.850000381469727,31.799999237060547,31.799999237060547,5000
2024-10-30,32.04999923706055,32.79999923706055,31.149999618530277,31.799999237060547,48000
2024-11-01,31.799999237060547,31.799999237060547,31.700000762939453,31.700000762939453,4000
2024-11-04,31.799999237060547,32.599998474121094,31.5,31.5,68509
2024-11-05,31.850000381469727,32.0,31.850000381469727,32.0,3460
2024-11-06,32.20000076293945,32.29999923706055,31.5,31.799999237060547,11500
2024-11-07,31.799999237060547,32.25,31.799999237060547,32.20000076293945,9000
2024-11-08,32.0,32.099998474121094,31.799999237060547,32.0,8007
2024-11-11,32.150001525878906,32.900001525878906,32.0,32.0,94324
2024-11-12,32.0,32.0,31.799999237060547,31.799999237060547,3033
2024-11-13,31.799999237060547,32.29999923706055,31.799999237060547,31.899999618530277,52999
2024-11-14,31.799999237060547,32.20000076293945,31.799999237060547,31.950000762939453,10036
2024-11-15,32.20000076293945,32.29999923706055,31.950000762939453,32.25,7000
2024-11-18,32.150001525878906,33.599998474121094,32.150001525878906,32.349998474121094,57016
2024-11-19,32.349998474121094,32.349998474121094,31.899999618530277,31.950000762939453,10332
2024-11-20,31.100000381469727,31.100000381469727,31.100000381469727,31.100000381469727,25357
2024-11-21,31.549999237060547,31.549999237060547,31.100000381469727,31.350000381469727,10260
2024-11-22,31.649999618530277,31.700000762939453,31.600000381469727,31.600000381469727,4722
2024-11-25,31.799999237060547,31.899999618530277,31.700000762939453,31.700000762939453,5240
2024-11-26,31.850000381469727,31.850000381469727,31.549999237060547,31.700000762939453,12260
2024-11-27,31.549999237060547,32.20000076293945,31.549999237060547,32.20000076293945,5599
2024-11-28,32.25,32.25,32.0,32.0,6722
2024-11-29,32.150001525878906,32.25,31.799999237060547,32.25,12000
2024-12-02,31.200000762939453,31.600000381469727,30.899999618530277,31.200000762939453,57000
2024-12-03,31.299999237060547,31.600000381469727,31.299999237060547,31.600000381469727,4205
2024-12-04,32.54999923706055,32.54999923706055,31.100000381469727,31.5,83000
2024-12-05,31.600000381469727,31.600000381469727,31.450000762939453,31.600000381469727,3000
2024-12-06,31.899999618530277,31.899999618530277,31.5,31.5,15400
2024-12-09,31.5,32.400001525878906,31.5,31.5,5235
2024-12-10,31.5,31.5,31.5,31.5,2000
2024-12-11,31.549999237060547,31.600000381469727,31.5,31.5,4000
2024-12-12,31.899999618530277,31.899999618530277,31.149999618530277,31.600000381469727,11456
2024-12-13,31.649999618530277,31.75,31.299999237060547,31.299999237060547,12297
2024-12-16,31.299999237060547,31.450000762939453,31.299999237060547,31.450000762939453,5236
2024-12-17,31.5,31.5,31.200000762939453,31.299999237060547,11237
2024-12-18,31.299999237060547,31.899999618530277,31.299999237060547,31.700000762939453,5632
2024-12-19,31.700000762939453,31.700000762939453,31.549999237060547,31.549999237060547,4000
2024-12-20,31.5,31.700000762939453,31.299999237060547,31.5,7000
2024-12-23,31.700000762939453,32.0,31.700000762939453,32.0,13144
2024-12-24,32.20000076293945,32.70000076293945,32.04999923706055,32.04999923706055,37000
2024-12-25,32.0,32.599998474121094,32.0,32.54999923706055,10360
2024-12-26,32.75,32.95000076293945,32.599998474121094,32.95000076293945,6592
2024-12-27,33.04999923706055,33.29999923706055,33.0,33.04999923706055,7000
2024-12-30,33.04999923706055,33.849998474121094,32.400001525878906,33.20000076293945,87000
2024-12-31,33.29999923706055,33.599998474121094,33.0,33.150001525878906,9407
2025-01-02,33.0,33.5,32.25,32.599998474121094,91000
2025-01-03,32.54999923706055,33.0,31.950000762939453,32.5,83001
2025-01-06,32.70000076293945,32.70000076293945,32.20000076293945,32.599998474121094,6000
2025-01-07,32.70000076293945,32.70000076293945,32.5,32.5,10000
2025-01-08,32.29999923706055,32.5,32.29999923706055,32.5,6259
2025-01-09,32.70000076293945,32.70000076293945,30.899999618530277,31.850000381469727,27000
2025-01-10,31.950000762939453,31.950000762939453,31.5,31.5,11000
2025-01-13,31.5,31.5,31.5,31.5,4033
2025-01-14,31.700000762939453,31.799999237060547,31.5,31.5,9000
2025-01-15,31.700000762939453,32.5,31.5,32.400001525878906,114000
2025-01-16,32.5,32.5,31.5,32.400001525878906,25000
2025-01-17,32.45000076293945,32.5,31.5,31.600000381469727,34230
2025-01-20,31.600000381469727,31.600000381469727,30.049999237060547,30.350000381469727,73222
2025-01-21,30.799999237060547,31.299999237060547,30.049999237060547,31.299999237060547,36460
2025-01-22,31.299999237060547,31.5,30.049999237060547,31.399999618530277,58843
2025-02-03,31.0,31.549999237060547,30.75,31.25,10000
2025-02-04,31.5,31.5,31.299999237060547,31.299999237060547,5000
2025-02-05,31.5,31.5,30.850000381469727,31.0,10594
2025-02-06,31.0,31.299999237060547,30.700000762939453,30.700000762939453,18000
2025-02-07,30.600000381469727,30.600000381469727,30.549999237060547,30.549999237060547,3000
2025-02-10,30.5,30.549999237060547,30.100000381469727,30.100000381469727,23000
2025-02-11,30.100000381469727,30.100000381469727,30.0,30.100000381469727,9115
2025-02-12,30.049999237060547,30.049999237060547,30.049999237060547,30.049999237060547,4000
2025-02-13,30.049999237060547,30.600000381469727,30.049999237060547,30.200000762939453,6203
2025-02-14,30.200000762939453,30.399999618530277,30.100000381469727,30.200000762939453,9000
2025-02-17,30.25,30.25,30.0,30.200000762939453,5575
2025-02-18,30.350000381469727,30.350000381469727,30.200000762939453,30.200000762939453,8303
2025-02-19,30.200000762939453,31.100000381469727,30.200000762939453,30.850000381469727,22000
2025-02-20,30.600000381469727,31.399999618530277,30.600000381469727,31.0,13146
2025-02-21,31.0,31.0,31.0,31.0,3143
2025-02-24,30.950000762939453,31.25,30.149999618530277,31.25,10727
2025-02-25,31.149999618530277,31.149999618530277,30.649999618530277,30.649999618530277,14279
2025-02-26,30.899999618530277,30.899999618530277,29.700000762939453,29.700000762939453,44158
2025-02-27,30.25,30.25,29.600000381469727,29.700000762939453,13000
2025-03-03,29.600000381469727,30.299999237060547,29.600000381469727,29.600000381469727,18000
2025-03-04,29.950000762939453,30.0,29.600000381469727,29.700000762939453,33000
2025-03-05,29.700000762939453,30.299999237060547,29.649999618530277,30.049999237060547,13000
2025-03-06,30.450000762939453,30.450000762939453,29.899999618530277,30.0,40000
2025-03-07,29.100000381469727,29.799999237060547,28.799999237060547,29.450000762939453,28009
2025-03-10,29.100000381469727,29.450000762939453,29.100000381469727,29.149999618530277,4019
2025-03-11,29.0,29.149999618530277,29.0,29.100000381469727,3046
2025-03-12,29.100000381469727,29.549999237060547,29.100000381469727,29.399999618530277,13655
2025-03-13,29.700000762939453,29.950000762939453,29.549999237060547,29.549999237060547,7000
2025-03-14,29.799999237060547,29.950000762939453,29.799999237060547,29.850000381469727,6022
2025-03-17,30.0,30.299999237060547,30.0,30.049999237060547,21000
2025-03-18,30.200000762939453,30.200000762939453,29.950000762939453,29.950000762939453,15000
2025-03-19,30.200000762939453,30.25,29.649999618530277,29.649999618530277,3575
2025-03-20,29.75,30.200000762939453,29.75,30.200000762939453,5000
2025-03-21,30.299999237060547,30.450000762939453,29.649999618530277,29.649999618530277,6000
2025-03-24,30.149999618530277,30.149999618530277,29.700000762939453,29.700000762939453,4250
2025-03-25,30.200000762939453,30.200000762939453,30.149999618530277,30.200000762939453,4575
2025-03-26,30.25,30.25,29.700000762939453,29.700000762939453,5115
2025-03-27,30.149999618530277,30.149999618530277,29.649999618530277,29.700000762939453,25252
2025-03-28,29.700000762939453,29.700000762939453,29.600000381469727,29.600000381469727,5012
2025-03-31,30.049999237060547,31.0,29.200000762939453,31.0,30196
2025-04-01,31.200000762939453,31.399999618530277,30.5,30.75,41000
2025-04-02,30.799999237060547,31.0,30.5,30.549999237060547,24000
2025-04-07,27.850000381469727,28.0,27.5,27.5,24000
2025-04-08,24.75,25.25,24.75,25.25,59000
2025-04-09,25.25,25.950000762939453,23.700000762939453,23.700000762939453,60150
2025-04-10,26.049999237060547,26.049999237060547,26.049999237060547,26.049999237060547,11000
2025-04-11,26.100000381469727,27.600000381469727,26.100000381469727,27.600000381469727,2641
2025-04-14,27.799999237060547,27.850000381469727,27.700000762939453,27.850000381469727,12000
2025-04-15,28.0,29.149999618530277,28.0,28.850000381469727,4753
2025-04-16,29.0,29.0,27.299999237060547,28.5,5000
2025-04-17,28.450000762939453,28.450000762939453,28.200000762939453,28.200000762939453,4120
2025-04-18,28.200000762939453,28.600000381469727,28.200000762939453,28.5,4760
2025-04-21,28.549999237060547,28.700000762939453,28.25,28.25,5000
2025-04-22,28.25,28.25,28.0,28.200000762939453,4000
2025-04-23,28.25,28.25,28.0,28.25,8300
2025-04-24,28.450000762939453,28.450000762939453,28.049999237060547,28.049999237060547,2115
2025-04-25,28.25,28.450000762939453,28.0,28.450000762939453,10000
2025-04-28,28.5,28.649999618530277,28.5,28.5,6000
2025-04-29,28.5,28.850000381469727,28.350000381469727,28.850000381469727,21000
2025-04-30,28.850000381469727,29.600000381469727,28.049999237060547,29.600000381469727,13008
2025-05-02,29.649999618530277,29.799999237060547,29.0,29.700000762939453,13000
2025-05-05,29.700000762939453,29.700000762939453,28.200000762939453,28.649999618530277,7000
2025-05-06,28.5,28.649999618530277,28.0,28.0,10333
2025-05-07,28.100000381469727,28.200000762939453,28.0,28.200000762939453,5000
2025-05-08,28.25,28.299999237060547,28.200000762939453,28.200000762939453,4000
2025-05-09,28.649999618530277,29.200000762939453,28.299999237060547,28.5,10000
2025-05-12,28.700000762939453,28.700000762939453,28.0,28.350000381469727,10083
2025-05-13,28.5,28.5,27.600000381469727,27.600000381469727,14000
2025-05-14,27.149999618530277,28.299999237060547,27.149999618530277,28.299999237060547,10000
2025-05-15,28.299999237060547,28.549999237060547,28.200000762939453,28.200000762939453,13000
2025-05-16,28.25,28.25,28.25,28.25,15000
2025-05-19,28.25,28.350000381469727,28.0,28.0,12000
2025-05-20,28.200000762939453,28.350000381469727,28.0,28.350000381469727,20000
2025-05-21,28.399999618530277,29.850000381469727,28.350000381469727,29.0,12000
2025-05-22,29.0,29.200000762939453,28.549999237060547,28.549999237060547,3000
2025-05-23,28.600000381469727,29.049999237060547,28.600000381469727,29.049999237060547,6000
2025-05-26,28.700000762939453,29.5,28.700000762939453,29.5,6000
2025-05-27,29.600000381469727,29.950000762939453,29.100000381469727,29.950000762939453,20000
2025-05-28,30.0,30.100000381469727,30.0,30.049999237060547,7226
2025-05-29,29.899999618530277,30.200000762939453,29.899999618530277,30.0,6099
2025-06-02,29.200000762939453,29.899999618530277,29.0,29.450000762939453,6000
2025-06-03,29.450000762939453,29.700000762939453,29.450000762939453,29.549999237060547,6000
2025-06-04,29.600000381469727,29.649999618530277,29.149999618530277,29.649999618530277,6722
2025-06-05,29.700000762939453,29.899999618530277,29.549999237060547,29.549999237060547,15230
2025-06-06,29.600000381469727,29.700000762939453,29.5,29.600000381469727,7345
2025-06-09,29.600000381469727,29.649999618530277,29.5,29.5,7000
2025-06-10,29.600000381469727,30.0,29.600000381469727,29.850000381469727,30665
2025-06-11,29.899999618530277,29.950000762939453,29.700000762939453,29.799999237060547,15000
2025-06-12,29.700000762939453,29.799999237060547,29.600000381469727,29.799999237060547,7000
2025-06-13,29.75,29.899999618530277,29.700000762939453,29.899999618530277,9000
2025-06-16,29.850000381469727,30.0,29.850000381469727,30.0,9000
2025-06-17,30.0,30.0,30.0,30.0,11240
2025-06-18,30.0,30.0,29.100000381469727,29.799999237060547,8216
2025-06-19,29.799999237060547,30.0,29.299999237060547,29.299999237060547,9115
2025-06-20,29.5,29.549999237060547,29.350000381469727,29.549999237060547,6000
2025-06-23,29.5,29.5,29.0,29.200000762939453,8000
2025-06-24,29.25,29.5,29.25,29.5,8000
2025-06-25,29.649999618530277,29.700000762939453,29.5,29.5,3767
2025-06-26,29.5,29.700000762939453,29.5,29.549999237060547,13010
2025-06-27,29.549999237060547,30.0,29.5,29.700000762939453,30000
2025-06-30,29.799999237060547,29.899999618530277,29.299999237060547,29.600000381469727,9000
2025-07-01,29.700000762939453,29.899999618530277,29.299999237060547,29.299999237060547,8000
2025-07-02,29.5,29.600000381469727,29.299999237060547,29.350000381469727,7000
2025-07-03,29.5,29.75,29.100000381469727,29.399999618530277,10287
2025-07-04,29.450000762939453,29.5,29.200000762939453,29.200000762939453,4000
2025-07-07,29.399999618530277,29.5,29.200000762939453,29.399999618530277,4000
2025-07-08,29.399999618530277,29.5,29.399999618530277,29.399999618530277,4073
2025-07-09,28.799999237060547,29.600000381469727,28.799999237060547,28.950000762939453,5000
2025-07-10,29.100000381469727,29.649999618530277,29.100000381469727,29.350000381469727,7004
2025-07-11,29.5,29.549999237060547,28.649999618530277,29.100000381469727,6000
2025-07-14,29.0,29.0,28.799999237060547,28.799999237060547,8003
2025-07-15,28.850000381469727,29.049999237060547,28.799999237060547,28.950000762939453,4452
2025-07-16,29.100000381469727,29.350000381469727,29.100000381469727,29.100000381469727,7721
2025-07-17,29.200000762939453,29.200000762939453,28.799999237060547,28.799999237060547,10000
2025-07-18,29.0,29.299999237060547,28.850000381469727,29.149999618530277,12000
2025-07-21,29.200000762939453,29.200000762939453,28.950000762939453,29.0,13115
2025-07-22,29.200000762939453,29.200000762939453,28.5,28.5,10000
2025-07-23,28.600000381469727,29.100000381469727,28.600000381469727,28.850000381469727,22000
2025-07-24,28.850000381469727,28.899999618530277,28.600000381469727,28.899999618530277,8115
2025-07-25,29.049999237060547,29.100000381469727,29.049999237060547,29.100000381469727,10075
2025-07-28,29.200000762939453,29.25,29.0,29.25,9000
2025-07-29,29.0,29.799999237060547,29.0,29.299999237060547,10000
2025-07-30,29.299999237060547,29.299999237060547,29.149999618530277,29.299999237060547,5000
2025-07-31,29.100000381469727,29.350000381469727,29.100000381469727,29.350000381469727,9000
2025-08-04,28.899999618530277,29.0,28.899999618530277,29.0,4000
2025-08-05,29.200000762939453,30.0,29.0,29.0,9360
2025-08-06,29.0,29.100000381469727,29.0,29.100000381469727,4000
2025-08-07,29.100000381469727,29.149999618530277,29.100000381469727,29.149999618530277,6740
2025-08-08,29.200000762939453,29.200000762939453,28.799999237060547,29.200000762939453,4429
2025-08-11,28.5,28.600000381469727,28.350000381469727,28.600000381469727,6230
2025-08-12,28.5,28.600000381469727,28.5,28.5,7000
2025-08-13,28.5,28.799999237060547,28.5,28.799999237060547,16000
2025-08-14,28.950000762939453,28.950000762939453,28.450000762939453,28.649999618530277,15016
2025-08-15,28.649999618530277,28.700000762939453,28.450000762939453,28.700000762939453,11920
2025-08-18,28.700000762939453,28.700000762939453,28.5,28.700000762939453,7000
2025-08-19,28.75,28.850000381469727,28.5,28.850000381469727,9260
2025-08-20,28.5,28.649999618530277,28.350000381469727,28.350000381469727,8000
2025-08-21,28.399999618530277,28.899999618530277,28.0,28.899999618530277,18227
2025-08-22,28.899999618530277,28.899999618530277,28.700000762939453,28.850000381469727,6160
2025-08-25,28.850000381469727,29.049999237060547,28.850000381469727,29.0,11028
2025-08-26,29.0,29.049999237060547,28.700000762939453,29.049999237060547,11260
2025-08-27,29.100000381469727,29.149999618530277,28.5,28.5,12324
2025-08-28,28.399999618530277,28.600000381469727,28.350000381469727,28.350000381469727,24111
2025-08-29,28.399999618530277,28.5,28.399999618530277,28.399999618530277,8135
2025-09-01,28.0,29.0,27.850000381469727,28.399999618530277,9086
2025-09-02,28.399999618530277,29.0,28.399999618530277,28.399999618530277,14000
2025-09-03,28.399999618530277,29.049999237060547,28.399999618530277,29.049999237060547,29016
2025-09-04,29.049999237060547,29.200000762939453,28.899999618530277,28.950000762939453,30000
2025-09-05,29.0,29.25,28.950000762939453,29.049999237060547,35050
2025-09-08,29.100000381469727,29.299999237060547,28.799999237060547,29.200000762939453,19303
2025-09-09,29.200000762939453,29.200000762939453,28.799999237060547,28.850000381469727,11884
2025-09-10,28.899999618530277,28.899999618530277,28.700000762939453,28.899999618530277,16806
2025-09-11,28.799999237060547,29.100000381469727,28.799999237060547,29.049999237060547,8145
2025-09-12,29.0,29.850000381469727,28.799999237060547,29.100000381469727,23000
2025-09-15,29.0,29.0,28.5,28.950000762939453,10000
2025-09-16,29.0,29.100000381469727,29.0,29.100000381469727,13238
2025-09-17,29.0,29.0,28.700000762939453,28.799999237060547,8000
2025-09-18,28.850000381469727,29.200000762939453,28.850000381469727,29.200000762939453,16670
2025-09-19,29.25,30.0,29.25,29.700000762939453,33000
2025-09-22,29.700000762939453,29.799999237060547,29.399999618530277,29.399999618530277,15767
2025-09-23,29.450000762939453,29.5,29.200000762939453,29.200000762939453,9000
2025-09-24,29.25,29.5,29.200000762939453,29.200000762939453,6000
2025-09-25,29.200000762939453,29.200000762939453,28.5,28.549999237060547,16003
2025-09-26,28.5,29.299999237060547,28.350000381469727,29.299999237060547,13036
2025-09-30,29.299999237060547,29.799999237060547,29.299999237060547,29.799999237060547,12442
2025-10-01,29.899999618530277,29.899999618530277,29.299999237060547,29.600000381469727,10000
2025-10-02,29.899999618530277,29.899999618530277,29.299999237060547,29.299999237060547,9036
2025-10-03,29.350000381469727,29.700000762939453,29.350000381469727,29.399999618530277,9254
2025-10-07,29.200000762939453,29.899999618530277,29.200000762939453,29.200000762939453,11000
2025-10-08,29.049999237060547,29.600000381469727,29.049999237060547,29.350000381469727,6115
2025-10-09,29.399999618530277,29.399999618530277,29.200000762939453,29.350000381469727,17203
2025-10-13,29.100000381469727,29.100000381469727,29.0,29.100000381469727,5115
2025-10-14,29.200000762939453,29.549999237060547,29.200000762939453,29.450000762939453,11156
2025-10-15,29.600000381469727,29.700000762939453,29.5,29.5,6816
2025-10-16,29.450000762939453,29.700000762939453,29.450000762939453,29.5,17445
2025-10-17,29.299999237060547,29.299999237060547,29.100000381469727,29.100000381469727,9200
2025-10-20,29.100000381469727,29.600000381469727,29.100000381469727,29.600000381469727,16407
2025-10-21,29.600000381469727,29.75,29.299999237060547,29.600000381469727,6036
2025-10-22,29.299999237060547,29.299999237060547,29.200000762939453,29.299999237060547,6586
2025-10-23,29.200000762939453,29.5,29.100000381469727,29.5,12570
2025-10-27,29.5,29.700000762939453,29.5,29.600000381469727,8154
2025-10-28,29.299999237060547,29.350000381469727,29.299999237060547,29.350000381469727,5230
2025-10-29,29.5,29.899999618530277,29.5,29.600000381469727,11268
2025-10-30,29.700000762939453,30.950000762939453,29.600000381469727,30.049999237060547,26727
2025-10-31,30.100000381469727,30.200000762939453,29.700000762939453,30.100000381469727,14022
2025-11-03,30.200000762939453,30.299999237060547,29.700000762939453,29.700000762939453,11000
2025-11-04,29.700000762939453,30.0,29.700000762939453,29.850000381469727,6000
2025-11-05,29.5,29.799999237060547,29.299999237060547,29.799999237060547,8115
2025-11-06,29.899999618530277,29.899999618530277,29.75,29.75,6380
2025-11-07,29.799999237060547,30.0,29.700000762939453,29.899999618530277,8000
2025-11-10,30.0,30.100000381469727,30.0,30.100000381469727,7000
2025-11-11,30.200000762939453,30.299999237060547,29.799999237060547,30.100000381469727,9000
2025-11-12,30.100000381469727,30.649999618530277,30.100000381469727,30.350000381469727,18000
2025-11-13,30.5,30.600000381469727,30.299999237060547,30.399999618530277,11345
2025-11-14,30.200000762939453,33.400001525878906,30.100000381469727,33.400001525878906,127647
2025-11-17,36.70000076293945,36.70000076293945,35.25,36.70000076293945,625802
2025-11-18,37.25,40.29999923706055,35.29999923706055,35.650001525878906,1152425
2025-11-19,34.75,34.75,32.099998474121094,32.400001525878906,528001
2025-11-20,32.400001525878906,33.70000076293945,31.149999618530277,31.799999237060547,205016
2025-11-21,32.20000076293945,33.79999923706055,31.0,31.850000381469727,150000
2025-11-24,32.0,32.599998474121094,31.450000762939453,31.850000381469727,43010
2025-11-25,32.349998474121094,32.45000076293945,31.100000381469727,31.399999618530277,87052
2025-11-26,31.149999618530277,31.899999618530277,30.350000381469727,30.350000381469727,58265
2025-11-27,30.399999618530277,30.950000762939453,30.399999618530277,30.799999237060547,43240
2025-11-28,30.799999237060547,32.599998474121094,30.799999237060547,32.45000076293945,73000
2025-12-01,32.650001525878906,32.650001525878906,31.850000381469727,31.850000381469727,23000
2025-12-02,31.600000381469727,31.600000381469727,31.100000381469727,31.100000381469727,37001
2025-12-03,31.600000381469727,32.20000076293945,31.0,31.0,24111
2025-12-04,31.100000381469727,32.0,31.0,32.0,40111
2025-12-05,32.20000076293945,32.79999923706055,32.0,32.5,45027
2025-12-08,32.45000076293945,32.45000076293945,31.049999237060547,31.200000762939453,52000
2025-12-09,31.200000762939453,31.299999237060547,31.100000381469727,31.200000762939453,23000
2025-12-10,31.200000762939453,31.700000762939453,31.200000762939453,31.600000381469727,7143
2025-12-11,31.799999237060547,32.79999923706055,31.799999237060547,32.75,59015
2025-12-12,32.79999923706055,33.20000076293945,32.099998474121094,32.099998474121094,56099
2025-12-15,31.799999237060547,31.799999237060547,31.200000762939453,31.25,16000
2025-12-16,31.0,31.25,30.450000762939453,30.75,22000
2025-12-17,30.5,30.700000762939453,30.350000381469727,30.350000381469727,30000
2025-12-18,30.350000381469727,30.549999237060547,30.350000381469727,30.5,21000
2025-12-19,30.5,30.649999618530277,30.0,30.649999618530277,14001
2025-12-22,30.700000762939453,31.0,30.649999618530277,30.75,10407
2025-12-23,30.799999237060547,31.25,30.799999237060547,31.100000381469727,9230
2025-12-24,31.100000381469727,31.149999618530277,30.100000381469727,30.299999237060547,19000
2025-12-26,30.5,30.5,30.100000381469727,30.299999237060547,22172
2025-12-29,30.5,31.25,30.299999237060547,30.700000762939453,24894
2025-12-30,30.450000762939453,30.75,30.450000762939453,30.700000762939453,21000
2025-12-31,30.700000762939453,31.799999237060547,30.700000762939453,31.75,69000
2026-01-02,32.0,32.599998474121094,32.0,32.29999923706055,30000
2026-01-05,32.5,32.79999923706055,30.799999237060547,31.700000762939453,35000
2026-01-06,31.75,31.899999618530277,30.75,30.899999618530277,74691
2026-01-07,31.0,31.350000381469727,30.899999618530277,31.0,42000
2026-01-08,31.0,31.049999237060547,30.799999237060547,30.799999237060547,13136
2026-01-09,31.200000762939453,31.200000762939453,30.75,30.899999618530277,25019
2026-01-12,30.950000762939453,30.950000762939453,30.25,30.25,44000
2026-01-13,30.350000381469727,30.350000381469727,30.0,30.100000381469727,45000
2026-01-14,30.200000762939453,30.200000762939453,29.5,30.0,45151
2026-01-15,30.0,30.350000381469727,30.0,30.25,49000
2026-01-16,30.100000381469727,30.299999237060547,30.0,30.149999618530277,17050
2026-01-19,30.149999618530277,30.299999237060547,30.0,30.149999618530277,20481
2026-01-20,30.149999618530277,30.149999618530277,29.899999618530277,29.899999618530277,25000
2026-01-21,29.799999237060547,30.649999618530277,29.399999618530277,29.799999237060547,54000
2026-01-22,29.799999237060547,29.799999237060547,29.200000762939453,29.299999237060547,88000
2026-01-23,29.200000762939453,29.299999237060547,28.799999237060547,29.299999237060547,25091
2026-01-26,29.399999618530277,29.899999618530277,29.399999618530277,29.899999618530277,34115
2026-01-27,29.899999618530277,29.899999618530277,29.5,29.549999237060547,14183
2026-01-28,29.5,30.299999237060547,29.5,30.0,24404
2026-01-29,29.799999237060547,30.25,29.0,29.649999618530277,28000
2026-01-30,29.649999618530277,29.75,29.649999618530277,29.75,15000
2026-02-02,31.100000381469727,31.100000381469727,29.399999618530277,29.399999618530277,77000
2026-02-03,29.450000762939453,29.950000762939453,29.450000762939453,29.899999618530277,16000
2026-02-04,30.299999237060547,30.299999237060547,29.5,30.0,25014
2026-02-05,30.0,30.0,29.549999237060547,29.799999237060547,16000
2026-02-06,29.600000381469727,29.600000381469727,28.5,29.100000381469727,19000
2026-02-09,29.200000762939453,29.899999618530277,29.100000381469727,29.899999618530277,17000
2026-02-10,30.450000762939453,30.450000762939453,29.049999237060547,29.75,48000
2026-02-11,29.700000762939453,30.450000762939453,29.700000762939453,29.799999237060547,49008
2026-02-23,30.299999237060547,30.299999237060547,29.25,29.700000762939453,41355
2026-02-24,29.899999618530277,30.100000381469727,29.899999618530277,30.100000381469727,16000
2026-02-25,30.100000381469727,30.5,30.0,30.100000381469727,26000
2026-02-26,30.450000762939453,30.5,29.950000762939453,30.149999618530277,16166
2026-03-02,30.299999237060547,30.299999237060547,29.799999237060547,29.799999237060547,17194
2026-03-03,29.799999237060547,29.799999237060547,29.100000381469727,29.200000762939453,22215
2026-03-04,29.299999237060547,29.350000381469727,28.700000762939453,29.350000381469727,21000
2026-03-05,29.950000762939453,30.0,29.5,29.850000381469727,13115
2026-03-06,29.5,30.0,29.299999237060547,30.0,16229
2026-03-09,29.549999237060547,29.799999237060547,28.899999618530277,29.799999237060547,17000
2026-03-10,29.75,29.799999237060547,29.649999618530277,29.649999618530277,14000
2026-03-11,29.950000762939453,29.950000762939453,29.5,29.700000762939453,27460
2026-03-12,29.700000762939453,29.700000762939453,29.25,29.600000381469727,10000
2026-03-13,29.600000381469727,29.600000381469727,29.5,29.600000381469727,22230
2026-03-16,29.799999237060547,29.799999237060547,29.350000381469727,29.350000381469727,12000
2026-03-17,29.350000381469727,29.549999237060547,29.0,29.399999618530277,28000
2026-03-18,29.399999618530277,29.450000762939453,29.100000381469727,29.450000762939453,26033
2026-03-19,29.299999237060547,29.450000762939453,29.049999237060547,29.450000762939453,25000
2026-03-20,29.450000762939453,29.5,29.0,29.350000381469727,10000
2026-03-23,29.149999618530277,29.149999618530277,29.0,29.0,19001
2026-03-24,29.0,29.5,29.0,29.149999618530277,12230
2026-03-25,29.149999618530277,29.5,29.149999618530277,29.200000762939453,14000
2026-03-26,29.5,29.5,29.049999237060547,29.049999237060547,8000
2026-03-27,29.049999237060547,29.299999237060547,29.0,29.049999237060547,6115
2026-03-30,28.799999237060547,29.200000762939453,28.799999237060547,28.899999618530277,11105
2026-03-31,28.799999237060547,28.799999237060547,28.5,28.799999237060547,9010
2026-04-01,29.200000762939453,29.399999618530277,29.0,29.149999618530277,50000
2026-04-02,29.100000381469727,29.350000381469727,29.0,29.25,8000
2026-04-07,29.25,29.299999237060547,28.600000381469727,29.200000762939453,15000
2026-04-08,29.200000762939453,29.399999618530277,28.850000381469727,29.100000381469727,17000
2026-04-09,29.299999237060547,29.299999237060547,29.0,29.200000762939453,13019
2026-04-10,29.5,29.600000381469727,29.25,29.299999237060547,19266
2026-04-13,29.299999237060547,29.399999618530277,29.0,29.200000762939453,26345
2026-04-14,29.200000762939453,29.5,29.200000762939453,29.5,10100
2026-04-15,29.5,29.5,29.25,29.399999618530277,8012
2026-04-16,29.299999237060547,29.600000381469727,29.299999237060547,29.399999618530277,14000
2026-04-17,29.399999618530277,29.649999618530277,29.399999618530277,29.549999237060547,13460
2026-04-20,29.700000762939453,30.0,29.700000762939453,29.700000762939453,18230
2026-04-21,29.700000762939453,31.100000381469727,29.700000762939453,30.350000381469727,46844
2026-04-22,30.350000381469727,30.350000381469727,30.049999237060547,30.200000762939453,20000
2026-04-23,30.299999237060547,30.850000381469727,30.25,30.5,36800
2026-04-24,30.299999237060547,30.600000381469727,30.299999237060547,30.5,15000
2026-04-27,30.5,30.5,30.100000381469727,30.299999237060547,18298
2026-04-28,30.200000762939453,30.450000762939453,30.149999618530277,30.200000762939453,18250
2026-04-29,30.049999237060547,30.049999237060547,29.600000381469727,29.600000381469727,12000
2026-04-30,29.600000381469727,30.0,29.399999618530277,29.600000381469727,14000
2026-05-04,29.950000762939453,30.299999237060547,29.899999618530277,30.299999237060547,18230
2026-05-05,30.549999237060547,33.29999923706055,30.549999237060547,32.599998474121094,233500
2026-05-06,33.95000076293945,33.95000076293945,32.099998474121094,32.900001525878906,173150
2026-05-07,33.20000076293945,33.20000076293945,31.899999618530277,32.5,47015
2026-05-08,32.25,32.25,31.0,31.950000762939453,40999
2026-05-11,32.0,32.0,31.149999618530277,31.200000762939453,37000
2026-05-12,31.5,31.700000762939453,31.100000381469727,31.149999618530277,21200
2026-05-13,31.0,31.549999237060547,31.0,31.299999237060547,24178
2026-05-14,31.0,31.0,30.049999237060547,30.399999618530277,34000
2026-05-15,30.350000381469727,30.5,30.350000381469727,30.399999618530277,16001
2026-05-18,30.299999237060547,30.299999237060547,29.799999237060547,30.0,31219
2026-05-19,29.850000381469727,29.899999618530277,29.700000762939453,29.899999618530277,21115
2026-05-20,29.899999618530277,30.399999618530277,29.600000381469727,29.700000762939453,25333
2026-05-21,30.450000762939453,30.5,28.700000762939453,29.399999618530277,61000
2026-05-22,29.5,30.0,29.399999618530277,29.950000762939453,34000
2026-05-25,30.0,30.299999237060547,29.75,30.0,50008
2026-05-26,30.299999237060547,30.649999618530277,29.75,30.200000762939453,44000
2026-05-27,30.700000762939453,33.20000076293945,30.399999618530277,33.20000076293945,260866
2026-05-28,34.849998474121094,36.5,34.599998474121094,36.5,626121
2026-05-29,37.25,40.04999923706055,37.25,39.75,891193
2026-06-01,39.75,39.75,36.150001525878906,37.150001525878906,636224
2026-06-02,37.150001525878906,37.20000076293945,35.099998474121094,35.900001525878906,277722
2026-06-03,37.0,39.45000076293945,36.84999847412109,36.95000076293945,426355
2026-06-04,36.20000076293945,36.95000076293945,35.25,35.54999923706055,59000
2026-06-05,36.59999847412109,36.59999847412109,34.20000076293945,35.20000076293945,65080
2026-06-08,33.0,33.849998474121094,32.5,32.70000076293945,81023
2026-06-09,33.70000076293945,34.75,32.75,34.599998474121094,54632
2026-06-10,34.20000076293945,34.5,32.099998474121094,32.45000076293945,74100
2026-06-11,32.45000076293945,33.5,32.20000076293945,32.45000076293945,31000
2026-06-12,33.5,33.5,32.45000076293945,32.5,70004
2026-06-15,32.95000076293945,35.75,32.95000076293945,34.54999923706055,106500
2026-06-16,34.29999923706055,38.0,34.29999923706055,38.0,640043
2026-06-17,38.54999923706055,39.5,36.29999923706055,36.5,377274
2026-06-18,37.0,40.04999923706055,37.0,38.84999847412109,490123
2026-06-22,40.20000076293945,42.70000076293945,39.09999847412109,42.70000076293945,1440121
2026-06-23,45.400001525878906,46.95000076293945,45.20000076293945,46.95000076293945,655983
2026-06-24,46.95000076293945,46.95000076293945,43.04999923706055,44.54999923706055,1641849
2026-06-25,44.25,45.34999847412109,40.59999847412109,40.95000076293945,576002
2026-06-26,41.75,45.0,41.75,42.09999847412109,1657110
2026-06-29,43.20000076293945,44.20000076293945,39.04999923706055,39.5,786770
2026-06-30,40.09999847412109,43.45000076293945,39.75,43.45000076293945,460569
2026-07-01,44.5,47.75,44.04999923706055,47.75,1253243
2026-07-02,48.70000076293945,52.5,48.150001525878906,52.5,1149563
2026-07-03,54.29999923706055,57.70000076293945,54.0,57.70000076293945,2139571
2026-07-06,57.20000076293945,58.5,53.20000076293945,54.29999923706055,1370138
2026-07-07,54.29999923706055,58.0,49.54999923706055,51.400001525878906,1231020
2026-07-08,51.400001525878906,56.5,49.79999923706055,56.5,904876
2026-07-09,59.5,62.09999847412109,59.5,62.09999847412109,1040077
2026-07-10,62.09999847412109,62.09999847412109,62.09999847412109,62.09999847412109,0
2026-07-13,68.30000305175781,68.30000305175781,64.9000015258789,68.30000305175781,2204322
2026-07-14,74.5,75.0999984741211,72.0,75.0999984741211,2690798
2026-07-15,82.5999984741211,82.5999984741211,78.5999984741211,82.5999984741211,741371
2026-07-16,82.5999984741211,90.8000030517578,82.5999984741211,90.8000030517578,1066386
2026-07-17,88.5,88.5,81.80000305175781,81.80000305175781,413209
2026-07-20,73.69999694824219,73.69999694824219,73.69999694824219,73.69999694824219,109048
2026-07-21,70.0999984741211,75.0,69.9000015258789,70.0999984741211,653917
2026-07-22,75.0,75.0,70.4000015258789,71.80000305175781,154797
2026-07-23,74.4000015258789,74.4000015258789,69.9000015258789,69.9000015258789,246320
2026-07-24,69.0,69.0999984741211,66.9000015258789,68.80000305175781,190430
2026-07-27,69.69999694824219,69.69999694824219,64.30000305175781,65.80000305175781,226448
2026-07-28,65.5,65.5,59.29999923706055,59.29999923706055,222011
2026-07-29,59.0,59.0,53.400001525878906,53.400001525878906,115011
2026-07-30,48.09999847412109,56.5,48.09999847412109,51.5,163971
2026-07-31,52.79999923706055,53.400001525878906,48.0,53.20000076293945,203500
2026-08-03,49.29999923706055,56.20000076293945,47.900001525878906,49.75,1881021
2026-08-04,49.54999923706055,54.70000076293945,49.29999923706055,54.70000076293945,732000
2026-08-05,59.20000076293945,60.09999847412109,59.20000076293945,60.09999847412109,307377
2026-08-06,61.79999923706055,62.0,54.400001525878906,56.900001525878906,1587205
2026-08-07,56.59999847412109,56.59999847412109,52.79999923706055,53.20000076293945,587125
2026-08-10,52.79999923706055,55.09999847412109,52.59999847412109,52.900001525878906,533400
2026-08-11,50.5,50.79999923706055,48.20000076293945,49.0,897464
2026-08-12,49.400001525878906,53.900001525878906,49.34999847412109,53.900001525878906,888000
2026-08-13,56.0,58.79999923706055,54.0,55.20000076293945,1841005
2026-08-14,54.09999847412109,54.5,50.900001525878906,51.400001525878906,648130
2026-08-17,51.400001525878906,55.09999847412109,49.29999923706055,51.59999847412109,619000
2026-08-18,51.59999847412109,53.09999847412109,49.59999847412109,50.29999923706055,457140
2026-08-19,48.45000076293945,51.29999923706055,48.45000076293945,50.29999923706055,281000
2026-08-20,50.59999847412109,50.900001525878906,48.5,49.04999923706055,263336
2026-08-21,49.75,49.75,48.0,48.650001525878906,184103
2026-08-24,49.29999923706055,53.5,49.150001525878906,53.5,863000
2026-08-25,54.20000076293945,57.70000076293945,51.29999923706055,52.20000076293945,2990551
2026-08-26,51.5,53.20000076293945,50.900001525878906,52.79999923706055,677687
2026-08-27,52.79999923706055,52.79999923706055,51.29999923706055,51.29999923706055,454060
2026-08-28,51.20000076293945,56.400001525878906,51.20000076293945,56.400001525878906,828010
2026-08-31,58.09999847412109,62.0,57.0,62.0,2043278
2026-09-01,68.0999984741211,68.19999694824219,68.0999984741211,68.19999694824219,383500
2026-09-02,71.19999694824219,71.19999694824219,63.79999923706055,65.0,2437012
2026-09-03,66.69999694824219,71.5,64.0999984741211,64.0999984741211,3386759
2026-09-04,65.19999694824219,68.4000015258789,65.0,67.30000305175781,1764369
2026-09-07,65.0,66.5,64.0,64.80000305175781,722030
2026-09-08,63.29999923706055,64.4000015258789,61.29999923706055,61.70000076293945,575150
2026-09-09,63.09999847412109,64.80000305175781,59.20000076293945,60.900001525878906,648104
2026-09-10,59.70000076293945,61.70000076293945,59.29999923706055,61.5,404000
2026-09-11,58.20000076293945,60.20000076293945,58.20000076293945,60.20000076293945,256151
2026-09-14,59.5,65.5999984741211,59.09999847412109,61.29999923706055,818030
2026-09-15,63.09999847412109,63.09999847412109,59.29999923706055,59.29999923706055,318080
2026-09-16,59.59999847412109,64.5,59.09999847412109,61.5,500116
2026-09-17,61.79999923706055,62.900001525878906,59.59999847412109,60.0,375056
2026-09-18,60.79999923706055,62.5,60.59999847412109,62.0,405302
2026-09-21,63.0,63.79999923706055,60.70000076293945,60.70000076293945,369127
2026-09-22,62.400001525878906,66.69999694824219,62.20000076293945,66.69999694824219,890242
2026-09-23,70.9000015258789,73.0,66.80000305175781,67.4000015258789,2991401
2026-09-24,66.0999984741211,66.69999694824219,64.5,65.19999694824219,503638
