date,open,high,low,close,volume
2020-01-02,53.88834762573242,54.49383544921875,53.62885284423828,53.62885284423828,70752
2020-01-03,53.62885284423828,53.71535110473633,53.282859802246094,53.36935806274414,39596
2020-01-06,53.19636154174805,53.282859802246094,52.85036849975586,52.93686676025391,51156
2020-01-07,53.19636154174805,53.282859802246094,53.02336502075195,53.282859802246094,55550
2020-01-08,53.45585632324219,53.45585632324219,53.10986328125,53.36935806274414,49712
2020-01-09,53.54235458374024,53.801849365234375,53.36935806274414,53.801849365234375,43485
2020-01-10,53.88834762573242,56.7427864074707,53.71535110473633,55.70480728149414,97229
2020-01-13,55.87780380249024,57.521270751953125,55.79130554199219,56.137298583984375,74144
2020-01-14,57.00228118896485,57.26177215576172,56.137298583984375,56.22379684448242,28939
2020-01-15,56.9157829284668,56.9157829284668,55.96430206298828,56.137298583984375,23351
2020-01-16,55.4453125,56.656288146972656,55.4453125,55.96430206298828,17616
2020-01-17,55.96430206298828,56.656288146972656,55.79130554199219,56.05080032348633,22173
2020-01-20,56.22379684448242,56.82928466796875,56.05080032348633,56.39679336547852,24577
2020-01-30,54.06134414672852,56.39679336547852,54.06134414672852,55.35881423950195,31726
2020-01-31,55.53181076049805,56.82928466796875,55.35881423950195,56.31029510498047,112346
2020-02-03,56.39679336547852,57.00228118896485,55.79130554199219,57.00228118896485,88038
2020-02-04,57.08877944946289,58.73224258422852,57.08877944946289,57.348270416259766,153070
2020-02-05,57.953758239746094,58.21325302124024,55.79130554199219,56.656288146972656,112489
2020-02-06,57.08877944946289,57.08877944946289,56.39679336547852,56.82928466796875,61394
2020-02-07,57.60776519775391,59.68372344970703,56.31029510498047,56.656288146972656,260183
2020-02-10,57.348270416259766,57.348270416259766,56.39679336547852,57.08877944946289,55612
2020-02-11,58.38624954223633,60.11621475219727,57.26177215576172,58.12675476074219,205789
2020-02-12,58.21325302124024,58.81874084472656,57.86725997924805,58.12675476074219,84428
2020-02-13,58.12675476074219,58.38624954223633,57.521270751953125,57.953758239746094,43064
2020-02-14,58.64574432373047,60.28921127319336,58.29975128173828,60.11621475219727,217776
2020-02-17,60.72169876098633,65.13310241699219,60.72169876098633,61.84617614746094,500758
2020-02-18,61.84617614746094,62.27866744995117,60.98119354248047,61.84617614746094,102181
2020-02-19,61.84617614746094,62.45166397094727,61.50018310546875,62.01917266845703,106462
2020-02-20,62.27866744995117,68.07404327392578,62.192169189453125,67.46855926513672,451700
2020-02-21,68.42003631591797,68.76602935791016,64.96011352539062,64.96011352539062,547454
2020-02-24,65.56559753417969,66.86306762695312,64.09513092041016,64.87361145019531,208096
2020-02-25,64.26812744140625,64.87361145019531,62.79765701293945,63.31664657592773,154166
2020-02-26,63.31664657592773,64.00862884521484,63.31664657592773,64.00862884521484,56741
2020-02-27,64.00862884521484,64.35462188720703,60.98119354248047,61.06769180297852,137881
2020-03-02,57.953758239746094,61.06769180297852,57.953758239746094,60.54870223999024,93878
2020-03-03,60.54870223999024,62.01917266845703,60.54870223999024,60.54870223999024,41619
2020-03-04,61.06769180297852,61.06769180297852,60.11621475219727,60.46220779418945,52024
2020-03-05,60.63520050048828,61.06769180297852,60.20270919799805,60.54870223999024,30058
2020-03-06,60.98119354248047,60.98119354248047,60.54870223999024,60.98119354248047,24277
2020-03-09,60.54870223999024,60.98119354248047,59.2512321472168,59.2512321472168,81008
2020-03-10,56.31029510498047,58.81874084472656,56.31029510498047,58.12675476074219,59018
2020-03-11,57.17527770996094,57.78076171875,56.39679336547852,56.39679336547852,71867
2020-03-12,55.618309020996094,55.618309020996094,52.24488067626953,52.85036849975586,127203
2020-03-13,49.4769401550293,49.4769401550293,47.57398223876953,48.006473541259766,312262
2020-03-16,47.83347702026367,47.83347702026367,45.06553649902344,47.57398223876953,172500
2020-03-17,46.53600311279297,48.43896484375,45.15203475952149,46.36300659179688,82146
2020-03-18,46.27650833129883,47.1414909362793,44.97903823852539,44.97903823852539,27746
2020-03-19,44.97903823852539,45.06553649902344,40.48113250732422,40.74062728881836,166477
2020-03-20,40.74062728881836,42.81658172607422,40.74062728881836,42.25434494018555,103246
2020-03-23,41.08662033081055,42.03810119628906,40.91362380981445,42.03810119628906,31273
2020-03-24,42.38409423828125,44.37355041503906,42.38409423828125,44.37355041503906,58961
2020-03-25,45.75751876831055,46.70899963378906,45.06553649902344,46.103511810302734,81061
2020-03-26,44.54654693603516,45.58452224731445,44.54654693603516,44.8060417175293,14425
2020-03-27,44.97903823852539,45.411529541015625,44.8060417175293,44.97903823852539,26590
2020-03-30,42.42734146118164,44.892539978027344,41.34611511230469,44.892539978027344,48672
2020-03-31,44.97903823852539,45.411529541015625,44.20055389404297,44.97903823852539,41619
2020-04-01,45.15203475952149,45.6710205078125,45.06553649902344,45.6710205078125,19713
2020-04-06,45.75751876831055,45.75751876831055,44.37355041503906,45.75751876831055,6994
2020-04-07,45.84402084350586,49.4769401550293,45.84402084350586,49.21744537353516,87901
2020-04-08,49.3039436340332,49.90943145751953,49.13094711303711,49.90943145751953,20839
2020-04-09,48.52545928955078,50.082427978515625,48.43896484375,49.39044189453125,45318
2020-04-10,49.563438415527344,49.99592971801758,48.957950592041016,49.04444885253906,28902
2020-04-13,49.3039436340332,49.3039436340332,48.52545928955078,48.957950592041016,30192
2020-04-14,49.3039436340332,49.99592971801758,49.3039436340332,49.90943145751953,9595
2020-04-15,49.99592971801758,52.07188415527344,49.99592971801758,51.898887634277344,47457
2020-04-16,53.62885284423828,53.62885284423828,50.42842102050781,53.36935806274414,44035
2020-04-17,53.45585632324219,54.14784240722656,52.07188415527344,53.45585632324219,23121
2020-04-20,51.98538589477539,52.677371978759766,51.55289459228516,52.24488067626953,31214
2020-04-21,50.51491928100586,51.72589111328125,49.39044189453125,51.12040710449219,47399
2020-04-22,49.39044189453125,51.98538589477539,48.52545928955078,51.98538589477539,30074
2020-04-23,51.98538589477539,52.15838241577149,50.42842102050781,51.8123893737793,57
2020-04-24,54.23434066772461,54.23434066772461,52.85036849975586,52.85036849975586,33777
2020-04-27,52.93686676025391,53.36935806274414,52.677371978759766,52.76387023925781,46474
2020-04-28,52.677371978759766,53.02336502075195,51.898887634277344,53.02336502075195,44220
2020-04-29,52.50437545776367,53.54235458374024,52.33137893676758,53.02336502075195,44414
2020-04-30,53.02336502075195,53.02336502075195,52.59087371826172,52.93686676025391,22254
2020-05-04,51.98538589477539,52.76387023925781,50.7744140625,51.03390884399414,74468
2020-05-05,51.63939666748047,53.19636154174805,51.46639633178711,52.85036849975586,55498
2020-05-06,52.76387023925781,53.10986328125,51.63939666748047,52.93686676025391,32370
2020-05-07,52.85036849975586,53.10986328125,52.85036849975586,53.10986328125,23181
2020-05-08,53.19636154174805,55.35881423950195,52.50437545776367,54.14784240722656,115849
2020-05-11,55.012821197509766,55.012821197509766,53.02336502075195,54.83982467651367,42951
2020-05-12,55.18581771850586,55.18581771850586,53.36935806274414,54.06134414672852,50879
2020-05-13,54.5803337097168,54.5803337097168,53.45585632324219,54.14784240722656,44058
2020-05-14,54.23434066772461,54.49383544921875,53.19636154174805,54.23434066772461,70565
2020-05-15,54.23434066772461,54.32083511352539,53.282859802246094,53.45585632324219,53202
2020-05-18,54.32083511352539,57.60776519775391,53.97484588623047,56.56978988647461,196185
2020-05-19,56.656288146972656,60.808197021484375,56.656288146972656,58.38624954223633,353549
2020-05-20,58.81874084472656,60.02971649169922,57.953758239746094,59.68372344970703,147156
2020-05-21,59.856719970703125,61.327186584472656,59.68372344970703,60.54870223999024,189772
2020-05-22,60.54870223999024,60.89469528198242,59.0782356262207,60.89469528198242,69389
2020-05-25,61.5866813659668,64.87361145019531,61.5866813659668,62.36516571044922,207218
2020-05-26,62.36516571044922,62.53816223144531,61.75967788696289,62.01917266845703,32901
2020-05-27,61.93267440795898,62.10567092895508,60.54870223999024,61.50018310546875,113116
2020-05-28,61.5866813659668,62.01917266845703,59.68372344970703,61.67317962646485,59081
2020-05-29,60.11621475219727,61.4136848449707,59.856719970703125,61.4136848449707,43787
2020-06-01,61.5866813659668,61.75967788696289,60.375709533691406,61.50018310546875,40218
2020-06-02,60.54870223999024,61.84617614746094,60.28921127319336,61.67317962646485,56963
2020-06-03,61.4136848449707,62.10567092895508,61.15419006347656,61.67317962646485,51099
2020-06-04,61.67317962646485,61.84617614746094,60.54870223999024,61.50018310546875,39366
2020-06-05,61.4136848449707,61.5866813659668,61.24068832397461,61.5866813659668,49905
2020-06-08,61.24068832397461,62.97065353393555,61.24068832397461,61.4136848449707,62660
2020-06-09,61.4136848449707,61.75967788696289,61.4136848449707,61.75967788696289,45102
2020-06-10,61.4136848449707,62.01917266845703,61.4136848449707,62.01917266845703,37339
2020-06-11,61.50018310546875,61.75967788696289,60.11621475219727,60.11621475219727,32681
2020-06-12,60.11621475219727,60.375709533691406,58.64574432373047,60.11621475219727,58965
2020-06-15,61.24068832397461,61.24068832397461,60.11621475219727,60.46220779418945,52024
2020-06-16,61.75967788696289,61.75967788696289,60.375709533691406,61.15419006347656,34682
2020-06-17,61.5866813659668,61.5866813659668,60.375709533691406,61.24068832397461,67558
2020-06-18,61.24068832397461,61.84617614746094,61.06769180297852,61.06769180297852,54462
2020-06-19,60.89469528198242,61.4136848449707,60.72169876098633,61.4136848449707,31214
2020-06-22,61.4136848449707,61.75967788696289,60.63520050048828,61.75967788696289,75149
2020-06-23,61.75967788696289,61.75967788696289,60.375709533691406,60.375709533691406,27872
2020-06-24,60.375709533691406,60.375709533691406,59.68372344970703,59.856719970703125,19208
2020-06-29,60.63520050048828,60.63520050048828,58.90523910522461,59.94321823120117,35896
2020-06-30,59.94321823120117,60.46220779418945,59.94321823120117,60.375709533691406,30059
2020-07-01,60.46220779418945,60.46220779418945,59.68372344970703,60.46220779418945,27115
2020-07-02,60.54870223999024,60.54870223999024,59.68372344970703,59.856719970703125,34800
2020-07-03,60.02971649169922,60.11621475219727,58.991737365722656,58.991737365722656,67189
2020-07-06,59.42422866821289,59.51072692871094,58.73224258422852,59.16473388671875,74029
2020-07-07,59.16473388671875,59.59722518920898,58.64574432373047,58.73224258422852,56714
2020-07-08,58.81874084472656,59.2512321472168,58.38624954223633,58.73224258422852,75446
2020-07-09,59.0782356262207,60.46220779418945,58.81874084472656,59.16473388671875,101851
2020-07-10,59.42422866821289,60.11621475219727,57.43477249145508,57.60776519775391,101769
2020-07-13,57.60776519775391,58.55924606323242,57.60776519775391,57.60776519775391,90181
2020-07-14,57.78076171875,57.78076171875,57.08877944946289,57.43477249145508,52024
2020-07-15,57.43477249145508,57.60776519775391,55.79130554199219,56.656288146972656,43603
2020-07-16,57.17527770996094,57.348270416259766,55.96430206298828,56.82928466796875,56737
2020-07-17,56.82928466796875,56.82928466796875,56.39679336547852,56.56978988647461,43065
2020-07-20,57.00228118896485,57.26177215576172,55.79130554199219,56.82928466796875,41619
2020-07-21,57.08877944946289,57.08877944946289,56.31029510498047,56.656288146972656,68667
2020-07-22,56.7427864074707,60.20270919799805,56.05080032348633,59.2512321472168,106499
2020-07-23,58.28571319580078,58.28571319580078,56.19047546386719,56.85714340209961,72450
2020-07-24,56.9523811340332,62.47618865966797,55.80952453613281,61.71428680419922,252554
2020-07-27,63.61904525756836,64.85713958740234,60.9523811340332,61.904762268066406,329923
2020-07-28,59.71428680419922,62.19047546386719,59.523807525634766,61.42856979370117,62520
2020-07-29,59.71428680419922,61.61904525756836,59.523807525634766,60.85714340209961,85167
2020-07-30,60.9523811340332,62.85714340209961,60.66666412353516,61.33333206176758,111618
2020-07-31,62.57142639160156,62.57142639160156,60.380950927734375,60.380950927734375,20080
2020-08-03,60.19047546386719,60.380950927734375,58.9523811340332,60.0,78750
2020-08-04,59.80952453613281,60.28571319580078,59.0476188659668,59.523807525634766,19950
2020-08-05,59.523807525634766,60.28571319580078,58.0952377319336,59.0476188659668,61009
2020-08-06,59.0476188659668,59.523807525634766,56.19047546386719,58.0952377319336,74708
2020-08-07,57.61904525756836,59.0476188659668,57.238094329833984,59.0476188659668,31506
2020-08-10,59.0476188659668,60.47618865966797,57.904762268066406,59.33333206176758,45465
2020-08-11,59.42856979370117,60.19047546386719,59.14285659790039,60.19047546386719,58800
2020-08-12,58.47618865966797,60.28571319580078,58.47618865966797,60.28571319580078,24155
2020-08-13,60.28571319580078,60.9523811340332,60.0952377319336,60.761905670166016,25234
2020-08-14,60.761905670166016,61.14285659790039,59.80952453613281,59.904762268066406,30450
2020-08-17,60.47618865966797,60.9523811340332,60.0,60.66666412353516,14722
2020-08-18,60.19047546386719,60.66666412353516,59.71428680419922,60.57142639160156,8578
2020-08-19,59.71428680419922,60.57142639160156,58.761905670166016,58.761905670166016,26355
2020-08-20,60.66666412353516,60.66666412353516,57.33333206176758,58.0,23103
2020-08-21,59.42856979370117,59.523807525634766,58.19047546386719,59.14285659790039,14811
2020-08-24,59.14285659790039,59.14285659790039,58.0952377319336,58.66666412353516,23362
2020-08-25,57.904762268066406,58.85714340209961,57.523807525634766,58.85714340209961,31548
2020-08-26,58.85714340209961,59.80952453613281,58.57142639160156,59.523807525634766,54654
2020-08-27,57.904762268066406,59.80952453613281,57.904762268066406,59.42856979370117,59908
2020-08-28,60.57142639160156,60.57142639160156,58.380950927734375,59.523807525634766,37907
2020-08-31,59.523807525634766,60.47618865966797,58.85714340209961,60.0,15920
2020-09-01,59.61904525756836,60.0952377319336,58.57142639160156,59.61904525756836,32332
2020-09-02,58.761905670166016,60.19047546386719,58.761905670166016,59.61904525756836,60271
2020-09-03,59.61904525756836,60.0,58.66666412353516,60.0,38168
2020-09-04,58.85714340209961,59.61904525756836,58.85714340209961,59.61904525756836,6394
2020-09-07,58.57142639160156,59.71428680419922,58.57142639160156,59.0476188659668,12094
2020-09-08,59.0476188659668,59.0476188659668,58.0952377319336,58.57142639160156,20927
2020-09-09,57.42856979370117,58.57142639160156,57.42856979370117,58.0952377319336,17164
2020-09-10,58.761905670166016,58.761905670166016,57.80952453613281,57.80952453613281,12732
2020-09-11,58.19047546386719,58.19047546386719,57.33333206176758,57.42856979370117,23658
2020-09-14,57.523807525634766,58.28571319580078,57.238094329833984,57.61904525756836,18497
2020-09-15,57.71428680419922,58.0,57.71428680419922,57.904762268066406,10702
2020-09-16,57.904762268066406,58.0,57.33333206176758,57.904762268066406,20741
2020-09-17,58.0952377319336,58.380950927734375,58.0952377319336,58.28571319580078,11577
2020-09-18,58.28571319580078,58.85714340209961,58.28571319580078,58.85714340209961,11762
2020-09-21,58.761905670166016,59.0476188659668,58.57142639160156,58.66666412353516,13770
2020-09-22,58.47618865966797,58.66666412353516,58.47618865966797,58.66666412353516,5534
2020-09-23,58.57142639160156,59.0476188659668,58.28571319580078,59.0476188659668,11551
2020-09-24,58.0,58.0952377319336,56.85714340209961,56.85714340209961,9672
2020-09-25,57.14285659790039,58.19047546386719,56.28571319580078,56.28571319580078,10057
2020-09-28,56.28571319580078,57.238094329833984,56.28571319580078,57.238094329833984,6736
2020-09-29,57.80952453613281,58.57142639160156,57.42856979370117,57.42856979370117,8400
2020-09-30,57.42856979370117,58.380950927734375,57.42856979370117,58.0952377319336,11550
2020-10-05,58.57142639160156,58.57142639160156,57.80952453613281,58.19047546386719,13134
2020-10-06,58.57142639160156,58.57142639160156,58.0952377319336,58.57142639160156,6316
2020-10-07,57.33333206176758,58.0952377319336,56.66666412353516,58.0952377319336,28282
2020-10-08,57.61904525756836,58.0952377319336,57.61904525756836,58.0952377319336,18369
2020-10-12,58.57142639160156,58.57142639160156,57.14285659790039,58.57142639160156,14705
2020-10-13,57.238094329833984,57.523807525634766,57.14285659790039,57.523807525634766,7455
2020-10-14,57.523807525634766,58.19047546386719,55.61904525756836,57.0476188659668,56978
2020-10-15,56.761905670166016,57.14285659790039,56.761905670166016,57.14285659790039,7774
2020-10-16,57.0476188659668,57.42856979370117,56.0952377319336,56.9523811340332,19073
2020-10-19,57.61904525756836,57.61904525756836,56.28571319580078,57.0476188659668,11414
2020-10-20,56.47618865966797,57.238094329833984,56.380950927734375,57.238094329833984,7641
2020-10-21,57.238094329833984,57.238094329833984,57.238094329833984,57.238094329833984,2228
2020-10-22,57.61904525756836,57.61904525756836,56.66666412353516,57.33333206176758,11550
2020-10-23,57.33333206176758,57.42856979370117,57.33333206176758,57.42856979370117,2100
2020-10-26,56.761905670166016,57.523807525634766,56.47618865966797,56.57142639160156,14700
2020-10-27,56.380950927734375,57.14285659790039,56.380950927734375,57.14285659790039,3209
2020-10-28,57.0476188659668,59.238094329833984,56.47618865966797,58.761905670166016,19115
2020-10-29,57.0476188659668,58.761905670166016,56.28571319580078,58.47618865966797,19030
2020-10-30,56.9523811340332,58.47618865966797,56.9523811340332,58.47618865966797,16906
2020-11-02,57.42856979370117,57.523807525634766,56.761905670166016,56.761905670166016,14700
2020-11-03,57.14285659790039,57.238094329833984,56.47618865966797,56.761905670166016,13772
2020-11-04,57.14285659790039,57.14285659790039,56.761905670166016,56.85714340209961,7350
2020-11-05,56.47618865966797,57.42856979370117,56.19047546386719,57.14285659790039,8400
2020-11-06,57.523807525634766,57.71428680419922,57.523807525634766,57.71428680419922,4414
2020-11-09,58.761905670166016,58.761905670166016,57.0476188659668,57.904762268066406,15101
2020-11-10,57.61904525756836,57.61904525756836,57.14285659790039,57.14285659790039,2206
2020-11-11,58.19047546386719,58.19047546386719,57.523807525634766,57.523807525634766,2258
2020-11-12,56.85714340209961,57.61904525756836,56.66666412353516,56.85714340209961,15828
2020-11-13,56.761905670166016,58.0952377319336,56.761905670166016,57.71428680419922,35874
2020-11-16,57.14285659790039,57.14285659790039,56.9523811340332,57.14285659790039,16821
2020-11-17,57.14285659790039,57.238094329833984,57.14285659790039,57.14285659790039,12721
2020-11-18,57.238094329833984,57.238094329833984,56.9523811340332,57.14285659790039,8459
2020-11-19,57.14285659790039,57.14285659790039,56.66666412353516,56.9523811340332,64051
2020-11-20,56.9523811340332,56.9523811340332,56.19047546386719,56.761905670166016,30450
2020-11-23,56.761905670166016,56.761905670166016,55.238094329833984,56.19047546386719,59103
2020-11-24,56.19047546386719,56.19047546386719,56.0,56.0,36960
2020-11-25,56.0,56.0,55.0476188659668,55.238094329833984,21084
2020-11-26,55.238094329833984,55.71428680419922,54.66666412353516,55.238094329833984,18102
2020-11-27,55.238094329833984,55.61904525756836,55.238094329833984,55.42856979370117,6615
2020-11-30,55.238094329833984,55.238094329833984,55.238094329833984,55.238094329833984,1050
2020-12-01,56.0952377319336,56.0952377319336,55.14285659790039,55.238094329833984,11747
2020-12-02,55.33333206176758,55.904762268066406,55.33333206176758,55.904762268066406,8575
2020-12-03,55.238094329833984,55.238094329833984,55.14285659790039,55.14285659790039,5278
2020-12-04,55.14285659790039,55.14285659790039,54.761905670166016,55.0476188659668,12168
2020-12-07,55.0476188659668,55.42856979370117,54.57142639160156,55.238094329833984,18908
2020-12-08,55.238094329833984,55.523807525634766,53.80952453613281,54.47618865966797,56749
2020-12-09,54.85714340209961,54.85714340209961,52.85714340209961,52.9523811340332,256026
2020-12-10,52.9523811340332,53.71428680419922,52.85714340209961,52.9523811340332,32636
2020-12-11,54.0952377319336,54.0952377319336,52.380950927734375,53.238094329833984,36852
2020-12-14,52.47618865966797,52.47618865966797,51.42856979370117,52.0952377319336,19036
2020-12-15,53.14285659790039,53.14285659790039,51.42856979370117,51.71428680419922,43947
2020-12-16,52.9523811340332,52.9523811340332,51.42856979370117,52.28571319580078,40407
2020-12-17,50.85714340209961,52.380950927734375,50.85714340209961,52.0952377319336,45544
2020-12-18,52.47618865966797,52.47618865966797,51.33333206176758,51.42856979370117,81900
2020-12-21,52.0,52.380950927734375,50.9523811340332,51.523807525634766,104073
2020-12-22,51.71428680419922,51.904762268066406,51.0476188659668,51.523807525634766,139755
2020-12-23,51.904762268066406,52.0,51.14285659790039,51.14285659790039,163976
2020-12-24,51.42856979370117,51.904762268066406,51.14285659790039,51.42856979370117,107273
2020-12-25,51.61904525756836,51.61904525756836,50.9523811340332,51.0476188659668,90569
2020-12-28,51.14285659790039,51.42856979370117,50.380950927734375,51.33333206176758,54483
2020-12-29,51.33333206176758,52.85714340209961,51.33333206176758,51.61904525756836,29592
2020-12-30,51.238094329833984,51.238094329833984,50.47618865966797,50.57142639160156,75878
2020-12-31,50.66666412353516,54.57142639160156,50.66666412353516,53.33333206176758,38582
2021-01-04,54.47618865966797,54.47618865966797,52.57142639160156,53.33333206176758,60522
2021-01-05,54.761905670166016,54.761905670166016,53.238094329833984,54.0,91880
2021-01-06,53.61904525756836,53.61904525756836,52.0,52.85714340209961,44236
2021-01-07,52.85714340209961,53.238094329833984,52.380950927734375,52.761905670166016,34650
2021-01-08,53.80952453613281,53.80952453613281,52.47618865966797,52.761905670166016,67200
2021-01-11,52.9523811340332,52.9523811340332,52.380950927734375,52.761905670166016,11781
2021-01-12,52.761905670166016,52.761905670166016,51.523807525634766,52.57142639160156,7859
2021-01-13,52.761905670166016,52.761905670166016,51.61904525756836,52.0952377319336,16140
2021-01-14,52.0952377319336,52.66666412353516,52.0952377319336,52.0952377319336,9503
2021-01-15,52.761905670166016,52.761905670166016,51.42856979370117,51.42856979370117,37170
2021-01-18,50.9523811340332,51.80952453613281,50.9523811340332,51.80952453613281,2100
2021-01-19,51.80952453613281,51.80952453613281,51.14285659790039,51.33333206176758,8612
2021-01-20,51.33333206176758,51.33333206176758,49.61904525756836,50.47618865966797,35912
2021-01-21,51.61904525756836,51.61904525756836,49.80952453613281,51.238094329833984,7414
2021-01-22,51.238094329833984,51.61904525756836,51.238094329833984,51.61904525756836,2274
2021-01-25,50.761905670166016,50.761905670166016,50.761905670166016,50.761905670166016,1538
2021-01-26,50.761905670166016,50.761905670166016,49.33333206176758,50.66666412353516,38956
2021-01-27,50.19047546386719,50.57142639160156,49.61904525756836,50.57142639160156,8400
2021-01-28,49.33333206176758,49.71428680419922,49.14285659790039,49.42856979370117,35717
2021-01-29,49.42856979370117,49.523807525634766,49.42856979370117,49.523807525634766,3150
2021-02-01,49.33333206176758,49.33333206176758,49.33333206176758,49.33333206176758,2100
2021-02-02,48.66666412353516,48.66666412353516,47.57142639160156,47.61904525756836,58800
2021-02-03,48.57142639160156,49.523807525634766,48.47618865966797,48.66666412353516,18302
2021-02-04,47.61904525756836,49.0476188659668,47.61904525756836,48.380950927734375,22050
2021-02-05,49.0476188659668,49.0476188659668,48.0952377319336,48.0952377319336,11631
2021-02-17,47.904762268066406,47.904762268066406,47.47618865966797,47.47618865966797,29930
2021-02-18,47.61904525756836,47.80952453613281,47.523807525634766,47.523807525634766,5250
2021-02-19,47.33333206176758,47.80952453613281,46.85714340209961,47.42856979370117,20055
2021-02-22,47.14285659790039,48.0952377319336,47.0952377319336,47.523807525634766,46527
2021-02-23,47.523807525634766,47.61904525756836,47.42856979370117,47.57142639160156,9558
2021-02-24,47.61904525756836,47.61904525756836,47.238094329833984,47.61904525756836,16916
2021-02-25,47.61904525756836,47.61904525756836,47.28571319580078,47.61904525756836,9450
2021-02-26,47.61904525756836,47.61904525756836,47.0476188659668,47.238094329833984,16905
2021-03-02,47.904762268066406,48.57142639160156,47.904762268066406,48.28571319580078,54672
2021-03-03,48.380950927734375,48.380950927734375,47.61904525756836,47.80952453613281,29507
2021-03-04,47.57142639160156,48.0952377319336,47.380950927734375,47.904762268066406,25756
2021-03-05,47.61904525756836,47.61904525756836,47.238094329833984,47.238094329833984,9450
2021-03-08,47.238094329833984,47.61904525756836,47.19047546386719,47.523807525634766,21302
2021-03-09,47.380950927734375,48.66666412353516,47.380950927734375,48.47618865966797,66165
2021-03-10,53.238094329833984,53.238094329833984,53.238094329833984,53.238094329833984,74326
2021-03-11,55.71428680419922,58.47618865966797,55.238094329833984,58.47618865966797,656093
2021-03-12,59.33333206176758,59.904762268066406,56.9523811340332,57.61904525756836,429089
2021-03-15,58.0952377319336,58.57142639160156,56.0952377319336,56.66666412353516,149268
2021-03-16,57.14285659790039,58.57142639160156,56.66666412353516,57.80952453613281,279679
2021-03-17,57.42856979370117,57.42856979370117,57.0476188659668,57.14285659790039,121275
2021-03-18,57.14285659790039,57.71428680419922,56.761905670166016,56.761905670166016,102352
2021-03-19,56.761905670166016,57.523807525634766,56.761905670166016,57.238094329833984,51812
2021-03-22,57.238094329833984,57.61904525756836,57.14285659790039,57.523807525634766,85057
2021-03-23,57.61904525756836,57.61904525756836,56.0,56.47618865966797,76110
2021-03-24,56.47618865966797,56.9523811340332,56.19047546386719,56.47618865966797,46453
2021-03-25,56.380950927734375,56.761905670166016,56.19047546386719,56.19047546386719,44157
2021-03-26,56.19047546386719,56.57142639160156,55.71428680419922,56.57142639160156,28073
2021-03-29,56.66666412353516,56.66666412353516,56.0,56.57142639160156,65156
2021-03-30,56.47618865966797,56.57142639160156,56.19047546386719,56.57142639160156,22141
2021-03-31,56.66666412353516,56.66666412353516,56.28571319580078,56.66666412353516,26512
2021-04-01,56.66666412353516,56.66666412353516,56.19047546386719,56.47618865966797,23205
2021-04-07,56.380950927734375,56.761905670166016,56.19047546386719,56.66666412353516,52774
2021-04-08,56.380950927734375,56.66666412353516,56.19047546386719,56.57142639160156,58800
2021-04-09,56.57142639160156,56.57142639160156,55.71428680419922,56.47618865966797,72730
2021-04-12,56.47618865966797,56.66666412353516,56.0952377319336,56.47618865966797,29674
2021-04-13,56.28571319580078,56.57142639160156,56.19047546386719,56.19047546386719,33726
2021-04-14,55.904762268066406,56.0,55.42856979370117,55.904762268066406,47875
2021-04-15,55.71428680419922,55.71428680419922,54.761905670166016,55.523807525634766,42310
2021-04-16,55.61904525756836,55.80952453613281,55.523807525634766,55.80952453613281,22051
2021-04-19,55.80952453613281,56.19047546386719,55.61904525756836,56.19047546386719,19968
2021-04-20,56.761905670166016,56.761905670166016,56.380950927734375,56.47618865966797,37817
2021-04-21,56.57142639160156,56.66666412353516,56.28571319580078,56.57142639160156,18921
2021-04-22,56.28571319580078,56.380950927734375,56.0952377319336,56.28571319580078,19426
2021-04-23,56.0952377319336,56.47618865966797,55.80952453613281,56.47618865966797,44416
2021-04-26,56.57142639160156,56.66666412353516,55.80952453613281,56.57142639160156,26274
2021-04-27,56.47618865966797,57.14285659790039,56.47618865966797,56.66666412353516,79931
2021-04-28,56.761905670166016,57.33333206176758,56.761905670166016,57.33333206176758,53764
2021-04-29,57.523807525634766,58.19047546386719,56.57142639160156,56.66666412353516,106137
2021-05-03,56.380950927734375,56.380950927734375,55.61904525756836,55.61904525756836,35770
2021-05-04,55.33333206176758,55.904762268066406,54.380950927734375,55.904762268066406,24360
2021-05-05,56.0952377319336,56.19047546386719,55.523807525634766,55.523807525634766,10500
2021-05-06,55.523807525634766,56.0952377319336,55.33333206176758,56.0952377319336,14700
2021-05-07,55.0476188659668,56.0,55.0476188659668,55.80952453613281,22050
2021-05-10,54.9523811340332,55.42856979370117,54.9523811340332,54.9523811340332,35710
2021-05-11,55.238094329833984,56.66666412353516,54.57142639160156,55.61904525756836,25322
2021-05-12,56.9523811340332,56.9523811340332,53.42856979370117,55.238094329833984,23173
2021-05-13,55.238094329833984,55.238094329833984,54.761905670166016,54.85714340209961,8400
2021-05-14,54.85714340209961,55.238094329833984,53.42856979370117,54.380950927734375,24194
2021-05-17,53.904762268066406,53.904762268066406,52.28571319580078,52.85714340209961,33602
2021-05-18,52.761905670166016,55.904762268066406,52.761905670166016,55.238094329833984,17850
2021-05-19,55.523807525634766,55.61904525756836,54.28571319580078,55.523807525634766,11550
2021-05-20,55.71428680419922,56.28571319580078,54.19047546386719,55.61904525756836,19497
2021-05-21,55.61904525756836,55.80952453613281,55.238094329833984,55.61904525756836,9453
2021-05-24,55.238094329833984,56.19047546386719,54.85714340209961,56.0,14700
2021-05-25,55.80952453613281,55.80952453613281,55.80952453613281,55.80952453613281,1050
2021-05-26,55.904762268066406,55.904762268066406,55.42856979370117,55.71428680419922,8778
2021-05-27,55.42856979370117,55.71428680419922,55.42856979370117,55.71428680419922,6345
2021-05-28,55.238094329833984,56.19047546386719,55.238094329833984,56.19047546386719,37800
2021-05-31,56.19047546386719,56.66666412353516,55.904762268066406,56.19047546386719,11550
2021-06-01,56.66666412353516,56.66666412353516,55.904762268066406,56.19047546386719,10500
2021-06-02,56.19047546386719,56.19047546386719,55.14285659790039,55.238094329833984,21052
2021-06-03,55.238094329833984,55.238094329833984,54.761905670166016,54.85714340209961,29447
2021-06-04,54.380950927734375,54.380950927734375,54.28571319580078,54.28571319580078,3171
2021-06-07,52.9523811340332,54.19047546386719,52.9523811340332,53.80952453613281,42021
2021-06-08,53.80952453613281,53.80952453613281,53.80952453613281,53.80952453613281,6300
2021-06-09,54.19047546386719,54.28571319580078,53.61904525756836,54.0,4200
2021-06-10,54.28571319580078,54.28571319580078,53.904762268066406,53.904762268066406,6304
2021-06-11,54.28571319580078,54.28571319580078,53.904762268066406,53.904762268066406,15752
2021-06-15,54.0952377319336,54.0952377319336,53.33333206176758,53.42856979370117,7677
2021-06-16,53.238094329833984,53.80952453613281,52.85714340209961,52.85714340209961,15751
2021-06-17,52.85714340209961,53.33333206176758,52.66666412353516,52.66666412353516,36751
2021-06-18,52.9523811340332,53.904762268066406,52.761905670166016,53.523807525634766,11602
2021-06-21,53.523807525634766,53.80952453613281,53.42856979370117,53.42856979370117,5355
2021-06-22,53.42856979370117,53.61904525756836,53.14285659790039,53.61904525756836,21002
2021-06-23,53.80952453613281,53.80952453613281,53.0476188659668,53.0476188659668,10724
2021-06-24,53.0476188659668,53.80952453613281,53.0476188659668,53.523807525634766,14014
2021-06-25,53.523807525634766,54.0,53.523807525634766,54.0,16109
2021-06-28,54.380950927734375,54.380950927734375,53.80952453613281,54.380950927734375,19110
2021-06-29,54.28571319580078,54.380950927734375,53.61904525756836,53.71428680419922,24253
2021-06-30,53.61904525756836,54.0,53.61904525756836,53.904762268066406,9660
2021-07-01,54.0,54.0,53.42856979370117,54.0,21105
2021-07-02,53.61904525756836,54.28571319580078,53.523807525634766,54.19047546386719,10799
2021-07-05,54.47618865966797,55.14285659790039,53.80952453613281,54.57142639160156,60901
2021-07-06,54.57142639160156,55.0476188659668,54.47618865966797,55.0476188659668,37800
2021-07-07,55.14285659790039,55.238094329833984,54.761905670166016,55.238094329833984,15750
2021-07-08,55.0476188659668,55.61904525756836,54.66666412353516,55.238094329833984,53550
2021-07-09,54.28571319580078,55.523807525634766,54.28571319580078,55.238094329833984,26365
2021-07-12,55.238094329833984,55.33333206176758,54.761905670166016,55.33333206176758,55873
2021-07-13,55.238094329833984,55.238094329833984,54.761905670166016,54.761905670166016,44342
2021-07-14,55.0476188659668,55.33333206176758,54.9523811340332,55.33333206176758,47370
2021-07-15,55.33333206176758,56.0952377319336,55.33333206176758,56.0,172888
2021-07-16,49.523807525634766,51.80952453613281,49.523807525634766,51.0476188659668,71740
2021-07-19,51.238094329833984,51.238094329833984,50.380950927734375,51.14285659790039,35918
2021-07-20,51.80952453613281,51.80952453613281,51.14285659790039,51.523807525634766,19950
2021-07-21,51.14285659790039,51.14285659790039,50.28571319580078,51.0476188659668,29610
2021-07-22,51.238094329833984,51.523807525634766,50.28571319580078,51.0476188659668,14700
2021-07-23,51.0476188659668,51.0476188659668,49.904762268066406,50.19047546386719,34652
2021-07-26,50.28571319580078,50.57142639160156,49.42856979370117,50.0952377319336,69405
2021-07-27,49.523807525634766,49.904762268066406,49.14285659790039,49.904762268066406,38965
2021-07-28,49.238094329833984,49.33333206176758,48.66666412353516,49.33333206176758,23110
2021-07-29,49.71428680419922,49.80952453613281,48.9523811340332,49.80952453613281,12705
2021-07-30,50.47618865966797,50.47618865966797,48.9523811340332,49.71428680419922,12600
2021-08-02,50.0952377319336,50.0952377319336,49.14285659790039,49.71428680419922,4200
2021-08-03,48.9523811340332,49.42856979370117,48.85714340209961,49.0476188659668,35746
2021-08-04,50.0,50.0,49.0476188659668,49.33333206176758,29400
2021-08-05,49.33333206176758,49.523807525634766,46.85714340209961,49.0476188659668,126101
2021-08-06,49.61904525756836,49.61904525756836,48.0952377319336,49.0476188659668,12601
2021-08-09,47.904762268066406,48.57142639160156,47.904762268066406,48.0,53475
2021-08-10,48.47618865966797,48.47618865966797,47.80952453613281,48.380950927734375,24184
2021-08-11,48.66666412353516,48.9523811340332,48.28571319580078,48.57142639160156,53655
2021-08-12,48.380950927734375,48.380950927734375,47.71428680419922,47.71428680419922,12652
2021-08-13,47.71428680419922,47.80952453613281,47.61904525756836,47.80952453613281,15751
2021-08-16,48.57142639160156,49.14285659790039,47.904762268066406,48.66666412353516,44100
2021-08-17,48.66666412353516,48.66666412353516,48.66666412353516,48.66666412353516,0
2021-08-18,47.71428680419922,48.0952377319336,47.71428680419922,48.0,28705
2021-08-19,48.0,48.47618865966797,47.14285659790039,47.61904525756836,29400
2021-08-20,47.57142639160156,47.61904525756836,47.14285659790039,47.61904525756836,5250
2021-08-23,47.0,47.57142639160156,46.9523811340332,47.523807525634766,18099
2021-08-24,47.14285659790039,47.380950927734375,46.57142639160156,46.904762268066406,32719
2021-08-25,47.14285659790039,47.61904525756836,46.80952453613281,47.42856979370117,23732
2021-08-26,47.42856979370117,47.42856979370117,46.904762268066406,47.238094329833984,13860
2021-08-27,47.19047546386719,47.28571319580078,46.61904525756836,47.28571319580078,42065
2021-08-30,47.28571319580078,47.42856979370117,46.85714340209961,47.380950927734375,11713
2021-08-31,47.14285659790039,47.61904525756836,46.85714340209961,47.61904525756836,29400
2021-09-01,47.42856979370117,47.61904525756836,46.761905670166016,47.33333206176758,28497
2021-09-02,47.61904525756836,47.61904525756836,46.9523811340332,47.42856979370117,30551
2021-09-03,47.14285659790039,47.47618865966797,46.9523811340332,47.42856979370117,15796
2021-09-06,46.9523811340332,47.47618865966797,46.904762268066406,47.47618865966797,14865
2021-09-07,47.33333206176758,47.61904525756836,46.66666412353516,46.85714340209961,32031
2021-09-08,47.28571319580078,47.28571319580078,46.761905670166016,46.85714340209961,21105
2021-09-09,47.19047546386719,47.28571319580078,46.904762268066406,46.904762268066406,12657
2021-09-10,47.14285659790039,47.238094329833984,46.904762268066406,46.904762268066406,11550
2021-09-13,46.904762268066406,47.238094329833984,46.904762268066406,47.0476188659668,15120
2021-09-14,47.14285659790039,47.238094329833984,47.14285659790039,47.14285659790039,10657
2021-09-15,46.9523811340332,47.238094329833984,46.761905670166016,46.904762268066406,33600
2021-09-16,47.14285659790039,47.238094329833984,47.14285659790039,47.238094329833984,9450
2021-09-17,48.0952377319336,48.0952377319336,47.19047546386719,47.19047546386719,13650
2021-09-22,46.9523811340332,47.28571319580078,46.85714340209961,47.28571319580078,5250
2021-09-23,46.80952453613281,47.0476188659668,46.761905670166016,47.0476188659668,12600
2021-09-24,47.380950927734375,47.380950927734375,47.0952377319336,47.14285659790039,3150
2021-09-27,47.14285659790039,47.380950927734375,46.761905670166016,47.0952377319336,14847
2021-09-28,47.14285659790039,47.19047546386719,47.14285659790039,47.14285659790039,12610
2021-09-29,46.61904525756836,47.28571319580078,46.61904525756836,47.19047546386719,16800
2021-09-30,46.761905670166016,47.238094329833984,46.761905670166016,47.0952377319336,15750
2021-10-01,46.71428680419922,47.0952377319336,46.71428680419922,47.0952377319336,18900
2021-10-04,46.85714340209961,47.14285659790039,46.85714340209961,47.14285659790039,10500
2021-10-05,46.85714340209961,47.14285659790039,46.66666412353516,46.9523811340332,23649
2021-10-06,47.0476188659668,47.14285659790039,46.904762268066406,47.0952377319336,7560
2021-10-07,46.85714340209961,47.238094329833984,46.85714340209961,47.238094329833984,10710
2021-10-08,47.523807525634766,47.523807525634766,47.0476188659668,47.33333206176758,8400
2021-10-12,47.0476188659668,47.0952377319336,46.71428680419922,47.0952377319336,15751
2021-10-13,46.71428680419922,47.14285659790039,46.61904525756836,47.14285659790039,14700
2021-10-14,47.0952377319336,47.238094329833984,46.904762268066406,47.0952377319336,14702
2021-10-15,47.0952377319336,47.523807525634766,47.0476188659668,47.523807525634766,27300
2021-10-18,47.33333206176758,47.33333206176758,46.0,46.57142639160156,44736
2021-10-19,47.47618865966797,47.61904525756836,46.66666412353516,46.71428680419922,84011
2021-10-20,46.761905670166016,47.14285659790039,46.19047546386719,46.33333206176758,72451
2021-10-21,46.66666412353516,46.66666412353516,45.71428680419922,46.42856979370117,79901
2021-10-22,45.9523811340332,46.28571319580078,45.761905670166016,45.85714340209961,16228
2021-10-25,45.71428680419922,46.19047546386719,45.71428680419922,46.19047546386719,12606
2021-10-26,46.47618865966797,46.761905670166016,46.47618865966797,46.57142639160156,10710
2021-10-27,45.9523811340332,47.0476188659668,45.904762268066406,46.904762268066406,23110
2021-10-28,46.61904525756836,46.9523811340332,46.14285659790039,46.9523811340332,9450
2021-10-29,46.0476188659668,46.904762268066406,46.0476188659668,46.904762268066406,24163
2021-11-01,46.66666412353516,46.904762268066406,46.66666412353516,46.904762268066406,14700
2021-11-02,46.380950927734375,46.761905670166016,46.0,46.761905670166016,12156
2021-11-03,46.66666412353516,46.66666412353516,46.66666412353516,46.66666412353516,1050
2021-11-04,46.66666412353516,46.85714340209961,46.19047546386719,46.761905670166016,29457
2021-11-05,46.9523811340332,47.0952377319336,46.28571319580078,46.61904525756836,26250
2021-11-08,46.761905670166016,46.761905670166016,46.0476188659668,46.61904525756836,21106
2021-11-09,46.61904525756836,46.61904525756836,46.380950927734375,46.61904525756836,14700
2021-11-10,47.238094329833984,47.238094329833984,46.71428680419922,47.0952377319336,16863
2021-11-11,47.0476188659668,47.0952377319336,46.33333206176758,47.0952377319336,21080
2021-11-12,47.14285659790039,47.19047546386719,47.14285659790039,47.19047546386719,5292
2021-11-15,47.42856979370117,48.0,46.47618865966797,47.238094329833984,17907
2021-11-16,47.80952453613281,47.80952453613281,46.80952453613281,47.57142639160156,47510
2021-11-17,47.80952453613281,47.904762268066406,47.28571319580078,47.61904525756836,24429
2021-11-18,47.80952453613281,47.80952453613281,47.47618865966797,47.61904525756836,33844
2021-11-19,47.904762268066406,47.904762268066406,47.57142639160156,47.71428680419922,23100
2021-11-22,47.19047546386719,47.71428680419922,47.19047546386719,47.71428680419922,12600
2021-11-23,47.33333206176758,47.47618865966797,47.0,47.380950927734375,10500
2021-11-24,47.42856979370117,47.523807525634766,47.238094329833984,47.47618865966797,7350
2021-11-25,47.14285659790039,47.57142639160156,47.14285659790039,47.57142639160156,6300
2021-11-26,47.57142639160156,47.71428680419922,47.0,47.238094329833984,19950
2021-11-29,47.47618865966797,47.61904525756836,47.0952377319336,47.0952377319336,27300
2021-11-30,47.42856979370117,47.42856979370117,46.9523811340332,47.19047546386719,14700
2021-12-01,47.19047546386719,47.238094329833984,47.0952377319336,47.238094329833984,8400
2021-12-02,47.0476188659668,47.238094329833984,47.0476188659668,47.0476188659668,4280
2021-12-03,47.0476188659668,47.0476188659668,46.80952453613281,47.0476188659668,9455
2021-12-06,47.0476188659668,47.0476188659668,47.0476188659668,47.0476188659668,9450
2021-12-07,47.0476188659668,47.238094329833984,45.71428680419922,47.14285659790039,72451
2021-12-08,46.66666412353516,46.71428680419922,46.66666412353516,46.71428680419922,6319
2021-12-09,46.9523811340332,46.9523811340332,46.66666412353516,46.9523811340332,10600
2021-12-10,46.71428680419922,46.904762268066406,46.19047546386719,46.761905670166016,44159
2021-12-13,47.14285659790039,47.14285659790039,46.42856979370117,46.9523811340332,21050
2021-12-14,46.28571319580078,46.85714340209961,46.19047546386719,46.761905670166016,12763
2021-12-15,47.0,47.0,46.904762268066406,46.904762268066406,10500
2021-12-16,47.19047546386719,47.19047546386719,47.19047546386719,47.19047546386719,1050
2021-12-17,47.0476188659668,48.19047546386719,46.42856979370117,47.238094329833984,56770
2021-12-20,47.61904525756836,47.61904525756836,47.523807525634766,47.523807525634766,14936
2021-12-21,47.0952377319336,47.14285659790039,47.0476188659668,47.14285659790039,5250
2021-12-22,47.14285659790039,47.19047546386719,46.9523811340332,47.19047546386719,19950
2021-12-23,47.42856979370117,47.523807525634766,46.904762268066406,47.0476188659668,25201
2021-12-24,47.238094329833984,47.28571319580078,46.9523811340332,47.14285659790039,26250
2021-12-27,47.14285659790039,47.14285659790039,46.9523811340332,46.9523811340332,7718
2021-12-28,46.85714340209961,46.9523811340332,46.761905670166016,46.9523811340332,11575
2021-12-29,47.0476188659668,47.14285659790039,47.0476188659668,47.0952377319336,11550
2021-12-30,46.9523811340332,47.14285659790039,46.85714340209961,47.14285659790039,9474
2022-01-03,47.14285659790039,47.14285659790039,46.85714340209961,46.85714340209961,8400
2022-01-04,47.523807525634766,47.523807525634766,46.9523811340332,46.9523811340332,3151
2022-01-05,46.9523811340332,47.14285659790039,46.85714340209961,47.14285659790039,5413
2022-01-06,47.0952377319336,47.14285659790039,47.0476188659668,47.14285659790039,6300
2022-01-07,47.33333206176758,47.380950927734375,46.85714340209961,47.28571319580078,8400
2022-01-10,47.14285659790039,47.47618865966797,46.9523811340332,47.33333206176758,25218
2022-01-11,47.42856979370117,47.61904525756836,47.0,47.0952377319336,18901
2022-01-12,47.0,47.0952377319336,46.9523811340332,47.0476188659668,13882
2022-01-13,47.0,47.238094329833984,47.0,47.238094329833984,2100
2022-01-14,47.0,47.28571319580078,46.9523811340332,47.28571319580078,26250
2022-01-17,46.9523811340332,47.0476188659668,46.66666412353516,47.0476188659668,26460
2022-01-18,46.9523811340332,47.33333206176758,46.9523811340332,47.238094329833984,5250
2022-01-19,47.14285659790039,47.28571319580078,47.14285659790039,47.28571319580078,10501
2022-01-20,47.238094329833984,47.380950927734375,47.238094329833984,47.33333206176758,16917
2022-01-21,47.14285659790039,47.238094329833984,46.9523811340332,47.0952377319336,12600
2022-01-24,47.0476188659668,47.14285659790039,46.380950927734375,47.14285659790039,16842
2022-01-25,46.71428680419922,46.9523811340332,46.61904525756836,46.761905670166016,7350
2022-01-26,46.9523811340332,46.9523811340332,46.9523811340332,46.9523811340332,2100
2022-02-07,46.9523811340332,47.61904525756836,46.9523811340332,47.57142639160156,16800
2022-02-08,47.14285659790039,47.80952453613281,47.14285659790039,47.80952453613281,12605
2022-02-09,47.61904525756836,47.71428680419922,47.61904525756836,47.61904525756836,10663
2022-02-10,47.61904525756836,47.61904525756836,47.33333206176758,47.57142639160156,9719
2022-02-11,47.71428680419922,47.904762268066406,47.61904525756836,47.80952453613281,34650
2022-02-14,47.61904525756836,47.61904525756836,47.57142639160156,47.61904525756836,13737
2022-02-15,47.61904525756836,47.61904525756836,47.33333206176758,47.33333206176758,17850
2022-02-16,47.33333206176758,47.61904525756836,47.33333206176758,47.380950927734375,15610
2022-02-17,47.28571319580078,47.28571319580078,47.238094329833984,47.28571319580078,9450
2022-02-18,47.28571319580078,47.61904525756836,47.28571319580078,47.523807525634766,11550
2022-02-21,47.71428680419922,47.71428680419922,47.42856979370117,47.42856979370117,11551
2022-02-22,47.238094329833984,47.42856979370117,47.0476188659668,47.19047546386719,12752
2022-02-23,47.42856979370117,47.523807525634766,47.42856979370117,47.523807525634766,3360
2022-02-24,47.19047546386719,47.19047546386719,47.0952377319336,47.14285659790039,9450
2022-02-25,47.238094329833984,47.238094329833984,46.80952453613281,47.19047546386719,9450
2022-03-01,47.0476188659668,47.380950927734375,46.66666412353516,47.380950927734375,20113
2022-03-02,47.47618865966797,47.523807525634766,47.33333206176758,47.523807525634766,6300
2022-03-03,47.523807525634766,47.80952453613281,47.523807525634766,47.57142639160156,18915
2022-03-04,47.61904525756836,47.71428680419922,47.61904525756836,47.71428680419922,13799
2022-03-07,47.380950927734375,47.380950927734375,46.66666412353516,46.71428680419922,28423
2022-03-08,46.66666412353516,46.761905670166016,46.523807525634766,46.523807525634766,14969
2022-03-09,46.85714340209961,46.9523811340332,46.85714340209961,46.9523811340332,4200
2022-03-10,46.380950927734375,47.19047546386719,46.380950927734375,47.0476188659668,23129
2022-03-11,47.0476188659668,47.0476188659668,46.761905670166016,46.761905670166016,11761
2022-03-14,46.761905670166016,46.85714340209961,46.66666412353516,46.761905670166016,11607
2022-03-15,46.761905670166016,46.761905670166016,46.523807525634766,46.523807525634766,25210
2022-03-16,46.523807525634766,47.47618865966797,46.33333206176758,46.61904525756836,38850
2022-03-17,47.0,47.0,46.761905670166016,46.904762268066406,12600
2022-03-18,46.904762268066406,46.904762268066406,46.66666412353516,46.71428680419922,23100
2022-03-21,46.71428680419922,46.71428680419922,46.61904525756836,46.71428680419922,15751
2022-03-22,46.761905670166016,46.761905670166016,46.761905670166016,46.761905670166016,1050
2022-03-23,46.71428680419922,46.904762268066406,46.66666412353516,46.904762268066406,22050
2022-03-24,46.66666412353516,46.66666412353516,46.57142639160156,46.66666412353516,45150
2022-03-25,46.66666412353516,46.71428680419922,46.61904525756836,46.66666412353516,9450
2022-03-28,46.66666412353516,46.66666412353516,46.66666412353516,46.66666412353516,3150
2022-03-29,47.0476188659668,47.0476188659668,46.9523811340332,46.9523811340332,10606
2022-03-30,47.0,47.28571319580078,47.0,47.0,8416
2022-03-31,47.0952377319336,47.0952377319336,46.761905670166016,46.80952453613281,7350
2022-04-01,46.85714340209961,46.85714340209961,46.85714340209961,46.85714340209961,2100
2022-04-06,47.14285659790039,47.14285659790039,46.80952453613281,46.80952453613281,9450
2022-04-07,46.904762268066406,46.904762268066406,46.47618865966797,46.66666412353516,45207
2022-04-08,46.9523811340332,46.9523811340332,46.9523811340332,46.9523811340332,1102
2022-04-11,46.904762268066406,47.0476188659668,46.66666412353516,46.66666412353516,19950
2022-04-12,46.761905670166016,46.761905670166016,46.71428680419922,46.761905670166016,14700
2022-04-13,46.85714340209961,46.904762268066406,46.61904525756836,46.904762268066406,19330
2022-04-14,46.66666412353516,46.80952453613281,46.57142639160156,46.57142639160156,15750
2022-04-15,46.47618865966797,46.523807525634766,46.28571319580078,46.523807525634766,23100
2022-04-18,46.523807525634766,46.523807525634766,46.523807525634766,46.523807525634766,1207
2022-04-19,46.42856979370117,46.761905670166016,46.42856979370117,46.761905670166016,13919
2022-04-20,46.85714340209961,46.9523811340332,46.19047546386719,46.33333206176758,46200
2022-04-21,46.66666412353516,46.66666412353516,46.0,46.380950927734375,30646
2022-04-22,46.0,46.33333206176758,45.9523811340332,46.33333206176758,13650
2022-04-25,45.9523811340332,46.0952377319336,45.71428680419922,46.0952377319336,14752
2022-04-26,46.33333206176758,46.33333206176758,46.28571319580078,46.33333206176758,11550
2022-04-27,46.0,46.238094329833984,45.761905670166016,45.761905670166016,15750
2022-04-28,46.380950927734375,46.380950927734375,45.66666412353516,46.0,10524
2022-04-29,46.19047546386719,46.19047546386719,46.0,46.0,2312
2022-05-03,46.0476188659668,46.0476188659668,46.0476188659668,46.0476188659668,1050
2022-05-04,46.0,46.0,46.0,46.0,1093
2022-05-05,46.19047546386719,46.238094329833984,46.19047546386719,46.19047546386719,7350
2022-05-06,45.71428680419922,45.761905670166016,45.71428680419922,45.761905670166016,3150
2022-05-09,45.66666412353516,45.66666412353516,44.71428680419922,44.71428680419922,28350
2022-05-10,46.238094329833984,46.238094329833984,44.9523811340332,45.71428680419922,4200
2022-05-11,45.71428680419922,45.71428680419922,45.71428680419922,45.71428680419922,0
2022-05-12,44.9523811340332,45.71428680419922,44.9523811340332,45.71428680419922,2125
2022-05-13,45.71428680419922,45.71428680419922,45.71428680419922,45.71428680419922,1260
2022-05-16,45.71428680419922,45.71428680419922,44.71428680419922,45.71428680419922,6300
2022-05-17,46.47618865966797,46.47618865966797,45.28571319580078,45.904762268066406,12600
2022-05-18,46.380950927734375,46.380950927734375,45.57142639160156,46.19047546386719,5250
2022-05-19,44.904762268066406,46.57142639160156,44.904762268066406,46.57142639160156,13919
2022-05-20,46.66666412353516,46.66666412353516,45.71428680419922,46.57142639160156,4200
2022-05-23,45.761905670166016,46.57142639160156,45.761905670166016,46.57142639160156,5355
2022-05-24,46.57142639160156,46.57142639160156,46.57142639160156,46.57142639160156,0
2022-05-25,46.85714340209961,46.85714340209961,45.61904525756836,46.66666412353516,13650
2022-05-26,46.66666412353516,46.66666412353516,46.66666412353516,46.66666412353516,0
2022-05-27,46.66666412353516,46.66666412353516,46.66666412353516,46.66666412353516,2115
2022-05-30,46.66666412353516,46.66666412353516,45.904762268066406,45.9523811340332,6463
2022-05-31,46.28571319580078,46.28571319580078,46.0952377319336,46.0952377319336,2102
2022-06-01,45.80952453613281,46.0952377319336,45.80952453613281,46.0952377319336,4259
2022-06-02,45.71428680419922,46.14285659790039,45.61904525756836,46.14285659790039,7350
2022-06-06,46.28571319580078,46.380950927734375,46.28571319580078,46.380950927734375,2100
2022-06-07,46.47618865966797,46.47618865966797,46.42856979370117,46.47618865966797,4211
2022-06-08,46.47618865966797,46.761905670166016,46.47618865966797,46.761905670166016,9460
2022-06-09,46.47618865966797,46.761905670166016,46.47618865966797,46.761905670166016,21000
2022-06-10,45.14285659790039,46.85714340209961,45.14285659790039,46.85714340209961,4207
2022-06-13,46.85714340209961,46.85714340209961,46.85714340209961,46.85714340209961,3150
2022-06-14,46.71428680419922,46.9523811340332,46.71428680419922,46.9523811340332,36751
2022-06-15,47.0,47.80952453613281,46.9523811340332,47.61904525756836,51500
2022-06-16,47.904762268066406,47.904762268066406,46.761905670166016,46.761905670166016,25234
2022-06-17,47.238094329833984,47.238094329833984,46.19047546386719,46.19047546386719,14700
2022-06-20,46.14285659790039,46.523807525634766,45.904762268066406,46.238094329833984,23110
2022-06-21,46.238094329833984,46.523807525634766,46.14285659790039,46.28571319580078,13650
2022-06-22,46.33333206176758,46.33333206176758,46.0952377319336,46.0952377319336,42000
2022-06-23,45.85714340209961,46.19047546386719,45.61904525756836,45.61904525756836,109269
2022-06-24,43.0,43.761905670166016,42.904762268066406,43.28571319580078,23100
2022-06-27,43.33333206176758,44.14285659790039,43.28571319580078,44.14285659790039,12656
2022-06-28,44.28571319580078,45.61904525756836,43.42856979370117,43.761905670166016,23100
2022-06-29,43.904762268066406,44.47618865966797,43.904762268066406,44.47618865966797,6357
2022-06-30,43.47618865966797,44.0952377319336,43.33333206176758,44.0952377319336,7376
2022-07-01,43.47618865966797,43.61904525756836,43.0476188659668,43.0476188659668,48300
2022-07-04,44.33333206176758,44.33333206176758,43.0476188659668,43.0476188659668,2100
2022-07-05,43.0476188659668,43.80952453613281,42.904762268066406,43.238094329833984,10500
2022-07-06,42.904762268066406,44.28571319580078,42.904762268066406,44.0476188659668,8446
2022-07-07,43.904762268066406,44.42856979370117,43.80952453613281,44.42856979370117,6300
2022-07-08,45.14285659790039,45.14285659790039,45.14285659790039,45.14285659790039,1060
2022-07-11,45.61904525756836,45.61904525756836,43.61904525756836,44.0952377319336,11550
2022-07-12,43.85714340209961,43.904762268066406,42.9523811340332,43.71428680419922,15750
2022-07-13,43.71428680419922,45.71428680419922,43.71428680419922,44.0476188659668,6300
2022-07-14,44.57142639160156,44.61904525756836,44.57142639160156,44.61904525756836,2100
2022-07-15,44.761905670166016,44.761905670166016,43.47618865966797,44.33333206176758,11550
2022-07-18,44.61904525756836,44.61904525756836,44.61904525756836,44.61904525756836,1050
2022-07-19,43.71428680419922,44.42856979370117,43.71428680419922,44.42856979370117,6352
2022-07-20,44.47618865966797,44.47618865966797,43.85714340209961,44.28571319580078,12602
2022-07-21,44.66666412353516,44.66666412353516,44.66666412353516,44.66666412353516,2113
2022-07-22,44.28571319580078,44.28571319580078,43.9523811340332,44.0952377319336,21175
2022-07-25,44.0952377319336,44.0952377319336,44.0952377319336,44.0952377319336,2100
2022-07-26,45.0952377319336,45.14285659790039,44.71428680419922,44.71428680419922,26260
2022-07-27,44.9523811340332,45.42856979370117,44.9523811340332,45.42856979370117,15750
2022-07-28,44.28571319580078,45.238094329833984,44.28571319580078,44.85714340209961,5250
2022-07-29,45.0476188659668,45.28571319580078,44.80952453613281,44.9523811340332,55650
2022-08-01,44.9523811340332,45.0476188659668,44.9523811340332,44.9523811340332,3360
2022-08-02,45.0476188659668,45.0476188659668,45.0476188659668,45.0476188659668,34653
2022-08-03,44.761905670166016,45.0476188659668,44.761905670166016,44.80952453613281,15750
2022-08-04,44.80952453613281,45.0,44.80952453613281,45.0,6303
2022-08-05,45.0476188659668,45.238094329833984,44.761905670166016,44.761905670166016,40950
2022-08-08,44.761905670166016,44.85714340209961,44.761905670166016,44.85714340209961,37800
2022-08-09,44.85714340209961,44.85714340209961,44.85714340209961,44.85714340209961,0
2022-08-10,45.0,45.0952377319336,44.904762268066406,44.904762268066406,60900
2022-08-11,45.0476188659668,45.0476188659668,44.9523811340332,44.9523811340332,34667
2022-08-12,45.0476188659668,45.0476188659668,44.57142639160156,44.57142639160156,21000
2022-08-15,44.57142639160156,44.57142639160156,44.42856979370117,44.42856979370117,46200
2022-08-16,44.33333206176758,44.33333206176758,43.9523811340332,43.9523811340332,28350
2022-08-17,43.9523811340332,43.9523811340332,43.9523811340332,43.9523811340332,6302
2022-08-18,43.9523811340332,44.33333206176758,43.9523811340332,44.14285659790039,9450
2022-08-19,44.14285659790039,44.14285659790039,43.9523811340332,43.9523811340332,2100
2022-08-22,44.0952377319336,44.0952377319336,43.9523811340332,43.9523811340332,3150
2022-08-23,44.0,44.0,44.0,44.0,24161
2022-08-24,44.238094329833984,44.238094329833984,44.238094329833984,44.238094329833984,22050
2022-08-25,44.0476188659668,44.47618865966797,44.0476188659668,44.47618865966797,89277
2022-08-26,44.47618865966797,44.47618865966797,44.47618865966797,44.47618865966797,4231
2022-08-29,43.85714340209961,44.66666412353516,43.85714340209961,44.28571319580078,57750
2022-08-30,44.28571319580078,44.28571319580078,44.28571319580078,44.28571319580078,0
2022-08-31,44.28571319580078,44.28571319580078,44.0476188659668,44.0476188659668,35700
2022-09-01,44.0,44.0,43.761905670166016,43.761905670166016,8417
2022-09-02,43.61904525756836,43.9523811340332,43.57142639160156,43.9523811340332,9727
2022-09-05,43.9523811340332,43.9523811340332,43.9523811340332,43.9523811340332,23100
2022-09-06,43.9523811340332,43.9523811340332,43.57142639160156,43.57142639160156,34650
2022-09-07,44.66666412353516,44.66666412353516,43.0952377319336,43.80952453613281,14700
2022-09-08,43.761905670166016,44.0,43.761905670166016,44.0,12600
2022-09-12,44.0,44.19047546386719,44.0,44.19047546386719,42000
2022-09-13,44.85714340209961,45.0952377319336,44.66666412353516,45.0476188659668,72523
2022-09-14,44.523807525634766,45.0,44.523807525634766,45.0,44100
2022-09-15,44.761905670166016,45.14285659790039,44.523807525634766,45.14285659790039,23136
2022-09-16,44.238094329833984,44.523807525634766,44.238094329833984,44.47618865966797,6300
2022-09-19,45.0,45.0,44.380950927734375,44.61904525756836,10654
2022-09-20,45.0,45.0,45.0,45.0,1050
2022-09-21,44.9523811340332,44.9523811340332,44.42856979370117,44.904762268066406,10500
2022-09-22,43.904762268066406,44.9523811340332,43.904762268066406,44.80952453613281,3150
2022-09-23,44.80952453613281,44.80952453613281,44.80952453613281,44.80952453613281,27300
2022-09-26,45.19047546386719,45.19047546386719,43.85714340209961,44.33333206176758,13650
2022-09-27,44.33333206176758,44.61904525756836,44.19047546386719,44.61904525756836,6300
2022-09-28,44.66666412353516,44.761905670166016,44.14285659790039,44.14285659790039,5250
2022-09-29,43.66666412353516,45.0,43.66666412353516,45.0,2143
2022-09-30,44.761905670166016,44.761905670166016,44.42856979370117,44.42856979370117,33600
2022-10-03,44.71428680419922,44.904762268066406,44.42856979370117,44.71428680419922,42000
2022-10-04,44.66666412353516,44.66666412353516,44.66666412353516,44.66666412353516,35700
2022-10-05,44.28571319580078,45.0,44.28571319580078,44.61904525756836,39915
2022-10-06,44.9523811340332,44.9523811340332,44.19047546386719,44.19047546386719,47577
2022-10-07,44.19047546386719,44.19047546386719,43.904762268066406,43.904762268066406,12600
2022-10-11,43.66666412353516,43.80952453613281,43.61904525756836,43.80952453613281,9450
2022-10-12,44.380950927734375,44.380950927734375,43.523807525634766,43.61904525756836,29400
2022-10-13,44.238094329833984,44.238094329833984,44.238094329833984,44.238094329833984,1204
2022-10-14,44.0476188659668,44.0476188659668,43.380950927734375,43.66666412353516,16800
2022-10-17,44.0,44.0,43.238094329833984,43.33333206176758,16800
2022-10-18,43.28571319580078,43.80952453613281,43.28571319580078,43.42856979370117,9555
2022-10-19,43.42856979370117,43.9523811340332,43.33333206176758,43.33333206176758,10552
2022-10-20,43.0476188659668,43.761905670166016,42.9523811340332,43.33333206176758,8412
2022-10-21,43.14285659790039,43.523807525634766,43.14285659790039,43.14285659790039,15750
2022-10-24,43.238094329833984,43.238094329833984,43.0,43.0952377319336,7122
2022-10-25,43.0952377319336,43.47618865966797,42.80952453613281,42.80952453613281,18900
2022-10-26,44.0952377319336,44.0952377319336,42.761905670166016,43.28571319580078,7665
2022-10-27,43.28571319580078,43.28571319580078,43.28571319580078,43.28571319580078,3151
2022-10-28,42.904762268066406,43.238094329833984,42.904762268066406,43.19047546386719,8400
2022-10-31,43.761905670166016,43.761905670166016,43.0476188659668,43.238094329833984,6415
2022-11-01,43.28571319580078,43.33333206176758,42.9523811340332,43.33333206176758,4200
2022-11-02,43.66666412353516,43.66666412353516,43.0,43.380950927734375,4252
2022-11-03,43.238094329833984,43.238094329833984,43.238094329833984,43.238094329833984,1076
2022-11-04,43.47618865966797,43.47618865966797,42.66666412353516,42.66666412353516,39900
2022-11-07,43.238094329833984,43.238094329833984,42.238094329833984,42.380950927734375,47250
2022-11-08,43.523807525634766,43.523807525634766,42.761905670166016,43.0,25200
2022-11-09,43.0476188659668,43.0476188659668,43.0,43.0,9450
2022-11-10,43.761905670166016,44.0,42.9523811340332,43.47618865966797,109620
2022-11-11,43.80952453613281,43.80952453613281,43.47618865966797,43.523807525634766,24150
2022-11-14,43.66666412353516,43.761905670166016,43.57142639160156,43.57142639160156,12706
2022-11-15,43.33333206176758,43.61904525756836,43.14285659790039,43.57142639160156,19988
2022-11-16,43.57142639160156,43.61904525756836,43.380950927734375,43.380950927734375,5250
2022-11-17,43.33333206176758,43.80952453613281,43.33333206176758,43.80952453613281,59291
2022-11-18,43.61904525756836,43.761905670166016,43.61904525756836,43.761905670166016,26271
2022-11-21,43.9523811340332,43.9523811340332,43.42856979370117,43.57142639160156,51450
2022-11-22,43.61904525756836,43.61904525756836,43.57142639160156,43.61904525756836,15760
2022-11-23,43.80952453613281,44.0476188659668,43.761905670166016,44.0476188659668,11550
2022-11-24,44.0476188659668,44.14285659790039,44.0476188659668,44.14285659790039,7350
2022-11-25,44.19047546386719,44.238094329833984,44.19047546386719,44.238094329833984,8402
2022-11-28,44.66666412353516,44.66666412353516,44.47618865966797,44.57142639160156,5309
2022-11-29,44.66666412353516,44.85714340209961,44.61904525756836,44.80952453613281,22050
2022-11-30,44.85714340209961,44.85714340209961,44.761905670166016,44.761905670166016,7350
2022-12-01,45.14285659790039,45.14285659790039,44.66666412353516,44.761905670166016,29400
2022-12-02,44.761905670166016,44.9523811340332,44.761905670166016,44.85714340209961,11713
2022-12-05,45.0476188659668,45.238094329833984,44.85714340209961,44.9523811340332,22076
2022-12-06,44.9523811340332,45.0476188659668,44.85714340209961,44.904762268066406,53550
2022-12-07,44.85714340209961,44.904762268066406,44.761905670166016,44.80952453613281,14700
2022-12-08,44.80952453613281,44.80952453613281,44.80952453613281,44.80952453613281,2100
2022-12-09,44.9523811340332,45.19047546386719,44.9523811340332,45.19047546386719,5274
2022-12-12,45.19047546386719,45.19047546386719,44.904762268066406,44.9523811340332,9450
2022-12-13,44.761905670166016,45.0476188659668,44.761905670166016,45.0476188659668,4331
2022-12-14,45.14285659790039,45.380950927734375,45.0,45.238094329833984,17850
2022-12-15,45.0476188659668,45.523807525634766,44.71428680419922,45.0952377319336,32550
2022-12-16,45.0952377319336,45.0952377319336,44.9523811340332,44.9523811340332,7350
2022-12-19,44.904762268066406,45.0476188659668,44.904762268066406,45.0476188659668,29933
2022-12-20,44.761905670166016,45.61904525756836,44.761905670166016,44.9523811340332,91360
2022-12-21,45.14285659790039,45.14285659790039,44.57142639160156,44.761905670166016,54600
2022-12-22,44.9523811340332,45.238094329833984,44.80952453613281,45.238094329833984,49385
2022-12-23,45.238094329833984,45.238094329833984,44.85714340209961,45.19047546386719,13650
2022-12-26,45.19047546386719,45.19047546386719,45.14285659790039,45.14285659790039,6300
2022-12-27,45.19047546386719,45.19047546386719,45.19047546386719,45.19047546386719,2110
2022-12-28,45.19047546386719,45.19047546386719,45.0,45.19047546386719,15166
2022-12-29,45.19047546386719,45.19047546386719,45.19047546386719,45.19047546386719,1050
2022-12-30,45.28571319580078,45.28571319580078,45.28571319580078,45.28571319580078,2268
2023-01-03,45.33333206176758,45.33333206176758,45.28571319580078,45.28571319580078,7350
2023-01-04,45.0,45.28571319580078,44.904762268066406,45.28571319580078,5418
2023-01-05,45.0476188659668,45.28571319580078,45.0476188659668,45.0476188659668,3155
2023-01-06,45.0476188659668,45.19047546386719,44.9523811340332,45.19047546386719,7350
2023-01-09,45.19047546386719,45.28571319580078,45.19047546386719,45.28571319580078,8400
2023-01-10,45.380950927734375,45.380950927734375,44.9523811340332,45.28571319580078,17861
2023-01-11,45.33333206176758,45.33333206176758,45.33333206176758,45.33333206176758,2159
2023-01-12,45.380950927734375,45.380950927734375,45.0,45.14285659790039,9467
2023-01-13,45.380950927734375,45.61904525756836,45.380950927734375,45.57142639160156,6300
2023-01-16,45.238094329833984,46.0,45.238094329833984,45.523807525634766,12601
2023-01-17,45.47618865966797,45.71428680419922,45.42856979370117,45.71428680419922,4200
2023-01-30,45.523807525634766,46.0476188659668,45.523807525634766,45.80952453613281,11571
2023-01-31,45.80952453613281,45.9523811340332,45.71428680419922,45.9523811340332,5251
2023-02-01,46.0952377319336,46.61904525756836,46.0952377319336,46.42856979370117,30556
2023-02-02,46.66666412353516,51.0476188659668,46.66666412353516,49.0476188659668,300300
2023-02-03,50.0,51.904762268066406,49.71428680419922,49.71428680419922,307451
2023-02-06,50.380950927734375,50.47618865966797,49.0476188659668,50.380950927734375,73714
2023-02-07,50.0952377319336,51.33333206176758,49.61904525756836,49.80952453613281,87373
2023-02-08,49.61904525756836,50.47618865966797,49.33333206176758,49.523807525634766,70455
2023-02-09,49.33333206176758,49.33333206176758,48.380950927734375,48.85714340209961,37801
2023-02-10,49.0476188659668,50.28571319580078,48.57142639160156,49.238094329833984,24150
2023-02-13,48.19047546386719,48.57142639160156,47.61904525756836,47.80952453613281,96602
2023-02-14,47.380950927734375,48.0,47.0,47.42856979370117,62113
2023-02-15,47.42856979370117,48.0952377319336,47.238094329833984,48.0952377319336,29400
2023-02-16,48.761905670166016,49.0476188659668,47.71428680419922,48.0952377319336,53865
2023-02-17,48.0,48.28571319580078,47.80952453613281,48.19047546386719,17850
2023-02-20,48.19047546386719,48.57142639160156,48.0,48.47618865966797,37800
2023-02-21,48.47618865966797,48.66666412353516,48.28571319580078,48.28571319580078,21015
2023-02-22,47.904762268066406,48.19047546386719,47.61904525756836,48.0952377319336,39900
2023-02-23,48.0952377319336,49.14285659790039,48.0952377319336,49.14285659790039,56884
2023-02-24,49.71428680419922,49.904762268066406,48.57142639160156,49.14285659790039,27300
2023-03-01,48.380950927734375,48.57142639160156,48.19047546386719,48.57142639160156,10591
2023-03-02,48.28571319580078,49.33333206176758,48.28571319580078,49.33333206176758,10605
2023-03-03,48.57142639160156,48.9523811340332,48.28571319580078,48.57142639160156,45255
2023-03-06,48.761905670166016,49.523807525634766,48.761905670166016,49.42856979370117,50400
2023-03-07,49.42856979370117,49.904762268066406,49.14285659790039,49.42856979370117,61073
2023-03-08,49.33333206176758,50.9523811340332,49.33333206176758,50.380950927734375,89356
2023-03-09,50.47618865966797,51.238094329833984,50.380950927734375,50.380950927734375,40950
2023-03-10,50.380950927734375,50.380950927734375,49.523807525634766,50.0952377319336,23110
2023-03-13,48.761905670166016,49.238094329833984,48.19047546386719,49.0476188659668,47250
2023-03-14,48.85714340209961,49.14285659790039,48.47618865966797,49.14285659790039,19950
2023-03-15,49.33333206176758,49.33333206176758,48.66666412353516,49.0476188659668,37852
2023-03-16,49.33333206176758,49.33333206176758,48.57142639160156,48.761905670166016,29521
2023-03-17,48.85714340209961,48.9523811340332,48.66666412353516,48.761905670166016,31554
2023-03-20,49.0476188659668,49.0476188659668,48.47618865966797,48.57142639160156,28369
2023-03-21,48.85714340209961,48.85714340209961,48.57142639160156,48.761905670166016,29502
2023-03-22,49.33333206176758,49.33333206176758,48.761905670166016,48.761905670166016,21252
2023-03-23,49.14285659790039,50.0,48.9523811340332,49.14285659790039,38850
2023-03-24,49.904762268066406,49.904762268066406,49.14285659790039,49.33333206176758,18900
2023-03-27,49.904762268066406,50.0,49.238094329833984,49.523807525634766,124187
2023-03-28,49.80952453613281,49.80952453613281,49.33333206176758,49.61904525756836,15750
2023-03-29,50.0,50.66666412353516,49.42856979370117,50.0,81900
2023-03-30,50.28571319580078,50.47618865966797,50.0,50.380950927734375,77942
2023-03-31,50.57142639160156,50.57142639160156,50.0952377319336,50.47618865966797,89250
2023-04-06,50.85714340209961,51.42856979370117,50.57142639160156,51.0476188659668,107131
2023-04-07,51.0476188659668,52.0,50.9523811340332,50.9523811340332,123124
2023-04-10,51.14285659790039,51.14285659790039,50.66666412353516,50.66666412353516,74628
2023-04-11,50.66666412353516,50.66666412353516,50.0952377319336,50.380950927734375,123191
2023-04-12,50.85714340209961,50.9523811340332,50.380950927734375,50.9523811340332,54726
2023-04-13,50.9523811340332,51.523807525634766,50.85714340209961,51.42856979370117,246051
2023-04-14,48.380950927734375,48.85714340209961,48.28571319580078,48.66666412353516,122023
2023-04-17,48.66666412353516,49.42856979370117,48.66666412353516,48.9523811340332,100006
2023-04-18,48.9523811340332,48.9523811340332,48.761905670166016,48.85714340209961,47337
2023-04-19,49.14285659790039,49.14285659790039,48.380950927734375,48.761905670166016,43050
2023-04-20,48.9523811340332,49.523807525634766,48.761905670166016,49.0476188659668,48300
2023-04-21,49.42856979370117,49.42856979370117,48.19047546386719,48.47618865966797,128105
2023-04-24,48.47618865966797,48.47618865966797,47.47618865966797,47.71428680419922,75600
2023-04-25,47.523807525634766,47.71428680419922,47.238094329833984,47.61904525756836,7350
2023-04-26,48.19047546386719,48.19047546386719,47.61904525756836,47.904762268066406,12602
2023-04-27,47.61904525756836,48.0952377319336,47.61904525756836,48.0952377319336,4200
2023-04-28,48.19047546386719,48.19047546386719,47.71428680419922,47.71428680419922,14189
2023-05-02,47.57142639160156,47.71428680419922,47.14285659790039,47.523807525634766,50925
2023-05-03,47.238094329833984,47.71428680419922,47.238094329833984,47.61904525756836,11550
2023-05-04,47.61904525756836,47.71428680419922,47.57142639160156,47.71428680419922,8536
2023-05-05,47.61904525756836,47.61904525756836,46.66666412353516,47.47618865966797,27339
2023-05-08,47.61904525756836,47.80952453613281,47.57142639160156,47.61904525756836,20465
2023-05-09,47.523807525634766,47.80952453613281,47.47618865966797,47.80952453613281,13671
2023-05-10,47.61904525756836,47.61904525756836,47.19047546386719,47.523807525634766,31518
2023-05-11,47.71428680419922,47.71428680419922,47.47618865966797,47.71428680419922,29484
2023-05-12,47.71428680419922,48.66666412353516,47.71428680419922,48.66666412353516,20055
2023-05-15,49.14285659790039,51.42856979370117,48.47618865966797,48.66666412353516,280350
2023-05-16,49.33333206176758,49.33333206176758,48.66666412353516,48.85714340209961,21003
2023-05-17,48.66666412353516,48.9523811340332,48.380950927734375,48.57142639160156,43065
2023-05-18,49.523807525634766,49.523807525634766,49.0476188659668,49.14285659790039,21000
2023-05-19,49.33333206176758,49.33333206176758,49.14285659790039,49.238094329833984,15960
2023-05-22,49.523807525634766,50.380950927734375,49.42856979370117,50.380950927734375,51482
2023-05-23,50.66666412353516,51.0476188659668,50.47618865966797,50.85714340209961,86074
2023-05-24,50.57142639160156,51.0476188659668,50.380950927734375,50.9523811340332,45150
2023-05-25,50.28571319580078,50.47618865966797,50.0952377319336,50.28571319580078,19953
2023-05-26,50.19047546386719,50.9523811340332,50.0952377319336,50.761905670166016,19960
2023-05-29,51.14285659790039,51.523807525634766,50.761905670166016,50.85714340209961,70350
2023-05-30,51.0476188659668,51.0476188659668,50.28571319580078,50.47618865966797,13650
2023-05-31,50.47618865966797,50.57142639160156,50.0952377319336,50.28571319580078,15750
2023-06-01,50.28571319580078,50.380950927734375,49.71428680419922,50.380950927734375,14701
2023-06-02,51.14285659790039,51.14285659790039,50.380950927734375,50.380950927734375,8400
2023-06-05,50.28571319580078,50.761905670166016,50.0952377319336,50.57142639160156,16800
2023-06-06,50.28571319580078,50.66666412353516,50.0,50.57142639160156,12600
2023-06-07,51.0476188659668,51.0476188659668,50.0952377319336,50.380950927734375,10500
2023-06-08,50.380950927734375,50.380950927734375,50.0952377319336,50.0952377319336,11608
2023-06-09,50.0952377319336,50.28571319580078,50.0,50.28571319580078,30662
2023-06-12,50.47618865966797,50.761905670166016,50.19047546386719,50.19047546386719,16800
2023-06-13,50.47618865966797,50.47618865966797,49.904762268066406,50.0,12600
2023-06-14,49.71428680419922,49.71428680419922,49.71428680419922,49.71428680419922,2382
2023-06-15,49.71428680419922,50.47618865966797,49.71428680419922,50.47618865966797,27300
2023-06-16,50.57142639160156,50.57142639160156,50.380950927734375,50.380950927734375,21000
2023-06-19,50.761905670166016,50.761905670166016,50.0,50.47618865966797,23410
2023-06-20,50.66666412353516,50.66666412353516,50.28571319580078,50.47618865966797,20002
2023-06-21,50.47618865966797,50.57142639160156,50.28571319580078,50.57142639160156,17229
2023-06-26,50.28571319580078,50.380950927734375,50.19047546386719,50.19047546386719,8400
2023-06-27,50.28571319580078,50.66666412353516,50.28571319580078,50.28571319580078,28350
2023-06-28,50.380950927734375,50.57142639160156,50.380950927734375,50.47618865966797,17850
2023-06-29,50.66666412353516,50.66666412353516,50.380950927734375,50.47618865966797,13667
2023-06-30,50.380950927734375,50.47618865966797,50.380950927734375,50.47618865966797,4200
2023-07-03,50.57142639160156,50.66666412353516,50.47618865966797,50.66666412353516,32557
2023-07-04,49.523807525634766,50.761905670166016,49.523807525634766,50.47618865966797,68250
2023-07-05,51.42856979370117,51.42856979370117,50.47618865966797,50.47618865966797,39060
2023-07-06,50.47618865966797,50.85714340209961,50.47618865966797,50.66666412353516,6300
2023-07-07,50.47618865966797,50.47618865966797,50.47618865966797,50.47618865966797,1050
2023-07-10,50.47618865966797,50.47618865966797,50.28571319580078,50.380950927734375,13650
2023-07-11,50.19047546386719,50.380950927734375,50.19047546386719,50.28571319580078,7350
2023-07-12,50.19047546386719,50.19047546386719,49.71428680419922,49.71428680419922,27300
2023-07-13,49.61904525756836,50.0,49.61904525756836,49.71428680419922,44100
2023-07-14,49.523807525634766,50.28571319580078,49.523807525634766,49.904762268066406,34650
2023-07-17,49.80952453613281,49.80952453613281,49.523807525634766,49.61904525756836,25200
2023-07-18,49.61904525756836,49.61904525756836,49.238094329833984,49.238094329833984,32571
2023-07-19,49.238094329833984,49.238094329833984,48.9523811340332,49.14285659790039,35180
2023-07-20,49.238094329833984,49.523807525634766,49.238094329833984,49.523807525634766,12600
2023-07-21,49.523807525634766,49.523807525634766,49.33333206176758,49.523807525634766,18900
2023-07-24,49.71428680419922,49.71428680419922,49.14285659790039,49.14285659790039,8402
2023-07-25,49.14285659790039,49.14285659790039,49.14285659790039,49.14285659790039,5267
2023-07-26,49.0476188659668,49.523807525634766,49.0476188659668,49.523807525634766,7365
2023-07-27,49.80952453613281,50.19047546386719,49.80952453613281,49.904762268066406,22664
2023-07-28,49.80952453613281,49.904762268066406,49.71428680419922,49.71428680419922,10500
2023-07-31,49.42856979370117,49.904762268066406,48.66666412353516,49.904762268066406,54927
2023-08-01,49.904762268066406,49.904762268066406,49.71428680419922,49.71428680419922,3202
2023-08-02,49.61904525756836,49.61904525756836,49.523807525634766,49.61904525756836,11239
2023-08-04,49.61904525756836,49.61904525756836,49.61904525756836,49.61904525756836,2110
2023-08-07,49.42856979370117,49.42856979370117,49.238094329833984,49.42856979370117,53551
2023-08-08,49.33333206176758,49.33333206176758,49.238094329833984,49.33333206176758,58800
2023-08-09,49.523807525634766,49.904762268066406,49.523807525634766,49.523807525634766,9450
2023-08-10,49.523807525634766,51.14285659790039,49.523807525634766,50.19047546386719,134409
2023-08-11,50.9523811340332,50.9523811340332,50.19047546386719,50.47618865966797,30460
2023-08-14,50.47618865966797,50.47618865966797,50.380950927734375,50.380950927734375,111300
2023-08-15,50.380950927734375,50.380950927734375,49.61904525756836,49.61904525756836,38855
2023-08-16,49.71428680419922,49.904762268066406,49.71428680419922,49.904762268066406,12600
2023-08-17,50.0,50.0,49.238094329833984,49.238094329833984,94712
2023-08-18,49.238094329833984,49.238094329833984,49.0476188659668,49.14285659790039,56705
2023-08-21,49.0476188659668,49.0476188659668,48.47618865966797,48.47618865966797,88200
2023-08-22,48.47618865966797,48.57142639160156,48.19047546386719,48.57142639160156,12705
2023-08-23,48.66666412353516,48.66666412353516,48.66666412353516,48.66666412353516,32550
2023-08-24,48.9523811340332,49.14285659790039,48.85714340209961,49.0476188659668,35810
2023-08-25,48.380950927734375,49.42856979370117,48.380950927734375,49.42856979370117,5355
2023-08-28,49.0476188659668,49.42856979370117,49.0476188659668,49.42856979370117,12600
2023-08-29,48.85714340209961,49.523807525634766,48.85714340209961,49.33333206176758,19950
2023-08-30,49.61904525756836,49.80952453613281,49.33333206176758,49.33333206176758,34650
2023-08-31,49.14285659790039,49.61904525756836,49.14285659790039,49.61904525756836,37800
2023-09-01,49.71428680419922,49.80952453613281,49.71428680419922,49.80952453613281,14700
2023-09-04,49.80952453613281,49.904762268066406,49.523807525634766,49.523807525634766,28413
2023-09-05,49.33333206176758,50.28571319580078,49.33333206176758,49.61904525756836,42000
2023-09-06,49.904762268066406,49.904762268066406,49.61904525756836,49.904762268066406,9450
2023-09-07,49.61904525756836,49.904762268066406,49.523807525634766,49.904762268066406,10500
2023-09-08,52.66666412353516,52.85714340209961,50.761905670166016,50.761905670166016,132300
2023-09-11,50.761905670166016,51.42856979370117,50.28571319580078,50.47618865966797,45276
2023-09-12,50.47618865966797,51.14285659790039,50.47618865966797,51.14285659790039,54600
2023-09-13,51.523807525634766,53.61904525756836,51.523807525634766,52.380950927734375,128407
2023-09-14,53.33333206176758,56.19047546386719,52.85714340209961,53.61904525756836,203806
2023-09-15,54.19047546386719,54.47618865966797,52.9523811340332,53.14285659790039,53556
2023-09-18,53.904762268066406,53.904762268066406,51.71428680419922,52.66666412353516,28350
2023-09-19,52.0952377319336,52.57142639160156,52.0952377319336,52.47618865966797,19020
2023-09-20,52.19047546386719,52.380950927734375,51.80952453613281,51.904762268066406,22071
2023-09-21,51.80952453613281,51.80952453613281,51.0476188659668,51.42856979370117,11665
2023-09-22,50.9523811340332,51.904762268066406,49.71428680419922,51.0476188659668,120834
2023-09-25,51.0476188659668,51.523807525634766,51.0476188659668,51.33333206176758,22109
2023-09-26,50.9523811340332,51.238094329833984,50.85714340209961,51.238094329833984,7350
2023-09-27,51.42856979370117,51.523807525634766,51.33333206176758,51.42856979370117,16800
2023-09-28,51.523807525634766,51.523807525634766,51.33333206176758,51.523807525634766,5250
2023-10-02,51.523807525634766,51.71428680419922,50.9523811340332,51.33333206176758,37976
2023-10-03,51.42856979370117,51.61904525756836,51.42856979370117,51.61904525756836,11580
2023-10-04,51.42856979370117,51.42856979370117,51.0476188659668,51.0476188659668,24234
2023-10-05,51.42856979370117,51.523807525634766,51.42856979370117,51.42856979370117,8400
2023-10-06,51.42856979370117,51.42856979370117,50.85714340209961,50.9523811340332,15750
2023-10-11,51.0476188659668,52.0952377319336,50.47618865966797,50.9523811340332,59010
2023-10-12,51.61904525756836,52.9523811340332,51.42856979370117,52.85714340209961,64386
2023-10-13,52.761905670166016,52.761905670166016,51.523807525634766,51.61904525756836,47260
2023-10-16,51.61904525756836,51.61904525756836,50.9523811340332,51.42856979370117,22050
2023-10-17,51.71428680419922,52.28571319580078,51.33333206176758,51.33333206176758,18900
2023-10-18,51.61904525756836,51.61904525756836,51.14285659790039,51.238094329833984,8400
2023-10-19,51.238094329833984,51.238094329833984,50.761905670166016,50.9523811340332,14700
2023-10-20,50.761905670166016,52.380950927734375,50.761905670166016,51.14285659790039,22170
2023-10-23,51.238094329833984,51.238094329833984,50.9523811340332,50.9523811340332,9454
2023-10-24,50.9523811340332,51.0476188659668,50.761905670166016,51.0476188659668,5302
2023-10-25,51.0476188659668,51.523807525634766,51.0476188659668,51.523807525634766,17048
2023-10-26,51.523807525634766,52.19047546386719,51.238094329833984,52.0952377319336,30502
2023-10-27,51.904762268066406,53.0476188659668,51.904762268066406,52.19047546386719,44100
2023-10-30,52.19047546386719,52.85714340209961,51.904762268066406,52.47618865966797,20009
2023-10-31,52.761905670166016,53.14285659790039,52.19047546386719,52.19047546386719,23455
2023-11-01,52.19047546386719,52.19047546386719,52.19047546386719,52.19047546386719,12600
2023-11-02,52.28571319580078,52.380950927734375,52.19047546386719,52.19047546386719,5250
2023-11-03,51.904762268066406,52.380950927734375,51.904762268066406,52.380950927734375,24150
2023-11-06,52.19047546386719,52.66666412353516,52.19047546386719,52.19047546386719,29930
2023-11-07,51.904762268066406,52.85714340209961,51.904762268066406,52.380950927734375,11550
2023-11-08,52.47618865966797,53.523807525634766,52.47618865966797,53.33333206176758,87150
2023-11-09,53.33333206176758,53.71428680419922,53.33333206176758,53.42856979370117,23100
2023-11-10,53.80952453613281,55.238094329833984,53.61904525756836,53.71428680419922,127053
2023-11-13,53.71428680419922,54.0952377319336,53.238094329833984,54.0952377319336,56700
2023-11-14,54.380950927734375,57.33333206176758,54.19047546386719,54.19047546386719,263550
2023-11-15,54.19047546386719,56.19047546386719,54.0952377319336,55.71428680419922,244723
2023-11-16,56.19047546386719,56.28571319580078,54.85714340209961,54.9523811340332,81999
2023-11-17,54.9523811340332,54.9523811340332,53.61904525756836,54.28571319580078,102908
2023-11-20,54.380950927734375,54.380950927734375,53.42856979370117,53.904762268066406,65115
2023-11-21,53.61904525756836,54.0,53.42856979370117,54.0,39181
2023-11-22,53.523807525634766,53.904762268066406,53.523807525634766,53.904762268066406,11607
2023-11-23,54.0,54.66666412353516,54.0,54.47618865966797,46221
2023-11-24,54.47618865966797,54.66666412353516,54.0,54.0,12600
2023-11-27,54.0,54.28571319580078,53.33333206176758,53.33333206176758,63798
2023-11-28,53.80952453613281,54.0952377319336,53.42856979370117,54.0,33705
2023-11-29,54.0,54.57142639160156,54.0,54.28571319580078,40971
2023-11-30,54.47618865966797,54.47618865966797,54.19047546386719,54.47618865966797,20028
2023-12-01,56.0952377319336,56.0952377319336,54.57142639160156,54.85714340209961,98700
2023-12-04,55.14285659790039,57.238094329833984,55.14285659790039,56.47618865966797,213279
2023-12-05,56.57142639160156,60.9523811340332,56.57142639160156,59.904762268066406,488990
2023-12-06,60.57142639160156,60.9523811340332,59.42856979370117,60.28571319580078,213570
2023-12-07,60.28571319580078,61.238094329833984,60.0952377319336,60.57142639160156,133062
2023-12-08,60.57142639160156,60.66666412353516,58.85714340209961,59.33333206176758,103197
2023-12-11,59.523807525634766,61.14285659790039,59.523807525634766,59.61904525756836,147163
2023-12-12,59.33333206176758,60.28571319580078,59.33333206176758,59.80952453613281,83160
2023-12-13,60.0,60.380950927734375,59.80952453613281,60.19047546386719,65100
2023-12-14,60.28571319580078,60.28571319580078,58.9523811340332,59.14285659790039,105222
2023-12-15,59.238094329833984,59.904762268066406,58.761905670166016,58.761905670166016,76764
2023-12-18,58.66666412353516,58.66666412353516,58.19047546386719,58.47618865966797,26307
2023-12-19,58.380950927734375,58.380950927734375,57.71428680419922,57.904762268066406,49350
2023-12-20,57.523807525634766,58.761905670166016,57.523807525634766,58.66666412353516,47361
2023-12-21,58.0952377319336,58.761905670166016,58.0952377319336,58.57142639160156,10844
2023-12-22,58.57142639160156,58.57142639160156,58.0,58.0952377319336,13650
2023-12-25,58.380950927734375,58.66666412353516,58.28571319580078,58.57142639160156,44102
2023-12-26,58.66666412353516,59.0476188659668,58.66666412353516,58.66666412353516,16813
2023-12-27,58.761905670166016,59.80952453613281,58.57142639160156,59.42856979370117,43064
2023-12-28,60.57142639160156,60.57142639160156,59.33333206176758,59.61904525756836,33600
2023-12-29,59.523807525634766,59.80952453613281,59.238094329833984,59.61904525756836,19950
2024-01-02,59.61904525756836,60.19047546386719,59.238094329833984,59.238094329833984,35175
2024-01-03,58.85714340209961,58.85714340209961,58.19047546386719,58.28571319580078,38955
2024-01-04,58.28571319580078,58.28571319580078,58.0,58.0952377319336,35773
2024-01-05,58.0952377319336,58.0952377319336,57.80952453613281,57.904762268066406,22231
2024-01-08,58.28571319580078,58.57142639160156,57.61904525756836,57.61904525756836,59956
2024-01-09,57.33333206176758,57.71428680419922,57.33333206176758,57.42856979370117,38907
2024-01-10,57.42856979370117,57.904762268066406,57.42856979370117,57.523807525634766,19951
2024-01-11,57.523807525634766,57.904762268066406,57.523807525634766,57.80952453613281,40950
2024-01-12,57.71428680419922,57.71428680419922,57.523807525634766,57.61904525756836,15923
2024-01-15,57.71428680419922,57.71428680419922,57.238094329833984,57.523807525634766,33751
2024-01-16,57.80952453613281,57.904762268066406,57.238094329833984,57.238094329833984,30521
2024-01-17,57.238094329833984,57.238094329833984,56.0,56.0,67200
2024-01-18,56.19047546386719,57.14285659790039,56.19047546386719,56.66666412353516,27305
2024-01-19,56.761905670166016,56.9523811340332,56.47618865966797,56.57142639160156,24304
2024-01-22,56.57142639160156,56.66666412353516,55.71428680419922,56.28571319580078,90520
2024-01-23,56.47618865966797,56.761905670166016,56.28571319580078,56.47618865966797,38850
2024-01-24,56.47618865966797,57.14285659790039,56.47618865966797,57.0476188659668,32550
2024-01-25,58.0,58.0,57.0476188659668,57.42856979370117,11773
2024-01-26,57.14285659790039,57.238094329833984,57.14285659790039,57.14285659790039,11550
2024-01-29,56.57142639160156,56.57142639160156,56.0952377319336,56.47618865966797,62021
2024-01-30,56.380950927734375,56.380950927734375,56.0,56.0,18900
2024-01-31,56.0,56.19047546386719,56.0,56.0,18198
2024-02-01,57.0476188659668,57.42856979370117,56.85714340209961,57.238094329833984,16957
2024-02-02,58.0,58.0,57.14285659790039,57.33333206176758,37868
2024-02-05,56.85714340209961,57.238094329833984,56.66666412353516,57.238094329833984,7350
2024-02-15,57.238094329833984,57.80952453613281,56.9523811340332,57.33333206176758,33600
2024-02-16,57.238094329833984,57.71428680419922,57.238094329833984,57.42856979370117,28350
2024-02-19,57.523807525634766,58.28571319580078,57.523807525634766,58.28571319580078,25612
2024-02-20,58.0952377319336,58.85714340209961,58.0952377319336,58.380950927734375,36899
2024-02-21,58.9523811340332,59.71428680419922,58.57142639160156,59.14285659790039,61143
2024-02-22,58.9523811340332,58.9523811340332,58.47618865966797,58.47618865966797,22050
2024-02-23,58.47618865966797,59.0476188659668,58.47618865966797,58.9523811340332,35702
2024-02-26,59.523807525634766,59.523807525634766,58.761905670166016,58.85714340209961,32479
2024-02-27,58.85714340209961,58.85714340209961,58.19047546386719,58.380950927734375,19950
2024-02-29,58.28571319580078,58.9523811340332,58.28571319580078,58.85714340209961,15764
2024-03-01,58.85714340209961,59.0476188659668,58.66666412353516,58.85714340209961,18062
2024-03-04,58.9523811340332,58.9523811340332,58.66666412353516,58.66666412353516,8520
2024-03-05,58.761905670166016,58.9523811340332,58.761905670166016,58.761905670166016,19988
2024-03-06,58.761905670166016,59.0476188659668,58.761905670166016,58.85714340209961,29416
2024-03-07,58.85714340209961,58.85714340209961,58.0952377319336,58.57142639160156,93513
2024-03-08,58.19047546386719,58.57142639160156,57.61904525756836,57.61904525756836,88224
2024-03-11,63.33333206176758,63.33333206176758,62.0,63.33333206176758,217967
2024-03-12,67.61904907226562,67.61904907226562,64.38095092773438,66.0,579078
2024-03-13,65.23809814453125,65.71428680419922,63.904762268066406,63.904762268066406,242143
2024-03-14,64.57142639160156,66.0952377319336,64.47618865966797,65.14286041259766,244191
2024-03-15,65.33333587646484,66.38095092773438,65.04762268066406,65.52381134033203,122340
2024-03-18,65.9047622680664,67.04762268066406,65.71428680419922,66.28571319580078,228921
2024-03-19,67.80952453613281,71.23809814453125,67.42857360839844,71.04762268066406,391798
2024-03-20,70.95237731933594,70.95237731933594,68.28571319580078,69.42857360839844,260563
2024-03-21,69.42857360839844,70.0,68.0,69.04762268066406,137877
2024-03-22,69.04762268066406,69.14286041259766,68.28571319580078,68.85713958740234,56748
2024-03-25,69.23809814453125,69.23809814453125,68.28571319580078,68.28571319580078,174321
2024-03-26,68.28571319580078,69.14286041259766,68.28571319580078,68.76190185546875,108150
2024-03-27,68.95237731933594,68.95237731933594,68.47618865966797,68.85713958740234,60911
2024-03-28,68.57142639160156,69.52381134033203,68.57142639160156,69.14286041259766,44101
2024-03-29,69.14286041259766,69.71428680419922,69.14286041259766,69.52381134033203,25200
2024-04-01,70.0,70.95237731933594,70.0,70.57142639160156,105342
2024-04-02,71.23809814453125,72.76190185546875,70.66666412353516,72.38095092773438,160758
2024-04-03,72.38095092773438,75.23809814453125,71.42857360839844,72.0952377319336,127353
2024-04-08,72.0952377319336,74.0,71.42857360839844,73.33333587646484,133418
2024-04-09,73.42857360839844,73.80952453613281,72.0952377319336,72.38095092773438,168119
2024-04-10,73.14286041259766,73.61904907226562,72.76190185546875,73.42857360839844,200863
2024-04-11,68.95237731933594,68.95237731933594,67.80952453613281,67.80952453613281,174305
2024-04-12,67.71428680419922,67.80952453613281,66.38095092773438,66.38095092773438,143039
2024-04-15,66.19047546386719,66.28571319580078,65.33333587646484,65.9047622680664,94500
2024-04-16,65.33333587646484,65.52381134033203,64.66666412353516,64.85713958740234,59902
2024-04-17,65.61904907226562,66.28571319580078,65.23809814453125,66.0952377319336,37086
2024-04-18,66.57142639160156,67.52381134033203,66.19047546386719,67.42857360839844,66154
2024-04-19,67.33333587646484,67.33333587646484,65.23809814453125,66.28571319580078,60960
2024-04-22,66.28571319580078,66.38095092773438,65.33333587646484,65.33333587646484,25200
2024-04-23,65.33333587646484,65.80952453613281,64.95237731933594,65.80952453613281,30450
2024-04-24,66.0,66.38095092773438,65.61904907226562,66.38095092773438,18066
2024-04-25,66.28571319580078,66.38095092773438,65.52381134033203,65.52381134033203,38851
2024-04-26,65.23809814453125,65.52381134033203,65.23809814453125,65.52381134033203,48306
2024-04-29,65.80952453613281,66.47618865966797,65.71428680419922,66.47618865966797,31600
2024-04-30,66.0,66.38095092773438,66.0,66.38095092773438,9508
2024-05-02,66.47618865966797,67.14286041259766,66.47618865966797,66.76190185546875,27300
2024-05-03,66.76190185546875,66.85713958740234,65.71428680419922,65.9047622680664,79878
2024-05-06,66.0952377319336,66.66666412353516,66.0952377319336,66.66666412353516,48563
2024-05-07,66.66666412353516,66.66666412353516,65.9047622680664,66.47618865966797,56700
2024-05-08,66.66666412353516,67.23809814453125,66.66666412353516,66.95237731933594,29602
2024-05-09,67.23809814453125,68.0952377319336,66.95237731933594,68.0952377319336,44128
2024-05-10,69.23809814453125,72.38095092773438,69.23809814453125,70.19047546386719,184073
2024-05-13,70.47618865966797,72.38095092773438,70.28571319580078,71.52381134033203,148075
2024-05-14,72.76190185546875,72.76190185546875,71.80952453613281,72.0,56806
2024-05-15,72.57142639160156,73.52381134033203,72.28571319580078,72.85713958740234,138600
2024-05-16,73.33333587646484,73.80952453613281,70.28571319580078,70.66666412353516,280922
2024-05-17,70.66666412353516,71.04762268066406,70.38095092773438,70.76190185546875,54654
2024-05-20,70.76190185546875,71.61904907226562,70.28571319580078,70.57142639160156,84830
2024-05-21,70.57142639160156,71.61904907226562,70.28571319580078,70.47618865966797,40950
2024-05-22,69.33333587646484,70.66666412353516,69.33333587646484,70.28571319580078,29418
2024-05-23,71.14286041259766,71.14286041259766,69.33333587646484,69.33333587646484,87255
2024-05-24,69.33333587646484,69.42857360839844,68.95237731933594,69.33333587646484,19966
2024-05-27,69.33333587646484,69.33333587646484,68.76190185546875,69.04762268066406,67242
2024-05-28,68.66666412353516,69.52381134033203,68.66666412353516,69.33333587646484,37856
2024-05-29,69.33333587646484,69.33333587646484,69.04762268066406,69.33333587646484,16830
2024-05-30,69.14286041259766,70.0952377319336,68.66666412353516,69.33333587646484,35774
2024-05-31,69.14286041259766,69.52381134033203,68.76190185546875,68.85713958740234,45159
2024-06-03,68.85713958740234,69.71428680419922,68.57142639160156,69.42857360839844,39066
2024-06-04,69.23809814453125,69.23809814453125,69.04762268066406,69.23809814453125,11566
2024-06-05,69.52381134033203,71.33333587646484,69.33333587646484,69.9047622680664,36877
2024-06-06,69.9047622680664,69.9047622680664,69.23809814453125,69.42857360839844,24150
2024-06-07,69.23809814453125,69.52381134033203,68.95237731933594,69.23809814453125,22050
2024-06-11,69.23809814453125,70.85713958740234,69.04762268066406,69.14286041259766,37826
2024-06-12,68.76190185546875,72.85713958740234,68.76190185546875,69.33333587646484,42115
2024-06-13,69.61904907226562,70.47618865966797,69.61904907226562,70.28571319580078,38972
2024-06-14,71.42857360839844,71.42857360839844,70.66666412353516,71.33333587646484,54720
2024-06-17,71.42857360839844,71.9047622680664,70.76190185546875,71.42857360839844,47251
2024-06-18,71.52381134033203,71.52381134033203,70.66666412353516,71.14286041259766,22050
2024-06-19,71.14286041259766,71.14286041259766,70.38095092773438,71.04762268066406,19950
2024-06-20,71.04762268066406,71.04762268066406,70.0,70.0952377319336,50400
2024-06-21,70.0952377319336,70.19047546386719,69.52381134033203,69.9047622680664,30450
2024-06-24,70.0,70.19047546386719,69.52381134033203,69.61904907226562,12614
2024-06-25,69.71428680419922,70.85713958740234,69.52381134033203,69.61904907226562,19951
2024-06-26,69.52381134033203,70.76190185546875,69.52381134033203,69.52381134033203,47281
2024-06-27,69.52381134033203,69.52381134033203,69.33333587646484,69.52381134033203,4200
2024-06-28,69.52381134033203,69.9047622680664,69.42857360839844,69.52381134033203,73500
2024-07-01,69.52381134033203,70.19047546386719,69.52381134033203,69.80952453613281,25201
2024-07-02,69.61904907226562,70.66666412353516,69.61904907226562,69.61904907226562,28560
2024-07-03,69.61904907226562,70.0952377319336,69.61904907226562,69.71428680419922,52080
2024-07-04,69.80952453613281,70.57142639160156,69.80952453613281,69.80952453613281,51450
2024-07-05,69.80952453613281,71.04762268066406,69.80952453613281,70.57142639160156,34650
2024-07-08,70.57142639160156,72.66666412353516,70.57142639160156,72.0952377319336,130259
2024-07-09,73.14286041259766,73.14286041259766,71.42857360839844,72.66666412353516,121066
2024-07-10,72.47618865966797,72.57142639160156,72.38095092773438,72.57142639160156,20030
2024-07-11,72.95237731933594,72.95237731933594,72.57142639160156,72.85713958740234,39908
2024-07-12,72.85713958740234,73.14286041259766,71.9047622680664,72.47618865966797,36779
2024-07-15,73.14286041259766,74.28571319580078,73.14286041259766,74.0,118308
2024-07-16,74.47618865966797,74.47618865966797,72.95237731933594,73.33333587646484,34776
2024-07-17,73.80952453613281,73.9047622680664,72.38095092773438,72.76190185546875,35778
2024-07-18,72.76190185546875,72.76190185546875,71.71428680419922,72.0952377319336,32550
2024-07-19,72.0952377319336,72.0952377319336,70.57142639160156,70.95237731933594,71400
2024-07-22,70.85713958740234,70.85713958740234,69.04762268066406,69.23809814453125,71421
2024-07-23,69.23809814453125,70.19047546386719,69.23809814453125,70.0,11571
2024-07-26,68.95237731933594,70.0,68.95237731933594,69.71428680419922,13738
2024-07-29,69.71428680419922,71.9047622680664,69.71428680419922,70.66666412353516,11550
2024-07-30,69.23809814453125,70.28571319580078,69.23809814453125,69.9047622680664,19956
2024-07-31,69.9047622680664,71.42857360839844,69.9047622680664,71.33333587646484,12604
2024-08-01,71.33333587646484,71.42857360839844,70.47618865966797,71.33333587646484,18900
2024-08-02,71.14286041259766,71.14286041259766,70.28571319580078,70.28571319580078,8494
2024-08-05,68.85713958740234,68.95237731933594,67.52381134033203,67.52381134033203,108174
2024-08-06,67.52381134033203,68.76190185546875,66.66666412353516,68.76190185546875,45150
2024-08-07,68.76190185546875,70.38095092773438,68.57142639160156,69.71428680419922,114631
2024-08-08,68.95237731933594,69.23809814453125,68.57142639160156,69.23809814453125,26279
2024-08-09,69.80952453613281,70.38095092773438,69.33333587646484,69.33333587646484,63010
2024-08-12,69.33333587646484,69.80952453613281,69.04762268066406,69.80952453613281,34650
2024-08-13,69.80952453613281,70.47618865966797,69.61904907226562,70.0952377319336,25292
2024-08-14,70.47618865966797,70.85713958740234,69.71428680419922,69.80952453613281,40950
2024-08-15,69.71428680419922,70.0952377319336,69.61904907226562,69.9047622680664,30450
2024-08-16,70.0,70.85713958740234,70.0,70.47618865966797,40950
2024-08-19,71.23809814453125,72.19047546386719,70.95237731933594,71.71428680419922,77700
2024-08-20,71.52381134033203,72.28571319580078,70.95237731933594,71.33333587646484,52500
2024-08-21,72.0,72.0952377319336,71.42857360839844,71.52381134033203,15750
2024-08-22,71.61904907226562,71.61904907226562,71.14286041259766,71.14286041259766,14701
2024-08-23,70.85713958740234,72.19047546386719,70.57142639160156,72.19047546386719,19265
2024-08-26,71.42857360839844,72.0952377319336,71.42857360839844,71.80952453613281,22079
2024-08-27,71.61904907226562,71.61904907226562,71.14286041259766,71.23809814453125,26250
2024-08-28,71.42857360839844,71.42857360839844,70.95237731933594,70.95237731933594,34650
2024-08-29,70.95237731933594,71.33333587646484,70.76190185546875,71.23809814453125,38850
2024-08-30,71.71428680419922,71.80952453613281,71.14286041259766,71.42857360839844,23282
2024-09-02,71.42857360839844,71.42857360839844,71.33333587646484,71.33333587646484,13650
2024-09-03,71.42857360839844,71.80952453613281,71.33333587646484,71.33333587646484,37800
2024-09-04,70.57142639160156,70.95237731933594,69.61904907226562,70.28571319580078,27319
2024-09-05,70.66666412353516,70.95237731933594,70.38095092773438,70.95237731933594,10519
2024-09-06,71.33333587646484,72.57142639160156,71.33333587646484,72.19047546386719,83317
2024-09-09,74.0,75.14286041259766,72.76190185546875,73.14286041259766,154358
2024-09-10,73.33333587646484,73.33333587646484,71.42857360839844,71.52381134033203,77700
2024-09-11,73.71428680419922,73.71428680419922,71.9047622680664,72.57142639160156,50400
2024-09-12,73.23809814453125,73.23809814453125,72.85713958740234,73.04762268066406,35940
2024-09-13,73.33333587646484,73.33333587646484,72.38095092773438,72.76190185546875,27600
2024-09-16,73.52381134033203,73.52381134033203,72.76190185546875,73.04762268066406,6300
2024-09-18,72.95237731933594,73.52381134033203,72.95237731933594,73.04762268066406,21000
2024-09-19,73.33333587646484,73.33333587646484,72.85713958740234,72.85713958740234,23105
2024-09-20,72.85713958740234,72.85713958740234,72.57142639160156,72.85713958740234,29516
2024-09-23,72.47618865966797,73.14286041259766,72.28571319580078,72.47618865966797,27300
2024-09-24,72.47618865966797,72.47618865966797,71.52381134033203,72.47618865966797,32681
2024-09-25,72.0,73.04762268066406,72.0,73.04762268066406,30028
2024-09-26,73.04762268066406,73.23809814453125,72.57142639160156,72.66666412353516,19977
2024-09-27,72.66666412353516,72.66666412353516,72.0,72.19047546386719,28668
2024-09-30,72.19047546386719,72.19047546386719,71.61904907226562,71.71428680419922,43050
2024-10-01,71.71428680419922,72.0,71.61904907226562,71.80952453613281,11609
2024-10-04,71.80952453613281,71.9047622680664,71.42857360839844,71.71428680419922,9450
2024-10-07,72.28571319580078,72.38095092773438,72.0,72.19047546386719,13827
2024-10-08,71.71428680419922,72.19047546386719,71.71428680419922,71.9047622680664,13650
2024-10-09,71.9047622680664,72.0,71.42857360839844,71.42857360839844,54600
2024-10-11,71.23809814453125,71.42857360839844,70.57142639160156,70.66666412353516,49371
2024-10-14,70.66666412353516,71.33333587646484,70.47618865966797,70.57142639160156,27300
2024-10-15,70.28571319580078,70.85713958740234,69.9047622680664,70.57142639160156,20173
2024-10-16,70.85713958740234,70.85713958740234,70.85713958740234,70.85713958740234,7775
2024-10-17,70.85713958740234,70.85713958740234,70.66666412353516,70.76190185546875,9450
2024-10-18,70.76190185546875,71.14286041259766,70.57142639160156,71.14286041259766,29708
2024-10-21,71.04762268066406,71.14286041259766,70.95237731933594,70.95237731933594,22155
2024-10-22,70.85713958740234,70.95237731933594,70.76190185546875,70.95237731933594,21003
2024-10-23,71.33333587646484,71.33333587646484,70.85713958740234,70.85713958740234,25200
2024-10-24,70.85713958740234,70.95237731933594,70.76190185546875,70.85713958740234,18900
2024-10-25,70.95237731933594,70.95237731933594,70.0952377319336,70.76190185546875,23159
2024-10-28,70.76190185546875,70.95237731933594,70.57142639160156,70.76190185546875,10500
2024-10-29,71.04762268066406,71.04762268066406,70.66666412353516,70.76190185546875,6300
2024-10-30,70.76190185546875,71.04762268066406,70.66666412353516,70.85713958740234,5268
2024-11-01,70.85713958740234,70.95237731933594,70.47618865966797,70.85713958740234,13111
2024-11-04,70.85713958740234,70.95237731933594,70.76190185546875,70.85713958740234,5250
2024-11-05,70.66666412353516,70.95237731933594,70.66666412353516,70.95237731933594,11550
2024-11-06,70.95237731933594,71.9047622680664,70.95237731933594,71.61904907226562,45196
2024-11-07,72.0,72.57142639160156,71.80952453613281,71.80952453613281,95820
2024-11-08,72.28571319580078,72.38095092773438,71.9047622680664,72.0952377319336,42005
2024-11-11,77.9047622680664,77.9047622680664,73.52381134033203,73.9047622680664,177452
2024-11-12,75.9047622680664,75.9047622680664,73.9047622680664,74.47618865966797,121957
2024-11-13,74.57142639160156,74.76190185546875,73.80952453613281,73.80952453613281,68266
2024-11-14,73.80952453613281,74.0952377319336,73.33333587646484,73.61904907226562,91402
2024-11-15,73.23809814453125,74.28571319580078,73.23809814453125,73.9047622680664,131503
2024-11-18,74.0952377319336,74.0952377319336,73.61904907226562,74.0,48312
2024-11-19,75.23809814453125,75.23809814453125,73.71428680419922,73.80952453613281,54915
2024-11-20,74.57142639160156,74.57142639160156,73.42857360839844,73.71428680419922,44278
2024-11-21,73.71428680419922,73.71428680419922,73.04762268066406,73.42857360839844,61950
2024-11-22,74.0,74.0,73.23809814453125,73.23809814453125,19950
2024-11-25,72.95237731933594,73.33333587646484,72.38095092773438,73.04762268066406,98305
2024-11-26,72.66666412353516,73.23809814453125,72.66666412353516,72.85713958740234,26284
2024-11-27,72.85713958740234,73.14286041259766,72.66666412353516,72.85713958740234,40962
2024-11-28,72.57142639160156,73.14286041259766,72.28571319580078,72.66666412353516,27300
2024-11-29,73.23809814453125,73.23809814453125,72.66666412353516,73.04762268066406,19185
2024-12-02,73.33333587646484,73.9047622680664,73.04762268066406,73.61904907226562,30467
2024-12-03,73.33333587646484,75.23809814453125,73.33333587646484,74.28571319580078,27300
2024-12-04,74.19047546386719,75.33333587646484,74.0952377319336,74.76190185546875,59850
2024-12-05,76.0,77.23809814453125,73.33333587646484,74.66666412353516,68250
2024-12-06,74.28571319580078,75.23809814453125,74.28571319580078,75.04762268066406,44366
2024-12-09,74.38095092773438,75.33333587646484,73.61904907226562,73.9047622680664,75416
2024-12-10,74.28571319580078,74.76190185546875,73.9047622680664,74.28571319580078,51450
2024-12-11,75.14286041259766,76.66666412353516,74.19047546386719,76.0952377319336,135460
2024-12-12,75.80952453613281,77.04762268066406,75.42857360839844,76.76190185546875,86415
2024-12-13,77.14286041259766,78.66666412353516,76.66666412353516,77.80952453613281,137550
2024-12-16,78.38095092773438,79.23809814453125,77.14286041259766,78.85713958740234,92400
2024-12-17,79.04762268066406,79.04762268066406,77.80952453613281,78.0952377319336,45360
2024-12-18,78.0952377319336,78.66666412353516,77.9047622680664,77.9047622680664,17902
2024-12-19,77.14286041259766,78.38095092773438,76.95237731933594,77.9047622680664,34702
2024-12-20,78.0952377319336,78.47618865966797,77.71428680419922,78.0,36802
2024-12-23,78.0952377319336,79.71428680419922,78.0952377319336,79.04762268066406,46200
2024-12-24,79.52381134033203,80.76190185546875,79.23809814453125,79.42857360839844,78762
2024-12-25,79.33333587646484,79.61904907226562,78.57142639160156,78.57142639160156,43176
2024-12-26,78.57142639160156,78.85713958740234,77.9047622680664,78.38095092773438,20326
2024-12-27,77.80952453613281,79.33333587646484,77.80952453613281,79.14286041259766,45403
2024-12-30,78.66666412353516,79.23809814453125,78.66666412353516,79.23809814453125,29414
2024-12-31,79.14286041259766,79.33333587646484,78.38095092773438,78.95237731933594,26596
2025-01-02,78.95237731933594,78.95237731933594,78.47618865966797,78.76190185546875,24151
2025-01-03,78.76190185546875,79.42857360839844,78.47618865966797,78.95237731933594,26250
2025-01-06,78.95237731933594,80.0952377319336,78.66666412353516,79.71428680419922,55761
2025-01-07,80.19047546386719,80.38095092773438,79.61904907226562,79.80952453613281,64050
2025-01-08,80.38095092773438,80.38095092773438,79.61904907226562,80.0952377319336,27351
2025-01-09,80.0952377319336,81.42857360839844,79.9047622680664,80.47618865966797,101916
2025-01-10,80.47618865966797,80.95237731933594,78.85713958740234,79.04762268066406,40950
2025-01-13,79.04762268066406,81.23809814453125,78.0,80.85713958740234,115510
2025-01-14,80.85713958740234,82.0952377319336,80.85713958740234,80.85713958740234,27300
2025-01-15,81.80952453613281,81.80952453613281,79.9047622680664,80.0,19950
2025-01-16,80.95237731933594,80.95237731933594,80.28571319580078,80.66666412353516,22071
2025-01-17,80.76190185546875,81.52381134033203,80.76190185546875,80.85713958740234,27315
2025-01-20,82.28571319580078,82.28571319580078,81.52381134033203,81.52381134033203,28725
2025-01-21,81.52381134033203,82.0952377319336,81.52381134033203,81.61904907226562,13664
2025-01-22,82.19047546386719,82.38095092773438,81.61904907226562,82.28571319580078,38905
2025-02-03,82.38095092773438,87.52381134033203,82.38095092773438,85.52381134033203,193459
2025-02-04,85.52381134033203,86.38095092773438,85.04762268066406,86.28571319580078,81177
2025-02-05,86.76190185546875,91.42857360839844,85.23809814453125,90.47618865966795,116733
2025-02-06,91.42857360839844,94.1904754638672,89.42857360839844,89.9047622680664,169182
2025-02-07,87.71428680419922,90.47618865966795,87.71428680419922,90.0952377319336,122955
2025-02-10,90.0952377319336,91.61904907226562,89.33333587646484,91.61904907226562,83279
2025-02-11,91.9047622680664,95.14286041259766,90.0952377319336,90.0952377319336,119816
2025-02-12,90.0952377319336,90.0952377319336,85.71428680419922,86.19047546386719,228075
2025-02-13,85.9047622680664,86.57142639160156,85.23809814453125,86.0,77774
2025-02-14,85.61904907226562,86.85713958740234,85.61904907226562,86.38095092773438,27453
2025-02-17,86.38095092773438,89.14286041259766,86.38095092773438,87.33333587646484,58804
2025-02-18,87.42857360839844,89.71428680419922,87.42857360839844,88.0952377319336,76650
2025-02-19,87.42857360839844,88.0952377319336,86.95237731933594,87.61904907226562,50413
2025-02-20,87.14286041259766,87.52381134033203,84.57142639160156,85.42857360839844,196361
2025-02-21,84.95237731933594,86.66666412353516,84.95237731933594,85.52381134033203,40273
2025-02-24,85.52381134033203,85.80952453613281,85.14286041259766,85.80952453613281,31510
2025-02-25,85.61904907226562,86.19047546386719,85.61904907226562,85.80952453613281,29442
2025-02-26,85.80952453613281,86.85713958740234,85.80952453613281,86.76190185546875,28365
2025-02-27,85.80952453613281,86.66666412353516,85.33333587646484,85.52381134033203,51450
2025-03-03,84.57142639160156,85.71428680419922,84.19047546386719,84.57142639160156,58821
2025-03-04,84.76190185546875,85.52381134033203,84.28571319580078,85.42857360839844,30450
2025-03-05,83.80952453613281,86.57142639160156,83.80952453613281,86.38095092773438,49455
2025-03-06,86.38095092773438,87.42857360839844,86.38095092773438,86.85713958740234,39779
2025-03-07,87.04762268066406,89.04762268066406,87.04762268066406,87.61904907226562,129315
2025-03-10,87.61904907226562,87.61904907226562,86.19047546386719,86.19047546386719,50400
2025-03-11,85.61904907226562,86.19047546386719,84.57142639160156,85.23809814453125,39900
2025-03-12,85.14286041259766,85.71428680419922,84.95237731933594,85.04762268066406,38850
2025-03-13,85.04762268066406,85.71428680419922,84.76190185546875,85.23809814453125,54981
2025-03-14,85.14286041259766,85.61904907226562,84.85713958740234,85.14286041259766,37821
2025-03-17,85.33333587646484,85.52381134033203,85.14286041259766,85.33333587646484,47775
2025-03-18,85.33333587646484,85.42857360839844,84.66666412353516,85.23809814453125,99750
2025-03-19,84.76190185546875,84.95237731933594,84.76190185546875,84.76190185546875,52526
2025-03-20,84.76190185546875,85.42857360839844,84.76190185546875,84.85713958740234,52615
2025-03-21,84.85713958740234,85.23809814453125,84.85713958740234,85.23809814453125,26254
2025-03-24,85.23809814453125,85.23809814453125,84.47618865966797,84.66666412353516,54691
2025-03-25,84.66666412353516,85.52381134033203,84.0952377319336,84.38095092773438,70438
2025-03-26,84.38095092773438,85.42857360839844,84.38095092773438,84.76190185546875,121810
2025-03-27,79.33333587646484,79.33333587646484,77.9047622680664,78.28571319580078,115512
2025-03-28,78.0,78.0,76.28571319580078,76.76190185546875,71716
2025-03-31,75.71428680419922,75.71428680419922,72.47618865966797,73.61904907226562,189404
2025-04-01,73.61904907226562,74.95237731933594,73.61904907226562,73.9047622680664,58905
2025-04-02,74.28571319580078,75.33333587646484,74.28571319580078,75.04762268066406,23250
2025-04-07,67.61904907226562,71.23809814453125,67.61904907226562,69.33333587646484,223721
2025-04-08,70.47618865966797,70.47618865966797,67.61904907226562,69.23809814453125,115538
2025-04-09,69.42857360839844,69.42857360839844,66.0,66.76190185546875,100822
2025-04-10,72.85713958740234,73.42857360839844,72.0952377319336,73.04762268066406,100800
2025-04-11,71.52381134033203,72.85713958740234,70.57142639160156,72.85713958740234,49383
2025-04-14,71.9047622680664,73.61904907226562,71.9047622680664,72.66666412353516,37851
2025-04-15,72.0952377319336,73.23809814453125,72.0952377319336,72.66666412353516,60082
2025-04-16,72.66666412353516,72.66666412353516,70.95237731933594,71.33333587646484,30510
2025-04-17,71.71428680419922,72.38095092773438,70.85713958740234,71.71428680419922,29400
2025-04-18,71.42857360839844,72.57142639160156,71.42857360839844,72.0952377319336,5266
2025-04-21,71.80952453613281,72.19047546386719,71.04762268066406,72.0952377319336,49481
2025-04-22,71.9047622680664,72.0952377319336,68.0952377319336,69.14286041259766,111338
2025-04-23,70.28571319580078,71.42857360839844,70.0952377319336,71.14286041259766,56700
2025-04-24,71.71428680419922,71.71428680419922,70.66666412353516,70.95237731933594,43155
2025-04-25,71.23809814453125,72.38095092773438,71.04762268066406,72.28571319580078,36831
2025-04-28,72.47618865966797,72.95237731933594,72.19047546386719,72.95237731933594,23507
2025-04-29,72.76190185546875,73.33333587646484,72.57142639160156,72.95237731933594,32550
2025-04-30,73.23809814453125,73.42857360839844,73.04762268066406,73.04762268066406,28350
2025-05-02,73.04762268066406,74.57142639160156,73.04762268066406,73.33333587646484,33941
2025-05-05,73.33333587646484,73.33333587646484,72.0,72.0952377319336,28455
2025-05-06,71.42857360839844,72.76190185546875,71.42857360839844,71.9047622680664,16892
2025-05-07,72.38095092773438,73.14286041259766,72.38095092773438,72.85713958740234,8490
2025-05-08,72.85713958740234,73.52381134033203,72.85713958740234,73.52381134033203,11609
2025-05-09,72.0,72.47618865966797,71.42857360839844,71.61904907226562,163926
2025-05-12,71.42857360839844,72.28571319580078,71.42857360839844,71.80952453613281,49396
2025-05-13,71.9047622680664,74.66666412353516,71.71428680419922,73.04762268066406,72752
2025-05-14,73.14286041259766,73.14286041259766,71.80952453613281,72.19047546386719,66150
2025-05-15,72.0952377319336,72.0952377319336,70.28571319580078,70.47618865966797,112379
2025-05-16,70.0,70.95237731933594,70.0,70.19047546386719,75656
2025-05-19,69.9047622680664,70.76190185546875,69.80952453613281,70.38095092773438,32589
2025-05-20,70.0952377319336,70.38095092773438,70.0952377319336,70.19047546386719,24150
2025-05-21,70.47618865966797,70.95237731933594,70.47618865966797,70.85713958740234,26250
2025-05-22,70.19047546386719,70.28571319580078,70.19047546386719,70.19047546386719,17860
2025-05-23,70.76190185546875,70.76190185546875,70.47618865966797,70.47618865966797,17850
2025-05-26,70.66666412353516,70.66666412353516,70.19047546386719,70.47618865966797,12600
2025-05-27,70.38095092773438,70.47618865966797,70.0952377319336,70.19047546386719,22050
2025-05-28,70.38095092773438,70.38095092773438,70.0952377319336,70.0952377319336,19950
2025-05-29,70.0952377319336,70.0952377319336,68.57142639160156,69.61904907226562,89250
2025-06-02,68.66666412353516,69.14286041259766,68.0952377319336,68.95237731933594,38850
2025-06-03,69.23809814453125,69.42857360839844,68.57142639160156,68.76190185546875,46200
2025-06-04,69.04762268066406,69.33333587646484,68.66666412353516,69.33333587646484,18900
2025-06-05,69.33333587646484,69.33333587646484,68.57142639160156,69.33333587646484,28350
2025-06-06,68.85713958740234,69.04762268066406,68.76190185546875,68.76190185546875,11551
2025-06-09,68.57142639160156,69.04762268066406,68.47618865966797,68.57142639160156,25200
2025-06-10,69.04762268066406,70.0,68.85713958740234,69.14286041259766,26250
2025-06-11,69.04762268066406,69.52381134033203,68.19047546386719,69.04762268066406,24150
2025-06-12,69.04762268066406,69.04762268066406,68.57142639160156,68.57142639160156,14700
2025-06-13,68.57142639160156,69.04762268066406,68.38095092773438,68.47618865966797,19994
2025-06-16,70.0952377319336,70.0952377319336,68.66666412353516,68.85713958740234,7399
2025-06-17,69.04762268066406,69.14286041259766,68.76190185546875,69.04762268066406,10704
2025-06-18,68.85713958740234,69.04762268066406,68.85713958740234,69.04762268066406,4200
2025-06-19,68.66666412353516,69.42857360839844,68.66666412353516,68.95237731933594,12661
2025-06-20,68.95237731933594,69.23809814453125,68.66666412353516,68.95237731933594,16819
2025-06-23,68.38095092773438,68.76190185546875,68.38095092773438,68.76190185546875,16800
2025-06-24,68.76190185546875,69.23809814453125,68.57142639160156,69.23809814453125,24436
2025-06-25,69.71428680419922,69.71428680419922,68.76190185546875,68.76190185546875,9641
2025-06-26,68.85713958740234,69.42857360839844,68.85713958740234,69.14286041259766,11621
2025-06-27,68.85713958740234,68.85713958740234,68.28571319580078,68.38095092773438,23159
2025-06-30,68.95237731933594,68.95237731933594,68.95237731933594,68.95237731933594,3160
2025-07-01,69.04762268066406,69.04762268066406,68.57142639160156,68.95237731933594,13965
2025-07-02,69.23809814453125,69.33333587646484,68.66666412353516,68.66666412353516,14715
2025-07-03,68.85713958740234,68.85713958740234,68.47618865966797,68.47618865966797,6315
2025-07-04,68.47618865966797,68.57142639160156,68.0952377319336,68.38095092773438,28380
2025-07-07,68.28571319580078,68.76190185546875,67.14286041259766,67.61904907226562,45150
2025-07-08,67.42857360839844,67.42857360839844,67.14286041259766,67.23809814453125,19950
2025-07-09,66.76190185546875,67.33333587646484,66.66666412353516,66.95237731933594,39901
2025-07-10,67.42857360839844,67.42857360839844,66.47618865966797,66.85713958740234,51452
2025-07-11,66.85713958740234,66.95237731933594,66.76190185546875,66.85713958740234,12600
2025-07-14,66.95237731933594,66.95237731933594,66.66666412353516,66.66666412353516,7350
2025-07-15,66.76190185546875,66.85713958740234,66.57142639160156,66.85713958740234,12600
2025-07-16,66.66666412353516,66.95237731933594,66.28571319580078,66.28571319580078,22155
2025-07-17,67.04762268066406,67.14286041259766,66.19047546386719,66.28571319580078,43312
2025-07-18,66.95237731933594,66.95237731933594,66.47618865966797,66.66666412353516,15878
2025-07-21,66.66666412353516,67.04762268066406,66.47618865966797,66.95237731933594,36783
2025-07-22,66.47618865966797,66.57142639160156,66.38095092773438,66.57142639160156,9450
2025-07-23,67.14286041259766,67.14286041259766,66.47618865966797,66.57142639160156,7282
2025-07-24,66.66666412353516,67.14286041259766,66.57142639160156,66.85713958740234,10517
2025-07-25,67.23809814453125,67.23809814453125,66.57142639160156,66.57142639160156,26413
2025-07-28,67.23809814453125,67.23809814453125,66.57142639160156,66.57142639160156,9768
2025-07-29,67.04762268066406,67.04762268066406,66.76190185546875,66.76190185546875,12600
2025-07-30,67.14286041259766,67.14286041259766,66.0,66.38095092773438,33810
2025-07-31,66.57142639160156,66.66666412353516,66.28571319580078,66.47618865966797,13652
2025-08-04,66.76190185546875,66.95237731933594,66.57142639160156,66.76190185546875,10736
2025-08-05,66.66666412353516,67.14286041259766,66.66666412353516,66.85713958740234,13650
2025-08-06,66.76190185546875,67.04762268066406,66.76190185546875,67.04762268066406,6886
2025-08-07,66.85713958740234,67.33333587646484,66.66666412353516,67.14286041259766,24151
2025-08-08,67.33333587646484,67.42857360839844,67.04762268066406,67.04762268066406,22050
2025-08-11,67.04762268066406,67.04762268066406,64.57142639160156,64.76190185546875,206167
2025-08-12,64.66666412353516,64.66666412353516,61.61904525756836,64.0952377319336,144954
2025-08-13,63.33333206176758,64.57142639160156,63.14285659790039,64.0952377319336,62202
2025-08-14,64.0,64.19047546386719,63.80952453613281,63.80952453613281,41465
2025-08-15,63.80952453613281,64.0,63.80952453613281,64.0,16817
2025-08-18,63.80952453613281,64.19047546386719,63.80952453613281,64.19047546386719,30788
2025-08-19,64.0,64.19047546386719,64.0,64.0,31525
2025-08-20,63.80952453613281,64.38095092773438,63.61904525756836,64.0,28427
2025-08-21,64.0952377319336,64.47618865966797,64.0952377319336,64.0952377319336,30450
2025-08-22,64.28571319580078,64.76190185546875,64.0,64.76190185546875,33605
2025-08-25,65.04762268066406,65.61904907226562,64.85713958740234,65.23809814453125,28350
2025-08-26,65.23809814453125,65.23809814453125,64.76190185546875,64.76190185546875,37808
2025-08-27,64.28571319580078,64.28571319580078,63.523807525634766,63.80952453613281,24660
2025-08-28,63.80952453613281,64.0952377319336,63.80952453613281,64.0952377319336,5372
2025-08-29,64.47618865966797,65.23809814453125,64.47618865966797,65.04762268066406,23121
2025-09-01,65.14286041259766,65.14286041259766,64.66666412353516,64.66666412353516,4200
2025-09-02,64.95237731933594,64.95237731933594,64.38095092773438,64.76190185546875,19950
2025-09-03,65.14286041259766,65.14286041259766,64.47618865966797,64.57142639160156,7351
2025-09-04,64.57142639160156,64.95237731933594,64.57142639160156,64.95237731933594,3150
2025-09-05,64.95237731933594,65.33333587646484,64.76190185546875,65.33333587646484,9534
2025-09-08,65.23809814453125,65.9047622680664,64.95237731933594,65.9047622680664,24150
2025-09-09,66.28571319580078,66.28571319580078,65.14286041259766,65.71428680419922,10576
2025-09-10,65.71428680419922,65.71428680419922,63.80952453613281,63.80952453613281,144966
2025-09-11,64.28571319580078,64.28571319580078,63.71428680419922,63.71428680419922,17852
2025-09-12,63.71428680419922,64.76190185546875,63.71428680419922,64.28571319580078,23121
2025-09-15,64.19047546386719,64.19047546386719,64.0,64.19047546386719,10710
2025-09-16,64.19047546386719,64.28571319580078,64.0,64.19047546386719,6336
2025-09-17,64.0,64.0952377319336,63.523807525634766,64.0952377319336,21943
2025-09-18,64.0,64.38095092773438,63.61904525756836,64.38095092773438,17865
2025-09-19,64.19047546386719,64.47618865966797,63.71428680419922,63.71428680419922,36907
2025-09-22,63.71428680419922,63.904762268066406,63.61904525756836,63.904762268066406,15027
2025-09-23,63.904762268066406,64.19047546386719,63.238094329833984,63.42856979370117,86100
2025-09-24,63.33333206176758,64.0,63.238094329833984,63.80952453613281,33663
2025-09-25,63.80952453613281,64.0,63.33333206176758,63.80952453613281,19002
2025-09-26,63.80952453613281,63.80952453613281,63.42856979370117,63.80952453613281,5250
2025-09-30,63.523807525634766,63.80952453613281,63.523807525634766,63.80952453613281,7772
2025-10-01,63.61904525756836,63.61904525756836,63.61904525756836,63.61904525756836,12600
2025-10-02,63.61904525756836,63.80952453613281,63.42856979370117,63.61904525756836,13655
2025-10-03,63.61904525756836,63.71428680419922,63.523807525634766,63.523807525634766,9450
2025-10-07,63.42856979370117,63.71428680419922,63.33333206176758,63.523807525634766,22050
2025-10-08,63.61904525756836,64.0,63.238094329833984,64.0,17878
2025-10-09,63.80952453613281,63.904762268066406,63.523807525634766,63.904762268066406,9450
2025-10-13,63.80952453613281,63.80952453613281,63.33333206176758,63.61904525756836,19950
2025-10-14,63.71428680419922,64.0,63.71428680419922,63.80952453613281,26252
2025-10-15,63.61904525756836,63.61904525756836,63.523807525634766,63.523807525634766,6463
2025-10-16,64.0,64.0,63.61904525756836,63.61904525756836,4200
2025-10-17,63.904762268066406,63.904762268066406,63.80952453613281,63.904762268066406,8577
2025-10-20,63.42856979370117,64.0,63.42856979370117,63.80952453613281,4200
2025-10-21,63.80952453613281,63.904762268066406,63.71428680419922,63.904762268066406,10500
2025-10-22,63.80952453613281,63.80952453613281,63.61904525756836,63.71428680419922,13361
2025-10-23,63.80952453613281,63.80952453613281,63.61904525756836,63.80952453613281,7350
2025-10-27,63.523807525634766,63.80952453613281,63.523807525634766,63.61904525756836,18494
2025-10-28,63.523807525634766,63.523807525634766,63.14285659790039,63.238094329833984,14875
2025-10-29,63.14285659790039,63.33333206176758,62.66666412353516,62.85714340209961,41998
2025-10-30,62.57142639160156,62.57142639160156,61.71428680419922,62.0952377319336,67245
2025-10-31,62.0,62.0,61.42856979370117,61.523807525634766,27519
2025-11-03,61.42856979370117,61.523807525634766,60.761905670166016,61.0476188659668,45255
2025-11-04,61.0476188659668,61.238094329833984,60.9523811340332,61.238094329833984,8405
2025-11-05,61.0476188659668,61.0476188659668,60.761905670166016,60.761905670166016,19953
2025-11-06,62.380950927734375,66.76190185546875,62.380950927734375,64.28571319580078,382203
2025-11-07,64.38095092773438,68.38095092773438,64.38095092773438,66.85713958740234,232155
2025-11-10,66.76190185546875,66.76190185546875,64.76190185546875,64.76190185546875,94522
2025-11-11,65.61904907226562,65.61904907226562,64.47618865966797,65.04762268066406,53613
2025-11-12,65.33333587646484,65.33333587646484,64.76190185546875,64.76190185546875,30537
2025-11-13,64.76190185546875,65.04762268066406,64.76190185546875,64.85713958740234,31557
2025-11-14,64.76190185546875,64.85713958740234,64.47618865966797,64.57142639160156,23100
2025-11-17,64.76190185546875,65.52381134033203,64.76190185546875,65.52381134033203,32576
2025-11-18,65.52381134033203,65.52381134033203,64.76190185546875,64.95237731933594,11560
2025-11-19,66.0,66.0,64.76190185546875,64.95237731933594,7353
2025-11-20,64.95237731933594,65.33333587646484,64.57142639160156,64.95237731933594,23173
2025-11-21,64.95237731933594,65.33333587646484,64.76190185546875,64.95237731933594,29421
2025-11-24,65.42857360839844,65.42857360839844,64.95237731933594,64.95237731933594,8421
2025-11-25,64.95237731933594,65.80952453613281,64.57142639160156,64.95237731933594,31533
2025-11-26,64.76190185546875,65.33333587646484,64.76190185546875,65.33333587646484,11558
2025-11-27,65.33333587646484,65.33333587646484,64.76190185546875,64.95237731933594,31500
2025-11-28,64.85713958740234,65.23809814453125,64.57142639160156,64.85713958740234,47250
2025-12-01,65.04762268066406,65.04762268066406,64.76190185546875,64.76190185546875,18921
2025-12-02,64.85713958740234,65.04762268066406,64.85713958740234,64.85713958740234,4200
2025-12-03,64.85713958740234,65.33333587646484,64.85713958740234,65.33333587646484,11621
2025-12-04,65.52381134033203,65.52381134033203,65.04762268066406,65.04762268066406,21000
2025-12-05,64.95237731933594,65.42857360839844,64.85713958740234,65.42857360839844,22050
2025-12-08,65.52381134033203,66.0,65.52381134033203,65.80952453613281,25200
2025-12-09,65.71428680419922,65.71428680419922,65.71428680419922,65.71428680419922,15750
2025-12-10,65.52381134033203,65.71428680419922,64.95237731933594,65.61904907226562,28719
2025-12-11,65.61904907226562,65.61904907226562,65.04762268066406,65.61904907226562,11550
2025-12-12,65.52381134033203,65.52381134033203,65.14286041259766,65.33333587646484,8400
2025-12-15,65.33333587646484,65.71428680419922,65.04762268066406,65.52381134033203,8400
2025-12-16,65.52381134033203,65.61904907226562,65.04762268066406,65.42857360839844,10521
2025-12-17,65.52381134033203,65.61904907226562,65.52381134033203,65.52381134033203,4200
2025-12-18,66.28571319580078,66.28571319580078,65.52381134033203,65.61904907226562,9450
2025-12-19,65.52381134033203,65.52381134033203,65.33333587646484,65.33333587646484,3150
2025-12-22,65.33333587646484,65.61904907226562,64.76190185546875,65.23809814453125,30450
2025-12-23,65.42857360839844,65.42857360839844,64.76190185546875,65.33333587646484,44115
2025-12-24,65.04762268066406,65.23809814453125,64.76190185546875,65.04762268066406,9451
2025-12-26,65.14286041259766,65.23809814453125,65.14286041259766,65.23809814453125,38883
2025-12-29,65.33333587646484,65.42857360839844,64.95237731933594,65.14286041259766,14700
2025-12-30,64.95237731933594,65.14286041259766,64.95237731933594,65.14286041259766,3151
2025-12-31,65.23809814453125,65.33333587646484,65.04762268066406,65.04762268066406,8400
2026-01-02,65.14286041259766,65.14286041259766,64.76190185546875,64.95237731933594,12602
2026-01-05,64.95237731933594,65.14286041259766,64.66666412353516,64.76190185546875,13650
2026-01-06,64.76190185546875,65.14286041259766,64.57142639160156,64.76190185546875,27363
2026-01-07,65.14286041259766,65.14286041259766,64.66666412353516,64.66666412353516,17852
2026-01-08,64.95237731933594,64.95237731933594,64.47618865966797,64.47618865966797,12601
2026-01-09,65.04762268066406,65.04762268066406,64.57142639160156,64.66666412353516,13679
2026-01-12,64.66666412353516,65.71428680419922,64.38095092773438,65.42857360839844,51450
2026-01-13,65.71428680419922,66.47618865966797,65.04762268066406,65.42857360839844,18177
2026-01-14,65.42857360839844,65.80952453613281,65.23809814453125,65.52381134033203,7392
2026-01-15,65.61904907226562,66.0952377319336,65.52381134033203,66.0952377319336,23100
2026-01-16,66.0952377319336,66.38095092773438,65.71428680419922,66.0952377319336,18900
2026-01-19,66.0952377319336,66.19047546386719,65.42857360839844,66.0,21005
2026-01-20,65.61904907226562,66.47618865966797,65.61904907226562,66.0,38850
2026-01-21,65.42857360839844,66.47618865966797,65.42857360839844,65.9047622680664,21000
2026-01-22,66.38095092773438,66.47618865966797,65.80952453613281,66.19047546386719,25452
2026-01-23,66.28571319580078,66.57142639160156,65.9047622680664,66.47618865966797,12600
2026-01-26,66.0,68.0,66.0,66.38095092773438,25200
2026-01-27,67.23809814453125,67.23809814453125,66.38095092773438,66.95237731933594,11551
2026-01-28,67.42857360839844,67.52381134033203,66.85713958740234,67.52381134033203,31500
2026-01-29,67.42857360839844,67.61904907226562,66.76190185546875,67.14286041259766,27301
2026-01-30,67.9047622680664,67.9047622680664,66.66666412353516,67.23809814453125,24209
2026-02-02,67.9047622680664,67.9047622680664,66.47618865966797,66.85713958740234,27693
2026-02-03,67.42857360839844,67.42857360839844,66.28571319580078,66.85713958740234,15907
2026-02-04,67.61904907226562,67.61904907226562,66.0,66.47618865966797,51455
2026-02-05,67.04762268066406,67.04762268066406,66.28571319580078,66.47618865966797,12684
2026-02-06,67.14286041259766,67.14286041259766,65.61904907226562,66.47618865966797,24150
2026-02-09,66.76190185546875,66.76190185546875,66.0,66.38095092773438,76962
2026-02-10,65.52381134033203,66.38095092773438,65.52381134033203,66.0952377319336,29400
2026-02-11,65.80952453613281,66.47618865966797,65.80952453613281,66.0,25357
2026-02-23,66.19047546386719,66.19047546386719,65.52381134033203,66.0,17850
2026-02-24,66.0952377319336,66.19047546386719,65.9047622680664,65.9047622680664,27304
2026-02-25,66.28571319580078,66.38095092773438,65.52381134033203,65.71428680419922,55820
2026-02-26,66.57142639160156,66.57142639160156,65.61904907226562,65.9047622680664,18910
2026-03-02,65.52381134033203,65.80952453613281,65.52381134033203,65.80952453613281,24318
2026-03-03,65.04762268066406,65.52381134033203,65.04762268066406,65.23809814453125,24150
2026-03-04,65.14286041259766,65.80952453613281,63.80952453613281,64.47618865966797,78750
2026-03-05,65.14286041259766,65.71428680419922,64.76190185546875,65.42857360839844,52500
2026-03-06,65.71428680419922,66.19047546386719,64.85713958740234,65.33333587646484,51523
2026-03-09,64.76190185546875,65.52381134033203,63.42856979370117,64.47618865966797,63063
2026-03-10,64.66666412353516,65.04762268066406,64.0952377319336,64.57142639160156,30460
2026-03-11,65.71428680419922,65.71428680419922,64.85713958740234,65.04762268066406,28527
2026-03-12,66.19047546386719,66.19047546386719,65.23809814453125,65.71428680419922,23100
2026-03-13,66.57142639160156,66.57142639160156,65.33333587646484,65.52381134033203,8557
2026-03-16,65.9047622680664,66.0,65.71428680419922,65.9047622680664,41041
2026-03-17,66.47618865966797,66.47618865966797,65.71428680419922,65.80952453613281,33715
2026-03-18,65.80952453613281,66.0952377319336,65.61904907226562,65.80952453613281,28351
2026-03-19,65.04762268066406,65.61904907226562,65.04762268066406,65.23809814453125,51451
2026-03-20,65.33333587646484,65.61904907226562,65.23809814453125,65.33333587646484,29563
2026-03-23,65.52381134033203,65.52381134033203,64.76190185546875,65.42857360839844,21012
2026-03-24,65.42857360839844,65.52381134033203,65.14286041259766,65.52381134033203,15750
2026-03-25,65.71428680419922,65.9047622680664,65.61904907226562,65.9047622680664,22084
2026-03-26,66.47618865966797,66.47618865966797,65.9047622680664,66.28571319580078,66177
2026-03-27,63.238094329833984,63.238094329833984,62.66666412353516,63.14285659790039,13767
2026-03-30,62.0,62.47618865966797,62.0,62.380950927734375,10500
2026-03-31,64.47618865966797,64.47618865966797,61.904762268066406,62.761905670166016,23210
2026-04-01,63.33333206176758,63.42856979370117,62.380950927734375,62.47618865966797,23100
2026-04-02,63.14285659790039,63.14285659790039,62.0952377319336,62.57142639160156,6468
2026-04-07,62.85714340209961,62.85714340209961,62.66666412353516,62.66666412353516,6583
2026-04-08,63.523807525634766,63.523807525634766,62.9523811340332,62.9523811340332,8415
2026-04-09,63.61904525756836,63.61904525756836,63.14285659790039,63.42856979370117,4205
2026-04-10,63.904762268066406,63.904762268066406,63.42856979370117,63.42856979370117,15885
2026-04-13,63.42856979370117,63.42856979370117,62.66666412353516,63.33333206176758,11770
2026-04-14,62.85714340209961,63.523807525634766,62.85714340209961,63.0476188659668,8662
2026-04-15,63.33333206176758,63.33333206176758,62.85714340209961,62.9523811340332,14700
2026-04-16,62.66666412353516,63.0476188659668,62.57142639160156,63.0476188659668,26565
2026-04-17,62.66666412353516,63.14285659790039,62.380950927734375,62.761905670166016,32760
2026-04-20,62.380950927734375,62.66666412353516,62.19047546386719,62.66666412353516,34660
2026-04-21,62.66666412353516,62.66666412353516,62.19047546386719,62.47618865966797,38976
2026-04-22,62.57142639160156,62.57142639160156,61.71428680419922,62.0,53550
2026-04-23,61.61904525756836,61.904762268066406,60.9523811340332,61.238094329833984,58800
2026-04-24,61.523807525634766,61.523807525634766,61.238094329833984,61.33333206176758,18933
2026-04-27,61.904762268066406,61.904762268066406,60.85714340209961,61.33333206176758,21037
2026-04-28,61.61904525756836,61.61904525756836,60.9523811340332,61.33333206176758,17850
2026-04-29,61.71428680419922,61.71428680419922,61.14285659790039,61.33333206176758,8400
2026-04-30,61.71428680419922,61.71428680419922,61.238094329833984,61.523807525634766,7366
2026-05-04,61.80952453613281,61.80952453613281,61.33333206176758,61.42856979370117,9719
2026-05-05,62.0,62.0,61.42856979370117,61.42856979370117,5284
2026-05-06,61.42856979370117,61.523807525634766,61.0476188659668,61.42856979370117,15750
2026-05-07,61.42856979370117,61.42856979370117,61.14285659790039,61.42856979370117,21000
2026-05-08,62.0952377319336,63.0476188659668,62.0952377319336,62.761905670166016,45150
2026-05-11,62.761905670166016,63.14285659790039,62.761905670166016,63.0476188659668,32550
2026-05-12,62.380950927734375,63.14285659790039,62.19047546386719,62.761905670166016,36291
2026-05-13,62.0,62.47618865966797,61.80952453613281,61.904762268066406,38934
2026-05-14,61.904762268066406,62.0952377319336,61.61904525756836,61.61904525756836,43213
2026-05-15,62.0952377319336,62.0952377319336,61.61904525756836,61.71428680419922,20007
2026-05-18,61.71428680419922,61.71428680419922,61.238094329833984,61.71428680419922,8401
2026-05-19,61.71428680419922,61.71428680419922,61.42856979370117,61.42856979370117,21000
2026-05-20,61.71428680419922,61.71428680419922,61.14285659790039,61.238094329833984,12600
2026-05-21,61.61904525756836,61.61904525756836,61.14285659790039,61.42856979370117,13317
2026-05-22,61.14285659790039,61.61904525756836,61.14285659790039,61.42856979370117,12642
2026-05-25,61.71428680419922,61.71428680419922,61.14285659790039,61.42856979370117,19951
2026-05-26,62.28571319580078,62.28571319580078,61.42856979370117,61.71428680419922,8400
2026-05-27,62.0952377319336,62.0952377319336,61.238094329833984,61.904762268066406,24181
2026-05-28,62.19047546386719,62.19047546386719,61.523807525634766,61.61904525756836,16801
2026-05-29,61.61904525756836,61.904762268066406,61.523807525634766,61.71428680419922,11550
2026-06-01,61.71428680419922,61.71428680419922,61.42856979370117,61.61904525756836,14702
2026-06-02,61.61904525756836,61.904762268066406,61.42856979370117,61.523807525634766,35715
2026-06-03,61.80952453613281,61.904762268066406,61.42856979370117,61.904762268066406,33600
2026-06-04,61.904762268066406,62.761905670166016,61.80952453613281,62.761905670166016,35711
2026-06-05,62.19047546386719,63.0476188659668,61.904762268066406,62.19047546386719,31605
2026-06-08,61.33333206176758,62.28571319580078,61.238094329833984,61.42856979370117,22060
2026-06-09,61.523807525634766,62.0,61.523807525634766,61.61904525756836,24165
2026-06-10,62.47618865966797,62.47618865966797,61.33333206176758,61.42856979370117,17852
2026-06-11,61.71428680419922,61.71428680419922,61.238094329833984,61.61904525756836,9450
2026-06-12,61.33333206176758,61.80952453613281,61.33333206176758,61.80952453613281,8554
2026-06-15,63.14285659790039,63.14285659790039,61.61904525756836,61.80952453613281,15855
2026-06-16,61.61904525756836,61.904762268066406,61.523807525634766,61.904762268066406,6302
2026-06-17,61.904762268066406,61.904762268066406,61.0476188659668,61.42856979370117,16817
2026-06-18,61.80952453613281,62.0,61.71428680419922,61.904762268066406,18959
2026-06-22,62.0952377319336,62.761905670166016,62.0,62.0,8559
2026-06-23,62.66666412353516,62.66666412353516,61.80952453613281,62.19047546386719,10500
2026-06-24,60.66666412353516,62.19047546386719,60.57142639160156,61.42856979370117,24150
2026-06-25,61.42856979370117,61.904762268066406,61.42856979370117,61.42856979370117,13833
2026-06-26,61.14285659790039,61.14285659790039,60.380950927734375,60.380950927734375,25339
2026-06-29,61.523807525634766,61.523807525634766,61.0476188659668,61.0476188659668,9450
2026-06-30,61.42856979370117,61.523807525634766,60.9523811340332,61.238094329833984,18009
2026-07-01,61.42856979370117,61.42856979370117,60.85714340209961,60.85714340209961,10663
2026-07-02,61.238094329833984,61.42856979370117,60.761905670166016,61.14285659790039,15750
2026-07-03,61.523807525634766,61.523807525634766,61.523807525634766,61.523807525634766,5579
2026-07-06,61.904762268066406,61.904762268066406,61.523807525634766,61.523807525634766,4305
2026-07-07,61.14285659790039,61.14285659790039,59.80952453613281,60.0,125118
2026-07-08,59.904762268066406,59.904762268066406,58.19047546386719,58.380950927734375,129189
2026-07-09,59.238094329833984,59.238094329833984,57.904762268066406,58.66666412353516,24190
2026-07-10,58.66666412353516,58.66666412353516,58.66666412353516,58.66666412353516,0
2026-07-13,58.66666412353516,58.761905670166016,57.904762268066406,58.28571319580078,38894
2026-07-14,58.19047546386719,58.28571319580078,57.904762268066406,58.0952377319336,7350
2026-07-15,58.0,58.57142639160156,58.0,58.19047546386719,26289
2026-07-16,58.19047546386719,58.57142639160156,58.0,58.57142639160156,7371
2026-07-17,58.0952377319336,58.0952377319336,57.14285659790039,57.61904525756836,32550
2026-07-20,57.61904525756836,58.28571319580078,56.9523811340332,57.80952453613281,28360
2026-07-21,57.523807525634766,57.523807525634766,56.85714340209961,57.523807525634766,47395
2026-07-22,57.33333206176758,57.523807525634766,57.14285659790039,57.523807525634766,33600
2026-07-23,56.9523811340332,57.14285659790039,56.380950927734375,57.14285659790039,26250
2026-07-24,56.9523811340332,57.14285659790039,56.66666412353516,57.14285659790039,27300
2026-07-27,57.14285659790039,57.14285659790039,56.85714340209961,56.85714340209961,5356
2026-07-28,56.66666412353516,56.66666412353516,55.61904525756836,55.71428680419922,58800
2026-07-29,55.61904525756836,56.66666412353516,54.66666412353516,55.238094329833984,90302
2026-07-30,55.238094329833984,55.33333206176758,54.761905670166016,55.33333206176758,21000
2026-07-31,55.71428680419922,56.47618865966797,55.71428680419922,56.28571319580078,8532
2026-08-03,56.761905670166016,56.85714340209961,55.904762268066406,56.66666412353516,10605
2026-08-04,55.71428680419922,57.0476188659668,55.71428680419922,57.0476188659668,18024
2026-08-05,57.14285659790039,57.61904525756836,56.761905670166016,56.85714340209961,53575
2026-08-06,57.238094329833984,57.238094329833984,56.19047546386719,56.28571319580078,32781
2026-08-07,56.380950927734375,56.66666412353516,55.80952453613281,56.380950927734375,38899
2026-08-10,56.47618865966797,56.66666412353516,56.380950927734375,56.57142639160156,26437
2026-08-11,56.85714340209961,56.85714340209961,56.19047546386719,56.380950927734375,24150
2026-08-12,56.380950927734375,56.9523811340332,56.380950927734375,56.85714340209961,15925
2026-08-13,56.85714340209961,56.85714340209961,56.19047546386719,56.761905670166016,16852
2026-08-14,56.47618865966797,56.47618865966797,56.19047546386719,56.19047546386719,15802
2026-08-17,56.66666412353516,56.761905670166016,56.47618865966797,56.47618865966797,24165
2026-08-18,57.14285659790039,57.14285659790039,56.47618865966797,56.57142639160156,61047
2026-08-19,54.79999923706055,55.0,54.400001525878906,54.70000076293945,41024
2026-08-20,55.29999923706055,55.29999923706055,54.59999847412109,54.900001525878906,11003
2026-08-21,54.900001525878906,55.09999847412109,54.5,55.09999847412109,16016
2026-08-24,55.29999923706055,55.29999923706055,54.59999847412109,55.0,17367
2026-08-25,54.59999847412109,55.09999847412109,54.400001525878906,54.900001525878906,28000
2026-08-26,55.0,55.09999847412109,54.900001525878906,55.09999847412109,6393
2026-08-27,54.70000076293945,55.0,54.5,54.5,58022
2026-08-28,54.900001525878906,54.900001525878906,54.59999847412109,54.59999847412109,4000
2026-08-31,55.0,55.0,54.5,54.5,12000
2026-09-01,55.0,55.0,54.59999847412109,54.59999847412109,9600
2026-09-02,54.59999847412109,54.79999923706055,54.59999847412109,54.59999847412109,11000
2026-09-03,54.900001525878906,55.29999923706055,54.5,54.5,24000
2026-09-04,54.900001525878906,55.0,54.5,55.0,8000
2026-09-07,55.20000076293945,55.5,55.0,55.0,9020
2026-09-08,55.400001525878906,55.400001525878906,55.0,55.09999847412109,4000
2026-09-09,55.70000076293945,55.70000076293945,55.0,55.0,13037
2026-09-10,55.0,55.0,54.5,54.900001525878906,13000
2026-09-11,54.5,54.59999847412109,54.400001525878906,54.59999847412109,10000
2026-09-14,55.5,55.5,54.79999923706055,54.900001525878906,7003
2026-09-15,55.0,55.0,54.59999847412109,54.900001525878906,3018
2026-09-16,55.0,55.0,55.0,55.0,2100
2026-09-17,54.5,54.900001525878906,54.5,54.900001525878906,12000
2026-09-18,55.29999923706055,55.29999923706055,55.29999923706055,55.29999923706055,1000
2026-09-21,55.20000076293945,55.20000076293945,54.70000076293945,54.79999923706055,11243
2026-09-22,54.79999923706055,55.20000076293945,54.79999923706055,54.79999923706055,6055
2026-09-23,54.900001525878906,54.900001525878906,54.70000076293945,54.70000076293945,15085
2026-09-24,56.0,56.0,55.29999923706055,55.29999923706055,12000
2026-09-29,54.79999923706055,55.09999847412109,54.59999847412109,55.09999847412109,6005
2026-09-30,55.09999847412109,55.20000076293945,54.70000076293945,55.0,13003
2026-10-01,55.09999847412109,55.09999847412109,55.0,55.09999847412109,15000
2026-10-02,55.0,55.400001525878906,54.29999923706055,55.09999847412109,16792
2026-10-05,55.099998474121094,55.099998474121094,54.599998474121094,54.79999923706055,14100
2026-10-06,54.599998474121094,54.900001525878906,54.599998474121094,54.900001525878906,8100
2026-10-07,54.900001525878906,55.0,54.70000076293945,54.900001525878906,17000
