date,open,high,low,close,volume
2020-01-02,24.39999961853028,24.700000762939453,24.39999961853028,24.5,464230
2020-01-03,24.600000381469727,24.600000381469727,24.049999237060547,24.200000762939453,502400
2020-01-06,24.049999237060547,24.049999237060547,23.600000381469727,23.64999961853028,763474
2020-01-07,23.64999961853028,23.75,23.350000381469727,23.75,414877
2020-01-08,23.75,23.75,23.100000381469727,23.14999961853028,698600
2020-01-09,23.25,23.450000762939453,23.14999961853028,23.350000381469727,378326
2020-01-10,23.25,23.299999237060547,23.14999961853028,23.25,221100
2020-01-13,23.25,23.549999237060547,23.25,23.5,161511
2020-01-14,23.450000762939453,23.5,23.14999961853028,23.39999961853028,424087
2020-01-15,23.299999237060547,23.5,23.25,23.39999961853028,241859
2020-01-16,23.350000381469727,23.549999237060547,23.350000381469727,23.5,139115
2020-01-17,23.5,23.700000762939453,23.450000762939453,23.600000381469727,170993
2020-01-20,23.600000381469727,23.700000762939453,23.5,23.600000381469727,266690
2020-01-30,22.299999237060547,22.799999237060547,22.299999237060547,22.39999961853028,1423231
2020-01-31,22.39999961853028,22.89999961853028,22.39999961853028,22.600000381469727,574689
2020-02-03,22.200000762939453,22.799999237060547,22.0,22.75,718199
2020-02-04,23.64999961853028,23.700000762939453,22.64999961853028,22.64999961853028,980000
2020-02-05,22.64999961853028,22.64999961853028,22.350000381469727,22.39999961853028,535994
2020-02-06,22.549999237060547,22.89999961853028,22.5,22.5,619498
2020-02-07,22.600000381469727,22.600000381469727,22.299999237060547,22.39999961853028,467000
2020-02-10,23.200000762939453,23.200000762939453,22.25,22.350000381469727,743357
2020-02-11,22.5,22.75,22.5,22.700000762939453,228229
2020-02-12,22.75,22.799999237060547,22.600000381469727,22.700000762939453,407699
2020-02-13,23.14999961853028,23.14999961853028,22.700000762939453,22.75,162384
2020-02-14,22.799999237060547,22.950000762939453,22.799999237060547,22.950000762939453,175561
2020-02-17,22.850000381469727,22.850000381469727,22.700000762939453,22.850000381469727,131400
2020-02-18,22.799999237060547,22.799999237060547,22.700000762939453,22.799999237060547,282236
2020-02-19,22.700000762939453,22.950000762939453,22.700000762939453,22.850000381469727,228000
2020-02-20,22.950000762939453,23.0,22.850000381469727,22.950000762939453,160000
2020-02-21,22.950000762939453,23.549999237060547,22.950000762939453,23.450000762939453,965171
2020-02-24,23.299999237060547,23.350000381469727,22.850000381469727,22.950000762939453,963235
2020-02-25,22.799999237060547,23.600000381469727,22.799999237060547,23.600000381469727,1010400
2020-02-26,23.600000381469727,24.100000381469727,23.450000762939453,23.700000762939453,879165
2020-02-27,23.75,23.950000762939453,23.200000762939453,23.299999237060547,694001
2020-03-02,22.950000762939453,23.5,22.799999237060547,23.39999961853028,490195
2020-03-03,23.700000762939453,24.0,23.5,23.549999237060547,562587
2020-03-04,23.39999961853028,23.850000381469727,23.39999961853028,23.700000762939453,208056
2020-03-05,23.75,24.0,23.75,23.850000381469727,290130
2020-03-06,23.850000381469727,24.39999961853028,23.850000381469727,24.350000381469727,837865
2020-03-09,24.25,24.25,23.100000381469727,23.25,961466
2020-03-10,22.75,23.100000381469727,22.5,23.0,943411
2020-03-11,23.350000381469727,23.450000762939453,23.14999961853028,23.200000762939453,312510
2020-03-12,23.100000381469727,23.100000381469727,22.450000762939453,22.64999961853028,1135070
2020-03-13,21.5,21.5,20.950000762939453,21.5,1408299
2020-03-16,21.39999961853028,22.0,21.39999961853028,21.549999237060547,922050
2020-03-17,19.700000762939453,20.799999237060547,19.700000762939453,20.14999961853028,1626382
2020-03-18,20.350000381469727,20.549999237060547,20.0,20.0,833003
2020-03-19,19.700000762939453,19.700000762939453,18.0,18.100000381469727,1707999
2020-03-20,18.350000381469727,19.25,18.350000381469727,18.5,875796
2020-03-23,17.899999618530273,18.39999961853028,17.5,18.100000381469727,318070
2020-03-24,18.350000381469727,19.25,18.350000381469727,19.200000762939453,610000
2020-03-25,19.950000762939453,20.200000762939453,19.75,19.950000762939453,630174
2020-03-26,19.950000762939453,20.0,19.600000381469727,19.89999961853028,300392
2020-03-27,20.100000381469727,20.549999237060547,19.850000381469727,19.89999961853028,443000
2020-03-30,19.549999237060547,20.450000762939453,19.5,20.39999961853028,320312
2020-03-31,20.450000762939453,20.450000762939453,20.100000381469727,20.39999961853028,362000
2020-04-01,20.299999237060547,20.350000381469727,20.049999237060547,20.100000381469727,218231
2020-04-06,20.100000381469727,20.14999961853028,19.5,20.049999237060547,605140
2020-04-07,20.100000381469727,20.450000762939453,20.0,20.14999961853028,671049
2020-04-08,20.299999237060547,20.39999961853028,19.89999961853028,20.299999237060547,1118653
2020-04-09,20.5,20.549999237060547,20.200000762939453,20.200000762939453,478763
2020-04-10,20.25,21.549999237060547,20.25,21.450000762939453,770099
2020-04-13,21.450000762939453,21.5,20.850000381469727,21.100000381469727,508003
2020-04-14,21.200000762939453,21.350000381469727,21.100000381469727,21.350000381469727,444719
2020-04-15,21.350000381469727,21.39999961853028,21.0,21.14999961853028,792499
2020-04-16,21.100000381469727,21.450000762939453,21.049999237060547,21.350000381469727,353000
2020-04-17,21.549999237060547,21.600000381469727,21.299999237060547,21.350000381469727,405000
2020-04-20,21.39999961853028,21.39999961853028,21.25,21.39999961853028,254433
2020-04-21,21.299999237060547,21.299999237060547,20.64999961853028,20.64999961853028,618522
2020-04-22,20.350000381469727,20.600000381469727,20.299999237060547,20.600000381469727,303199
2020-04-23,20.64999961853028,20.700000762939453,20.39999961853028,20.549999237060547,377000
2020-04-24,20.5,20.700000762939453,20.5,20.600000381469727,117402
2020-04-27,20.600000381469727,21.0,20.600000381469727,21.0,386137
2020-04-28,21.100000381469727,21.350000381469727,21.100000381469727,21.25,173000
2020-04-29,21.200000762939453,21.89999961853028,21.200000762939453,21.64999961853028,426192
2020-04-30,21.799999237060547,22.14999961853028,21.700000762939453,21.950000762939453,512290
2020-05-04,21.64999961853028,21.64999961853028,21.200000762939453,21.39999961853028,527000
2020-05-05,21.39999961853028,21.64999961853028,21.350000381469727,21.549999237060547,233397
2020-05-06,21.64999961853028,21.75,21.5,21.600000381469727,366260
2020-05-07,21.700000762939453,21.850000381469727,21.600000381469727,21.700000762939453,287400
2020-05-08,21.75,22.700000762939453,21.75,22.450000762939453,958215
2020-05-11,22.600000381469727,24.100000381469727,22.600000381469727,23.549999237060547,2222249
2020-05-12,23.549999237060547,23.549999237060547,23.0,23.25,1073429
2020-05-13,23.299999237060547,23.799999237060547,23.14999961853028,23.700000762939453,718486
2020-05-14,23.549999237060547,23.700000762939453,22.700000762939453,22.950000762939453,1242806
2020-05-15,23.0,23.200000762939453,22.600000381469727,22.850000381469727,609511
2020-05-18,22.850000381469727,23.14999961853028,22.799999237060547,22.950000762939453,499000
2020-05-19,23.14999961853028,24.0,23.14999961853028,24.0,1641353
2020-05-20,23.799999237060547,24.0,23.549999237060547,23.850000381469727,930167
2020-05-21,24.100000381469727,24.100000381469727,23.5,23.799999237060547,1081613
2020-05-22,23.600000381469727,23.600000381469727,23.0,23.100000381469727,915400
2020-05-25,23.14999961853028,23.5,23.100000381469727,23.39999961853028,418192
2020-05-26,23.549999237060547,23.89999961853028,23.5,23.75,794200
2020-05-27,23.700000762939453,23.799999237060547,23.5,23.5,861000
2020-05-28,23.600000381469727,23.89999961853028,23.350000381469727,23.350000381469727,638000
2020-05-29,23.299999237060547,23.350000381469727,23.200000762939453,23.25,405944
2020-06-01,23.299999237060547,23.850000381469727,23.299999237060547,23.850000381469727,676598
2020-06-02,23.950000762939453,24.200000762939453,23.75,23.950000762939453,1281500
2020-06-03,24.0,24.200000762939453,23.850000381469727,24.14999961853028,1351548
2020-06-04,24.200000762939453,24.200000762939453,23.850000381469727,24.0,664399
2020-06-05,24.100000381469727,24.100000381469727,23.600000381469727,23.75,2072099
2020-06-08,23.799999237060547,24.5,23.799999237060547,24.450000762939453,1250451
2020-06-09,24.5,24.700000762939453,24.200000762939453,24.450000762939453,761773
2020-06-10,24.450000762939453,24.5,24.25,24.450000762939453,413835
2020-06-11,24.39999961853028,24.450000762939453,23.64999961853028,23.700000762939453,692705
2020-06-12,23.25,23.25,22.89999961853028,23.200000762939453,1354500
2020-06-15,23.299999237060547,23.39999961853028,23.100000381469727,23.100000381469727,640805
2020-06-16,23.350000381469727,23.39999961853028,23.100000381469727,23.350000381469727,512837
2020-06-17,23.39999961853028,23.450000762939453,23.299999237060547,23.450000762939453,252167
2020-06-18,23.549999237060547,23.64999961853028,23.39999961853028,23.600000381469727,237010
2020-06-19,23.600000381469727,23.64999961853028,23.39999961853028,23.39999961853028,429000
2020-06-22,23.39999961853028,23.700000762939453,23.39999961853028,23.64999961853028,398897
2020-06-23,23.700000762939453,23.799999237060547,23.600000381469727,23.75,255200
2020-06-24,23.700000762939453,23.850000381469727,23.64999961853028,23.850000381469727,199199
2020-06-29,23.799999237060547,23.799999237060547,23.5,23.600000381469727,600031
2020-06-30,23.75,23.850000381469727,23.600000381469727,23.64999961853028,412130
2020-07-01,23.700000762939453,24.049999237060547,23.64999961853028,23.950000762939453,437691
2020-07-02,24.100000381469727,24.200000762939453,23.950000762939453,24.100000381469727,593821
2020-07-03,24.200000762939453,24.25,23.89999961853028,24.0,878443
2020-07-06,24.0,24.5,24.0,24.14999961853028,693000
2020-07-07,24.200000762939453,24.299999237060547,23.799999237060547,23.950000762939453,746150
2020-07-08,23.950000762939453,24.0,23.850000381469727,23.89999961853028,347997
2020-07-09,23.950000762939453,24.0,23.75,23.799999237060547,476839
2020-07-10,23.850000381469727,23.850000381469727,23.5,23.5,757299
2020-07-13,23.700000762939453,23.89999961853028,23.450000762939453,23.850000381469727,462400
2020-07-14,23.850000381469727,24.200000762939453,23.799999237060547,24.0,692200
2020-07-15,24.100000381469727,25.0,24.100000381469727,24.950000762939453,2150404
2020-07-16,25.0,25.450000762939453,24.600000381469727,25.100000381469727,2069129
2020-07-17,25.049999237060547,25.100000381469727,24.39999961853028,24.549999237060547,1023325
2020-07-20,24.600000381469727,24.600000381469727,23.89999961853028,24.200000762939453,945099
2020-07-21,24.25,24.5,24.049999237060547,24.39999961853028,515340
2020-07-22,24.39999961853028,24.600000381469727,24.299999237060547,24.450000762939453,343484
2020-07-23,24.5,24.5,24.299999237060547,24.5,290316
2020-07-24,24.350000381469727,24.350000381469727,23.850000381469727,23.950000762939453,1377150
2020-07-27,23.950000762939453,24.14999961853028,23.64999961853028,23.700000762939453,667899
2020-07-28,23.700000762939453,23.75,23.5,23.5,435268
2020-07-29,23.450000762939453,23.75,23.450000762939453,23.600000381469727,601199
2020-07-30,23.700000762939453,23.799999237060547,23.549999237060547,23.75,177000
2020-07-31,23.600000381469727,23.799999237060547,23.549999237060547,23.75,378199
2020-08-03,23.75,24.0,23.700000762939453,23.75,399199
2020-08-04,23.75,24.049999237060547,23.700000762939453,23.799999237060547,367575
2020-08-05,23.799999237060547,24.0,23.75,23.850000381469727,236500
2020-08-06,23.950000762939453,24.14999961853028,23.75,23.799999237060547,588347
2020-08-07,23.850000381469727,23.950000762939453,23.75,23.850000381469727,349053
2020-08-10,24.0,24.450000762939453,23.850000381469727,24.39999961853028,507605
2020-08-11,24.5,24.950000762939453,24.299999237060547,24.799999237060547,928800
2020-08-12,24.799999237060547,24.799999237060547,24.450000762939453,24.549999237060547,257550
2020-08-13,24.75,24.75,24.200000762939453,24.25,475000
2020-08-14,24.25,24.5,24.14999961853028,24.450000762939453,429119
2020-08-17,24.5,25.0,24.5,24.950000762939453,997720
2020-08-18,25.0,25.200000762939453,24.64999961853028,24.89999961853028,1027320
2020-08-19,24.950000762939453,25.049999237060547,24.75,24.850000381469727,1041000
2020-08-20,24.850000381469727,25.0,24.049999237060547,24.5,1719153
2020-08-21,22.64999961853028,23.5,22.64999961853028,23.5,1738201
2020-08-24,23.450000762939453,23.450000762939453,23.25,23.39999961853028,212150
2020-08-25,23.450000762939453,23.64999961853028,23.299999237060547,23.600000381469727,353350
2020-08-26,23.600000381469727,23.950000762939453,23.600000381469727,23.850000381469727,528001
2020-08-27,24.0,24.0,23.75,23.89999961853028,304800
2020-08-28,23.89999961853028,24.100000381469727,23.850000381469727,23.950000762939453,345422
2020-08-31,24.049999237060547,24.39999961853028,23.950000762939453,24.100000381469727,555100
2020-09-01,24.14999961853028,24.14999961853028,23.950000762939453,24.049999237060547,293166
2020-09-02,23.950000762939453,23.950000762939453,23.549999237060547,23.850000381469727,629194
2020-09-03,23.799999237060547,23.89999961853028,23.64999961853028,23.700000762939453,332399
2020-09-04,23.549999237060547,23.950000762939453,23.39999961853028,23.950000762939453,686624
2020-09-07,24.0,24.39999961853028,24.0,24.049999237060547,656074
2020-09-08,24.200000762939453,24.39999961853028,24.100000381469727,24.25,540395
2020-09-09,24.0,24.350000381469727,23.89999961853028,24.100000381469727,378300
2020-09-10,24.350000381469727,24.350000381469727,23.799999237060547,23.89999961853028,628127
2020-09-11,23.950000762939453,23.950000762939453,23.64999961853028,23.75,315630
2020-09-14,23.64999961853028,24.0,23.64999961853028,23.950000762939453,353583
2020-09-15,24.049999237060547,24.049999237060547,23.799999237060547,23.950000762939453,190111
2020-09-16,24.0,24.14999961853028,23.799999237060547,24.0,547300
2020-09-17,23.89999961853028,24.049999237060547,23.89999961853028,24.049999237060547,275300
2020-09-18,24.049999237060547,24.299999237060547,24.0,24.299999237060547,555747
2020-09-21,24.299999237060547,24.700000762939453,24.25,24.64999961853028,997764
2020-09-22,24.64999961853028,24.64999961853028,24.14999961853028,24.450000762939453,367226
2020-09-23,24.549999237060547,24.549999237060547,23.700000762939453,23.75,852000
2020-09-24,23.700000762939453,23.700000762939453,23.25,23.350000381469727,1060101
2020-09-25,23.350000381469727,23.5,23.14999961853028,23.39999961853028,575301
2020-09-28,23.5,23.600000381469727,23.350000381469727,23.549999237060547,206423
2020-09-29,23.549999237060547,23.64999961853028,23.299999237060547,23.549999237060547,332000
2020-09-30,23.5,23.64999961853028,23.39999961853028,23.450000762939453,234102
2020-10-05,23.350000381469727,23.75,23.350000381469727,23.700000762939453,362000
2020-10-06,23.700000762939453,23.75,23.64999961853028,23.700000762939453,186691
2020-10-07,23.700000762939453,23.700000762939453,23.5,23.700000762939453,254242
2020-10-08,23.700000762939453,24.0,23.700000762939453,24.0,415200
2020-10-12,24.200000762939453,24.200000762939453,23.850000381469727,24.049999237060547,630123
2020-10-13,24.0,24.0,23.75,23.89999961853028,267606
2020-10-14,23.89999961853028,24.14999961853028,23.799999237060547,24.049999237060547,308000
2020-10-15,24.0,24.100000381469727,23.799999237060547,23.950000762939453,459000
2020-10-16,23.950000762939453,24.100000381469727,23.799999237060547,23.850000381469727,459020
2020-10-19,24.0,24.200000762939453,24.0,24.200000762939453,755500
2020-10-20,24.200000762939453,24.299999237060547,24.100000381469727,24.25,341630
2020-10-21,24.299999237060547,24.39999961853028,24.25,24.39999961853028,501745
2020-10-22,24.350000381469727,25.14999961853028,24.299999237060547,24.75,3299588
2020-10-23,24.89999961853028,24.950000762939453,24.64999961853028,24.799999237060547,484620
2020-10-26,24.75,25.049999237060547,24.64999961853028,24.75,592701
2020-10-27,24.600000381469727,24.799999237060547,24.5,24.700000762939453,382001
2020-10-28,24.700000762939453,24.700000762939453,24.049999237060547,24.25,698000
2020-10-29,24.0,24.0,23.850000381469727,23.89999961853028,559228
2020-10-30,23.89999961853028,23.950000762939453,23.75,23.75,416000
2020-11-02,23.700000762939453,23.950000762939453,23.700000762939453,23.950000762939453,266388
2020-11-03,23.950000762939453,24.049999237060547,23.850000381469727,23.950000762939453,427000
2020-11-04,23.950000762939453,24.049999237060547,23.850000381469727,24.0,365131
2020-11-05,23.850000381469727,23.950000762939453,23.75,23.850000381469727,503000
2020-11-06,23.850000381469727,23.850000381469727,23.64999961853028,23.75,670999
2020-11-09,23.75,23.850000381469727,23.75,23.799999237060547,449012
2020-11-10,24.0,24.0,23.700000762939453,23.850000381469727,505199
2020-11-11,23.850000381469727,23.950000762939453,23.799999237060547,23.89999961853028,479124
2020-11-12,23.89999961853028,23.950000762939453,23.549999237060547,23.600000381469727,664100
2020-11-13,23.600000381469727,23.64999961853028,23.39999961853028,23.5,916891
2020-11-16,23.5,23.549999237060547,23.450000762939453,23.5,629300
2020-11-17,23.600000381469727,23.600000381469727,23.5,23.600000381469727,220345
2020-11-18,23.549999237060547,23.700000762939453,23.5,23.700000762939453,219611
2020-11-19,23.64999961853028,23.700000762939453,23.549999237060547,23.549999237060547,222250
2020-11-20,23.600000381469727,23.600000381469727,23.5,23.549999237060547,226049
2020-11-23,23.549999237060547,23.600000381469727,23.39999961853028,23.600000381469727,482921
2020-11-24,23.600000381469727,23.799999237060547,23.549999237060547,23.75,426000
2020-11-25,23.799999237060547,23.850000381469727,23.64999961853028,23.700000762939453,448099
2020-11-26,23.700000762939453,24.049999237060547,23.700000762939453,24.0,726172
2020-11-27,24.049999237060547,24.14999961853028,23.89999961853028,24.14999961853028,559299
2020-11-30,24.200000762939453,24.39999961853028,24.049999237060547,24.049999237060547,1123945
2020-12-01,24.200000762939453,24.200000762939453,23.950000762939453,24.0,266000
2020-12-02,24.0,24.0,23.700000762939453,23.799999237060547,499100
2020-12-03,23.700000762939453,23.799999237060547,23.549999237060547,23.64999961853028,709520
2020-12-04,23.600000381469727,23.75,23.5,23.549999237060547,716821
2020-12-07,23.450000762939453,23.549999237060547,23.350000381469727,23.39999961853028,1903275
2020-12-08,23.39999961853028,23.39999961853028,23.200000762939453,23.350000381469727,1264500
2020-12-09,23.25,23.299999237060547,23.0,23.14999961853028,1039948
2020-12-10,23.100000381469727,23.14999961853028,23.0,23.100000381469727,487556
2020-12-11,23.0,23.100000381469727,22.75,22.850000381469727,1673024
2020-12-14,22.700000762939453,22.89999961853028,22.64999961853028,22.75,825019
2020-12-15,22.75,22.75,22.600000381469727,22.600000381469727,493246
2020-12-16,22.700000762939453,23.0,22.700000762939453,22.89999961853028,793000
2020-12-17,22.799999237060547,22.89999961853028,22.75,22.799999237060547,660147
2020-12-18,22.799999237060547,22.799999237060547,22.600000381469727,22.600000381469727,681232
2020-12-21,22.600000381469727,22.700000762939453,22.5,22.600000381469727,667399
2020-12-22,22.600000381469727,22.64999961853028,22.5,22.5,427245
2020-12-23,22.5,22.549999237060547,22.450000762939453,22.450000762939453,654099
2020-12-24,22.450000762939453,22.600000381469727,22.450000762939453,22.600000381469727,161000
2020-12-25,22.64999961853028,22.64999961853028,22.450000762939453,22.549999237060547,282017
2020-12-28,22.64999961853028,22.799999237060547,22.5,22.75,391852
2020-12-29,22.75,22.75,22.600000381469727,22.64999961853028,208200
2020-12-30,22.64999961853028,23.14999961853028,22.64999961853028,23.0,971000
2020-12-31,23.049999237060547,23.14999961853028,22.950000762939453,23.0,488162
2021-01-04,23.0,23.0,22.799999237060547,22.950000762939453,317043
2021-01-05,22.950000762939453,23.0,22.75,22.850000381469727,583043
2021-01-06,22.799999237060547,22.89999961853028,22.5,22.64999961853028,624001
2021-01-07,22.64999961853028,22.75,22.600000381469727,22.75,366400
2021-01-08,22.700000762939453,22.700000762939453,22.5,22.600000381469727,384305
2021-01-11,22.5,22.64999961853028,22.5,22.549999237060547,125674
2021-01-12,22.64999961853028,22.75,22.5,22.600000381469727,392001
2021-01-13,22.549999237060547,22.64999961853028,22.450000762939453,22.600000381469727,477236
2021-01-14,22.5,22.600000381469727,22.450000762939453,22.549999237060547,281054
2021-01-15,22.5,22.549999237060547,22.25,22.350000381469727,640000
2021-01-18,22.299999237060547,22.39999961853028,22.14999961853028,22.200000762939453,554290
2021-01-19,22.200000762939453,22.299999237060547,22.14999961853028,22.200000762939453,223000
2021-01-20,22.200000762939453,22.200000762939453,21.75,21.75,1625543
2021-01-21,21.700000762939453,21.799999237060547,21.64999961853028,21.64999961853028,625000
2021-01-22,21.64999961853028,21.700000762939453,21.549999237060547,21.600000381469727,496298
2021-01-25,21.600000381469727,21.600000381469727,21.450000762939453,21.5,307002
2021-01-26,21.450000762939453,21.850000381469727,21.450000762939453,21.549999237060547,134000
2021-01-27,21.600000381469727,21.64999961853028,21.5,21.600000381469727,168000
2021-01-28,21.549999237060547,21.600000381469727,21.5,21.5,405553
2021-01-29,21.5,21.549999237060547,21.39999961853028,21.39999961853028,411201
2021-02-01,21.25,21.600000381469727,21.25,21.5,249499
2021-02-02,21.39999961853028,21.850000381469727,21.39999961853028,21.799999237060547,125598
2021-02-03,21.850000381469727,21.850000381469727,21.64999961853028,21.799999237060547,93500
2021-02-04,21.64999961853028,21.850000381469727,21.64999961853028,21.700000762939453,152002
2021-02-05,21.799999237060547,22.0,21.799999237060547,21.850000381469727,146002
2021-02-17,21.850000381469727,21.950000762939453,21.700000762939453,21.950000762939453,206135
2021-02-18,21.950000762939453,22.299999237060547,21.89999961853028,22.299999237060547,221250
2021-02-19,22.200000762939453,22.299999237060547,22.100000381469727,22.25,223100
2021-02-22,22.350000381469727,22.350000381469727,22.100000381469727,22.25,212206
2021-02-23,22.14999961853028,22.600000381469727,22.14999961853028,22.600000381469727,394020
2021-02-24,22.600000381469727,22.700000762939453,22.39999961853028,22.549999237060547,334022
2021-02-25,22.5,22.64999961853028,22.450000762939453,22.64999961853028,216500
2021-02-26,22.64999961853028,22.64999961853028,22.299999237060547,22.549999237060547,241141
2021-03-02,22.600000381469727,22.600000381469727,22.39999961853028,22.39999961853028,170137
2021-03-03,22.350000381469727,22.600000381469727,22.350000381469727,22.549999237060547,258507
2021-03-04,22.549999237060547,22.549999237060547,22.299999237060547,22.39999961853028,199000
2021-03-05,22.39999961853028,22.39999961853028,22.14999961853028,22.14999961853028,275003
2021-03-08,22.25,22.39999961853028,22.25,22.299999237060547,86000
2021-03-09,22.450000762939453,22.64999961853028,22.299999237060547,22.5,219000
2021-03-10,22.5,22.64999961853028,22.5,22.549999237060547,123522
2021-03-11,22.600000381469727,22.89999961853028,22.549999237060547,22.600000381469727,333043
2021-03-12,22.600000381469727,22.600000381469727,22.450000762939453,22.5,186100
2021-03-15,22.5,22.64999961853028,22.450000762939453,22.600000381469727,130588
2021-03-16,22.700000762939453,22.850000381469727,22.64999961853028,22.799999237060547,215029
2021-03-17,22.799999237060547,22.89999961853028,22.700000762939453,22.799999237060547,145000
2021-03-18,22.799999237060547,22.850000381469727,22.75,22.75,293122
2021-03-19,22.600000381469727,22.64999961853028,22.5,22.549999237060547,309199
2021-03-22,22.450000762939453,22.75,22.39999961853028,22.75,363630
2021-03-23,22.75,22.75,22.450000762939453,22.5,207243
2021-03-24,22.450000762939453,22.5,22.299999237060547,22.39999961853028,273000
2021-03-25,22.350000381469727,22.549999237060547,22.350000381469727,22.39999961853028,312294
2021-03-26,22.5,22.600000381469727,22.39999961853028,22.600000381469727,398175
2021-03-29,22.600000381469727,22.799999237060547,22.549999237060547,22.64999961853028,358200
2021-03-30,22.64999961853028,22.64999961853028,22.5,22.549999237060547,374499
2021-03-31,22.5,22.600000381469727,22.5,22.600000381469727,156121
2021-04-01,22.549999237060547,22.600000381469727,22.5,22.600000381469727,190000
2021-04-07,22.700000762939453,22.89999961853028,22.700000762939453,22.799999237060547,359818
2021-04-08,22.799999237060547,22.950000762939453,22.75,22.799999237060547,536503
2021-04-09,22.799999237060547,22.799999237060547,22.64999961853028,22.700000762939453,286705
2021-04-12,22.700000762939453,22.850000381469727,22.600000381469727,22.64999961853028,913986
2021-04-13,22.700000762939453,22.75,22.600000381469727,22.64999961853028,406081
2021-04-14,22.64999961853028,22.700000762939453,22.350000381469727,22.549999237060547,784272
2021-04-15,22.450000762939453,22.64999961853028,22.450000762939453,22.600000381469727,227008
2021-04-16,22.600000381469727,22.75,22.549999237060547,22.75,412526
2021-04-19,22.850000381469727,23.100000381469727,22.700000762939453,23.100000381469727,987610
2021-04-20,23.100000381469727,23.200000762939453,22.89999961853028,22.89999961853028,706000
2021-04-21,22.89999961853028,23.049999237060547,22.700000762939453,22.89999961853028,755801
2021-04-22,22.89999961853028,24.25,22.89999961853028,23.14999961853028,3991816
2021-04-23,23.0,23.700000762939453,22.950000762939453,23.25,1022060
2021-04-26,23.600000381469727,23.600000381469727,23.299999237060547,23.39999961853028,737238
2021-04-27,23.39999961853028,23.850000381469727,23.39999961853028,23.600000381469727,1357642
2021-04-28,23.600000381469727,23.799999237060547,23.549999237060547,23.75,742989
2021-04-29,23.850000381469727,24.0,23.700000762939453,23.700000762939453,904301
2021-05-03,23.850000381469727,23.850000381469727,23.25,23.25,496350
2021-05-04,23.39999961853028,23.39999961853028,22.5,22.75,835002
2021-05-05,22.75,22.950000762939453,22.5,22.799999237060547,308000
2021-05-06,22.89999961853028,23.200000762939453,22.850000381469727,22.850000381469727,409741
2021-05-07,22.89999961853028,23.049999237060547,22.799999237060547,22.950000762939453,272015
2021-05-10,23.049999237060547,23.200000762939453,22.850000381469727,23.14999961853028,388004
2021-05-11,23.14999961853028,23.25,22.700000762939453,22.75,601300
2021-05-12,22.600000381469727,22.700000762939453,21.600000381469727,21.700000762939453,1526035
2021-05-13,21.5,21.89999961853028,21.450000762939453,21.450000762939453,635000
2021-05-14,21.89999961853028,21.89999961853028,21.450000762939453,21.450000762939453,447267
2021-05-17,20.799999237060547,20.950000762939453,20.0,20.25,888008
2021-05-18,20.5,21.25,20.5,21.200000762939453,238541
2021-05-19,21.200000762939453,21.350000381469727,21.100000381469727,21.200000762939453,615099
2021-05-20,21.25,21.25,20.950000762939453,21.14999961853028,108066
2021-05-21,21.39999961853028,21.450000762939453,21.14999961853028,21.39999961853028,117240
2021-05-24,21.39999961853028,21.39999961853028,20.950000762939453,21.100000381469727,302317
2021-05-25,21.39999961853028,21.39999961853028,21.14999961853028,21.200000762939453,168051
2021-05-26,21.200000762939453,21.350000381469727,21.14999961853028,21.350000381469727,134001
2021-05-27,21.350000381469727,21.350000381469727,21.100000381469727,21.299999237060547,129002
2021-05-28,21.299999237060547,21.549999237060547,21.299999237060547,21.549999237060547,174001
2021-05-31,21.600000381469727,21.700000762939453,21.549999237060547,21.700000762939453,166000
2021-06-01,21.64999961853028,21.799999237060547,21.64999961853028,21.799999237060547,106000
2021-06-02,21.89999961853028,21.89999961853028,21.75,21.850000381469727,88000
2021-06-03,21.75,22.100000381469727,21.75,21.950000762939453,81085
2021-06-04,21.89999961853028,21.89999961853028,21.75,21.850000381469727,68000
2021-06-07,21.89999961853028,22.0,21.75,21.89999961853028,140000
2021-06-08,21.89999961853028,21.89999961853028,21.700000762939453,21.89999961853028,49045
2021-06-09,21.89999961853028,21.89999961853028,21.75,21.850000381469727,105000
2021-06-10,21.799999237060547,22.14999961853028,21.799999237060547,22.0,132000
2021-06-11,22.0,22.0,21.799999237060547,22.0,74044
2021-06-15,22.0,22.049999237060547,21.799999237060547,22.0,258999
2021-06-16,22.049999237060547,22.100000381469727,21.799999237060547,21.89999961853028,121000
2021-06-17,21.799999237060547,21.950000762939453,21.799999237060547,21.799999237060547,74000
2021-06-18,21.799999237060547,21.850000381469727,21.700000762939453,21.75,202010
2021-06-21,21.64999961853028,21.89999961853028,21.600000381469727,21.600000381469727,194220
2021-06-22,21.700000762939453,21.75,21.450000762939453,21.5,207151
2021-06-23,21.5,21.700000762939453,21.5,21.700000762939453,107604
2021-06-24,21.75,21.850000381469727,21.700000762939453,21.75,83000
2021-06-25,21.64999961853028,21.799999237060547,21.600000381469727,21.600000381469727,264000
2021-06-28,21.600000381469727,21.799999237060547,21.549999237060547,21.64999961853028,117099
2021-06-29,21.64999961853028,21.64999961853028,21.5,21.64999961853028,154020
2021-06-30,21.600000381469727,21.64999961853028,21.549999237060547,21.64999961853028,113499
2021-07-01,21.600000381469727,21.700000762939453,21.600000381469727,21.64999961853028,112166
2021-07-02,21.75,21.850000381469727,21.64999961853028,21.64999961853028,153299
2021-07-05,21.64999961853028,21.799999237060547,21.64999961853028,21.799999237060547,159370
2021-07-06,21.799999237060547,21.850000381469727,21.700000762939453,21.850000381469727,98312
2021-07-07,21.850000381469727,21.89999961853028,21.700000762939453,21.799999237060547,230844
2021-07-08,21.75,21.89999961853028,21.75,21.850000381469727,152200
2021-07-09,21.799999237060547,21.850000381469727,21.700000762939453,21.75,123000
2021-07-12,21.75,21.850000381469727,21.75,21.850000381469727,72300
2021-07-13,21.850000381469727,21.950000762939453,21.75,21.850000381469727,233543
2021-07-14,21.799999237060547,21.89999961853028,21.799999237060547,21.799999237060547,81221
2021-07-15,21.850000381469727,21.850000381469727,21.75,21.850000381469727,347464
2021-07-16,21.850000381469727,21.950000762939453,21.75,21.89999961853028,109117
2021-07-19,21.850000381469727,22.0,21.850000381469727,22.0,96213
2021-07-20,22.0,22.0,21.850000381469727,21.850000381469727,95159
2021-07-21,21.850000381469727,22.049999237060547,21.850000381469727,21.850000381469727,73000
2021-07-22,22.0,22.100000381469727,21.850000381469727,21.89999961853028,165000
2021-07-23,22.0,22.100000381469727,21.950000762939453,22.100000381469727,141592
2021-07-26,22.200000762939453,22.200000762939453,22.049999237060547,22.100000381469727,93000
2021-07-27,22.100000381469727,22.200000762939453,22.049999237060547,22.14999961853028,68343
2021-07-28,22.25,22.25,21.799999237060547,21.850000381469727,184687
2021-07-29,21.799999237060547,22.0,21.799999237060547,22.0,71000
2021-07-30,21.89999961853028,21.89999961853028,21.75,21.75,206999
2021-08-02,21.700000762939453,21.950000762939453,21.700000762939453,21.850000381469727,319112
2021-08-03,21.75,22.0,21.75,21.850000381469727,198391
2021-08-04,21.850000381469727,21.950000762939453,21.75,21.850000381469727,174399
2021-08-05,21.75,21.89999961853028,21.75,21.75,242543
2021-08-06,21.799999237060547,22.0,21.75,21.950000762939453,350000
2021-08-09,21.950000762939453,22.14999961853028,21.850000381469727,22.049999237060547,366050
2021-08-10,22.14999961853028,22.14999961853028,21.950000762939453,22.0,150000
2021-08-11,22.100000381469727,22.100000381469727,21.950000762939453,22.0,323399
2021-08-12,22.0,22.299999237060547,22.0,22.200000762939453,464001
2021-08-13,22.14999961853028,22.200000762939453,22.049999237060547,22.14999961853028,236000
2021-08-16,22.100000381469727,22.100000381469727,21.89999961853028,22.0,194747
2021-08-17,22.0,22.0,22.0,22.0,0
2021-08-18,21.700000762939453,21.850000381469727,21.600000381469727,21.75,139105
2021-08-19,21.799999237060547,21.799999237060547,21.600000381469727,21.700000762939453,210000
2021-08-20,21.950000762939453,21.950000762939453,21.5,21.549999237060547,187000
2021-08-23,21.549999237060547,21.799999237060547,21.549999237060547,21.600000381469727,292210
2021-08-24,20.39999961853028,20.850000381469727,20.39999961853028,20.549999237060547,309151
2021-08-25,20.549999237060547,20.850000381469727,20.549999237060547,20.75,110070
2021-08-26,20.700000762939453,20.799999237060547,20.549999237060547,20.64999961853028,175452
2021-08-27,20.600000381469727,21.25,20.600000381469727,21.25,320146
2021-08-30,21.350000381469727,21.450000762939453,21.200000762939453,21.450000762939453,198463
2021-08-31,21.450000762939453,21.450000762939453,21.200000762939453,21.450000762939453,71053
2021-09-01,21.39999961853028,21.64999961853028,21.39999961853028,21.600000381469727,166070
2021-09-02,21.600000381469727,21.64999961853028,21.299999237060547,21.5,43110
2021-09-03,21.600000381469727,21.600000381469727,21.299999237060547,21.5,82000
2021-09-06,21.600000381469727,21.600000381469727,21.299999237060547,21.299999237060547,106050
2021-09-07,21.299999237060547,21.299999237060547,21.049999237060547,21.100000381469727,55040
2021-09-08,21.25,21.25,20.850000381469727,20.850000381469727,67000
2021-09-09,21.0,21.0,20.75,20.75,64000
2021-09-10,20.75,20.850000381469727,20.64999961853028,20.700000762939453,202000
2021-09-13,20.700000762939453,21.100000381469727,20.600000381469727,21.049999237060547,207050
2021-09-14,21.100000381469727,21.200000762939453,21.0,21.200000762939453,79249
2021-09-15,21.200000762939453,21.39999961853028,21.0,21.0,329060
2021-09-16,21.350000381469727,21.350000381469727,20.75,20.799999237060547,338785
2021-09-17,20.89999961853028,21.0,20.850000381469727,20.950000762939453,99500
2021-09-22,20.799999237060547,20.850000381469727,20.700000762939453,20.700000762939453,229249
2021-09-23,20.75,20.799999237060547,20.75,20.799999237060547,293000
2021-09-24,20.799999237060547,21.0,20.799999237060547,20.799999237060547,381077
2021-09-27,21.049999237060547,21.200000762939453,20.850000381469727,21.0,159708
2021-09-28,21.200000762939453,21.299999237060547,21.14999961853028,21.14999961853028,168050
2021-09-29,20.850000381469727,21.200000762939453,20.850000381469727,21.200000762939453,91000
2021-09-30,21.0,21.25,21.0,21.200000762939453,37000
2021-10-01,21.14999961853028,21.14999961853028,20.89999961853028,20.950000762939453,191000
2021-10-04,20.850000381469727,21.049999237060547,20.850000381469727,20.950000762939453,74000
2021-10-05,20.850000381469727,21.14999961853028,20.850000381469727,21.14999961853028,172064
2021-10-06,21.049999237060547,21.100000381469727,20.950000762939453,20.950000762939453,35000
2021-10-07,21.200000762939453,21.200000762939453,21.0,21.200000762939453,191391
2021-10-08,21.0,21.200000762939453,21.0,21.200000762939453,21845
2021-10-12,21.0,21.200000762939453,20.950000762939453,20.950000762939453,120000
2021-10-13,20.950000762939453,21.0,20.850000381469727,21.0,185000
2021-10-14,21.0,21.14999961853028,20.950000762939453,21.100000381469727,113000
2021-10-15,21.14999961853028,21.14999961853028,21.100000381469727,21.100000381469727,79099
2021-10-18,21.049999237060547,21.25,21.049999237060547,21.25,189001
2021-10-19,21.25,21.25,21.0,21.100000381469727,126343
2021-10-20,21.100000381469727,21.200000762939453,20.89999961853028,21.200000762939453,129000
2021-10-21,21.200000762939453,21.600000381469727,20.850000381469727,21.600000381469727,1841105
2021-10-22,21.450000762939453,21.600000381469727,21.25,21.39999961853028,193000
2021-10-25,21.299999237060547,21.600000381469727,21.25,21.549999237060547,134000
2021-10-26,21.549999237060547,21.600000381469727,21.39999961853028,21.549999237060547,181126
2021-10-27,21.549999237060547,21.549999237060547,21.39999961853028,21.450000762939453,175824
2021-10-28,21.450000762939453,22.049999237060547,21.39999961853028,21.950000762939453,475002
2021-10-29,21.799999237060547,21.89999961853028,21.700000762939453,21.75,233999
2021-11-01,21.799999237060547,22.14999961853028,21.75,22.049999237060547,398092
2021-11-02,22.14999961853028,22.200000762939453,22.0,22.0,166002
2021-11-03,22.0,22.0,21.850000381469727,21.89999961853028,73000
2021-11-04,21.89999961853028,22.0,21.850000381469727,21.89999961853028,110019
2021-11-05,21.850000381469727,22.0,21.799999237060547,21.850000381469727,152015
2021-11-08,21.950000762939453,22.5,21.850000381469727,22.350000381469727,485252
2021-11-09,22.39999961853028,22.39999961853028,22.0,22.0,167100
2021-11-10,21.89999961853028,22.100000381469727,21.89999961853028,22.100000381469727,175853
2021-11-11,21.950000762939453,22.049999237060547,21.950000762939453,22.0,67300
2021-11-12,22.049999237060547,22.600000381469727,22.049999237060547,22.450000762939453,677000
2021-11-15,22.600000381469727,22.64999961853028,22.299999237060547,22.39999961853028,323088
2021-11-16,22.299999237060547,22.450000762939453,22.0,22.049999237060547,629186
2021-11-17,21.950000762939453,22.350000381469727,21.950000762939453,22.14999961853028,247000
2021-11-18,22.14999961853028,22.14999961853028,22.049999237060547,22.14999961853028,114228
2021-11-19,22.0,22.200000762939453,22.0,22.14999961853028,299000
2021-11-22,22.100000381469727,22.25,22.049999237060547,22.200000762939453,318000
2021-11-23,22.200000762939453,22.450000762939453,22.200000762939453,22.25,356000
2021-11-24,22.25,22.39999961853028,22.100000381469727,22.39999961853028,218500
2021-11-25,22.39999961853028,22.75,22.299999237060547,22.64999961853028,482917
2021-11-26,22.450000762939453,22.600000381469727,22.39999961853028,22.450000762939453,195120
2021-11-29,22.200000762939453,22.5,22.200000762939453,22.39999961853028,301012
2021-11-30,22.39999961853028,22.450000762939453,22.14999961853028,22.14999961853028,468079
2021-12-01,22.25,22.39999961853028,22.25,22.350000381469727,142543
2021-12-02,22.350000381469727,22.549999237060547,22.350000381469727,22.450000762939453,403499
2021-12-03,22.600000381469727,22.600000381469727,22.5,22.549999237060547,222000
2021-12-06,22.450000762939453,23.0,22.39999961853028,22.850000381469727,807571
2021-12-07,22.950000762939453,23.0,22.75,23.0,536010
2021-12-08,23.049999237060547,23.200000762939453,23.0,23.14999961853028,662666
2021-12-09,23.100000381469727,23.350000381469727,23.100000381469727,23.25,450000
2021-12-10,23.25,23.39999961853028,23.25,23.39999961853028,447010
2021-12-13,23.5,23.5,23.14999961853028,23.14999961853028,830229
2021-12-14,22.89999961853028,23.200000762939453,22.75,22.850000381469727,546000
2021-12-15,22.850000381469727,22.850000381469727,22.64999961853028,22.64999961853028,205199
2021-12-16,22.700000762939453,23.049999237060547,22.700000762939453,23.049999237060547,306272
2021-12-17,23.0,23.299999237060547,22.950000762939453,23.299999237060547,527219
2021-12-20,23.299999237060547,23.5,23.200000762939453,23.200000762939453,207005
2021-12-21,23.14999961853028,23.25,23.049999237060547,23.100000381469727,240020
2021-12-22,23.14999961853028,23.200000762939453,22.799999237060547,22.950000762939453,258035
2021-12-23,23.0,23.100000381469727,22.89999961853028,23.0,96000
2021-12-24,23.0,23.100000381469727,23.0,23.049999237060547,95086
2021-12-27,22.950000762939453,23.25,22.89999961853028,23.200000762939453,226499
2021-12-28,23.0,23.100000381469727,22.89999961853028,23.0,227000
2021-12-29,23.049999237060547,23.14999961853028,22.950000762939453,23.14999961853028,176571
2021-12-30,23.39999961853028,23.39999961853028,23.049999237060547,23.14999961853028,150000
2022-01-03,23.299999237060547,23.350000381469727,23.049999237060547,23.200000762939453,194432
2022-01-04,23.200000762939453,23.299999237060547,23.0,23.049999237060547,262000
2022-01-05,22.950000762939453,23.049999237060547,22.950000762939453,23.0,59000
2022-01-06,23.0,23.14999961853028,22.850000381469727,22.89999961853028,97000
2022-01-07,22.89999961853028,22.950000762939453,22.549999237060547,22.700000762939453,307100
2022-01-10,22.799999237060547,22.799999237060547,22.64999961853028,22.64999961853028,85044
2022-01-11,22.549999237060547,22.64999961853028,22.549999237060547,22.600000381469727,279499
2022-01-12,22.600000381469727,22.64999961853028,22.549999237060547,22.600000381469727,205232
2022-01-13,22.64999961853028,22.64999961853028,22.549999237060547,22.64999961853028,120448
2022-01-14,22.64999961853028,22.700000762939453,22.39999961853028,22.549999237060547,406238
2022-01-17,22.450000762939453,22.549999237060547,22.39999961853028,22.5,278088
2022-01-18,22.450000762939453,22.549999237060547,22.39999961853028,22.549999237060547,254759
2022-01-19,22.549999237060547,22.549999237060547,22.5,22.549999237060547,49000
2022-01-20,22.600000381469727,22.75,22.5,22.700000762939453,212001
2022-01-21,22.549999237060547,22.700000762939453,22.549999237060547,22.600000381469727,258299
2022-01-24,22.549999237060547,22.549999237060547,22.25,22.299999237060547,294356
2022-01-25,22.25,22.39999961853028,21.950000762939453,21.950000762939453,418001
2022-01-26,21.950000762939453,22.100000381469727,21.89999961853028,21.950000762939453,299000
2022-02-07,21.950000762939453,22.25,21.950000762939453,22.200000762939453,230502
2022-02-08,22.200000762939453,22.549999237060547,22.200000762939453,22.450000762939453,156243
2022-02-09,22.200000762939453,22.75,22.200000762939453,22.549999237060547,469000
2022-02-10,22.39999961853028,22.64999961853028,22.39999961853028,22.549999237060547,64000
2022-02-11,22.549999237060547,23.049999237060547,22.549999237060547,22.950000762939453,454000
2022-02-14,22.89999961853028,22.950000762939453,22.700000762939453,22.799999237060547,182000
2022-02-15,22.700000762939453,22.850000381469727,22.700000762939453,22.700000762939453,99087
2022-02-16,22.89999961853028,23.0,22.549999237060547,22.549999237060547,204000
2022-02-17,22.75,22.75,22.549999237060547,22.549999237060547,215543
2022-02-18,22.600000381469727,22.799999237060547,22.600000381469727,22.700000762939453,140000
2022-02-21,22.600000381469727,22.850000381469727,22.600000381469727,22.799999237060547,106000
2022-02-22,22.64999961853028,22.850000381469727,22.549999237060547,22.75,256099
2022-02-23,22.799999237060547,22.799999237060547,22.64999961853028,22.75,99000
2022-02-24,22.64999961853028,22.700000762939453,22.5,22.5,148000
2022-02-25,22.549999237060547,22.64999961853028,22.549999237060547,22.549999237060547,67000
2022-03-01,22.549999237060547,22.700000762939453,22.549999237060547,22.549999237060547,184202
2022-03-02,22.75,22.850000381469727,22.64999961853028,22.850000381469727,181220
2022-03-03,22.799999237060547,23.0,22.799999237060547,22.89999961853028,183255
2022-03-04,22.700000762939453,22.89999961853028,22.700000762939453,22.89999961853028,209000
2022-03-07,22.700000762939453,22.700000762939453,22.5,22.549999237060547,392502
2022-03-08,22.5,22.700000762939453,22.39999961853028,22.5,306088
2022-03-09,22.600000381469727,22.89999961853028,22.450000762939453,22.600000381469727,245305
2022-03-10,22.64999961853028,22.75,22.600000381469727,22.64999961853028,150000
2022-03-11,22.600000381469727,22.700000762939453,22.549999237060547,22.600000381469727,52000
2022-03-14,22.600000381469727,22.700000762939453,22.5,22.700000762939453,109920
2022-03-15,22.600000381469727,22.64999961853028,22.5,22.549999237060547,152000
2022-03-16,22.600000381469727,22.64999961853028,22.5,22.549999237060547,146235
2022-03-17,22.39999961853028,22.450000762939453,21.89999961853028,22.14999961853028,2063299
2022-03-18,22.0,22.100000381469727,21.799999237060547,21.89999961853028,1321626
2022-03-21,21.89999961853028,21.950000762939453,21.799999237060547,21.799999237060547,526105
2022-03-22,21.799999237060547,21.850000381469727,21.75,21.75,606137
2022-03-23,21.799999237060547,21.89999961853028,21.75,21.799999237060547,219123
2022-03-24,21.799999237060547,22.0,21.799999237060547,22.0,347000
2022-03-25,21.89999961853028,22.0,21.89999961853028,21.950000762939453,255000
2022-03-28,21.89999961853028,22.0,21.75,21.799999237060547,246100
2022-03-29,21.799999237060547,21.89999961853028,21.799999237060547,21.850000381469727,68499
2022-03-30,21.89999961853028,22.0,21.89999961853028,21.89999961853028,138600
2022-03-31,22.0,22.100000381469727,21.89999961853028,22.0,282000
2022-04-01,21.89999961853028,22.0,21.89999961853028,21.89999961853028,173730
2022-04-06,21.799999237060547,21.89999961853028,21.799999237060547,21.850000381469727,190001
2022-04-07,21.850000381469727,21.89999961853028,21.75,21.799999237060547,221000
2022-04-08,21.850000381469727,21.850000381469727,21.64999961853028,21.64999961853028,279147
2022-04-11,21.64999961853028,21.75,21.350000381469727,21.450000762939453,608000
2022-04-12,21.350000381469727,21.350000381469727,21.25,21.299999237060547,294000
2022-04-13,21.299999237060547,21.39999961853028,21.299999237060547,21.39999961853028,38840
2022-04-14,21.549999237060547,21.549999237060547,21.39999961853028,21.450000762939453,40213
2022-04-15,21.39999961853028,21.450000762939453,21.299999237060547,21.350000381469727,111000
2022-04-18,21.25,21.350000381469727,21.14999961853028,21.299999237060547,173000
2022-04-19,21.299999237060547,21.299999237060547,21.25,21.299999237060547,43000
2022-04-20,21.25,21.350000381469727,21.0,21.200000762939453,762061
2022-04-21,21.200000762939453,21.299999237060547,21.0,21.200000762939453,172010
2022-04-22,21.049999237060547,21.100000381469727,21.0,21.049999237060547,127100
2022-04-25,20.950000762939453,20.950000762939453,20.75,20.799999237060547,187255
2022-04-26,20.799999237060547,20.850000381469727,20.75,20.850000381469727,65150
2022-04-27,20.75,20.75,20.549999237060547,20.600000381469727,280035
2022-04-28,20.600000381469727,20.64999961853028,20.549999237060547,20.600000381469727,107339
2022-04-29,20.850000381469727,21.0,20.75,20.799999237060547,65196
2022-05-03,20.850000381469727,21.0,20.799999237060547,20.89999961853028,129050
2022-05-04,20.799999237060547,20.950000762939453,20.799999237060547,20.850000381469727,119383
2022-05-05,20.950000762939453,21.25,20.950000762939453,21.049999237060547,72000
2022-05-06,20.799999237060547,21.100000381469727,20.799999237060547,21.049999237060547,102000
2022-05-09,20.850000381469727,21.0,20.64999961853028,20.700000762939453,377000
2022-05-10,20.700000762939453,20.75,20.549999237060547,20.64999961853028,283000
2022-05-11,20.64999961853028,20.64999961853028,20.5,20.600000381469727,274348
2022-05-12,20.5,20.5,20.350000381469727,20.39999961853028,338100
2022-05-13,20.450000762939453,20.600000381469727,20.450000762939453,20.5,272109
2022-05-16,20.5,20.549999237060547,20.39999961853028,20.39999961853028,216004
2022-05-17,20.5,20.799999237060547,20.5,20.799999237060547,238050
2022-05-18,20.600000381469727,21.0,20.600000381469727,20.850000381469727,163049
2022-05-19,20.799999237060547,20.950000762939453,20.75,20.799999237060547,167000
2022-05-20,21.0,21.100000381469727,20.950000762939453,21.0,378000
2022-05-23,21.049999237060547,21.299999237060547,21.049999237060547,21.299999237060547,257499
2022-05-24,21.25,21.350000381469727,21.200000762939453,21.25,213405
2022-05-25,21.200000762939453,21.39999961853028,21.200000762939453,21.350000381469727,229500
2022-05-26,21.39999961853028,21.850000381469727,21.39999961853028,21.75,184800
2022-05-27,21.5,21.75,21.5,21.700000762939453,177144
2022-05-30,21.75,21.850000381469727,21.64999961853028,21.799999237060547,292006
2022-05-31,21.75,21.799999237060547,21.600000381469727,21.600000381469727,333000
2022-06-01,21.799999237060547,21.799999237060547,21.5,21.600000381469727,298233
2022-06-02,21.549999237060547,21.549999237060547,21.5,21.549999237060547,40000
2022-06-06,21.549999237060547,21.600000381469727,21.5,21.549999237060547,51000
2022-06-07,21.549999237060547,21.549999237060547,21.5,21.5,82531
2022-06-08,21.5,21.64999961853028,21.5,21.5,159424
2022-06-09,21.5,21.600000381469727,21.5,21.5,144093
2022-06-10,21.39999961853028,21.549999237060547,21.39999961853028,21.5,116103
2022-06-13,21.350000381469727,21.450000762939453,21.25,21.299999237060547,221100
2022-06-14,21.299999237060547,21.299999237060547,21.100000381469727,21.25,457051
2022-06-15,21.25,21.600000381469727,21.25,21.5,150102
2022-06-16,21.600000381469727,21.600000381469727,21.350000381469727,21.350000381469727,220100
2022-06-17,21.25,21.39999961853028,20.850000381469727,20.850000381469727,566000
2022-06-20,20.850000381469727,21.14999961853028,20.850000381469727,21.049999237060547,188000
2022-06-21,21.100000381469727,21.39999961853028,21.100000381469727,21.39999961853028,171000
2022-06-22,21.299999237060547,21.299999237060547,21.200000762939453,21.200000762939453,85000
2022-06-23,21.200000762939453,21.39999961853028,21.14999961853028,21.200000762939453,134609
2022-06-24,21.200000762939453,21.450000762939453,21.200000762939453,21.350000381469727,100785
2022-06-27,21.350000381469727,21.600000381469727,21.350000381469727,21.39999961853028,158000
2022-06-28,21.39999961853028,21.600000381469727,21.299999237060547,21.5,134000
2022-06-29,21.350000381469727,21.450000762939453,21.350000381469727,21.39999961853028,114100
2022-06-30,21.350000381469727,21.350000381469727,21.14999961853028,21.200000762939453,128000
2022-07-01,21.200000762939453,21.299999237060547,21.0,21.0,378359
2022-07-04,21.14999961853028,21.25,21.0,21.049999237060547,82000
2022-07-05,21.14999961853028,21.299999237060547,21.100000381469727,21.25,63000
2022-07-06,21.25,21.25,21.100000381469727,21.100000381469727,107559
2022-07-07,21.100000381469727,21.200000762939453,21.049999237060547,21.100000381469727,84000
2022-07-08,21.100000381469727,21.200000762939453,21.100000381469727,21.14999961853028,82102
2022-07-11,21.100000381469727,21.14999961853028,21.0,21.0,294000
2022-07-12,20.89999961853028,20.89999961853028,20.64999961853028,20.64999961853028,383001
2022-07-13,20.950000762939453,20.950000762939453,20.700000762939453,20.799999237060547,135000
2022-07-14,20.700000762939453,20.799999237060547,20.700000762939453,20.75,262000
2022-07-15,20.64999961853028,20.799999237060547,20.600000381469727,20.700000762939453,242000
2022-07-18,20.64999961853028,21.0,20.64999961853028,20.850000381469727,314059
2022-07-19,20.700000762939453,21.200000762939453,20.700000762939453,21.0,207500
2022-07-20,20.850000381469727,21.0,20.850000381469727,21.0,112000
2022-07-21,21.14999961853028,21.14999961853028,21.049999237060547,21.049999237060547,39000
2022-07-22,21.0,21.0,20.89999961853028,20.89999961853028,147000
2022-07-25,20.89999961853028,21.25,20.89999961853028,21.100000381469727,183343
2022-07-26,21.100000381469727,21.100000381469727,21.049999237060547,21.100000381469727,35000
2022-07-27,21.14999961853028,21.14999961853028,21.0,21.100000381469727,39000
2022-07-28,21.14999961853028,21.14999961853028,21.049999237060547,21.049999237060547,181010
2022-07-29,21.14999961853028,21.450000762939453,21.0,21.450000762939453,711000
2022-08-01,21.450000762939453,21.600000381469727,21.200000762939453,21.450000762939453,178000
2022-08-02,21.299999237060547,21.350000381469727,21.14999961853028,21.200000762939453,69800
2022-08-03,21.14999961853028,21.25,21.049999237060547,21.100000381469727,114221
2022-08-04,21.200000762939453,21.25,20.89999961853028,21.0,506000
2022-08-05,21.100000381469727,21.299999237060547,21.049999237060547,21.14999961853028,516000
2022-08-08,21.14999961853028,21.25,21.14999961853028,21.200000762939453,199327
2022-08-09,21.200000762939453,21.25,21.14999961853028,21.200000762939453,212403
2022-08-10,21.14999961853028,21.25,21.14999961853028,21.200000762939453,134000
2022-08-11,21.200000762939453,21.25,21.200000762939453,21.25,234065
2022-08-12,21.350000381469727,21.89999961853028,21.350000381469727,21.700000762939453,168500
2022-08-15,21.700000762939453,22.450000762939453,21.700000762939453,22.200000762939453,367601
2022-08-16,22.200000762939453,22.5,22.0,22.25,290003
2022-08-17,22.0,22.549999237060547,22.0,22.25,631753
2022-08-18,22.25,22.299999237060547,22.200000762939453,22.299999237060547,14100
2022-08-19,22.5,22.5,22.100000381469727,22.25,127750
2022-08-22,22.100000381469727,22.5,22.100000381469727,22.5,94000
2022-08-23,22.450000762939453,22.75,22.450000762939453,22.700000762939453,336600
2022-08-24,22.799999237060547,22.89999961853028,22.700000762939453,22.700000762939453,89000
2022-08-25,22.75,22.89999961853028,22.700000762939453,22.75,93099
2022-08-26,22.75,23.200000762939453,22.600000381469727,23.0,428114
2022-08-29,22.89999961853028,23.14999961853028,22.75,23.049999237060547,273000
2022-08-30,23.200000762939453,23.299999237060547,23.14999961853028,23.200000762939453,250400
2022-08-31,23.25,23.299999237060547,23.0,23.100000381469727,587100
2022-09-01,23.049999237060547,23.14999961853028,22.799999237060547,23.0,460213
2022-09-02,23.0,23.200000762939453,22.950000762939453,23.14999961853028,353000
2022-09-05,23.25,23.39999961853028,23.100000381469727,23.299999237060547,366000
2022-09-06,23.39999961853028,23.39999961853028,23.200000762939453,23.200000762939453,127000
2022-09-07,23.200000762939453,23.200000762939453,22.850000381469727,23.100000381469727,584617
2022-09-08,23.0,23.39999961853028,23.0,23.200000762939453,620000
2022-09-12,23.299999237060547,23.299999237060547,23.100000381469727,23.14999961853028,567087
2022-09-13,23.25,23.89999961853028,23.25,23.75,829106
2022-09-14,23.549999237060547,23.700000762939453,23.39999961853028,23.5,584001
2022-09-15,23.5,24.0,23.450000762939453,23.850000381469727,482500
2022-09-16,24.0,24.0,23.5,23.5,437000
2022-09-19,23.64999961853028,23.850000381469727,23.549999237060547,23.600000381469727,285196
2022-09-20,23.700000762939453,23.700000762939453,23.450000762939453,23.549999237060547,150000
2022-09-21,23.450000762939453,23.549999237060547,23.299999237060547,23.350000381469727,307083
2022-09-22,23.350000381469727,23.350000381469727,23.049999237060547,23.049999237060547,516141
2022-09-23,23.049999237060547,23.100000381469727,22.950000762939453,23.0,230000
2022-09-26,22.850000381469727,22.89999961853028,22.5,22.700000762939453,779000
2022-09-27,22.700000762939453,22.799999237060547,22.600000381469727,22.700000762939453,89000
2022-09-28,22.299999237060547,23.799999237060547,22.299999237060547,22.350000381469727,657000
2022-09-29,22.549999237060547,22.549999237060547,22.200000762939453,22.39999961853028,160002
2022-09-30,22.39999961853028,22.600000381469727,22.299999237060547,22.5,140000
2022-10-03,22.5,22.5,22.350000381469727,22.450000762939453,95000
2022-10-04,22.5,23.100000381469727,22.5,22.799999237060547,342000
2022-10-05,23.0,23.0,22.799999237060547,22.799999237060547,98000
2022-10-06,22.799999237060547,22.850000381469727,22.64999961853028,22.799999237060547,150000
2022-10-07,22.64999961853028,22.75,22.64999961853028,22.64999961853028,41219
2022-10-11,22.64999961853028,22.64999961853028,22.200000762939453,22.39999961853028,512183
2022-10-12,22.350000381469727,22.850000381469727,22.299999237060547,22.549999237060547,116543
2022-10-13,22.75,22.75,22.200000762939453,22.200000762939453,370300
2022-10-14,22.5,22.600000381469727,22.299999237060547,22.39999961853028,108017
2022-10-17,22.25,22.299999237060547,22.14999961853028,22.200000762939453,240117
2022-10-18,22.14999961853028,22.5,22.14999961853028,22.299999237060547,96000
2022-10-19,22.200000762939453,22.299999237060547,22.200000762939453,22.25,162000
2022-10-20,22.14999961853028,22.350000381469727,22.100000381469727,22.100000381469727,245000
2022-10-21,22.100000381469727,22.200000762939453,21.950000762939453,21.950000762939453,208010
2022-10-24,22.0,22.100000381469727,22.0,22.049999237060547,37099
2022-10-25,22.200000762939453,22.200000762939453,21.850000381469727,21.950000762939453,208000
2022-10-26,21.950000762939453,22.100000381469727,21.799999237060547,22.100000381469727,51000
2022-10-27,22.100000381469727,22.25,22.100000381469727,22.25,180977
2022-10-28,22.049999237060547,22.100000381469727,22.0,22.0,23632
2022-10-31,22.25,22.25,22.0,22.0,32000
2022-11-01,22.799999237060547,22.799999237060547,22.39999961853028,22.450000762939453,225000
2022-11-02,22.450000762939453,22.5,22.299999237060547,22.450000762939453,91000
2022-11-03,22.299999237060547,22.450000762939453,22.299999237060547,22.450000762939453,14228
2022-11-04,22.299999237060547,22.39999961853028,22.299999237060547,22.39999961853028,71099
2022-11-07,22.299999237060547,22.450000762939453,22.299999237060547,22.39999961853028,76000
2022-11-08,22.350000381469727,22.549999237060547,22.350000381469727,22.39999961853028,138000
2022-11-09,22.549999237060547,22.64999961853028,22.39999961853028,22.549999237060547,210000
2022-11-10,22.39999961853028,22.64999961853028,22.39999961853028,22.64999961853028,104000
2022-11-11,22.64999961853028,22.75,22.5,22.64999961853028,79037
2022-11-14,22.64999961853028,22.75,22.600000381469727,22.700000762939453,66050
2022-11-15,22.700000762939453,22.700000762939453,22.549999237060547,22.64999961853028,230198
2022-11-16,22.549999237060547,22.600000381469727,22.5,22.5,187003
2022-11-17,22.5,22.5,22.39999961853028,22.5,105472
2022-11-18,22.39999961853028,22.5,22.39999961853028,22.39999961853028,31000
2022-11-21,22.549999237060547,22.549999237060547,22.39999961853028,22.450000762939453,97001
2022-11-22,22.450000762939453,22.549999237060547,22.450000762939453,22.5,26000
2022-11-23,22.5,22.700000762939453,22.5,22.600000381469727,113000
2022-11-24,22.600000381469727,22.700000762939453,22.5,22.64999961853028,73000
2022-11-25,22.75,22.75,22.549999237060547,22.64999961853028,163785
2022-11-28,22.549999237060547,22.700000762939453,22.5,22.700000762939453,175600
2022-11-29,22.700000762939453,22.700000762939453,22.64999961853028,22.700000762939453,75002
2022-11-30,22.700000762939453,22.799999237060547,22.600000381469727,22.75,336032
2022-12-01,22.799999237060547,23.14999961853028,22.64999961853028,23.100000381469727,519000
2022-12-02,23.049999237060547,23.100000381469727,22.950000762939453,22.950000762939453,149010
2022-12-05,22.950000762939453,22.950000762939453,22.75,22.75,504000
2022-12-06,22.75,22.75,22.5,22.700000762939453,394609
2022-12-07,22.549999237060547,22.600000381469727,22.5,22.600000381469727,87220
2022-12-08,22.600000381469727,22.600000381469727,22.450000762939453,22.5,82000
2022-12-09,22.5,22.600000381469727,22.450000762939453,22.450000762939453,55000
2022-12-12,22.5,22.549999237060547,22.350000381469727,22.450000762939453,445000
2022-12-13,22.39999961853028,22.39999961853028,22.299999237060547,22.350000381469727,274099
2022-12-14,22.299999237060547,22.5,22.299999237060547,22.450000762939453,53999
2022-12-15,22.450000762939453,22.450000762939453,22.299999237060547,22.350000381469727,53000
2022-12-16,22.299999237060547,22.350000381469727,22.200000762939453,22.25,222054
2022-12-19,22.25,23.0,22.25,22.350000381469727,93299
2022-12-20,22.39999961853028,22.39999961853028,22.200000762939453,22.25,79000
2022-12-21,22.25,22.299999237060547,22.200000762939453,22.25,49030
2022-12-22,22.299999237060547,22.299999237060547,22.200000762939453,22.299999237060547,25000
2022-12-23,22.299999237060547,22.299999237060547,22.25,22.25,32000
2022-12-26,22.25,22.299999237060547,22.200000762939453,22.299999237060547,35000
2022-12-27,22.25,22.299999237060547,22.200000762939453,22.299999237060547,36000
2022-12-28,22.299999237060547,22.350000381469727,22.299999237060547,22.350000381469727,46299
2022-12-29,22.299999237060547,22.299999237060547,22.200000762939453,22.299999237060547,91087
2022-12-30,22.450000762939453,22.5,22.299999237060547,22.5,103000
2023-01-03,22.299999237060547,22.700000762939453,22.299999237060547,22.5,90100
2023-01-04,22.549999237060547,22.549999237060547,22.450000762939453,22.549999237060547,27000
2023-01-05,22.450000762939453,22.700000762939453,22.39999961853028,22.549999237060547,67449
2023-01-06,22.350000381469727,22.5,22.350000381469727,22.450000762939453,59000
2023-01-09,22.549999237060547,22.549999237060547,22.450000762939453,22.5,71000
2023-01-10,22.5,22.5,22.39999961853028,22.450000762939453,77370
2023-01-11,22.5,22.549999237060547,22.450000762939453,22.5,45255
2023-01-12,22.450000762939453,22.549999237060547,22.39999961853028,22.450000762939453,30234
2023-01-13,22.450000762939453,22.450000762939453,22.350000381469727,22.450000762939453,146471
2023-01-16,22.450000762939453,22.450000762939453,22.39999961853028,22.450000762939453,175700
2023-01-17,22.450000762939453,22.5,22.450000762939453,22.450000762939453,208000
2023-01-30,22.64999961853028,22.89999961853028,22.450000762939453,22.450000762939453,222899
2023-01-31,22.5,22.549999237060547,22.450000762939453,22.5,214302
2023-02-01,22.600000381469727,22.600000381469727,22.450000762939453,22.5,189342
2023-02-02,22.5,22.5,22.450000762939453,22.5,341000
2023-02-03,22.5,22.600000381469727,22.350000381469727,22.350000381469727,366050
2023-02-06,22.39999961853028,22.39999961853028,22.299999237060547,22.299999237060547,219178
2023-02-07,22.299999237060547,22.299999237060547,22.25,22.299999237060547,208423
2023-02-08,22.299999237060547,22.299999237060547,22.25,22.25,149589
2023-02-09,22.200000762939453,22.299999237060547,22.200000762939453,22.25,222501
2023-02-10,22.200000762939453,22.299999237060547,22.200000762939453,22.25,290158
2023-02-13,22.299999237060547,22.299999237060547,22.200000762939453,22.200000762939453,317292
2023-02-14,22.299999237060547,22.350000381469727,22.25,22.299999237060547,48001
2023-02-15,22.350000381469727,22.450000762939453,22.25,22.39999961853028,220993
2023-02-16,22.39999961853028,22.5,22.299999237060547,22.350000381469727,91389
2023-02-17,22.299999237060547,22.350000381469727,22.299999237060547,22.350000381469727,60000
2023-02-20,22.350000381469727,22.350000381469727,22.299999237060547,22.299999237060547,122653
2023-02-21,22.299999237060547,22.299999237060547,22.25,22.299999237060547,87200
2023-02-22,22.299999237060547,22.299999237060547,22.25,22.299999237060547,101000
2023-02-23,22.350000381469727,22.5,22.350000381469727,22.39999961853028,199019
2023-02-24,22.39999961853028,22.600000381469727,22.39999961853028,22.600000381469727,86199
2023-03-01,22.5,22.799999237060547,22.5,22.75,135099
2023-03-02,22.799999237060547,22.799999237060547,22.64999961853028,22.700000762939453,78000
2023-03-03,22.700000762939453,22.75,22.64999961853028,22.700000762939453,208003
2023-03-06,22.75,23.350000381469727,22.75,23.14999961853028,341000
2023-03-07,23.14999961853028,23.600000381469727,23.14999961853028,23.600000381469727,556210
2023-03-08,23.600000381469727,23.799999237060547,23.600000381469727,23.75,480092
2023-03-09,23.75,24.0,23.600000381469727,23.75,343026
2023-03-10,23.75,23.75,23.600000381469727,23.64999961853028,124000
2023-03-13,23.549999237060547,23.64999961853028,23.450000762939453,23.450000762939453,381000
2023-03-14,23.450000762939453,23.5,23.450000762939453,23.450000762939453,118305
2023-03-15,23.549999237060547,23.64999961853028,23.5,23.5,189427
2023-03-16,23.5,23.5,23.350000381469727,23.350000381469727,427001
2023-03-17,23.39999961853028,23.5,23.350000381469727,23.5,82251
2023-03-20,23.549999237060547,23.64999961853028,23.450000762939453,23.549999237060547,145300
2023-03-21,23.600000381469727,23.700000762939453,23.549999237060547,23.549999237060547,107000
2023-03-22,23.700000762939453,23.950000762939453,23.549999237060547,23.799999237060547,312498
2023-03-23,23.89999961853028,24.0,23.799999237060547,23.89999961853028,263000
2023-03-24,24.0,24.049999237060547,23.89999961853028,23.89999961853028,204000
2023-03-27,23.89999961853028,24.549999237060547,23.89999961853028,24.299999237060547,487092
2023-03-28,24.39999961853028,24.600000381469727,24.299999237060547,24.350000381469727,510000
2023-03-29,24.39999961853028,24.850000381469727,24.39999961853028,24.64999961853028,320200
2023-03-30,24.64999961853028,24.700000762939453,24.350000381469727,24.39999961853028,363521
2023-03-31,24.39999961853028,24.5,24.350000381469727,24.5,113199
2023-04-06,24.600000381469727,24.600000381469727,24.39999961853028,24.39999961853028,486199
2023-04-07,24.5,24.5,24.25,24.299999237060547,329616
2023-04-10,24.39999961853028,24.450000762939453,24.299999237060547,24.39999961853028,78099
2023-04-11,24.39999961853028,24.600000381469727,24.39999961853028,24.450000762939453,109001
2023-04-12,24.549999237060547,24.549999237060547,24.39999961853028,24.450000762939453,141464
2023-04-13,24.450000762939453,24.450000762939453,24.299999237060547,24.39999961853028,166004
2023-04-14,24.39999961853028,24.5,24.39999961853028,24.5,82305
2023-04-17,24.549999237060547,24.549999237060547,24.39999961853028,24.450000762939453,74100
2023-04-18,24.450000762939453,24.450000762939453,24.299999237060547,24.350000381469727,75099
2023-04-19,24.350000381469727,24.350000381469727,24.25,24.25,158499
2023-04-20,24.25,24.299999237060547,24.200000762939453,24.200000762939453,83000
2023-04-21,24.200000762939453,24.200000762939453,23.89999961853028,23.950000762939453,452010
2023-04-24,23.950000762939453,24.200000762939453,23.89999961853028,24.100000381469727,45500
2023-04-25,24.100000381469727,24.14999961853028,23.950000762939453,24.049999237060547,108000
2023-04-26,24.049999237060547,24.450000762939453,24.049999237060547,24.25,42000
2023-04-27,24.200000762939453,24.299999237060547,24.200000762939453,24.299999237060547,54000
2023-04-28,24.299999237060547,24.5,24.25,24.5,148360
2023-05-02,24.5,24.5,24.299999237060547,24.39999961853028,127000
2023-05-03,24.39999961853028,24.450000762939453,24.350000381469727,24.39999961853028,103000
2023-05-04,24.350000381469727,24.450000762939453,24.350000381469727,24.450000762939453,95000
2023-05-05,24.450000762939453,24.5,24.450000762939453,24.450000762939453,60329
2023-05-08,24.450000762939453,24.700000762939453,24.39999961853028,24.64999961853028,196250
2023-05-09,24.850000381469727,24.89999961853028,24.700000762939453,24.850000381469727,188002
2023-05-10,24.89999961853028,25.049999237060547,24.850000381469727,24.950000762939453,299250
2023-05-11,25.0,25.14999961853028,24.799999237060547,24.850000381469727,298019
2023-05-12,24.850000381469727,25.600000381469727,24.850000381469727,25.450000762939453,572396
2023-05-15,25.450000762939453,25.549999237060547,25.39999961853028,25.549999237060547,148116
2023-05-16,25.549999237060547,25.850000381469727,25.350000381469727,25.5,502021
2023-05-17,25.600000381469727,26.0,25.450000762939453,25.5,728219
2023-05-18,25.5,25.600000381469727,25.25,25.299999237060547,647200
2023-05-19,25.5,25.5,25.299999237060547,25.450000762939453,140000
2023-05-22,25.5,26.0,25.5,26.0,345050
2023-05-23,26.0,26.5,26.0,26.200000762939453,845351
2023-05-24,26.25,26.350000381469727,26.0,26.299999237060547,727020
2023-05-25,26.299999237060547,26.299999237060547,26.0,26.100000381469727,244199
2023-05-26,26.100000381469727,26.100000381469727,25.89999961853028,25.950000762939453,205199
2023-05-29,25.950000762939453,26.14999961853028,25.700000762939453,25.700000762939453,492205
2023-05-30,25.700000762939453,25.89999961853028,25.700000762939453,25.799999237060547,198100
2023-05-31,25.950000762939453,25.950000762939453,25.64999961853028,25.64999961853028,182253
2023-06-01,25.64999961853028,25.89999961853028,25.600000381469727,25.64999961853028,241000
2023-06-02,25.75,25.799999237060547,25.549999237060547,25.700000762939453,295000
2023-06-05,25.799999237060547,26.0,25.799999237060547,25.850000381469727,390120
2023-06-06,25.850000381469727,26.100000381469727,25.850000381469727,26.0,399200
2023-06-07,26.0,26.299999237060547,26.0,26.14999961853028,328000
2023-06-08,26.14999961853028,26.200000762939453,25.850000381469727,25.850000381469727,276000
2023-06-09,25.850000381469727,26.0,25.700000762939453,25.950000762939453,607038
2023-06-12,26.049999237060547,26.950000762939453,26.049999237060547,26.600000381469727,1102299
2023-06-13,26.600000381469727,26.799999237060547,26.350000381469727,26.39999961853028,998285
2023-06-14,26.450000762939453,26.549999237060547,26.350000381469727,26.5,251062
2023-06-15,26.5,26.64999961853028,26.450000762939453,26.549999237060547,264112
2023-06-16,26.549999237060547,26.549999237060547,26.200000762939453,26.200000762939453,445100
2023-06-19,26.200000762939453,26.25,25.950000762939453,25.950000762939453,447698
2023-06-20,25.950000762939453,26.100000381469727,25.950000762939453,26.100000381469727,190100
2023-06-21,26.049999237060547,26.64999961853028,26.049999237060547,26.549999237060547,572398
2023-06-26,26.549999237060547,26.600000381469727,26.25,26.5,346000
2023-06-27,26.5,26.5,26.14999961853028,26.25,345080
2023-06-28,26.299999237060547,27.200000762939453,26.299999237060547,26.950000762939453,860100
2023-06-29,27.0,27.200000762939453,26.75,26.799999237060547,689365
2023-06-30,26.799999237060547,27.100000381469727,26.700000762939453,26.950000762939453,357300
2023-07-03,26.950000762939453,27.100000381469727,26.850000381469727,26.89999961853028,303564
2023-07-04,27.0,27.0,26.600000381469727,26.700000762939453,543000
2023-07-05,26.75,26.75,26.549999237060547,26.549999237060547,372000
2023-07-06,26.5,26.549999237060547,26.299999237060547,26.39999961853028,517088
2023-07-07,26.39999961853028,26.450000762939453,26.25,26.299999237060547,405100
2023-07-10,26.39999961853028,26.600000381469727,26.299999237060547,26.450000762939453,145421
2023-07-11,26.5,26.5,26.350000381469727,26.450000762939453,197000
2023-07-12,26.39999961853028,26.64999961853028,26.39999961853028,26.600000381469727,303310
2023-07-13,26.549999237060547,26.600000381469727,26.39999961853028,26.450000762939453,365100
2023-07-14,26.39999961853028,26.5,26.299999237060547,26.350000381469727,280303
2023-07-17,26.299999237060547,26.350000381469727,26.200000762939453,26.25,262113
2023-07-18,26.14999961853028,26.14999961853028,25.799999237060547,26.049999237060547,583000
2023-07-19,25.89999961853028,26.049999237060547,25.89999961853028,25.950000762939453,294178
2023-07-20,25.89999961853028,25.950000762939453,25.799999237060547,25.89999961853028,341082
2023-07-21,25.850000381469727,25.950000762939453,25.799999237060547,25.850000381469727,261000
2023-07-24,25.850000381469727,25.850000381469727,25.5,25.799999237060547,677200
2023-07-25,25.799999237060547,25.799999237060547,25.5,25.5,601290
2023-07-26,25.600000381469727,26.100000381469727,25.600000381469727,26.100000381469727,312299
2023-07-27,26.14999961853028,26.200000762939453,25.89999961853028,25.950000762939453,213198
2023-07-28,26.049999237060547,26.299999237060547,26.0,26.14999961853028,378021
2023-07-31,26.14999961853028,26.39999961853028,26.14999961853028,26.39999961853028,284500
2023-08-01,26.39999961853028,26.799999237060547,26.39999961853028,26.64999961853028,1122114
2023-08-02,26.64999961853028,26.75,26.0,26.200000762939453,2114000
2023-08-04,26.25,26.299999237060547,25.799999237060547,25.850000381469727,1488576
2023-08-07,25.850000381469727,26.0,25.75,26.0,338754
2023-08-08,26.049999237060547,26.049999237060547,25.799999237060547,25.89999961853028,377199
2023-08-09,25.89999961853028,25.89999961853028,25.700000762939453,25.700000762939453,486000
2023-08-10,25.799999237060547,25.799999237060547,25.549999237060547,25.549999237060547,546991
2023-08-11,25.549999237060547,25.700000762939453,25.549999237060547,25.600000381469727,150011
2023-08-14,25.549999237060547,25.600000381469727,25.350000381469727,25.350000381469727,683732
2023-08-15,25.350000381469727,25.549999237060547,25.350000381469727,25.450000762939453,151367
2023-08-16,25.5,25.5,25.299999237060547,25.299999237060547,304299
2023-08-17,25.39999961853028,25.39999961853028,25.200000762939453,25.200000762939453,386314
2023-08-18,25.200000762939453,25.299999237060547,25.14999961853028,25.200000762939453,235204
2023-08-21,25.200000762939453,25.299999237060547,25.100000381469727,25.14999961853028,354000
2023-08-22,25.14999961853028,25.200000762939453,25.049999237060547,25.049999237060547,353010
2023-08-23,25.100000381469727,25.299999237060547,25.0,25.049999237060547,429010
2023-08-24,25.0,25.14999961853028,25.0,25.049999237060547,424500
2023-08-25,25.100000381469727,25.549999237060547,25.100000381469727,25.450000762939453,256080
2023-08-28,25.700000762939453,25.799999237060547,25.299999237060547,25.450000762939453,386399
2023-08-29,25.450000762939453,25.450000762939453,25.25,25.350000381469727,358000
2023-08-30,25.39999961853028,25.75,25.39999961853028,25.75,330607
2023-08-31,25.350000381469727,25.600000381469727,25.350000381469727,25.5,257291
2023-09-01,25.5,26.0,25.5,25.799999237060547,258129
2023-09-04,26.0,26.0,25.64999961853028,25.850000381469727,275000
2023-09-05,25.799999237060547,26.100000381469727,25.799999237060547,25.950000762939453,201000
2023-09-06,25.89999961853028,26.049999237060547,25.850000381469727,25.89999961853028,194998
2023-09-07,25.950000762939453,25.950000762939453,25.850000381469727,25.89999961853028,215556
2023-09-08,25.950000762939453,26.850000381469727,25.850000381469727,26.75,501029
2023-09-11,26.799999237060547,26.850000381469727,26.39999961853028,26.600000381469727,433000
2023-09-12,26.75,26.75,26.25,26.39999961853028,478018
2023-09-13,26.5,26.5,26.25,26.5,267099
2023-09-14,26.549999237060547,26.549999237060547,26.350000381469727,26.5,255080
2023-09-15,26.5,26.549999237060547,26.25,26.450000762939453,372008
2023-09-18,26.450000762939453,26.450000762939453,26.100000381469727,26.14999961853028,356000
2023-09-19,26.14999961853028,26.25,26.049999237060547,26.14999961853028,231299
2023-09-20,26.100000381469727,26.200000762939453,26.0,26.14999961853028,378000
2023-09-21,26.14999961853028,26.14999961853028,26.0,26.14999961853028,277038
2023-09-22,26.14999961853028,26.299999237060547,26.14999961853028,26.200000762939453,167000
2023-09-25,26.200000762939453,26.299999237060547,26.200000762939453,26.299999237060547,145080
2023-09-26,26.25,26.299999237060547,26.200000762939453,26.200000762939453,443041
2023-09-27,26.600000381469727,26.600000381469727,26.200000762939453,26.25,197549
2023-09-28,26.25,26.75,26.200000762939453,26.600000381469727,986000
2023-10-02,26.64999961853028,27.350000381469727,26.600000381469727,27.25,1368624
2023-10-03,27.25,27.25,26.950000762939453,27.049999237060547,806292
2023-10-04,27.049999237060547,27.049999237060547,26.89999961853028,27.049999237060547,163000
2023-10-05,27.100000381469727,27.64999961853028,27.0,27.600000381469727,551138
2023-10-06,27.700000762939453,28.799999237060547,27.700000762939453,28.200000762939453,1401851
2023-10-11,28.0,28.700000762939453,27.600000381469727,28.350000381469727,760852
2023-10-12,28.5,28.5,28.0,28.39999961853028,505010
2023-10-13,28.049999237060547,28.700000762939453,28.049999237060547,28.700000762939453,389300
2023-10-16,28.700000762939453,28.700000762939453,28.299999237060547,28.600000381469727,256210
2023-10-17,28.64999961853028,28.64999961853028,27.75,27.799999237060547,459131
2023-10-18,28.0,28.0,27.700000762939453,27.799999237060547,163842
2023-10-19,27.64999961853028,27.799999237060547,27.200000762939453,27.39999961853028,605000
2023-10-20,27.450000762939453,27.450000762939453,27.100000381469727,27.299999237060547,187000
2023-10-23,27.350000381469727,27.5,27.299999237060547,27.450000762939453,65000
2023-10-24,27.5,27.700000762939453,27.39999961853028,27.700000762939453,122594
2023-10-25,27.799999237060547,27.850000381469727,27.700000762939453,27.75,77000
2023-10-26,27.700000762939453,27.700000762939453,27.299999237060547,27.39999961853028,187998
2023-10-27,27.350000381469727,28.049999237060547,27.299999237060547,27.799999237060547,273004
2023-10-30,27.799999237060547,27.950000762939453,27.299999237060547,27.39999961853028,313556
2023-10-31,27.350000381469727,27.850000381469727,26.89999961853028,27.049999237060547,489151
2023-11-01,27.049999237060547,27.5,27.049999237060547,27.5,138286
2023-11-02,27.5,27.64999961853028,27.450000762939453,27.600000381469727,144000
2023-11-03,27.600000381469727,27.799999237060547,27.600000381469727,27.799999237060547,113000
2023-11-06,27.75,28.0,27.75,27.950000762939453,219534
2023-11-07,27.950000762939453,28.0,27.850000381469727,28.0,235534
2023-11-08,28.049999237060547,28.25,28.0,28.14999961853028,174400
2023-11-09,28.0,28.5,27.600000381469727,28.350000381469727,693499
2023-11-10,28.25,28.25,27.89999961853028,27.89999961853028,289036
2023-11-13,28.100000381469727,28.100000381469727,27.75,27.850000381469727,278010
2023-11-14,27.700000762939453,27.850000381469727,27.700000762939453,27.799999237060547,109210
2023-11-15,27.700000762939453,28.0,27.700000762939453,28.0,203106
2023-11-16,28.0,28.700000762939453,28.0,28.350000381469727,392001
2023-11-17,28.350000381469727,28.600000381469727,28.350000381469727,28.450000762939453,230000
2023-11-20,28.200000762939453,28.75,28.200000762939453,28.64999961853028,192000
2023-11-21,28.64999961853028,29.600000381469727,28.64999961853028,29.450000762939453,793199
2023-11-22,29.64999961853028,29.64999961853028,29.299999237060547,29.5,294010
2023-11-23,29.600000381469727,29.64999961853028,29.299999237060547,29.39999961853028,315731
2023-11-24,29.350000381469727,29.39999961853028,29.25,29.25,107001
2023-11-27,29.200000762939453,29.39999961853028,28.950000762939453,28.950000762939453,364002
2023-11-28,29.14999961853028,29.25,29.0,29.049999237060547,241603
2023-11-29,29.049999237060547,29.14999961853028,28.850000381469727,29.0,222000
2023-11-30,28.89999961853028,28.89999961853028,28.799999237060547,28.850000381469727,136148
2023-12-01,28.89999961853028,29.25,28.850000381469727,29.25,174800
2023-12-04,29.049999237060547,29.350000381469727,29.049999237060547,29.200000762939453,156076
2023-12-05,29.200000762939453,29.299999237060547,29.14999961853028,29.299999237060547,117000
2023-12-06,29.200000762939453,29.600000381469727,29.200000762939453,29.39999961853028,248000
2023-12-07,29.200000762939453,29.350000381469727,29.049999237060547,29.049999237060547,154000
2023-12-08,29.100000381469727,29.299999237060547,29.049999237060547,29.299999237060547,175381
2023-12-11,29.64999961853028,29.700000762939453,28.950000762939453,29.0,471549
2023-12-12,29.200000762939453,29.200000762939453,28.89999961853028,28.950000762939453,252000
2023-12-13,28.850000381469727,29.100000381469727,28.850000381469727,29.0,188099
2023-12-14,28.950000762939453,29.25,28.950000762939453,29.14999961853028,285100
2023-12-15,29.049999237060547,29.200000762939453,28.75,28.75,672087
2023-12-18,28.850000381469727,29.049999237060547,28.850000381469727,28.89999961853028,197998
2023-12-19,28.850000381469727,29.25,28.75,28.950000762939453,235002
2023-12-20,28.950000762939453,29.049999237060547,28.89999961853028,28.89999961853028,286156
2023-12-21,28.799999237060547,29.0,28.799999237060547,28.89999961853028,79000
2023-12-22,28.850000381469727,29.450000762939453,28.850000381469727,29.299999237060547,434199
2023-12-25,29.299999237060547,29.299999237060547,29.100000381469727,29.14999961853028,32510
2023-12-26,29.14999961853028,30.25,29.100000381469727,30.25,632499
2023-12-27,30.0,30.14999961853028,29.700000762939453,29.950000762939453,403199
2023-12-28,30.0,30.049999237060547,29.850000381469727,30.0,204399
2023-12-29,30.0,30.049999237060547,29.850000381469727,30.0,145000
2024-01-02,30.0,30.350000381469727,29.89999961853028,30.049999237060547,299498
2024-01-03,30.049999237060547,30.100000381469727,29.89999961853028,30.049999237060547,146302
2024-01-04,30.0,30.39999961853028,29.89999961853028,30.350000381469727,402459
2024-01-05,30.350000381469727,30.89999961853028,30.25,30.5,276099
2024-01-08,30.5,30.89999961853028,30.39999961853028,30.75,370154
2024-01-09,30.799999237060547,30.89999961853028,30.25,30.700000762939453,344820
2024-01-10,30.89999961853028,30.950000762939453,30.39999961853028,30.549999237060547,298748
2024-01-11,30.39999961853028,30.700000762939453,30.39999961853028,30.450000762939453,323198
2024-01-12,30.350000381469727,30.5,30.14999961853028,30.14999961853028,168000
2024-01-15,30.14999961853028,30.549999237060547,30.14999961853028,30.39999961853028,257099
2024-01-16,30.299999237060547,30.39999961853028,30.049999237060547,30.049999237060547,223074
2024-01-17,29.89999961853028,29.89999961853028,29.200000762939453,29.200000762939453,781000
2024-01-18,29.14999961853028,29.450000762939453,29.049999237060547,29.299999237060547,185000
2024-01-19,29.200000762939453,29.600000381469727,29.200000762939453,29.549999237060547,151020
2024-01-22,29.549999237060547,30.100000381469727,29.5,29.850000381469727,201030
2024-01-23,29.89999961853028,30.299999237060547,29.700000762939453,29.700000762939453,130011
2024-01-24,29.89999961853028,30.450000762939453,29.5,30.100000381469727,186550
2024-01-25,30.0,30.049999237060547,29.850000381469727,29.850000381469727,54845
2024-01-26,29.850000381469727,29.950000762939453,29.700000762939453,29.799999237060547,33071
2024-01-29,29.700000762939453,29.799999237060547,29.64999961853028,29.64999961853028,116040
2024-01-30,29.549999237060547,29.600000381469727,29.39999961853028,29.39999961853028,292099
2024-01-31,29.39999961853028,29.600000381469727,29.299999237060547,29.299999237060547,128010
2024-02-01,29.5,29.549999237060547,29.350000381469727,29.39999961853028,107817
2024-02-02,29.39999961853028,29.5,29.25,29.299999237060547,164000
2024-02-05,29.299999237060547,29.450000762939453,29.200000762939453,29.350000381469727,146304
2024-02-15,29.299999237060547,29.600000381469727,29.25,29.549999237060547,275500
2024-02-16,29.549999237060547,29.600000381469727,29.350000381469727,29.549999237060547,97323
2024-02-19,29.5,29.950000762939453,29.5,29.950000762939453,171076
2024-02-20,29.850000381469727,30.0,29.799999237060547,29.89999961853028,116000
2024-02-21,29.850000381469727,30.0,29.850000381469727,29.89999961853028,91081
2024-02-22,29.950000762939453,30.100000381469727,29.799999237060547,30.100000381469727,347040
2024-02-23,30.049999237060547,30.049999237060547,29.600000381469727,29.700000762939453,251105
2024-02-26,29.700000762939453,29.850000381469727,29.700000762939453,29.700000762939453,109800
2024-02-27,29.700000762939453,29.850000381469727,29.5,29.64999961853028,138000
2024-02-29,29.64999961853028,29.75,29.600000381469727,29.700000762939453,112002
2024-03-01,29.700000762939453,29.700000762939453,29.450000762939453,29.5,230342
2024-03-04,29.5,30.0,29.450000762939453,29.549999237060547,270165
2024-03-05,29.799999237060547,29.799999237060547,29.200000762939453,29.25,320019
2024-03-06,29.25,29.5,29.14999961853028,29.350000381469727,173084
2024-03-07,29.39999961853028,29.39999961853028,28.39999961853028,29.25,1459010
2024-03-08,29.200000762939453,29.200000762939453,28.600000381469727,28.799999237060547,315034
2024-03-11,28.799999237060547,28.950000762939453,28.64999961853028,28.64999961853028,213242
2024-03-12,28.64999961853028,29.14999961853028,28.64999961853028,29.100000381469727,291156
2024-03-13,28.89999961853028,29.0,28.5,28.64999961853028,218000
2024-03-14,28.64999961853028,28.89999961853028,28.64999961853028,28.850000381469727,228000
2024-03-15,28.850000381469727,29.0,28.700000762939453,28.950000762939453,210000
2024-03-18,29.0,29.0,28.75,29.0,130000
2024-03-19,29.0,29.14999961853028,28.950000762939453,29.100000381469727,171000
2024-03-20,29.049999237060547,29.14999961853028,28.799999237060547,29.100000381469727,107000
2024-03-21,29.100000381469727,29.600000381469727,29.049999237060547,29.5,192997
2024-03-22,29.299999237060547,29.600000381469727,29.299999237060547,29.5,119000
2024-03-25,29.5,29.700000762939453,29.299999237060547,29.700000762939453,225000
2024-03-26,29.700000762939453,29.89999961853028,29.549999237060547,29.75,101130
2024-03-27,29.549999237060547,29.89999961853028,29.549999237060547,29.600000381469727,403000
2024-03-28,29.700000762939453,29.89999961853028,29.549999237060547,29.75,362000
2024-03-29,29.549999237060547,30.25,29.549999237060547,30.25,454000
2024-04-01,30.950000762939453,31.799999237060547,30.89999961853028,31.200000762939453,1215520
2024-04-02,31.39999961853028,31.89999961853028,31.350000381469727,31.600000381469727,731800
2024-04-03,31.850000381469727,31.850000381469727,31.39999961853028,31.549999237060547,328285
2024-04-08,31.850000381469727,32.25,31.549999237060547,32.25,1360500
2024-04-09,32.04999923706055,33.25,32.04999923706055,33.150001525878906,1082560
2024-04-10,33.099998474121094,35.54999923706055,33.099998474121094,34.0,1905109
2024-04-11,33.95000076293945,33.95000076293945,33.5,33.54999923706055,575427
2024-04-12,33.54999923706055,35.29999923706055,33.54999923706055,34.900001525878906,1108102
2024-04-15,34.900001525878906,35.099998474121094,34.25,34.349998474121094,703600
2024-04-16,34.25,34.25,32.29999923706055,32.70000076293945,1153345
2024-04-17,33.099998474121094,34.0,33.099998474121094,33.75,648513
2024-04-18,33.95000076293945,36.09999847412109,33.400001525878906,35.900001525878906,1763500
2024-04-19,35.849998474121094,36.20000076293945,34.79999923706055,35.5,1924220
2024-04-22,35.29999923706055,37.25,35.29999923706055,36.04999923706055,3288002
2024-04-23,36.25,37.79999923706055,35.650001525878906,37.79999923706055,2697947
2024-04-24,38.34999847412109,39.150001525878906,37.20000076293945,37.95000076293945,8450001
2024-04-25,37.5,39.45000076293945,37.400001525878906,39.400001525878906,4943909
2024-04-26,39.04999923706055,39.79999923706055,38.59999847412109,39.04999923706055,4169710
2024-04-29,39.150001525878906,40.25,38.25,38.29999923706055,4127079
2024-04-30,38.59999847412109,38.650001525878906,36.84999847412109,37.29999923706055,3625110
2024-05-02,37.59999847412109,39.09999847412109,37.54999923706055,38.400001525878906,6567843
2024-05-03,38.70000076293945,39.900001525878906,37.900001525878906,39.84999847412109,5040094
2024-05-06,40.0,40.95000076293945,38.79999923706055,39.84999847412109,5821974
2024-05-07,39.59999847412109,39.79999923706055,37.79999923706055,37.900001525878906,3347808
2024-05-08,37.59999847412109,38.400001525878906,36.5,37.0,2703300
2024-05-09,36.70000076293945,36.95000076293945,35.0,35.099998474121094,3310402
2024-05-10,35.400001525878906,36.54999923706055,35.150001525878906,36.09999847412109,1436410
2024-05-13,35.79999923706055,36.29999923706055,35.099998474121094,35.400001525878906,896005
2024-05-14,35.25,35.5,35.04999923706055,35.04999923706055,818199
2024-05-15,35.0,35.5,34.900001525878906,35.0,816001
2024-05-16,34.849998474121094,35.20000076293945,34.650001525878906,34.95000076293945,1937167
2024-05-17,35.25,35.900001525878906,35.20000076293945,35.900001525878906,819364
2024-05-20,36.04999923706055,36.54999923706055,35.70000076293945,36.20000076293945,973519
2024-05-21,36.150001525878906,36.150001525878906,35.25,35.25,694200
2024-05-22,34.900001525878906,36.150001525878906,34.900001525878906,36.0,1015119
2024-05-23,35.70000076293945,35.70000076293945,34.099998474121094,34.54999923706055,1514110
2024-05-24,34.25,34.45000076293945,34.0,34.099998474121094,551240
2024-05-27,34.099998474121094,34.5,33.79999923706055,34.04999923706055,623162
2024-05-28,34.04999923706055,34.79999923706055,34.04999923706055,34.29999923706055,530724
2024-05-29,34.150001525878906,34.75,34.0,34.45000076293945,546000
2024-05-30,34.400001525878906,34.70000076293945,34.04999923706055,34.150001525878906,424273
2024-05-31,34.150001525878906,35.45000076293945,34.150001525878906,35.20000076293945,883799
2024-06-03,35.45000076293945,35.45000076293945,34.79999923706055,35.20000076293945,298283
2024-06-04,35.0,35.900001525878906,35.0,35.70000076293945,763102
2024-06-05,35.75,36.04999923706055,35.29999923706055,35.400001525878906,595137
2024-06-06,35.400001525878906,35.400001525878906,34.650001525878906,34.95000076293945,668842
2024-06-07,34.54999923706055,36.400001525878906,34.54999923706055,35.95000076293945,781000
2024-06-11,36.0,36.20000076293945,35.25,35.54999923706055,720000
2024-06-12,35.400001525878906,35.400001525878906,34.650001525878906,34.849998474121094,637028
2024-06-13,35.0,35.29999923706055,34.70000076293945,35.04999923706055,244054
2024-06-14,34.79999923706055,35.75,34.79999923706055,35.349998474121094,375000
2024-06-17,35.349998474121094,35.349998474121094,34.95000076293945,35.04999923706055,461300
2024-06-18,34.95000076293945,35.29999923706055,34.70000076293945,34.75,558000
2024-06-19,34.75,35.400001525878906,34.75,34.95000076293945,341076
2024-06-20,34.900001525878906,35.29999923706055,34.400001525878906,34.54999923706055,657271
2024-06-21,34.54999923706055,34.599998474121094,34.0,34.599998474121094,833269
2024-06-24,34.599998474121094,34.849998474121094,34.349998474121094,34.599998474121094,160084
2024-06-25,34.79999923706055,34.849998474121094,34.25,34.54999923706055,166073
2024-06-26,34.45000076293945,34.79999923706055,34.04999923706055,34.099998474121094,482040
2024-06-27,34.0,34.0,33.400001525878906,33.400001525878906,491010
2024-06-28,33.650001525878906,33.900001525878906,33.5,33.5,188000
2024-07-01,33.5,34.45000076293945,33.5,34.20000076293945,237025
2024-07-02,33.900001525878906,34.04999923706055,33.79999923706055,34.04999923706055,231169
2024-07-03,34.0,34.0,33.70000076293945,33.900001525878906,221010
2024-07-04,34.04999923706055,34.54999923706055,34.04999923706055,34.349998474121094,440038
2024-07-05,34.400001525878906,34.400001525878906,33.900001525878906,34.04999923706055,280558
2024-07-08,34.29999923706055,34.5,33.79999923706055,33.95000076293945,534070
2024-07-09,33.900001525878906,33.95000076293945,33.45000076293945,33.849998474121094,372200
2024-07-10,33.70000076293945,34.150001525878906,33.5,34.099998474121094,592019
2024-07-11,34.150001525878906,34.45000076293945,34.04999923706055,34.099998474121094,530999
2024-07-12,34.400001525878906,34.54999923706055,34.04999923706055,34.04999923706055,372545
2024-07-15,34.04999923706055,34.95000076293945,33.849998474121094,34.599998474121094,672245
2024-07-16,34.29999923706055,36.84999847412109,34.25,36.34999847412109,2754707
2024-07-17,36.29999923706055,36.54999923706055,35.849998474121094,35.900001525878906,1175150
2024-07-18,35.79999923706055,36.400001525878906,35.29999923706055,36.0,752550
2024-07-19,36.0,36.0,34.900001525878906,35.20000076293945,792305
2024-07-22,35.20000076293945,35.20000076293945,33.849998474121094,34.599998474121094,684001
2024-07-23,34.70000076293945,35.54999923706055,34.70000076293945,34.900001525878906,391029
2024-07-26,34.70000076293945,35.0,34.150001525878906,34.70000076293945,312129
2024-07-29,34.70000076293945,37.29999923706055,34.70000076293945,36.25,2443599
2024-07-30,37.5,38.400001525878906,36.29999923706055,37.45000076293945,5850314
2024-07-31,37.45000076293945,38.29999923706055,36.09999847412109,36.20000076293945,2186130
2024-08-01,36.25,37.45000076293945,36.20000076293945,37.04999923706055,2058099
2024-08-02,36.59999847412109,36.95000076293945,35.150001525878906,35.150001525878906,2279283
2024-08-05,34.5,34.5,31.64999961853028,31.64999961853028,2557201
2024-08-06,31.64999961853028,32.04999923706055,29.5,31.39999961853028,1849311
2024-08-07,31.39999961853028,32.95000076293945,31.39999961853028,32.650001525878906,1137504
2024-08-08,32.400001525878906,32.70000076293945,31.5,32.400001525878906,959332
2024-08-09,32.650001525878906,33.599998474121094,32.5,32.79999923706055,2805363
2024-08-12,32.95000076293945,34.70000076293945,32.95000076293945,33.599998474121094,2183089
2024-08-13,33.400001525878906,33.900001525878906,33.0,33.900001525878906,534088
2024-08-14,34.04999923706055,34.400001525878906,33.79999923706055,34.0,435088
2024-08-15,33.95000076293945,34.400001525878906,33.849998474121094,34.099998474121094,618022
2024-08-16,34.29999923706055,34.849998474121094,34.25,34.400001525878906,978175
2024-08-19,34.400001525878906,35.5,34.20000076293945,35.29999923706055,1078000
2024-08-20,35.349998474121094,35.349998474121094,34.20000076293945,34.54999923706055,679099
2024-08-21,34.900001525878906,34.900001525878906,33.849998474121094,34.25,470000
2024-08-22,34.45000076293945,35.0,33.400001525878906,33.75,580000
2024-08-23,33.75,33.75,33.29999923706055,33.54999923706055,307000
2024-08-26,33.54999923706055,33.79999923706055,33.099998474121094,33.150001525878906,524703
2024-08-27,33.0,33.54999923706055,33.0,33.400001525878906,227457
2024-08-28,33.349998474121094,33.75,33.349998474121094,33.5,141000
2024-08-29,33.599998474121094,34.29999923706055,33.5,34.150001525878906,313000
2024-08-30,34.150001525878906,35.70000076293945,34.150001525878906,35.29999923706055,789930
2024-09-02,35.400001525878906,35.5,34.75,34.79999923706055,978997
2024-09-03,34.54999923706055,34.79999923706055,34.25,34.29999923706055,220000
2024-09-04,33.79999923706055,33.79999923706055,32.400001525878906,32.900001525878906,873005
2024-09-05,33.45000076293945,33.599998474121094,33.20000076293945,33.5,252000
2024-09-06,33.5,33.5,32.79999923706055,33.04999923706055,448007
2024-09-09,32.79999923706055,32.79999923706055,32.0,32.20000076293945,494010
2024-09-10,32.5,32.70000076293945,31.549999237060547,31.600000381469727,522070
2024-09-11,31.950000762939453,32.0,31.299999237060547,31.5,178299
2024-09-12,31.5,32.099998474121094,31.5,31.75,605699
2024-09-13,31.700000762939453,32.400001525878906,31.700000762939453,32.29999923706055,145000
2024-09-16,32.650001525878906,33.54999923706055,32.5,33.349998474121094,388000
2024-09-18,33.20000076293945,33.79999923706055,33.150001525878906,33.25,251000
2024-09-19,33.25,33.29999923706055,32.650001525878906,33.04999923706055,668000
2024-09-20,31.0,32.25,30.5,31.64999961853028,1931020
2024-09-23,31.5,31.5,30.850000381469727,31.049999237060547,706030
2024-09-24,31.049999237060547,31.200000762939453,30.450000762939453,30.450000762939453,584500
2024-09-25,30.700000762939453,31.450000762939453,30.549999237060547,30.799999237060547,390050
2024-09-26,30.950000762939453,31.299999237060547,30.5,30.600000381469727,233016
2024-09-27,30.950000762939453,31.299999237060547,30.89999961853028,31.100000381469727,303099
2024-09-30,31.100000381469727,31.299999237060547,31.049999237060547,31.14999961853028,70000
2024-10-01,31.049999237060547,31.299999237060547,30.75,31.049999237060547,450100
2024-10-04,31.0,31.25,31.0,31.25,371007
2024-10-07,31.25,31.799999237060547,31.25,31.75,217199
2024-10-08,31.5,31.5,30.950000762939453,31.14999961853028,276000
2024-10-09,31.14999961853028,31.200000762939453,30.600000381469727,30.600000381469727,184012
2024-10-11,30.75,30.89999961853028,30.450000762939453,30.64999961853028,185000
2024-10-14,30.64999961853028,30.64999961853028,30.299999237060547,30.5,103100
2024-10-15,30.299999237060547,30.64999961853028,30.200000762939453,30.200000762939453,208030
2024-10-16,30.049999237060547,30.25,29.64999961853028,29.64999961853028,1233035
2024-10-17,29.850000381469727,30.350000381469727,29.799999237060547,30.100000381469727,185000
2024-10-18,30.14999961853028,30.350000381469727,30.0,30.049999237060547,197717
2024-10-21,29.850000381469727,30.049999237060547,29.700000762939453,29.799999237060547,682000
2024-10-22,29.799999237060547,29.950000762939453,29.100000381469727,29.549999237060547,1398045
2024-10-23,29.600000381469727,29.600000381469727,29.100000381469727,29.200000762939453,761087
2024-10-24,29.100000381469727,29.299999237060547,28.89999961853028,28.89999961853028,476085
2024-10-25,29.0,29.14999961853028,28.700000762939453,29.100000381469727,594020
2024-10-28,29.100000381469727,29.39999961853028,29.100000381469727,29.25,245100
2024-10-29,28.89999961853028,29.100000381469727,28.5,28.75,822002
2024-10-30,28.799999237060547,28.950000762939453,28.64999961853028,28.850000381469727,201398
2024-11-01,28.299999237060547,29.549999237060547,28.25,29.5,310002
2024-11-04,29.350000381469727,29.5,29.14999961853028,29.25,95200
2024-11-05,29.39999961853028,29.5,29.100000381469727,29.450000762939453,125150
2024-11-06,29.100000381469727,29.450000762939453,29.100000381469727,29.450000762939453,120199
2024-11-07,29.200000762939453,29.549999237060547,29.200000762939453,29.549999237060547,48001
2024-11-08,29.549999237060547,29.700000762939453,29.200000762939453,29.299999237060547,127799
2024-11-11,29.299999237060547,29.549999237060547,29.200000762939453,29.25,74786
2024-11-12,28.89999961853028,29.14999961853028,28.850000381469727,29.14999961853028,103000
2024-11-13,28.64999961853028,29.200000762939453,28.600000381469727,29.0,85000
2024-11-14,28.850000381469727,29.049999237060547,28.549999237060547,28.600000381469727,148060
2024-11-15,28.600000381469727,29.700000762939453,28.600000381469727,29.549999237060547,264125
2024-11-18,29.549999237060547,30.049999237060547,29.549999237060547,29.700000762939453,308078
2024-11-19,29.75,30.39999961853028,29.5,30.299999237060547,323067
2024-11-20,29.799999237060547,29.799999237060547,29.799999237060547,29.799999237060547,228355
2024-11-21,29.799999237060547,30.5,29.100000381469727,30.200000762939453,341000
2024-11-22,30.0,31.049999237060547,30.0,30.64999961853028,454001
2024-11-25,31.049999237060547,31.600000381469727,30.850000381469727,31.600000381469727,555500
2024-11-26,31.600000381469727,32.0,31.39999961853028,31.450000762939453,262300
2024-11-27,31.450000762939453,31.450000762939453,30.89999961853028,31.0,289005
2024-11-28,31.0,31.350000381469727,30.549999237060547,30.89999961853028,129194
2024-11-29,30.600000381469727,31.25,30.450000762939453,30.89999961853028,79000
2024-12-02,31.0,31.200000762939453,30.89999961853028,31.14999961853028,182232
2024-12-03,31.14999961853028,31.299999237060547,31.0,31.299999237060547,68000
2024-12-04,31.39999961853028,31.450000762939453,31.100000381469727,31.350000381469727,76479
2024-12-05,30.950000762939453,31.299999237060547,30.950000762939453,31.299999237060547,206010
2024-12-06,31.450000762939453,33.400001525878906,31.450000762939453,32.650001525878906,551530
2024-12-09,32.349998474121094,33.45000076293945,32.349998474121094,32.650001525878906,324000
2024-12-10,32.599998474121094,32.599998474121094,32.0,32.150001525878906,190000
2024-12-11,32.099998474121094,32.099998474121094,31.75,31.799999237060547,115000
2024-12-12,31.39999961853028,32.150001525878906,31.299999237060547,31.850000381469727,164216
2024-12-13,31.299999237060547,31.75,31.049999237060547,31.350000381469727,334000
2024-12-16,31.14999961853028,32.0,31.100000381469727,31.100000381469727,104000
2024-12-17,31.100000381469727,31.299999237060547,30.89999961853028,31.0,157000
2024-12-18,31.0,31.200000762939453,30.700000762939453,30.850000381469727,134000
2024-12-19,30.799999237060547,30.950000762939453,30.600000381469727,30.950000762939453,139001
2024-12-20,30.549999237060547,30.850000381469727,29.5,29.5,518000
2024-12-23,29.200000762939453,30.549999237060547,29.200000762939453,30.0,331099
2024-12-24,30.100000381469727,30.299999237060547,30.0,30.100000381469727,62501
2024-12-25,30.0,30.39999961853028,29.799999237060547,30.299999237060547,168001
2024-12-26,30.350000381469727,31.850000381469727,30.350000381469727,31.600000381469727,407016
2024-12-27,31.700000762939453,32.150001525878906,31.39999961853028,32.150001525878906,362411
2024-12-30,31.700000762939453,33.20000076293945,31.700000762939453,32.25,827076
2024-12-31,32.0,32.599998474121094,31.799999237060547,32.599998474121094,214013
2025-01-02,32.400001525878906,32.79999923706055,31.700000762939453,32.45000076293945,282998
2025-01-03,32.29999923706055,32.599998474121094,31.799999237060547,32.150001525878906,406000
2025-01-06,32.150001525878906,32.150001525878906,31.600000381469727,31.89999961853028,212210
2025-01-07,31.89999961853028,32.099998474121094,31.5,31.549999237060547,168000
2025-01-08,31.450000762939453,31.600000381469727,31.299999237060547,31.39999961853028,77000
2025-01-09,31.5,31.75,31.200000762939453,31.350000381469727,190333
2025-01-10,31.200000762939453,31.700000762939453,30.89999961853028,30.89999961853028,176000
2025-01-13,30.89999961853028,30.89999961853028,30.0,30.64999961853028,416000
2025-01-14,30.850000381469727,30.850000381469727,30.600000381469727,30.850000381469727,62000
2025-01-15,30.799999237060547,31.299999237060547,30.549999237060547,30.850000381469727,92000
2025-01-16,31.200000762939453,31.299999237060547,30.799999237060547,31.0,103004
2025-01-17,31.100000381469727,31.299999237060547,30.89999961853028,31.100000381469727,217004
2025-01-20,30.950000762939453,32.0,30.89999961853028,31.200000762939453,96000
2025-01-21,31.350000381469727,31.350000381469727,31.100000381469727,31.14999961853028,110070
2025-01-22,30.850000381469727,31.450000762939453,30.850000381469727,31.25,49000
2025-02-03,30.700000762939453,31.89999961853028,30.700000762939453,31.64999961853028,337899
2025-02-04,31.64999961853028,32.599998474121094,31.64999961853028,32.20000076293945,463000
2025-02-05,32.400001525878906,32.5,32.150001525878906,32.25,161000
2025-02-06,32.25,32.5,32.20000076293945,32.25,104010
2025-02-07,32.70000076293945,32.70000076293945,31.89999961853028,32.099998474121094,730299
2025-02-10,32.25,32.25,31.75,31.799999237060547,457030
2025-02-11,31.950000762939453,31.950000762939453,31.75,31.799999237060547,100000
2025-02-12,31.75,31.89999961853028,31.25,31.299999237060547,221015
2025-02-13,31.299999237060547,31.75,31.299999237060547,31.75,62099
2025-02-14,31.549999237060547,32.0,31.549999237060547,31.89999961853028,116000
2025-02-17,31.89999961853028,32.04999923706055,31.5,31.950000762939453,230000
2025-02-18,32.04999923706055,32.099998474121094,31.600000381469727,31.850000381469727,322000
2025-02-19,31.89999961853028,32.0,31.700000762939453,31.700000762939453,89032
2025-02-20,31.700000762939453,31.700000762939453,31.25,31.299999237060547,377000
2025-02-21,31.549999237060547,31.64999961853028,31.14999961853028,31.14999961853028,363000
2025-02-24,31.100000381469727,31.350000381469727,30.950000762939453,31.25,169026
2025-02-25,31.200000762939453,31.5,31.14999961853028,31.299999237060547,103000
2025-02-26,31.299999237060547,31.450000762939453,31.200000762939453,31.299999237060547,67000
2025-02-27,31.100000381469727,31.25,31.0,31.14999961853028,153000
2025-03-03,31.100000381469727,31.39999961853028,30.700000762939453,31.39999961853028,112084
2025-03-04,31.200000762939453,31.450000762939453,30.89999961853028,31.450000762939453,91199
2025-03-05,31.450000762939453,31.450000762939453,31.100000381469727,31.25,67000
2025-03-06,31.14999961853028,31.450000762939453,31.0,31.0,181000
2025-03-07,31.0,31.049999237060547,30.799999237060547,30.850000381469727,134000
2025-03-10,31.0,31.0,30.64999961853028,30.950000762939453,140000
2025-03-11,30.5,30.600000381469727,30.0,30.549999237060547,199000
2025-03-12,30.350000381469727,30.64999961853028,30.350000381469727,30.39999961853028,103020
2025-03-13,30.39999961853028,30.5,30.100000381469727,30.25,219000
2025-03-14,30.5,30.950000762939453,30.350000381469727,30.89999961853028,114000
2025-03-17,31.0,31.0,30.64999961853028,31.0,86000
2025-03-18,31.049999237060547,31.100000381469727,30.89999961853028,31.100000381469727,137109
2025-03-19,31.100000381469727,31.350000381469727,31.0,31.350000381469727,139030
2025-03-20,31.299999237060547,31.450000762939453,31.200000762939453,31.450000762939453,189010
2025-03-21,31.350000381469727,31.850000381469727,31.299999237060547,31.64999961853028,418000
2025-03-24,31.799999237060547,32.25,31.75,32.0,449158
2025-03-25,32.099998474121094,32.20000076293945,31.799999237060547,32.099998474121094,222063
2025-03-26,32.150001525878906,32.54999923706055,32.150001525878906,32.29999923706055,307000
2025-03-27,32.29999923706055,32.29999923706055,32.0,32.20000076293945,750228
2025-03-28,32.20000076293945,32.45000076293945,31.799999237060547,32.349998474121094,374000
2025-03-31,32.29999923706055,32.29999923706055,31.39999961853028,31.950000762939453,351000
2025-04-01,31.799999237060547,32.70000076293945,31.799999237060547,32.599998474121094,245010
2025-04-02,32.599998474121094,33.099998474121094,32.400001525878906,33.0,304050
2025-04-07,29.700000762939453,30.0,29.700000762939453,29.700000762939453,1201100
2025-04-08,29.700000762939453,30.049999237060547,28.600000381469727,29.350000381469727,506000
2025-04-09,29.049999237060547,29.049999237060547,26.450000762939453,26.950000762939453,893000
2025-04-10,29.600000381469727,29.600000381469727,29.14999961853028,29.600000381469727,545000
2025-04-11,29.200000762939453,29.799999237060547,28.450000762939453,29.600000381469727,367030
2025-04-14,29.89999961853028,29.89999961853028,29.049999237060547,29.450000762939453,197004
2025-04-15,29.700000762939453,30.14999961853028,29.450000762939453,30.0,134099
2025-04-16,29.850000381469727,29.89999961853028,29.25,29.299999237060547,137000
2025-04-17,29.200000762939453,29.850000381469727,28.89999961853028,29.350000381469727,103214
2025-04-18,29.100000381469727,29.950000762939453,29.0,29.049999237060547,77000
2025-04-21,29.0,29.0,28.64999961853028,28.799999237060547,127000
2025-04-22,28.799999237060547,28.799999237060547,28.200000762939453,28.450000762939453,385000
2025-04-23,28.450000762939453,29.100000381469727,28.450000762939453,29.049999237060547,123000
2025-04-24,28.799999237060547,29.049999237060547,28.799999237060547,29.049999237060547,26000
2025-04-25,29.299999237060547,29.39999961853028,28.950000762939453,29.100000381469727,82000
2025-04-28,29.100000381469727,29.25,28.700000762939453,29.14999961853028,247000
2025-04-29,29.299999237060547,29.89999961853028,29.299999237060547,29.850000381469727,161000
2025-04-30,29.75,30.200000762939453,29.600000381469727,29.64999961853028,136000
2025-05-02,29.5,30.600000381469727,29.39999961853028,30.450000762939453,349000
2025-05-05,30.450000762939453,31.549999237060547,30.450000762939453,31.200000762939453,966000
2025-05-06,30.850000381469727,31.350000381469727,30.600000381469727,30.600000381469727,459017
2025-05-07,30.600000381469727,30.600000381469727,30.200000762939453,30.299999237060547,78001
2025-05-08,30.950000762939453,30.950000762939453,30.350000381469727,30.799999237060547,179095
2025-05-09,30.799999237060547,31.450000762939453,30.700000762939453,31.100000381469727,335000
2025-05-12,31.299999237060547,31.299999237060547,30.5,30.549999237060547,287180
2025-05-13,30.549999237060547,30.799999237060547,30.14999961853028,30.25,229012
2025-05-14,30.5,30.5,30.0,30.200000762939453,273000
2025-05-15,30.14999961853028,30.200000762939453,29.850000381469727,30.14999961853028,270228
2025-05-16,30.14999961853028,30.600000381469727,30.0,30.14999961853028,364000
2025-05-19,29.950000762939453,30.25,29.75,29.850000381469727,92001
2025-05-20,30.200000762939453,30.39999961853028,30.0,30.0,137000
2025-05-21,30.299999237060547,30.450000762939453,30.14999961853028,30.350000381469727,239001
2025-05-22,30.200000762939453,30.39999961853028,30.100000381469727,30.39999961853028,66000
2025-05-23,30.100000381469727,30.549999237060547,30.100000381469727,30.5,96000
2025-05-26,30.549999237060547,31.200000762939453,30.549999237060547,30.850000381469727,527099
2025-05-27,31.100000381469727,31.200000762939453,30.600000381469727,30.850000381469727,132000
2025-05-28,30.950000762939453,30.950000762939453,30.64999961853028,30.75,89000
2025-05-29,30.700000762939453,30.850000381469727,30.350000381469727,30.5,248000
2025-06-02,30.549999237060547,30.549999237060547,30.0,30.14999961853028,219000
2025-06-03,30.200000762939453,30.299999237060547,29.950000762939453,30.049999237060547,107100
2025-06-04,30.600000381469727,30.600000381469727,29.950000762939453,30.049999237060547,196099
2025-06-05,30.100000381469727,30.100000381469727,29.950000762939453,30.0,71099
2025-06-06,30.0,30.5,30.0,30.5,155000
2025-06-09,30.700000762939453,30.75,30.350000381469727,30.39999961853028,107999
2025-06-10,30.39999961853028,30.700000762939453,30.350000381469727,30.600000381469727,115000
2025-06-11,30.39999961853028,30.39999961853028,30.049999237060547,30.39999961853028,140000
2025-06-12,30.200000762939453,30.25,30.049999237060547,30.100000381469727,104000
2025-06-13,30.0,30.049999237060547,29.799999237060547,29.89999961853028,180000
2025-06-16,29.799999237060547,29.799999237060547,29.549999237060547,29.64999961853028,159000
2025-06-17,29.75,29.799999237060547,29.549999237060547,29.600000381469727,192543
2025-06-18,29.700000762939453,29.700000762939453,29.549999237060547,29.600000381469727,72400
2025-06-19,29.549999237060547,29.600000381469727,29.25,29.25,221863
2025-06-20,29.39999961853028,30.100000381469727,28.799999237060547,30.100000381469727,859000
2025-06-23,29.700000762939453,29.700000762939453,29.14999961853028,29.450000762939453,252089
2025-06-24,29.799999237060547,30.14999961853028,29.799999237060547,30.14999961853028,181199
2025-06-25,30.0,30.049999237060547,29.850000381469727,30.049999237060547,72000
2025-06-26,30.14999961853028,30.5,30.100000381469727,30.100000381469727,188000
2025-06-27,30.450000762939453,30.549999237060547,30.14999961853028,30.299999237060547,137000
2025-06-30,30.25,30.25,29.950000762939453,29.950000762939453,101000
2025-07-01,29.799999237060547,30.350000381469727,29.799999237060547,29.950000762939453,258000
2025-07-02,29.950000762939453,30.25,29.799999237060547,29.950000762939453,254000
2025-07-03,29.89999961853028,30.200000762939453,29.549999237060547,29.64999961853028,360030
2025-07-04,29.64999961853028,29.700000762939453,29.299999237060547,29.350000381469727,289000
2025-07-07,29.350000381469727,29.549999237060547,29.299999237060547,29.450000762939453,58001
2025-07-08,29.64999961853028,29.75,29.299999237060547,29.600000381469727,45000
2025-07-09,29.5,29.5,29.200000762939453,29.25,115000
2025-07-10,29.049999237060547,29.25,29.0,29.049999237060547,107452
2025-07-11,29.14999961853028,29.5,29.14999961853028,29.200000762939453,125000
2025-07-14,29.200000762939453,29.25,29.0,29.200000762939453,115000
2025-07-15,29.549999237060547,29.549999237060547,29.049999237060547,29.100000381469727,224000
2025-07-16,28.75,29.049999237060547,28.700000762939453,28.700000762939453,274000
2025-07-17,28.850000381469727,28.850000381469727,28.75,28.75,49000
2025-07-18,28.850000381469727,28.850000381469727,28.700000762939453,28.799999237060547,19000
2025-07-21,28.75,28.850000381469727,28.600000381469727,28.600000381469727,68011
2025-07-22,28.5,28.600000381469727,28.200000762939453,28.350000381469727,211000
2025-07-23,28.600000381469727,28.600000381469727,28.299999237060547,28.350000381469727,531000
2025-07-24,28.200000762939453,28.39999961853028,28.14999961853028,28.200000762939453,616000
2025-07-25,28.049999237060547,28.25,28.049999237060547,28.100000381469727,80001
2025-07-28,28.0,28.0,27.64999961853028,27.64999961853028,285120
2025-07-29,27.64999961853028,27.700000762939453,27.39999961853028,27.39999961853028,179001
2025-07-30,27.299999237060547,27.64999961853028,27.299999237060547,27.450000762939453,72066
2025-07-31,27.39999961853028,27.39999961853028,27.14999961853028,27.299999237060547,80000
2025-08-04,27.39999961853028,27.600000381469727,27.100000381469727,27.39999961853028,173000
2025-08-05,27.39999961853028,27.39999961853028,27.25,27.25,45500
2025-08-06,27.25,27.700000762939453,27.25,27.549999237060547,145425
2025-08-07,27.89999961853028,27.89999961853028,27.25,27.549999237060547,133110
2025-08-08,27.600000381469727,27.600000381469727,27.350000381469727,27.350000381469727,100000
2025-08-11,27.350000381469727,27.450000762939453,27.299999237060547,27.350000381469727,65000
2025-08-12,27.299999237060547,27.450000762939453,27.299999237060547,27.39999961853028,64000
2025-08-13,27.350000381469727,27.549999237060547,27.25,27.39999961853028,118800
2025-08-14,27.39999961853028,27.700000762939453,27.39999961853028,27.549999237060547,130000
2025-08-15,28.350000381469727,28.350000381469727,27.600000381469727,27.89999961853028,205420
2025-08-18,28.049999237060547,28.64999961853028,28.049999237060547,28.5,510845
2025-08-19,28.549999237060547,28.549999237060547,28.200000762939453,28.299999237060547,243907
2025-08-20,28.5,28.5,27.89999961853028,27.950000762939453,163000
2025-08-21,28.0,28.299999237060547,27.75,27.850000381469727,95001
2025-08-22,27.799999237060547,27.850000381469727,27.450000762939453,27.549999237060547,257182
2025-08-25,27.5,27.799999237060547,27.5,27.64999961853028,501000
2025-08-26,27.549999237060547,27.64999961853028,27.5,27.5,98000
2025-08-27,27.299999237060547,27.5,27.299999237060547,27.299999237060547,215556
2025-08-28,27.200000762939453,27.5,27.200000762939453,27.39999961853028,910099
2025-08-29,27.39999961853028,27.549999237060547,27.350000381469727,27.549999237060547,102561
2025-09-01,27.549999237060547,27.850000381469727,27.14999961853028,27.600000381469727,184000
2025-09-02,27.549999237060547,28.0,27.549999237060547,27.700000762939453,102025
2025-09-03,27.700000762939453,27.700000762939453,27.39999961853028,27.5,78328
2025-09-04,28.0,29.700000762939453,27.950000762939453,29.100000381469727,1064000
2025-09-05,29.299999237060547,29.299999237060547,28.25,28.25,602005
2025-09-08,28.25,28.25,27.5,27.549999237060547,218070
2025-09-09,27.5,27.700000762939453,27.39999961853028,27.600000381469727,342000
2025-09-10,27.600000381469727,27.75,27.299999237060547,27.600000381469727,679008
2025-09-11,27.600000381469727,27.850000381469727,27.14999961853028,27.600000381469727,268000
2025-09-12,27.600000381469727,28.100000381469727,27.549999237060547,27.950000762939453,177000
2025-09-15,28.0,28.100000381469727,27.700000762939453,28.100000381469727,124000
2025-09-16,28.100000381469727,28.600000381469727,28.100000381469727,28.350000381469727,157527
2025-09-17,28.350000381469727,28.64999961853028,28.299999237060547,28.450000762939453,552199
2025-09-18,28.450000762939453,28.600000381469727,28.14999961853028,28.14999961853028,117200
2025-09-19,27.89999961853028,28.0,27.299999237060547,27.799999237060547,681000
2025-09-22,27.89999961853028,27.89999961853028,27.450000762939453,27.5,150010
2025-09-23,27.350000381469727,28.350000381469727,27.25,27.5,405081
2025-09-24,27.799999237060547,27.799999237060547,27.5,27.700000762939453,56202
2025-09-25,27.700000762939453,27.75,27.5,27.64999961853028,64114
2025-09-26,27.350000381469727,27.600000381469727,27.350000381469727,27.549999237060547,67000
2025-09-30,27.600000381469727,27.64999961853028,27.450000762939453,27.600000381469727,145000
2025-10-01,27.600000381469727,27.700000762939453,27.5,27.5,184003
2025-10-02,27.450000762939453,27.600000381469727,27.299999237060547,27.39999961853028,252000
2025-10-03,27.549999237060547,27.549999237060547,27.200000762939453,27.25,364185
2025-10-07,27.200000762939453,27.25,27.049999237060547,27.25,408798
2025-10-08,27.5,27.5,27.200000762939453,27.299999237060547,24487
2025-10-09,27.64999961853028,27.64999961853028,27.14999961853028,27.450000762939453,119030
2025-10-13,27.100000381469727,28.0,26.5,26.600000381469727,592030
2025-10-14,26.64999961853028,26.75,26.450000762939453,26.5,299000
2025-10-15,26.5,26.600000381469727,26.299999237060547,26.39999961853028,130100
2025-10-16,26.39999961853028,26.39999961853028,26.200000762939453,26.299999237060547,133421
2025-10-17,26.299999237060547,26.549999237060547,26.0,26.049999237060547,356030
2025-10-20,26.049999237060547,26.100000381469727,25.850000381469727,26.049999237060547,106158
2025-10-21,26.049999237060547,26.14999961853028,26.0,26.0,170210
2025-10-22,26.0,26.350000381469727,26.0,26.350000381469727,65199
2025-10-23,26.549999237060547,26.600000381469727,26.0,26.39999961853028,500160
2025-10-27,26.299999237060547,26.700000762939453,26.100000381469727,26.299999237060547,757907
2025-10-28,26.350000381469727,26.799999237060547,26.200000762939453,26.39999961853028,473229
2025-10-29,26.600000381469727,26.600000381469727,26.100000381469727,26.14999961853028,214000
2025-10-30,26.100000381469727,26.39999961853028,26.049999237060547,26.100000381469727,155000
2025-10-31,26.25,26.350000381469727,26.0,26.049999237060547,213499
2025-11-03,26.100000381469727,26.100000381469727,25.799999237060547,25.850000381469727,297001
2025-11-04,25.799999237060547,25.799999237060547,25.5,25.600000381469727,222632
2025-11-05,25.5,26.0,25.39999961853028,26.0,422008
2025-11-06,26.0,26.450000762939453,25.89999961853028,26.450000762939453,173000
2025-11-07,26.39999961853028,26.600000381469727,26.25,26.600000381469727,348153
2025-11-10,27.14999961853028,27.5,26.600000381469727,26.75,865000
2025-11-11,26.75,26.89999961853028,26.39999961853028,26.600000381469727,347000
2025-11-12,26.5,26.600000381469727,26.450000762939453,26.549999237060547,147380
2025-11-13,26.75,26.75,26.200000762939453,26.25,190000
2025-11-14,26.049999237060547,26.5,26.049999237060547,26.350000381469727,246000
2025-11-17,26.100000381469727,26.100000381469727,25.5,25.549999237060547,513001
2025-11-18,25.39999961853028,25.549999237060547,25.200000762939453,25.299999237060547,198000
2025-11-19,25.5,25.5,25.14999961853028,25.450000762939453,93499
2025-11-20,25.350000381469727,26.100000381469727,25.350000381469727,25.600000381469727,97000
2025-11-21,25.64999961853028,25.700000762939453,25.350000381469727,25.64999961853028,59000
2025-11-24,25.64999961853028,25.950000762939453,25.600000381469727,25.799999237060547,75399
2025-11-25,25.700000762939453,25.75,25.5,25.75,99000
2025-11-26,26.0,26.100000381469727,25.600000381469727,25.75,154000
2025-11-27,25.700000762939453,26.200000762939453,25.700000762939453,26.200000762939453,312109
2025-11-28,26.049999237060547,26.25,25.950000762939453,26.100000381469727,103035
2025-12-01,25.89999961853028,25.950000762939453,25.75,25.950000762939453,51699
2025-12-02,26.100000381469727,26.100000381469727,25.75,25.89999961853028,26000
2025-12-03,26.100000381469727,26.100000381469727,25.850000381469727,26.0,171000
2025-12-04,25.950000762939453,26.350000381469727,25.950000762939453,26.14999961853028,181299
2025-12-05,26.350000381469727,26.39999961853028,26.100000381469727,26.25,73000
2025-12-08,26.5,26.600000381469727,26.14999961853028,26.450000762939453,46668
2025-12-09,26.700000762939453,27.100000381469727,26.600000381469727,26.950000762939453,508020
2025-12-10,27.0,27.0,26.64999961853028,26.700000762939453,59222
2025-12-11,26.950000762939453,27.0,26.5,26.700000762939453,162001
2025-12-12,26.700000762939453,26.89999961853028,26.64999961853028,26.75,226000
2025-12-15,26.700000762939453,26.700000762939453,26.14999961853028,26.25,415000
2025-12-16,26.14999961853028,26.14999961853028,26.049999237060547,26.049999237060547,93000
2025-12-17,26.200000762939453,26.39999961853028,26.049999237060547,26.14999961853028,71000
2025-12-18,26.25,26.5,26.14999961853028,26.25,90000
2025-12-19,26.39999961853028,26.75,26.350000381469727,26.600000381469727,228000
2025-12-22,26.850000381469727,26.850000381469727,26.549999237060547,26.549999237060547,202299
2025-12-23,26.600000381469727,26.600000381469727,26.39999961853028,26.5,105178
2025-12-24,26.5,26.799999237060547,26.450000762939453,26.64999961853028,153333
2025-12-26,26.75,26.75,26.350000381469727,26.450000762939453,247000
2025-12-29,26.600000381469727,26.64999961853028,25.950000762939453,26.25,471020
2025-12-30,26.049999237060547,26.14999961853028,25.950000762939453,25.950000762939453,422008
2025-12-31,26.0,26.100000381469727,25.950000762939453,26.0,71000
2026-01-02,26.200000762939453,26.200000762939453,25.799999237060547,25.850000381469727,168000
2026-01-05,25.89999961853028,25.89999961853028,25.39999961853028,25.39999961853028,341010
2026-01-06,25.39999961853028,25.5,25.299999237060547,25.450000762939453,278046
2026-01-07,25.600000381469727,25.600000381469727,25.39999961853028,25.450000762939453,300025
2026-01-08,25.600000381469727,25.64999961853028,25.350000381469727,25.350000381469727,207140
2026-01-09,25.64999961853028,25.64999961853028,25.200000762939453,25.350000381469727,344194
2026-01-12,25.450000762939453,25.549999237060547,25.350000381469727,25.350000381469727,338021
2026-01-13,25.450000762939453,25.450000762939453,24.450000762939453,24.5,1705357
2026-01-14,24.600000381469727,24.75,24.450000762939453,24.5,426555
2026-01-15,24.600000381469727,24.700000762939453,24.14999961853028,24.25,398193
2026-01-16,24.39999961853028,24.39999961853028,23.799999237060547,24.0,798000
2026-01-19,24.0,24.049999237060547,23.850000381469727,23.89999961853028,191200
2026-01-20,23.89999961853028,23.89999961853028,23.64999961853028,23.64999961853028,195525
2026-01-21,23.600000381469727,23.799999237060547,23.0,23.200000762939453,723400
2026-01-22,23.39999961853028,23.799999237060547,23.25,23.549999237060547,274089
2026-01-23,23.64999961853028,23.64999961853028,23.350000381469727,23.5,129799
2026-01-26,23.549999237060547,23.600000381469727,23.14999961853028,23.299999237060547,294548
2026-01-27,23.450000762939453,23.64999961853028,23.100000381469727,23.14999961853028,252308
2026-01-28,23.200000762939453,23.200000762939453,22.700000762939453,22.950000762939453,459200
2026-01-29,22.950000762939453,22.950000762939453,22.299999237060547,22.5,1368199
2026-01-30,22.5,22.5,22.299999237060547,22.450000762939453,213536
2026-02-02,22.200000762939453,22.600000381469727,22.200000762939453,22.39999961853028,259000
2026-02-03,22.450000762939453,23.14999961853028,22.450000762939453,22.600000381469727,234000
2026-02-04,22.600000381469727,22.700000762939453,22.450000762939453,22.64999961853028,93008
2026-02-05,22.549999237060547,22.799999237060547,22.549999237060547,22.700000762939453,92000
2026-02-06,22.64999961853028,22.64999961853028,22.200000762939453,22.350000381469727,192000
2026-02-09,22.39999961853028,22.600000381469727,22.350000381469727,22.450000762939453,133000
2026-02-10,22.5,22.850000381469727,22.450000762939453,22.799999237060547,331000
2026-02-11,22.950000762939453,22.950000762939453,22.600000381469727,22.850000381469727,211000
2026-02-23,22.850000381469727,23.049999237060547,22.799999237060547,22.950000762939453,378000
2026-02-24,22.950000762939453,23.100000381469727,22.799999237060547,22.850000381469727,311070
2026-02-25,22.850000381469727,23.700000762939453,22.75,23.450000762939453,573000
2026-02-26,23.450000762939453,23.64999961853028,23.25,23.450000762939453,336000
2026-03-02,23.5,23.89999961853028,23.200000762939453,23.89999961853028,484010
2026-03-03,24.25,24.549999237060547,23.450000762939453,24.14999961853028,1103010
2026-03-04,23.549999237060547,23.700000762939453,23.049999237060547,23.100000381469727,558010
2026-03-05,23.299999237060547,23.64999961853028,23.049999237060547,23.5,450000
2026-03-06,23.25,23.5,22.950000762939453,23.100000381469727,387000
2026-03-09,22.39999961853028,22.600000381469727,22.049999237060547,22.5,299050
2026-03-10,22.75,22.950000762939453,22.549999237060547,22.64999961853028,142598
2026-03-11,22.850000381469727,22.850000381469727,22.600000381469727,22.700000762939453,186000
2026-03-12,22.5,22.75,22.5,22.600000381469727,154015
2026-03-13,22.299999237060547,22.549999237060547,22.25,22.39999961853028,221000
2026-03-16,22.450000762939453,22.549999237060547,22.350000381469727,22.5,295000
2026-03-17,22.549999237060547,23.049999237060547,22.549999237060547,22.950000762939453,500020
2026-03-18,23.100000381469727,23.100000381469727,22.549999237060547,22.64999961853028,216006
2026-03-19,22.600000381469727,22.700000762939453,22.299999237060547,22.350000381469727,449000
2026-03-20,22.5,22.89999961853028,22.450000762939453,22.549999237060547,374000
2026-03-23,22.14999961853028,22.299999237060547,22.0,22.200000762939453,259222
2026-03-24,22.200000762939453,22.299999237060547,22.0,22.14999961853028,324020
2026-03-25,22.299999237060547,22.600000381469727,22.14999961853028,22.39999961853028,389000
2026-03-26,22.39999961853028,22.700000762939453,22.39999961853028,22.450000762939453,550087
2026-03-27,22.299999237060547,22.350000381469727,22.200000762939453,22.299999237060547,77000
2026-03-30,22.14999961853028,22.200000762939453,22.0,22.200000762939453,188000
2026-03-31,22.100000381469727,22.25,22.0,22.100000381469727,241175
2026-04-01,22.14999961853028,22.75,22.14999961853028,22.39999961853028,295001
2026-04-02,22.39999961853028,22.39999961853028,22.14999961853028,22.14999961853028,87015
2026-04-07,22.200000762939453,22.450000762939453,22.14999961853028,22.350000381469727,135033
2026-04-08,22.5,22.799999237060547,22.5,22.700000762939453,1440001
2026-04-09,22.5,22.700000762939453,22.25,22.39999961853028,702000
2026-04-10,22.299999237060547,22.350000381469727,22.14999961853028,22.200000762939453,225000
2026-04-13,22.200000762939453,22.39999961853028,22.049999237060547,22.350000381469727,352320
2026-04-14,22.450000762939453,22.450000762939453,22.14999961853028,22.25,176010
2026-04-15,22.25,22.350000381469727,22.14999961853028,22.350000381469727,213000
2026-04-16,22.5,22.5,22.25,22.39999961853028,108899
2026-04-17,22.39999961853028,22.5,22.200000762939453,22.350000381469727,169010
2026-04-20,22.450000762939453,22.450000762939453,22.049999237060547,22.14999961853028,231200
2026-04-21,22.200000762939453,22.25,22.0,22.14999961853028,346001
2026-04-22,22.14999961853028,22.14999961853028,21.75,21.799999237060547,521234
2026-04-23,21.850000381469727,22.0,21.64999961853028,22.0,442012
2026-04-24,22.0,22.0,21.700000762939453,21.850000381469727,74200
2026-04-27,21.799999237060547,21.850000381469727,21.5,21.600000381469727,529015
2026-04-28,21.600000381469727,21.700000762939453,21.39999961853028,21.64999961853028,278007
2026-04-29,21.850000381469727,22.350000381469727,21.700000762939453,22.25,196000
2026-04-30,22.100000381469727,22.100000381469727,21.549999237060547,21.549999237060547,218001
2026-05-04,21.600000381469727,21.700000762939453,21.0,21.100000381469727,539000
2026-05-05,21.049999237060547,21.25,20.850000381469727,20.89999961853028,217310
2026-05-06,20.89999961853028,21.0,20.25,20.39999961853028,653638
2026-05-07,21.39999961853028,21.799999237060547,20.75,20.850000381469727,737000
2026-05-08,20.950000762939453,21.049999237060547,20.600000381469727,20.64999961853028,459199
2026-05-11,20.64999961853028,20.64999961853028,20.5,20.5,324338
2026-05-12,20.5,20.5,20.25,20.350000381469727,514054
2026-05-13,20.299999237060547,20.450000762939453,20.25,20.299999237060547,372339
2026-05-14,20.299999237060547,20.450000762939453,20.100000381469727,20.100000381469727,559020
2026-05-15,20.0,20.14999961853028,20.0,20.049999237060547,476111
2026-05-18,20.049999237060547,20.299999237060547,20.049999237060547,20.100000381469727,200000
2026-05-19,20.14999961853028,20.299999237060547,20.14999961853028,20.14999961853028,136045
2026-05-20,20.14999961853028,20.14999961853028,19.89999961853028,20.049999237060547,413050
2026-05-21,20.100000381469727,20.200000762939453,19.950000762939453,20.049999237060547,372134
2026-05-22,20.049999237060547,20.049999237060547,19.89999961853028,19.950000762939453,431431
2026-05-25,19.950000762939453,19.950000762939453,19.600000381469727,19.64999961853028,977000
2026-05-26,19.75,19.799999237060547,19.450000762939453,19.549999237060547,488300
2026-05-27,19.700000762939453,19.75,19.049999237060547,19.200000762939453,628030
2026-05-28,19.350000381469727,19.600000381469727,19.14999961853028,19.450000762939453,455001
2026-05-29,19.799999237060547,19.799999237060547,19.299999237060547,19.5,375298
2026-06-01,19.5,19.799999237060547,19.39999961853028,19.75,308010
2026-06-02,19.75,19.850000381469727,19.600000381469727,19.64999961853028,539501
2026-06-03,19.700000762939453,20.200000762939453,19.700000762939453,20.200000762939453,454000
2026-06-04,20.200000762939453,20.25,20.049999237060547,20.100000381469727,242999
2026-06-05,20.14999961853028,21.299999237060547,20.0,20.600000381469727,633000
2026-06-08,20.5,20.700000762939453,20.0,20.549999237060547,321020
2026-06-09,20.950000762939453,21.200000762939453,20.75,20.799999237060547,1200000
2026-06-10,20.799999237060547,21.950000762939453,20.799999237060547,21.600000381469727,1305045
2026-06-11,21.850000381469727,21.89999961853028,21.25,21.64999961853028,843063
2026-06-12,21.89999961853028,22.14999961853028,21.600000381469727,21.950000762939453,1466535
2026-06-15,22.100000381469727,22.100000381469727,21.549999237060547,21.700000762939453,794002
2026-06-16,21.700000762939453,21.75,21.350000381469727,21.39999961853028,472216
2026-06-17,21.39999961853028,21.5,21.200000762939453,21.39999961853028,671000
2026-06-18,21.75,22.450000762939453,21.600000381469727,22.350000381469727,4122350
2026-06-22,22.350000381469727,22.350000381469727,21.25,21.299999237060547,1942624
2026-06-23,21.64999961853028,21.64999961853028,21.200000762939453,21.25,939000
2026-06-24,21.25,21.549999237060547,21.100000381469727,21.299999237060547,532000
2026-06-25,21.450000762939453,21.5,21.200000762939453,21.25,636235
2026-06-26,21.25,21.25,20.89999961853028,21.0,793100
2026-06-29,21.049999237060547,21.39999961853028,21.049999237060547,21.200000762939453,369600
2026-06-30,21.200000762939453,21.25,21.0,21.049999237060547,829435
2026-07-01,21.5,21.5,20.850000381469727,20.850000381469727,912090
2026-07-02,20.950000762939453,21.299999237060547,20.89999961853028,21.200000762939453,896065
2026-07-03,21.299999237060547,21.600000381469727,21.25,21.450000762939453,1618000
2026-07-06,21.600000381469727,21.799999237060547,21.549999237060547,21.600000381469727,4386705
2026-07-07,19.600000381469727,19.64999961853028,19.200000762939453,19.25,1719216
2026-07-08,19.14999961853028,19.200000762939453,18.850000381469727,18.950000762939453,829010
2026-07-09,19.299999237060547,19.64999961853028,19.200000762939453,19.549999237060547,1352025
2026-07-10,19.549999237060547,19.549999237060547,19.549999237060547,19.549999237060547,0
2026-07-13,19.299999237060547,19.75,19.25,19.549999237060547,1177000
2026-07-14,19.5,19.600000381469727,19.25,19.350000381469727,976800
2026-07-15,19.5,19.600000381469727,19.14999961853028,19.600000381469727,1082000
2026-07-16,19.600000381469727,19.850000381469727,19.350000381469727,19.799999237060547,1126000
2026-07-17,19.600000381469727,19.950000762939453,19.299999237060547,19.450000762939453,2420200
2026-07-20,19.600000381469727,19.600000381469727,19.350000381469727,19.5,1150000
2026-07-21,19.5,19.700000762939453,19.350000381469727,19.5,1436000
2026-07-22,19.5,19.5,18.89999961853028,18.89999961853028,2123500
2026-07-23,19.049999237060547,19.049999237060547,17.950000762939453,18.25,2928000
2026-07-24,18.25,18.350000381469727,18.14999961853028,18.25,425600
2026-07-27,18.25,18.39999961853028,18.14999961853028,18.200000762939453,710415
2026-07-28,18.049999237060547,18.100000381469727,17.700000762939453,17.899999618530273,584000
2026-07-29,18.049999237060547,18.100000381469727,17.649999618530273,17.950000762939453,1189521
2026-07-30,17.950000762939453,18.350000381469727,17.799999237060547,18.350000381469727,550011
2026-07-31,18.600000381469727,18.64999961853028,18.100000381469727,18.200000762939453,633011
2026-08-03,18.200000762939453,18.200000762939453,17.799999237060547,18.049999237060547,657099
2026-08-04,17.799999237060547,18.0,17.600000381469727,17.950000762939453,1266255
2026-08-05,17.950000762939453,18.0,17.700000762939453,17.899999618530273,571505
2026-08-06,17.899999618530273,17.950000762939453,17.799999237060547,17.950000762939453,214079
2026-08-07,18.799999237060547,19.600000381469727,18.799999237060547,19.39999961853028,2131055
2026-08-10,19.39999961853028,20.299999237060547,19.39999961853028,20.299999237060547,2303199
2026-08-11,20.100000381469727,21.0,20.049999237060547,20.950000762939453,2913345
2026-08-12,20.89999961853028,21.450000762939453,20.799999237060547,21.25,1788292
2026-08-13,21.450000762939453,21.549999237060547,21.14999961853028,21.450000762939453,2519499
2026-08-14,21.450000762939453,21.5,20.799999237060547,20.799999237060547,3291561
2026-08-17,20.799999237060547,21.0,20.64999961853028,20.799999237060547,1249000
2026-08-18,20.799999237060547,20.89999961853028,20.64999961853028,20.850000381469727,1004000
2026-08-19,20.850000381469727,20.89999961853028,20.700000762939453,20.799999237060547,769000
2026-08-20,20.799999237060547,20.850000381469727,20.64999961853028,20.850000381469727,628099
2026-08-21,20.799999237060547,21.0,20.799999237060547,20.850000381469727,586000
2026-08-24,20.75,20.89999961853028,20.700000762939453,20.799999237060547,705002
2026-08-25,20.75,21.100000381469727,20.549999237060547,20.950000762939453,3452543
2026-08-26,20.89999961853028,21.200000762939453,20.799999237060547,21.0,881000
2026-08-27,21.0,21.200000762939453,20.950000762939453,21.100000381469727,417099
2026-08-28,21.0,21.049999237060547,20.600000381469727,20.799999237060547,2155000
2026-08-31,20.700000762939453,20.850000381469727,20.39999961853028,20.799999237060547,1991006
2026-09-01,20.600000381469727,20.89999961853028,20.600000381469727,20.799999237060547,1444491
2026-09-02,20.799999237060547,20.799999237060547,19.799999237060547,20.350000381469727,4490000
2026-09-03,20.200000762939453,20.200000762939453,18.64999961853028,18.799999237060547,2866020
2026-09-04,19.0,19.799999237060547,18.64999961853028,19.200000762939453,1203250
2026-09-07,19.25,19.25,18.850000381469727,18.850000381469727,493202
2026-09-08,18.850000381469727,18.950000762939453,18.799999237060547,18.850000381469727,646604
2026-09-09,18.850000381469727,19.100000381469727,18.799999237060547,19.0,747010
2026-09-10,19.14999961853028,19.200000762939453,18.850000381469727,19.14999961853028,406010
2026-09-11,19.14999961853028,19.200000762939453,19.0,19.100000381469727,416000
2026-09-14,19.0,19.450000762939453,18.950000762939453,19.450000762939453,478226
2026-09-15,19.5,19.5,19.100000381469727,19.100000381469727,438000
2026-09-16,19.14999961853028,19.200000762939453,19.0,19.100000381469727,397000
2026-09-17,19.200000762939453,19.549999237060547,19.100000381469727,19.450000762939453,667000
2026-09-18,19.89999961853028,20.049999237060547,19.39999961853028,19.39999961853028,1026072
2026-09-21,19.450000762939453,19.600000381469727,19.39999961853028,19.5,272198
2026-09-22,19.600000381469727,19.600000381469727,19.450000762939453,19.5,315050
2026-09-23,19.549999237060547,19.549999237060547,19.350000381469727,19.39999961853028,310000
2026-09-24,19.39999961853028,19.39999961853028,19.200000762939453,19.200000762939453,374000
2026-09-29,19.14999961853028,19.200000762939453,19.100000381469727,19.14999961853028,607010
2026-09-30,19.350000381469727,19.350000381469727,19.100000381469727,19.14999961853028,464085
2026-10-01,19.25,19.25,19.100000381469727,19.100000381469727,398000
2026-10-02,19.049999237060547,19.14999961853028,18.799999237060547,18.799999237060547,912027
2026-10-05,18.950000762939453,18.950000762939453,18.25,18.350000381469727,692617
2026-10-06,18.399999618530273,18.399999618530273,18.25,18.350000381469727,192000
