date,open,high,low,close,volume
2020-01-02,8.208540916442871,8.208540916442871,8.174481391906738,8.208540916442871,5516311
2020-01-03,8.208540916442871,8.24260139465332,8.208540916442871,8.24260139465332,6450859
2020-01-06,8.24260139465332,8.27666187286377,8.208540916442871,8.27666187286377,6489060
2020-01-07,8.27666187286377,8.378843307495117,8.27666187286377,8.378843307495117,11862705
2020-01-08,8.378843307495117,8.378843307495117,8.27666187286377,8.310722351074219,10890029
2020-01-09,8.310722351074219,8.378843307495117,8.310722351074219,8.344781875610352,7320621
2020-01-10,8.344781875610352,8.378843307495117,8.310722351074219,8.378843307495117,7040075
2020-01-13,8.378843307495117,8.4469633102417,8.378843307495117,8.4469633102417,8440165
2020-01-14,8.481023788452148,8.515084266662598,8.4469633102417,8.481023788452148,7803394
2020-01-15,8.515084266662598,8.54914379119873,8.481023788452148,8.515084266662598,10423667
2020-01-16,8.481023788452148,8.515084266662598,8.4469633102417,8.481023788452148,4124368
2020-01-17,8.481023788452148,8.515084266662598,8.4469633102417,8.481023788452148,5485469
2020-01-20,8.481023788452148,8.515084266662598,8.4469633102417,8.515084266662598,12253948
2020-01-30,8.24260139465332,8.344781875610352,8.208540916442871,8.24260139465332,32829366
2020-01-31,8.208540916442871,8.310722351074219,8.208540916442871,8.27666187286377,18538751
2020-02-03,8.174481391906738,8.208540916442871,8.07229995727539,8.208540916442871,21960837
2020-02-04,8.10636043548584,8.27666187286377,8.10636043548584,8.27666187286377,8289958
2020-02-05,8.310722351074219,8.310722351074219,8.208540916442871,8.27666187286377,13487273
2020-02-06,8.310722351074219,8.4469633102417,8.310722351074219,8.41290283203125,15523230
2020-02-07,8.4469633102417,8.4469633102417,8.310722351074219,8.378843307495117,5431882
2020-02-10,8.310722351074219,8.310722351074219,8.24260139465332,8.27666187286377,5225059
2020-02-11,8.310722351074219,8.344781875610352,8.310722351074219,8.344781875610352,5863014
2020-02-12,8.344781875610352,8.378843307495117,8.310722351074219,8.344781875610352,6489997
2020-02-13,8.378843307495117,8.41290283203125,8.344781875610352,8.378843307495117,4171319
2020-02-14,8.344781875610352,8.378843307495117,8.344781875610352,8.378843307495117,4726798
2020-02-17,8.378843307495117,8.378843307495117,8.310722351074219,8.344781875610352,4982472
2020-02-18,8.344781875610352,8.378843307495117,8.310722351074219,8.378843307495117,3437923
2020-02-19,8.378843307495117,8.41290283203125,8.344781875610352,8.41290283203125,5613887
2020-02-20,8.41290283203125,8.4469633102417,8.41290283203125,8.41290283203125,6028853
2020-02-21,8.41290283203125,8.41290283203125,8.378843307495117,8.378843307495117,4356470
2020-02-24,8.310722351074219,8.344781875610352,8.27666187286377,8.344781875610352,7298411
2020-02-25,8.27666187286377,8.310722351074219,8.24260139465332,8.27666187286377,11308776
2020-02-26,8.344781875610352,8.4469633102417,8.344781875610352,8.41290283203125,24091087
2020-02-27,8.4469633102417,8.481023788452148,8.378843307495117,8.41290283203125,12154682
2020-03-02,8.310722351074219,8.378843307495117,8.27666187286377,8.310722351074219,22611296
2020-03-03,8.378843307495117,8.378843307495117,8.344781875610352,8.378843307495117,4873879
2020-03-04,8.310722351074219,8.378843307495117,8.27666187286377,8.344781875610352,9511652
2020-03-05,8.378843307495117,8.41290283203125,8.344781875610352,8.378843307495117,5303147
2020-03-06,8.378843307495117,8.378843307495117,8.310722351074219,8.344781875610352,7674191
2020-03-09,8.310722351074219,8.310722351074219,8.208540916442871,8.208540916442871,24815127
2020-03-10,8.10636043548584,8.174481391906738,8.07229995727539,8.174481391906738,28110806
2020-03-11,8.174481391906738,8.208540916442871,8.140419960021973,8.140419960021973,13635638
2020-03-12,8.10636043548584,8.10636043548584,7.833877086639404,7.936058044433594,37271251
2020-03-13,7.629515171051025,7.663576126098633,7.322971820831299,7.629515171051025,47268487
2020-03-16,7.561395168304443,7.561395168304443,7.322971820831299,7.322971820831299,23890888
2020-03-17,6.948308944702148,7.152670860290527,6.948308944702148,6.98236894607544,24824312
2020-03-18,7.0164289474487305,7.050489902496338,6.846127986907959,6.846127986907959,25334878
2020-03-19,6.730321884155273,6.730321884155273,6.2057929039001465,6.239853858947754,50311756
2020-03-20,6.389719009399414,6.78481912612915,6.389719009399414,6.7439470291137695,27189574
2020-03-23,6.267101764678955,6.634953022003174,6.267101764678955,6.600893020629883,11402785
2020-03-24,6.64857816696167,6.948308944702148,6.64857816696167,6.812067031860352,19627933
2020-03-25,7.0164289474487305,7.322971820831299,7.0164289474487305,7.186730861663818,26780196
2020-03-26,7.254851818084717,7.254851818084717,6.98236894607544,7.050489902496338,17854668
2020-03-27,7.220790863037109,7.254851818084717,7.084549903869629,7.11860990524292,14953007
2020-03-30,6.98236894607544,7.084549903869629,6.88018798828125,6.98236894607544,15230017
2020-03-31,7.050489902496338,7.084549903869629,6.948308944702148,7.050489902496338,8928733
2020-04-01,7.0164289474487305,7.0164289474487305,6.948308944702148,6.948308944702148,10183903
2020-04-06,7.0164289474487305,7.0164289474487305,6.812067031860352,6.948308944702148,11272305
2020-04-07,7.050489902496338,7.084549903869629,6.98236894607544,7.050489902496338,9905852
2020-04-08,7.050489902496338,7.220790863037109,7.0164289474487305,7.186730861663818,14825375
2020-04-09,7.220790863037109,7.288911819458008,7.186730861663818,7.254851818084717,17199651
2020-04-10,7.254851818084717,7.459214210510254,7.254851818084717,7.459214210510254,18127700
2020-04-13,7.391092777252197,7.391092777252197,7.288911819458008,7.357032775878906,11491529
2020-04-14,7.425152778625488,7.493274211883545,7.425152778625488,7.493274211883545,12610388
2020-04-15,7.561395168304443,7.629515171051025,7.527334213256836,7.595455169677734,14124846
2020-04-16,7.527334213256836,7.527334213256836,7.459214210510254,7.493274211883545,13169516
2020-04-17,7.595455169677734,7.697636127471924,7.493274211883545,7.493274211883545,16915938
2020-04-20,7.527334213256836,7.595455169677734,7.493274211883545,7.561395168304443,5796668
2020-04-21,7.527334213256836,7.527334213256836,7.357032775878906,7.391092777252197,15674343
2020-04-22,7.322971820831299,7.391092777252197,7.220790863037109,7.357032775878906,7639328
2020-04-23,7.391092777252197,7.459214210510254,7.357032775878906,7.425152778625488,5435246
2020-04-24,7.459214210510254,7.459214210510254,7.391092777252197,7.459214210510254,9035926
2020-04-27,7.493274211883545,7.595455169677734,7.493274211883545,7.561395168304443,8136751
2020-04-28,7.595455169677734,7.629515171051025,7.561395168304443,7.629515171051025,9507878
2020-04-29,7.629515171051025,7.731696128845215,7.629515171051025,7.697636127471924,11311806
2020-04-30,7.765757083892822,7.833877086639404,7.765757083892822,7.799817085266113,14918592
2020-05-04,7.697636127471924,7.697636127471924,7.629515171051025,7.663576126098633,10309973
2020-05-05,7.663576126098633,7.731696128845215,7.663576126098633,7.697636127471924,6839861
2020-05-06,7.731696128845215,7.731696128845215,7.629515171051025,7.629515171051025,8170419
2020-05-07,7.663576126098633,7.663576126098633,7.595455169677734,7.629515171051025,5287520
2020-05-08,7.697636127471924,7.731696128845215,7.663576126098633,7.697636127471924,6066420
2020-05-11,7.731696128845215,7.867938041687012,7.731696128845215,7.765757083892822,12657045
2020-05-12,7.799817085266113,7.799817085266113,7.731696128845215,7.731696128845215,7228275
2020-05-13,7.731696128845215,7.833877086639404,7.697636127471924,7.765757083892822,5730304
2020-05-14,7.765757083892822,7.799817085266113,7.731696128845215,7.731696128845215,6246800
2020-05-15,7.731696128845215,7.765757083892822,7.697636127471924,7.731696128845215,5895327
2020-05-18,7.731696128845215,7.799817085266113,7.697636127471924,7.731696128845215,3285037
2020-05-19,7.799817085266113,7.833877086639404,7.765757083892822,7.799817085266113,3497294
2020-05-20,7.765757083892822,7.833877086639404,7.765757083892822,7.799817085266113,6608811
2020-05-21,7.799817085266113,7.833877086639404,7.799817085266113,7.833877086639404,3230464
2020-05-22,7.799817085266113,7.799817085266113,7.731696128845215,7.765757083892822,7049432
2020-05-25,7.765757083892822,7.765757083892822,7.629515171051025,7.765757083892822,7916301
2020-05-26,7.765757083892822,7.833877086639404,7.765757083892822,7.799817085266113,4404003
2020-05-27,7.833877086639404,7.867938041687012,7.799817085266113,7.799817085266113,7046487
2020-05-28,7.833877086639404,7.867938041687012,7.799817085266113,7.833877086639404,6287136
2020-05-29,7.833877086639404,7.833877086639404,7.765757083892822,7.765757083892822,10063872
2020-06-01,7.765757083892822,7.901998043060303,7.765757083892822,7.867938041687012,7033067
2020-06-02,7.867938041687012,7.936058044433594,7.867938041687012,7.936058044433594,5572133
2020-06-03,7.970118999481201,8.10636043548584,7.970118999481201,8.07229995727539,13168496
2020-06-04,8.10636043548584,8.10636043548584,8.004179000854492,8.07229995727539,10529860
2020-06-05,8.10636043548584,8.140419960021973,8.038238525390625,8.07229995727539,5425000
2020-06-08,8.10636043548584,8.174481391906738,8.07229995727539,8.140419960021973,9813208
2020-06-09,8.174481391906738,8.174481391906738,8.10636043548584,8.140419960021973,7390638
2020-06-10,8.140419960021973,8.140419960021973,8.07229995727539,8.140419960021973,6970625
2020-06-11,8.140419960021973,8.174481391906738,8.038238525390625,8.038238525390625,14447108
2020-06-12,7.901998043060303,7.970118999481201,7.833877086639404,7.970118999481201,14425951
2020-06-15,7.970118999481201,7.970118999481201,7.901998043060303,7.970118999481201,8368303
2020-06-16,7.970118999481201,8.07229995727539,7.970118999481201,8.038238525390625,7155059
2020-06-17,8.038238525390625,8.10636043548584,8.004179000854492,8.10636043548584,5172764
2020-06-18,8.10636043548584,8.10636043548584,8.038238525390625,8.10636043548584,4549534
2020-06-19,8.10636043548584,8.10636043548584,8.038238525390625,8.10636043548584,7582713
2020-06-22,8.07229995727539,8.10636043548584,8.038238525390625,8.038238525390625,6972129
2020-06-23,8.07229995727539,8.10636043548584,8.004179000854492,8.004179000854492,7892264
2020-06-24,8.038238525390625,8.07229995727539,8.004179000854492,8.004179000854492,6979895
2020-06-29,7.970118999481201,7.970118999481201,7.901998043060303,7.936058044433594,10809280
2020-06-30,7.970118999481201,8.004179000854492,7.901998043060303,7.936058044433594,7576116
2020-07-01,7.936058044433594,8.004179000854492,7.936058044433594,7.936058044433594,4569803
2020-07-02,7.936058044433594,8.004179000854492,7.936058044433594,7.970118999481201,4608108
2020-07-03,8.004179000854492,8.038238525390625,7.970118999481201,7.970118999481201,8015166
2020-07-06,8.004179000854492,8.10636043548584,8.004179000854492,8.07229995727539,11283123
2020-07-07,8.10636043548584,8.140419960021973,8.038238525390625,8.038238525390625,8698288
2020-07-08,8.07229995727539,8.10636043548584,8.038238525390625,8.07229995727539,4276428
2020-07-09,8.10636043548584,8.10636043548584,8.038238525390625,8.07229995727539,6684397
2020-07-10,8.07229995727539,8.07229995727539,7.970118999481201,8.004179000854492,10157876
2020-07-13,8.004179000854492,8.038238525390625,7.970118999481201,8.038238525390625,6661228
2020-07-14,8.038238525390625,8.038238525390625,7.970118999481201,8.004179000854492,5613402
2020-07-15,8.004179000854492,8.07229995727539,8.004179000854492,8.038238525390625,6379980
2020-07-16,8.07229995727539,8.10636043548584,8.038238525390625,8.10636043548584,8262379
2020-07-17,8.10636043548584,8.140419960021973,8.038238525390625,8.10636043548584,8341633
2020-07-20,8.10636043548584,8.10636043548584,8.038238525390625,8.038238525390625,5454348
2020-07-21,8.07229995727539,8.174481391906738,8.07229995727539,8.140419960021973,13787078
2020-07-22,8.140419960021973,8.174481391906738,8.10636043548584,8.140419960021973,7459347
2020-07-23,8.140419960021973,8.174481391906738,8.10636043548584,8.10636043548584,4896585
2020-07-24,8.10636043548584,8.10636043548584,8.038238525390625,8.07229995727539,7642498
2020-07-27,8.038238525390625,8.07229995727539,7.901998043060303,7.970118999481201,14966934
2020-07-28,7.970118999481201,8.004179000854492,7.936058044433594,7.936058044433594,9050915
2020-07-29,7.936058044433594,8.004179000854492,7.936058044433594,7.970118999481201,5862717
2020-07-30,7.970118999481201,8.004179000854492,7.936058044433594,7.970118999481201,6515237
2020-07-31,7.970118999481201,8.004179000854492,7.970118999481201,7.970118999481201,2893605
2020-08-03,7.970118999481201,8.004179000854492,7.936058044433594,7.936058044433594,5115446
2020-08-04,7.970118999481201,8.004179000854492,7.936058044433594,7.970118999481201,2763409
2020-08-05,8.004179000854492,8.004179000854492,7.970118999481201,8.004179000854492,4329221
2020-08-06,8.038238525390625,8.07229995727539,8.004179000854492,8.07229995727539,9753979
2020-08-07,8.10636043548584,8.140419960021973,8.07229995727539,8.140419960021973,7201167
2020-08-10,8.140419960021973,8.174481391906738,8.10636043548584,8.174481391906738,10314499
2020-08-11,8.174481391906738,8.208540916442871,8.140419960021973,8.140419960021973,8027462
2020-08-12,8.174481391906738,8.174481391906738,8.140419960021973,8.174481391906738,8532795
2020-08-13,8.174481391906738,8.208540916442871,8.140419960021973,8.174481391906738,11404609
2020-08-14,8.174481391906738,8.174481391906738,8.140419960021973,8.140419960021973,8955487
2020-08-17,8.174481391906738,8.208540916442871,8.140419960021973,8.208540916442871,14813189
2020-08-18,8.24260139465332,8.24260139465332,8.174481391906738,8.24260139465332,9282991
2020-08-19,8.24260139465332,8.27666187286377,8.208540916442871,8.24260139465332,13320074
2020-08-20,8.24260139465332,8.24260139465332,8.10636043548584,8.10636043548584,23554284
2020-08-21,8.174481391906738,8.24260139465332,8.140419960021973,8.208540916442871,13095069
2020-08-24,8.208540916442871,8.24260139465332,8.140419960021973,8.174481391906738,19507021
2020-08-25,8.208540916442871,8.24260139465332,8.174481391906738,8.24260139465332,34077062
2020-08-26,8.062082290649414,8.133745193481445,8.026249885559082,8.097912788391113,34347849
2020-08-27,8.133745193481445,8.169575691223145,8.097912788391113,8.097912788391113,8856973
2020-08-28,8.097912788391113,8.097912788391113,8.062082290649414,8.097912788391113,4166053
2020-08-31,8.097912788391113,8.097912788391113,7.990418910980225,7.990418910980225,13058494
2020-09-01,7.990418910980225,8.026249885559082,7.918756008148193,7.918756008148193,6681106
2020-09-02,7.954586982727051,7.954586982727051,7.847093105316162,7.8829240798950195,9901482
2020-09-03,7.918756008148193,7.918756008148193,7.811261177062988,7.847093105316162,8312772
2020-09-04,7.847093105316162,7.847093105316162,7.739597797393799,7.739597797393799,10556041
2020-09-07,7.739597797393799,7.8829240798950195,7.739597797393799,7.847093105316162,6851686
2020-09-08,7.8829240798950195,7.954586982727051,7.847093105316162,7.918756008148193,5864031
2020-09-09,7.954586982727051,7.954586982727051,7.811261177062988,7.847093105316162,5880008
2020-09-10,7.8829240798950195,7.918756008148193,7.847093105316162,7.8829240798950195,3331147
2020-09-11,7.8829240798950195,7.8829240798950195,7.811261177062988,7.847093105316162,3858709
2020-09-14,7.847093105316162,7.847093105316162,7.811261177062988,7.847093105316162,4273367
2020-09-15,7.847093105316162,7.8829240798950195,7.811261177062988,7.811261177062988,5528895
2020-09-16,7.847093105316162,7.847093105316162,7.811261177062988,7.811261177062988,2726767
2020-09-17,7.811261177062988,7.847093105316162,7.775430202484131,7.847093105316162,5583405
2020-09-18,7.811261177062988,7.847093105316162,7.811261177062988,7.847093105316162,5675201
2020-09-21,7.847093105316162,7.8829240798950195,7.811261177062988,7.811261177062988,7167582
2020-09-22,7.811261177062988,7.811261177062988,7.703766822814941,7.703766822814941,10452731
2020-09-23,7.739597797393799,7.775430202484131,7.63210391998291,7.667934894561768,8129912
2020-09-24,7.63210391998291,7.63210391998291,7.524610042572021,7.524610042572021,10307808
2020-09-25,7.524610042572021,7.667934894561768,7.524610042572021,7.560441017150879,5619807
2020-09-28,7.596271991729736,7.667934894561768,7.596271991729736,7.63210391998291,3351366
2020-09-29,7.667934894561768,7.703766822814941,7.63210391998291,7.63210391998291,4157826
2020-09-30,7.667934894561768,7.739597797393799,7.63210391998291,7.667934894561768,7880126
2020-10-05,7.703766822814941,7.775430202484131,7.703766822814941,7.739597797393799,5051331
2020-10-06,7.775430202484131,7.811261177062988,7.775430202484131,7.775430202484131,3310402
2020-10-07,7.775430202484131,7.811261177062988,7.739597797393799,7.811261177062988,3392644
2020-10-08,7.811261177062988,7.8829240798950195,7.775430202484131,7.847093105316162,4548796
2020-10-12,7.847093105316162,7.8829240798950195,7.775430202484131,7.811261177062988,3141473
2020-10-13,7.739597797393799,7.811261177062988,7.739597797393799,7.811261177062988,4072536
2020-10-14,7.775430202484131,7.811261177062988,7.739597797393799,7.739597797393799,4995498
2020-10-15,7.775430202484131,7.811261177062988,7.703766822814941,7.739597797393799,3356239
2020-10-16,7.775430202484131,7.775430202484131,7.703766822814941,7.703766822814941,4549942
2020-10-19,7.739597797393799,7.739597797393799,7.703766822814941,7.739597797393799,4047444
2020-10-20,7.739597797393799,7.775430202484131,7.703766822814941,7.739597797393799,3723434
2020-10-21,7.775430202484131,7.775430202484131,7.703766822814941,7.739597797393799,5166073
2020-10-22,7.775430202484131,7.775430202484131,7.703766822814941,7.703766822814941,6463207
2020-10-23,7.703766822814941,7.775430202484131,7.703766822814941,7.739597797393799,5306169
2020-10-26,7.775430202484131,7.8829240798950195,7.775430202484131,7.847093105316162,8915989
2020-10-27,7.8829240798950195,7.918756008148193,7.811261177062988,7.811261177062988,5636339
2020-10-28,7.847093105316162,7.847093105316162,7.775430202484131,7.775430202484131,3527280
2020-10-29,7.775430202484131,7.775430202484131,7.739597797393799,7.775430202484131,2942565
2020-10-30,7.811261177062988,7.847093105316162,7.775430202484131,7.775430202484131,3242117
2020-11-02,7.775430202484131,7.811261177062988,7.739597797393799,7.811261177062988,2878622
2020-11-03,7.834328174591064,7.870265007019043,7.834328174591064,7.870265007019043,3157179
2020-11-04,7.906202793121338,7.906202793121338,7.834328174591064,7.870265007019043,3117220
2020-11-05,7.870265007019043,7.906202793121338,7.798390865325928,7.798390865325928,3684375
2020-11-06,7.762453079223633,7.834328174591064,7.762453079223633,7.798390865325928,4221228
2020-11-09,7.834328174591064,7.906202793121338,7.834328174591064,7.870265007019043,4522113
2020-11-10,7.870265007019043,7.906202793121338,7.834328174591064,7.906202793121338,7702641
2020-11-11,7.906202793121338,8.01401424407959,7.870265007019043,8.01401424407959,13765676
2020-11-12,7.978076934814453,8.01401424407959,7.942140102386475,7.942140102386475,5089607
2020-11-13,7.906202793121338,7.942140102386475,7.870265007019043,7.906202793121338,3802885
2020-11-16,7.906202793121338,7.942140102386475,7.870265007019043,7.942140102386475,8396556
2020-11-17,7.942140102386475,7.942140102386475,7.870265007019043,7.906202793121338,4384549
2020-11-18,7.906202793121338,7.942140102386475,7.870265007019043,7.906202793121338,6188509
2020-11-19,7.906202793121338,7.942140102386475,7.870265007019043,7.906202793121338,4404401
2020-11-20,7.906202793121338,7.906202793121338,7.870265007019043,7.906202793121338,2907297
2020-11-23,7.906202793121338,7.942140102386475,7.870265007019043,7.906202793121338,6337021
2020-11-24,7.906202793121338,7.942140102386475,7.906202793121338,7.942140102386475,4868956
2020-11-25,7.906202793121338,7.942140102386475,7.906202793121338,7.906202793121338,6009442
2020-11-26,7.906202793121338,7.906202793121338,7.870265007019043,7.906202793121338,3298352
2020-11-27,7.906202793121338,7.906202793121338,7.870265007019043,7.906202793121338,2942904
2020-11-30,7.906202793121338,7.906202793121338,7.834328174591064,7.834328174591064,9674065
2020-12-01,7.870265007019043,7.906202793121338,7.834328174591064,7.870265007019043,3546258
2020-12-02,7.834328174591064,7.870265007019043,7.834328174591064,7.870265007019043,3293563
2020-12-03,7.906202793121338,7.906202793121338,7.834328174591064,7.870265007019043,4562307
2020-12-04,7.870265007019043,7.870265007019043,7.834328174591064,7.870265007019043,6234649
2020-12-07,7.870265007019043,7.942140102386475,7.870265007019043,7.942140102386475,10096937
2020-12-08,7.906202793121338,7.906202793121338,7.834328174591064,7.834328174591064,10324713
2020-12-09,7.834328174591064,7.834328174591064,7.726515769958496,7.798390865325928,13832683
2020-12-10,7.834328174591064,7.870265007019043,7.762453079223633,7.798390865325928,8236862
2020-12-11,7.798390865325928,7.870265007019043,7.798390865325928,7.870265007019043,6082333
2020-12-14,7.870265007019043,7.870265007019043,7.798390865325928,7.798390865325928,5848582
2020-12-15,7.798390865325928,7.798390865325928,7.762453079223633,7.762453079223633,8548459
2020-12-16,7.762453079223633,7.834328174591064,7.762453079223633,7.834328174591064,6138268
2020-12-17,7.834328174591064,7.834328174591064,7.798390865325928,7.834328174591064,2992874
2020-12-18,7.834328174591064,7.834328174591064,7.762453079223633,7.762453079223633,12418394
2020-12-21,7.798390865325928,7.834328174591064,7.762453079223633,7.798390865325928,4852407
2020-12-22,7.726515769958496,7.762453079223633,7.690578937530518,7.726515769958496,22820113
2020-12-23,7.726515769958496,7.726515769958496,7.690578937530518,7.726515769958496,8814541
2020-12-24,7.726515769958496,7.762453079223633,7.726515769958496,7.762453079223633,5333619
2020-12-25,7.762453079223633,7.762453079223633,7.726515769958496,7.726515769958496,5501097
2020-12-28,7.726515769958496,7.762453079223633,7.690578937530518,7.726515769958496,8982995
2020-12-29,7.726515769958496,7.726515769958496,7.690578937530518,7.726515769958496,8052327
2020-12-30,7.726515769958496,7.834328174591064,7.690578937530518,7.834328174591064,18221495
2020-12-31,7.834328174591064,7.870265007019043,7.798390865325928,7.798390865325928,10923039
2021-01-04,7.834328174591064,7.834328174591064,7.762453079223633,7.798390865325928,9244605
2021-01-05,7.798390865325928,7.798390865325928,7.762453079223633,7.798390865325928,5463232
2021-01-06,7.798390865325928,7.834328174591064,7.762453079223633,7.762453079223633,11197392
2021-01-07,7.798390865325928,7.798390865325928,7.762453079223633,7.798390865325928,5295273
2021-01-08,7.798390865325928,7.834328174591064,7.762453079223633,7.834328174591064,12046013
2021-01-11,7.870265007019043,7.906202793121338,7.870265007019043,7.906202793121338,11481050
2021-01-12,7.906202793121338,7.906202793121338,7.834328174591064,7.834328174591064,8423049
2021-01-13,7.834328174591064,7.906202793121338,7.834328174591064,7.870265007019043,10703847
2021-01-14,7.870265007019043,7.906202793121338,7.834328174591064,7.870265007019043,6152705
2021-01-15,7.870265007019043,7.870265007019043,7.798390865325928,7.798390865325928,9630121
2021-01-18,7.798390865325928,7.798390865325928,7.726515769958496,7.798390865325928,6218989
2021-01-19,7.762453079223633,7.798390865325928,7.762453079223633,7.798390865325928,4430344
2021-01-20,7.762453079223633,7.762453079223633,7.690578937530518,7.690578937530518,14918897
2021-01-21,7.726515769958496,7.762453079223633,7.690578937530518,7.690578937530518,7132505
2021-01-22,7.690578937530518,7.726515769958496,7.654642105102539,7.690578937530518,7720489
2021-01-25,7.690578937530518,7.726515769958496,7.654642105102539,7.726515769958496,7844386
2021-01-26,7.726515769958496,7.726515769958496,7.690578937530518,7.690578937530518,4538293
2021-01-27,7.690578937530518,7.726515769958496,7.654642105102539,7.690578937530518,8102843
2021-01-28,7.690578937530518,7.690578937530518,7.654642105102539,7.690578937530518,4924620
2021-01-29,7.690578937530518,7.690578937530518,7.654642105102539,7.654642105102539,5212755
2021-02-01,7.654642105102539,7.726515769958496,7.654642105102539,7.690578937530518,6913954
2021-02-02,7.690578937530518,7.726515769958496,7.654642105102539,7.690578937530518,4125261
2021-02-03,7.726515769958496,7.726515769958496,7.690578937530518,7.690578937530518,5122516
2021-02-04,7.654642105102539,7.726515769958496,7.654642105102539,7.690578937530518,5670014
2021-02-05,7.726515769958496,7.726515769958496,7.690578937530518,7.690578937530518,7775354
2021-02-17,7.726515769958496,7.798390865325928,7.726515769958496,7.762453079223633,9698815
2021-02-18,7.798390865325928,7.798390865325928,7.762453079223633,7.798390865325928,6275407
2021-02-19,7.798390865325928,7.798390865325928,7.762453079223633,7.798390865325928,6453325
2021-02-22,7.798390865325928,7.834328174591064,7.798390865325928,7.798390865325928,9372055
2021-02-23,7.834328174591064,7.870265007019043,7.798390865325928,7.870265007019043,10077421
2021-02-24,7.870265007019043,7.942140102386475,7.870265007019043,7.906202793121338,16040692
2021-02-25,7.906202793121338,7.978076934814453,7.906202793121338,7.978076934814453,9541653
2021-02-26,7.942140102386475,7.978076934814453,7.906202793121338,7.978076934814453,13254158
2021-03-02,8.01401424407959,8.049951553344727,7.978076934814453,7.978076934814453,11846868
2021-03-03,7.978076934814453,8.049951553344727,7.978076934814453,8.049951553344727,11643315
2021-03-04,8.01401424407959,8.049951553344727,7.978076934814453,8.049951553344727,9599461
2021-03-05,8.01401424407959,8.049951553344727,7.978076934814453,8.049951553344727,5025485
2021-03-08,8.049951553344727,8.121826171875,8.049951553344727,8.049951553344727,12273112
2021-03-09,8.049951553344727,8.22963809967041,8.049951553344727,8.22963809967041,21734549
2021-03-10,8.22963809967041,8.301512718200684,8.193700790405273,8.265575408935547,13690148
2021-03-11,8.265575408935547,8.265575408935547,8.121826171875,8.121826171875,30948616
2021-03-12,8.121826171875,8.193700790405273,8.085888862609863,8.193700790405273,12796082
2021-03-15,8.193700790405273,8.22963809967041,8.157764434814453,8.193700790405273,6519793
2021-03-16,8.193700790405273,8.265575408935547,8.193700790405273,8.265575408935547,7851275
2021-03-17,8.265575408935547,8.265575408935547,8.157764434814453,8.193700790405273,9400903
2021-03-18,8.193700790405273,8.22963809967041,8.193700790405273,8.193700790405273,6663092
2021-03-19,8.193700790405273,8.22963809967041,8.085888862609863,8.085888862609863,22350278
2021-03-22,8.121826171875,8.193700790405273,8.121826171875,8.193700790405273,7826706
2021-03-23,8.193700790405273,8.193700790405273,8.157764434814453,8.157764434814453,6129961
2021-03-24,8.157764434814453,8.193700790405273,8.121826171875,8.157764434814453,5113026
2021-03-25,8.157764434814453,8.22963809967041,8.157764434814453,8.193700790405273,6115852
2021-03-26,8.193700790405273,8.265575408935547,8.193700790405273,8.22963809967041,6968738
2021-03-29,8.22963809967041,8.265575408935547,8.22963809967041,8.22963809967041,9295704
2021-03-30,8.22963809967041,8.265575408935547,8.193700790405273,8.265575408935547,7120875
2021-03-31,8.265575408935547,8.265575408935547,8.22963809967041,8.265575408935547,7736364
2021-04-01,8.265575408935547,8.301512718200684,8.22963809967041,8.265575408935547,7468143
2021-04-07,8.265575408935547,8.265575408935547,8.22963809967041,8.22963809967041,7319290
2021-04-08,8.22963809967041,8.265575408935547,8.22963809967041,8.22963809967041,7316083
2021-04-09,8.265575408935547,8.265575408935547,8.193700790405273,8.193700790405273,15559961
2021-04-12,8.22963809967041,8.265575408935547,8.193700790405273,8.265575408935547,14196274
2021-04-13,8.265575408935547,8.33745002746582,8.265575408935547,8.301512718200684,13155964
2021-04-14,8.301512718200684,8.301512718200684,8.265575408935547,8.301512718200684,8949501
2021-04-15,8.301512718200684,8.409324645996094,8.301512718200684,8.409324645996094,12386558
2021-04-16,8.409324645996094,8.409324645996094,8.373387336730957,8.409324645996094,9552087
2021-04-19,8.409324645996094,8.589011192321777,8.409324645996094,8.589011192321777,22993530
2021-04-20,8.589011192321777,8.624947547912598,8.481199264526367,8.55307388305664,14427171
2021-04-21,8.481199264526367,8.55307388305664,8.481199264526367,8.481199264526367,7184448
2021-04-22,8.517135620117188,8.55307388305664,8.44526195526123,8.481199264526367,14249819
2021-04-23,8.481199264526367,8.481199264526367,8.409324645996094,8.481199264526367,7069360
2021-04-26,8.481199264526367,8.589011192321777,8.44526195526123,8.55307388305664,14868163
2021-04-27,8.589011192321777,8.589011192321777,8.55307388305664,8.55307388305664,7369469
2021-04-28,8.55307388305664,8.624947547912598,8.55307388305664,8.589011192321777,11678769
2021-04-29,8.589011192321777,8.624947547912598,8.55307388305664,8.589011192321777,10048513
2021-05-03,8.55307388305664,8.589011192321777,8.517135620117188,8.589011192321777,16741781
2021-05-04,8.55307388305664,8.624947547912598,8.265575408935547,8.409324645996094,30331580
2021-05-05,8.44526195526123,8.517135620117188,8.409324645996094,8.481199264526367,9389249
2021-05-06,8.55307388305664,8.624947547912598,8.481199264526367,8.517135620117188,14535457
2021-05-07,8.55307388305664,8.589011192321777,8.517135620117188,8.55307388305664,7947070
2021-05-10,8.589011192321777,8.696823120117188,8.55307388305664,8.66088581085205,27004911
2021-05-11,8.66088581085205,8.66088581085205,8.481199264526367,8.517135620117188,18441911
2021-05-12,8.517135620117188,8.517135620117188,7.942140102386475,8.193700790405273,41394214
2021-05-13,8.01401424407959,8.22963809967041,8.01401424407959,8.121826171875,22535790
2021-05-14,8.157764434814453,8.22963809967041,8.085888862609863,8.22963809967041,19595011
2021-05-17,7.978076934814453,8.121826171875,7.906202793121338,7.942140102386475,27413455
2021-05-18,7.942140102386475,8.193700790405273,7.942140102386475,8.157764434814453,15628192
2021-05-19,8.121826171875,8.157764434814453,8.049951553344727,8.085888862609863,8347210
2021-05-20,8.085888862609863,8.085888862609863,8.01401424407959,8.085888862609863,5468902
2021-05-21,8.121826171875,8.193700790405273,8.085888862609863,8.157764434814453,6280769
2021-05-24,8.085888862609863,8.157764434814453,8.049951553344727,8.121826171875,4935429
2021-05-25,8.121826171875,8.193700790405273,8.121826171875,8.157764434814453,6280469
2021-05-26,8.157764434814453,8.157764434814453,8.121826171875,8.157764434814453,6669101
2021-05-27,8.121826171875,8.157764434814453,8.049951553344727,8.049951553344727,16716408
2021-05-28,8.121826171875,8.157764434814453,8.085888862609863,8.157764434814453,6249344
2021-05-31,8.157764434814453,8.193700790405273,8.121826171875,8.157764434814453,6491664
2021-06-01,8.157764434814453,8.265575408935547,8.157764434814453,8.22963809967041,6858204
2021-06-02,8.22963809967041,8.301512718200684,8.22963809967041,8.265575408935547,6585047
2021-06-03,8.301512718200684,8.33745002746582,8.265575408935547,8.301512718200684,3775542
2021-06-04,8.33745002746582,8.33745002746582,8.265575408935547,8.301512718200684,5436207
2021-06-07,8.33745002746582,8.33745002746582,8.193700790405273,8.22963809967041,5740266
2021-06-08,8.265575408935547,8.301512718200684,8.22963809967041,8.265575408935547,2424637
2021-06-09,8.265575408935547,8.301512718200684,8.193700790405273,8.193700790405273,5701849
2021-06-10,8.22963809967041,8.265575408935547,8.193700790405273,8.265575408935547,3629952
2021-06-11,8.301512718200684,8.301512718200684,8.22963809967041,8.265575408935547,4104558
2021-06-15,8.265575408935547,8.301512718200684,8.22963809967041,8.265575408935547,5980075
2021-06-16,8.265575408935547,8.265575408935547,8.193700790405273,8.22963809967041,8043883
2021-06-17,8.22963809967041,8.265575408935547,8.193700790405273,8.22963809967041,5388193
2021-06-18,8.22963809967041,8.373387336730957,8.193700790405273,8.22963809967041,19107739
2021-06-21,8.22963809967041,8.22963809967041,8.193700790405273,8.193700790405273,5138423
2021-06-22,8.22963809967041,8.265575408935547,8.22963809967041,8.265575408935547,4486908
2021-06-23,8.265575408935547,8.33745002746582,8.265575408935547,8.301512718200684,7037185
2021-06-24,8.301512718200684,8.33745002746582,8.265575408935547,8.301512718200684,2662771
2021-06-25,8.301512718200684,8.33745002746582,8.265575408935547,8.301512718200684,4460378
2021-06-28,8.33745002746582,8.33745002746582,8.301512718200684,8.33745002746582,4725264
2021-06-29,8.33745002746582,8.33745002746582,8.301512718200684,8.33745002746582,5610959
2021-06-30,8.33745002746582,8.33745002746582,8.301512718200684,8.33745002746582,6214256
2021-07-01,8.33745002746582,8.373387336730957,8.301512718200684,8.301512718200684,6451860
2021-07-02,8.301512718200684,8.373387336730957,8.301512718200684,8.33745002746582,6909046
2021-07-05,8.373387336730957,8.373387336730957,8.33745002746582,8.373387336730957,6068097
2021-07-06,8.409324645996094,8.44526195526123,8.373387336730957,8.409324645996094,6477175
2021-07-07,8.409324645996094,8.44526195526123,8.409324645996094,8.409324645996094,4740342
2021-07-08,8.44526195526123,8.481199264526367,8.44526195526123,8.481199264526367,5951684
2021-07-09,8.481199264526367,8.481199264526367,8.44526195526123,8.44526195526123,7171654
2021-07-12,8.481199264526367,8.589011192321777,8.481199264526367,8.517135620117188,10518274
2021-07-13,8.55307388305664,8.589011192321777,8.517135620117188,8.55307388305664,7951958
2021-07-14,8.55307388305664,8.589011192321777,8.55307388305664,8.55307388305664,6145066
2021-07-15,8.55307388305664,8.589011192321777,8.55307388305664,8.55307388305664,4890675
2021-07-16,8.55307388305664,8.589011192321777,8.481199264526367,8.55307388305664,10166733
2021-07-19,8.55307388305664,8.589011192321777,8.517135620117188,8.589011192321777,7315780
2021-07-20,8.55307388305664,8.55307388305664,8.517135620117188,8.517135620117188,9054211
2021-07-21,8.55307388305664,8.589011192321777,8.481199264526367,8.517135620117188,9430716
2021-07-22,8.55307388305664,8.55307388305664,8.517135620117188,8.55307388305664,6143658
2021-07-23,8.55307388305664,8.589011192321777,8.55307388305664,8.589011192321777,5375938
2021-07-26,8.589011192321777,8.624947547912598,8.55307388305664,8.55307388305664,7418250
2021-07-27,8.589011192321777,8.589011192321777,8.55307388305664,8.589011192321777,6301183
2021-07-28,8.55307388305664,8.55307388305664,8.44526195526123,8.55307388305664,9971374
2021-07-29,8.55307388305664,8.589011192321777,8.517135620117188,8.589011192321777,4011090
2021-07-30,8.55307388305664,8.589011192321777,8.517135620117188,8.55307388305664,4355364
2021-08-02,8.55307388305664,8.589011192321777,8.55307388305664,8.589011192321777,3405873
2021-08-03,8.589011192321777,8.589011192321777,8.55307388305664,8.55307388305664,2655677
2021-08-04,8.589011192321777,8.589011192321777,8.55307388305664,8.589011192321777,6165459
2021-08-05,8.589011192321777,8.624947547912598,8.55307388305664,8.624947547912598,5350544
2021-08-06,8.624947547912598,8.624947547912598,8.589011192321777,8.589011192321777,4374807
2021-08-09,8.624947547912598,8.624947547912598,8.55307388305664,8.589011192321777,4047114
2021-08-10,8.624947547912598,8.624947547912598,8.55307388305664,8.624947547912598,7830745
2021-08-11,8.624947547912598,8.624947547912598,8.589011192321777,8.624947547912598,5900570
2021-08-12,8.624947547912598,8.624947547912598,8.589011192321777,8.624947547912598,4422922
2021-08-13,8.589011192321777,8.624947547912598,8.55307388305664,8.589011192321777,7744367
2021-08-16,8.589011192321777,8.589011192321777,8.517135620117188,8.55307388305664,12004587
2021-08-17,8.55307388305664,8.55307388305664,8.517135620117188,8.55307388305664,7106758
2021-08-18,8.55307388305664,8.55307388305664,8.517135620117188,8.55307388305664,6622101
2021-08-19,8.55307388305664,8.55307388305664,8.517135620117188,8.517135620117188,9608759
2021-08-20,8.517135620117188,8.55307388305664,8.481199264526367,8.55307388305664,9836713
2021-08-23,8.55307388305664,8.589011192321777,8.55307388305664,8.589011192321777,4835516
2021-08-24,8.589011192321777,8.624947547912598,8.55307388305664,8.589011192321777,8562762
2021-08-25,8.589011192321777,8.624947547912598,8.589011192321777,8.624947547912598,8647614
2021-08-26,8.624947547912598,8.624947547912598,8.589011192321777,8.624947547912598,13692724
2021-08-27,8.624947547912598,8.696823120117188,8.624947547912598,8.696823120117188,26044816
2021-08-30,8.732760429382324,8.804635047912598,8.732760429382324,8.768696784973145,39983970
2021-08-31,8.63752555847168,8.862853050231934,8.63752555847168,8.825299263000488,48163043
2021-09-01,8.825299263000488,8.900407791137695,8.78774356842041,8.78774356842041,10377895
2021-09-02,8.78774356842041,8.78774356842041,8.712635040283203,8.712635040283203,11235433
2021-09-03,8.750189781188965,8.825299263000488,8.750189781188965,8.825299263000488,9102710
2021-09-06,8.862853050231934,8.862853050231934,8.78774356842041,8.78774356842041,6735735
2021-09-07,8.825299263000488,8.825299263000488,8.750189781188965,8.750189781188965,4965647
2021-09-08,8.78774356842041,8.78774356842041,8.675081253051758,8.675081253051758,9208538
2021-09-09,8.712635040283203,8.712635040283203,8.63752555847168,8.675081253051758,7036956
2021-09-10,8.712635040283203,8.750189781188965,8.675081253051758,8.675081253051758,5713484
2021-09-13,8.712635040283203,8.750189781188965,8.675081253051758,8.675081253051758,11287130
2021-09-14,8.675081253051758,8.712635040283203,8.63752555847168,8.63752555847168,11591238
2021-09-15,8.63752555847168,8.63752555847168,8.524863243103027,8.562417030334473,18764533
2021-09-16,8.562417030334473,8.63752555847168,8.562417030334473,8.63752555847168,9653012
2021-09-17,8.63752555847168,8.675081253051758,8.63752555847168,8.63752555847168,20202697
2021-09-22,8.599971771240234,8.599971771240234,8.524863243103027,8.599971771240234,10593440
2021-09-23,8.63752555847168,8.675081253051758,8.599971771240234,8.63752555847168,3391142
2021-09-24,8.675081253051758,8.712635040283203,8.63752555847168,8.675081253051758,4437202
2021-09-27,8.675081253051758,8.750189781188965,8.63752555847168,8.675081253051758,8367374
2021-09-28,8.712635040283203,8.750189781188965,8.675081253051758,8.712635040283203,5276821
2021-09-29,8.675081253051758,8.712635040283203,8.63752555847168,8.675081253051758,4502299
2021-09-30,8.675081253051758,8.712635040283203,8.63752555847168,8.712635040283203,5763087
2021-10-01,8.675081253051758,8.675081253051758,8.599971771240234,8.63752555847168,10660065
2021-10-04,8.675081253051758,8.712635040283203,8.63752555847168,8.675081253051758,4459853
2021-10-05,8.63752555847168,8.675081253051758,8.599971771240234,8.63752555847168,6227326
2021-10-06,8.675081253051758,8.675081253051758,8.63752555847168,8.675081253051758,5383017
2021-10-07,8.675081253051758,8.712635040283203,8.63752555847168,8.675081253051758,4661529
2021-10-08,8.712635040283203,8.712635040283203,8.675081253051758,8.675081253051758,3979473
2021-10-12,8.675081253051758,8.712635040283203,8.675081253051758,8.712635040283203,9340410
2021-10-13,8.712635040283203,8.750189781188965,8.675081253051758,8.712635040283203,5367280
2021-10-14,8.712635040283203,8.750189781188965,8.712635040283203,8.712635040283203,3810598
2021-10-15,8.712635040283203,8.750189781188965,8.712635040283203,8.750189781188965,6558698
2021-10-18,8.750189781188965,8.78774356842041,8.712635040283203,8.78774356842041,8580774
2021-10-19,8.78774356842041,8.825299263000488,8.750189781188965,8.78774356842041,7392205
2021-10-20,8.825299263000488,8.900407791137695,8.825299263000488,8.862853050231934,9922518
2021-10-21,8.900407791137695,9.013071060180664,8.900407791137695,8.93796157836914,18428481
2021-10-22,8.975517272949219,9.013071060180664,8.93796157836914,8.975517272949219,5994682
2021-10-25,8.975517272949219,9.013071060180664,8.93796157836914,8.975517272949219,5345658
2021-10-26,8.975517272949219,8.975517272949219,8.93796157836914,8.975517272949219,6864028
2021-10-27,8.975517272949219,9.013071060180664,8.93796157836914,8.975517272949219,9923766
2021-10-28,8.975517272949219,8.975517272949219,8.93796157836914,8.93796157836914,3839887
2021-10-29,8.93796157836914,8.975517272949219,8.93796157836914,8.975517272949219,6000735
2021-11-01,8.975517272949219,8.975517272949219,8.93796157836914,8.975517272949219,5174310
2021-11-02,8.975517272949219,9.013071060180664,8.975517272949219,9.013071060180664,5824034
2021-11-03,9.013071060180664,9.013071060180664,8.975517272949219,9.013071060180664,6790721
2021-11-04,9.034459114074709,9.034459114074709,8.996814727783203,8.996814727783203,4246770
2021-11-05,9.034459114074709,9.034459114074709,8.959172248840332,8.996814727783203,3950712
2021-11-08,8.996814727783203,8.996814727783203,8.959172248840332,8.996814727783203,4154200
2021-11-09,8.996814727783203,8.996814727783203,8.959172248840332,8.959172248840332,3910386
2021-11-10,8.996814727783203,8.996814727783203,8.959172248840332,8.996814727783203,3994302
2021-11-11,8.996814727783203,8.996814727783203,8.959172248840332,8.996814727783203,3955542
2021-11-12,8.996814727783203,9.034459114074709,8.959172248840332,9.034459114074709,9657920
2021-11-15,9.034459114074709,9.034459114074709,8.996814727783203,9.034459114074709,6406936
2021-11-16,9.034459114074709,9.034459114074709,8.996814727783203,9.034459114074709,6463860
2021-11-17,9.034459114074709,9.109745979309082,8.996814727783203,9.072102546691896,17394277
2021-11-18,9.072102546691896,9.22267723083496,9.072102546691896,9.185032844543455,15440138
2021-11-19,9.185032844543455,9.22267723083496,9.072102546691896,9.072102546691896,10138571
2021-11-22,9.072102546691896,9.109745979309082,9.034459114074709,9.109745979309082,4919492
2021-11-23,9.109745979309082,9.109745979309082,9.034459114074709,9.034459114074709,4632731
2021-11-24,9.034459114074709,9.109745979309082,9.034459114074709,9.109745979309082,4572217
2021-11-25,9.109745979309082,9.147390365600586,9.072102546691896,9.109745979309082,3741943
2021-11-26,9.109745979309082,9.109745979309082,9.034459114074709,9.072102546691896,7127658
2021-11-29,9.034459114074709,9.034459114074709,8.959172248840332,8.996814727783203,8160189
2021-11-30,8.996814727783203,9.034459114074709,8.959172248840332,8.959172248840332,9195226
2021-12-01,8.959172248840332,9.034459114074709,8.959172248840332,9.034459114074709,4809749
2021-12-02,8.996814727783203,9.034459114074709,8.996814727783203,8.996814727783203,2909720
2021-12-03,9.034459114074709,9.034459114074709,8.996814727783203,9.034459114074709,7566894
2021-12-06,9.034459114074709,9.034459114074709,8.996814727783203,8.996814727783203,3527797
2021-12-07,9.034459114074709,9.034459114074709,8.996814727783203,9.034459114074709,5642177
2021-12-08,9.034459114074709,9.072102546691896,8.996814727783203,9.034459114074709,10519167
2021-12-09,9.072102546691896,9.072102546691896,9.034459114074709,9.072102546691896,5861557
2021-12-10,9.072102546691896,9.072102546691896,8.996814727783203,9.072102546691896,6235550
2021-12-13,9.072102546691896,9.109745979309082,9.034459114074709,9.072102546691896,7581251
2021-12-14,9.034459114074709,9.072102546691896,9.034459114074709,9.034459114074709,6255259
2021-12-15,9.034459114074709,9.072102546691896,8.996814727783203,9.034459114074709,6359108
2021-12-16,9.034459114074709,9.072102546691896,9.034459114074709,9.034459114074709,3231311
2021-12-17,9.034459114074709,9.072102546691896,9.034459114074709,9.072102546691896,5611372
2021-12-20,9.034459114074709,9.072102546691896,9.034459114074709,9.034459114074709,4468012
2021-12-21,9.034459114074709,9.072102546691896,9.034459114074709,9.034459114074709,3827353
2021-12-22,9.072102546691896,9.109745979309082,9.034459114074709,9.072102546691896,4601611
2021-12-23,9.072102546691896,9.109745979309082,9.072102546691896,9.072102546691896,3089890
2021-12-24,9.072102546691896,9.109745979309082,9.072102546691896,9.072102546691896,4096730
2021-12-27,9.034459114074709,9.072102546691896,8.996814727783203,9.034459114074709,17705733
2021-12-28,9.034459114074709,9.109745979309082,9.034459114074709,9.072102546691896,13423295
2021-12-29,9.072102546691896,9.147390365600586,9.072102546691896,9.147390365600586,11097994
2021-12-30,9.147390365600586,9.185032844543455,9.147390365600586,9.147390365600586,6976170
2022-01-03,9.147390365600586,9.185032844543455,9.147390365600586,9.185032844543455,7825607
2022-01-04,9.185032844543455,9.185032844543455,9.147390365600586,9.185032844543455,6554383
2022-01-05,9.185032844543455,9.335607528686523,9.147390365600586,9.297964096069336,20203320
2022-01-06,9.297964096069336,9.373250961303713,9.260319709777832,9.297964096069336,11563227
2022-01-07,9.335607528686523,9.523825645446776,9.335607528686523,9.48618221282959,23763344
2022-01-10,9.561469078063965,9.712042808532717,9.523825645446776,9.712042808532717,16485020
2022-01-11,9.74968719482422,10.540202140808104,9.74968719482422,10.239053726196287,102960735
2022-01-12,10.201410293579102,10.314340591430664,9.97554874420166,10.201410293579102,36273732
2022-01-13,10.239053726196287,10.46491527557373,10.201410293579102,10.427270889282228,36233689
2022-01-14,10.427270889282228,10.46491527557373,10.163765907287598,10.351984024047852,31083088
2022-01-17,10.351984024047852,10.427270889282228,10.163765907287598,10.201410293579102,18455801
2022-01-18,10.126123428344728,10.276697158813477,10.126123428344728,10.276697158813477,13924757
2022-01-19,10.163765907287598,10.276697158813477,10.163765907287598,10.201410293579102,9671682
2022-01-20,10.163765907287598,10.163765907287598,10.013192176818848,10.126123428344728,11770699
2022-01-21,10.088479042053224,10.088479042053224,9.937905311584473,9.937905311584473,17685509
2022-01-24,9.787330627441406,10.126123428344728,9.74968719482422,10.088479042053224,26460985
2022-01-25,10.013192176818848,10.050835609436035,9.937905311584473,9.937905311584473,10152975
2022-01-26,9.97554874420166,10.163765907287598,9.97554874420166,10.013192176818848,7949570
2022-02-07,10.088479042053224,10.351984024047852,10.050835609436035,10.276697158813477,17971476
2022-02-08,10.314340591430664,10.46491527557373,10.276697158813477,10.427270889282228,17218015
2022-02-09,10.46491527557373,10.502558708190918,10.314340591430664,10.389628410339355,11701738
2022-02-10,10.427270889282228,10.427270889282228,10.276697158813477,10.351984024047852,8045989
2022-02-11,10.389628410339355,10.389628410339355,10.276697158813477,10.389628410339355,7395997
2022-02-14,10.314340591430664,10.389628410339355,10.239053726196287,10.351984024047852,8887677
2022-02-15,10.389628410339355,10.427270889282228,10.239053726196287,10.276697158813477,8793246
2022-02-16,10.314340591430664,10.351984024047852,10.276697158813477,10.314340591430664,6786125
2022-02-17,10.314340591430664,10.389628410339355,10.276697158813477,10.314340591430664,6150521
2022-02-18,10.276697158813477,10.351984024047852,10.239053726196287,10.351984024047852,6477396
2022-02-21,10.351984024047852,10.351984024047852,10.276697158813477,10.276697158813477,4353674
2022-02-22,10.276697158813477,10.276697158813477,10.126123428344728,10.201410293579102,13401549
2022-02-23,10.126123428344728,10.276697158813477,10.126123428344728,10.201410293579102,5964651
2022-02-24,10.126123428344728,10.163765907287598,9.97554874420166,10.050835609436035,16698316
2022-02-25,10.050835609436035,10.201410293579102,10.050835609436035,10.088479042053224,12066856
2022-03-01,10.163765907287598,10.314340591430664,10.126123428344728,10.314340591430664,8662312
2022-03-02,10.276697158813477,10.314340591430664,10.163765907287598,10.276697158813477,6294444
2022-03-03,10.314340591430664,10.314340591430664,10.239053726196287,10.276697158813477,5436545
2022-03-04,10.314340591430664,10.314340591430664,10.201410293579102,10.239053726196287,5110726
2022-03-07,10.163765907287598,10.163765907287598,10.013192176818848,10.088479042053224,16780547
2022-03-08,9.937905311584473,10.050835609436035,9.937905311584473,9.97554874420166,16099768
2022-03-09,10.013192176818848,10.050835609436035,9.937905311584473,10.050835609436035,13333676
2022-03-10,10.163765907287598,10.314340591430664,10.126123428344728,10.314340591430664,11031581
2022-03-11,10.201410293579102,10.351984024047852,10.201410293579102,10.314340591430664,8737690
2022-03-14,10.276697158813477,10.389628410339355,10.276697158813477,10.314340591430664,7587682
2022-03-15,10.314340591430664,10.389628410339355,10.314340591430664,10.389628410339355,8295119
2022-03-16,10.427270889282228,10.653133392333984,10.427270889282228,10.653133392333984,24721020
2022-03-17,10.766063690185549,10.87899398803711,10.72842025756836,10.803707122802734,17913056
2022-03-18,10.841350555419922,11.142499923706056,10.841350555419922,11.10485553741455,38166675
2022-03-21,11.142499923706056,11.142499923706056,10.991925239562988,11.067212104797363,13588462
2022-03-22,11.067212104797363,11.067212104797363,10.9542818069458,11.029568672180176,7243572
2022-03-23,11.067212104797363,11.368361473083496,11.067212104797363,11.330717086791992,19827772
2022-03-24,11.293073654174805,11.368361473083496,11.180143356323242,11.293073654174805,13258478
2022-03-25,11.293073654174805,11.330717086791992,11.067212104797363,11.067212104797363,17334256
2022-03-28,10.9542818069458,11.21778678894043,10.916638374328612,11.180143356323242,9686156
2022-03-29,11.21778678894043,11.255430221557615,11.142499923706056,11.142499923706056,6849845
2022-03-30,11.21778678894043,11.293073654174805,11.142499923706056,11.255430221557615,9809272
2022-03-31,11.21778678894043,11.518935203552246,11.21778678894043,11.406004905700684,19841844
2022-04-01,11.368361473083496,11.518935203552246,11.330717086791992,11.443648338317873,8163588
2022-04-06,11.368361473083496,11.7071533203125,11.368361473083496,11.7071533203125,16389772
2022-04-07,11.744796752929688,12.008301734924316,11.518935203552246,11.556578636169434,36918612
2022-04-08,11.594223022460938,11.857728004455566,11.406004905700684,11.857728004455566,16887189
2022-04-11,11.895371437072754,12.19651985168457,11.857728004455566,12.045945167541504,25546964
2022-04-12,12.008301734924316,12.008301734924316,11.782440185546877,11.857728004455566,17619074
2022-04-13,11.895371437072754,11.93301486968994,11.669509887695312,11.857728004455566,12624299
2022-04-14,11.857728004455566,11.857728004455566,11.330717086791992,11.406004905700684,30905526
2022-04-15,11.293073654174805,11.594223022460938,11.293073654174805,11.406004905700684,10111015
2022-04-18,11.368361473083496,11.406004905700684,10.9542818069458,11.10485553741455,22690726
2022-04-19,11.21778678894043,11.368361473083496,11.142499923706056,11.21778678894043,8351815
2022-04-20,11.293073654174805,11.330717086791992,11.029568672180176,11.293073654174805,12814658
2022-04-21,11.293073654174805,11.330717086791992,11.10485553741455,11.330717086791992,9948458
2022-04-22,11.21778678894043,11.48129177093506,11.180143356323242,11.48129177093506,13285056
2022-04-25,11.255430221557615,11.330717086791992,11.180143356323242,11.255430221557615,9787915
2022-04-26,11.293073654174805,11.406004905700684,11.255430221557615,11.368361473083496,7139788
2022-04-27,11.21778678894043,11.255430221557615,11.142499923706056,11.21778678894043,9063752
2022-04-28,11.21778678894043,11.293073654174805,11.10485553741455,11.255430221557615,6588455
2022-04-29,11.293073654174805,11.330717086791992,11.180143356323242,11.255430221557615,4581516
2022-05-03,11.180143356323242,11.180143356323242,11.067212104797363,11.067212104797363,8395359
2022-05-04,11.10485553741455,11.10485553741455,10.991925239562988,11.029568672180176,5042761
2022-05-05,11.10485553741455,11.142499923706056,10.841350555419922,10.916638374328612,13671536
2022-05-06,10.766063690185549,10.803707122802734,10.61548900604248,10.690776824951172,15097847
2022-05-09,10.690776824951172,10.690776824951172,10.314340591430664,10.351984024047852,19329878
2022-05-10,10.126123428344728,10.540202140808104,10.126123428344728,10.46491527557373,12705255
2022-05-11,10.502558708190918,10.577845573425291,10.389628410339355,10.427270889282228,5874636
2022-05-12,10.427270889282228,10.427270889282228,10.013192176818848,10.050835609436035,13902007
2022-05-13,10.050835609436035,10.201410293579102,9.937905311584473,10.163765907287598,9953432
2022-05-16,10.201410293579102,10.276697158813477,9.97554874420166,10.088479042053224,9288684
2022-05-17,10.088479042053224,10.201410293579102,10.013192176818848,10.163765907287598,7205478
2022-05-18,10.163765907287598,10.46491527557373,10.163765907287598,10.427270889282228,8789551
2022-05-19,10.239053726196287,10.351984024047852,10.163765907287598,10.351984024047852,7794469
2022-05-20,10.389628410339355,10.427270889282228,10.276697158813477,10.389628410339355,5453429
2022-05-23,10.427270889282228,10.46491527557373,10.239053726196287,10.389628410339355,5414835
2022-05-24,10.427270889282228,10.540202140808104,10.314340591430664,10.389628410339355,4824542
2022-05-25,10.351984024047852,10.502558708190918,10.314340591430664,10.46491527557373,4218372
2022-05-26,10.502558708190918,10.502558708190918,10.389628410339355,10.46491527557373,3448947
2022-05-27,10.502558708190918,10.540202140808104,10.46491527557373,10.540202140808104,5618870
2022-05-30,10.61548900604248,10.690776824951172,10.577845573425291,10.653133392333984,6220004
2022-05-31,10.653133392333984,10.653133392333984,10.502558708190918,10.502558708190918,5561386
2022-06-01,10.540202140808104,10.577845573425291,10.389628410339355,10.46491527557373,4102609
2022-06-02,10.389628410339355,10.46491527557373,10.351984024047852,10.46491527557373,3340754
2022-06-06,10.540202140808104,10.540202140808104,10.389628410339355,10.46491527557373,3709107
2022-06-07,10.502558708190918,10.502558708190918,10.351984024047852,10.427270889282228,4133953
2022-06-08,10.46491527557373,10.502558708190918,10.427270889282228,10.502558708190918,4429053
2022-06-09,10.540202140808104,10.540202140808104,10.427270889282228,10.427270889282228,3195737
2022-06-10,10.351984024047852,10.427270889282228,10.276697158813477,10.427270889282228,3879642
2022-06-13,10.314340591430664,10.314340591430664,10.201410293579102,10.314340591430664,6938659
2022-06-14,10.239053726196287,10.46491527557373,10.239053726196287,10.46491527557373,6398639
2022-06-15,10.46491527557373,10.502558708190918,10.351984024047852,10.427270889282228,7095023
2022-06-16,10.502558708190918,10.61548900604248,10.351984024047852,10.351984024047852,9582397
2022-06-17,10.314340591430664,10.502558708190918,10.201410293579102,10.502558708190918,17467327
2022-06-20,10.46491527557373,10.502558708190918,10.050835609436035,10.088479042053224,15034601
2022-06-21,10.163765907287598,10.351984024047852,10.088479042053224,10.276697158813477,8553166
2022-06-22,10.314340591430664,10.351984024047852,10.088479042053224,10.126123428344728,5603032
2022-06-23,10.163765907287598,10.276697158813477,10.088479042053224,10.239053726196287,6487483
2022-06-24,10.276697158813477,10.351984024047852,10.239053726196287,10.314340591430664,5307788
2022-06-27,10.389628410339355,10.427270889282228,10.351984024047852,10.389628410339355,4036876
2022-06-28,10.389628410339355,10.389628410339355,10.239053726196287,10.351984024047852,3456896
2022-06-29,10.276697158813477,10.351984024047852,10.239053726196287,10.351984024047852,2498332
2022-06-30,10.314340591430664,10.314340591430664,10.163765907287598,10.201410293579102,9553802
2022-07-01,10.201410293579102,10.351984024047852,10.163765907287598,10.201410293579102,8010815
2022-07-04,10.201410293579102,10.351984024047852,10.163765907287598,10.239053726196287,5770836
2022-07-05,10.314340591430664,10.389628410339355,10.201410293579102,10.351984024047852,5943928
2022-07-06,10.389628410339355,10.389628410339355,10.201410293579102,10.201410293579102,9348979
2022-07-07,10.239053726196287,10.276697158813477,10.126123428344728,10.201410293579102,7043859
2022-07-08,10.239053726196287,10.314340591430664,10.239053726196287,10.276697158813477,5763046
2022-07-11,10.314340591430664,10.351984024047852,10.239053726196287,10.276697158813477,5134292
2022-07-12,10.239053726196287,10.239053726196287,10.088479042053224,10.126123428344728,7951056
2022-07-13,10.239053726196287,10.314340591430664,10.126123428344728,10.201410293579102,9672542
2022-07-14,10.163765907287598,10.239053726196287,10.163765907287598,10.239053726196287,5334434
2022-07-15,10.201410293579102,10.276697158813477,10.126123428344728,10.239053726196287,10022138
2022-07-18,10.239053726196287,10.46491527557373,10.201410293579102,10.314340591430664,22486140
2022-07-19,10.197646141052246,10.355749130249023,10.158120155334473,10.276697158813477,14863634
2022-07-20,10.355749130249023,10.39527416229248,10.158120155334473,10.158120155334473,10570092
2022-07-21,10.158120155334473,10.31622314453125,10.1185941696167,10.237171173095703,6192146
2022-07-22,10.237171173095703,10.355749130249023,10.197646141052246,10.31622314453125,3417352
2022-07-25,10.355749130249023,10.434800148010254,10.276697158813477,10.355749130249023,3939723
2022-07-26,10.355749130249023,10.39527416229248,10.276697158813477,10.31622314453125,3005576
2022-07-27,10.355749130249023,10.39527416229248,10.31622314453125,10.39527416229248,1957231
2022-07-28,10.39527416229248,10.632429122924805,10.39527416229248,10.592903137207031,5278710
2022-07-29,10.632429122924805,10.671955108642578,10.5138521194458,10.5138521194458,4129465
2022-08-01,10.5138521194458,10.592903137207031,10.474326133728027,10.592903137207031,2946950
2022-08-02,10.5138521194458,10.5138521194458,10.434800148010254,10.434800148010254,3523982
2022-08-03,10.474326133728027,10.5138521194458,10.31622314453125,10.31622314453125,4211307
2022-08-04,10.39527416229248,10.39527416229248,10.276697158813477,10.39527416229248,3990130
2022-08-05,10.474326133728027,10.5138521194458,10.434800148010254,10.474326133728027,2374997
2022-08-08,10.5138521194458,10.5138521194458,10.355749130249023,10.474326133728027,2789786
2022-08-09,10.5138521194458,10.592903137207031,10.474326133728027,10.553377151489258,3430166
2022-08-10,10.592903137207031,10.751006126403809,10.553377151489258,10.671955108642578,6203200
2022-08-11,10.711481094360352,10.830058097839355,10.671955108642578,10.830058097839355,5293330
2022-08-12,10.790532112121582,10.830058097839355,10.751006126403809,10.790532112121582,2647522
2022-08-15,10.790532112121582,10.830058097839355,10.711481094360352,10.751006126403809,3388168
2022-08-16,10.790532112121582,10.790532112121582,10.671955108642578,10.711481094360352,3103491
2022-08-17,10.751006126403809,10.790532112121582,10.592903137207031,10.632429122924805,5509967
2022-08-18,10.632429122924805,10.711481094360352,10.632429122924805,10.632429122924805,1765485
2022-08-19,10.671955108642578,10.671955108642578,10.632429122924805,10.632429122924805,1920815
2022-08-22,10.632429122924805,10.711481094360352,10.592903137207031,10.671955108642578,2595775
2022-08-23,10.632429122924805,10.671955108642578,10.592903137207031,10.632429122924805,3564824
2022-08-24,10.632429122924805,10.711481094360352,10.632429122924805,10.671955108642578,3753973
2022-08-25,10.671955108642578,10.790532112121582,10.671955108642578,10.711481094360352,4279419
2022-08-26,10.751006126403809,10.790532112121582,10.711481094360352,10.751006126403809,2855816
2022-08-29,10.671955108642578,10.711481094360352,10.632429122924805,10.711481094360352,3444142
2022-08-30,10.671955108642578,10.751006126403809,10.671955108642578,10.671955108642578,4344107
2022-08-31,10.671955108642578,10.790532112121582,10.671955108642578,10.790532112121582,4120338
2022-09-01,10.751006126403809,10.830058097839355,10.632429122924805,10.830058097839355,8853935
2022-09-02,10.830058097839355,10.869584083557127,10.790532112121582,10.830058097839355,3703947
2022-09-05,10.909109115600586,10.94863510131836,10.869584083557127,10.909109115600586,5698632
2022-09-06,10.94863510131836,10.94863510131836,10.751006126403809,10.830058097839355,7193540
2022-09-07,10.830058097839355,10.830058097839355,10.671955108642578,10.711481094360352,7465698
2022-09-08,10.790532112121582,10.790532112121582,10.671955108642578,10.790532112121582,5069896
2022-09-12,10.830058097839355,10.830058097839355,10.711481094360352,10.830058097839355,7537765
2022-09-13,10.869584083557127,10.869584083557127,10.751006126403809,10.790532112121582,3998026
2022-09-14,10.751006126403809,10.790532112121582,10.671955108642578,10.711481094360352,5264689
2022-09-15,10.751006126403809,10.790532112121582,10.711481094360352,10.790532112121582,4424524
2022-09-16,10.790532112121582,10.830058097839355,10.632429122924805,10.632429122924805,21848990
2022-09-19,10.671955108642578,10.751006126403809,10.632429122924805,10.711481094360352,6508378
2022-09-20,10.751006126403809,10.790532112121582,10.711481094360352,10.711481094360352,2590490
2022-09-21,10.751006126403809,10.790532112121582,10.671955108642578,10.711481094360352,3922226
2022-09-22,10.751006126403809,10.790532112121582,10.632429122924805,10.751006126403809,4736785
2022-09-23,10.790532112121582,10.790532112121582,10.711481094360352,10.711481094360352,2649191
2022-09-26,10.751006126403809,10.751006126403809,10.5138521194458,10.553377151489258,9657451
2022-09-27,10.592903137207031,10.592903137207031,10.474326133728027,10.5138521194458,6698937
2022-09-28,10.5138521194458,10.553377151489258,10.276697158813477,10.31622314453125,9448829
2022-09-29,10.31622314453125,10.434800148010254,10.31622314453125,10.434800148010254,6887901
2022-09-30,10.31622314453125,10.434800148010254,10.31622314453125,10.39527416229248,6671945
2022-10-03,10.39527416229248,10.434800148010254,10.276697158813477,10.355749130249023,5183358
2022-10-04,10.39527416229248,10.434800148010254,10.276697158813477,10.355749130249023,4940862
2022-10-05,10.39527416229248,10.434800148010254,10.31622314453125,10.31622314453125,5162998
2022-10-06,10.355749130249023,10.39527416229248,10.31622314453125,10.355749130249023,4550178
2022-10-07,10.39527416229248,10.434800148010254,10.355749130249023,10.39527416229248,2988501
2022-10-11,10.39527416229248,10.39527416229248,10.276697158813477,10.276697158813477,7295552
2022-10-12,10.31622314453125,10.355749130249023,10.276697158813477,10.31622314453125,2982442
2022-10-13,10.355749130249023,10.434800148010254,10.1185941696167,10.1185941696167,11689662
2022-10-14,10.276697158813477,10.276697158813477,10.1185941696167,10.158120155334473,6686106
2022-10-17,10.1185941696167,10.1185941696167,9.920965194702148,10.000017166137695,7896196
2022-10-18,10.000017166137695,10.039543151855469,9.920965194702148,10.000017166137695,6958367
2022-10-19,10.000017166137695,10.039543151855469,9.802388191223145,9.802388191223145,8716386
2022-10-20,9.762862205505373,9.762862205505373,9.48618221282959,9.644285202026367,11901289
2022-10-21,9.68381118774414,9.802388191223145,9.56523323059082,9.68381118774414,4752360
2022-10-24,9.762862205505373,9.841914176940918,9.68381118774414,9.762862205505373,3532713
2022-10-25,9.802388191223145,9.881440162658691,9.68381118774414,9.762862205505373,4726754
2022-10-26,9.762862205505373,9.920965194702148,9.723337173461914,9.841914176940918,4808651
2022-10-27,9.841914176940918,9.960491180419922,9.841914176940918,9.841914176940918,4102391
2022-10-28,9.841914176940918,9.920965194702148,9.841914176940918,9.881440162658691,2750324
2022-10-31,9.881440162658691,9.960491180419922,9.881440162658691,9.920965194702148,4386739
2022-11-01,9.82610034942627,9.98458480834961,9.82610034942627,9.905343055725098,3486677
2022-11-02,9.905343055725098,9.944964408874512,9.865720748901367,9.865720748901367,2534746
2022-11-03,9.905343055725098,9.905343055725098,9.82610034942627,9.82610034942627,3188410
2022-11-04,9.865720748901367,9.905343055725098,9.78647804260254,9.905343055725098,3089235
2022-11-07,9.944964408874512,9.98458480834961,9.905343055725098,9.98458480834961,3053272
2022-11-08,10.02420711517334,10.143071174621582,10.02420711517334,10.063828468322754,3930422
2022-11-09,10.143071174621582,10.22231388092041,10.103448867797852,10.22231388092041,5327942
2022-11-10,10.261935234069824,10.261935234069824,10.103448867797852,10.103448867797852,3264912
2022-11-11,10.22231388092041,10.301555633544922,10.18269157409668,10.22231388092041,6077763
2022-11-14,10.261935234069824,10.261935234069824,10.18269157409668,10.261935234069824,5028767
2022-11-15,10.18269157409668,10.22231388092041,10.103448867797852,10.22231388092041,3719718
2022-11-16,10.22231388092041,10.22231388092041,10.063828468322754,10.063828468322754,5545851
2022-11-17,10.103448867797852,10.143071174621582,10.02420711517334,10.103448867797852,3252492
2022-11-18,10.063828468322754,10.143071174621582,10.02420711517334,10.103448867797852,2631372
2022-11-21,10.103448867797852,10.143071174621582,10.063828468322754,10.103448867797852,2534967
2022-11-22,10.143071174621582,10.22231388092041,10.063828468322754,10.18269157409668,2971364
2022-11-23,10.22231388092041,10.261935234069824,10.18269157409668,10.261935234069824,4318741
2022-11-24,10.261935234069824,10.341177940368652,10.22231388092041,10.341177940368652,5848129
2022-11-25,10.301555633544922,10.341177940368652,10.261935234069824,10.341177940368652,3350918
2022-11-28,10.301555633544922,10.341177940368652,10.22231388092041,10.341177940368652,3547036
2022-11-29,10.341177940368652,10.420419692993164,10.261935234069824,10.420419692993164,4908888
2022-11-30,10.420419692993164,10.460041999816896,10.341177940368652,10.380799293518066,3971457
2022-12-01,10.460041999816896,10.499663352966309,10.380799293518066,10.420419692993164,7310902
2022-12-02,10.460041999816896,10.460041999816896,10.380799293518066,10.380799293518066,3108947
2022-12-05,10.420419692993164,10.460041999816896,10.341177940368652,10.420419692993164,4342551
2022-12-06,10.380799293518066,10.380799293518066,10.301555633544922,10.301555633544922,3535272
2022-12-07,10.341177940368652,10.380799293518066,10.301555633544922,10.301555633544922,4526920
2022-12-08,10.341177940368652,10.341177940368652,10.261935234069824,10.261935234069824,3482781
2022-12-09,10.341177940368652,10.420419692993164,10.301555633544922,10.420419692993164,4806784
2022-12-12,10.460041999816896,10.460041999816896,10.341177940368652,10.380799293518066,2847126
2022-12-13,10.420419692993164,10.420419692993164,10.341177940368652,10.341177940368652,2515259
2022-12-14,10.380799293518066,10.420419692993164,10.341177940368652,10.380799293518066,3937219
2022-12-15,10.380799293518066,10.420419692993164,10.301555633544922,10.380799293518066,2595041
2022-12-16,10.301555633544922,10.380799293518066,10.301555633544922,10.380799293518066,4471344
2022-12-19,10.341177940368652,10.380799293518066,10.301555633544922,10.341177940368652,1806396
2022-12-20,10.301555633544922,10.380799293518066,10.261935234069824,10.261935234069824,5482007
2022-12-21,10.18269157409668,10.18269157409668,10.063828468322754,10.143071174621582,21091913
2022-12-22,10.143071174621582,10.22231388092041,10.103448867797852,10.18269157409668,6702633
2022-12-23,10.143071174621582,10.18269157409668,10.103448867797852,10.143071174621582,4062245
2022-12-26,10.143071174621582,10.18269157409668,10.143071174621582,10.18269157409668,2731692
2022-12-27,10.18269157409668,10.22231388092041,10.18269157409668,10.22231388092041,2231315
2022-12-28,10.22231388092041,10.22231388092041,10.143071174621582,10.18269157409668,4084834
2022-12-29,10.18269157409668,10.18269157409668,10.143071174621582,10.143071174621582,3003986
2022-12-30,10.18269157409668,10.22231388092041,10.143071174621582,10.143071174621582,4665986
2023-01-03,10.143071174621582,10.22231388092041,10.103448867797852,10.143071174621582,3705609
2023-01-04,10.18269157409668,10.18269157409668,10.143071174621582,10.143071174621582,1580510
2023-01-05,10.18269157409668,10.22231388092041,10.18269157409668,10.22231388092041,3202848
2023-01-06,10.261935234069824,10.261935234069824,10.143071174621582,10.22231388092041,4409912
2023-01-09,10.261935234069824,10.301555633544922,10.22231388092041,10.301555633544922,7039947
2023-01-10,10.341177940368652,10.420419692993164,10.301555633544922,10.380799293518066,10176010
2023-01-11,10.420419692993164,10.499663352966309,10.341177940368652,10.380799293518066,9028017
2023-01-12,10.420419692993164,10.420419692993164,10.301555633544922,10.341177940368652,6058078
2023-01-13,10.380799293518066,10.380799293518066,10.301555633544922,10.341177940368652,9309541
2023-01-16,10.341177940368652,10.380799293518066,10.301555633544922,10.380799293518066,6093945
2023-01-17,10.380799293518066,10.380799293518066,10.301555633544922,10.341177940368652,10174643
2023-01-30,10.380799293518066,10.420419692993164,10.301555633544922,10.380799293518066,14042850
2023-01-31,10.380799293518066,10.420419692993164,10.341177940368652,10.380799293518066,9682801
2023-02-01,10.380799293518066,10.460041999816896,10.380799293518066,10.380799293518066,6542272
2023-02-02,10.420419692993164,10.499663352966309,10.380799293518066,10.460041999816896,12788490
2023-02-03,10.499663352966309,10.499663352966309,10.420419692993164,10.499663352966309,12003824
2023-02-06,10.499663352966309,10.499663352966309,10.420419692993164,10.460041999816896,8942790
2023-02-07,10.499663352966309,10.499663352966309,10.380799293518066,10.460041999816896,11340066
2023-02-08,10.499663352966309,10.539284706115724,10.460041999816896,10.460041999816896,9712063
2023-02-09,10.499663352966309,10.539284706115724,10.460041999816896,10.460041999816896,7982034
2023-02-10,10.499663352966309,10.539284706115724,10.460041999816896,10.460041999816896,6212306
2023-02-13,10.460041999816896,10.499663352966309,10.420419692993164,10.499663352966309,8282218
2023-02-14,10.499663352966309,10.539284706115724,10.460041999816896,10.499663352966309,7453982
2023-02-15,10.499663352966309,10.499663352966309,10.460041999816896,10.460041999816896,4297507
2023-02-16,10.460041999816896,10.499663352966309,10.460041999816896,10.460041999816896,7644196
2023-02-17,10.460041999816896,10.499663352966309,10.460041999816896,10.499663352966309,5004860
2023-02-20,10.499663352966309,10.658148765563965,10.499663352966309,10.61852741241455,18943643
2023-02-21,10.658148765563965,10.658148765563965,10.578906059265137,10.578906059265137,8003436
2023-02-22,10.61852741241455,10.69777011871338,10.539284706115724,10.658148765563965,12508390
2023-02-23,10.69777011871338,10.856255531311035,10.69777011871338,10.81663417816162,13278907
2023-02-24,10.935498237609863,10.975119590759276,10.856255531311035,10.89587688446045,17474793
2023-03-01,10.89587688446045,11.014740943908691,10.856255531311035,11.014740943908691,10872402
2023-03-02,11.014740943908691,11.014740943908691,10.89587688446045,10.89587688446045,13713731
2023-03-03,10.935498237609863,10.975119590759276,10.856255531311035,10.89587688446045,8168294
2023-03-06,10.975119590759276,11.054362297058104,10.935498237609863,11.014740943908691,9781373
2023-03-07,11.054362297058104,11.173227310180664,11.014740943908691,11.133605003356934,12203242
2023-03-08,11.173227310180664,11.212847709655762,11.133605003356934,11.212847709655762,8596803
2023-03-09,11.252469062805176,11.252469062805176,11.133605003356934,11.133605003356934,8824833
2023-03-10,11.09398365020752,11.09398365020752,10.975119590759276,11.014740943908691,18005447
2023-03-13,10.856255531311035,10.935498237609863,10.737391471862791,10.89587688446045,19474427
2023-03-14,10.856255531311035,10.856255531311035,10.69777011871338,10.777012825012209,22791854
2023-03-15,10.81663417816162,10.89587688446045,10.81663417816162,10.856255531311035,7103404
2023-03-16,10.777012825012209,10.777012825012209,10.658148765563965,10.69777011871338,19748180
2023-03-17,10.737391471862791,10.777012825012209,10.69777011871338,10.737391471862791,9933227
2023-03-20,10.737391471862791,10.777012825012209,10.69777011871338,10.777012825012209,5996601
2023-03-21,10.777012825012209,11.014740943908691,10.777012825012209,10.89587688446045,7568756
2023-03-22,10.975119590759276,10.975119590759276,10.89587688446045,10.935498237609863,6456839
2023-03-23,10.89587688446045,10.975119590759276,10.89587688446045,10.935498237609863,6355386
2023-03-24,10.975119590759276,11.014740943908691,10.89587688446045,10.935498237609863,5201301
2023-03-27,10.975119590759276,10.975119590759276,10.856255531311035,10.89587688446045,4349757
2023-03-28,10.935498237609863,10.975119590759276,10.89587688446045,10.975119590759276,5840363
2023-03-29,10.975119590759276,11.014740943908691,10.935498237609863,10.975119590759276,4530910
2023-03-30,10.975119590759276,11.014740943908691,10.935498237609863,10.935498237609863,3632569
2023-03-31,10.935498237609863,10.975119590759276,10.89587688446045,10.975119590759276,4168512
2023-04-06,10.975119590759276,11.014740943908691,10.935498237609863,11.014740943908691,4931387
2023-04-07,11.014740943908691,11.054362297058104,10.975119590759276,11.054362297058104,4780176
2023-04-10,11.09398365020752,11.09398365020752,11.054362297058104,11.054362297058104,5217117
2023-04-11,11.09398365020752,11.133605003356934,11.09398365020752,11.09398365020752,7487433
2023-04-12,11.09398365020752,11.173227310180664,11.09398365020752,11.173227310180664,7365986
2023-04-13,11.173227310180664,11.252469062805176,11.173227310180664,11.212847709655762,8885041
2023-04-14,11.252469062805176,11.292091369628906,11.212847709655762,11.212847709655762,5865424
2023-04-17,11.252469062805176,11.252469062805176,11.173227310180664,11.212847709655762,9432941
2023-04-18,11.212847709655762,11.212847709655762,11.133605003356934,11.133605003356934,6206131
2023-04-19,11.133605003356934,11.212847709655762,11.133605003356934,11.173227310180664,5915908
2023-04-20,11.09398365020752,11.133605003356934,11.014740943908691,11.054362297058104,7635843
2023-04-21,11.054362297058104,11.09398365020752,11.014740943908691,11.054362297058104,6118929
2023-04-24,11.054362297058104,11.09398365020752,11.014740943908691,11.09398365020752,4549939
2023-04-25,11.09398365020752,11.212847709655762,11.054362297058104,11.09398365020752,12258930
2023-04-26,11.054362297058104,11.173227310180664,11.054362297058104,11.173227310180664,6682090
2023-04-27,11.173227310180664,11.212847709655762,11.133605003356934,11.173227310180664,3495791
2023-04-28,11.212847709655762,11.252469062805176,11.173227310180664,11.173227310180664,8457546
2023-05-02,11.212847709655762,11.410955429077148,11.212847709655762,11.410955429077148,15037424
2023-05-03,11.410955429077148,11.529818534851074,11.331711769104004,11.450575828552246,12827737
2023-05-04,11.49019718170166,11.529818534851074,11.410955429077148,11.529818534851074,7414329
2023-05-05,11.569439888000488,11.60906219482422,11.529818534851074,11.60906219482422,6763958
2023-05-08,11.60906219482422,11.648682594299316,11.529818534851074,11.60906219482422,8660460
2023-05-09,11.648682594299316,11.648682594299316,11.569439888000488,11.648682594299316,6486448
2023-05-10,11.68830394744873,11.68830394744873,11.60906219482422,11.648682594299316,5052931
2023-05-11,11.60906219482422,11.60906219482422,11.450575828552246,11.529818534851074,13362207
2023-05-12,11.529818534851074,11.569439888000488,11.410955429077148,11.529818534851074,6424439
2023-05-15,11.529818534851074,11.60906219482422,11.49019718170166,11.569439888000488,4293334
2023-05-16,11.569439888000488,11.648682594299316,11.529818534851074,11.60906219482422,6069125
2023-05-17,11.569439888000488,11.72792625427246,11.569439888000488,11.68830394744873,13546171
2023-05-18,11.72792625427246,11.72792625427246,11.648682594299316,11.648682594299316,7332004
2023-05-19,11.648682594299316,11.648682594299316,11.60906219482422,11.648682594299316,4248077
2023-05-22,11.648682594299316,11.68830394744873,11.648682594299316,11.648682594299316,4260899
2023-05-23,11.68830394744873,11.68830394744873,11.60906219482422,11.648682594299316,5060740
2023-05-24,11.648682594299316,11.68830394744873,11.60906219482422,11.648682594299316,6666985
2023-05-25,11.60906219482422,11.648682594299316,11.60906219482422,11.60906219482422,4717523
2023-05-26,11.60906219482422,11.60906219482422,11.49019718170166,11.569439888000488,6399739
2023-05-29,11.60906219482422,11.648682594299316,11.569439888000488,11.60906219482422,6831521
2023-05-30,11.60906219482422,11.648682594299316,11.60906219482422,11.648682594299316,3617167
2023-05-31,11.648682594299316,11.68830394744873,11.60906219482422,11.60906219482422,6540818
2023-06-01,11.648682594299316,11.68830394744873,11.60906219482422,11.60906219482422,5186650
2023-06-02,11.648682594299316,11.648682594299316,11.60906219482422,11.648682594299316,4109220
2023-06-05,11.648682594299316,11.72792625427246,11.648682594299316,11.68830394744873,7756385
2023-06-06,11.72792625427246,11.76754665374756,11.68830394744873,11.72792625427246,4029242
2023-06-07,11.76754665374756,11.76754665374756,11.72792625427246,11.72792625427246,5126768
2023-06-08,11.76754665374756,11.76754665374756,11.648682594299316,11.648682594299316,6162995
2023-06-09,11.68830394744873,11.72792625427246,11.648682594299316,11.68830394744873,4990734
2023-06-12,11.72792625427246,11.807168006896973,11.68830394744873,11.76754665374756,6866266
2023-06-13,11.807168006896973,11.846790313720703,11.76754665374756,11.807168006896973,4333965
2023-06-14,11.807168006896973,11.846790313720703,11.807168006896973,11.807168006896973,4102805
2023-06-15,11.807168006896973,11.846790313720703,11.72792625427246,11.72792625427246,5589252
2023-06-16,11.76754665374756,11.807168006896973,11.72792625427246,11.72792625427246,7481320
2023-06-19,11.72792625427246,11.76754665374756,11.68830394744873,11.72792625427246,5372199
2023-06-20,11.72792625427246,11.76754665374756,11.68830394744873,11.72792625427246,2675767
2023-06-21,11.72792625427246,11.807168006896973,11.72792625427246,11.807168006896973,5220359
2023-06-26,11.76754665374756,11.8864107131958,11.72792625427246,11.846790313720703,8211717
2023-06-27,11.807168006896973,11.846790313720703,11.76754665374756,11.807168006896973,4069230
2023-06-28,11.807168006896973,11.8864107131958,11.807168006896973,11.846790313720703,3555787
2023-06-29,11.8864107131958,11.8864107131958,11.846790313720703,11.846790313720703,3097682
2023-06-30,11.8864107131958,12.044897079467772,11.846790313720703,12.044897079467772,16908109
2023-07-03,12.084518432617188,12.282625198364258,12.044897079467772,12.243003845214844,10232977
2023-07-04,12.282625198364258,12.282625198364258,12.243003845214844,12.243003845214844,5955538
2023-07-05,12.282625198364258,12.361867904663086,12.282625198364258,12.282625198364258,6959825
2023-07-06,12.322245597839355,12.322245597839355,12.005274772644045,12.044897079467772,14625572
2023-07-07,12.005274772644045,12.044897079467772,11.8864107131958,12.044897079467772,8155327
2023-07-10,12.044897079467772,12.203381538391112,12.044897079467772,12.084518432617188,9891498
2023-07-11,12.163761138916016,12.243003845214844,12.163761138916016,12.243003845214844,7045509
2023-07-12,12.243003845214844,12.282625198364258,12.203381538391112,12.282625198364258,7520562
2023-07-13,12.282625198364258,12.282625198364258,12.243003845214844,12.243003845214844,7633029
2023-07-14,12.243003845214844,12.361867904663086,12.243003845214844,12.322245597839355,12700030
2023-07-17,12.361867904663086,12.520353317260742,12.361867904663086,12.480731964111328,26694934
2023-07-18,12.38564109802246,12.509496688842772,12.303070068359377,12.509496688842772,34969762
2023-07-19,12.509496688842772,12.550782203674316,12.303070068359377,12.38564109802246,15040525
2023-07-20,12.38564109802246,12.38564109802246,12.303070068359377,12.344354629516602,5926186
2023-07-21,12.303070068359377,12.344354629516602,12.303070068359377,12.303070068359377,5133777
2023-07-24,12.303070068359377,12.344354629516602,12.220499038696287,12.220499038696287,7388942
2023-07-25,12.261783599853516,12.303070068359377,12.220499038696287,12.303070068359377,4909302
2023-07-26,12.303070068359377,12.46821117401123,12.303070068359377,12.426925659179688,6440675
2023-07-27,12.46821117401123,12.46821117401123,12.38564109802246,12.426925659179688,4957734
2023-07-28,12.426925659179688,12.46821117401123,12.344354629516602,12.38564109802246,3483035
2023-07-31,12.38564109802246,12.426925659179688,12.303070068359377,12.303070068359377,7153938
2023-08-01,12.303070068359377,12.38564109802246,12.261783599853516,12.38564109802246,3954614
2023-08-02,12.303070068359377,12.303070068359377,12.220499038696287,12.261783599853516,10472200
2023-08-04,12.261783599853516,12.303070068359377,12.220499038696287,12.261783599853516,3331915
2023-08-07,12.261783599853516,12.344354629516602,12.261783599853516,12.303070068359377,2962531
2023-08-08,12.344354629516602,12.38564109802246,12.220499038696287,12.220499038696287,5431120
2023-08-09,12.220499038696287,12.303070068359377,12.220499038696287,12.261783599853516,3182813
2023-08-10,12.303070068359377,12.344354629516602,12.220499038696287,12.261783599853516,3519743
2023-08-11,12.261783599853516,12.303070068359377,12.261783599853516,12.303070068359377,2103150
2023-08-14,12.261783599853516,12.261783599853516,12.096641540527344,12.137928009033203,8597522
2023-08-15,12.096641540527344,12.17921257019043,12.096641540527344,12.096641540527344,5986842
2023-08-16,12.096641540527344,12.096641540527344,11.80764389038086,11.972785949707031,11895647
2023-08-17,11.931500434875488,12.014071464538574,11.80764389038086,12.014071464538574,6498704
2023-08-18,11.972785949707031,12.096641540527344,11.931500434875488,12.014071464538574,7119498
2023-08-21,12.055356979370115,12.096641540527344,11.972785949707031,12.096641540527344,4066574
2023-08-22,12.096641540527344,12.137928009033203,12.055356979370115,12.096641540527344,3142204
2023-08-23,12.096641540527344,12.096641540527344,12.014071464538574,12.055356979370115,2786072
2023-08-24,12.096641540527344,12.096641540527344,12.055356979370115,12.096641540527344,2221079
2023-08-25,12.055356979370115,12.096641540527344,12.014071464538574,12.055356979370115,2250538
2023-08-28,12.055356979370115,12.17921257019043,12.055356979370115,12.137928009033203,3376184
2023-08-29,12.17921257019043,12.261783599853516,12.17921257019043,12.220499038696287,3087780
2023-08-30,12.220499038696287,12.261783599853516,12.17921257019043,12.220499038696287,3638024
2023-08-31,12.220499038696287,12.220499038696287,12.17921257019043,12.17921257019043,2093471
2023-09-01,12.17921257019043,12.261783599853516,12.17921257019043,12.261783599853516,3662929
2023-09-04,12.261783599853516,12.344354629516602,12.261783599853516,12.303070068359377,3522300
2023-09-05,12.303070068359377,12.344354629516602,12.303070068359377,12.303070068359377,2298229
2023-09-06,12.344354629516602,12.344354629516602,12.220499038696287,12.220499038696287,4572978
2023-09-07,12.261783599853516,12.261783599853516,12.17921257019043,12.17921257019043,3164104
2023-09-08,12.17921257019043,12.220499038696287,12.17921257019043,12.220499038696287,2252434
2023-09-11,12.220499038696287,12.303070068359377,12.137928009033203,12.220499038696287,4654297
2023-09-12,12.261783599853516,12.303070068359377,12.220499038696287,12.261783599853516,3031962
2023-09-13,12.303070068359377,12.303070068359377,12.261783599853516,12.303070068359377,2844406
2023-09-14,12.344354629516602,12.344354629516602,12.261783599853516,12.303070068359377,4302105
2023-09-15,12.344354629516602,12.38564109802246,12.303070068359377,12.344354629516602,3201877
2023-09-18,12.38564109802246,12.38564109802246,12.261783599853516,12.303070068359377,3308441
2023-09-19,12.303070068359377,12.344354629516602,12.261783599853516,12.261783599853516,3919599
2023-09-20,12.303070068359377,12.303070068359377,12.261783599853516,12.303070068359377,2606128
2023-09-21,12.303070068359377,12.303070068359377,12.17921257019043,12.17921257019043,4575448
2023-09-22,12.220499038696287,12.220499038696287,12.137928009033203,12.17921257019043,2813319
2023-09-25,12.220499038696287,12.220499038696287,12.17921257019043,12.220499038696287,2493579
2023-09-26,12.261783599853516,12.261783599853516,12.137928009033203,12.137928009033203,4344797
2023-09-27,12.17921257019043,12.17921257019043,12.096641540527344,12.137928009033203,4034977
2023-09-28,12.17921257019043,12.17921257019043,12.096641540527344,12.096641540527344,3263138
2023-10-02,12.17921257019043,12.220499038696287,12.137928009033203,12.17921257019043,3884487
2023-10-03,12.220499038696287,12.220499038696287,12.137928009033203,12.220499038696287,3108685
2023-10-04,12.17921257019043,12.220499038696287,12.137928009033203,12.137928009033203,3357212
2023-10-05,12.137928009033203,12.17921257019043,12.096641540527344,12.137928009033203,5106813
2023-10-06,12.17921257019043,12.220499038696287,12.17921257019043,12.17921257019043,2416144
2023-10-11,12.220499038696287,12.344354629516602,12.220499038696287,12.344354629516602,8061149
2023-10-12,12.38564109802246,12.38564109802246,12.303070068359377,12.38564109802246,4241976
2023-10-13,12.38564109802246,12.38564109802246,12.303070068359377,12.344354629516602,2598925
2023-10-16,12.261783599853516,12.344354629516602,12.261783599853516,12.344354629516602,2854253
2023-10-17,12.344354629516602,12.344354629516602,12.303070068359377,12.303070068359377,2005858
2023-10-18,12.303070068359377,12.303070068359377,12.220499038696287,12.303070068359377,5273165
2023-10-19,12.261783599853516,12.303070068359377,12.220499038696287,12.303070068359377,2279091
2023-10-20,12.261783599853516,12.261783599853516,12.137928009033203,12.261783599853516,5525052
2023-10-23,12.220499038696287,12.220499038696287,12.17921257019043,12.220499038696287,2811892
2023-10-24,12.17921257019043,12.220499038696287,12.137928009033203,12.17921257019043,3725172
2023-10-25,12.17921257019043,12.220499038696287,12.17921257019043,12.17921257019043,1949746
2023-10-26,12.137928009033203,12.17921257019043,12.096641540527344,12.17921257019043,4113948
2023-10-27,12.17921257019043,12.261783599853516,12.137928009033203,12.137928009033203,3323728
2023-10-30,12.137928009033203,12.17921257019043,12.096641540527344,12.096641540527344,3390473
2023-10-31,12.137928009033203,12.17921257019043,12.096641540527344,12.137928009033203,2638768
2023-11-01,12.137928009033203,12.17921257019043,12.096641540527344,12.137928009033203,2384194
2023-11-02,12.17921257019043,12.220499038696287,12.137928009033203,12.220499038696287,3250608
2023-11-03,12.261783599853516,12.261783599853516,12.220499038696287,12.220499038696287,2396911
2023-11-06,12.261783599853516,12.303070068359377,12.261783599853516,12.303070068359377,3314512
2023-11-07,12.344354629516602,12.344354629516602,12.220499038696287,12.261783599853516,3435263
2023-11-08,12.303070068359377,12.303070068359377,12.220499038696287,12.261783599853516,2938375
2023-11-09,12.303070068359377,12.303070068359377,12.261783599853516,12.303070068359377,3753187
2023-11-10,12.303070068359377,12.344354629516602,12.261783599853516,12.303070068359377,3604453
2023-11-13,12.303070068359377,12.344354629516602,12.303070068359377,12.303070068359377,2484978
2023-11-14,12.344354629516602,12.344354629516602,12.303070068359377,12.344354629516602,3011676
2023-11-15,12.38564109802246,12.38564109802246,12.303070068359377,12.38564109802246,7376854
2023-11-16,12.38564109802246,12.426925659179688,12.344354629516602,12.426925659179688,7224231
2023-11-17,12.426925659179688,12.674638748168944,12.426925659179688,12.674638748168944,14673793
2023-11-20,12.674638748168944,12.757209777832031,12.633353233337402,12.715924263000488,6645193
2023-11-21,12.757209777832031,12.757209777832031,12.674638748168944,12.757209777832031,8717012
2023-11-22,12.757209777832031,12.798495292663574,12.674638748168944,12.798495292663574,4565014
2023-11-23,12.798495292663574,13.004922866821287,12.798495292663574,12.963637351989746,11447870
2023-11-24,12.963637351989746,12.963637351989746,12.839780807495115,12.88106632232666,4807887
2023-11-27,12.88106632232666,12.922351837158203,12.839780807495115,12.839780807495115,4269770
2023-11-28,12.839780807495115,12.963637351989746,12.839780807495115,12.922351837158203,5319923
2023-11-29,12.922351837158203,12.963637351989746,12.88106632232666,12.922351837158203,4123355
2023-11-30,12.922351837158203,13.046208381652832,12.88106632232666,13.046208381652832,9324073
2023-12-01,13.004922866821287,13.046208381652832,12.963637351989746,13.004922866821287,4114977
2023-12-04,13.004922866821287,13.046208381652832,12.963637351989746,13.046208381652832,4780359
2023-12-05,13.046208381652832,13.08749294281006,13.004922866821287,13.046208381652832,6664781
2023-12-06,13.08749294281006,13.335206031799316,13.08749294281006,13.25263500213623,13619439
2023-12-07,13.211350440979004,13.29392147064209,13.170063972473145,13.25263500213623,6943464
2023-12-08,13.29392147064209,13.37649154663086,13.25263500213623,13.37649154663086,8270332
2023-12-11,13.417777061462402,13.624204635620115,13.37649154663086,13.582919120788574,12245414
2023-12-12,13.624204635620115,13.706775665283203,13.541633605957031,13.624204635620115,7012491
2023-12-13,13.624204635620115,13.624204635620115,13.37649154663086,13.37649154663086,10973773
2023-12-14,13.37649154663086,13.541633605957031,13.37649154663086,13.500348091125488,7212336
2023-12-15,13.541633605957031,13.582919120788574,13.37649154663086,13.37649154663086,5247301
2023-12-18,13.37649154663086,13.37649154663086,13.128779411315918,13.170063972473145,8016229
2023-12-19,13.128779411315918,13.128779411315918,12.963637351989746,13.004922866821287,10754741
2023-12-20,13.046208381652832,13.211350440979004,13.046208381652832,13.128779411315918,3732142
2023-12-21,13.128779411315918,13.170063972473145,13.004922866821287,13.004922866821287,4055642
2023-12-22,13.004922866821287,13.004922866821287,12.922351837158203,12.963637351989746,4543456
2023-12-25,12.963637351989746,13.128779411315918,12.963637351989746,13.046208381652832,2643335
2023-12-26,13.08749294281006,13.170063972473145,13.08749294281006,13.170063972473145,2746566
2023-12-27,13.170063972473145,13.170063972473145,13.08749294281006,13.128779411315918,4247554
2023-12-28,13.128779411315918,13.211350440979004,13.08749294281006,13.211350440979004,2584217
2023-12-29,13.170063972473145,13.170063972473145,13.08749294281006,13.128779411315918,3071466
2024-01-02,13.128779411315918,13.170063972473145,13.08749294281006,13.128779411315918,3208561
2024-01-03,13.08749294281006,13.170063972473145,13.08749294281006,13.128779411315918,2886290
2024-01-04,13.170063972473145,13.211350440979004,13.128779411315918,13.170063972473145,2488278
2024-01-05,13.211350440979004,13.25263500213623,13.128779411315918,13.170063972473145,3117746
2024-01-08,13.211350440979004,13.25263500213623,13.128779411315918,13.128779411315918,3125615
2024-01-09,13.170063972473145,13.211350440979004,13.08749294281006,13.08749294281006,3331300
2024-01-10,13.211350440979004,13.417777061462402,13.211350440979004,13.335206031799316,14861688
2024-01-11,13.37649154663086,13.417777061462402,13.335206031799316,13.37649154663086,3984402
2024-01-12,13.335206031799316,13.335206031799316,13.211350440979004,13.335206031799316,3477194
2024-01-15,13.335206031799316,13.37649154663086,13.29392147064209,13.29392147064209,3134931
2024-01-16,13.25263500213623,13.25263500213623,13.128779411315918,13.128779411315918,7483921
2024-01-17,13.08749294281006,13.08749294281006,13.004922866821287,13.046208381652832,7714964
2024-01-18,13.046208381652832,13.128779411315918,13.004922866821287,13.08749294281006,3181633
2024-01-19,13.08749294281006,13.170063972473145,13.004922866821287,13.170063972473145,3783458
2024-01-22,13.170063972473145,13.170063972473145,13.08749294281006,13.08749294281006,3388694
2024-01-23,13.128779411315918,13.170063972473145,13.128779411315918,13.170063972473145,1839304
2024-01-24,13.170063972473145,13.170063972473145,13.128779411315918,13.128779411315918,1998503
2024-01-25,13.128779411315918,13.211350440979004,13.128779411315918,13.128779411315918,1873556
2024-01-26,13.128779411315918,13.211350440979004,13.128779411315918,13.211350440979004,2650135
2024-01-29,13.211350440979004,13.211350440979004,13.128779411315918,13.170063972473145,2205843
2024-01-30,13.170063972473145,13.211350440979004,13.08749294281006,13.08749294281006,4987059
2024-01-31,13.08749294281006,13.170063972473145,12.963637351989746,12.963637351989746,10478256
2024-02-01,12.344354629516602,12.715924263000488,12.220499038696287,12.633353233337402,111099407
2024-02-02,12.59206771850586,12.715924263000488,12.509496688842772,12.715924263000488,25535051
2024-02-05,12.715924263000488,12.757209777832031,12.674638748168944,12.674638748168944,11269548
2024-02-15,12.715924263000488,12.798495292663574,12.674638748168944,12.798495292663574,12717814
2024-02-16,12.839780807495115,12.88106632232666,12.757209777832031,12.798495292663574,11903226
2024-02-19,12.839780807495115,12.963637351989746,12.798495292663574,12.88106632232666,7497933
2024-02-20,12.839780807495115,12.963637351989746,12.839780807495115,12.88106632232666,5547903
2024-02-21,12.963637351989746,13.08749294281006,12.88106632232666,13.08749294281006,8560766
2024-02-22,13.046208381652832,13.08749294281006,13.004922866821287,13.046208381652832,7926071
2024-02-23,13.046208381652832,13.046208381652832,12.922351837158203,12.963637351989746,7543664
2024-02-26,13.29392147064209,13.582919120788574,13.29392147064209,13.541633605957031,38215381
2024-02-27,13.582919120788574,13.624204635620115,13.417777061462402,13.541633605957031,15826633
2024-02-29,13.541633605957031,13.789345741271973,13.541633605957031,13.748061180114746,15821870
2024-03-01,13.789345741271973,13.913203239440918,13.706775665283203,13.87191677093506,10799869
2024-03-04,13.87191677093506,13.913203239440918,13.789345741271973,13.830632209777832,8471109
2024-03-05,13.87191677093506,13.87191677093506,13.748061180114746,13.830632209777832,6715437
2024-03-06,13.87191677093506,14.160916328430176,13.830632209777832,14.119629859924316,16625674
2024-03-07,14.160916328430176,14.202200889587402,14.03705883026123,14.160916328430176,9868087
2024-03-08,14.160916328430176,14.243487358093262,14.03705883026123,14.119629859924316,11665940
2024-03-11,14.07834529876709,14.202200889587402,14.07834529876709,14.160916328430176,7724775
2024-03-12,14.202200889587402,14.284771919250488,14.202200889587402,14.284771919250488,6601558
2024-03-13,14.243487358093262,14.532485008239746,14.243487358093262,14.491198539733888,11337913
2024-03-14,14.491198539733888,14.738911628723145,14.408629417419434,14.491198539733888,15634896
2024-03-15,14.491198539733888,14.573769569396973,14.119629859924316,14.202200889587402,32032682
2024-03-18,14.202200889587402,14.284771919250488,13.995774269104004,14.119629859924316,14556435
2024-03-19,13.995774269104004,14.07834529876709,13.954487800598145,13.954487800598145,11396199
2024-03-20,13.954487800598145,14.03705883026123,13.830632209777832,13.830632209777832,10897297
2024-03-21,13.87191677093506,14.07834529876709,13.87191677093506,13.995774269104004,6935828
2024-03-22,14.03705883026123,14.202200889587402,13.995774269104004,14.03705883026123,5844965
2024-03-25,14.03705883026123,14.03705883026123,13.830632209777832,13.954487800598145,5568130
2024-03-26,13.954487800598145,14.03705883026123,13.913203239440918,13.913203239440918,4402646
2024-03-27,13.954487800598145,14.119629859924316,13.954487800598145,14.07834529876709,5875352
2024-03-28,14.07834529876709,14.160916328430176,14.07834529876709,14.07834529876709,4423845
2024-03-29,14.07834529876709,14.160916328430176,14.03705883026123,14.160916328430176,3118530
2024-04-01,14.07834529876709,14.243487358093262,14.07834529876709,14.119629859924316,3968545
2024-04-02,14.119629859924316,14.160916328430176,14.03705883026123,14.03705883026123,4430643
2024-04-03,14.07834529876709,14.07834529876709,13.954487800598145,14.03705883026123,3936033
2024-04-08,14.07834529876709,14.119629859924316,13.995774269104004,14.119629859924316,4417232
2024-04-09,14.160916328430176,14.202200889587402,14.07834529876709,14.160916328430176,4496066
2024-04-10,14.202200889587402,14.408629417419434,14.202200889587402,14.284771919250488,6790436
2024-04-11,14.326058387756348,14.44991397857666,14.243487358093262,14.408629417419434,6905313
2024-04-12,14.367342948913574,14.367342948913574,14.243487358093262,14.243487358093262,5194582
2024-04-15,14.243487358093262,14.367342948913574,14.160916328430176,14.367342948913574,5683546
2024-04-16,14.243487358093262,14.326058387756348,14.03705883026123,14.03705883026123,11193218
2024-04-17,14.07834529876709,14.284771919250488,14.07834529876709,14.284771919250488,5298835
2024-04-18,14.119629859924316,14.367342948913574,14.07834529876709,14.367342948913574,4241573
2024-04-19,14.326058387756348,14.326058387756348,13.913203239440918,14.119629859924316,12977213
2024-04-22,14.160916328430176,14.44991397857666,14.160916328430176,14.284771919250488,9388120
2024-04-23,14.326058387756348,14.65634059906006,14.326058387756348,14.615056037902832,13736060
2024-04-24,14.738911628723145,14.738911628723145,14.408629417419434,14.408629417419434,8573421
2024-04-25,14.408629417419434,14.491198539733888,14.326058387756348,14.408629417419434,3936587
2024-04-26,14.367342948913574,14.491198539733888,14.367342948913574,14.408629417419434,3989109
2024-04-29,14.408629417419434,14.697627067565918,14.408629417419434,14.697627067565918,10399003
2024-04-30,14.615056037902832,14.65634059906006,14.532485008239746,14.615056037902832,4950849
2024-05-02,14.573769569396973,14.697627067565918,14.532485008239746,14.697627067565918,3971669
2024-05-03,14.697627067565918,14.82148265838623,14.615056037902832,14.697627067565918,7287468
2024-05-06,14.780198097229004,15.027911186218262,14.738911628723145,14.904053688049316,10416715
2024-05-07,14.945340156555176,14.986624717712402,14.738911628723145,14.86276912689209,8114702
2024-05-08,14.904053688049316,14.945340156555176,14.738911628723145,14.780198097229004,3975432
2024-05-09,14.86276912689209,14.86276912689209,14.738911628723145,14.738911628723145,4770487
2024-05-10,14.780198097229004,14.904053688049316,14.780198097229004,14.904053688049316,5336947
2024-05-13,14.986624717712402,14.986624717712402,14.82148265838623,14.904053688049316,4681938
2024-05-14,14.904053688049316,14.904053688049316,14.780198097229004,14.780198097229004,4462949
2024-05-15,14.82148265838623,14.904053688049316,14.780198097229004,14.780198097229004,6552231
2024-05-16,14.904053688049316,14.904053688049316,14.780198097229004,14.82148265838623,6371482
2024-05-17,14.82148265838623,14.945340156555176,14.82148265838623,14.945340156555176,6265910
2024-05-20,14.945340156555176,15.151766777038574,14.904053688049316,15.069195747375488,11488406
2024-05-21,15.069195747375488,15.069195747375488,14.86276912689209,15.027911186218262,9517934
2024-05-22,15.069195747375488,15.358194351196287,15.027911186218262,15.275623321533203,8849380
2024-05-23,15.193052291870115,15.193052291870115,14.986624717712402,14.986624717712402,7881381
2024-05-24,14.986624717712402,15.151766777038574,14.904053688049316,15.110482215881348,4164046
2024-05-27,15.069195747375488,15.151766777038574,14.986624717712402,15.069195747375488,5217444
2024-05-28,15.151766777038574,15.23433780670166,15.069195747375488,15.151766777038574,4293154
2024-05-29,15.151766777038574,15.193052291870115,15.027911186218262,15.027911186218262,5053733
2024-05-30,15.027911186218262,15.151766777038574,14.986624717712402,14.986624717712402,4452711
2024-05-31,15.069195747375488,15.440765380859377,15.069195747375488,15.440765380859377,12942584
2024-06-03,15.52333641052246,15.52333641052246,15.193052291870115,15.316908836364746,5017169
2024-06-04,15.316908836364746,15.358194351196287,15.23433780670166,15.275623321533203,3526149
2024-06-05,15.316908836364746,15.399479866027832,15.23433780670166,15.316908836364746,4585599
2024-06-06,15.358194351196287,15.358194351196287,15.275623321533203,15.316908836364746,3558472
2024-06-07,15.358194351196287,15.399479866027832,15.316908836364746,15.358194351196287,4113137
2024-06-11,15.358194351196287,15.358194351196287,15.151766777038574,15.23433780670166,6946149
2024-06-12,15.275623321533203,15.316908836364746,15.193052291870115,15.193052291870115,4344770
2024-06-13,15.23433780670166,15.23433780670166,15.151766777038574,15.193052291870115,4566790
2024-06-14,15.193052291870115,15.316908836364746,15.151766777038574,15.23433780670166,3351656
2024-06-17,15.275623321533203,15.275623321533203,15.193052291870115,15.23433780670166,3247586
2024-06-18,15.23433780670166,15.316908836364746,15.23433780670166,15.275623321533203,3214759
2024-06-19,15.275623321533203,15.440765380859377,15.275623321533203,15.399479866027832,6285010
2024-06-20,15.399479866027832,15.399479866027832,15.275623321533203,15.275623321533203,6729475
2024-06-21,15.316908836364746,15.358194351196287,15.275623321533203,15.316908836364746,7802425
2024-06-24,15.23433780670166,15.358194351196287,15.151766777038574,15.358194351196287,7851935
2024-06-25,15.358194351196287,15.399479866027832,15.193052291870115,15.275623321533203,4373380
2024-06-26,15.275623321533203,15.275623321533203,15.110482215881348,15.151766777038574,8724829
2024-06-27,15.069195747375488,15.110482215881348,14.904053688049316,15.027911186218262,6515527
2024-06-28,15.027911186218262,15.23433780670166,15.027911186218262,15.110482215881348,4276550
2024-07-01,15.110482215881348,15.193052291870115,15.069195747375488,15.151766777038574,4039636
2024-07-02,15.110482215881348,15.110482215881348,15.027911186218262,15.069195747375488,4559072
2024-07-03,15.110482215881348,15.23433780670166,15.027911186218262,15.193052291870115,5253716
2024-07-04,15.275623321533203,15.275623321533203,15.151766777038574,15.275623321533203,4626413
2024-07-05,15.275623321533203,15.358194351196287,15.23433780670166,15.358194351196287,5253572
2024-07-08,15.399479866027832,15.688478469848633,15.358194351196287,15.688478469848633,13399573
2024-07-09,15.729763984680176,15.771048545837402,15.605907440185549,15.688478469848633,8511634
2024-07-10,15.729763984680176,15.977476119995115,15.729763984680176,15.812335014343262,7807481
2024-07-11,15.977476119995115,16.390331268310547,15.977476119995115,16.30776023864746,13288621
2024-07-12,16.225189208984375,16.431617736816406,16.060047149658203,16.431617736816406,8837709
2024-07-15,16.472902297973633,16.514188766479492,16.266475677490234,16.34904670715332,5731736
2024-07-16,16.34904670715332,16.514188766479492,16.34904670715332,16.34904670715332,10939709
2024-07-17,16.390331268310547,16.472902297973633,16.30776023864746,16.30776023864746,8429779
2024-07-18,16.225189208984375,16.472902297973633,16.101333618164062,16.472902297973633,14672480
2024-07-19,16.34904670715332,16.431617736816406,15.894905090332031,16.18390464782715,18102859
2024-07-22,16.18390464782715,16.18390464782715,15.894905090332031,16.14261817932129,26688890
2024-07-23,15.869474411010742,16.04386329650879,15.782279014587402,15.869474411010742,24811961
2024-07-26,15.695083618164062,15.956668853759766,15.60788917541504,15.695083618164062,14242983
2024-07-29,15.782279014587402,15.913070678710938,15.695083618164062,15.738680839538574,6490050
2024-07-30,15.782279014587402,15.782279014587402,15.302706718444824,15.5206937789917,14636364
2024-07-31,15.65148639678955,15.695083618164062,15.5206937789917,15.5206937789917,4481018
2024-08-01,15.564291000366213,15.782279014587402,15.5206937789917,15.782279014587402,6721519
2024-08-02,15.65148639678955,15.65148639678955,15.389902114868164,15.5206937789917,8521134
2024-08-05,15.259108543395996,15.259108543395996,14.299964904785156,14.387160301208496,30290835
2024-08-06,14.517951965332031,14.779537200927734,13.951186180114746,14.648744583129885,19285157
2024-08-07,14.692341804504396,14.910329818725586,14.605147361755373,14.866731643676758,8188238
2024-08-08,14.866731643676758,14.910329818725586,14.692341804504396,14.779537200927734,5865622
2024-08-09,14.910329818725586,15.477096557617188,14.910329818725586,15.2155122756958,9348310
2024-08-12,15.302706718444824,15.564291000366213,15.259108543395996,15.259108543395996,6037015
2024-08-13,15.433499336242676,15.433499336242676,15.259108543395996,15.302706718444824,3432701
2024-08-14,15.433499336242676,15.65148639678955,15.346303939819336,15.65148639678955,5870223
2024-08-15,15.60788917541504,15.65148639678955,15.389902114868164,15.389902114868164,4715269
2024-08-16,15.65148639678955,15.65148639678955,15.433499336242676,15.477096557617188,3231404
2024-08-19,15.5206937789917,15.5206937789917,15.259108543395996,15.346303939819336,5050237
2024-08-20,15.477096557617188,15.477096557617188,15.346303939819336,15.389902114868164,2632941
2024-08-21,15.477096557617188,15.5206937789917,15.389902114868164,15.5206937789917,5538781
2024-08-22,15.5206937789917,15.5206937789917,15.433499336242676,15.477096557617188,2784006
2024-08-23,15.433499336242676,15.5206937789917,15.302706718444824,15.477096557617188,4254948
2024-08-26,15.5206937789917,15.695083618164062,15.5206937789917,15.564291000366213,5096226
2024-08-27,15.5206937789917,15.60788917541504,15.477096557617188,15.60788917541504,2864134
2024-08-28,15.60788917541504,15.65148639678955,15.5206937789917,15.5206937789917,3133321
2024-08-29,15.433499336242676,15.564291000366213,15.433499336242676,15.5206937789917,2985429
2024-08-30,15.564291000366213,15.738680839538574,15.5206937789917,15.738680839538574,5762413
2024-09-02,15.782279014587402,16.04386329650879,15.782279014587402,15.956668853759766,8474275
2024-09-03,16.00026512145996,16.00026512145996,15.782279014587402,15.825876235961914,4384494
2024-09-04,15.65148639678955,15.695083618164062,15.433499336242676,15.5206937789917,10773976
2024-09-05,15.564291000366213,15.782279014587402,15.5206937789917,15.5206937789917,5153852
2024-09-06,15.564291000366213,15.60788917541504,15.389902114868164,15.5206937789917,3388795
2024-09-09,15.389902114868164,15.477096557617188,15.302706718444824,15.433499336242676,5606944
2024-09-10,15.477096557617188,15.60788917541504,15.389902114868164,15.5206937789917,4433528
2024-09-11,15.60788917541504,15.60788917541504,15.477096557617188,15.477096557617188,2752685
2024-09-12,15.60788917541504,15.738680839538574,15.477096557617188,15.695083618164062,3995542
2024-09-13,15.738680839538574,15.738680839538574,15.65148639678955,15.65148639678955,2078917
2024-09-16,15.782279014587402,15.869474411010742,15.695083618164062,15.825876235961914,3937540
2024-09-18,15.869474411010742,15.869474411010742,15.695083618164062,15.782279014587402,3542393
2024-09-19,15.825876235961914,15.869474411010742,15.738680839538574,15.869474411010742,3234955
2024-09-20,15.913070678710938,15.956668853759766,15.825876235961914,15.956668853759766,4555335
2024-09-23,16.00026512145996,16.087461471557617,15.913070678710938,16.00026512145996,3301079
2024-09-24,16.04386329650879,16.04386329650879,15.913070678710938,16.00026512145996,2493115
2024-09-25,16.04386329650879,16.131057739257812,15.956668853759766,16.04386329650879,4343605
2024-09-26,16.087461471557617,16.131057739257812,16.00026512145996,16.00026512145996,3320059
2024-09-27,16.087461471557617,16.087461471557617,15.956668853759766,16.087461471557617,3735811
2024-09-30,16.131057739257812,16.131057739257812,15.956668853759766,16.04386329650879,3523176
2024-10-01,16.087461471557617,16.131057739257812,15.869474411010742,15.956668853759766,3401400
2024-10-04,16.00026512145996,16.00026512145996,15.782279014587402,15.869474411010742,3752186
2024-10-07,15.956668853759766,16.00026512145996,15.869474411010742,16.00026512145996,2967326
2024-10-08,16.04386329650879,16.04386329650879,15.782279014587402,15.782279014587402,3583631
2024-10-09,15.825876235961914,15.825876235961914,15.65148639678955,15.65148639678955,4496026
2024-10-11,15.695083618164062,15.782279014587402,15.60788917541504,15.60788917541504,4115151
2024-10-14,15.695083618164062,15.695083618164062,15.60788917541504,15.65148639678955,2553514
2024-10-15,15.695083618164062,15.782279014587402,15.60788917541504,15.695083618164062,7017769
2024-10-16,15.695083618164062,15.695083618164062,15.60788917541504,15.60788917541504,4126673
2024-10-17,15.65148639678955,15.782279014587402,15.60788917541504,15.782279014587402,3014729
2024-10-18,15.825876235961914,15.956668853759766,15.782279014587402,15.913070678710938,5022907
2024-10-21,15.913070678710938,15.956668853759766,15.782279014587402,15.782279014587402,3171729
2024-10-22,15.825876235961914,15.825876235961914,15.738680839538574,15.782279014587402,1731334
2024-10-23,15.782279014587402,15.782279014587402,15.60788917541504,15.65148639678955,4014491
2024-10-24,15.65148639678955,15.695083618164062,15.60788917541504,15.695083618164062,3056547
2024-10-25,15.65148639678955,15.695083618164062,15.60788917541504,15.60788917541504,1894383
2024-10-28,15.695083618164062,15.695083618164062,15.60788917541504,15.60788917541504,2606993
2024-10-29,15.65148639678955,15.695083618164062,15.433499336242676,15.477096557617188,5129405
2024-10-30,15.60788917541504,15.60788917541504,15.477096557617188,15.477096557617188,2297778
2024-11-01,15.477096557617188,15.65148639678955,15.346303939819336,15.65148639678955,5085582
2024-11-04,15.60788917541504,15.65148639678955,15.5206937789917,15.564291000366213,2490286
2024-11-05,15.60788917541504,15.65148639678955,15.5206937789917,15.5206937789917,2580322
2024-11-06,15.564291000366213,15.60788917541504,15.477096557617188,15.477096557617188,2629721
2024-11-07,15.5206937789917,15.60788917541504,15.477096557617188,15.477096557617188,2443176
2024-11-08,15.5206937789917,15.60788917541504,15.5206937789917,15.564291000366213,2647270
2024-11-11,15.60788917541504,15.60788917541504,15.564291000366213,15.60788917541504,1838304
2024-11-12,15.5206937789917,15.564291000366213,15.477096557617188,15.477096557617188,3317401
2024-11-13,15.433499336242676,15.5206937789917,15.433499336242676,15.433499336242676,2797873
2024-11-14,15.389902114868164,15.433499336242676,15.389902114868164,15.389902114868164,3342738
2024-11-15,15.477096557617188,15.564291000366213,15.389902114868164,15.477096557617188,2991927
2024-11-18,15.477096557617188,15.564291000366213,15.433499336242676,15.477096557617188,2199596
2024-11-19,15.477096557617188,15.65148639678955,15.477096557617188,15.65148639678955,4317754
2024-11-20,15.60788917541504,15.869474411010742,15.5206937789917,15.782279014587402,6532701
2024-11-21,15.695083618164062,15.782279014587402,15.695083618164062,15.738680839538574,1816353
2024-11-22,15.738680839538574,15.869474411010742,15.738680839538574,15.825876235961914,1553899
2024-11-25,15.913070678710938,16.392642974853516,15.869474411010742,16.392642974853516,15955410
2024-11-26,16.261850357055664,16.392642974853516,16.17465591430664,16.218252182006836,4648571
2024-11-27,16.218252182006836,16.567033767700195,16.218252182006836,16.34904670715332,7274160
2024-11-28,16.34904670715332,16.436241149902344,16.17465591430664,16.305448532104492,4652352
2024-11-29,16.17465591430664,16.392642974853516,16.04386329650879,16.34904670715332,4560451
2024-12-02,16.305448532104492,16.47983741760254,16.261850357055664,16.261850357055664,5794826
2024-12-03,16.34904670715332,16.47983741760254,16.261850357055664,16.436241149902344,4845986
2024-12-04,16.47983741760254,16.523435592651367,16.34904670715332,16.34904670715332,3509677
2024-12-05,16.392642974853516,16.436241149902344,16.305448532104492,16.392642974853516,2373606
2024-12-06,16.392642974853516,16.567033767700195,16.392642974853516,16.567033767700195,5410012
2024-12-09,16.65422821044922,17.133800506591797,16.65422821044922,16.959409713745117,12110607
2024-12-10,17.003007888793945,17.04660415649414,16.78502082824707,16.78502082824707,4409118
2024-12-11,16.741422653198242,16.872215270996094,16.65422821044922,16.78502082824707,3696170
2024-12-12,16.78502082824707,17.003007888793945,16.78502082824707,17.003007888793945,3490075
2024-12-13,17.04660415649414,17.09020233154297,16.78502082824707,16.828617095947266,3507330
2024-12-16,16.828617095947266,16.915813446044922,16.61063003540039,16.697824478149414,4722106
2024-12-17,16.741422653198242,16.741422653198242,16.436241149902344,16.61063003540039,5097328
2024-12-18,16.436241149902344,16.523435592651367,16.305448532104492,16.34904670715332,6265868
2024-12-19,16.261850357055664,16.305448532104492,16.00026512145996,16.04386329650879,8925225
2024-12-20,16.00026512145996,16.087461471557617,15.825876235961914,16.04386329650879,12538854
2024-12-23,16.131057739257812,16.305448532104492,16.087461471557617,16.261850357055664,3001956
2024-12-24,16.305448532104492,16.34904670715332,16.261850357055664,16.34904670715332,2966917
2024-12-25,16.392642974853516,16.392642974853516,16.17465591430664,16.305448532104492,2079032
2024-12-26,16.305448532104492,16.34904670715332,16.261850357055664,16.261850357055664,1076071
2024-12-27,16.261850357055664,16.261850357055664,16.131057739257812,16.218252182006836,1957773
2024-12-30,16.218252182006836,16.34904670715332,16.131057739257812,16.261850357055664,1788330
2024-12-31,16.218252182006836,16.34904670715332,16.17465591430664,16.34904670715332,2161760
2025-01-02,16.17465591430664,16.305448532104492,16.131057739257812,16.17465591430664,4109698
2025-01-03,16.218252182006836,16.305448532104492,16.131057739257812,16.218252182006836,1746647
2025-01-06,16.305448532104492,16.392642974853516,16.261850357055664,16.261850357055664,3689656
2025-01-07,16.34904670715332,16.47983741760254,16.305448532104492,16.392642974853516,1882655
2025-01-08,16.436241149902344,16.436241149902344,16.305448532104492,16.392642974853516,2227642
2025-01-09,16.436241149902344,16.567033767700195,16.34904670715332,16.392642974853516,4302707
2025-01-10,16.392642974853516,16.436241149902344,16.17465591430664,16.305448532104492,3149259
2025-01-13,16.305448532104492,16.436241149902344,16.04386329650879,16.17465591430664,6688485
2025-01-14,16.261850357055664,16.392642974853516,16.218252182006836,16.305448532104492,3558891
2025-01-15,16.34904670715332,16.47983741760254,16.305448532104492,16.34904670715332,3138434
2025-01-16,16.47983741760254,16.567033767700195,16.436241149902344,16.436241149902344,4136853
2025-01-17,16.523435592651367,16.523435592651367,16.392642974853516,16.392642974853516,2465594
2025-01-20,16.392642974853516,16.436241149902344,16.305448532104492,16.34904670715332,2691004
2025-01-21,16.34904670715332,16.47983741760254,16.34904670715332,16.47983741760254,2830596
2025-01-22,16.47983741760254,16.567033767700195,16.436241149902344,16.47983741760254,3905173
2025-02-03,16.392642974853516,16.523435592651367,16.218252182006836,16.305448532104492,14254714
2025-02-04,16.34904670715332,16.392642974853516,16.131057739257812,16.131057739257812,9656967
2025-02-05,16.218252182006836,16.218252182006836,16.00026512145996,16.04386329650879,11102246
2025-02-06,16.087461471557617,16.131057739257812,16.04386329650879,16.131057739257812,5296921
2025-02-07,16.17465591430664,16.218252182006836,16.04386329650879,16.087461471557617,6206435
2025-02-10,16.131057739257812,16.17465591430664,16.04386329650879,16.087461471557617,4611708
2025-02-11,16.17465591430664,16.17465591430664,16.04386329650879,16.04386329650879,5989683
2025-02-12,16.04386329650879,16.087461471557617,16.04386329650879,16.087461471557617,3642363
2025-02-13,16.131057739257812,16.17465591430664,16.087461471557617,16.131057739257812,6418619
2025-02-14,16.131057739257812,16.17465591430664,16.04386329650879,16.087461471557617,7102210
2025-02-17,16.17465591430664,16.218252182006836,16.087461471557617,16.17465591430664,6005879
2025-02-18,16.131057739257812,16.17465591430664,16.131057739257812,16.17465591430664,3760613
2025-02-19,16.17465591430664,16.218252182006836,16.131057739257812,16.17465591430664,4362065
2025-02-20,16.218252182006836,16.305448532104492,16.17465591430664,16.305448532104492,4323149
2025-02-21,16.261850357055664,16.34904670715332,16.261850357055664,16.261850357055664,6178568
2025-02-24,16.261850357055664,16.261850357055664,16.218252182006836,16.261850357055664,3671297
2025-02-25,16.218252182006836,16.305448532104492,16.131057739257812,16.261850357055664,5473166
2025-02-26,16.261850357055664,16.47983741760254,16.218252182006836,16.392642974853516,4260670
2025-02-27,16.392642974853516,16.567033767700195,16.392642974853516,16.567033767700195,7543628
2025-03-03,17.003007888793945,17.438982009887695,16.959409713745117,17.3953857421875,34357252
2025-03-04,17.308189392089844,17.744163513183594,17.22099494934082,17.744163513183594,28734671
2025-03-05,17.874956130981445,18.049346923828125,17.569774627685547,17.613372802734375,19938519
2025-03-06,17.65696907043457,17.744163513183594,17.613372802734375,17.7005672454834,8461339
2025-03-07,17.744163513183594,17.9621524810791,17.65696907043457,17.918554306030273,11170593
2025-03-10,17.9621524810791,17.9621524810791,17.7005672454834,17.918554306030273,8211032
2025-03-11,17.7005672454834,17.7005672454834,17.438982009887695,17.65696907043457,14357819
2025-03-12,17.569774627685547,17.744163513183594,17.48257827758789,17.65696907043457,6309439
2025-03-13,17.7005672454834,17.9621524810791,17.7005672454834,17.787761688232422,7360467
2025-03-14,17.874956130981445,17.9621524810791,17.787761688232422,17.9621524810791,6962409
2025-03-17,17.9621524810791,18.049346923828125,17.874956130981445,18.049346923828125,4211984
2025-03-18,18.09294319152832,18.180139541625977,17.9621524810791,18.049346923828125,4774955
2025-03-19,18.005748748779297,18.13654136657715,17.9621524810791,18.09294319152832,6163046
2025-03-20,18.13654136657715,18.22373580932617,18.13654136657715,18.13654136657715,5278541
2025-03-21,18.13654136657715,18.354528427124023,18.049346923828125,18.354528427124023,9030781
2025-03-24,18.310930252075195,18.39812660217285,18.22373580932617,18.310930252075195,5396681
2025-03-25,18.310930252075195,18.74690628051757,18.310930252075195,18.52891731262207,9528551
2025-03-26,18.5725154876709,18.790502548217773,18.5725154876709,18.74690628051757,6770960
2025-03-27,18.74690628051757,18.790502548217773,18.52891731262207,18.790502548217773,9768616
2025-03-28,18.70330810546875,18.70330810546875,18.354528427124023,18.44172477722168,11530880
2025-03-31,17.874956130981445,18.267333984375,17.744163513183594,17.918554306030273,20491470
2025-04-01,18.09294319152832,18.39812660217285,18.049346923828125,18.09294319152832,7004811
2025-04-02,18.09294319152832,18.180139541625977,17.787761688232422,17.874956130981445,7461716
2025-04-07,16.087461471557617,16.087461471557617,16.087461471557617,16.087461471557617,13042307
2025-04-08,15.913070678710938,16.61063003540039,15.825876235961914,16.436241149902344,45426095
2025-04-09,16.47983741760254,16.61063003540039,15.433499336242676,15.477096557617188,36132315
2025-04-10,16.959409713745117,17.003007888793945,16.697824478149414,17.003007888793945,16301452
2025-04-11,16.567033767700195,16.741422653198242,16.261850357055664,16.65422821044922,20406630
2025-04-14,16.741422653198242,16.78502082824707,16.436241149902344,16.567033767700195,15911440
2025-04-15,16.567033767700195,16.65422821044922,16.392642974853516,16.65422821044922,8321073
2025-04-16,16.567033767700195,16.61063003540039,16.47983741760254,16.61063003540039,6632174
2025-04-17,16.567033767700195,16.567033767700195,16.34904670715332,16.567033767700195,7263849
2025-04-18,16.567033767700195,16.65422821044922,16.47983741760254,16.65422821044922,4117448
2025-04-21,16.567033767700195,16.65422821044922,16.47983741760254,16.47983741760254,5201972
2025-04-22,16.392642974853516,16.436241149902344,16.17465591430664,16.305448532104492,11877626
2025-04-23,16.392642974853516,16.523435592651367,16.392642974853516,16.47983741760254,4621642
2025-04-24,16.523435592651367,16.567033767700195,16.47983741760254,16.523435592651367,3900877
2025-04-25,16.65422821044922,16.697824478149414,16.567033767700195,16.65422821044922,6904680
2025-04-28,16.697824478149414,16.697824478149414,16.567033767700195,16.61063003540039,5206917
2025-04-29,16.61063003540039,17.003007888793945,16.61063003540039,17.003007888793945,8028267
2025-04-30,17.003007888793945,17.351787567138672,17.003007888793945,17.264591217041016,9594493
2025-05-02,17.308189392089844,17.52617645263672,17.22099494934082,17.438982009887695,7625613
2025-05-05,17.308189392089844,17.438982009887695,16.78502082824707,17.04660415649414,15336383
2025-05-06,17.09020233154297,17.438982009887695,17.003007888793945,17.351787567138672,7507325
2025-05-07,17.438982009887695,17.7005672454834,17.3953857421875,17.52617645263672,14544592
2025-05-08,17.613372802734375,17.787761688232422,17.438982009887695,17.48257827758789,6688520
2025-05-09,17.52617645263672,17.83135986328125,17.48257827758789,17.83135986328125,7743023
2025-05-12,17.83135986328125,17.874956130981445,17.613372802734375,17.65696907043457,6448782
2025-05-13,17.7005672454834,17.744163513183594,17.569774627685547,17.744163513183594,5931865
2025-05-14,17.744163513183594,17.83135986328125,17.7005672454834,17.744163513183594,4902322
2025-05-15,17.7005672454834,17.787761688232422,17.65696907043457,17.787761688232422,3398021
2025-05-16,17.744163513183594,17.874956130981445,17.7005672454834,17.787761688232422,4605705
2025-05-19,17.787761688232422,17.787761688232422,17.65696907043457,17.65696907043457,4349879
2025-05-20,17.7005672454834,17.874956130981445,17.7005672454834,17.874956130981445,4483762
2025-05-21,17.874956130981445,18.049346923828125,17.787761688232422,18.005748748779297,5938297
2025-05-22,17.874956130981445,18.049346923828125,17.874956130981445,18.005748748779297,3072580
2025-05-23,18.005748748779297,18.310930252075195,17.9621524810791,18.267333984375,7888733
2025-05-26,18.310930252075195,18.5725154876709,18.180139541625977,18.22373580932617,10393459
2025-05-27,18.310930252075195,18.44172477722168,18.13654136657715,18.22373580932617,5754399
2025-05-28,18.22373580932617,18.310930252075195,17.874956130981445,17.874956130981445,7268293
2025-05-29,17.9621524810791,18.005748748779297,17.83135986328125,17.918554306030273,5016536
2025-06-02,17.787761688232422,18.005748748779297,17.787761688232422,17.874956130981445,4117155
2025-06-03,17.9621524810791,18.13654136657715,17.874956130981445,18.13654136657715,4552317
2025-06-04,18.180139541625977,18.354528427124023,18.049346923828125,18.049346923828125,11660571
2025-06-05,18.09294319152832,18.22373580932617,18.049346923828125,18.09294319152832,4358719
2025-06-06,18.13654136657715,18.354528427124023,18.13654136657715,18.22373580932617,6354584
2025-06-09,18.310930252075195,18.44172477722168,18.267333984375,18.354528427124023,7307667
2025-06-10,18.310930252075195,18.44172477722168,18.22373580932617,18.354528427124023,7230797
2025-06-11,18.310930252075195,18.39812660217285,18.267333984375,18.310930252075195,4954800
2025-06-12,18.267333984375,18.39812660217285,18.22373580932617,18.39812660217285,5324648
2025-06-13,18.22373580932617,18.354528427124023,18.180139541625977,18.22373580932617,4927764
2025-06-16,18.22373580932617,18.39812660217285,18.22373580932617,18.39812660217285,5352792
2025-06-17,18.39812660217285,18.659711837768555,18.39812660217285,18.659711837768555,10389387
2025-06-18,18.659711837768555,18.74690628051757,18.616113662719727,18.659711837768555,8124219
2025-06-19,18.5725154876709,18.74690628051757,18.39812660217285,18.5725154876709,5697335
2025-06-20,18.5725154876709,18.70330810546875,18.354528427124023,18.39812660217285,17781281
2025-06-23,18.267333984375,18.310930252075195,18.13654136657715,18.22373580932617,6463865
2025-06-24,18.267333984375,18.485321044921875,18.22373580932617,18.354528427124023,5161004
2025-06-25,18.354528427124023,18.485321044921875,18.354528427124023,18.44172477722168,3954038
2025-06-26,18.485321044921875,18.8341007232666,18.485321044921875,18.74690628051757,8685987
2025-06-27,18.74690628051757,19.00848960876465,18.74690628051757,18.921295166015625,9159342
2025-06-30,18.921295166015625,19.182880401611328,18.921295166015625,19.1392822265625,11343843
2025-07-01,19.182880401611328,19.27007484436035,19.05208778381348,19.182880401611328,6027351
2025-07-02,19.1392822265625,19.400867462158203,19.00848960876465,19.27007484436035,8368452
2025-07-03,19.31367301940918,19.44446563720703,19.27007484436035,19.31367301940918,7716750
2025-07-04,19.400867462158203,19.53166007995605,19.31367301940918,19.31367301940918,7069335
2025-07-07,19.35726928710937,19.61885452270508,19.27007484436035,19.53166007995605,7033952
2025-07-08,19.57525634765625,19.61885452270508,19.31367301940918,19.53166007995605,6719178
2025-07-09,19.57525634765625,19.57525634765625,19.35726928710937,19.400867462158203,6029178
2025-07-10,19.35726928710937,19.88043975830078,19.35726928710937,19.79324531555176,10825295
2025-07-11,19.79324531555176,19.967634201049805,19.662452697753903,19.662452697753903,7340775
2025-07-14,19.662452697753903,19.74964714050293,19.31367301940918,19.53166007995605,8564651
2025-07-15,19.400867462158203,19.662452697753903,19.400867462158203,19.400867462158203,6083762
2025-07-16,19.35726928710937,19.400867462158203,19.182880401611328,19.31367301940918,11907701
2025-07-17,19.31367301940918,19.53166007995605,19.31367301940918,19.53166007995605,7195357
2025-07-18,19.61885452270508,19.662452697753903,19.35726928710937,19.488061904907227,10308338
2025-07-21,19.44446563720703,19.488061904907227,19.22647857666016,19.31367301940918,11083363
2025-07-22,19.31367301940918,19.31367301940918,18.964893341064453,19.1392822265625,14027897
2025-07-23,19.1392822265625,19.27007484436035,19.095684051513672,19.1392822265625,6737745
2025-07-24,19.182880401611328,19.182880401611328,19.00848960876465,19.00848960876465,5255242
2025-07-25,19.00848960876465,19.05208778381348,18.921295166015625,18.964893341064453,5422465
2025-07-28,18.964893341064453,19.05208778381348,18.790502548217773,18.790502548217773,7957736
2025-07-29,18.921295166015625,19.1392822265625,18.87769889831543,18.964893341064453,7799319
2025-07-30,19.00848960876465,19.488061904907227,18.87769889831543,19.35726928710937,12023085
2025-07-31,19.35726928710937,19.488061904907227,19.22647857666016,19.400867462158203,6105161
2025-08-04,19.88043975830078,20.403608322143555,19.79324531555176,20.31641387939453,14687604
2025-08-05,20.36001205444336,20.75238990783692,20.272817611694336,20.62159538269043,14658896
2025-08-06,20.70879173278809,20.97037506103516,20.70879173278809,20.79598617553711,14316271
2025-08-07,20.883180618286133,20.883180618286133,20.36001205444336,20.49080467224121,17380733
2025-08-08,20.534400939941406,20.62159538269043,19.967634201049805,20.01123237609864,21671295
2025-08-11,20.01123237609864,20.403608322143555,19.967634201049805,20.36001205444336,15618773
2025-08-12,20.36001205444336,20.447206497192383,20.18562126159668,20.403608322143555,20271056
2025-08-13,20.34933090209961,20.53645133972168,20.2089900970459,20.302549362182617,35280344
2025-08-14,20.34933090209961,20.95747184753418,20.302549362182617,20.6300106048584,11189347
2025-08-15,20.67679023742676,20.72357177734375,20.39611053466797,20.489669799804688,8576661
2025-08-18,20.489669799804688,20.489669799804688,20.2089900970459,20.302549362182617,7312570
2025-08-19,20.2089900970459,20.25576972961425,20.021869659423828,20.16221046447754,8910349
2025-08-20,20.25576972961425,20.302549362182617,20.068649291992188,20.068649291992188,5095057
2025-08-21,20.068649291992188,20.39611053466797,20.068649291992188,20.39611053466797,3889409
2025-08-22,20.34933090209961,20.442890167236328,20.16221046447754,20.34933090209961,4145666
2025-08-25,20.34933090209961,20.39611053466797,20.16221046447754,20.2089900970459,5884313
2025-08-26,20.11543083190918,20.16221046447754,19.92831039428711,20.068649291992188,8381879
2025-08-27,19.97509002685547,20.16221046447754,19.97509002685547,20.068649291992188,3205498
2025-08-28,20.068649291992188,20.25576972961425,19.97509002685547,20.11543083190918,3626040
2025-08-29,20.11543083190918,20.16221046447754,19.92831039428711,19.92831039428711,4288533
2025-09-01,19.97509002685547,20.2089900970459,19.92831039428711,19.97509002685547,4178160
2025-09-02,19.97509002685547,20.11543083190918,19.97509002685547,20.068649291992188,3422680
2025-09-03,20.11543083190918,20.25576972961425,20.021869659423828,20.11543083190918,3499539
2025-09-04,20.16221046447754,20.34933090209961,20.16221046447754,20.302549362182617,4720611
2025-09-05,20.34933090209961,20.489669799804688,20.2089900970459,20.34933090209961,3396486
2025-09-08,20.39611053466797,20.39611053466797,20.11543083190918,20.16221046447754,4072587
2025-09-09,20.2089900970459,20.302549362182617,20.16221046447754,20.302549362182617,3060379
2025-09-10,20.2089900970459,20.39611053466797,20.16221046447754,20.302549362182617,3628829
2025-09-11,20.39611053466797,20.81713104248047,20.39611053466797,20.6300106048584,8835853
2025-09-12,20.72357177734375,21.33171272277832,20.72357177734375,21.19137191772461,9956323
2025-09-15,21.23815155029297,21.42527198791504,21.0510311126709,21.0510311126709,5484573
2025-09-16,21.09781074523925,21.284931182861328,21.00425148010254,21.00425148010254,5227264
2025-09-17,21.09781074523925,21.09781074523925,20.67679023742676,20.72357177734375,9651181
2025-09-18,20.81713104248047,20.910690307617188,20.67679023742676,20.863910675048828,4145088
2025-09-19,20.77035140991211,20.95747184753418,20.67679023742676,20.863910675048828,4776960
2025-09-22,20.95747184753418,21.33171272277832,20.910690307617188,21.144590377807617,6492935
2025-09-23,21.144590377807617,21.79951286315918,21.144590377807617,21.65917205810547,13320169
2025-09-24,21.705951690673828,21.752731323242188,21.51883125305176,21.65917205810547,5989089
2025-09-25,21.752731323242188,21.752731323242188,21.33171272277832,21.4720516204834,6537809
2025-09-26,21.33171272277832,21.42527198791504,21.144590377807617,21.19137191772461,7949294
2025-09-30,21.23815155029297,21.37849235534668,21.144590377807617,21.23815155029297,8831547
2025-10-01,21.42527198791504,21.51883125305176,21.23815155029297,21.284931182861328,6135622
2025-10-02,21.23815155029297,21.33171272277832,21.09781074523925,21.144590377807617,7773694
2025-10-03,21.19137191772461,21.23815155029297,20.77035140991211,20.95747184753418,13073122
2025-10-07,21.00425148010254,21.144590377807617,20.58323097229004,20.863910675048828,9002378
2025-10-08,20.910690307617188,21.0510311126709,20.77035140991211,20.77035140991211,4751109
2025-10-09,20.81713104248047,20.863910675048828,20.67679023742676,20.72357177734375,6816747
2025-10-13,20.58323097229004,20.58323097229004,20.34933090209961,20.53645133972168,10676060
2025-10-14,20.58323097229004,20.863910675048828,20.53645133972168,20.58323097229004,8335037
2025-10-15,20.77035140991211,21.0510311126709,20.67679023742676,20.863910675048828,5268805
2025-10-16,20.910690307617188,20.95747184753418,20.67679023742676,20.72357177734375,7535135
2025-10-17,20.77035140991211,20.910690307617188,20.67679023742676,20.81713104248047,5013872
2025-10-20,20.910690307617188,21.0510311126709,20.72357177734375,20.95747184753418,9727908
2025-10-21,21.0510311126709,21.0510311126709,20.81713104248047,20.81713104248047,10103288
2025-10-22,20.863910675048828,20.910690307617188,20.58323097229004,20.58323097229004,14551299
2025-10-23,20.6300106048584,20.72357177734375,20.489669799804688,20.67679023742676,8916867
2025-10-27,20.72357177734375,20.81713104248047,20.489669799804688,20.489669799804688,12633700
2025-10-28,20.57169532775879,20.665416717529297,20.47797584533692,20.47797584533692,5651460
2025-10-29,20.52483558654785,20.57169532775879,20.33739471435547,20.384254455566406,9821674
2025-10-30,20.33739471435547,20.384254455566406,20.14995384216309,20.24367332458496,8388767
2025-10-31,20.24367332458496,20.2905330657959,20.05623245239257,20.05623245239257,7991041
2025-11-03,20.05623245239257,20.196813583374023,19.96251106262207,20.10309219360352,4481952
2025-11-04,20.05623245239257,20.2905330657959,20.05623245239257,20.14995384216309,4261165
2025-11-05,20.196813583374023,20.196813583374023,19.915651321411133,20.196813583374023,6898037
2025-11-06,20.24367332458496,20.2905330657959,20.10309219360352,20.2905330657959,3351785
2025-11-07,20.33739471435547,20.52483558654785,20.2905330657959,20.33739471435547,5778245
2025-11-10,20.384254455566406,20.431114196777344,20.196813583374023,20.196813583374023,4253904
2025-11-11,20.24367332458496,20.33739471435547,20.14995384216309,20.196813583374023,3234534
2025-11-12,20.196813583374023,20.2905330657959,20.10309219360352,20.14995384216309,4709697
2025-11-13,20.196813583374023,20.196813583374023,20.14995384216309,20.14995384216309,2461087
2025-11-14,20.14995384216309,20.2905330657959,20.05623245239257,20.14995384216309,5788309
2025-11-17,20.14995384216309,20.196813583374023,19.915651321411133,20.00937271118164,7032108
2025-11-18,19.915651321411133,19.915651321411133,19.68134880065918,19.72820854187012,8820031
2025-11-19,19.68134880065918,19.775070190429688,19.54076766967773,19.68134880065918,7480042
2025-11-20,19.72820854187012,20.00937271118164,19.68134880065918,19.821929931640625,5809333
2025-11-21,19.821929931640625,19.868791580200195,19.587627410888672,19.68134880065918,7629727
2025-11-24,19.821929931640625,19.915651321411133,19.68134880065918,19.68134880065918,12747481
2025-11-25,19.775070190429688,19.868791580200195,19.63448905944824,19.68134880065918,4708773
2025-11-26,19.72820854187012,19.821929931640625,19.68134880065918,19.821929931640625,5817852
2025-11-27,19.72820854187012,19.868791580200195,19.68134880065918,19.72820854187012,4133546
2025-11-28,19.72820854187012,19.775070190429688,19.4939079284668,19.54076766967773,12838452
2025-12-01,19.587627410888672,19.72820854187012,19.35332679748535,19.447046279907227,7315492
2025-12-02,19.40018653869629,19.54076766967773,19.40018653869629,19.447046279907227,6047749
2025-12-03,19.54076766967773,19.63448905944824,19.447046279907227,19.587627410888672,3507700
2025-12-04,19.63448905944824,19.72820854187012,19.587627410888672,19.68134880065918,7480431
2025-12-05,19.72820854187012,19.775070190429688,19.587627410888672,19.63448905944824,4276464
2025-12-08,19.68134880065918,19.821929931640625,19.63448905944824,19.68134880065918,9333302
2025-12-09,19.72820854187012,19.72820854187012,19.54076766967773,19.68134880065918,7262781
2025-12-10,19.68134880065918,19.96251106262207,19.63448905944824,19.821929931640625,10373041
2025-12-11,19.821929931640625,19.96251106262207,19.72820854187012,19.915651321411133,8519069
2025-12-12,20.00937271118164,20.14995384216309,19.868791580200195,19.915651321411133,12092816
2025-12-15,19.915651321411133,20.05623245239257,19.775070190429688,20.00937271118164,8007980
2025-12-16,19.868791580200195,20.00937271118164,19.868791580200195,19.915651321411133,9060286
2025-12-17,19.821929931640625,20.33739471435547,19.821929931640625,20.00937271118164,15397744
2025-12-18,20.10309219360352,20.14995384216309,19.68134880065918,20.00937271118164,13120651
2025-12-19,19.868791580200195,20.2905330657959,19.821929931640625,20.10309219360352,14625692
2025-12-22,20.10309219360352,20.196813583374023,19.96251106262207,20.14995384216309,9131340
2025-12-23,20.196813583374023,20.24367332458496,19.915651321411133,20.00937271118164,8238521
2025-12-24,20.00937271118164,20.00937271118164,19.68134880065918,19.72820854187012,16856887
2025-12-26,19.72820854187012,19.775070190429688,19.63448905944824,19.68134880065918,10111937
2025-12-29,19.63448905944824,19.72820854187012,19.587627410888672,19.68134880065918,9222122
2025-12-30,19.68134880065918,19.68134880065918,19.54076766967773,19.587627410888672,7007768
2025-12-31,19.587627410888672,19.587627410888672,19.40018653869629,19.4939079284668,12428247
2026-01-02,19.4939079284668,19.68134880065918,19.4939079284668,19.587627410888672,4648645
2026-01-05,19.587627410888672,19.68134880065918,19.4939079284668,19.587627410888672,7402340
2026-01-06,19.63448905944824,19.72820854187012,19.4939079284668,19.4939079284668,10083218
2026-01-07,19.54076766967773,19.54076766967773,19.40018653869629,19.447046279907227,10474538
2026-01-08,19.4939079284668,19.54076766967773,19.40018653869629,19.4939079284668,8725349
2026-01-09,19.587627410888672,19.775070190429688,19.40018653869629,19.4939079284668,8377827
2026-01-12,19.587627410888672,19.72820854187012,19.4939079284668,19.54076766967773,8663526
2026-01-13,19.68134880065918,19.68134880065918,19.54076766967773,19.54076766967773,6656417
2026-01-14,19.63448905944824,19.68134880065918,19.447046279907227,19.4939079284668,10413893
2026-01-15,19.4939079284668,19.587627410888672,19.447046279907227,19.4939079284668,5939701
2026-01-16,19.4939079284668,19.63448905944824,19.447046279907227,19.4939079284668,11386764
2026-01-19,19.447046279907227,19.63448905944824,19.40018653869629,19.40018653869629,13593215
2026-01-20,19.40018653869629,19.447046279907227,19.259605407714844,19.40018653869629,15777160
2026-01-21,19.30646514892578,19.35332679748535,19.212745666503903,19.212745666503903,14120226
2026-01-22,19.259605407714844,19.259605407714844,19.1190242767334,19.1190242767334,13026262
2026-01-23,19.1190242767334,19.16588592529297,18.97844314575196,19.07216453552246,12260953
2026-01-26,19.07216453552246,19.16588592529297,19.025304794311523,19.07216453552246,11754748
2026-01-27,19.07216453552246,19.16588592529297,19.025304794311523,19.025304794311523,9629820
2026-01-28,19.025304794311523,19.07216453552246,18.83786392211914,18.931583404541016,18372937
2026-01-29,18.88472366333008,19.025304794311523,18.79100227355957,18.83786392211914,15766360
2026-01-30,18.88472366333008,18.97844314575196,18.74414253234864,18.74414253234864,16655589
2026-02-02,18.69728279113769,18.69728279113769,18.50984001159668,18.650421142578125,16834872
2026-02-03,18.74414253234864,18.88472366333008,18.74414253234864,18.74414253234864,7715007
2026-02-04,18.79100227355957,19.025304794311523,18.79100227355957,18.931583404541016,9054771
2026-02-05,18.97844314575196,19.30646514892578,18.88472366333008,19.212745666503903,12964146
2026-02-06,19.30646514892578,19.30646514892578,18.97844314575196,19.1190242767334,8216433
2026-02-09,19.212745666503903,19.4939079284668,19.1190242767334,19.212745666503903,14358995
2026-02-10,19.259605407714844,19.35332679748535,19.1190242767334,19.212745666503903,8198682
2026-02-11,19.259605407714844,19.259605407714844,19.1190242767334,19.16588592529297,15280358
2026-02-23,19.16588592529297,19.54076766967773,19.16588592529297,19.447046279907227,26952974
2026-02-24,19.40018653869629,19.63448905944824,19.40018653869629,19.54076766967773,17534143
2026-02-25,19.54076766967773,19.775070190429688,19.54076766967773,19.68134880065918,13934538
2026-02-26,19.68134880065918,19.868791580200195,19.54076766967773,19.775070190429688,17524483
2026-03-02,19.587627410888672,19.68134880065918,19.447046279907227,19.54076766967773,12607047
2026-03-03,19.54076766967773,19.587627410888672,19.35332679748535,19.447046279907227,9098389
2026-03-04,19.35332679748535,19.35332679748535,18.931583404541016,18.931583404541016,20884898
2026-03-05,19.16588592529297,19.212745666503903,18.83786392211914,18.97844314575196,11165649
2026-03-06,18.97844314575196,19.40018653869629,18.97844314575196,19.259605407714844,12444830
2026-03-09,18.83786392211914,19.025304794311523,18.69728279113769,18.88472366333008,22281243
2026-03-10,19.07216453552246,19.1190242767334,18.931583404541016,19.025304794311523,9188539
2026-03-11,19.16588592529297,19.54076766967773,19.1190242767334,19.447046279907227,12732978
2026-03-12,19.30646514892578,19.68134880065918,19.30646514892578,19.63448905944824,11788335
2026-03-13,19.40018653869629,19.68134880065918,19.40018653869629,19.4939079284668,7796644
2026-03-16,19.447046279907227,19.54076766967773,19.30646514892578,19.30646514892578,10793857
2026-03-17,19.35332679748535,19.40018653869629,19.1190242767334,19.259605407714844,14005756
2026-03-18,19.35332679748535,19.35332679748535,19.16588592529297,19.212745666503903,7824043
2026-03-19,19.1190242767334,19.16588592529297,19.07216453552246,19.1190242767334,6755273
2026-03-20,19.1190242767334,19.35332679748535,19.1190242767334,19.212745666503903,8793928
2026-03-23,19.025304794311523,19.1190242767334,18.931583404541016,18.97844314575196,9107743
2026-03-24,19.07216453552246,19.212745666503903,18.97844314575196,19.07216453552246,7576447
2026-03-25,19.212745666503903,19.40018653869629,19.16588592529297,19.30646514892578,5899479
2026-03-26,19.40018653869629,19.4939079284668,19.30646514892578,19.40018653869629,8920130
2026-03-27,19.35332679748535,19.4939079284668,19.30646514892578,19.447046279907227,8337062
2026-03-30,19.212745666503903,19.30646514892578,19.16588592529297,19.259605407714844,10577225
2026-03-31,19.212745666503903,19.40018653869629,19.16588592529297,19.259605407714844,11959277
2026-04-01,19.447046279907227,19.54076766967773,19.40018653869629,19.447046279907227,11244838
2026-04-02,19.54076766967773,19.587627410888672,19.40018653869629,19.447046279907227,6908261
2026-04-07,19.4939079284668,19.775070190429688,19.40018653869629,19.775070190429688,16788951
2026-04-08,19.821929931640625,19.821929931640625,19.63448905944824,19.68134880065918,11888868
2026-04-09,19.72820854187012,19.775070190429688,19.587627410888672,19.72820854187012,6900700
2026-04-10,19.821929931640625,19.821929931640625,19.63448905944824,19.775070190429688,5938541
2026-04-13,19.587627410888672,19.63448905944824,19.40018653869629,19.447046279907227,14102575
2026-04-14,19.447046279907227,19.447046279907227,19.30646514892578,19.40018653869629,15729934
2026-04-15,19.447046279907227,19.447046279907227,19.30646514892578,19.40018653869629,7858147
2026-04-16,19.447046279907227,19.54076766967773,19.30646514892578,19.35332679748535,9719954
2026-04-17,19.447046279907227,19.447046279907227,19.212745666503903,19.259605407714844,17380200
2026-04-20,19.30646514892578,19.35332679748535,19.1190242767334,19.212745666503903,13828810
2026-04-21,19.259605407714844,19.259605407714844,19.025304794311523,19.1190242767334,15469347
2026-04-22,19.1190242767334,19.1190242767334,18.97844314575196,19.07216453552246,15807259
2026-04-23,19.07216453552246,19.07216453552246,18.88472366333008,18.88472366333008,23934074
2026-04-24,18.74414253234864,18.79100227355957,18.55670166015625,18.69728279113769,33619433
2026-04-27,18.55670166015625,18.603561401367188,18.369258880615234,18.55670166015625,29075169
2026-04-28,18.55670166015625,18.83786392211914,18.369258880615234,18.83786392211914,12713079
2026-04-29,18.88472366333008,18.88472366333008,18.650421142578125,18.74414253234864,8284741
2026-04-30,18.74414253234864,18.79100227355957,18.50984001159668,18.603561401367188,13627986
2026-05-04,18.603561401367188,18.69728279113769,18.55670166015625,18.55670166015625,15344318
2026-05-05,18.55670166015625,18.55670166015625,18.462980270385746,18.55670166015625,14405350
2026-05-06,18.55670166015625,18.55670166015625,18.41611862182617,18.50984001159668,17245073
2026-05-07,18.55670166015625,18.55670166015625,18.369258880615234,18.462980270385746,20422063
2026-05-08,18.603561401367188,18.69728279113769,18.50984001159668,18.50984001159668,15750647
2026-05-11,18.55670166015625,18.55670166015625,18.41611862182617,18.50984001159668,14758428
2026-05-12,18.55670166015625,18.55670166015625,18.369258880615234,18.369258880615234,17110590
2026-05-13,18.22867774963379,18.22867774963379,18.088096618652344,18.22867774963379,29561110
2026-05-14,18.088096618652344,18.18181800842285,17.713214874267578,17.806934356689453,50097628
2026-05-15,17.760074615478516,17.760074615478516,17.38519287109375,17.572633743286133,49836580
2026-05-18,17.38519287109375,17.713214874267578,17.33833122253418,17.666353225708008,23149491
2026-05-19,17.666353225708008,18.088096618652344,17.525772094726562,17.9475154876709,17811369
2026-05-20,17.9475154876709,17.9475154876709,17.713214874267578,17.713214874267578,11111720
2026-05-21,17.760074615478516,17.85379409790039,17.713214874267578,17.806934356689453,8396230
2026-05-22,17.806934356689453,17.85379409790039,17.713214874267578,17.760074615478516,9799117
2026-05-25,17.806934356689453,17.806934356689453,17.572633743286133,17.572633743286133,13949031
2026-05-26,17.572633743286133,17.760074615478516,17.525772094726562,17.666353225708008,10960602
2026-05-27,17.666353225708008,17.713214874267578,17.525772094726562,17.61949348449707,17407573
2026-05-28,17.61949348449707,17.61949348449707,17.33833122253418,17.33833122253418,27278849
2026-05-29,17.33833122253418,17.432052612304688,17.244611740112305,17.291471481323242,19473055
2026-06-01,17.291471481323242,17.291471481323242,16.96344757080078,17.244611740112305,43949327
2026-06-02,17.197750091552734,17.572633743286133,17.104028701782227,17.525772094726562,19809092
2026-06-03,17.572633743286133,18.18181800842285,17.525772094726562,18.041236877441406,28865250
2026-06-04,18.13495635986328,18.41611862182617,18.041236877441406,18.18181800842285,30802982
2026-06-05,18.22867774963379,18.322399139404297,17.9475154876709,18.088096618652344,21473892
2026-06-08,17.61949348449707,17.90065574645996,17.432052612304688,17.85379409790039,22928417
2026-06-09,17.85379409790039,18.50984001159668,17.85379409790039,18.462980270385746,26502822
2026-06-10,18.369258880615234,18.41611862182617,18.088096618652344,18.18181800842285,19376858
2026-06-11,18.088096618652344,18.088096618652344,17.85379409790039,17.994375228881836,13501142
2026-06-12,18.13495635986328,18.41611862182617,18.13495635986328,18.275537490844727,14031280
2026-06-15,18.41611862182617,18.55670166015625,18.369258880615234,18.369258880615234,14975833
2026-06-16,18.462980270385746,18.650421142578125,18.322399139404297,18.50984001159668,21844683
2026-06-17,18.603561401367188,18.88472366333008,18.55670166015625,18.603561401367188,29196742
2026-06-18,18.69728279113769,18.83786392211914,18.55670166015625,18.55670166015625,22212186
2026-06-22,18.74414253234864,18.74414253234864,18.369258880615234,18.41611862182617,15534368
2026-06-23,18.41611862182617,18.83786392211914,18.369258880615234,18.74414253234864,20596894
2026-06-24,18.650421142578125,18.74414253234864,18.50984001159668,18.603561401367188,12231233
2026-06-25,18.603561401367188,18.83786392211914,18.55670166015625,18.79100227355957,16463977
2026-06-26,18.69728279113769,18.79100227355957,18.50984001159668,18.55670166015625,14090342
2026-06-29,18.55670166015625,18.74414253234864,18.55670166015625,18.69728279113769,7542856
2026-06-30,18.74414253234864,18.79100227355957,18.603561401367188,18.79100227355957,16023818
2026-07-01,18.79100227355957,18.83786392211914,18.603561401367188,18.650421142578125,9885042
2026-07-02,18.650421142578125,18.88472366333008,18.55670166015625,18.88472366333008,11871033
2026-07-03,18.88472366333008,19.30646514892578,18.88472366333008,19.1190242767334,19987809
2026-07-06,19.212745666503903,19.40018653869629,19.1190242767334,19.259605407714844,11661271
2026-07-07,19.30646514892578,19.4939079284668,19.259605407714844,19.35332679748535,16448423
2026-07-08,19.40018653869629,19.447046279907227,19.16588592529297,19.30646514892578,8180214
2026-07-09,19.35332679748535,19.447046279907227,19.259605407714844,19.30646514892578,7411998
2026-07-10,19.30646514892578,19.30646514892578,19.30646514892578,19.30646514892578,0
2026-07-13,19.30646514892578,19.4939079284668,19.212745666503903,19.35332679748535,9371571
2026-07-14,19.447046279907227,19.447046279907227,18.931583404541016,19.212745666503903,16817152
2026-07-15,19.16588592529297,19.30646514892578,18.931583404541016,19.025304794311523,15668445
2026-07-16,19.025304794311523,19.16588592529297,18.931583404541016,18.97844314575196,15646349
2026-07-17,18.97844314575196,19.259605407714844,18.931583404541016,19.259605407714844,33153462
2026-07-20,19.259605407714844,19.35332679748535,18.83786392211914,19.07216453552246,26235315
2026-07-21,19.1190242767334,19.30646514892578,19.1190242767334,19.16588592529297,33589825
2026-07-22,19.212745666503903,19.30646514892578,19.07216453552246,19.16588592529297,21116078
2026-07-23,19.16588592529297,19.259605407714844,19.07216453552246,19.16588592529297,16896962
2026-07-24,19.07216453552246,19.212745666503903,19.025304794311523,19.16588592529297,10988438
2026-07-27,19.16588592529297,19.4939079284668,19.16588592529297,19.447046279907227,37661476
2026-07-28,19.212745666503903,19.447046279907227,19.212745666503903,19.447046279907227,29265216
2026-07-29,19.447046279907227,19.54076766967773,19.1190242767334,19.35332679748535,37274073
2026-07-30,19.212745666503903,19.40018653869629,19.07216453552246,19.35332679748535,22647843
2026-07-31,19.447046279907227,19.54076766967773,19.212745666503903,19.212745666503903,38273109
2026-08-03,19.212745666503903,19.40018653869629,19.1190242767334,19.35332679748535,36678464
2026-08-04,19.049999237060547,19.14999961853028,18.75,18.89999961853028,41071019
2026-08-05,18.950000762939453,19.049999237060547,18.799999237060547,18.799999237060547,16604962
2026-08-06,18.799999237060547,18.799999237060547,18.39999961853028,18.5,28765362
2026-08-07,18.549999237060547,18.799999237060547,18.549999237060547,18.64999961853028,12949691
2026-08-10,18.700000762939453,18.75,18.39999961853028,18.700000762939453,13999812
2026-08-11,18.75,18.75,18.5,18.5,11518795
2026-08-12,18.549999237060547,18.75,18.450000762939453,18.64999961853028,10333195
2026-08-13,18.75,18.75,18.549999237060547,18.64999961853028,9085916
2026-08-14,18.549999237060547,18.700000762939453,18.5,18.64999961853028,10496299
2026-08-17,18.64999961853028,18.799999237060547,18.450000762939453,18.799999237060547,14576234
2026-08-18,18.700000762939453,19.049999237060547,18.700000762939453,19.0,13725717
2026-08-19,18.950000762939453,19.0,18.75,19.0,5612503
2026-08-20,19.0,19.0,18.75,18.799999237060547,6068048
2026-08-21,18.799999237060547,18.950000762939453,18.700000762939453,18.850000381469727,8444943
2026-08-24,18.850000381469727,19.100000381469727,18.799999237060547,19.049999237060547,11280068
2026-08-25,19.049999237060547,19.100000381469727,18.950000762939453,18.950000762939453,7116543
2026-08-26,18.950000762939453,19.049999237060547,18.850000381469727,19.0,6948747
2026-08-27,19.0,19.100000381469727,18.850000381469727,18.850000381469727,9964526
2026-08-28,19.0,19.0,18.75,18.850000381469727,7077317
2026-08-31,18.799999237060547,19.049999237060547,18.75,19.049999237060547,13593045
2026-09-01,18.89999961853028,19.100000381469727,18.89999961853028,19.100000381469727,23114753
2026-09-02,19.100000381469727,19.450000762939453,19.049999237060547,19.39999961853028,36566715
2026-09-03,19.450000762939453,19.700000762939453,19.39999961853028,19.450000762939453,26256127
2026-09-04,19.5,19.5,19.200000762939453,19.350000381469727,9670836
2026-09-07,19.450000762939453,19.450000762939453,19.049999237060547,19.25,13967373
2026-09-08,19.299999237060547,19.5,19.100000381469727,19.39999961853028,10518236
2026-09-09,19.200000762939453,19.200000762939453,18.89999961853028,19.14999961853028,28314768
2026-09-10,19.100000381469727,19.25,19.049999237060547,19.100000381469727,17091646
2026-09-11,19.100000381469727,19.549999237060547,19.049999237060547,19.5,28752098
2026-09-14,19.5,19.5,19.299999237060547,19.450000762939453,16361802
2026-09-15,19.5,19.5,19.200000762939453,19.350000381469727,14027116
2026-09-16,19.39999961853028,19.39999961853028,19.25,19.299999237060547,11396039
2026-09-17,19.350000381469727,19.549999237060547,19.100000381469727,19.5,27303139
2026-09-18,19.5,19.5,19.200000762939453,19.350000381469727,24748390
2026-09-21,19.399999618530277,19.399999618530277,19.149999618530277,19.200000762939453,14103396
2026-09-22,19.25,19.299999237060547,19.149999618530277,19.25,9721090
2026-09-23,19.299999237060547,19.299999237060547,19.100000381469727,19.149999618530277,10623588
2026-09-24,19.200000762939453,19.200000762939453,19.0,19.0,12704875
2026-09-29,19.049999237060547,19.049999237060547,18.799999237060547,18.799999237060547,18996666
2026-09-30,18.899999618530273,19.0,18.850000381469727,18.850000381469727,13226078
2026-10-01,18.899999618530273,18.950000762939453,18.75,18.799999237060547,11051879
