date,open,high,low,close,volume
2020-01-02,38.70000076293945,38.900001525878906,38.59999847412109,38.900001525878906,93502
2020-01-03,38.900001525878906,39.0,38.70000076293945,38.84999847412109,84638
2020-01-06,38.84999847412109,38.84999847412109,38.59999847412109,38.650001525878906,105821
2020-01-07,38.650001525878906,38.70000076293945,38.45000076293945,38.59999847412109,186500
2020-01-08,38.59999847412109,38.59999847412109,38.45000076293945,38.45000076293945,125283
2020-01-09,38.45000076293945,38.650001525878906,38.400001525878906,38.400001525878906,111769
2020-01-10,38.45000076293945,38.5,38.25,38.5,101306
2020-01-13,39.29999923706055,39.29999923706055,38.84999847412109,38.900001525878906,129932
2020-01-14,38.900001525878906,38.95000076293945,38.650001525878906,38.75,82005
2020-01-15,38.75,38.84999847412109,38.650001525878906,38.75,71000
2020-01-16,39.0,39.0,38.70000076293945,38.84999847412109,154005
2020-01-17,38.95000076293945,38.95000076293945,38.84999847412109,38.900001525878906,57749
2020-01-20,39.0,39.29999923706055,39.0,39.25,303000
2020-01-30,38.59999847412109,38.650001525878906,38.20000076293945,38.54999923706055,626490
2020-01-31,38.54999923706055,39.0,38.400001525878906,39.0,290538
2020-02-03,38.54999923706055,38.70000076293945,38.0,38.70000076293945,441169
2020-02-04,38.650001525878906,38.70000076293945,38.54999923706055,38.70000076293945,239788
2020-02-05,38.70000076293945,39.04999923706055,38.70000076293945,39.0,309699
2020-02-06,39.0,39.59999847412109,39.0,39.54999923706055,335234
2020-02-07,39.5,39.5,39.04999923706055,39.29999923706055,175937
2020-02-10,39.29999923706055,39.29999923706055,38.95000076293945,39.29999923706055,246216
2020-02-11,39.29999923706055,39.5,39.25,39.45000076293945,229510
2020-02-12,39.45000076293945,39.45000076293945,39.29999923706055,39.34999847412109,131682
2020-02-13,39.34999847412109,39.34999847412109,39.150001525878906,39.150001525878906,79531
2020-02-14,39.150001525878906,39.20000076293945,39.09999847412109,39.150001525878906,105897
2020-02-17,39.20000076293945,39.45000076293945,39.20000076293945,39.29999923706055,120284
2020-02-18,39.34999847412109,39.400001525878906,39.25,39.25,125120
2020-02-19,39.20000076293945,39.45000076293945,39.20000076293945,39.400001525878906,94583
2020-02-20,39.400001525878906,39.54999923706055,39.20000076293945,39.25,203599
2020-02-21,39.0,39.20000076293945,39.0,39.04999923706055,129732
2020-02-24,39.04999923706055,39.04999923706055,38.70000076293945,38.84999847412109,149363
2020-02-25,38.59999847412109,38.75,38.45000076293945,38.70000076293945,200664
2020-02-26,38.59999847412109,38.650001525878906,38.5,38.54999923706055,187762
2020-02-27,38.5,38.59999847412109,38.400001525878906,38.59999847412109,396300
2020-03-02,38.09999847412109,38.5,38.09999847412109,38.29999923706055,413200
2020-03-03,38.59999847412109,38.900001525878906,38.54999923706055,38.54999923706055,127280
2020-03-04,38.54999923706055,38.54999923706055,38.25,38.34999847412109,147777
2020-03-05,38.45000076293945,38.650001525878906,38.45000076293945,38.650001525878906,98929
2020-03-06,38.54999923706055,38.54999923706055,38.29999923706055,38.34999847412109,145478
2020-03-09,38.20000076293945,38.20000076293945,37.150001525878906,37.5,586300
2020-03-10,37.29999923706055,37.5,36.84999847412109,37.400001525878906,561240
2020-03-11,37.45000076293945,37.54999923706055,37.09999847412109,37.150001525878906,246010
2020-03-12,37.0,37.0,35.54999923706055,35.75,897101
2020-03-13,33.650001525878906,34.20000076293945,32.5,34.150001525878906,1087865
2020-03-16,34.20000076293945,34.5,32.70000076293945,32.70000076293945,817038
2020-03-17,30.89999961853028,32.5,30.799999237060547,32.20000076293945,832961
2020-03-18,32.29999923706055,32.849998474121094,31.700000762939453,31.75,509300
2020-03-19,30.75,30.850000381469727,29.299999237060547,30.0,1154188
2020-03-20,30.100000381469727,32.29999923706055,30.100000381469727,31.799999237060547,527545
2020-03-23,30.5,31.0,30.39999961853028,30.700000762939453,490636
2020-03-24,30.700000762939453,31.89999961853028,30.700000762939453,31.549999237060547,279519
2020-03-25,32.599998474121094,33.400001525878906,32.20000076293945,32.29999923706055,506143
2020-03-26,32.75,32.79999923706055,32.29999923706055,32.599998474121094,418126
2020-03-27,32.79999923706055,34.0,32.79999923706055,33.04999923706055,421063
2020-03-30,33.0,33.04999923706055,32.5,32.95000076293945,370338
2020-03-31,33.20000076293945,33.900001525878906,33.20000076293945,33.650001525878906,261538
2020-04-01,33.650001525878906,33.849998474121094,33.29999923706055,33.400001525878906,184758
2020-04-06,33.400001525878906,33.900001525878906,32.95000076293945,33.400001525878906,323809
2020-04-07,33.900001525878906,33.900001525878906,33.04999923706055,33.20000076293945,410471
2020-04-08,33.20000076293945,33.849998474121094,33.20000076293945,33.650001525878906,364449
2020-04-09,33.849998474121094,34.0,33.599998474121094,33.849998474121094,352260
2020-04-10,33.849998474121094,34.45000076293945,33.849998474121094,34.45000076293945,203099
2020-04-13,34.45000076293945,34.45000076293945,34.099998474121094,34.150001525878906,150999
2020-04-14,34.29999923706055,34.75,34.099998474121094,34.599998474121094,248249
2020-04-15,35.29999923706055,35.70000076293945,35.099998474121094,35.54999923706055,346812
2020-04-16,35.599998474121094,36.09999847412109,35.349998474121094,35.5,292235
2020-04-17,35.95000076293945,36.09999847412109,35.29999923706055,35.54999923706055,531298
2020-04-20,35.5,35.79999923706055,35.29999923706055,35.599998474121094,140490
2020-04-21,35.45000076293945,35.45000076293945,34.20000076293945,34.45000076293945,384600
2020-04-22,34.45000076293945,35.20000076293945,33.849998474121094,35.04999923706055,195641
2020-04-23,35.25,35.29999923706055,35.0,35.20000076293945,123461
2020-04-24,35.150001525878906,35.150001525878906,35.0,35.04999923706055,140280
2020-04-27,35.04999923706055,35.54999923706055,35.0,35.5,281622
2020-04-28,35.5,35.900001525878906,35.5,35.900001525878906,131639
2020-04-29,35.900001525878906,36.34999847412109,35.900001525878906,36.29999923706055,235997
2020-04-30,36.70000076293945,36.900001525878906,36.59999847412109,36.84999847412109,250585
2020-05-04,36.59999847412109,36.59999847412109,35.54999923706055,35.79999923706055,504618
2020-05-05,35.79999923706055,36.04999923706055,35.54999923706055,35.849998474121094,157799
2020-05-06,36.0,36.0,35.54999923706055,35.650001525878906,348635
2020-05-07,35.54999923706055,36.0,35.54999923706055,36.0,110290
2020-05-08,36.0,36.09999847412109,35.849998474121094,36.04999923706055,313894
2020-05-11,36.09999847412109,36.25,36.04999923706055,36.09999847412109,254500
2020-05-12,36.04999923706055,36.04999923706055,35.599998474121094,35.75,247850
2020-05-13,35.75,35.849998474121094,35.5,35.79999923706055,95127
2020-05-14,35.45000076293945,35.599998474121094,35.29999923706055,35.400001525878906,229423
2020-05-15,35.400001525878906,35.400001525878906,35.20000076293945,35.20000076293945,292700
2020-05-18,35.20000076293945,35.79999923706055,35.20000076293945,35.54999923706055,191255
2020-05-19,36.25,36.25,35.599998474121094,36.09999847412109,140451
2020-05-20,36.09999847412109,36.25,36.04999923706055,36.04999923706055,219302
2020-05-21,36.04999923706055,36.04999923706055,35.95000076293945,36.0,146002
2020-05-22,36.0,36.0,35.29999923706055,35.29999923706055,306038
2020-05-25,35.349998474121094,35.5,35.0,35.349998474121094,350527
2020-05-26,35.349998474121094,35.849998474121094,35.349998474121094,35.79999923706055,192048
2020-05-27,36.0,36.0,35.650001525878906,35.849998474121094,160166
2020-05-28,35.849998474121094,36.0,35.400001525878906,35.79999923706055,173187
2020-05-29,35.79999923706055,35.849998474121094,35.650001525878906,35.650001525878906,108100
2020-06-01,35.650001525878906,35.95000076293945,35.650001525878906,35.70000076293945,232555
2020-06-02,35.70000076293945,35.900001525878906,35.650001525878906,35.650001525878906,159500
2020-06-03,35.70000076293945,36.29999923706055,35.650001525878906,35.900001525878906,311200
2020-06-04,35.900001525878906,36.400001525878906,35.70000076293945,35.75,464457
2020-06-05,35.79999923706055,35.900001525878906,35.599998474121094,35.849998474121094,404443
2020-06-08,35.849998474121094,36.29999923706055,35.849998474121094,36.25,288047
2020-06-09,36.29999923706055,36.75,36.25,36.5,307327
2020-06-10,36.5,36.79999923706055,36.400001525878906,36.5,218352
2020-06-11,36.5,36.59999847412109,35.849998474121094,35.900001525878906,256415
2020-06-12,35.20000076293945,35.45000076293945,35.0,35.400001525878906,433500
2020-06-15,35.45000076293945,35.599998474121094,35.20000076293945,35.400001525878906,208840
2020-06-16,35.75,35.900001525878906,35.5,35.70000076293945,190237
2020-06-17,35.79999923706055,35.95000076293945,35.650001525878906,35.95000076293945,151271
2020-06-18,36.0,36.150001525878906,35.79999923706055,36.0,75300
2020-06-19,36.0,36.04999923706055,35.849998474121094,35.849998474121094,122280
2020-06-22,35.849998474121094,36.0,35.849998474121094,36.0,55303
2020-06-23,36.20000076293945,36.20000076293945,35.5,35.849998474121094,273335
2020-06-24,35.849998474121094,36.0,35.849998474121094,35.900001525878906,149160
2020-06-29,35.900001525878906,35.900001525878906,35.70000076293945,35.75,167298
2020-06-30,35.75,35.79999923706055,35.70000076293945,35.70000076293945,114210
2020-07-01,35.70000076293945,36.04999923706055,35.70000076293945,36.0,137080
2020-07-02,35.900001525878906,36.09999847412109,35.900001525878906,36.04999923706055,128365
2020-07-03,36.04999923706055,36.20000076293945,35.95000076293945,36.09999847412109,166129
2020-07-06,36.09999847412109,36.95000076293945,36.09999847412109,36.75,215982
2020-07-07,36.79999923706055,36.84999847412109,36.45000076293945,36.54999923706055,207586
2020-07-08,36.400001525878906,36.59999847412109,36.25,36.29999923706055,198856
2020-07-09,36.5,36.59999847412109,36.400001525878906,36.54999923706055,92605
2020-07-10,36.54999923706055,36.54999923706055,36.150001525878906,36.25,152200
2020-07-13,36.54999923706055,36.54999923706055,36.150001525878906,36.45000076293945,148015
2020-07-14,36.400001525878906,36.45000076293945,36.20000076293945,36.34999847412109,119200
2020-07-15,36.34999847412109,36.84999847412109,36.20000076293945,36.70000076293945,312616
2020-07-16,36.59999847412109,36.70000076293945,36.54999923706055,36.59999847412109,81865
2020-07-17,36.650001525878906,36.650001525878906,36.45000076293945,36.5,92824
2020-07-20,36.54999923706055,36.59999847412109,36.20000076293945,36.20000076293945,220501
2020-07-21,36.5,36.79999923706055,36.04999923706055,36.20000076293945,843200
2020-07-22,36.45000076293945,36.54999923706055,36.29999923706055,36.45000076293945,119960
2020-07-23,36.5,36.650001525878906,36.5,36.59999847412109,126486
2020-07-24,36.59999847412109,36.75,36.34999847412109,36.45000076293945,211153
2020-07-27,36.400001525878906,36.45000076293945,36.09999847412109,36.09999847412109,319734
2020-07-28,36.0,36.150001525878906,35.849998474121094,35.95000076293945,459207
2020-07-29,35.95000076293945,36.400001525878906,35.900001525878906,36.20000076293945,707768
2020-07-30,34.70000076293945,34.75,34.45000076293945,34.5,615450
2020-07-31,34.5,34.54999923706055,34.150001525878906,34.25,341641
2020-08-03,34.25,34.25,33.849998474121094,33.900001525878906,338516
2020-08-04,34.0,34.29999923706055,33.849998474121094,34.04999923706055,247272
2020-08-05,34.04999923706055,34.20000076293945,34.04999923706055,34.20000076293945,142419
2020-08-06,34.25,34.25,34.04999923706055,34.25,209765
2020-08-07,34.25,34.25,34.099998474121094,34.099998474121094,174500
2020-08-10,34.20000076293945,34.349998474121094,34.04999923706055,34.25,116580
2020-08-11,34.29999923706055,34.349998474121094,34.150001525878906,34.20000076293945,86938
2020-08-12,34.20000076293945,34.349998474121094,34.150001525878906,34.349998474121094,113852
2020-08-13,34.349998474121094,34.45000076293945,34.25,34.45000076293945,224235
2020-08-14,34.45000076293945,34.5,34.29999923706055,34.45000076293945,102000
2020-08-17,34.5,34.54999923706055,34.45000076293945,34.5,216550
2020-08-18,34.54999923706055,34.54999923706055,34.45000076293945,34.54999923706055,206105
2020-08-19,34.599998474121094,35.0,34.599998474121094,34.900001525878906,256553
2020-08-20,35.0,35.400001525878906,34.0,34.150001525878906,616453
2020-08-21,34.400001525878906,35.099998474121094,34.29999923706055,35.0,266423
2020-08-24,35.0,35.04999923706055,34.599998474121094,34.79999923706055,273249
2020-08-25,34.95000076293945,35.349998474121094,34.95000076293945,35.099998474121094,176150
2020-08-26,35.099998474121094,35.349998474121094,35.099998474121094,35.25,67826
2020-08-27,35.29999923706055,35.400001525878906,35.25,35.29999923706055,153800
2020-08-28,35.29999923706055,35.54999923706055,35.25,35.25,151315
2020-08-31,35.5,35.5,35.29999923706055,35.29999923706055,132468
2020-09-01,35.400001525878906,35.5,35.29999923706055,35.45000076293945,150451
2020-09-02,35.400001525878906,35.45000076293945,35.150001525878906,35.29999923706055,124008
2020-09-03,35.20000076293945,35.45000076293945,35.099998474121094,35.150001525878906,137400
2020-09-04,35.0,35.04999923706055,34.849998474121094,35.04999923706055,95029
2020-09-07,35.04999923706055,35.20000076293945,35.0,35.099998474121094,71063
2020-09-08,35.099998474121094,35.25,35.0,35.25,49911
2020-09-09,35.0,35.29999923706055,34.95000076293945,35.29999923706055,111029
2020-09-10,35.45000076293945,35.45000076293945,35.29999923706055,35.349998474121094,54426
2020-09-11,35.349998474121094,35.45000076293945,35.29999923706055,35.400001525878906,138290
2020-09-14,35.400001525878906,35.45000076293945,35.29999923706055,35.45000076293945,126828
2020-09-15,35.45000076293945,35.45000076293945,35.29999923706055,35.400001525878906,73200
2020-09-16,35.29999923706055,35.400001525878906,35.20000076293945,35.349998474121094,72634
2020-09-17,35.400001525878906,35.45000076293945,35.25,35.29999923706055,45000
2020-09-18,35.349998474121094,35.45000076293945,35.349998474121094,35.45000076293945,80462
2020-09-21,35.5,35.79999923706055,35.5,35.54999923706055,330559
2020-09-22,35.45000076293945,35.70000076293945,35.25,35.29999923706055,202604
2020-09-23,35.349998474121094,35.349998474121094,35.0,35.150001525878906,209388
2020-09-24,35.099998474121094,35.099998474121094,34.349998474121094,34.5,294932
2020-09-25,34.54999923706055,34.70000076293945,34.54999923706055,34.650001525878906,131984
2020-09-28,34.650001525878906,34.849998474121094,34.650001525878906,34.79999923706055,33799
2020-09-29,34.900001525878906,35.04999923706055,34.900001525878906,35.0,90007
2020-09-30,34.900001525878906,35.20000076293945,34.900001525878906,35.0,52587
2020-10-05,34.79999923706055,35.099998474121094,34.75,35.099998474121094,66650
2020-10-06,35.29999923706055,35.70000076293945,35.25,35.70000076293945,214616
2020-10-07,35.650001525878906,35.79999923706055,35.45000076293945,35.79999923706055,89500
2020-10-08,35.75,35.79999923706055,35.650001525878906,35.79999923706055,123042
2020-10-12,35.79999923706055,35.79999923706055,35.70000076293945,35.79999923706055,116800
2020-10-13,35.79999923706055,35.849998474121094,35.349998474121094,35.400001525878906,242643
2020-10-14,35.400001525878906,35.54999923706055,35.29999923706055,35.45000076293945,65151
2020-10-15,35.45000076293945,35.70000076293945,35.45000076293945,35.599998474121094,67686
2020-10-16,35.599998474121094,35.599998474121094,35.5,35.599998474121094,77012
2020-10-19,35.400001525878906,35.900001525878906,35.400001525878906,35.900001525878906,265901
2020-10-20,35.79999923706055,36.0,35.20000076293945,35.20000076293945,222400
2020-10-21,35.5,35.900001525878906,35.5,35.900001525878906,107370
2020-10-22,35.79999923706055,36.150001525878906,35.75,36.0,132127
2020-10-23,35.95000076293945,36.0,35.70000076293945,35.900001525878906,83458
2020-10-26,35.900001525878906,35.900001525878906,35.75,35.849998474121094,93001
2020-10-27,35.900001525878906,36.0,35.900001525878906,36.0,122395
2020-10-28,36.0,36.09999847412109,36.0,36.04999923706055,136000
2020-10-29,35.95000076293945,36.09999847412109,35.79999923706055,36.04999923706055,78838
2020-10-30,36.04999923706055,36.09999847412109,35.79999923706055,36.0,131000
2020-11-02,36.0,36.25,35.95000076293945,36.25,158027
2020-11-03,36.25,36.95000076293945,36.25,36.45000076293945,272054
2020-11-04,36.45000076293945,36.900001525878906,36.45000076293945,36.84999847412109,279403
2020-11-05,37.0,37.34999847412109,37.0,37.25,185419
2020-11-06,37.25,37.400001525878906,37.150001525878906,37.34999847412109,105209
2020-11-09,37.70000076293945,37.95000076293945,37.400001525878906,37.54999923706055,197274
2020-11-10,37.54999923706055,37.95000076293945,37.54999923706055,37.70000076293945,202130
2020-11-11,37.70000076293945,38.59999847412109,37.70000076293945,38.34999847412109,337880
2020-11-12,38.34999847412109,38.34999847412109,38.0,38.25,323397
2020-11-13,38.25,38.29999923706055,38.04999923706055,38.09999847412109,117124
2020-11-16,38.04999923706055,38.34999847412109,38.04999923706055,38.29999923706055,196234
2020-11-17,38.75,38.79999923706055,38.25,38.75,410307
2020-11-18,38.95000076293945,38.95000076293945,38.75,38.75,296832
2020-11-19,38.75,38.75,38.5,38.54999923706055,119303
2020-11-20,38.59999847412109,38.70000076293945,38.5,38.70000076293945,161925
2020-11-23,38.84999847412109,38.95000076293945,38.70000076293945,38.70000076293945,107550
2020-11-24,38.75,38.75,38.54999923706055,38.650001525878906,89444
2020-11-25,38.650001525878906,38.84999847412109,38.54999923706055,38.79999923706055,156500
2020-11-26,38.79999923706055,39.0,38.59999847412109,38.900001525878906,225526
2020-11-27,38.650001525878906,39.0,38.650001525878906,38.84999847412109,69100
2020-11-30,38.900001525878906,39.04999923706055,38.900001525878906,38.95000076293945,165150
2020-12-01,39.09999847412109,39.09999847412109,38.650001525878906,38.900001525878906,82078
2020-12-02,38.79999923706055,38.95000076293945,38.75,38.79999923706055,119028
2020-12-03,38.59999847412109,38.75,38.59999847412109,38.75,96205
2020-12-04,38.79999923706055,38.900001525878906,38.75,38.900001525878906,144165
2020-12-07,38.900001525878906,38.900001525878906,38.59999847412109,38.650001525878906,123357
2020-12-08,38.59999847412109,38.59999847412109,38.25,38.29999923706055,222599
2020-12-09,38.29999923706055,38.45000076293945,38.09999847412109,38.45000076293945,177573
2020-12-10,38.29999923706055,38.59999847412109,38.29999923706055,38.5,142446
2020-12-11,38.34999847412109,38.70000076293945,38.34999847412109,38.5,88206
2020-12-14,38.70000076293945,38.75,38.20000076293945,38.54999923706055,130514
2020-12-15,38.25,38.25,38.04999923706055,38.150001525878906,208550
2020-12-16,38.150001525878906,38.70000076293945,38.09999847412109,38.70000076293945,214204
2020-12-17,38.5,38.5,38.09999847412109,38.400001525878906,125100
2020-12-18,38.400001525878906,38.400001525878906,38.150001525878906,38.20000076293945,117263
2020-12-21,38.20000076293945,38.5,38.09999847412109,38.5,114300
2020-12-22,38.20000076293945,38.34999847412109,38.0,38.04999923706055,232733
2020-12-23,38.09999847412109,38.09999847412109,38.0,38.04999923706055,69150
2020-12-24,38.04999923706055,38.34999847412109,38.04999923706055,38.34999847412109,35233
2020-12-25,38.34999847412109,38.34999847412109,38.09999847412109,38.25,51840
2020-12-28,38.25,38.5,38.04999923706055,38.45000076293945,200325
2020-12-29,38.5,38.70000076293945,38.29999923706055,38.5,45227
2020-12-30,38.54999923706055,38.650001525878906,38.5,38.650001525878906,171201
2020-12-31,38.650001525878906,38.650001525878906,38.5,38.650001525878906,101000
2021-01-04,38.5,38.54999923706055,38.29999923706055,38.54999923706055,171971
2021-01-05,38.5,38.5,38.34999847412109,38.34999847412109,143225
2021-01-06,38.29999923706055,38.29999923706055,38.04999923706055,38.04999923706055,280346
2021-01-07,38.400001525878906,38.400001525878906,38.09999847412109,38.20000076293945,117131
2021-01-08,38.20000076293945,38.34999847412109,38.20000076293945,38.25,268500
2021-01-11,38.20000076293945,38.34999847412109,38.09999847412109,38.29999923706055,336364
2021-01-12,38.29999923706055,38.29999923706055,38.0,38.150001525878906,257505
2021-01-13,38.150001525878906,38.45000076293945,38.0,38.150001525878906,213412
2021-01-14,38.45000076293945,38.45000076293945,38.09999847412109,38.400001525878906,86431
2021-01-15,38.20000076293945,38.45000076293945,37.75,37.900001525878906,203271
2021-01-18,37.75,37.75,37.45000076293945,37.59999847412109,181138
2021-01-19,37.5,37.70000076293945,37.5,37.59999847412109,93371
2021-01-20,37.59999847412109,37.59999847412109,36.59999847412109,36.650001525878906,401200
2021-01-21,36.650001525878906,37.400001525878906,36.650001525878906,37.0,194000
2021-01-22,37.34999847412109,37.34999847412109,36.84999847412109,37.0,95001
2021-01-25,37.0,37.20000076293945,36.84999847412109,37.09999847412109,139352
2021-01-26,37.29999923706055,37.34999847412109,36.900001525878906,36.900001525878906,163305
2021-01-27,36.900001525878906,37.20000076293945,36.900001525878906,37.09999847412109,276016
2021-01-28,36.900001525878906,37.0,36.70000076293945,36.79999923706055,165100
2021-01-29,36.75,36.75,36.5,36.54999923706055,239103
2021-02-01,36.54999923706055,37.04999923706055,36.54999923706055,36.650001525878906,151228
2021-02-02,36.59999847412109,36.95000076293945,36.54999923706055,36.70000076293945,285200
2021-02-03,36.79999923706055,36.900001525878906,36.70000076293945,36.84999847412109,81334
2021-02-04,36.70000076293945,37.09999847412109,36.70000076293945,36.70000076293945,157000
2021-02-05,37.0,37.09999847412109,36.75,37.0,171027
2021-02-17,37.09999847412109,37.75,37.04999923706055,37.70000076293945,242002
2021-02-18,37.70000076293945,38.400001525878906,37.400001525878906,38.400001525878906,224052
2021-02-19,38.400001525878906,38.400001525878906,38.04999923706055,38.20000076293945,113166
2021-02-22,38.20000076293945,38.5,38.20000076293945,38.34999847412109,103324
2021-02-23,38.5,39.04999923706055,38.5,38.95000076293945,387808
2021-02-24,38.95000076293945,39.09999847412109,38.75,38.79999923706055,171357
2021-02-25,39.0,39.0,38.79999923706055,39.0,274739
2021-02-26,38.900001525878906,38.900001525878906,38.04999923706055,38.29999923706055,302559
2021-03-02,38.5,38.5,38.150001525878906,38.150001525878906,416589
2021-03-03,38.5,38.5,38.09999847412109,38.34999847412109,128775
2021-03-04,38.34999847412109,38.59999847412109,38.25,38.59999847412109,164101
2021-03-05,38.59999847412109,38.84999847412109,38.25,38.84999847412109,123500
2021-03-08,38.84999847412109,39.34999847412109,38.84999847412109,38.900001525878906,372586
2021-03-09,39.0,39.900001525878906,38.95000076293945,39.84999847412109,527607
2021-03-10,39.900001525878906,39.900001525878906,39.29999923706055,39.5,191101
2021-03-11,39.5,39.95000076293945,39.5,39.70000076293945,219035
2021-03-12,39.75,40.09999847412109,39.59999847412109,39.79999923706055,323155
2021-03-15,39.79999923706055,39.95000076293945,39.79999923706055,39.900001525878906,203411
2021-03-16,39.900001525878906,39.900001525878906,39.34999847412109,39.70000076293945,233200
2021-03-17,39.54999923706055,39.59999847412109,39.400001525878906,39.54999923706055,176063
2021-03-18,39.400001525878906,39.70000076293945,39.400001525878906,39.650001525878906,112073
2021-03-19,39.54999923706055,39.54999923706055,38.95000076293945,39.20000076293945,192206
2021-03-22,39.20000076293945,39.20000076293945,38.95000076293945,39.150001525878906,212000
2021-03-23,39.09999847412109,39.150001525878906,38.95000076293945,39.0,218495
2021-03-24,39.04999923706055,39.34999847412109,38.95000076293945,38.95000076293945,186231
2021-03-25,39.20000076293945,39.20000076293945,38.95000076293945,38.95000076293945,134000
2021-03-26,39.04999923706055,39.400001525878906,39.04999923706055,39.400001525878906,145126
2021-03-29,39.5,39.59999847412109,39.34999847412109,39.400001525878906,176053
2021-03-30,39.45000076293945,39.5,39.20000076293945,39.5,177000
2021-03-31,39.400001525878906,40.04999923706055,39.400001525878906,40.0,346000
2021-04-01,40.0,40.0,39.650001525878906,39.900001525878906,160000
2021-04-07,39.75,39.79999923706055,39.650001525878906,39.70000076293945,178001
2021-04-08,39.650001525878906,39.70000076293945,39.54999923706055,39.650001525878906,129000
2021-04-09,39.59999847412109,39.70000076293945,39.5,39.59999847412109,164600
2021-04-12,39.54999923706055,39.900001525878906,39.54999923706055,39.70000076293945,265301
2021-04-13,39.79999923706055,40.25,39.79999923706055,40.0,478074
2021-04-14,40.0,40.0,39.59999847412109,39.900001525878906,182000
2021-04-15,39.900001525878906,39.900001525878906,39.59999847412109,39.75,127000
2021-04-16,39.900001525878906,40.0,39.59999847412109,40.0,222912
2021-04-19,40.09999847412109,40.79999923706055,40.0,40.75,445502
2021-04-20,40.75,40.79999923706055,40.20000076293945,40.79999923706055,234361
2021-04-21,40.70000076293945,40.84999847412109,40.5,40.70000076293945,185137
2021-04-22,41.0,41.25,40.79999923706055,40.84999847412109,468926
2021-04-23,40.900001525878906,42.09999847412109,40.79999923706055,41.400001525878906,938389
2021-04-26,41.54999923706055,41.84999847412109,41.400001525878906,41.650001525878906,355647
2021-04-27,41.79999923706055,41.79999923706055,41.29999923706055,41.59999847412109,196101
2021-04-28,41.400001525878906,41.59999847412109,41.20000076293945,41.59999847412109,287530
2021-04-29,41.400001525878906,41.79999923706055,41.34999847412109,41.59999847412109,153250
2021-05-03,41.400001525878906,41.59999847412109,40.84999847412109,40.84999847412109,281269
2021-05-04,40.84999847412109,41.150001525878906,38.79999923706055,40.04999923706055,516113
2021-05-05,40.04999923706055,40.29999923706055,39.650001525878906,40.04999923706055,197012
2021-05-06,40.150001525878906,40.84999847412109,40.04999923706055,40.150001525878906,222691
2021-05-07,40.45000076293945,40.650001525878906,40.29999923706055,40.650001525878906,217858
2021-05-10,40.75,41.0,40.70000076293945,40.84999847412109,374329
2021-05-11,40.84999847412109,40.95000076293945,39.900001525878906,40.04999923706055,408639
2021-05-12,39.900001525878906,39.900001525878906,38.04999923706055,39.0,720840
2021-05-13,38.5,39.0,37.84999847412109,38.95000076293945,632136
2021-05-14,39.0,39.75,39.0,39.34999847412109,419076
2021-05-17,38.09999847412109,39.5,38.0,38.400001525878906,567402
2021-05-18,38.400001525878906,39.75,38.400001525878906,39.650001525878906,399585
2021-05-19,39.650001525878906,39.650001525878906,39.20000076293945,39.400001525878906,147500
2021-05-20,39.400001525878906,39.59999847412109,38.75,39.34999847412109,285366
2021-05-21,39.54999923706055,39.84999847412109,39.400001525878906,39.5,175327
2021-05-24,39.34999847412109,39.400001525878906,39.0,39.29999923706055,147190
2021-05-25,39.25,39.900001525878906,39.25,39.650001525878906,103560
2021-05-26,39.5,39.70000076293945,39.400001525878906,39.70000076293945,206366
2021-05-27,39.5,39.84999847412109,39.29999923706055,39.79999923706055,246010
2021-05-28,39.79999923706055,39.95000076293945,39.75,39.79999923706055,82000
2021-05-31,39.79999923706055,39.900001525878906,39.5,39.900001525878906,119691
2021-06-01,39.84999847412109,40.0,39.70000076293945,40.0,45052
2021-06-02,39.900001525878906,40.09999847412109,39.75,39.900001525878906,116060
2021-06-03,40.0,40.04999923706055,39.84999847412109,40.04999923706055,124415
2021-06-04,40.0,40.0,39.70000076293945,39.75,110768
2021-06-07,39.75,39.75,39.20000076293945,39.650001525878906,187125
2021-06-08,39.75,39.79999923706055,39.650001525878906,39.650001525878906,149500
2021-06-09,39.79999923706055,39.79999923706055,39.59999847412109,39.650001525878906,65210
2021-06-10,39.70000076293945,39.900001525878906,39.650001525878906,39.84999847412109,86000
2021-06-11,39.84999847412109,40.0,39.84999847412109,39.900001525878906,84090
2021-06-15,39.900001525878906,40.20000076293945,39.84999847412109,40.09999847412109,241271
2021-06-16,40.09999847412109,40.20000076293945,39.900001525878906,39.900001525878906,247301
2021-06-17,39.900001525878906,40.20000076293945,39.900001525878906,40.150001525878906,119436
2021-06-18,40.20000076293945,40.20000076293945,39.900001525878906,40.0,102800
2021-06-21,39.95000076293945,40.04999923706055,39.54999923706055,39.59999847412109,284100
2021-06-22,39.900001525878906,40.25,39.900001525878906,40.20000076293945,392529
2021-06-23,40.20000076293945,40.54999923706055,40.20000076293945,40.29999923706055,207261
2021-06-24,40.25,40.45000076293945,40.25,40.45000076293945,97293
2021-06-25,40.54999923706055,40.54999923706055,40.150001525878906,40.34999847412109,127100
2021-06-28,40.34999847412109,40.400001525878906,39.95000076293945,40.29999923706055,383500
2021-06-29,40.29999923706055,40.400001525878906,39.75,39.900001525878906,854200
2021-06-30,39.900001525878906,40.34999847412109,39.900001525878906,40.150001525878906,246941
2021-07-01,40.45000076293945,40.84999847412109,40.20000076293945,40.75,506250
2021-07-02,40.75,41.5,40.70000076293945,41.5,533868
2021-07-05,41.900001525878906,42.25,41.650001525878906,42.150001525878906,736056
2021-07-06,42.25,42.400001525878906,42.150001525878906,42.29999923706055,270153
2021-07-07,42.29999923706055,42.79999923706055,41.54999923706055,42.70000076293945,448320
2021-07-08,43.09999847412109,43.09999847412109,42.70000076293945,42.79999923706055,190962
2021-07-09,42.54999923706055,42.54999923706055,42.04999923706055,42.29999923706055,239272
2021-07-12,42.29999923706055,42.5,42.04999923706055,42.150001525878906,269085
2021-07-13,42.150001525878906,42.150001525878906,41.5,41.59999847412109,211496
2021-07-14,42.0,42.09999847412109,41.650001525878906,42.0,260054
2021-07-15,42.20000076293945,42.5,42.04999923706055,42.25,502018
2021-07-16,42.20000076293945,42.54999923706055,42.0,42.45000076293945,273347
2021-07-19,42.5,42.70000076293945,42.09999847412109,42.5,212170
2021-07-20,42.20000076293945,42.54999923706055,42.09999847412109,42.20000076293945,132214
2021-07-21,42.20000076293945,42.84999847412109,42.150001525878906,42.29999923706055,293283
2021-07-22,42.5,43.59999847412109,42.5,43.400001525878906,1155475
2021-07-23,43.45000076293945,43.45000076293945,42.95000076293945,43.20000076293945,317478
2021-07-26,43.20000076293945,43.400001525878906,42.900001525878906,43.25,545101
2021-07-27,43.25,43.25,42.75,43.09999847412109,456627
2021-07-28,41.0,42.45000076293945,40.900001525878906,42.150001525878906,485200
2021-07-29,42.150001525878906,42.34999847412109,41.650001525878906,42.09999847412109,195023
2021-07-30,41.79999923706055,41.95000076293945,41.400001525878906,41.59999847412109,218101
2021-08-02,41.59999847412109,42.09999847412109,41.59999847412109,41.79999923706055,153050
2021-08-03,41.79999923706055,42.0,41.79999923706055,41.84999847412109,100050
2021-08-04,41.84999847412109,42.09999847412109,41.29999923706055,41.400001525878906,313348
2021-08-05,41.45000076293945,41.5,41.400001525878906,41.400001525878906,93050
2021-08-06,41.400001525878906,41.54999923706055,41.29999923706055,41.45000076293945,149093
2021-08-09,41.45000076293945,41.59999847412109,41.150001525878906,41.59999847412109,101072
2021-08-10,41.5,41.59999847412109,41.5,41.59999847412109,76210
2021-08-11,41.59999847412109,42.04999923706055,41.59999847412109,42.0,175362
2021-08-12,42.04999923706055,42.09999847412109,41.75,41.84999847412109,122036
2021-08-13,41.75,42.09999847412109,41.75,41.900001525878906,70877
2021-08-16,41.95000076293945,42.0,41.45000076293945,41.45000076293945,276071
2021-08-17,41.45000076293945,41.45000076293945,41.45000076293945,41.45000076293945,0
2021-08-18,41.54999923706055,42.09999847412109,41.54999923706055,42.0,186105
2021-08-19,42.150001525878906,42.79999923706055,42.150001525878906,42.20000076293945,356572
2021-08-20,42.54999923706055,42.54999923706055,41.79999923706055,42.04999923706055,142250
2021-08-23,42.400001525878906,42.5,42.25,42.29999923706055,135614
2021-08-24,42.29999923706055,42.400001525878906,42.09999847412109,42.25,65150
2021-08-25,42.25,42.25,42.04999923706055,42.25,80139
2021-08-26,42.20000076293945,42.34999847412109,42.150001525878906,42.29999923706055,143000
2021-08-27,42.34999847412109,42.95000076293945,42.29999923706055,42.79999923706055,153000
2021-08-30,43.09999847412109,43.900001525878906,43.09999847412109,43.5,272474
2021-08-31,43.5,44.34999847412109,43.20000076293945,43.79999923706055,302614
2021-09-01,43.75,45.0,43.75,44.650001525878906,272221
2021-09-02,44.70000076293945,44.70000076293945,44.150001525878906,44.150001525878906,312113
2021-09-03,44.59999847412109,44.79999923706055,44.20000076293945,44.75,199553
2021-09-06,44.75,44.75,43.650001525878906,43.70000076293945,338223
2021-09-07,44.0,44.0,43.5,43.79999923706055,136000
2021-09-08,43.75,43.75,43.20000076293945,43.25,180100
2021-09-09,43.09999847412109,43.84999847412109,43.0,43.29999923706055,182000
2021-09-10,43.5,43.70000076293945,43.20000076293945,43.70000076293945,109068
2021-09-13,43.70000076293945,44.150001525878906,43.650001525878906,44.09999847412109,117642
2021-09-14,44.45000076293945,44.5,44.20000076293945,44.45000076293945,102793
2021-09-15,44.79999923706055,44.79999923706055,44.0,44.0,120000
2021-09-16,44.45000076293945,44.45000076293945,43.84999847412109,44.400001525878906,95050
2021-09-17,44.20000076293945,44.59999847412109,44.0,44.34999847412109,141001
2021-09-22,44.29999923706055,44.29999923706055,43.70000076293945,44.09999847412109,351223
2021-09-23,44.150001525878906,45.0,44.09999847412109,44.79999923706055,224044
2021-09-24,45.0,45.150001525878906,44.54999923706055,44.75,162246
2021-09-27,44.75,45.150001525878906,44.650001525878906,44.70000076293945,191478
2021-09-28,44.70000076293945,44.84999847412109,44.400001525878906,44.70000076293945,157060
2021-09-29,44.54999923706055,44.54999923706055,44.20000076293945,44.25,157149
2021-09-30,44.25,44.900001525878906,44.09999847412109,44.59999847412109,136025
2021-10-01,44.20000076293945,44.59999847412109,43.95000076293945,44.0,247014
2021-10-04,44.09999847412109,44.09999847412109,43.79999923706055,43.79999923706055,75000
2021-10-05,43.650001525878906,43.650001525878906,43.09999847412109,43.5,125100
2021-10-06,43.5,43.54999923706055,43.34999847412109,43.34999847412109,96100
2021-10-07,43.5,44.25,43.5,44.09999847412109,180022
2021-10-08,44.09999847412109,44.45000076293945,44.09999847412109,44.34999847412109,41067
2021-10-12,44.29999923706055,44.54999923706055,43.84999847412109,44.29999923706055,191487
2021-10-13,44.5,44.5,44.04999923706055,44.25,118000
2021-10-14,44.29999923706055,44.59999847412109,44.29999923706055,44.5,188001
2021-10-15,44.70000076293945,45.45000076293945,44.70000076293945,45.29999923706055,300650
2021-10-18,45.34999847412109,46.650001525878906,45.34999847412109,46.400001525878906,449533
2021-10-19,46.400001525878906,46.79999923706055,45.84999847412109,46.25,228121
2021-10-20,46.25,46.45000076293945,46.04999923706055,46.29999923706055,157344
2021-10-21,46.34999847412109,46.400001525878906,44.650001525878906,44.650001525878906,521341
2021-10-22,45.79999923706055,45.79999923706055,44.84999847412109,44.900001525878906,526249
2021-10-25,44.70000076293945,45.400001525878906,44.70000076293945,45.20000076293945,105388
2021-10-26,45.650001525878906,45.79999923706055,45.34999847412109,45.75,125006
2021-10-27,45.75,46.29999923706055,45.75,46.29999923706055,140107
2021-10-28,46.09999847412109,46.20000076293945,45.95000076293945,46.20000076293945,64484
2021-10-29,46.09999847412109,46.09999847412109,45.95000076293945,46.09999847412109,169086
2021-11-01,46.09999847412109,46.20000076293945,45.84999847412109,46.150001525878906,65752
2021-11-02,46.150001525878906,46.150001525878906,45.59999847412109,45.59999847412109,174150
2021-11-03,46.20000076293945,47.04999923706055,46.0,46.95000076293945,416417
2021-11-04,46.95000076293945,47.75,46.59999847412109,46.900001525878906,172214
2021-11-05,46.79999923706055,47.150001525878906,46.0,46.900001525878906,334014
2021-11-08,46.900001525878906,48.400001525878906,46.900001525878906,48.400001525878906,519266
2021-11-09,48.400001525878906,48.5,47.70000076293945,48.400001525878906,308369
2021-11-10,48.09999847412109,48.29999923706055,47.75,48.0,183062
2021-11-11,48.0,48.34999847412109,47.95000076293945,48.34999847412109,124006
2021-11-12,48.70000076293945,48.70000076293945,48.25,48.5,120005
2021-11-15,48.650001525878906,48.79999923706055,48.29999923706055,48.650001525878906,142106
2021-11-16,48.650001525878906,49.5,48.0,49.0,317714
2021-11-17,48.75,49.25,48.75,49.0,204000
2021-11-18,49.20000076293945,49.45000076293945,49.09999847412109,49.09999847412109,176100
2021-11-19,49.09999847412109,49.09999847412109,48.75,48.900001525878906,76126
2021-11-22,48.900001525878906,48.900001525878906,48.650001525878906,48.900001525878906,45090
2021-11-23,48.900001525878906,49.20000076293945,48.04999923706055,48.34999847412109,182457
2021-11-24,48.34999847412109,49.150001525878906,48.34999847412109,49.0,164825
2021-11-25,48.5,48.54999923706055,48.09999847412109,48.29999923706055,250133
2021-11-26,48.09999847412109,48.20000076293945,47.70000076293945,47.79999923706055,184276
2021-11-29,47.79999923706055,47.79999923706055,47.0,47.45000076293945,195785
2021-11-30,47.95000076293945,48.09999847412109,47.0,47.0,241100
2021-12-01,47.0,47.900001525878906,47.0,47.70000076293945,67033
2021-12-02,47.70000076293945,47.70000076293945,47.400001525878906,47.400001525878906,30300
2021-12-03,47.400001525878906,47.5,47.150001525878906,47.400001525878906,116000
2021-12-06,47.400001525878906,47.400001525878906,47.0,47.25,102500
2021-12-07,47.09999847412109,47.5,47.09999847412109,47.400001525878906,89100
2021-12-08,47.5,47.95000076293945,47.5,47.84999847412109,192309
2021-12-09,47.79999923706055,48.0,47.70000076293945,47.79999923706055,59093
2021-12-10,47.79999923706055,47.79999923706055,47.150001525878906,47.59999847412109,78000
2021-12-13,47.650001525878906,47.650001525878906,47.25,47.29999923706055,92100
2021-12-14,47.150001525878906,47.150001525878906,46.70000076293945,46.70000076293945,161000
2021-12-15,46.70000076293945,46.70000076293945,46.34999847412109,46.400001525878906,136199
2021-12-16,46.54999923706055,46.79999923706055,46.400001525878906,46.79999923706055,87000
2021-12-17,46.70000076293945,46.79999923706055,46.59999847412109,46.79999923706055,91000
2021-12-20,46.79999923706055,46.84999847412109,46.5,46.59999847412109,203100
2021-12-21,46.59999847412109,46.70000076293945,46.34999847412109,46.5,312615
2021-12-22,46.59999847412109,46.59999847412109,46.45000076293945,46.5,76100
2021-12-23,46.5,46.75,46.5,46.650001525878906,78001
2021-12-24,46.59999847412109,47.150001525878906,46.59999847412109,46.79999923706055,84003
2021-12-27,46.79999923706055,47.20000076293945,46.79999923706055,47.20000076293945,76000
2021-12-28,47.5,47.59999847412109,47.09999847412109,47.20000076293945,178001
2021-12-29,47.20000076293945,48.0,47.09999847412109,47.5,328000
2021-12-30,47.54999923706055,47.54999923706055,47.20000076293945,47.5,169428
2022-01-03,47.54999923706055,47.54999923706055,47.0,47.09999847412109,181050
2022-01-04,47.20000076293945,47.29999923706055,47.0,47.150001525878906,87042
2022-01-05,47.0,47.20000076293945,47.0,47.150001525878906,230002
2022-01-06,47.150001525878906,47.29999923706055,47.150001525878906,47.29999923706055,54200
2022-01-07,47.34999847412109,48.0,47.34999847412109,47.650001525878906,190300
2022-01-10,47.59999847412109,48.04999923706055,47.5,48.0,136189
2022-01-11,48.29999923706055,48.95000076293945,48.29999923706055,48.59999847412109,272190
2022-01-12,48.900001525878906,48.900001525878906,48.29999923706055,48.79999923706055,134100
2022-01-13,49.0,49.70000076293945,48.900001525878906,49.5,236551
2022-01-14,49.84999847412109,49.84999847412109,49.04999923706055,49.04999923706055,163639
2022-01-17,48.45000076293945,48.79999923706055,48.45000076293945,48.70000076293945,154502
2022-01-18,48.70000076293945,49.09999847412109,48.59999847412109,48.84999847412109,140220
2022-01-19,48.95000076293945,49.20000076293945,48.79999923706055,48.84999847412109,196386
2022-01-20,48.75,48.79999923706055,48.5,48.79999923706055,67000
2022-01-21,48.5,48.54999923706055,48.04999923706055,48.04999923706055,240479
2022-01-24,47.900001525878906,48.25,47.25,48.25,154572
2022-01-25,48.0,48.20000076293945,47.25,47.59999847412109,239100
2022-01-26,47.59999847412109,48.0,47.5,47.75,130702
2022-02-07,47.70000076293945,48.70000076293945,47.59999847412109,48.09999847412109,182000
2022-02-08,48.29999923706055,48.79999923706055,48.29999923706055,48.75,121109
2022-02-09,48.20000076293945,49.04999923706055,48.150001525878906,49.04999923706055,128083
2022-02-10,49.150001525878906,49.150001525878906,48.45000076293945,48.900001525878906,69701
2022-02-11,48.54999923706055,49.29999923706055,48.54999923706055,48.75,91010
2022-02-14,48.54999923706055,48.650001525878906,48.04999923706055,48.25,175000
2022-02-15,48.04999923706055,48.54999923706055,48.0,48.20000076293945,167428
2022-02-16,48.95000076293945,48.95000076293945,48.04999923706055,48.5,233398
2022-02-17,48.70000076293945,48.75,48.400001525878906,48.5,68118
2022-02-18,48.400001525878906,48.5,48.34999847412109,48.45000076293945,87004
2022-02-21,48.29999923706055,48.650001525878906,48.29999923706055,48.650001525878906,52003
2022-02-22,48.5,48.5,47.95000076293945,48.150001525878906,256004
2022-02-23,48.150001525878906,48.45000076293945,48.0,48.45000076293945,190434
2022-02-24,48.150001525878906,48.20000076293945,47.59999847412109,47.650001525878906,334300
2022-02-25,47.650001525878906,47.79999923706055,47.45000076293945,47.54999923706055,201792
2022-03-01,47.54999923706055,48.20000076293945,47.54999923706055,48.150001525878906,228043
2022-03-02,48.20000076293945,48.29999923706055,47.79999923706055,48.0,304200
2022-03-03,48.0,48.45000076293945,48.0,48.400001525878906,93210
2022-03-04,48.20000076293945,48.59999847412109,48.09999847412109,48.45000076293945,96002
2022-03-07,48.0,48.0,47.20000076293945,47.400001525878906,192197
2022-03-08,47.09999847412109,47.25,46.84999847412109,46.84999847412109,261055
2022-03-09,46.84999847412109,48.09999847412109,46.84999847412109,47.09999847412109,169102
2022-03-10,48.75,49.650001525878906,48.650001525878906,48.79999923706055,310079
2022-03-11,49.0,49.650001525878906,48.79999923706055,49.29999923706055,318516
2022-03-14,49.29999923706055,49.70000076293945,49.29999923706055,49.29999923706055,109079
2022-03-15,49.54999923706055,49.54999923706055,48.900001525878906,49.150001525878906,184000
2022-03-16,49.29999923706055,49.70000076293945,49.20000076293945,49.34999847412109,277632
2022-03-17,49.400001525878906,50.29999923706055,49.400001525878906,50.20000076293945,479276
2022-03-18,51.0,51.70000076293945,50.5,51.0,402402
2022-03-21,51.09999847412109,53.0,51.09999847412109,52.5,687507
2022-03-22,53.09999847412109,53.5,52.5,53.5,382380
2022-03-23,53.79999923706055,53.79999923706055,53.0,53.400001525878906,343250
2022-03-24,53.400001525878906,53.400001525878906,52.79999923706055,53.0,153055
2022-03-25,53.0,53.400001525878906,52.79999923706055,52.900001525878906,134266
2022-03-28,52.900001525878906,53.20000076293945,52.70000076293945,53.09999847412109,170309
2022-03-29,53.20000076293945,53.900001525878906,53.20000076293945,53.79999923706055,269002
2022-03-30,53.79999923706055,54.20000076293945,53.70000076293945,54.0,396109
2022-03-31,54.0,55.29999923706055,54.0,54.900001525878906,585177
2022-04-01,54.79999923706055,55.20000076293945,54.5,54.900001525878906,418242
2022-04-06,55.0,56.70000076293945,54.900001525878906,56.59999847412109,597962
2022-04-07,56.59999847412109,57.59999847412109,56.0,56.20000076293945,816862
2022-04-08,56.20000076293945,56.20000076293945,55.20000076293945,55.70000076293945,436100
2022-04-11,55.59999847412109,56.29999923706055,55.29999923706055,55.5,457200
2022-04-12,55.20000076293945,55.20000076293945,54.70000076293945,55.0,315183
2022-04-13,55.0,56.79999923706055,55.0,56.59999847412109,451073
2022-04-14,56.400001525878906,56.5,55.5,55.59999847412109,288200
2022-04-15,55.59999847412109,56.400001525878906,55.09999847412109,55.29999923706055,281000
2022-04-18,55.0,56.59999847412109,55.0,55.79999923706055,362200
2022-04-19,55.79999923706055,57.20000076293945,55.79999923706055,57.0,313003
2022-04-20,57.5,57.5,56.29999923706055,56.79999923706055,269766
2022-04-21,57.0,57.29999923706055,56.5,56.70000076293945,154052
2022-04-22,56.400001525878906,56.70000076293945,56.0,56.59999847412109,424500
2022-04-25,56.400001525878906,56.400001525878906,54.59999847412109,55.400001525878906,590500
2022-04-26,55.400001525878906,56.0,55.400001525878906,55.900001525878906,135262
2022-04-27,55.20000076293945,55.5,54.70000076293945,54.900001525878906,477000
2022-04-28,54.900001525878906,55.09999847412109,54.70000076293945,54.79999923706055,307250
2022-04-29,54.79999923706055,55.20000076293945,53.79999923706055,54.20000076293945,599126
2022-05-03,53.79999923706055,53.79999923706055,52.79999923706055,53.0,991818
2022-05-04,52.79999923706055,53.0,52.5,52.70000076293945,414050
2022-05-05,52.900001525878906,53.5,52.79999923706055,53.400001525878906,447954
2022-05-06,52.400001525878906,53.20000076293945,52.29999923706055,53.20000076293945,281100
2022-05-09,52.29999923706055,52.29999923706055,51.0,51.0,741000
2022-05-10,50.29999923706055,52.09999847412109,50.29999923706055,51.400001525878906,517107
2022-05-11,51.09999847412109,51.900001525878906,51.0,51.70000076293945,274000
2022-05-12,50.5,51.20000076293945,50.20000076293945,50.20000076293945,452279
2022-05-13,50.20000076293945,52.09999847412109,50.20000076293945,52.0,579900
2022-05-16,52.5,57.0,52.20000076293945,52.79999923706055,1094833
2022-05-17,52.59999847412109,53.5,52.5,53.400001525878906,503396
2022-05-18,53.400001525878906,53.59999847412109,52.5,53.29999923706055,378200
2022-05-19,53.0,53.0,52.20000076293945,52.79999923706055,270040
2022-05-20,52.79999923706055,52.79999923706055,51.70000076293945,51.70000076293945,431499
2022-05-23,51.79999923706055,52.0,50.5,50.900001525878906,886469
2022-05-24,50.900001525878906,51.09999847412109,50.29999923706055,50.59999847412109,663349
2022-05-25,51.0,51.20000076293945,50.09999847412109,50.900001525878906,674000
2022-05-26,51.0,51.20000076293945,50.79999923706055,50.900001525878906,403001
2022-05-27,51.0,51.59999847412109,50.900001525878906,51.29999923706055,408370
2022-05-30,52.0,53.59999847412109,52.0,53.29999923706055,667399
2022-05-31,53.0,55.29999923706055,52.900001525878906,53.79999923706055,756000
2022-06-01,53.5,54.70000076293945,53.5,54.20000076293945,1187441
2022-06-02,54.0,55.20000076293945,54.0,54.900001525878906,741536
2022-06-06,55.09999847412109,55.20000076293945,54.5,54.70000076293945,755300
2022-06-07,55.20000076293945,55.20000076293945,54.5,54.900001525878906,638018
2022-06-08,54.900001525878906,54.900001525878906,53.70000076293945,53.70000076293945,469404
2022-06-09,53.70000076293945,53.79999923706055,53.0,53.79999923706055,512030
2022-06-10,53.0,54.5,53.0,54.29999923706055,559985
2022-06-13,54.09999847412109,54.09999847412109,53.09999847412109,53.400001525878906,897201
2022-06-14,50.400001525878906,51.59999847412109,50.29999923706055,51.29999923706055,1290216
2022-06-15,51.400001525878906,52.900001525878906,51.400001525878906,52.70000076293945,594799
2022-06-16,52.900001525878906,53.29999923706055,51.70000076293945,51.70000076293945,278000
2022-06-17,51.0,52.0,51.0,51.70000076293945,250030
2022-06-20,51.70000076293945,51.79999923706055,50.5,50.70000076293945,556692
2022-06-21,51.5,52.0,51.0,51.5,383050
2022-06-22,51.5,51.900001525878906,50.09999847412109,51.20000076293945,544302
2022-06-23,51.400001525878906,52.20000076293945,51.09999847412109,52.0,399038
2022-06-24,52.70000076293945,53.0,51.59999847412109,52.20000076293945,376025
2022-06-27,52.20000076293945,53.0,51.59999847412109,51.70000076293945,239766
2022-06-28,52.0,52.400001525878906,51.900001525878906,52.400001525878906,157300
2022-06-29,51.79999923706055,52.5,51.79999923706055,52.5,201000
2022-06-30,52.0,52.400001525878906,51.400001525878906,51.900001525878906,441000
2022-07-01,51.900001525878906,51.900001525878906,50.59999847412109,51.0,426537
2022-07-04,51.0,52.70000076293945,50.29999923706055,51.09999847412109,417001
2022-07-05,51.5,52.20000076293945,51.29999923706055,51.59999847412109,477000
2022-07-06,52.400001525878906,52.400001525878906,50.70000076293945,51.20000076293945,364005
2022-07-07,51.20000076293945,51.29999923706055,50.59999847412109,51.29999923706055,151850
2022-07-08,51.20000076293945,52.20000076293945,51.20000076293945,51.79999923706055,262034
2022-07-11,51.79999923706055,51.79999923706055,51.20000076293945,51.79999923706055,121227
2022-07-12,51.59999847412109,51.59999847412109,50.70000076293945,51.09999847412109,263049
2022-07-13,51.09999847412109,51.70000076293945,51.0,51.5,194078
2022-07-14,51.5,52.20000076293945,50.5,52.20000076293945,262000
2022-07-15,52.20000076293945,52.29999923706055,51.400001525878906,52.09999847412109,344221
2022-07-18,52.09999847412109,52.20000076293945,51.59999847412109,51.79999923706055,292000
2022-07-19,52.0,52.20000076293945,51.70000076293945,51.900001525878906,169279
2022-07-20,52.400001525878906,52.70000076293945,50.79999923706055,51.20000076293945,548943
2022-07-21,51.20000076293945,51.29999923706055,49.25,51.29999923706055,677003
2022-07-22,51.5,51.5,50.29999923706055,50.70000076293945,339250
2022-07-25,50.900001525878906,51.900001525878906,50.79999923706055,51.5,130019
2022-07-26,51.5,51.59999847412109,51.09999847412109,51.59999847412109,68197
2022-07-27,51.5,51.70000076293945,50.900001525878906,51.70000076293945,173211
2022-07-28,51.70000076293945,52.59999847412109,51.5,52.400001525878906,327000
2022-07-29,52.400001525878906,52.5,51.59999847412109,51.59999847412109,122425
2022-08-01,52.0,52.400001525878906,51.70000076293945,52.20000076293945,146212
2022-08-02,52.0,52.20000076293945,51.400001525878906,52.0,134000
2022-08-03,52.0,52.20000076293945,51.29999923706055,52.0,141000
2022-08-04,52.0,52.09999847412109,51.400001525878906,51.79999923706055,150000
2022-08-05,51.79999923706055,52.5,51.79999923706055,52.400001525878906,107005
2022-08-08,52.0,52.09999847412109,51.5,51.900001525878906,133000
2022-08-09,52.0,52.20000076293945,51.70000076293945,52.20000076293945,92000
2022-08-10,51.79999923706055,52.20000076293945,51.79999923706055,52.09999847412109,129100
2022-08-11,52.20000076293945,52.400001525878906,51.900001525878906,52.20000076293945,295298
2022-08-12,52.20000076293945,53.900001525878906,52.20000076293945,53.900001525878906,574000
2022-08-15,53.09999847412109,54.5,53.09999847412109,54.20000076293945,208300
2022-08-16,54.09999847412109,54.20000076293945,53.59999847412109,53.70000076293945,129374
2022-08-17,53.70000076293945,54.5,53.59999847412109,54.29999923706055,275048
2022-08-18,54.20000076293945,54.79999923706055,53.79999923706055,54.79999923706055,270001
2022-08-19,55.0,56.20000076293945,54.59999847412109,56.09999847412109,424461
2022-08-22,55.70000076293945,55.900001525878906,54.79999923706055,55.29999923706055,269000
2022-08-23,54.400001525878906,56.0,54.400001525878906,55.400001525878906,363393
2022-08-24,55.79999923706055,56.59999847412109,55.29999923706055,55.5,366000
2022-08-25,56.5,57.0,55.79999923706055,57.0,553361
2022-08-26,56.59999847412109,58.29999923706055,56.59999847412109,57.70000076293945,493521
2022-08-29,57.400001525878906,57.59999847412109,56.79999923706055,57.5,409000
2022-08-30,56.900001525878906,58.29999923706055,56.900001525878906,58.09999847412109,467033
2022-08-31,58.09999847412109,58.09999847412109,57.5,57.79999923706055,202085
2022-09-01,57.29999923706055,57.59999847412109,55.5,56.09999847412109,670063
2022-09-02,56.0,56.70000076293945,55.59999847412109,56.400001525878906,432024
2022-09-05,56.20000076293945,57.70000076293945,56.0,57.400001525878906,490991
2022-09-06,57.400001525878906,58.400001525878906,57.0,58.20000076293945,515583
2022-09-07,57.400001525878906,58.0,56.20000076293945,56.20000076293945,512939
2022-09-08,56.900001525878906,57.79999923706055,56.79999923706055,57.20000076293945,569458
2022-09-12,57.5,58.09999847412109,57.29999923706055,57.900001525878906,425170
2022-09-13,58.0,58.09999847412109,55.59999847412109,55.79999923706055,918100
2022-09-14,55.79999923706055,55.79999923706055,54.400001525878906,54.79999923706055,1004300
2022-09-15,54.70000076293945,56.20000076293945,54.29999923706055,55.400001525878906,800208
2022-09-16,54.900001525878906,54.900001525878906,53.29999923706055,53.29999923706055,6695115
2022-09-19,53.29999923706055,53.29999923706055,52.09999847412109,53.09999847412109,784500
2022-09-20,53.0,53.400001525878906,52.20000076293945,52.59999847412109,566000
2022-09-21,52.20000076293945,52.900001525878906,51.70000076293945,51.79999923706055,471839
2022-09-22,52.400001525878906,52.400001525878906,50.70000076293945,51.0,535548
2022-09-23,51.20000076293945,51.59999847412109,50.20000076293945,50.20000076293945,441100
2022-09-26,50.0,50.20000076293945,49.04999923706055,49.150001525878906,681119
2022-09-27,49.20000076293945,49.59999847412109,48.04999923706055,48.29999923706055,719055
2022-09-28,48.29999923706055,48.400001525878906,46.54999923706055,46.59999847412109,764582
2022-09-29,48.20000076293945,48.400001525878906,47.650001525878906,47.900001525878906,380000
2022-09-30,47.900001525878906,48.75,47.25,48.75,232000
2022-10-03,48.70000076293945,48.70000076293945,46.09999847412109,46.29999923706055,686020
2022-10-04,46.900001525878906,47.75,45.79999923706055,46.20000076293945,573026
2022-10-05,46.59999847412109,47.59999847412109,45.95000076293945,47.29999923706055,543642
2022-10-06,47.5,47.650001525878906,46.84999847412109,47.650001525878906,225172
2022-10-07,47.34999847412109,47.34999847412109,45.95000076293945,46.04999923706055,440383
2022-10-11,45.95000076293945,45.95000076293945,43.75,44.04999923706055,745211
2022-10-12,44.25,44.79999923706055,43.79999923706055,44.70000076293945,313276
2022-10-13,45.09999847412109,45.09999847412109,42.900001525878906,43.20000076293945,568000
2022-10-14,43.20000076293945,44.29999923706055,43.20000076293945,43.45000076293945,341180
2022-10-17,43.29999923706055,43.400001525878906,41.84999847412109,42.75,344541
2022-10-18,42.84999847412109,45.0,42.79999923706055,44.75,564201
2022-10-19,44.5,45.04999923706055,43.5,43.5,396100
2022-10-20,42.95000076293945,46.59999847412109,42.400001525878906,46.59999847412109,1245433
2022-10-21,45.0,45.0,42.70000076293945,42.900001525878906,539100
2022-10-24,43.59999847412109,43.70000076293945,42.54999923706055,42.79999923706055,372355
2022-10-25,43.09999847412109,43.150001525878906,41.79999923706055,42.0,409500
2022-10-26,42.29999923706055,43.75,42.09999847412109,43.70000076293945,381500
2022-10-27,44.0,44.84999847412109,42.95000076293945,43.5,1182000
2022-10-28,43.5,45.09999847412109,43.5,44.900001525878906,851000
2022-10-31,44.84999847412109,44.84999847412109,43.54999923706055,44.04999923706055,473100
2022-11-01,43.95000076293945,44.900001525878906,43.95000076293945,44.59999847412109,256232
2022-11-02,44.79999923706055,44.84999847412109,44.20000076293945,44.29999923706055,219296
2022-11-03,44.150001525878906,44.84999847412109,43.79999923706055,44.79999923706055,271905
2022-11-04,44.650001525878906,44.650001525878906,43.650001525878906,43.95000076293945,276486
2022-11-07,44.20000076293945,44.70000076293945,43.95000076293945,44.650001525878906,217033
2022-11-08,44.75,45.75,44.75,45.59999847412109,336343
2022-11-09,45.400001525878906,45.95000076293945,45.29999923706055,45.29999923706055,318001
2022-11-10,45.54999923706055,46.79999923706055,45.400001525878906,45.650001525878906,553699
2022-11-11,46.5,47.29999923706055,46.34999847412109,47.09999847412109,518170
2022-11-14,46.70000076293945,47.5,46.70000076293945,47.29999923706055,524000
2022-11-15,46.79999923706055,47.400001525878906,46.45000076293945,47.400001525878906,526309
2022-11-16,47.45000076293945,47.45000076293945,46.54999923706055,46.650001525878906,325100
2022-11-17,46.650001525878906,47.25,46.650001525878906,47.25,183000
2022-11-18,47.20000076293945,47.400001525878906,46.84999847412109,46.84999847412109,169003
2022-11-21,46.84999847412109,46.84999847412109,46.34999847412109,46.650001525878906,190000
2022-11-22,46.70000076293945,47.25,46.650001525878906,46.95000076293945,185156
2022-11-23,47.0,48.34999847412109,46.900001525878906,47.900001525878906,316257
2022-11-24,47.95000076293945,48.59999847412109,47.75,48.59999847412109,263100
2022-11-25,48.5,48.900001525878906,48.29999923706055,48.900001525878906,230900
2022-11-28,48.650001525878906,48.650001525878906,47.20000076293945,48.04999923706055,285697
2022-11-29,48.29999923706055,48.29999923706055,47.59999847412109,48.04999923706055,109100
2022-11-30,48.25,49.70000076293945,47.900001525878906,49.70000076293945,500210
2022-12-01,49.70000076293945,49.95000076293945,49.150001525878906,49.25,246432
2022-12-02,49.79999923706055,49.79999923706055,49.09999847412109,49.650001525878906,106547
2022-12-05,49.70000076293945,49.84999847412109,49.29999923706055,49.79999923706055,123000
2022-12-06,49.25,49.70000076293945,48.84999847412109,48.95000076293945,227000
2022-12-07,48.79999923706055,49.25,48.54999923706055,48.84999847412109,93040
2022-12-08,48.75,48.79999923706055,47.79999923706055,48.0,212013
2022-12-09,48.400001525878906,48.400001525878906,47.79999923706055,48.34999847412109,75211
2022-12-12,48.34999847412109,48.5,47.59999847412109,48.09999847412109,116061
2022-12-13,48.20000076293945,48.20000076293945,47.25,47.84999847412109,242347
2022-12-14,47.45000076293945,48.900001525878906,47.45000076293945,47.70000076293945,336050
2022-12-15,47.45000076293945,48.150001525878906,47.34999847412109,47.95000076293945,83030
2022-12-16,47.400001525878906,47.95000076293945,47.34999847412109,47.54999923706055,221000
2022-12-19,47.54999923706055,48.04999923706055,47.400001525878906,47.54999923706055,99900
2022-12-20,47.34999847412109,47.59999847412109,46.650001525878906,47.09999847412109,273100
2022-12-21,47.09999847412109,47.70000076293945,47.09999847412109,47.650001525878906,279000
2022-12-22,47.5,49.0,47.5,48.70000076293945,160002
2022-12-23,48.650001525878906,48.900001525878906,48.150001525878906,48.79999923706055,121000
2022-12-26,48.54999923706055,48.54999923706055,48.20000076293945,48.45000076293945,38000
2022-12-27,48.45000076293945,48.45000076293945,48.04999923706055,48.45000076293945,71000
2022-12-28,48.25,48.54999923706055,47.79999923706055,48.54999923706055,130145
2022-12-29,48.400001525878906,48.45000076293945,47.70000076293945,48.34999847412109,134000
2022-12-30,48.45000076293945,48.84999847412109,48.09999847412109,48.84999847412109,171000
2023-01-03,48.95000076293945,49.70000076293945,48.09999847412109,49.5,314206
2023-01-04,49.25,49.5,49.0,49.5,96206
2023-01-05,49.5,49.59999847412109,49.04999923706055,49.59999847412109,116050
2023-01-06,49.59999847412109,49.650001525878906,49.20000076293945,49.5,128000
2023-01-09,49.5,49.79999923706055,49.5,49.70000076293945,151413
2023-01-10,50.0,50.400001525878906,49.75,50.20000076293945,327104
2023-01-11,50.29999923706055,50.5,49.70000076293945,50.20000076293945,186101
2023-01-12,50.0,50.29999923706055,49.84999847412109,50.29999923706055,102019
2023-01-13,49.95000076293945,50.400001525878906,49.70000076293945,50.400001525878906,111059
2023-01-16,50.0,50.400001525878906,49.79999923706055,50.29999923706055,138587
2023-01-17,50.20000076293945,50.5,50.09999847412109,50.400001525878906,105000
2023-01-30,50.400001525878906,51.09999847412109,50.400001525878906,50.5,147278
2023-01-31,49.45000076293945,50.5,49.45000076293945,50.29999923706055,375083
2023-02-01,50.29999923706055,50.5,49.95000076293945,50.20000076293945,177111
2023-02-02,50.20000076293945,51.0,50.0,50.79999923706055,183000
2023-02-03,50.29999923706055,50.79999923706055,50.20000076293945,50.79999923706055,227449
2023-02-06,50.70000076293945,51.0,50.0,50.900001525878906,167791
2023-02-07,50.900001525878906,52.29999923706055,50.900001525878906,51.29999923706055,358100
2023-02-08,51.0,51.70000076293945,50.900001525878906,51.09999847412109,248417
2023-02-09,50.79999923706055,51.70000076293945,50.79999923706055,51.0,186051
2023-02-10,50.900001525878906,51.400001525878906,50.59999847412109,50.59999847412109,173045
2023-02-13,50.70000076293945,52.0,50.70000076293945,51.900001525878906,313031
2023-02-14,51.5,52.20000076293945,51.20000076293945,51.29999923706055,158280
2023-02-15,51.59999847412109,52.20000076293945,50.70000076293945,50.79999923706055,288200
2023-02-16,51.59999847412109,51.59999847412109,50.70000076293945,51.09999847412109,197000
2023-02-17,50.79999923706055,51.400001525878906,50.79999923706055,51.20000076293945,171291
2023-02-20,51.0,51.29999923706055,50.900001525878906,51.20000076293945,146367
2023-02-21,51.20000076293945,51.20000076293945,50.70000076293945,51.0,128150
2023-02-22,50.59999847412109,50.59999847412109,50.29999923706055,50.59999847412109,191130
2023-02-23,50.59999847412109,51.0,50.59999847412109,50.79999923706055,163000
2023-02-24,50.79999923706055,51.0,50.5,50.59999847412109,111000
2023-03-01,50.59999847412109,51.0,50.20000076293945,50.29999923706055,151001
2023-03-02,50.29999923706055,51.20000076293945,50.20000076293945,51.0,175112
2023-03-03,50.79999923706055,51.09999847412109,50.79999923706055,51.09999847412109,109000
2023-03-06,51.09999847412109,51.400001525878906,50.79999923706055,51.20000076293945,240875
2023-03-07,51.20000076293945,51.59999847412109,51.0,51.400001525878906,195080
2023-03-08,51.09999847412109,51.400001525878906,50.29999923706055,51.20000076293945,293001
2023-03-09,51.20000076293945,51.29999923706055,51.0,51.20000076293945,158059
2023-03-10,51.20000076293945,51.20000076293945,50.0,50.5,582526
2023-03-13,50.09999847412109,50.09999847412109,49.150001525878906,49.95000076293945,868273
2023-03-14,49.95000076293945,49.95000076293945,49.150001525878906,49.25,356300
2023-03-15,49.34999847412109,49.75,49.09999847412109,49.09999847412109,286002
2023-03-16,49.09999847412109,49.09999847412109,48.04999923706055,48.29999923706055,575002
2023-03-17,48.54999923706055,48.79999923706055,48.09999847412109,48.59999847412109,366001
2023-03-20,48.59999847412109,49.29999923706055,48.59999847412109,49.20000076293945,228005
2023-03-21,49.25,50.09999847412109,49.25,49.59999847412109,203003
2023-03-22,49.650001525878906,49.95000076293945,49.59999847412109,49.79999923706055,194860
2023-03-23,49.70000076293945,50.400001525878906,49.70000076293945,49.900001525878906,218002
2023-03-24,49.95000076293945,50.09999847412109,49.400001525878906,49.59999847412109,262084
2023-03-27,49.59999847412109,49.59999847412109,49.29999923706055,49.45000076293945,50001
2023-03-28,49.45000076293945,49.45000076293945,48.900001525878906,49.20000076293945,236012
2023-03-29,48.900001525878906,49.25,48.900001525878906,49.04999923706055,163000
2023-03-30,48.900001525878906,49.70000076293945,48.900001525878906,49.34999847412109,221000
2023-03-31,49.34999847412109,49.900001525878906,49.29999923706055,49.900001525878906,325022
2023-04-06,49.79999923706055,50.20000076293945,49.54999923706055,50.0,317462
2023-04-07,50.0,51.09999847412109,49.900001525878906,50.900001525878906,339115
2023-04-10,50.79999923706055,51.09999847412109,50.59999847412109,50.79999923706055,166967
2023-04-11,50.900001525878906,51.5,50.900001525878906,51.09999847412109,247001
2023-04-12,51.09999847412109,51.29999923706055,50.900001525878906,51.09999847412109,218010
2023-04-13,50.70000076293945,51.20000076293945,50.70000076293945,50.900001525878906,190001
2023-04-14,50.900001525878906,50.900001525878906,50.5,50.70000076293945,148000
2023-04-17,49.59999847412109,50.400001525878906,49.59999847412109,50.20000076293945,468000
2023-04-18,50.20000076293945,50.59999847412109,50.20000076293945,50.400001525878906,125069
2023-04-19,50.59999847412109,50.59999847412109,50.09999847412109,50.09999847412109,256100
2023-04-20,50.20000076293945,50.5,50.09999847412109,50.20000076293945,139001
2023-04-21,50.20000076293945,50.400001525878906,49.900001525878906,50.29999923706055,185040
2023-04-24,50.20000076293945,50.20000076293945,49.70000076293945,49.900001525878906,402000
2023-04-25,50.09999847412109,50.09999847412109,49.59999847412109,49.650001525878906,199600
2023-04-26,49.70000076293945,50.20000076293945,49.70000076293945,50.09999847412109,149147
2023-04-27,50.09999847412109,50.20000076293945,49.900001525878906,50.09999847412109,97501
2023-04-28,50.09999847412109,51.79999923706055,50.09999847412109,51.400001525878906,588600
2023-05-02,51.09999847412109,51.70000076293945,50.900001525878906,51.70000076293945,181109
2023-05-03,51.29999923706055,51.5,51.0,51.09999847412109,152000
2023-05-04,50.900001525878906,51.400001525878906,50.900001525878906,51.09999847412109,81000
2023-05-05,50.900001525878906,51.20000076293945,50.400001525878906,50.59999847412109,190665
2023-05-08,50.59999847412109,51.0,50.59999847412109,51.0,86138
2023-05-09,51.09999847412109,51.29999923706055,50.59999847412109,50.59999847412109,142154
2023-05-10,50.5,51.0,50.5,51.0,83038
2023-05-11,51.0,51.0,50.5,50.59999847412109,149116
2023-05-12,50.59999847412109,50.59999847412109,50.29999923706055,50.5,114000
2023-05-15,50.5,50.900001525878906,50.29999923706055,50.900001525878906,111019
2023-05-16,50.79999923706055,51.29999923706055,50.79999923706055,50.900001525878906,347058
2023-05-17,51.09999847412109,52.29999923706055,51.09999847412109,52.29999923706055,556200
2023-05-18,52.20000076293945,52.79999923706055,51.900001525878906,52.5,260000
2023-05-19,52.5,52.70000076293945,52.09999847412109,52.400001525878906,161310
2023-05-22,52.20000076293945,52.70000076293945,52.20000076293945,52.70000076293945,78540
2023-05-23,52.70000076293945,52.79999923706055,52.59999847412109,52.79999923706055,102555
2023-05-24,52.59999847412109,52.900001525878906,52.09999847412109,52.70000076293945,115130
2023-05-25,52.20000076293945,52.5,52.0,52.400001525878906,132470
2023-05-26,52.29999923706055,52.400001525878906,52.0,52.20000076293945,138100
2023-05-29,51.900001525878906,52.5,51.900001525878906,52.20000076293945,100000
2023-05-30,52.5,52.5,52.0,52.0,105019
2023-05-31,52.29999923706055,53.0,52.09999847412109,52.5,152500
2023-06-01,52.5,52.5,52.09999847412109,52.09999847412109,108750
2023-06-02,52.09999847412109,52.59999847412109,52.09999847412109,52.09999847412109,144436
2023-06-05,52.400001525878906,53.20000076293945,52.400001525878906,52.79999923706055,212412
2023-06-06,52.79999923706055,53.5,52.79999923706055,53.400001525878906,184130
2023-06-07,53.400001525878906,53.70000076293945,53.0,53.29999923706055,212237
2023-06-08,53.29999923706055,53.29999923706055,52.70000076293945,52.70000076293945,260001
2023-06-09,52.79999923706055,53.400001525878906,52.79999923706055,53.400001525878906,819405
2023-06-12,51.09999847412109,51.70000076293945,51.09999847412109,51.59999847412109,461775
2023-06-13,51.59999847412109,51.79999923706055,51.29999923706055,51.59999847412109,357383
2023-06-14,51.59999847412109,51.900001525878906,51.400001525878906,51.900001525878906,179100
2023-06-15,51.900001525878906,51.900001525878906,51.5,51.59999847412109,146600
2023-06-16,51.5,52.09999847412109,51.400001525878906,51.70000076293945,221687
2023-06-19,51.59999847412109,51.79999923706055,51.5,51.59999847412109,168036
2023-06-20,51.59999847412109,51.900001525878906,51.5,51.79999923706055,59009
2023-06-21,51.79999923706055,52.29999923706055,51.79999923706055,51.900001525878906,124000
2023-06-26,51.900001525878906,51.900001525878906,51.400001525878906,51.79999923706055,171099
2023-06-27,51.59999847412109,52.20000076293945,51.5,52.0,135583
2023-06-28,52.0,52.20000076293945,51.5,51.5,292000
2023-06-29,51.70000076293945,52.400001525878906,51.70000076293945,52.0,210104
2023-06-30,52.29999923706055,52.400001525878906,51.79999923706055,52.0,99420
2023-07-03,52.0,52.20000076293945,51.900001525878906,52.0,114003
2023-07-04,52.0,52.09999847412109,52.0,52.0,70000
2023-07-05,52.29999923706055,52.29999923706055,52.0,52.0,148200
2023-07-06,52.0,52.20000076293945,51.79999923706055,52.0,151000
2023-07-07,52.0,52.70000076293945,51.79999923706055,52.400001525878906,190015
2023-07-10,52.400001525878906,53.20000076293945,52.400001525878906,53.0,233557
2023-07-11,53.09999847412109,53.09999847412109,52.59999847412109,53.09999847412109,311171
2023-07-12,53.0,53.29999923706055,52.79999923706055,53.29999923706055,216253
2023-07-13,53.5,53.59999847412109,52.900001525878906,52.900001525878906,223800
2023-07-14,53.0,53.5,53.0,53.20000076293945,154502
2023-07-17,53.20000076293945,53.79999923706055,53.20000076293945,53.5,257150
2023-07-18,53.29999923706055,53.5,52.900001525878906,53.0,161731
2023-07-19,53.0,53.20000076293945,52.70000076293945,52.79999923706055,165500
2023-07-20,52.900001525878906,53.20000076293945,52.79999923706055,53.20000076293945,145000
2023-07-21,53.09999847412109,54.20000076293945,52.900001525878906,53.900001525878906,234486
2023-07-24,53.900001525878906,54.400001525878906,53.5,53.79999923706055,132519
2023-07-25,53.79999923706055,54.29999923706055,53.79999923706055,54.09999847412109,137557
2023-07-26,54.09999847412109,55.0,54.09999847412109,54.5,116189
2023-07-27,54.5,55.0,54.5,54.900001525878906,128206
2023-07-28,54.900001525878906,55.20000076293945,54.79999923706055,54.79999923706055,142000
2023-07-31,54.900001525878906,55.0,54.09999847412109,54.09999847412109,182041
2023-08-01,54.29999923706055,54.79999923706055,54.09999847412109,54.20000076293945,84053
2023-08-02,54.20000076293945,54.20000076293945,53.70000076293945,54.20000076293945,187700
2023-08-04,54.5,54.5,53.70000076293945,53.79999923706055,294001
2023-08-07,53.79999923706055,54.09999847412109,53.70000076293945,54.0,90056
2023-08-08,53.900001525878906,53.900001525878906,53.5,53.70000076293945,127273
2023-08-09,53.70000076293945,54.09999847412109,53.70000076293945,54.0,41350
2023-08-10,53.79999923706055,54.29999923706055,53.59999847412109,54.0,93816
2023-08-11,54.0,55.0,54.0,54.70000076293945,207050
2023-08-14,54.59999847412109,54.59999847412109,54.0,54.09999847412109,180212
2023-08-15,54.20000076293945,54.59999847412109,54.0,54.400001525878906,144000
2023-08-16,54.400001525878906,54.59999847412109,54.29999923706055,54.5,86000
2023-08-17,55.900001525878906,57.59999847412109,55.70000076293945,57.29999923706055,905335
2023-08-18,57.5,57.59999847412109,56.70000076293945,57.0,312240
2023-08-21,57.0,57.0,56.29999923706055,56.5,157000
2023-08-22,57.0,57.0,56.29999923706055,56.59999847412109,176383
2023-08-23,56.59999847412109,56.59999847412109,56.0,56.09999847412109,192207
2023-08-24,56.09999847412109,56.5,56.09999847412109,56.5,122000
2023-08-25,56.09999847412109,56.5,56.09999847412109,56.29999923706055,69000
2023-08-28,56.70000076293945,57.59999847412109,56.70000076293945,57.09999847412109,208183
2023-08-29,57.20000076293945,57.29999923706055,56.79999923706055,57.09999847412109,56168
2023-08-30,57.09999847412109,58.0,57.09999847412109,57.5,135773
2023-08-31,57.5,57.79999923706055,57.400001525878906,57.400001525878906,133030
2023-09-01,57.70000076293945,59.900001525878906,57.59999847412109,59.5,511300
2023-09-04,59.79999923706055,62.0,59.5,61.70000076293945,563173
2023-09-05,61.70000076293945,62.0,59.900001525878906,60.59999847412109,635281
2023-09-06,60.59999847412109,61.5,59.20000076293945,59.79999923706055,397159
2023-09-07,59.29999923706055,59.70000076293945,59.09999847412109,59.400001525878906,137042
2023-09-08,59.400001525878906,60.20000076293945,59.20000076293945,60.0,152020
2023-09-11,60.0,60.0,59.5,59.70000076293945,89023
2023-09-12,59.5,60.20000076293945,59.5,60.09999847412109,75045
2023-09-13,60.20000076293945,60.400001525878906,59.900001525878906,60.0,111324
2023-09-14,60.0,60.20000076293945,59.79999923706055,59.900001525878906,124050
2023-09-15,60.20000076293945,60.20000076293945,59.400001525878906,59.400001525878906,173017
2023-09-18,59.400001525878906,60.400001525878906,59.29999923706055,59.400001525878906,82000
2023-09-19,59.5,60.5,59.29999923706055,60.20000076293945,273520
2023-09-20,60.20000076293945,60.400001525878906,59.900001525878906,60.0,190000
2023-09-21,60.0,60.09999847412109,59.400001525878906,59.59999847412109,208700
2023-09-22,59.79999923706055,59.79999923706055,59.5,59.59999847412109,98000
2023-09-25,59.900001525878906,60.29999923706055,59.79999923706055,60.29999923706055,77404
2023-09-26,60.5,60.5,59.900001525878906,60.20000076293945,62513
2023-09-27,60.09999847412109,60.20000076293945,59.59999847412109,60.20000076293945,77343
2023-09-28,60.400001525878906,60.400001525878906,60.09999847412109,60.400001525878906,42037
2023-10-02,60.70000076293945,60.79999923706055,60.09999847412109,60.70000076293945,168768
2023-10-03,60.79999923706055,60.79999923706055,60.09999847412109,60.20000076293945,133102
2023-10-04,60.5,60.5,59.79999923706055,59.79999923706055,399016
2023-10-05,60.0,60.20000076293945,59.900001525878906,60.20000076293945,101000
2023-10-06,60.0,61.0,60.0,60.900001525878906,150117
2023-10-11,60.900001525878906,61.5,60.70000076293945,61.5,218463
2023-10-12,61.70000076293945,63.29999923706055,61.5,62.900001525878906,373270
2023-10-13,62.900001525878906,62.900001525878906,62.29999923706055,62.29999923706055,145200
2023-10-16,62.0,62.29999923706055,61.900001525878906,62.20000076293945,56747
2023-10-17,62.59999847412109,62.59999847412109,62.0,62.59999847412109,102301
2023-10-18,62.900001525878906,64.0,62.79999923706055,64.0,576415
2023-10-19,63.79999923706055,64.4000015258789,63.400001525878906,63.900001525878906,305433
2023-10-20,63.900001525878906,63.900001525878906,62.400001525878906,62.900001525878906,247146
2023-10-23,62.59999847412109,62.59999847412109,61.70000076293945,61.70000076293945,214625
2023-10-24,61.70000076293945,62.09999847412109,61.400001525878906,62.0,116101
2023-10-25,62.29999923706055,62.400001525878906,61.79999923706055,62.400001525878906,73065
2023-10-26,62.0,62.0,61.59999847412109,61.79999923706055,91136
2023-10-27,61.79999923706055,62.09999847412109,61.70000076293945,61.79999923706055,45000
2023-10-30,64.80000305175781,66.9000015258789,64.0999984741211,64.30000305175781,768030
2023-10-31,65.0,67.4000015258789,64.4000015258789,66.69999694824219,823863
2023-11-01,67.0,67.0,66.0999984741211,66.80000305175781,328256
2023-11-02,67.30000305175781,69.0,67.0999984741211,67.19999694824219,367282
2023-11-03,67.5,69.5,66.5999984741211,69.30000305175781,495222
2023-11-06,69.5999984741211,69.80000305175781,68.5999984741211,69.19999694824219,311000
2023-11-07,69.19999694824219,70.69999694824219,69.19999694824219,70.30000305175781,463043
2023-11-08,70.80000305175781,70.80000305175781,69.5999984741211,69.80000305175781,469567
2023-11-09,70.0,71.30000305175781,69.69999694824219,70.30000305175781,551453
2023-11-10,70.0999984741211,72.0,70.0999984741211,71.0,727058
2023-11-13,71.0,71.0,68.69999694824219,68.80000305175781,784647
2023-11-14,69.5,71.19999694824219,69.5,69.80000305175781,434200
2023-11-15,70.30000305175781,70.5,69.30000305175781,69.5999984741211,355000
2023-11-16,70.0,70.19999694824219,69.0,69.19999694824219,304200
2023-11-17,69.19999694824219,70.5,69.19999694824219,69.5,216000
2023-11-20,69.19999694824219,69.5999984741211,68.5,68.80000305175781,382050
2023-11-21,68.80000305175781,69.9000015258789,68.5,69.5999984741211,244120
2023-11-22,69.5999984741211,69.9000015258789,68.9000015258789,69.0,246306
2023-11-23,68.69999694824219,69.4000015258789,68.69999694824219,69.19999694824219,169020
2023-11-24,68.80000305175781,70.4000015258789,68.80000305175781,70.0,263143
2023-11-27,69.9000015258789,70.0,69.4000015258789,69.80000305175781,172300
2023-11-28,70.0,70.0999984741211,69.5,70.0,207345
2023-11-29,70.19999694824219,70.30000305175781,69.30000305175781,69.4000015258789,235060
2023-11-30,69.30000305175781,69.30000305175781,68.19999694824219,68.19999694824219,694337
2023-12-01,68.0999984741211,69.30000305175781,68.0999984741211,69.0,259000
2023-12-04,68.5999984741211,69.19999694824219,68.4000015258789,68.5,361135
2023-12-05,68.5,68.5,67.30000305175781,68.0999984741211,645508
2023-12-06,68.0,68.9000015258789,68.0,68.4000015258789,245163
2023-12-07,68.0999984741211,68.5,68.0,68.19999694824219,197224
2023-12-08,68.80000305175781,68.80000305175781,68.0999984741211,68.5,292145
2023-12-11,68.5,68.69999694824219,67.5999984741211,68.5,387030
2023-12-12,68.19999694824219,68.5,67.9000015258789,68.19999694824219,274010
2023-12-13,68.5,68.5,67.5,67.80000305175781,391231
2023-12-14,68.0999984741211,68.5999984741211,67.5999984741211,68.5,316213
2023-12-15,68.69999694824219,69.30000305175781,68.30000305175781,68.5,251144
2023-12-18,68.5,68.5,68.0999984741211,68.30000305175781,174164
2023-12-19,68.0999984741211,68.0999984741211,67.5999984741211,67.9000015258789,257037
2023-12-20,68.5,68.5,67.5999984741211,67.9000015258789,238200
2023-12-21,67.9000015258789,68.0,67.5999984741211,67.9000015258789,191554
2023-12-22,67.69999694824219,68.0,67.5,68.0,231323
2023-12-25,68.0,68.0999984741211,67.30000305175781,67.4000015258789,236050
2023-12-26,67.5,68.5,67.5,68.5,193349
2023-12-27,68.5,68.9000015258789,68.4000015258789,68.69999694824219,270120
2023-12-28,68.69999694824219,68.69999694824219,67.9000015258789,68.5999984741211,305054
2023-12-29,68.5999984741211,68.5999984741211,68.0,68.0999984741211,258050
2024-01-02,68.4000015258789,68.4000015258789,67.80000305175781,68.0999984741211,249099
2024-01-03,68.0999984741211,68.19999694824219,67.69999694824219,67.80000305175781,194321
2024-01-04,67.5999984741211,67.80000305175781,67.5,67.69999694824219,198000
2024-01-05,67.69999694824219,67.69999694824219,67.4000015258789,67.69999694824219,196388
2024-01-08,67.69999694824219,68.0,67.30000305175781,67.4000015258789,248103
2024-01-09,67.5,67.5,66.19999694824219,66.19999694824219,447550
2024-01-10,66.19999694824219,66.80000305175781,66.19999694824219,66.30000305175781,250050
2024-01-11,66.5999984741211,67.0999984741211,66.19999694824219,66.69999694824219,375086
2024-01-12,66.5999984741211,66.5999984741211,65.69999694824219,65.80000305175781,424050
2024-01-15,65.69999694824219,66.4000015258789,65.69999694824219,66.19999694824219,336000
2024-01-16,66.19999694824219,66.19999694824219,64.9000015258789,64.9000015258789,561791
2024-01-17,64.69999694824219,65.0,64.30000305175781,64.69999694824219,539215
2024-01-18,64.80000305175781,68.0999984741211,64.80000305175781,67.80000305175781,777045
2024-01-19,68.0999984741211,69.30000305175781,67.5999984741211,67.5999984741211,874004
2024-01-22,68.0,68.0999984741211,67.30000305175781,67.69999694824219,299347
2024-01-23,67.9000015258789,67.9000015258789,67.0999984741211,67.9000015258789,278200
2024-01-24,67.9000015258789,68.19999694824219,67.4000015258789,67.80000305175781,316020
2024-01-25,68.5,68.80000305175781,68.19999694824219,68.5999984741211,475458
2024-01-26,68.9000015258789,69.19999694824219,68.5,69.19999694824219,237263
2024-01-29,69.0,69.19999694824219,68.80000305175781,69.0,247095
2024-01-30,69.0,69.0,68.5,68.5999984741211,250516
2024-01-31,68.5999984741211,69.0,67.80000305175781,69.0,374016
2024-02-01,69.0,69.30000305175781,68.4000015258789,68.5,240200
2024-02-02,68.5,68.5,67.9000015258789,68.0,239000
2024-02-05,68.0,68.5,67.5,67.69999694824219,186000
2024-02-15,67.4000015258789,68.0,67.19999694824219,67.5999984741211,378100
2024-02-16,68.30000305175781,69.80000305175781,68.0999984741211,69.5,683038
2024-02-19,69.9000015258789,69.9000015258789,68.5999984741211,69.0,251000
2024-02-20,68.80000305175781,68.9000015258789,68.30000305175781,68.4000015258789,342100
2024-02-21,68.9000015258789,69.5999984741211,68.69999694824219,69.5999984741211,361719
2024-02-22,69.5999984741211,69.5999984741211,68.9000015258789,69.0,236001
2024-02-23,69.0,69.19999694824219,68.4000015258789,68.5,221500
2024-02-26,68.4000015258789,69.0,68.4000015258789,68.5999984741211,202000
2024-02-27,68.5,69.0999984741211,68.5,68.5,271006
2024-02-29,68.5,69.4000015258789,68.19999694824219,69.4000015258789,625362
2024-03-01,69.0,69.5,68.9000015258789,69.5,311745
2024-03-04,69.4000015258789,69.4000015258789,69.0,69.0,253501
2024-03-05,69.0,70.30000305175781,69.0,70.19999694824219,614561
2024-03-06,70.19999694824219,71.4000015258789,70.0999984741211,70.69999694824219,618194
2024-03-07,70.9000015258789,71.9000015258789,70.9000015258789,71.30000305175781,488800
2024-03-08,71.30000305175781,71.69999694824219,70.19999694824219,70.69999694824219,550566
2024-03-11,70.5999984741211,72.9000015258789,70.5999984741211,72.0,749022
2024-03-12,78.9000015258789,79.19999694824219,78.9000015258789,79.19999694824219,1077450
2024-03-13,81.0,82.69999694824219,80.5,81.69999694824219,3053437
2024-03-14,81.69999694824219,86.5,81.69999694824219,82.80000305175781,2190682
2024-03-15,83.0,83.0999984741211,80.69999694824219,81.80000305175781,1126760
2024-03-18,81.80000305175781,83.30000305175781,81.5,82.9000015258789,704141
2024-03-19,82.69999694824219,83.5,82.5,83.0999984741211,540859
2024-03-20,83.0999984741211,83.19999694824219,82.19999694824219,82.69999694824219,576769
2024-03-21,82.69999694824219,83.30000305175781,82.30000305175781,82.69999694824219,688013
2024-03-22,82.80000305175781,83.4000015258789,82.30000305175781,82.30000305175781,496079
2024-03-25,82.4000015258789,83.30000305175781,82.19999694824219,83.19999694824219,573315
2024-03-26,83.30000305175781,83.4000015258789,82.30000305175781,83.30000305175781,759892
2024-03-27,82.9000015258789,85.5999984741211,82.9000015258789,85.30000305175781,854260
2024-03-28,85.5,85.5,84.19999694824219,84.4000015258789,533242
2024-03-29,84.5999984741211,86.30000305175781,84.30000305175781,84.69999694824219,340000
2024-04-01,85.19999694824219,85.69999694824219,84.5999984741211,84.80000305175781,524040
2024-04-02,84.5999984741211,86.30000305175781,84.5999984741211,86.19999694824219,804907
2024-04-03,86.0,86.0,83.0999984741211,85.5,1187300
2024-04-08,85.19999694824219,85.19999694824219,83.30000305175781,84.30000305175781,1033069
2024-04-09,84.5,87.4000015258789,84.5,86.80000305175781,866380
2024-04-10,86.80000305175781,90.1999969482422,86.80000305175781,89.5,1006027
2024-04-11,90.0,90.0999984741211,87.80000305175781,89.30000305175781,771002
2024-04-12,89.80000305175781,89.80000305175781,88.19999694824219,88.69999694824219,513479
2024-04-15,88.69999694824219,90.1999969482422,88.4000015258789,90.0,531933
2024-04-16,90.0,90.0,86.69999694824219,87.5,1063377
2024-04-17,90.0,94.0,89.9000015258789,91.9000015258789,1736588
2024-04-18,91.8000030517578,94.5,91.3000030517578,94.0,890773
2024-04-19,93.3000030517578,93.3000030517578,90.0,91.8000030517578,1242879
2024-04-22,91.5,92.5999984741211,90.6999969482422,92.0999984741211,612235
2024-04-23,92.3000030517578,96.8000030517578,92.3000030517578,96.0,1505893
2024-04-24,96.4000015258789,97.8000030517578,95.4000015258789,96.1999969482422,801962
2024-04-25,95.8000030517578,97.5,95.4000015258789,96.1999969482422,547226
2024-04-26,96.1999969482422,96.4000015258789,94.0,95.0,833623
2024-04-29,95.0,96.4000015258789,94.6999969482422,96.3000030517578,617931
2024-04-30,95.9000015258789,96.6999969482422,95.6999969482422,96.5,594248
2024-05-02,96.5,98.0999984741211,96.5,97.8000030517578,635052
2024-05-03,97.9000015258789,98.6999969482422,96.6999969482422,97.9000015258789,782766
2024-05-06,98.8000030517578,98.8000030517578,97.1999969482422,97.9000015258789,539972
2024-05-07,97.9000015258789,98.0,96.1999969482422,97.0,1006400
2024-05-08,97.5,97.5,92.0,93.3000030517578,1826942
2024-05-09,92.0,93.0,90.5,91.1999969482422,1770304
2024-05-10,91.1999969482422,92.8000030517578,90.6999969482422,92.0,996300
2024-05-13,92.0,92.0,90.3000030517578,90.9000015258789,794305
2024-05-14,90.9000015258789,91.0,89.9000015258789,90.6999969482422,758587
2024-05-15,91.0,92.8000030517578,91.0,92.8000030517578,911546
2024-05-16,93.5,93.5999984741211,91.8000030517578,92.8000030517578,549700
2024-05-17,92.5,92.8000030517578,91.9000015258789,92.5999984741211,342120
2024-05-20,92.8000030517578,94.1999969482422,92.8000030517578,94.0999984741211,670120
2024-05-21,94.0,94.0,92.5,93.4000015258789,360255
2024-05-22,93.9000015258789,94.6999969482422,93.1999969482422,93.5999984741211,524100
2024-05-23,93.5,93.5999984741211,91.5,91.5,653950
2024-05-24,92.0,92.0,91.0,91.5999984741211,295272
2024-05-27,91.5999984741211,92.5999984741211,91.1999969482422,91.5999984741211,265957
2024-05-28,92.1999969482422,94.0,92.1999969482422,93.1999969482422,657478
2024-05-29,93.1999969482422,93.3000030517578,92.0,92.1999969482422,447063
2024-05-30,92.0,92.5999984741211,91.8000030517578,92.4000015258789,205015
2024-05-31,92.5999984741211,95.0,92.4000015258789,95.0,824296
2024-06-03,95.0,95.3000030517578,94.0999984741211,95.0999984741211,620225
2024-06-04,95.9000015258789,95.9000015258789,94.1999969482422,95.6999969482422,779584
2024-06-05,95.4000015258789,96.6999969482422,94.8000030517578,95.8000030517578,1496105
2024-06-06,95.4000015258789,96.8000030517578,95.4000015258789,96.4000015258789,958500
2024-06-07,96.8000030517578,96.8000030517578,95.1999969482422,95.5999984741211,1159204
2024-06-11,96.0,96.4000015258789,94.8000030517578,95.1999969482422,1885162
2024-06-12,89.80000305175781,90.5999984741211,88.19999694824219,90.1999969482422,3450752
2024-06-13,90.1999969482422,94.0,90.1999969482422,93.9000015258789,1385453
2024-06-14,92.6999969482422,93.5,91.8000030517578,92.5999984741211,733335
2024-06-17,92.5,94.0,91.0,94.0,984003
2024-06-18,93.5,94.8000030517578,93.5,94.4000015258789,741054
2024-06-19,94.0,95.6999969482422,93.5,95.5,2094659
2024-06-20,95.9000015258789,96.0999984741211,94.0999984741211,96.0999984741211,1988110
2024-06-21,95.4000015258789,97.5,94.1999969482422,97.5,2060980
2024-06-24,96.5999984741211,105.0,95.6999969482422,105.0,3207395
2024-06-25,104.0,104.0,97.9000015258789,97.9000015258789,1951771
2024-06-26,97.9000015258789,99.6999969482422,95.5999984741211,96.9000015258789,1159204
2024-06-27,96.0999984741211,96.9000015258789,95.4000015258789,96.9000015258789,856259
2024-06-28,96.4000015258789,96.9000015258789,94.8000030517578,96.1999969482422,1128347
2024-07-01,96.1999969482422,96.1999969482422,95.0999984741211,95.0999984741211,348061
2024-07-02,95.1999969482422,95.1999969482422,93.5999984741211,93.5999984741211,760783
2024-07-03,93.5,94.5,92.8000030517578,93.5999984741211,474030
2024-07-04,94.8000030517578,94.8000030517578,92.1999969482422,92.5,681262
2024-07-05,92.5,92.9000015258789,92.0,92.0999984741211,399000
2024-07-08,92.0,92.1999969482422,90.6999969482422,91.6999969482422,664841
2024-07-09,92.3000030517578,92.5,90.6999969482422,91.5,771150
2024-07-10,91.8000030517578,93.9000015258789,91.0999984741211,93.5,717189
2024-07-11,94.0,94.1999969482422,92.6999969482422,94.0999984741211,495328
2024-07-12,93.9000015258789,94.4000015258789,93.0,94.4000015258789,442743
2024-07-15,94.4000015258789,94.8000030517578,92.5,93.0999984741211,398524
2024-07-16,92.6999969482422,93.5,92.0999984741211,93.5,326406
2024-07-17,93.0999984741211,94.3000030517578,93.0999984741211,93.4000015258789,329999
2024-07-18,93.0999984741211,93.9000015258789,92.1999969482422,93.6999969482422,279085
2024-07-19,92.8000030517578,94.3000030517578,92.5,93.3000030517578,767115
2024-07-22,93.3000030517578,93.4000015258789,91.6999969482422,93.4000015258789,724500
2024-07-23,93.4000015258789,95.5999984741211,93.4000015258789,94.3000030517578,561014
2024-07-26,93.9000015258789,93.9000015258789,92.5999984741211,93.3000030517578,262262
2024-07-29,93.0,94.3000030517578,93.0,93.8000030517578,318258
2024-07-30,93.8000030517578,94.1999969482422,92.5999984741211,94.1999969482422,448235
2024-07-31,94.1999969482422,95.0,93.5,94.6999969482422,386143
2024-08-01,95.5,96.8000030517578,94.8000030517578,96.5,636385
2024-08-02,94.1999969482422,95.5999984741211,91.0999984741211,91.1999969482422,1241400
2024-08-05,90.0,90.0,84.30000305175781,86.5,1165949
2024-08-06,86.5,88.19999694824219,83.30000305175781,87.5,835411
2024-08-07,87.5,90.6999969482422,87.5,90.4000015258789,625902
2024-08-08,89.0,89.9000015258789,88.5999984741211,88.80000305175781,239504
2024-08-09,89.0,90.6999969482422,89.0,89.30000305175781,283102
2024-08-12,89.4000015258789,90.6999969482422,89.4000015258789,90.0,227719
2024-08-13,90.1999969482422,91.1999969482422,89.80000305175781,91.1999969482422,234749
2024-08-14,91.4000015258789,93.3000030517578,91.3000030517578,93.3000030517578,489473
2024-08-15,93.5999984741211,93.5999984741211,91.0999984741211,91.0999984741211,515800
2024-08-16,92.3000030517578,93.6999969482422,91.9000015258789,91.9000015258789,463351
2024-08-19,91.9000015258789,92.4000015258789,91.1999969482422,91.3000030517578,169524
2024-08-20,92.1999969482422,93.0999984741211,91.4000015258789,92.8000030517578,335537
2024-08-21,93.5,96.0,92.6999969482422,94.5,978889
2024-08-22,95.0999984741211,95.0999984741211,92.5999984741211,93.5,264110
2024-08-23,93.5,93.5,92.0,92.3000030517578,152300
2024-08-26,92.4000015258789,93.5,92.4000015258789,93.0,188021
2024-08-27,92.1999969482422,93.5,92.0,93.5,242012
2024-08-28,93.9000015258789,93.9000015258789,92.5999984741211,93.3000030517578,134011
2024-08-29,93.5,94.0,92.8000030517578,93.8000030517578,219000
2024-08-30,94.1999969482422,95.1999969482422,93.3000030517578,95.1999969482422,431100
2024-09-02,95.5,95.5,93.6999969482422,95.0,240105
2024-09-03,95.1999969482422,95.3000030517578,94.1999969482422,95.0,254559
2024-09-04,92.0,94.3000030517578,89.4000015258789,92.3000030517578,778502
2024-09-05,92.5999984741211,94.1999969482422,92.5,93.5,354062
2024-09-06,93.4000015258789,93.5,91.5999984741211,93.3000030517578,225719
2024-09-09,91.4000015258789,93.0,91.1999969482422,93.0,344015
2024-09-10,92.5,93.5,92.1999969482422,93.3000030517578,254072
2024-09-11,92.3000030517578,92.6999969482422,91.5,91.6999969482422,306086
2024-09-12,92.0,93.0,91.3000030517578,93.0,311075
2024-09-13,92.1999969482422,92.6999969482422,92.1999969482422,92.3000030517578,109000
2024-09-16,92.3000030517578,93.1999969482422,92.0,92.0,99916
2024-09-18,92.8000030517578,94.1999969482422,92.0999984741211,92.4000015258789,438801
2024-09-19,92.5,93.8000030517578,92.5,93.4000015258789,250208
2024-09-20,93.4000015258789,95.0999984741211,92.5999984741211,95.0999984741211,395619
2024-09-23,94.8000030517578,94.8000030517578,93.1999969482422,93.1999969482422,238800
2024-09-24,93.0,94.0,93.0,93.5999984741211,108117
2024-09-25,94.4000015258789,94.9000015258789,94.1999969482422,94.5,232019
2024-09-26,94.5,94.8000030517578,93.8000030517578,94.4000015258789,213426
2024-09-27,94.0999984741211,94.8000030517578,93.6999969482422,93.8000030517578,156027
2024-09-30,93.4000015258789,94.0,93.3000030517578,93.9000015258789,119495
2024-10-01,94.5999984741211,94.5999984741211,92.9000015258789,93.6999969482422,161016
2024-10-04,94.0,94.0,93.0,94.0,174200
2024-10-07,94.5,94.5,93.5999984741211,94.5,158172
2024-10-08,94.3000030517578,94.5,93.5,94.5,158006
2024-10-09,94.8000030517578,94.8000030517578,93.5999984741211,94.4000015258789,171010
2024-10-11,94.6999969482422,97.8000030517578,94.6999969482422,97.6999969482422,1312239
2024-10-14,98.0999984741211,99.5999984741211,98.0999984741211,99.4000015258789,798051
2024-10-15,99.4000015258789,101.0,98.5,101.0,774040
2024-10-16,101.0,101.5,100.0,100.5,506532
2024-10-17,101.5,101.5,100.0,101.0,285509
2024-10-18,100.5,101.5,99.9000015258789,101.5,296301
2024-10-21,102.0,102.0,100.0,101.5,264902
2024-10-22,101.5,101.5,98.0999984741211,98.0999984741211,597607
2024-10-23,98.0999984741211,100.5,98.0999984741211,100.5,363819
2024-10-24,99.8000030517578,100.0,98.6999969482422,99.5999984741211,140121
2024-10-25,99.5999984741211,99.9000015258789,98.5,98.5999984741211,198180
2024-10-28,98.5999984741211,99.4000015258789,98.0999984741211,99.4000015258789,202908
2024-10-29,99.0,99.0,97.1999969482422,97.6999969482422,246600
2024-10-30,97.6999969482422,98.1999969482422,96.5,98.1999969482422,235098
2024-11-01,98.0,100.0,97.3000030517578,100.0,438226
2024-11-04,99.8000030517578,99.8000030517578,98.1999969482422,98.1999969482422,214399
2024-11-05,97.8000030517578,98.5,97.8000030517578,98.5,132000
2024-11-06,97.8000030517578,99.0999984741211,97.8000030517578,98.9000015258789,191130
2024-11-07,98.0999984741211,100.0,98.0999984741211,98.5,300676
2024-11-08,99.0,100.5,99.0,100.0,526803
2024-11-11,100.5,100.5,99.3000030517578,100.5,244950
2024-11-12,99.3000030517578,99.5,98.5999984741211,98.6999969482422,269399
2024-11-13,98.3000030517578,98.5999984741211,97.5999984741211,98.0,234100
2024-11-14,97.8000030517578,98.5999984741211,96.5,98.3000030517578,359022
2024-11-15,98.5,100.0,98.0999984741211,99.3000030517578,421005
2024-11-18,99.0999984741211,100.0,99.0,100.0,333230
2024-11-19,100.0,100.5,99.4000015258789,100.0,292030
2024-11-20,100.5,100.5,100.5,100.5,254247
2024-11-21,100.5,100.5,99.5,100.5,156231
2024-11-22,100.5,100.5,99.8000030517578,99.8000030517578,91086
2024-11-25,100.5,101.5,100.0,101.5,343223
2024-11-26,101.5,101.5,100.0,100.5,154103
2024-11-27,100.0,100.5,99.3000030517578,99.3000030517578,170339
2024-11-28,99.3000030517578,99.5,98.5999984741211,99.1999969482422,156260
2024-11-29,98.6999969482422,100.0,98.3000030517578,100.0,215130
2024-12-02,100.0,100.5,99.8000030517578,99.8000030517578,227048
2024-12-03,100.0,100.5,99.9000015258789,100.0,193273
2024-12-04,100.5,101.0,100.0,101.0,236466
2024-12-05,101.0,101.5,100.5,101.5,190510
2024-12-06,101.0,104.5,101.0,104.0,646497
2024-12-09,104.0,104.0,102.5,104.0,272296
2024-12-10,104.0,104.0,102.5,102.5,146145
2024-12-11,103.5,104.0,103.0,103.0,163144
2024-12-12,104.0,104.0,103.0,103.0,140811
2024-12-13,103.0,103.5,101.0,103.0,262197
2024-12-16,104.0,108.0,104.0,105.5,817385
2024-12-17,106.0,106.0,104.5,105.5,315143
2024-12-18,106.0,107.0,105.5,107.0,319343
2024-12-19,106.5,106.5,102.5,103.5,454535
2024-12-20,103.5,104.0,102.0,102.0,507553
2024-12-23,103.5,106.0,103.5,106.0,323530
2024-12-24,106.5,106.5,105.0,105.5,111403
2024-12-25,106.5,106.5,104.5,104.5,169025
2024-12-26,104.5,105.5,103.0,103.0,170252
2024-12-27,104.5,106.0,104.5,104.5,301145
2024-12-30,105.0,105.5,104.5,105.5,143288
2024-12-31,105.0,106.5,104.0,106.5,267574
2025-01-02,107.0,107.0,104.0,105.0,254694
2025-01-03,104.0,105.5,104.0,105.5,126552
2025-01-06,105.5,106.0,104.5,104.5,135122
2025-01-07,104.5,105.5,104.0,105.5,205045
2025-01-08,105.5,106.0,105.0,105.0,166952
2025-01-09,105.0,105.0,103.5,103.5,166112
2025-01-10,103.0,104.0,102.0,102.5,289551
2025-01-13,100.5,102.0,100.0,102.0,393050
2025-01-14,102.5,102.5,101.5,101.5,101013
2025-01-15,101.5,103.0,101.5,102.0,139025
2025-01-16,102.5,103.0,101.0,101.0,236130
2025-01-17,101.5,102.5,101.5,102.0,149999
2025-01-20,102.0,103.5,102.0,102.5,117185
2025-01-21,102.5,103.5,102.0,102.5,119054
2025-01-22,103.0,104.5,102.5,104.0,220468
2025-02-03,104.0,104.0,101.5,102.0,282445
2025-02-04,103.0,104.0,102.5,103.0,152100
2025-02-05,103.5,104.5,103.0,103.5,188417
2025-02-06,103.5,104.5,103.5,104.5,110205
2025-02-07,104.5,104.5,103.5,103.5,116600
2025-02-10,103.5,103.5,101.5,101.5,412204
2025-02-11,102.0,102.5,101.0,101.0,196340
2025-02-12,101.0,102.5,101.0,101.0,156121
2025-02-13,101.0,102.0,100.5,101.0,493309
2025-02-14,98.5,100.5,97.4000015258789,99.0,1249068
2025-02-17,99.4000015258789,101.0,99.4000015258789,101.0,285285
2025-02-18,101.0,101.0,100.0,100.0,166040
2025-02-19,100.0,101.0,100.0,100.5,117476
2025-02-20,100.0,101.0,100.0,100.5,109513
2025-02-21,100.5,101.5,100.5,101.0,126100
2025-02-24,101.0,101.0,100.0,100.5,123210
2025-02-25,100.0,100.5,99.9000015258789,100.0,165183
2025-02-26,100.0,100.5,99.9000015258789,100.0,147100
2025-02-27,100.0,100.5,100.0,100.5,209363
2025-03-03,100.5,100.5,99.8000030517578,100.5,127424
2025-03-04,100.0,100.5,99.1999969482422,100.0,209210
2025-03-05,99.8000030517578,100.5,99.6999969482422,100.0,103952
2025-03-06,100.5,101.0,100.5,101.0,106022
2025-03-07,101.0,101.0,100.0,100.5,138193
2025-03-10,110.5,110.5,110.5,110.5,800315
2025-03-11,110.5,114.5,109.0,111.5,2884647
2025-03-12,112.0,115.5,111.5,114.5,930216
2025-03-13,114.5,114.5,112.5,113.5,420400
2025-03-14,113.5,114.5,113.0,114.5,322494
2025-03-17,114.5,114.5,113.0,114.0,332030
2025-03-18,114.0,114.5,113.5,114.0,237011
2025-03-19,114.0,114.0,113.0,113.0,252374
2025-03-20,113.0,113.5,112.5,113.0,203669
2025-03-21,112.5,113.0,111.5,112.0,300204
2025-03-24,111.5,112.0,110.5,111.0,211405
2025-03-25,112.0,112.0,111.0,111.5,146161
2025-03-26,112.0,114.0,112.0,113.0,255100
2025-03-27,113.0,114.0,112.0,114.0,233161
2025-03-28,114.0,114.0,111.5,113.0,194083
2025-03-31,111.0,111.5,110.5,111.0,300280
2025-04-01,111.0,112.5,110.5,112.5,121085
2025-04-02,112.5,112.5,111.5,112.0,68100
2025-04-07,101.0,104.0,101.0,101.0,1504280
2025-04-08,104.0,108.0,103.0,106.5,1387538
2025-04-09,105.0,106.0,100.5,100.5,951962
2025-04-10,110.5,110.5,108.0,109.5,779689
2025-04-11,106.5,109.0,106.0,108.5,554530
2025-04-14,108.5,108.5,105.5,107.0,404237
2025-04-15,106.0,108.0,105.5,107.5,256200
2025-04-16,106.0,107.5,106.0,107.0,200036
2025-04-17,106.5,107.5,106.0,106.5,101742
2025-04-18,106.5,107.0,106.0,106.0,118036
2025-04-21,106.0,107.5,106.0,106.0,185155
2025-04-22,106.5,108.5,106.0,106.5,338529
2025-04-23,107.0,108.0,107.0,107.0,199205
2025-04-24,106.5,107.0,105.0,105.0,271184
2025-04-25,106.0,106.0,104.0,104.5,282105
2025-04-28,105.5,105.5,104.5,104.5,111002
2025-04-29,105.0,106.5,104.5,106.0,184104
2025-04-30,105.5,106.5,104.5,106.5,410213
2025-05-02,107.0,108.0,105.5,107.0,293352
2025-05-05,107.0,108.5,106.5,107.5,406800
2025-05-06,106.5,108.0,106.5,107.5,196118
2025-05-07,107.0,107.5,105.5,106.5,264021
2025-05-08,106.5,107.0,105.5,106.0,211800
2025-05-09,106.0,106.5,105.5,105.5,186326
2025-05-12,106.0,107.0,105.0,105.5,300629
2025-05-13,105.5,107.0,104.5,105.5,393020
2025-05-14,106.0,107.0,105.5,106.5,243023
2025-05-15,106.5,107.5,106.0,106.0,239007
2025-05-16,106.5,109.0,106.5,108.5,448070
2025-05-19,108.5,108.5,107.0,108.0,288226
2025-05-20,108.0,108.0,107.0,107.0,313098
2025-05-21,107.0,108.0,106.5,108.0,346004
2025-05-22,107.0,107.5,106.5,106.5,104130
2025-05-23,106.5,107.5,106.5,106.5,95500
2025-05-26,106.5,108.0,106.5,107.0,257066
2025-05-27,107.5,107.5,106.5,107.0,377309
2025-05-28,107.0,108.0,106.0,106.5,288004
2025-05-29,107.0,107.0,105.0,105.0,440482
2025-06-02,105.0,105.0,102.5,102.5,575050
2025-06-03,103.0,103.5,102.0,103.0,484070
2025-06-04,104.0,105.5,104.0,104.5,361100
2025-06-05,105.0,105.0,103.5,103.5,248025
2025-06-06,103.0,103.5,102.0,102.5,589288
2025-06-09,103.0,103.5,101.5,102.0,444112
2025-06-10,102.0,103.5,102.0,102.5,462226
2025-06-11,103.5,104.5,103.0,104.0,391243
2025-06-12,103.5,104.5,103.0,103.5,365132
2025-06-13,103.0,105.5,103.0,104.5,515543
2025-06-16,104.5,106.0,104.5,105.0,466230
2025-06-17,106.0,108.5,105.5,105.5,1216335
2025-06-18,106.5,107.0,105.0,106.0,869397
2025-06-19,105.5,106.5,104.5,104.5,792506
2025-06-20,104.5,105.5,103.0,104.0,1251740
2025-06-23,102.5,104.5,102.5,104.0,934351
2025-06-24,103.5,104.0,102.0,103.5,1272666
2025-06-25,103.5,103.5,102.5,102.5,820400
2025-06-26,103.5,103.5,103.0,103.0,1327188
2025-06-27,97.0,98.5999984741211,96.6999969482422,98.5999984741211,2115349
2025-06-30,98.8000030517578,99.5999984741211,98.0,98.0,1386260
2025-07-01,98.6999969482422,100.5,98.5,100.0,532364
2025-07-02,100.0,100.0,98.9000015258789,99.9000015258789,274715
2025-07-03,99.5,99.8000030517578,98.6999969482422,98.8000030517578,474576
2025-07-04,99.0,99.9000015258789,99.0,99.1999969482422,308598
2025-07-07,98.9000015258789,99.5,98.6999969482422,98.9000015258789,109897
2025-07-08,99.4000015258789,99.4000015258789,98.0,98.0,281650
2025-07-09,97.6999969482422,97.8000030517578,96.1999969482422,96.1999969482422,941710
2025-07-10,96.1999969482422,96.6999969482422,95.5,96.1999969482422,289581
2025-07-11,96.9000015258789,97.6999969482422,96.4000015258789,96.9000015258789,356107
2025-07-14,96.9000015258789,98.4000015258789,96.9000015258789,97.1999969482422,395220
2025-07-15,97.1999969482422,98.0,96.8000030517578,96.9000015258789,195240
2025-07-16,96.5999984741211,97.0,96.3000030517578,96.3000030517578,321110
2025-07-17,96.3000030517578,97.0,96.0999984741211,96.5,163124
2025-07-18,97.1999969482422,97.5999984741211,96.3000030517578,96.5999984741211,308207
2025-07-21,97.0,97.3000030517578,96.5,96.9000015258789,93390
2025-07-22,96.9000015258789,97.4000015258789,96.4000015258789,96.4000015258789,252009
2025-07-23,96.6999969482422,98.5,96.6999969482422,98.3000030517578,338110
2025-07-24,98.0999984741211,98.0999984741211,97.0,97.0,231010
2025-07-25,96.8000030517578,97.0,96.3000030517578,97.0,346883
2025-07-28,96.6999969482422,96.6999969482422,95.5999984741211,96.0,546160
2025-07-29,96.0,96.0,94.0999984741211,94.0999984741211,570086
2025-07-30,94.1999969482422,95.5,94.1999969482422,95.1999969482422,221007
2025-07-31,95.5,95.5999984741211,94.5,95.0,233077
2025-08-04,94.5999984741211,97.5,94.5999984741211,97.5,385750
2025-08-05,97.5,98.0999984741211,97.0999984741211,98.0999984741211,282112
2025-08-06,98.3000030517578,99.1999969482422,98.0,98.5,397546
2025-08-07,103.0,106.0,102.0,104.5,2077372
2025-08-08,104.5,104.5,102.0,102.0,313905
2025-08-11,102.0,102.5,101.5,102.0,178079
2025-08-12,103.5,106.0,103.5,105.5,689126
2025-08-13,104.5,106.0,104.5,104.5,275453
2025-08-14,105.0,106.5,104.5,105.5,401300
2025-08-15,106.5,106.5,104.5,105.5,194600
2025-08-18,105.5,105.5,103.5,104.0,186901
2025-08-19,103.0,104.0,103.0,103.0,112136
2025-08-20,104.0,104.0,102.0,103.0,184100
2025-08-21,102.5,104.0,102.5,103.5,139130
2025-08-22,103.5,104.0,102.5,103.5,159146
2025-08-25,103.5,105.0,103.5,105.0,179570
2025-08-26,104.5,105.5,104.0,105.0,235242
2025-08-27,105.0,106.0,104.5,105.0,220033
2025-08-28,104.5,106.0,104.5,105.5,157100
2025-08-29,105.5,108.0,105.5,108.0,586866
2025-09-01,108.5,112.0,108.5,111.5,647818
2025-09-02,110.0,114.0,110.0,112.5,341980
2025-09-03,113.0,118.5,113.0,118.0,841154
2025-09-04,118.0,119.0,117.0,118.0,381571
2025-09-05,118.0,120.0,116.0,119.5,554131
2025-09-08,120.0,120.5,119.0,119.0,259200
2025-09-09,118.5,119.0,116.0,119.0,569344
2025-09-10,118.0,118.5,116.5,118.0,353174
2025-09-11,116.5,118.0,114.5,114.5,887635
2025-09-12,115.5,117.5,115.0,115.5,255294
2025-09-15,115.5,116.5,114.5,114.5,133433
2025-09-16,114.5,115.0,113.0,113.0,325189
2025-09-17,112.0,113.5,110.5,110.5,428607
2025-09-18,111.5,112.5,110.5,110.5,431503
2025-09-19,111.0,113.5,110.5,113.0,399442
2025-09-22,113.0,115.0,113.0,114.5,370753
2025-09-23,114.5,117.0,114.5,116.5,267132
2025-09-24,118.0,121.0,118.0,120.0,764514
2025-09-25,119.5,121.0,118.5,119.0,420904
2025-09-26,119.5,120.0,117.5,119.0,322322
2025-09-30,119.0,121.0,119.0,120.5,1050080
2025-10-01,120.0,121.0,119.5,120.5,178099
2025-10-02,121.0,121.5,119.0,119.0,192330
2025-10-03,119.0,120.0,119.0,119.5,140250
2025-10-07,119.5,119.5,117.5,118.5,207103
2025-10-08,118.5,119.0,118.0,118.0,146128
2025-10-09,118.0,119.0,116.5,117.0,302578
2025-10-13,118.0,118.0,115.5,116.0,297560
2025-10-14,116.0,117.5,115.0,115.0,225015
2025-10-15,115.5,117.0,115.5,117.0,181023
2025-10-16,117.0,118.0,116.5,117.0,150023
2025-10-17,117.0,117.0,116.0,116.0,211200
2025-10-20,117.0,117.0,115.5,116.0,187663
2025-10-21,117.0,117.0,115.0,115.0,219100
2025-10-22,115.0,116.0,115.0,115.0,94178
2025-10-23,115.0,116.0,115.0,115.0,52050
2025-10-27,115.5,115.5,113.5,114.5,368265
2025-10-28,115.0,115.0,114.0,114.0,86417
2025-10-29,114.0,115.0,114.0,114.0,145134
2025-10-30,114.5,115.0,113.0,113.0,179355
2025-10-31,114.0,114.0,112.5,112.5,200608
2025-11-03,113.0,114.0,112.5,112.5,208030
2025-11-04,113.0,114.0,113.0,113.5,172077
2025-11-05,113.0,114.5,112.5,113.5,205655
2025-11-06,114.5,117.0,114.5,117.0,404160
2025-11-07,117.0,117.5,116.0,117.5,335535
2025-11-10,116.0,116.0,112.0,114.5,1008446
2025-11-11,114.5,116.0,114.5,115.0,296055
2025-11-12,114.5,116.5,114.5,116.5,169035
2025-11-13,116.0,118.0,116.0,117.5,320381
2025-11-14,117.5,117.5,116.0,116.0,183923
2025-11-17,116.0,117.5,116.0,116.5,104150
2025-11-18,116.0,116.0,114.5,114.5,206151
2025-11-19,117.0,117.0,114.0,115.0,133000
2025-11-20,115.0,117.0,115.0,116.0,150010
2025-11-21,117.0,117.0,115.5,116.5,238253
2025-11-24,116.0,118.0,116.0,118.0,348247
2025-11-25,118.0,118.0,116.0,116.5,107485
2025-11-26,117.5,117.5,116.5,117.5,91483
2025-11-27,117.0,118.5,117.0,118.5,162100
2025-11-28,118.5,118.5,117.5,117.5,142152
2025-12-01,117.0,118.0,117.0,117.5,68261
2025-12-02,117.5,118.0,116.5,117.0,112012
2025-12-03,117.0,117.0,116.0,116.0,174337
2025-12-04,116.0,117.0,116.0,116.5,112050
2025-12-05,116.0,117.0,116.0,116.5,107050
2025-12-08,117.0,117.5,116.5,116.5,136028
2025-12-09,116.5,117.5,116.5,116.5,161129
2025-12-10,117.0,118.0,117.0,117.0,125008
2025-12-11,117.0,119.0,117.0,118.5,256475
2025-12-12,119.5,119.5,118.5,119.0,196350
2025-12-15,119.0,120.0,118.5,120.0,248135
2025-12-16,118.5,119.5,118.0,119.0,335940
2025-12-17,119.5,122.0,119.0,121.5,533252
2025-12-18,121.5,121.5,118.5,118.5,331410
2025-12-19,118.0,119.0,117.5,117.5,364129
2025-12-22,117.5,118.5,117.5,118.0,160015
2025-12-23,118.0,118.5,117.5,118.0,205486
2025-12-24,118.5,118.5,117.0,117.0,138531
2025-12-26,117.0,117.5,116.0,116.0,266088
2025-12-29,116.0,117.5,116.0,117.5,197050
2025-12-30,117.5,117.5,116.5,116.5,110000
2025-12-31,116.5,117.5,116.5,117.5,135073
2026-01-02,117.5,117.5,116.5,116.5,243171
2026-01-05,116.5,117.0,115.5,116.0,285010
2026-01-06,116.0,116.5,115.5,115.5,250337
2026-01-07,115.5,116.5,115.0,115.5,215001
2026-01-08,116.0,116.5,115.5,116.0,278055
2026-01-09,116.5,117.0,115.5,117.0,223440
2026-01-12,116.0,116.5,115.0,116.0,274740
2026-01-13,116.5,116.5,115.5,115.5,149955
2026-01-14,116.5,117.0,116.5,117.0,181220
2026-01-15,117.0,118.0,116.0,116.5,198020
2026-01-16,116.5,117.0,115.5,117.0,410180
2026-01-19,116.5,118.0,116.5,117.0,299162
2026-01-20,116.5,118.0,116.5,117.5,348350
2026-01-21,116.5,117.0,115.5,116.5,246092
2026-01-22,116.5,116.5,115.5,116.0,275701
2026-01-23,116.0,116.0,115.0,115.0,241346
2026-01-26,115.0,116.0,115.0,115.0,195250
2026-01-27,115.0,116.5,115.0,115.0,207300
2026-01-28,115.5,115.5,113.0,113.5,776695
2026-01-29,113.0,114.0,112.5,113.5,265081
2026-01-30,113.5,113.5,112.5,112.5,335000
2026-02-02,112.5,112.5,111.0,112.5,403218
2026-02-03,112.5,113.5,112.5,113.0,144352
2026-02-04,113.0,114.5,112.0,114.5,112140
2026-02-05,114.0,114.5,113.0,113.0,203785
2026-02-06,114.0,114.0,112.0,114.0,205245
2026-02-09,113.5,114.0,113.0,113.0,182010
2026-02-10,113.0,114.0,112.5,114.0,175570
2026-02-11,114.5,114.5,113.5,114.0,194752
2026-02-23,113.0,115.0,113.0,114.0,357734
2026-02-24,114.5,116.0,114.5,115.5,408795
2026-02-25,115.5,116.0,115.0,116.0,295012
2026-02-26,116.0,117.0,115.5,115.5,345086
2026-03-02,115.0,118.5,115.0,118.0,586987
2026-03-03,118.0,120.5,117.5,119.5,778647
2026-03-04,118.5,119.0,116.0,116.0,647520
2026-03-05,117.5,119.0,116.5,117.5,448463
2026-03-06,117.5,118.0,117.0,117.5,115293
2026-03-09,115.0,115.5,113.5,114.0,555350
2026-03-10,115.0,116.0,115.0,115.5,219370
2026-03-11,115.5,120.0,115.5,118.5,439100
2026-03-12,117.5,119.0,117.0,117.0,271200
2026-03-13,117.0,120.0,116.5,120.0,576527
2026-03-16,120.0,120.0,116.0,117.5,684200
2026-03-17,117.5,118.0,116.5,117.5,334031
2026-03-18,118.0,118.0,117.0,117.5,350431
2026-03-19,116.5,117.0,115.5,116.0,411108
2026-03-20,115.5,118.0,115.5,117.5,293335
2026-03-23,116.0,116.5,115.0,115.0,356833
2026-03-24,115.5,116.5,115.5,116.5,192841
2026-03-25,118.0,118.0,115.5,116.0,314071
2026-03-26,116.5,117.0,116.0,116.5,114315
2026-03-27,116.5,117.5,116.0,117.0,151402
2026-03-30,115.0,116.5,115.0,116.5,156170
2026-03-31,115.5,117.0,115.5,117.0,264162
2026-04-01,117.5,117.5,116.5,117.5,149224
2026-04-02,117.5,118.0,116.5,118.0,165405
2026-04-07,117.5,117.5,117.0,117.0,90612
2026-04-08,117.5,120.0,117.5,119.0,582770
2026-04-09,119.0,119.5,118.5,119.0,146154
2026-04-10,119.5,124.5,119.5,124.5,778930
2026-04-13,124.5,125.5,123.0,124.5,342572
2026-04-14,125.5,126.0,125.0,126.0,285300
2026-04-15,126.0,128.5,126.0,127.0,439200
2026-04-16,128.0,128.0,123.5,124.5,389458
2026-04-17,125.0,125.5,123.5,125.5,241222
2026-04-20,125.0,126.5,123.0,124.0,273712
2026-04-21,124.5,124.5,122.0,122.5,332207
2026-04-22,123.0,123.5,122.0,123.5,114963
2026-04-23,123.5,123.5,121.5,123.0,387553
2026-04-24,124.0,125.0,123.0,124.5,141605
2026-04-27,124.0,124.0,122.5,124.0,299360
2026-04-28,124.5,127.0,124.5,125.5,318230
2026-04-29,126.0,128.0,126.0,127.5,417342
2026-04-30,132.0,135.5,132.0,133.0,1123400
2026-05-04,136.5,136.5,129.5,130.0,776257
2026-05-05,130.0,132.0,129.0,131.0,221422
2026-05-06,132.0,132.0,130.5,131.0,189338
2026-05-07,131.0,132.5,130.5,131.5,306444
2026-05-08,133.0,133.5,132.0,132.5,274020
2026-05-11,133.0,136.5,132.0,136.0,310263
2026-05-12,136.0,136.0,133.0,133.0,318075
2026-05-13,132.5,133.5,132.5,133.0,163036
2026-05-14,132.5,134.0,131.0,132.0,244170
2026-05-15,132.0,134.5,132.0,132.5,173530
2026-05-18,134.5,137.0,134.0,136.5,570390
2026-05-19,137.5,137.5,135.5,135.5,243491
2026-05-20,136.5,138.5,135.5,138.5,265250
2026-05-21,137.5,139.5,136.5,138.5,421083
2026-05-22,139.0,139.0,135.5,136.5,320101
2026-05-25,138.5,138.5,135.5,138.0,577063
2026-05-26,137.0,139.5,136.0,139.0,451205
2026-05-27,137.5,143.0,137.5,141.5,598886
2026-05-28,141.5,141.5,137.0,137.0,441462
2026-05-29,137.5,145.5,137.0,145.5,1522175
2026-06-01,142.0,143.5,139.0,142.5,1063523
2026-06-02,140.5,142.0,139.5,142.0,563037
2026-06-03,141.0,146.5,141.0,143.5,558098
2026-06-04,145.5,147.0,144.5,145.0,491997
2026-06-05,145.0,148.0,144.0,146.0,598593
2026-06-08,142.0,145.0,141.0,144.0,906742
2026-06-09,144.0,152.5,144.0,150.0,764222
2026-06-10,148.0,151.0,147.5,148.0,456287
2026-06-11,150.0,151.0,146.5,151.0,795295
2026-06-12,152.5,153.0,148.0,148.5,742268
2026-06-15,150.0,150.0,147.5,148.0,1033754
2026-06-16,140.5,144.5,137.0,138.5,3596085
2026-06-17,138.5,143.0,138.5,141.5,718816
2026-06-18,141.5,146.0,141.5,142.0,592648
2026-06-22,143.0,145.0,141.0,143.0,468771
2026-06-23,143.0,147.0,142.5,144.5,532885
2026-06-24,145.0,145.5,141.0,141.0,326025
2026-06-25,143.0,143.5,141.5,142.0,281154
2026-06-26,140.5,142.0,139.5,140.0,480467
2026-06-29,141.5,142.0,139.5,140.0,187909
2026-06-30,140.5,143.0,140.0,142.5,242656
2026-07-01,144.0,144.0,141.5,142.0,175324
2026-07-02,142.5,143.0,141.0,141.0,124120
2026-07-03,140.0,143.5,140.0,143.5,105464
2026-07-06,143.5,147.5,143.5,147.5,324075
2026-07-07,147.5,147.5,145.5,145.5,220362
2026-07-08,144.0,146.0,144.0,146.0,227376
2026-07-09,145.5,145.5,143.0,143.5,214249
2026-07-10,143.5,143.5,143.5,143.5,0
2026-07-13,143.5,145.5,143.5,145.0,144569
2026-07-14,146.0,146.0,143.0,145.5,326999
2026-07-15,146.0,149.0,146.0,148.5,473339
2026-07-16,148.5,151.0,147.0,147.5,340272
2026-07-17,146.5,148.5,144.0,145.0,323063
2026-07-20,147.0,148.0,144.0,147.0,259136
2026-07-21,147.0,148.0,146.5,147.5,150019
2026-07-22,146.5,149.0,146.5,147.0,176042
2026-07-23,148.0,149.0,145.5,147.0,153000
2026-07-24,147.0,148.5,146.5,147.5,170327
2026-07-27,152.5,160.0,151.5,158.0,1181687
2026-07-28,157.0,157.5,153.5,155.0,592291
2026-07-29,157.0,158.5,154.0,155.5,970100
2026-07-30,157.5,159.5,154.5,157.0,612133
2026-07-31,158.0,164.5,158.0,161.0,1036686
2026-08-03,161.0,166.0,158.5,165.0,315056
2026-08-04,162.0,163.5,159.0,159.0,471415
2026-08-05,159.0,160.0,153.0,157.5,595003
2026-08-06,154.5,157.0,153.0,157.0,284012
2026-08-07,155.5,163.0,155.5,163.0,306145
2026-08-10,165.0,165.0,161.0,161.5,156100
2026-08-11,161.0,161.5,158.5,159.0,150000
2026-08-12,160.0,160.0,157.5,158.0,206163
2026-08-13,158.0,161.5,158.0,161.0,309015
2026-08-14,161.0,161.0,158.5,159.0,174119
2026-08-17,159.0,163.0,159.0,163.0,292101
2026-08-18,161.0,162.0,160.0,161.5,197092
2026-08-19,160.5,163.0,158.5,159.5,145000
2026-08-20,163.0,166.0,160.0,166.0,490262
2026-08-21,165.5,168.5,164.0,168.5,274184
2026-08-24,168.5,169.0,164.0,164.5,183020
2026-08-25,165.0,165.5,163.0,163.0,124072
2026-08-26,163.0,164.0,162.0,163.5,132050
2026-08-27,164.0,166.5,163.0,163.5,132106
2026-08-28,164.0,164.0,160.0,160.5,391051
2026-08-31,160.0,160.0,158.0,159.0,331024
2026-09-01,158.0,161.0,158.0,160.5,220074
2026-09-02,159.5,162.0,159.5,161.0,82124
2026-09-03,161.5,161.5,158.5,159.0,312060
2026-09-04,159.0,160.5,158.5,159.0,143198
2026-09-07,161.0,161.0,156.5,157.0,445787
2026-09-08,157.0,158.5,156.5,157.5,98015
2026-09-09,156.5,158.5,156.0,158.0,135010
2026-09-10,157.0,158.5,157.0,157.5,107000
2026-09-11,156.5,159.5,156.5,159.0,150060
2026-09-14,157.5,157.5,155.5,156.0,245235
2026-09-15,156.0,156.0,155.0,155.5,140000
2026-09-16,155.5,157.0,155.0,157.0,136096
2026-09-17,157.0,159.0,157.0,158.5,145475
2026-09-18,158.5,159.0,156.5,159.0,187200
2026-09-21,159.5,161.0,157.5,160.5,131348
2026-09-22,161.0,161.0,159.0,159.0,64135
2026-09-23,160.5,160.5,158.0,158.5,108099
2026-09-24,157.5,159.5,156.0,157.5,433281
2026-09-29,157.0,163.0,157.0,161.0,638099
2026-09-30,160.5,163.0,159.5,163.0,1397295
2026-10-01,162.5,162.5,156.0,157.0,622100
2026-10-02,157.0,159.0,157.0,158.5,129631
2026-10-05,159.0,159.5,157.5,159.5,147006
2026-10-06,159.5,160.0,158.5,159.5,84033
2026-10-07,159.0,163.5,159.0,163.5,296447
