date,open,high,low,close,volume
2020-01-02,22.39999961853028,22.39999961853028,22.25,22.350000381469727,13304479
2020-01-03,22.350000381469727,22.450000762939453,22.299999237060547,22.450000762939453,17305776
2020-01-06,22.450000762939453,22.450000762939453,22.14999961853028,22.25,25122532
2020-01-07,22.25,22.39999961853028,22.200000762939453,22.350000381469727,23433012
2020-01-08,22.25,22.25,22.100000381469727,22.25,30189341
2020-01-09,22.25,22.350000381469727,22.200000762939453,22.299999237060547,21026240
2020-01-10,22.299999237060547,22.39999961853028,22.14999961853028,22.25,23934745
2020-01-13,22.350000381469727,22.5,22.200000762939453,22.5,24209400
2020-01-14,22.5,22.600000381469727,22.450000762939453,22.600000381469727,35947690
2020-01-15,22.700000762939453,22.75,22.5,22.700000762939453,33337659
2020-01-16,22.64999961853028,22.700000762939453,22.5,22.600000381469727,22443307
2020-01-17,22.64999961853028,22.64999961853028,22.450000762939453,22.600000381469727,17242153
2020-01-20,22.600000381469727,22.89999961853028,22.600000381469727,22.89999961853028,32131541
2020-01-30,22.549999237060547,22.549999237060547,22.0,22.0,105417554
2020-01-31,22.0,22.25,21.950000762939453,22.049999237060547,55909172
2020-02-03,21.600000381469727,21.950000762939453,21.5,21.950000762939453,41522634
2020-02-04,22.5,22.5,22.299999237060547,22.299999237060547,42350077
2020-02-05,22.200000762939453,22.39999961853028,22.100000381469727,22.39999961853028,27399395
2020-02-06,22.39999961853028,22.5,22.350000381469727,22.5,23983939
2020-02-07,22.39999961853028,22.5,22.350000381469727,22.5,31906792
2020-02-10,22.39999961853028,22.5,22.350000381469727,22.5,29232982
2020-02-11,22.5,22.549999237060547,22.39999961853028,22.549999237060547,19638667
2020-02-12,22.5,22.75,22.5,22.64999961853028,34993145
2020-02-13,22.64999961853028,22.799999237060547,22.600000381469727,22.799999237060547,24941107
2020-02-14,22.75,22.850000381469727,22.75,22.799999237060547,14428746
2020-02-17,22.799999237060547,22.950000762939453,22.700000762939453,22.950000762939453,38345889
2020-02-18,22.950000762939453,23.100000381469727,22.850000381469727,23.100000381469727,28569770
2020-02-19,23.200000762939453,23.299999237060547,23.0,23.299999237060547,35229590
2020-02-20,23.299999237060547,23.450000762939453,23.25,23.450000762939453,40525624
2020-02-21,23.350000381469727,23.450000762939453,23.100000381469727,23.200000762939453,28376526
2020-02-24,23.0,23.0,22.700000762939453,22.850000381469727,33543325
2020-02-25,22.64999961853028,22.799999237060547,22.600000381469727,22.799999237060547,29981348
2020-02-26,22.549999237060547,22.799999237060547,22.549999237060547,22.799999237060547,40632614
2020-02-27,22.700000762939453,22.799999237060547,22.549999237060547,22.700000762939453,46866541
2020-03-02,22.100000381469727,22.450000762939453,22.0,22.25,61067923
2020-03-03,22.350000381469727,22.64999961853028,22.350000381469727,22.549999237060547,48019294
2020-03-04,22.450000762939453,22.600000381469727,22.39999961853028,22.549999237060547,35838030
2020-03-05,22.700000762939453,22.850000381469727,22.549999237060547,22.850000381469727,38086159
2020-03-06,22.75,22.799999237060547,22.299999237060547,22.39999961853028,39725007
2020-03-09,22.0,22.100000381469727,21.75,21.799999237060547,85760208
2020-03-10,21.5,21.700000762939453,21.39999961853028,21.549999237060547,78805457
2020-03-11,21.5,21.600000381469727,21.299999237060547,21.350000381469727,84672906
2020-03-12,21.049999237060547,21.049999237060547,20.39999961853028,20.5,88864211
2020-03-13,19.0,19.799999237060547,18.600000381469727,19.64999961853028,169063828
2020-03-16,19.5,19.5,19.0,19.049999237060547,94011939
2020-03-17,18.450000762939453,18.75,18.299999237060547,18.350000381469727,113863406
2020-03-18,18.25,18.299999237060547,17.899999618530273,17.950000762939453,90387788
2020-03-19,17.5,17.549999237060547,16.299999237060547,16.299999237060547,120667927
2020-03-20,16.549999237060547,17.399999618530273,16.549999237060547,17.100000381469727,131914613
2020-03-23,16.350000381469727,16.450000762939453,16.049999237060547,16.149999618530273,103863738
2020-03-24,16.75,17.049999237060547,16.600000381469727,16.600000381469727,81386075
2020-03-25,17.299999237060547,17.799999237060547,17.299999237060547,17.5,81773053
2020-03-26,17.549999237060547,17.700000762939453,17.049999237060547,17.299999237060547,59751163
2020-03-27,17.799999237060547,17.950000762939453,17.649999618530273,17.899999618530273,74791081
2020-03-30,17.5,18.14999961853028,17.350000381469727,17.899999618530273,54418539
2020-03-31,18.14999961853028,18.299999237060547,17.700000762939453,17.899999618530273,55664105
2020-04-01,17.75,17.899999618530273,17.700000762939453,17.75,32969934
2020-04-06,18.14999961853028,18.14999961853028,17.399999618530273,17.850000381469727,52673702
2020-04-07,18.049999237060547,18.100000381469727,17.850000381469727,17.899999618530273,36503651
2020-04-08,17.75,18.100000381469727,17.700000762939453,17.950000762939453,43704887
2020-04-09,17.950000762939453,18.100000381469727,17.950000762939453,18.049999237060547,41993212
2020-04-10,18.14999961853028,18.75,18.100000381469727,18.64999961853028,54236425
2020-04-13,18.700000762939453,19.049999237060547,18.64999961853028,18.799999237060547,54476531
2020-04-14,19.0,19.75,18.89999961853028,19.64999961853028,69661201
2020-04-15,19.950000762939453,20.14999961853028,19.799999237060547,19.89999961853028,75824740
2020-04-16,19.799999237060547,19.799999237060547,19.39999961853028,19.5,54383445
2020-04-17,19.75,19.89999961853028,19.549999237060547,19.600000381469727,43389376
2020-04-20,19.600000381469727,19.600000381469727,19.299999237060547,19.299999237060547,33183531
2020-04-21,19.100000381469727,19.14999961853028,18.64999961853028,18.700000762939453,77668150
2020-04-22,18.25,18.549999237060547,18.14999961853028,18.5,59156590
2020-04-23,18.549999237060547,18.850000381469727,18.39999961853028,18.549999237060547,44084029
2020-04-24,18.549999237060547,18.75,18.5,18.600000381469727,38033501
2020-04-27,18.89999961853028,19.200000762939453,18.75,19.049999237060547,50844530
2020-04-28,19.14999961853028,19.5,19.100000381469727,19.5,41065464
2020-04-29,19.549999237060547,19.89999961853028,19.5,19.700000762939453,54043299
2020-04-30,19.89999961853028,20.25,19.850000381469727,20.0,69091028
2020-05-04,19.450000762939453,19.64999961853028,19.25,19.5,49015584
2020-05-05,19.64999961853028,19.75,19.600000381469727,19.64999961853028,23527196
2020-05-06,19.549999237060547,19.64999961853028,19.39999961853028,19.549999237060547,28623119
2020-05-07,19.600000381469727,19.850000381469727,19.549999237060547,19.700000762939453,26461880
2020-05-08,19.950000762939453,20.0,19.75,19.799999237060547,19783385
2020-05-11,19.950000762939453,20.14999961853028,19.89999961853028,20.0,30048861
2020-05-12,19.75,19.75,19.5,19.64999961853028,52780238
2020-05-13,19.549999237060547,19.799999237060547,19.5,19.799999237060547,25786650
2020-05-14,19.600000381469727,19.64999961853028,19.5,19.549999237060547,34072172
2020-05-15,19.700000762939453,19.799999237060547,19.5,19.600000381469727,29798480
2020-05-18,19.5,19.64999961853028,19.5,19.5,29876029
2020-05-19,19.89999961853028,19.89999961853028,19.700000762939453,19.850000381469727,35769020
2020-05-20,19.850000381469727,19.89999961853028,19.700000762939453,19.850000381469727,27978059
2020-05-21,19.799999237060547,19.89999961853028,19.700000762939453,19.799999237060547,34033897
2020-05-22,19.75,19.799999237060547,19.549999237060547,19.549999237060547,34460349
2020-05-25,19.549999237060547,19.75,19.5,19.75,15164205
2020-05-26,19.850000381469727,20.0,19.75,19.950000762939453,31638254
2020-05-27,20.0,20.100000381469727,19.950000762939453,20.100000381469727,27032956
2020-05-28,20.14999961853028,20.14999961853028,19.799999237060547,19.850000381469727,42857017
2020-05-29,19.75,19.950000762939453,19.64999961853028,19.950000762939453,143225996
2020-06-01,19.950000762939453,20.200000762939453,19.89999961853028,20.049999237060547,33203696
2020-06-02,20.100000381469727,20.299999237060547,20.049999237060547,20.299999237060547,37425367
2020-06-03,20.5,20.799999237060547,20.450000762939453,20.75,40834562
2020-06-04,20.89999961853028,20.950000762939453,20.64999961853028,20.64999961853028,30860353
2020-06-05,20.64999961853028,20.850000381469727,20.549999237060547,20.799999237060547,24815772
2020-06-08,20.950000762939453,21.0,20.799999237060547,21.0,26535911
2020-06-09,21.0,21.049999237060547,20.850000381469727,21.049999237060547,27015212
2020-06-10,21.0,21.100000381469727,20.89999961853028,21.100000381469727,22133140
2020-06-11,21.0,21.049999237060547,20.600000381469727,20.64999961853028,42433415
2020-06-12,20.100000381469727,20.350000381469727,20.0,20.200000762939453,46574184
2020-06-15,20.200000762939453,20.299999237060547,20.100000381469727,20.100000381469727,38370977
2020-06-16,20.25,20.39999961853028,20.200000762939453,20.350000381469727,33797952
2020-06-17,20.350000381469727,20.549999237060547,20.25,20.549999237060547,33141295
2020-06-18,20.549999237060547,20.549999237060547,20.25,20.299999237060547,25507721
2020-06-19,20.350000381469727,20.39999961853028,20.100000381469727,20.100000381469727,67418567
2020-06-22,20.100000381469727,20.299999237060547,20.100000381469727,20.299999237060547,18717771
2020-06-23,20.299999237060547,20.39999961853028,20.100000381469727,20.39999961853028,19184740
2020-06-24,20.299999237060547,20.450000762939453,20.200000762939453,20.25,27149239
2020-06-29,20.200000762939453,20.299999237060547,20.100000381469727,20.25,27769370
2020-06-30,20.299999237060547,20.450000762939453,20.299999237060547,20.350000381469727,22296241
2020-07-01,20.39999961853028,20.600000381469727,20.39999961853028,20.5,25520693
2020-07-02,20.5,20.64999961853028,20.39999961853028,20.5,42535936
2020-07-03,20.700000762939453,20.799999237060547,20.600000381469727,20.799999237060547,38019228
2020-07-06,20.89999961853028,21.049999237060547,20.850000381469727,21.049999237060547,52034431
2020-07-07,21.14999961853028,21.25,20.950000762939453,21.200000762939453,52148470
2020-07-08,21.100000381469727,21.200000762939453,21.0,21.14999961853028,49154798
2020-07-09,21.200000762939453,21.200000762939453,21.100000381469727,21.14999961853028,62643149
2020-07-10,21.100000381469727,21.14999961853028,20.799999237060547,20.89999961853028,89915745
2020-07-13,20.0,20.14999961853028,20.0,20.100000381469727,78250952
2020-07-14,20.100000381469727,20.14999961853028,19.950000762939453,19.950000762939453,43348624
2020-07-15,20.0,20.049999237060547,19.850000381469727,19.89999961853028,53009880
2020-07-16,19.950000762939453,19.950000762939453,19.799999237060547,19.850000381469727,49710853
2020-07-17,19.89999961853028,19.950000762939453,19.799999237060547,19.89999961853028,36563612
2020-07-20,19.89999961853028,19.950000762939453,19.799999237060547,19.850000381469727,21363090
2020-07-21,19.950000762939453,19.950000762939453,19.799999237060547,19.799999237060547,42213621
2020-07-22,19.799999237060547,19.89999961853028,19.64999961853028,19.799999237060547,54468215
2020-07-23,19.700000762939453,19.75,19.64999961853028,19.75,21828195
2020-07-24,19.64999961853028,19.700000762939453,19.5,19.5,33632411
2020-07-27,19.5,19.700000762939453,19.350000381469727,19.350000381469727,47639933
2020-07-28,19.25,19.39999961853028,19.25,19.350000381469727,38202650
2020-07-29,19.350000381469727,19.700000762939453,19.350000381469727,19.5,20796939
2020-07-30,19.64999961853028,19.700000762939453,19.450000762939453,19.64999961853028,27438141
2020-07-31,19.700000762939453,19.700000762939453,19.39999961853028,19.39999961853028,34529476
2020-08-03,19.39999961853028,19.5,19.299999237060547,19.299999237060547,26924824
2020-08-04,19.39999961853028,19.5,19.350000381469727,19.350000381469727,17529102
2020-08-05,19.350000381469727,19.39999961853028,19.299999237060547,19.299999237060547,20418537
2020-08-06,19.350000381469727,19.450000762939453,19.350000381469727,19.39999961853028,20375760
2020-08-07,19.39999961853028,19.450000762939453,19.299999237060547,19.350000381469727,24893886
2020-08-10,19.350000381469727,19.5,19.350000381469727,19.39999961853028,29893614
2020-08-11,19.450000762939453,19.549999237060547,19.39999961853028,19.39999961853028,25583850
2020-08-12,19.450000762939453,19.5,19.39999961853028,19.39999961853028,22428265
2020-08-13,19.5,19.5,19.39999961853028,19.5,19697233
2020-08-14,19.39999961853028,19.450000762939453,19.350000381469727,19.350000381469727,21702997
2020-08-17,19.39999961853028,19.600000381469727,19.350000381469727,19.5,25818720
2020-08-18,19.5,19.5,19.39999961853028,19.39999961853028,30113651
2020-08-19,19.450000762939453,19.549999237060547,19.39999961853028,19.39999961853028,31795097
2020-08-20,19.350000381469727,19.39999961853028,19.0,19.0,65518106
2020-08-21,19.100000381469727,19.200000762939453,19.049999237060547,19.200000762939453,29193374
2020-08-24,19.200000762939453,19.200000762939453,19.0,19.049999237060547,21457504
2020-08-25,19.049999237060547,19.14999961853028,19.0,19.100000381469727,31308924
2020-08-26,19.100000381469727,19.200000762939453,19.049999237060547,19.200000762939453,23169658
2020-08-27,19.14999961853028,19.14999961853028,19.0,19.0,35412730
2020-08-28,19.0,19.100000381469727,18.950000762939453,19.0,19657292
2020-08-31,19.049999237060547,19.100000381469727,18.950000762939453,18.950000762939453,39370467
2020-09-01,18.950000762939453,19.0,18.850000381469727,18.89999961853028,42123686
2020-09-02,18.850000381469727,18.89999961853028,18.700000762939453,18.700000762939453,56688508
2020-09-03,18.700000762939453,19.0,18.700000762939453,18.850000381469727,36418389
2020-09-04,18.64999961853028,18.850000381469727,18.64999961853028,18.799999237060547,33911138
2020-09-07,18.799999237060547,19.0,18.75,18.850000381469727,28462335
2020-09-08,18.950000762939453,19.0,18.799999237060547,18.89999961853028,24615170
2020-09-09,18.850000381469727,18.89999961853028,18.700000762939453,18.799999237060547,26947078
2020-09-10,18.850000381469727,18.89999961853028,18.75,18.89999961853028,21532275
2020-09-11,18.89999961853028,18.89999961853028,18.700000762939453,18.850000381469727,25122894
2020-09-14,18.799999237060547,18.850000381469727,18.75,18.799999237060547,16481832
2020-09-15,18.799999237060547,18.89999961853028,18.75,18.89999961853028,17160399
2020-09-16,18.89999961853028,18.89999961853028,18.799999237060547,18.850000381469727,15759827
2020-09-17,18.799999237060547,18.89999961853028,18.700000762939453,18.700000762939453,24905125
2020-09-18,18.75,18.799999237060547,18.600000381469727,18.600000381469727,44313374
2020-09-21,18.600000381469727,18.64999961853028,18.5,18.5,30538629
2020-09-22,18.450000762939453,18.5,18.200000762939453,18.200000762939453,52993055
2020-09-23,18.200000762939453,18.200000762939453,18.0,18.0,53183905
2020-09-24,17.899999618530273,17.899999618530273,17.600000381469727,17.600000381469727,76180573
2020-09-25,17.700000762939453,17.850000381469727,17.5,17.600000381469727,78838445
2020-09-28,17.700000762939453,18.100000381469727,17.700000762939453,18.049999237060547,35622645
2020-09-29,18.200000762939453,18.350000381469727,18.14999961853028,18.299999237060547,33055504
2020-09-30,18.39999961853028,18.39999961853028,18.25,18.39999961853028,32291677
2020-10-05,18.5,18.600000381469727,18.100000381469727,18.14999961853028,27658754
2020-10-06,18.25,18.450000762939453,18.25,18.450000762939453,18660287
2020-10-07,18.299999237060547,18.39999961853028,18.25,18.25,23024543
2020-10-08,18.350000381469727,18.350000381469727,18.200000762939453,18.350000381469727,12367136
2020-10-12,18.39999961853028,18.39999961853028,18.049999237060547,18.14999961853028,27488210
2020-10-13,18.100000381469727,18.14999961853028,17.950000762939453,18.049999237060547,36139127
2020-10-14,18.0,18.200000762939453,18.0,18.100000381469727,29034533
2020-10-15,18.0,18.100000381469727,17.950000762939453,17.950000762939453,34017603
2020-10-16,18.0,18.14999961853028,17.899999618530273,17.899999618530273,25088485
2020-10-19,18.0,18.100000381469727,18.0,18.0,19191392
2020-10-20,18.0,18.100000381469727,17.950000762939453,18.0,24505142
2020-10-21,18.100000381469727,18.14999961853028,18.0,18.0,21937753
2020-10-22,18.049999237060547,18.25,18.0,18.25,32278282
2020-10-23,18.200000762939453,18.25,18.14999961853028,18.25,13979161
2020-10-26,18.25,18.350000381469727,18.200000762939453,18.350000381469727,14803802
2020-10-27,18.350000381469727,18.350000381469727,18.14999961853028,18.14999961853028,26186737
2020-10-28,18.14999961853028,18.200000762939453,18.049999237060547,18.14999961853028,23591075
2020-10-29,18.049999237060547,18.049999237060547,17.950000762939453,17.950000762939453,25824773
2020-10-30,17.950000762939453,18.049999237060547,17.899999618530273,18.049999237060547,35043622
2020-11-02,18.049999237060547,18.200000762939453,18.0,18.14999961853028,19361274
2020-11-03,18.200000762939453,18.25,18.14999961853028,18.25,14854912
2020-11-04,18.25,18.299999237060547,18.200000762939453,18.200000762939453,15223088
2020-11-05,18.299999237060547,18.350000381469727,18.25,18.299999237060547,16724949
2020-11-06,18.299999237060547,18.64999961853028,18.25,18.64999961853028,30081851
2020-11-09,18.799999237060547,18.89999961853028,18.600000381469727,18.64999961853028,43091733
2020-11-10,18.850000381469727,19.200000762939453,18.75,19.100000381469727,88005994
2020-11-11,19.25,19.799999237060547,19.25,19.799999237060547,104355526
2020-11-12,19.75,19.75,19.5,19.600000381469727,50833466
2020-11-13,19.549999237060547,19.64999961853028,19.450000762939453,19.600000381469727,35922302
2020-11-16,19.700000762939453,19.850000381469727,19.64999961853028,19.850000381469727,62283878
2020-11-17,19.950000762939453,19.950000762939453,19.75,19.89999961853028,50210713
2020-11-18,19.950000762939453,20.0,19.850000381469727,20.0,48778597
2020-11-19,20.0,20.0,19.600000381469727,19.600000381469727,34665348
2020-11-20,19.64999961853028,19.700000762939453,19.450000762939453,19.549999237060547,27382062
2020-11-23,19.600000381469727,19.700000762939453,19.549999237060547,19.64999961853028,24921654
2020-11-24,19.64999961853028,19.700000762939453,19.5,19.549999237060547,26047893
2020-11-25,19.64999961853028,19.75,19.600000381469727,19.700000762939453,18624801
2020-11-26,19.700000762939453,19.75,19.549999237060547,19.700000762939453,16809342
2020-11-27,19.64999961853028,19.75,19.549999237060547,19.75,27965506
2020-11-30,19.75,19.799999237060547,19.14999961853028,19.14999961853028,93726513
2020-12-01,19.25,19.450000762939453,19.25,19.39999961853028,32596854
2020-12-02,19.299999237060547,19.5,19.299999237060547,19.5,26035339
2020-12-03,19.39999961853028,19.5,19.350000381469727,19.5,20405794
2020-12-04,19.5,19.600000381469727,19.450000762939453,19.600000381469727,28127463
2020-12-07,19.64999961853028,19.64999961853028,19.450000762939453,19.549999237060547,24827890
2020-12-08,19.25,19.350000381469727,19.100000381469727,19.350000381469727,40323982
2020-12-09,19.25,19.299999237060547,19.14999961853028,19.200000762939453,25870834
2020-12-10,19.200000762939453,19.350000381469727,19.100000381469727,19.299999237060547,21519376
2020-12-11,19.350000381469727,19.549999237060547,19.299999237060547,19.549999237060547,35235081
2020-12-14,19.5,19.549999237060547,19.350000381469727,19.39999961853028,21387242
2020-12-15,19.350000381469727,19.39999961853028,19.200000762939453,19.299999237060547,25732752
2020-12-16,19.299999237060547,19.549999237060547,19.299999237060547,19.549999237060547,22613070
2020-12-17,19.549999237060547,19.549999237060547,19.350000381469727,19.350000381469727,24428068
2020-12-18,19.350000381469727,19.39999961853028,19.25,19.299999237060547,26572161
2020-12-21,19.299999237060547,19.39999961853028,19.25,19.39999961853028,14579747
2020-12-22,19.350000381469727,19.39999961853028,19.299999237060547,19.299999237060547,12996711
2020-12-23,19.25,19.25,19.14999961853028,19.200000762939453,10826116
2020-12-24,19.25,19.299999237060547,19.14999961853028,19.25,18143692
2020-12-25,19.25,19.299999237060547,19.200000762939453,19.299999237060547,12808545
2020-12-28,19.299999237060547,19.299999237060547,19.14999961853028,19.200000762939453,23076684
2020-12-29,19.25,19.350000381469727,19.200000762939453,19.25,25905686
2020-12-30,19.25,19.75,19.25,19.75,50859721
2020-12-31,19.75,19.799999237060547,19.549999237060547,19.700000762939453,27123954
2021-01-04,19.600000381469727,19.700000762939453,19.549999237060547,19.549999237060547,25945419
2021-01-05,19.549999237060547,19.700000762939453,19.450000762939453,19.600000381469727,25702515
2021-01-06,19.549999237060547,19.700000762939453,19.5,19.549999237060547,29572322
2021-01-07,19.64999961853028,19.799999237060547,19.600000381469727,19.799999237060547,39439764
2021-01-08,19.850000381469727,20.0,19.75,20.0,59760685
2021-01-11,20.0,20.0,19.850000381469727,19.950000762939453,34630746
2021-01-12,19.950000762939453,19.950000762939453,19.700000762939453,19.700000762939453,21680133
2021-01-13,19.850000381469727,19.850000381469727,19.75,19.850000381469727,20639574
2021-01-14,19.850000381469727,19.89999961853028,19.700000762939453,19.850000381469727,30456207
2021-01-15,19.850000381469727,19.89999961853028,19.700000762939453,19.700000762939453,29687880
2021-01-18,19.700000762939453,19.75,19.5,19.700000762939453,29406493
2021-01-19,19.64999961853028,19.700000762939453,19.600000381469727,19.64999961853028,23396523
2021-01-20,19.600000381469727,19.600000381469727,19.100000381469727,19.200000762939453,52431208
2021-01-21,19.200000762939453,19.450000762939453,19.200000762939453,19.25,23451288
2021-01-22,19.299999237060547,19.350000381469727,19.200000762939453,19.200000762939453,26692185
2021-01-25,19.200000762939453,19.64999961853028,19.200000762939453,19.600000381469727,43088996
2021-01-26,19.450000762939453,19.5,19.299999237060547,19.299999237060547,28962621
2021-01-27,19.350000381469727,19.5,19.299999237060547,19.39999961853028,22837246
2021-01-28,19.299999237060547,19.39999961853028,19.100000381469727,19.200000762939453,40039041
2021-01-29,19.14999961853028,19.200000762939453,19.0,19.0,56373938
2021-02-01,19.0,19.200000762939453,19.0,19.14999961853028,16405064
2021-02-02,19.100000381469727,19.350000381469727,19.049999237060547,19.25,23230994
2021-02-03,19.25,19.350000381469727,19.200000762939453,19.25,26304557
2021-02-04,19.200000762939453,19.299999237060547,19.200000762939453,19.200000762939453,14201710
2021-02-05,19.25,19.450000762939453,19.200000762939453,19.39999961853028,26388879
2021-02-17,19.75,19.89999961853028,19.700000762939453,19.89999961853028,84139383
2021-02-18,19.950000762939453,20.200000762939453,19.850000381469727,20.0,73866834
2021-02-19,20.049999237060547,20.200000762939453,20.0,20.200000762939453,50065953
2021-02-22,20.25,20.39999961853028,20.200000762939453,20.39999961853028,38027886
2021-02-23,20.39999961853028,20.700000762939453,20.350000381469727,20.700000762939453,59520574
2021-02-24,20.950000762939453,20.950000762939453,20.700000762939453,20.75,54799824
2021-02-25,20.799999237060547,20.89999961853028,20.64999961853028,20.89999961853028,50243598
2021-02-26,20.75,20.799999237060547,20.0,20.0,107911233
2021-03-02,20.350000381469727,20.39999961853028,20.200000762939453,20.200000762939453,37135150
2021-03-03,20.350000381469727,20.5,20.25,20.39999961853028,36229475
2021-03-04,20.5,20.5,20.100000381469727,20.350000381469727,36969060
2021-03-05,20.100000381469727,20.450000762939453,20.049999237060547,20.299999237060547,33470918
2021-03-08,20.450000762939453,20.799999237060547,20.350000381469727,20.600000381469727,41611622
2021-03-09,20.75,21.100000381469727,20.75,21.100000381469727,108183132
2021-03-10,21.100000381469727,21.299999237060547,21.0,21.200000762939453,53335619
2021-03-11,21.299999237060547,21.5,21.100000381469727,21.100000381469727,67582254
2021-03-12,21.14999961853028,21.350000381469727,21.0,21.350000381469727,51334247
2021-03-15,21.350000381469727,21.799999237060547,21.350000381469727,21.75,74288258
2021-03-16,21.850000381469727,21.850000381469727,21.600000381469727,21.799999237060547,56868650
2021-03-17,21.799999237060547,21.850000381469727,21.549999237060547,21.600000381469727,47902489
2021-03-18,21.600000381469727,21.700000762939453,21.450000762939453,21.549999237060547,33772970
2021-03-19,21.450000762939453,21.5,21.200000762939453,21.299999237060547,61852572
2021-03-22,21.200000762939453,21.450000762939453,21.100000381469727,21.350000381469727,23235878
2021-03-23,21.299999237060547,21.5,21.25,21.39999961853028,32758993
2021-03-24,21.39999961853028,21.600000381469727,21.299999237060547,21.5,27684571
2021-03-25,21.549999237060547,21.850000381469727,21.549999237060547,21.799999237060547,56039222
2021-03-26,21.799999237060547,21.950000762939453,21.700000762939453,21.89999961853028,43175275
2021-03-29,22.0,22.0,21.850000381469727,22.0,31714208
2021-03-30,22.0,22.0,21.89999961853028,22.0,43676328
2021-03-31,22.0,22.100000381469727,21.89999961853028,22.100000381469727,37855827
2021-04-01,22.049999237060547,22.100000381469727,21.799999237060547,21.850000381469727,26435077
2021-04-07,22.0,22.0,21.89999961853028,22.0,26390055
2021-04-08,21.89999961853028,21.950000762939453,21.75,21.799999237060547,21274207
2021-04-09,21.799999237060547,21.799999237060547,21.5,21.600000381469727,27311272
2021-04-12,21.64999961853028,21.89999961853028,21.600000381469727,21.89999961853028,23327836
2021-04-13,22.0,22.14999961853028,22.0,22.100000381469727,41564314
2021-04-14,22.100000381469727,22.14999961853028,21.89999961853028,22.100000381469727,32851844
2021-04-15,22.14999961853028,22.25,22.100000381469727,22.25,34974290
2021-04-16,22.25,22.299999237060547,22.14999961853028,22.25,24730412
2021-04-19,22.25,22.799999237060547,22.25,22.799999237060547,64002212
2021-04-20,23.0,23.0,22.64999961853028,22.89999961853028,46459942
2021-04-21,22.75,22.950000762939453,22.700000762939453,22.89999961853028,33286433
2021-04-22,22.950000762939453,23.0,22.799999237060547,22.89999961853028,47899121
2021-04-23,23.0,23.0,22.700000762939453,22.799999237060547,30679503
2021-04-26,22.89999961853028,23.100000381469727,22.850000381469727,23.100000381469727,54050941
2021-04-27,23.100000381469727,23.200000762939453,23.0,23.14999961853028,38988972
2021-04-28,23.14999961853028,23.299999237060547,23.100000381469727,23.25,36837280
2021-04-29,23.25,23.25,22.799999237060547,22.799999237060547,39124463
2021-05-03,22.700000762939453,22.799999237060547,22.5,22.75,50811478
2021-05-04,22.799999237060547,22.850000381469727,22.100000381469727,22.350000381469727,61777816
2021-05-05,22.350000381469727,22.700000762939453,22.25,22.5,39686669
2021-05-06,22.600000381469727,23.049999237060547,22.5,23.0,53469181
2021-05-07,23.049999237060547,23.14999961853028,22.950000762939453,23.100000381469727,35255723
2021-05-10,23.14999961853028,24.0,23.100000381469727,23.950000762939453,98727926
2021-05-11,23.89999961853028,24.049999237060547,23.25,23.64999961853028,109798719
2021-05-12,23.64999961853028,23.850000381469727,21.350000381469727,22.350000381469727,168520954
2021-05-13,21.950000762939453,22.64999961853028,21.600000381469727,22.049999237060547,76174164
2021-05-14,22.049999237060547,22.350000381469727,21.89999961853028,22.0,49007586
2021-05-17,21.14999961853028,21.850000381469727,21.100000381469727,21.549999237060547,66051215
2021-05-18,21.64999961853028,22.5,21.600000381469727,22.5,49118615
2021-05-19,22.350000381469727,22.64999961853028,22.100000381469727,22.25,38267260
2021-05-20,22.299999237060547,22.39999961853028,22.049999237060547,22.299999237060547,46980862
2021-05-21,22.64999961853028,23.299999237060547,22.39999961853028,22.600000381469727,70731676
2021-05-24,22.25,22.600000381469727,22.200000762939453,22.5,31619729
2021-05-25,22.549999237060547,23.200000762939453,22.5,22.850000381469727,66279266
2021-05-26,23.0,23.100000381469727,22.850000381469727,23.0,22004630
2021-05-27,22.799999237060547,22.850000381469727,22.39999961853028,22.39999961853028,112382230
2021-05-28,22.64999961853028,23.049999237060547,22.5,23.0,54619514
2021-05-31,22.950000762939453,23.200000762939453,22.89999961853028,23.049999237060547,32483508
2021-06-01,23.0,23.049999237060547,22.850000381469727,23.0,17373088
2021-06-02,22.89999961853028,23.100000381469727,22.700000762939453,22.950000762939453,36635895
2021-06-03,23.0,23.049999237060547,22.75,22.89999961853028,18176041
2021-06-04,22.549999237060547,22.75,22.5,22.75,36330876
2021-06-07,22.700000762939453,22.700000762939453,22.200000762939453,22.549999237060547,21359184
2021-06-08,22.700000762939453,22.700000762939453,22.450000762939453,22.549999237060547,14386958
2021-06-09,22.5,22.549999237060547,22.299999237060547,22.450000762939453,23486310
2021-06-10,22.450000762939453,22.5,22.299999237060547,22.5,18161918
2021-06-11,22.5,22.5,22.39999961853028,22.5,11647118
2021-06-15,22.5,22.5,22.299999237060547,22.39999961853028,16897001
2021-06-16,22.25,22.39999961853028,22.200000762939453,22.39999961853028,27858197
2021-06-17,22.200000762939453,22.299999237060547,22.14999961853028,22.299999237060547,29738261
2021-06-18,22.200000762939453,22.25,22.14999961853028,22.14999961853028,47789809
2021-06-21,22.100000381469727,22.25,22.0,22.25,39319463
2021-06-22,22.299999237060547,22.39999961853028,22.200000762939453,22.299999237060547,26861962
2021-06-23,22.299999237060547,22.600000381469727,22.25,22.549999237060547,22848517
2021-06-24,22.549999237060547,22.600000381469727,22.450000762939453,22.549999237060547,19442592
2021-06-25,22.600000381469727,22.799999237060547,22.549999237060547,22.75,33907832
2021-06-28,22.799999237060547,22.799999237060547,22.600000381469727,22.64999961853028,15979247
2021-06-29,22.64999961853028,22.700000762939453,22.39999961853028,22.600000381469727,25727482
2021-06-30,22.600000381469727,22.850000381469727,22.5,22.700000762939453,30603061
2021-07-01,22.600000381469727,22.64999961853028,22.5,22.549999237060547,24040088
2021-07-02,22.600000381469727,22.600000381469727,22.350000381469727,22.39999961853028,16897477
2021-07-05,22.549999237060547,22.600000381469727,22.39999961853028,22.5,20972025
2021-07-06,22.5,22.64999961853028,22.5,22.600000381469727,27031504
2021-07-07,22.600000381469727,22.700000762939453,22.450000762939453,22.64999961853028,29169417
2021-07-08,22.799999237060547,22.950000762939453,22.75,22.850000381469727,36381588
2021-07-09,22.75,22.799999237060547,22.549999237060547,22.700000762939453,40701851
2021-07-12,22.89999961853028,22.950000762939453,22.64999961853028,22.64999961853028,35973607
2021-07-13,22.75,22.799999237060547,22.600000381469727,22.700000762939453,35752252
2021-07-14,22.64999961853028,22.799999237060547,22.600000381469727,22.700000762939453,27325110
2021-07-15,22.700000762939453,22.75,22.64999961853028,22.75,27460716
2021-07-16,22.700000762939453,23.049999237060547,22.700000762939453,23.049999237060547,65531917
2021-07-19,23.100000381469727,23.14999961853028,22.850000381469727,23.0,33493562
2021-07-20,22.700000762939453,22.850000381469727,22.600000381469727,22.64999961853028,34761303
2021-07-21,22.700000762939453,22.75,22.549999237060547,22.700000762939453,22618344
2021-07-22,22.75,22.850000381469727,22.700000762939453,22.850000381469727,18905705
2021-07-23,22.950000762939453,23.0,22.850000381469727,23.0,20666593
2021-07-26,23.0,23.049999237060547,22.799999237060547,22.89999961853028,23980924
2021-07-27,22.89999961853028,22.950000762939453,22.75,22.850000381469727,15598628
2021-07-28,22.850000381469727,22.89999961853028,22.549999237060547,22.75,28945863
2021-07-29,22.799999237060547,22.850000381469727,22.64999961853028,22.799999237060547,18965891
2021-07-30,22.850000381469727,22.89999961853028,22.75,22.850000381469727,30551731
2021-08-02,22.950000762939453,23.100000381469727,22.850000381469727,23.100000381469727,27234450
2021-08-03,23.100000381469727,23.14999961853028,22.950000762939453,23.049999237060547,21352831
2021-08-04,23.100000381469727,23.100000381469727,22.950000762939453,23.0,19434284
2021-08-05,23.100000381469727,23.14999961853028,23.0,23.100000381469727,37183327
2021-08-06,23.100000381469727,23.14999961853028,23.0,23.100000381469727,35079424
2021-08-09,23.100000381469727,23.100000381469727,22.850000381469727,23.100000381469727,32589256
2021-08-10,23.100000381469727,23.100000381469727,22.950000762939453,23.0,27156035
2021-08-11,23.0,23.049999237060547,22.950000762939453,23.0,34122180
2021-08-12,23.049999237060547,23.049999237060547,22.850000381469727,22.89999961853028,56180092
2021-08-13,22.89999961853028,22.950000762939453,22.75,22.799999237060547,76161707
2021-08-16,21.600000381469727,21.700000762939453,21.200000762939453,21.39999961853028,82238170
2021-08-17,21.39999961853028,21.39999961853028,21.39999961853028,21.39999961853028,0
2021-08-18,21.549999237060547,21.600000381469727,21.5,21.600000381469727,22844819
2021-08-19,21.600000381469727,21.600000381469727,21.200000762939453,21.350000381469727,38430581
2021-08-20,21.39999961853028,21.39999961853028,21.049999237060547,21.14999961853028,33447761
2021-08-23,21.39999961853028,21.64999961853028,21.350000381469727,21.450000762939453,36158214
2021-08-24,21.600000381469727,22.0,21.5,22.0,34528870
2021-08-25,22.0,22.39999961853028,22.0,22.299999237060547,34393158
2021-08-26,22.350000381469727,22.39999961853028,22.100000381469727,22.39999961853028,31676399
2021-08-27,22.350000381469727,22.75,22.25,22.75,37737987
2021-08-30,22.75,22.89999961853028,22.64999961853028,22.89999961853028,34794645
2021-08-31,22.950000762939453,23.0,22.75,23.0,50055334
2021-09-01,22.89999961853028,23.0,22.850000381469727,23.0,25525197
2021-09-02,22.89999961853028,22.950000762939453,22.5,22.700000762939453,23167152
2021-09-03,22.700000762939453,22.850000381469727,22.700000762939453,22.850000381469727,17077032
2021-09-06,22.89999961853028,22.89999961853028,22.64999961853028,22.850000381469727,11781769
2021-09-07,22.89999961853028,22.89999961853028,22.700000762939453,22.850000381469727,9140279
2021-09-08,22.950000762939453,23.0,22.700000762939453,22.89999961853028,28034507
2021-09-09,22.799999237060547,22.850000381469727,22.549999237060547,22.850000381469727,20421475
2021-09-10,22.799999237060547,23.0,22.75,22.950000762939453,20677869
2021-09-13,22.850000381469727,23.0,22.75,23.0,23486596
2021-09-14,22.89999961853028,23.0,22.850000381469727,23.0,35181451
2021-09-15,22.850000381469727,23.0,22.850000381469727,23.0,30960413
2021-09-16,23.0,23.64999961853028,22.950000762939453,23.39999961853028,74048507
2021-09-17,23.299999237060547,23.39999961853028,23.0,23.0,67614422
2021-09-22,22.600000381469727,22.75,22.39999961853028,22.600000381469727,52686335
2021-09-23,22.700000762939453,22.950000762939453,22.700000762939453,22.950000762939453,38174055
2021-09-24,23.049999237060547,23.049999237060547,22.700000762939453,22.799999237060547,36914381
2021-09-27,22.799999237060547,22.950000762939453,22.64999961853028,22.75,22300543
2021-09-28,22.64999961853028,22.950000762939453,22.549999237060547,22.89999961853028,29832371
2021-09-29,22.75,22.799999237060547,22.5,22.75,29548223
2021-09-30,22.64999961853028,22.89999961853028,22.600000381469727,22.89999961853028,36655541
2021-10-01,22.64999961853028,22.799999237060547,22.350000381469727,22.5,44191906
2021-10-04,22.549999237060547,22.600000381469727,22.25,22.39999961853028,21097758
2021-10-05,22.299999237060547,22.5,22.200000762939453,22.450000762939453,37716750
2021-10-06,22.5,22.700000762939453,22.39999961853028,22.700000762939453,39080958
2021-10-07,22.850000381469727,23.049999237060547,22.75,22.850000381469727,50217745
2021-10-08,22.950000762939453,23.0,22.799999237060547,22.89999961853028,19448076
2021-10-12,22.700000762939453,22.89999961853028,22.5,22.89999961853028,31573143
2021-10-13,22.850000381469727,22.89999961853028,22.64999961853028,22.850000381469727,13569282
2021-10-14,22.950000762939453,23.0,22.850000381469727,22.950000762939453,18556947
2021-10-15,23.0,23.0,22.850000381469727,23.0,30019358
2021-10-18,23.0,23.14999961853028,22.89999961853028,23.049999237060547,41099004
2021-10-19,23.049999237060547,23.14999961853028,22.950000762939453,23.0,27045010
2021-10-20,23.0,23.14999961853028,22.950000762939453,23.0,33559436
2021-10-21,23.049999237060547,23.39999961853028,23.0,23.39999961853028,62983230
2021-10-22,23.39999961853028,23.549999237060547,23.14999961853028,23.549999237060547,39246712
2021-10-25,23.549999237060547,23.600000381469727,23.450000762939453,23.549999237060547,25796536
2021-10-26,23.549999237060547,23.64999961853028,23.450000762939453,23.549999237060547,29381295
2021-10-27,23.5,23.549999237060547,23.299999237060547,23.39999961853028,25667383
2021-10-28,23.39999961853028,23.450000762939453,23.25,23.39999961853028,19415741
2021-10-29,23.299999237060547,23.39999961853028,23.14999961853028,23.200000762939453,20724862
2021-11-01,23.25,23.39999961853028,22.950000762939453,23.049999237060547,23237399
2021-11-02,23.100000381469727,23.299999237060547,23.049999237060547,23.100000381469727,23510291
2021-11-03,23.100000381469727,23.350000381469727,23.049999237060547,23.350000381469727,19782949
2021-11-04,23.39999961853028,23.5,23.25,23.25,32747692
2021-11-05,23.299999237060547,23.350000381469727,23.100000381469727,23.200000762939453,22261994
2021-11-08,23.299999237060547,23.39999961853028,23.200000762939453,23.39999961853028,21142577
2021-11-09,23.5,23.600000381469727,23.450000762939453,23.549999237060547,31304460
2021-11-10,23.5,23.549999237060547,23.39999961853028,23.549999237060547,14792025
2021-11-11,23.5,23.600000381469727,23.450000762939453,23.600000381469727,24351414
2021-11-12,23.600000381469727,23.700000762939453,23.450000762939453,23.700000762939453,23659265
2021-11-15,23.75,24.0,23.700000762939453,24.0,32745288
2021-11-16,24.0,24.049999237060547,23.89999961853028,24.049999237060547,27677914
2021-11-17,24.049999237060547,24.5,23.950000762939453,24.450000762939453,45590481
2021-11-18,24.5,24.89999961853028,24.450000762939453,24.75,43231889
2021-11-19,24.64999961853028,24.64999961853028,24.200000762939453,24.25,38454693
2021-11-22,24.25,24.5,24.200000762939453,24.39999961853028,25760051
2021-11-23,24.5,24.549999237060547,24.25,24.5,28329081
2021-11-24,24.5,24.89999961853028,24.450000762939453,24.799999237060547,40279680
2021-11-25,24.799999237060547,24.950000762939453,24.700000762939453,24.950000762939453,40799909
2021-11-26,24.850000381469727,24.89999961853028,24.549999237060547,24.700000762939453,33311343
2021-11-29,24.25,24.39999961853028,24.200000762939453,24.299999237060547,30661450
2021-11-30,24.25,24.5,24.200000762939453,24.39999961853028,69037687
2021-12-01,24.25,24.850000381469727,24.200000762939453,24.850000381469727,26708594
2021-12-02,24.799999237060547,25.0,24.450000762939453,25.0,44946537
2021-12-03,25.0,25.200000762939453,24.850000381469727,25.200000762939453,48718884
2021-12-06,25.0,25.450000762939453,24.89999961853028,25.450000762939453,40131504
2021-12-07,25.450000762939453,26.0,25.25,26.0,55302861
2021-12-08,26.0,26.0,25.700000762939453,25.950000762939453,57106332
2021-12-09,25.89999961853028,26.049999237060547,25.700000762939453,25.89999961853028,20239968
2021-12-10,25.799999237060547,26.0,25.75,25.950000762939453,26309396
2021-12-13,25.950000762939453,25.950000762939453,25.700000762939453,25.850000381469727,29973700
2021-12-14,25.5,25.549999237060547,25.25,25.549999237060547,29160040
2021-12-15,25.39999961853028,25.549999237060547,25.350000381469727,25.350000381469727,21432876
2021-12-16,25.350000381469727,25.600000381469727,25.299999237060547,25.5,25563548
2021-12-17,25.64999961853028,25.850000381469727,25.5,25.600000381469727,33636305
2021-12-20,25.450000762939453,25.600000381469727,25.25,25.350000381469727,22066262
2021-12-21,25.350000381469727,25.75,25.25,25.64999961853028,24947650
2021-12-22,25.799999237060547,25.950000762939453,25.700000762939453,25.799999237060547,29022100
2021-12-23,25.89999961853028,25.89999961853028,25.700000762939453,25.89999961853028,25233610
2021-12-24,25.950000762939453,25.950000762939453,25.799999237060547,25.850000381469727,11700188
2021-12-27,25.850000381469727,25.89999961853028,25.75,25.799999237060547,12516101
2021-12-28,25.799999237060547,25.950000762939453,25.799999237060547,25.950000762939453,20524696
2021-12-29,26.0,26.100000381469727,25.89999961853028,26.100000381469727,28449708
2021-12-30,26.100000381469727,26.100000381469727,25.950000762939453,25.950000762939453,16524895
2022-01-03,26.100000381469727,26.100000381469727,25.700000762939453,25.75,18002393
2022-01-04,25.799999237060547,25.950000762939453,25.700000762939453,25.950000762939453,19743263
2022-01-05,25.799999237060547,26.049999237060547,25.799999237060547,26.049999237060547,22175457
2022-01-06,25.950000762939453,26.299999237060547,25.89999961853028,26.200000762939453,41105425
2022-01-07,26.200000762939453,26.5,26.0,26.299999237060547,39679140
2022-01-10,26.350000381469727,26.39999961853028,26.049999237060547,26.39999961853028,30719261
2022-01-11,26.25,27.39999961853028,26.25,27.39999961853028,87729869
2022-01-12,27.100000381469727,27.75,27.049999237060547,27.39999961853028,64383760
2022-01-13,27.64999961853028,28.5,27.549999237060547,28.450000762939453,122602157
2022-01-14,28.39999961853028,28.64999961853028,27.700000762939453,27.89999961853028,77352144
2022-01-17,27.75,28.0,27.600000381469727,27.799999237060547,42132094
2022-01-18,27.89999961853028,28.049999237060547,27.799999237060547,27.89999961853028,42386514
2022-01-19,27.799999237060547,28.14999961853028,27.600000381469727,27.799999237060547,65648775
2022-01-20,27.600000381469727,27.799999237060547,27.299999237060547,27.700000762939453,43772718
2022-01-21,27.39999961853028,27.5,27.100000381469727,27.39999961853028,48990640
2022-01-24,27.14999961853028,27.64999961853028,26.850000381469727,27.5,44422549
2022-01-25,27.049999237060547,27.25,26.89999961853028,27.25,43360919
2022-01-26,27.25,27.850000381469727,27.25,27.600000381469727,35591582
2022-02-07,27.89999961853028,28.549999237060547,27.799999237060547,28.5,93574876
2022-02-08,28.600000381469727,28.950000762939453,28.14999961853028,28.700000762939453,73256072
2022-02-09,28.700000762939453,29.100000381469727,28.600000381469727,28.89999961853028,51136359
2022-02-10,28.89999961853028,28.950000762939453,28.450000762939453,28.850000381469727,55683899
2022-02-11,28.600000381469727,28.850000381469727,28.5,28.850000381469727,42311969
2022-02-14,28.350000381469727,28.700000762939453,28.25,28.64999961853028,38192116
2022-02-15,28.600000381469727,28.64999961853028,28.100000381469727,28.14999961853028,41980974
2022-02-16,28.350000381469727,28.5,28.200000762939453,28.200000762939453,56187583
2022-02-17,28.600000381469727,28.799999237060547,28.299999237060547,28.450000762939453,52361915
2022-02-18,28.200000762939453,28.450000762939453,28.14999961853028,28.350000381469727,29633716
2022-02-21,28.100000381469727,28.350000381469727,28.049999237060547,28.350000381469727,27785111
2022-02-22,28.100000381469727,28.14999961853028,27.5,27.850000381469727,57291179
2022-02-23,27.75,27.950000762939453,27.549999237060547,27.799999237060547,33080415
2022-02-24,27.5,27.549999237060547,26.700000762939453,26.89999961853028,107999940
2022-02-25,26.89999961853028,27.14999961853028,26.5,27.14999961853028,81487307
2022-03-01,27.0,27.799999237060547,26.950000762939453,27.75,88118196
2022-03-02,27.549999237060547,27.950000762939453,27.5,27.950000762939453,42058969
2022-03-03,28.0,28.100000381469727,27.799999237060547,27.950000762939453,40374708
2022-03-04,27.600000381469727,27.700000762939453,27.25,27.350000381469727,55921839
2022-03-07,26.89999961853028,26.89999961853028,25.89999961853028,26.25,102904489
2022-03-08,25.850000381469727,26.049999237060547,25.600000381469727,25.600000381469727,74400007
2022-03-09,25.700000762939453,26.200000762939453,25.700000762939453,25.75,52782317
2022-03-10,26.350000381469727,26.89999961853028,26.25,26.799999237060547,41788050
2022-03-11,26.549999237060547,26.75,26.39999961853028,26.5,24434656
2022-03-14,26.64999961853028,26.950000762939453,26.5,26.799999237060547,27259732
2022-03-15,26.64999961853028,26.89999961853028,26.5,26.600000381469727,34687534
2022-03-16,26.89999961853028,27.14999961853028,26.700000762939453,26.950000762939453,34194429
2022-03-17,27.89999961853028,28.14999961853028,27.25,27.600000381469727,62411893
2022-03-18,28.350000381469727,28.600000381469727,28.0,28.14999961853028,94544200
2022-03-21,28.450000762939453,28.5,28.100000381469727,28.299999237060547,47424079
2022-03-22,28.350000381469727,28.549999237060547,28.14999961853028,28.549999237060547,39008553
2022-03-23,28.600000381469727,29.200000762939453,28.549999237060547,29.200000762939453,64207519
2022-03-24,29.100000381469727,29.25,28.89999961853028,29.14999961853028,35237606
2022-03-25,28.950000762939453,29.100000381469727,28.799999237060547,29.0,27730784
2022-03-28,28.75,29.0,28.39999961853028,29.0,28358020
2022-03-29,28.950000762939453,28.950000762939453,28.700000762939453,28.799999237060547,14444598
2022-03-30,28.850000381469727,29.14999961853028,28.75,29.0,52464581
2022-03-31,29.100000381469727,29.39999961853028,29.100000381469727,29.39999961853028,52161301
2022-04-01,29.39999961853028,29.850000381469727,29.100000381469727,29.850000381469727,58656199
2022-04-06,29.799999237060547,30.14999961853028,29.700000762939453,30.14999961853028,107167686
2022-04-07,30.14999961853028,30.950000762939453,30.0,30.350000381469727,124740002
2022-04-08,30.450000762939453,30.600000381469727,30.100000381469727,30.5,50957418
2022-04-11,30.600000381469727,30.850000381469727,30.299999237060547,30.450000762939453,49881184
2022-04-12,30.5,30.75,30.350000381469727,30.700000762939453,54183865
2022-04-13,30.700000762939453,30.799999237060547,30.200000762939453,30.350000381469727,44492238
2022-04-14,30.350000381469727,30.350000381469727,29.450000762939453,29.450000762939453,55412480
2022-04-15,29.100000381469727,29.600000381469727,28.850000381469727,29.350000381469727,37411628
2022-04-18,29.100000381469727,29.14999961853028,28.350000381469727,28.75,46317913
2022-04-19,28.89999961853028,29.200000762939453,28.700000762939453,28.950000762939453,41045705
2022-04-20,28.950000762939453,29.200000762939453,28.799999237060547,29.200000762939453,42339816
2022-04-21,29.0,29.100000381469727,28.64999961853028,28.75,33210839
2022-04-22,28.700000762939453,29.450000762939453,28.5,29.450000762939453,58654671
2022-04-25,28.850000381469727,29.299999237060547,28.700000762939453,29.100000381469727,53367885
2022-04-26,29.100000381469727,29.700000762939453,29.049999237060547,29.700000762939453,55501806
2022-04-27,29.14999961853028,29.39999961853028,28.89999961853028,28.89999961853028,57151572
2022-04-28,28.700000762939453,29.0,28.5,29.0,45627681
2022-04-29,29.049999237060547,29.299999237060547,28.89999961853028,29.25,33745792
2022-05-03,29.100000381469727,29.200000762939453,28.75,28.75,25157466
2022-05-04,29.0,29.100000381469727,28.75,28.89999961853028,16744449
2022-05-05,29.0,29.100000381469727,28.0,28.049999237060547,55243561
2022-05-06,27.39999961853028,28.0,27.25,28.0,60244736
2022-05-09,27.450000762939453,27.75,27.14999961853028,27.299999237060547,55207849
2022-05-10,26.89999961853028,27.799999237060547,26.799999237060547,27.549999237060547,58205530
2022-05-11,27.299999237060547,27.39999961853028,26.89999961853028,27.100000381469727,40212914
2022-05-12,26.549999237060547,26.700000762939453,25.950000762939453,26.049999237060547,61577001
2022-05-13,26.049999237060547,26.299999237060547,25.549999237060547,25.799999237060547,73821018
2022-05-16,25.89999961853028,26.299999237060547,25.450000762939453,25.700000762939453,48772246
2022-05-17,25.700000762939453,25.799999237060547,25.39999961853028,25.5,49579960
2022-05-18,25.5,26.200000762939453,25.450000762939453,26.100000381469727,50349892
2022-05-19,25.600000381469727,25.600000381469727,25.14999961853028,25.299999237060547,57532261
2022-05-20,25.299999237060547,25.549999237060547,25.200000762939453,25.450000762939453,46041035
2022-05-23,25.549999237060547,25.700000762939453,25.200000762939453,25.450000762939453,44382918
2022-05-24,25.450000762939453,25.89999961853028,25.39999961853028,25.549999237060547,43685165
2022-05-25,25.75,25.75,25.14999961853028,25.350000381469727,43891506
2022-05-26,25.450000762939453,25.600000381469727,25.14999961853028,25.299999237060547,36994542
2022-05-27,25.799999237060547,26.64999961853028,25.64999961853028,26.600000381469727,81338317
2022-05-30,26.850000381469727,27.100000381469727,26.39999961853028,27.100000381469727,88012720
2022-05-31,26.799999237060547,27.14999961853028,26.299999237060547,27.14999961853028,226827694
2022-06-01,26.89999961853028,26.89999961853028,26.549999237060547,26.549999237060547,38395489
2022-06-02,26.39999961853028,26.75,26.25,26.600000381469727,33225896
2022-06-06,26.549999237060547,27.0,26.450000762939453,26.850000381469727,25729936
2022-06-07,26.600000381469727,26.799999237060547,26.5,26.549999237060547,20757842
2022-06-08,26.700000762939453,26.850000381469727,26.64999961853028,26.75,19701945
2022-06-09,26.5,26.549999237060547,25.850000381469727,25.850000381469727,70180410
2022-06-10,25.39999961853028,26.100000381469727,25.350000381469727,26.0,42306945
2022-06-13,25.450000762939453,25.700000762939453,25.299999237060547,25.549999237060547,50985847
2022-06-14,25.600000381469727,26.14999961853028,25.5,26.0,49224555
2022-06-15,25.700000762939453,26.39999961853028,25.700000762939453,26.299999237060547,46670075
2022-06-16,26.64999961853028,27.0,26.39999961853028,26.600000381469727,67750550
2022-06-17,26.14999961853028,26.39999961853028,25.950000762939453,26.0,58294875
2022-06-20,26.049999237060547,26.39999961853028,25.14999961853028,25.5,48736593
2022-06-21,26.0,26.5,25.850000381469727,26.450000762939453,47616570
2022-06-22,26.100000381469727,26.450000762939453,25.850000381469727,26.049999237060547,36768385
2022-06-23,26.350000381469727,26.39999961853028,25.64999961853028,26.049999237060547,32403463
2022-06-24,26.39999961853028,26.39999961853028,26.049999237060547,26.299999237060547,25299908
2022-06-27,26.5,26.5,26.14999961853028,26.200000762939453,24898601
2022-06-28,26.0,26.14999961853028,25.600000381469727,25.799999237060547,26269531
2022-06-29,25.549999237060547,25.89999961853028,25.549999237060547,25.799999237060547,36926864
2022-06-30,25.600000381469727,25.799999237060547,25.100000381469727,25.100000381469727,42227962
2022-07-01,25.0,25.100000381469727,24.299999237060547,24.600000381469727,71887895
2022-07-04,24.600000381469727,24.799999237060547,24.0,24.299999237060547,50157955
2022-07-05,24.64999961853028,24.850000381469727,24.0,24.299999237060547,40806052
2022-07-06,24.14999961853028,24.299999237060547,23.39999961853028,23.5,72523584
2022-07-07,23.549999237060547,24.0,23.39999961853028,23.700000762939453,38592732
2022-07-08,23.950000762939453,24.200000762939453,23.799999237060547,23.850000381469727,33802531
2022-07-11,24.0,24.0,23.64999961853028,23.64999961853028,25128867
2022-07-12,23.39999961853028,23.450000762939453,22.950000762939453,22.950000762939453,43995404
2022-07-13,23.14999961853028,23.799999237060547,23.14999961853028,23.450000762939453,84664372
2022-07-14,22.350000381469727,22.64999961853028,22.200000762939453,22.25,76889143
2022-07-15,22.200000762939453,22.200000762939453,21.75,21.799999237060547,55453170
2022-07-18,22.100000381469727,22.450000762939453,21.89999961853028,22.299999237060547,55416461
2022-07-19,22.299999237060547,22.299999237060547,22.049999237060547,22.200000762939453,39100393
2022-07-20,22.549999237060547,22.799999237060547,22.14999961853028,22.25,59763845
2022-07-21,22.350000381469727,22.75,22.14999961853028,22.64999961853028,44206754
2022-07-22,22.5,22.799999237060547,22.299999237060547,22.75,36738361
2022-07-25,22.75,22.89999961853028,22.549999237060547,22.700000762939453,31218890
2022-07-26,22.700000762939453,23.049999237060547,22.700000762939453,22.950000762939453,32660417
2022-07-27,23.049999237060547,23.049999237060547,22.75,22.950000762939453,24929158
2022-07-28,23.0,23.25,22.950000762939453,23.200000762939453,25209883
2022-07-29,23.450000762939453,23.5,22.75,22.950000762939453,40800475
2022-08-01,22.89999961853028,22.950000762939453,22.600000381469727,22.950000762939453,22517447
2022-08-02,22.5,22.600000381469727,22.299999237060547,22.450000762939453,41367413
2022-08-03,22.350000381469727,22.549999237060547,22.25,22.299999237060547,33103644
2022-08-04,22.200000762939453,22.350000381469727,22.100000381469727,22.25,24012263
2022-08-05,22.5,23.049999237060547,22.450000762939453,23.0,37280449
2022-08-08,23.0,23.200000762939453,22.799999237060547,23.100000381469727,22262404
2022-08-09,23.200000762939453,23.5,23.049999237060547,23.299999237060547,34136517
2022-08-10,23.299999237060547,23.799999237060547,23.200000762939453,23.549999237060547,36157680
2022-08-11,23.850000381469727,24.100000381469727,23.700000762939453,24.049999237060547,37854546
2022-08-12,24.100000381469727,24.14999961853028,23.850000381469727,24.100000381469727,24217363
2022-08-15,24.100000381469727,24.39999961853028,23.950000762939453,24.25,24989279
2022-08-16,24.299999237060547,24.64999961853028,24.14999961853028,24.549999237060547,34774445
2022-08-17,24.700000762939453,24.950000762939453,24.549999237060547,24.89999961853028,38549756
2022-08-18,24.799999237060547,24.850000381469727,24.450000762939453,24.450000762939453,33644486
2022-08-19,24.39999961853028,24.700000762939453,24.14999961853028,24.600000381469727,30774893
2022-08-22,24.299999237060547,24.549999237060547,24.25,24.450000762939453,12706000
2022-08-23,24.200000762939453,24.299999237060547,23.799999237060547,23.799999237060547,32637888
2022-08-24,23.799999237060547,23.89999961853028,23.350000381469727,23.450000762939453,39684183
2022-08-25,23.64999961853028,23.89999961853028,23.549999237060547,23.75,27667902
2022-08-26,23.799999237060547,24.0,23.700000762939453,23.850000381469727,26868294
2022-08-29,23.25,23.600000381469727,23.200000762939453,23.5,31919638
2022-08-30,23.39999961853028,23.600000381469727,23.200000762939453,23.25,38842515
2022-08-31,23.200000762939453,23.700000762939453,23.200000762939453,23.5,42973778
2022-09-01,23.100000381469727,23.25,22.850000381469727,23.049999237060547,47416271
2022-09-02,23.0,23.100000381469727,22.89999961853028,22.89999961853028,23757109
2022-09-05,23.100000381469727,23.350000381469727,22.950000762939453,23.25,23703944
2022-09-06,23.350000381469727,23.5,23.25,23.39999961853028,19997110
2022-09-07,23.100000381469727,23.200000762939453,22.799999237060547,22.799999237060547,45548573
2022-09-08,22.950000762939453,22.950000762939453,22.700000762939453,22.89999961853028,26408669
2022-09-12,23.200000762939453,23.25,22.89999961853028,22.89999961853028,30718228
2022-09-13,23.100000381469727,23.14999961853028,22.700000762939453,22.75,38558926
2022-09-14,22.450000762939453,22.549999237060547,22.299999237060547,22.299999237060547,48437119
2022-09-15,22.299999237060547,22.450000762939453,22.200000762939453,22.299999237060547,24916815
2022-09-16,22.200000762939453,22.350000381469727,22.100000381469727,22.100000381469727,71416305
2022-09-19,22.100000381469727,22.39999961853028,22.100000381469727,22.14999961853028,29757815
2022-09-20,22.25,22.299999237060547,22.049999237060547,22.200000762939453,26890436
2022-09-21,22.100000381469727,22.14999961853028,22.0,22.049999237060547,27644866
2022-09-22,21.89999961853028,21.89999961853028,21.5,21.600000381469727,51464914
2022-09-23,21.600000381469727,21.850000381469727,21.39999961853028,21.64999961853028,29458864
2022-09-26,21.549999237060547,21.549999237060547,21.25,21.25,32377387
2022-09-27,21.14999961853028,21.350000381469727,20.700000762939453,20.75,65358411
2022-09-28,20.75,20.89999961853028,20.100000381469727,20.100000381469727,80680032
2022-09-29,20.14999961853028,20.450000762939453,20.0,20.049999237060547,73812400
2022-09-30,19.850000381469727,20.0,19.75,19.850000381469727,75499114
2022-10-03,19.799999237060547,19.950000762939453,19.600000381469727,19.700000762939453,48476329
2022-10-04,20.100000381469727,20.299999237060547,20.100000381469727,20.14999961853028,37745270
2022-10-05,20.39999961853028,20.799999237060547,20.350000381469727,20.5,50633254
2022-10-06,20.600000381469727,20.75,20.39999961853028,20.600000381469727,30549741
2022-10-07,20.39999961853028,20.600000381469727,20.39999961853028,20.450000762939453,21669957
2022-10-11,20.200000762939453,20.299999237060547,20.0,20.100000381469727,41981454
2022-10-12,20.100000381469727,20.39999961853028,20.049999237060547,20.25,25198753
2022-10-13,20.25,20.25,19.600000381469727,19.64999961853028,64804802
2022-10-14,19.850000381469727,20.0,19.799999237060547,19.799999237060547,40398712
2022-10-17,19.75,20.0,19.600000381469727,19.799999237060547,22801138
2022-10-18,20.0,20.25,19.799999237060547,20.100000381469727,28776690
2022-10-19,20.049999237060547,20.200000762939453,19.700000762939453,19.89999961853028,42592189
2022-10-20,19.5,19.89999961853028,19.450000762939453,19.700000762939453,64458365
2022-10-21,19.850000381469727,20.0,19.700000762939453,20.0,23498848
2022-10-24,20.200000762939453,20.25,19.89999961853028,19.89999961853028,33946126
2022-10-25,20.100000381469727,20.14999961853028,19.799999237060547,20.0,27415838
2022-10-26,20.14999961853028,20.549999237060547,19.950000762939453,20.350000381469727,34095200
2022-10-27,20.600000381469727,20.75,20.549999237060547,20.549999237060547,36193148
2022-10-28,20.64999961853028,20.700000762939453,20.350000381469727,20.549999237060547,25718419
2022-10-31,20.700000762939453,20.850000381469727,20.39999961853028,20.39999961853028,27234306
2022-11-01,20.700000762939453,21.100000381469727,20.549999237060547,21.100000381469727,32177692
2022-11-02,21.25,21.25,20.799999237060547,20.850000381469727,26228859
2022-11-03,20.64999961853028,20.75,20.5,20.549999237060547,27251897
2022-11-04,20.549999237060547,20.89999961853028,20.5,20.89999961853028,18062072
2022-11-07,21.14999961853028,21.450000762939453,21.049999237060547,21.450000762939453,30406830
2022-11-08,21.549999237060547,21.600000381469727,21.299999237060547,21.549999237060547,26650053
2022-11-09,21.049999237060547,21.299999237060547,20.89999961853028,21.200000762939453,51240920
2022-11-10,21.0,21.200000762939453,20.950000762939453,21.14999961853028,20542908
2022-11-11,21.450000762939453,21.850000381469727,21.39999961853028,21.850000381469727,56718152
2022-11-14,21.950000762939453,21.950000762939453,21.700000762939453,21.700000762939453,43010546
2022-11-15,21.600000381469727,22.0,21.39999961853028,22.0,35373348
2022-11-16,21.89999961853028,22.100000381469727,21.64999961853028,21.799999237060547,34925590
2022-11-17,21.850000381469727,21.89999961853028,21.549999237060547,21.64999961853028,22810612
2022-11-18,21.450000762939453,21.600000381469727,21.299999237060547,21.39999961853028,33386537
2022-11-21,21.299999237060547,21.450000762939453,21.200000762939453,21.39999961853028,30639529
2022-11-22,21.350000381469727,21.64999961853028,21.14999961853028,21.64999961853028,28035389
2022-11-23,21.89999961853028,22.700000762939453,21.850000381469727,22.549999237060547,66956130
2022-11-24,22.700000762939453,22.75,22.299999237060547,22.450000762939453,40943183
2022-11-25,22.39999961853028,22.600000381469727,22.299999237060547,22.39999961853028,24645744
2022-11-28,22.100000381469727,22.450000762939453,22.0,22.200000762939453,39643864
2022-11-29,22.39999961853028,22.89999961853028,22.14999961853028,22.850000381469727,49570003
2022-11-30,22.850000381469727,23.25,22.700000762939453,23.0,82168764
2022-12-01,23.200000762939453,23.299999237060547,22.600000381469727,22.600000381469727,41114605
2022-12-02,22.5,22.75,22.450000762939453,22.5,25145970
2022-12-05,22.700000762939453,23.0,22.64999961853028,22.75,30855069
2022-12-06,22.549999237060547,22.89999961853028,22.39999961853028,22.39999961853028,40620669
2022-12-07,22.450000762939453,23.200000762939453,22.450000762939453,23.049999237060547,64141028
2022-12-08,22.89999961853028,23.049999237060547,22.600000381469727,22.799999237060547,30150579
2022-12-09,22.600000381469727,22.89999961853028,22.549999237060547,22.700000762939453,24968410
2022-12-12,22.75,23.0,22.549999237060547,22.89999961853028,32842455
2022-12-13,22.950000762939453,23.100000381469727,22.64999961853028,22.700000762939453,38157366
2022-12-14,22.850000381469727,23.100000381469727,22.75,22.89999961853028,44345848
2022-12-15,22.700000762939453,22.89999961853028,22.549999237060547,22.75,41327581
2022-12-16,22.5,22.700000762939453,22.25,22.25,91755541
2022-12-19,22.049999237060547,22.350000381469727,22.0,22.049999237060547,63166865
2022-12-20,21.950000762939453,22.14999961853028,21.799999237060547,21.89999961853028,68996528
2022-12-21,21.799999237060547,21.950000762939453,21.600000381469727,21.700000762939453,65411450
2022-12-22,21.89999961853028,22.14999961853028,21.75,22.14999961853028,52825680
2022-12-23,21.700000762939453,22.049999237060547,21.64999961853028,21.89999961853028,23735516
2022-12-26,21.850000381469727,22.100000381469727,21.850000381469727,22.100000381469727,7258446
2022-12-27,22.200000762939453,22.299999237060547,22.100000381469727,22.25,10223483
2022-12-28,22.100000381469727,22.350000381469727,22.0,22.14999961853028,16169124
2022-12-29,21.950000762939453,22.100000381469727,21.75,21.89999961853028,18265830
2022-12-30,22.100000381469727,22.299999237060547,21.950000762939453,22.100000381469727,14487885
2023-01-03,22.0,22.25,21.799999237060547,22.14999961853028,17368421
2023-01-04,22.0,22.350000381469727,22.0,22.350000381469727,18212363
2023-01-05,22.350000381469727,22.600000381469727,22.299999237060547,22.600000381469727,40541276
2023-01-06,22.549999237060547,22.700000762939453,22.450000762939453,22.600000381469727,18638428
2023-01-09,22.89999961853028,23.14999961853028,22.700000762939453,23.14999961853028,46374091
2023-01-10,23.100000381469727,23.14999961853028,22.850000381469727,23.14999961853028,25155935
2023-01-11,23.14999961853028,23.25,22.950000762939453,23.100000381469727,20608729
2023-01-12,23.100000381469727,23.14999961853028,22.799999237060547,22.89999961853028,18666262
2023-01-13,22.950000762939453,23.14999961853028,22.799999237060547,22.799999237060547,23958984
2023-01-16,22.950000762939453,23.25,22.89999961853028,23.049999237060547,24363905
2023-01-17,23.049999237060547,23.25,22.950000762939453,23.200000762939453,30399713
2023-01-30,23.25,23.39999961853028,22.89999961853028,23.200000762939453,73535134
2023-01-31,23.25,23.299999237060547,22.850000381469727,22.850000381469727,45711658
2023-02-01,22.950000762939453,23.049999237060547,22.600000381469727,22.75,33352861
2023-02-02,22.700000762939453,22.700000762939453,22.39999961853028,22.5,46310643
2023-02-03,22.450000762939453,22.5,22.350000381469727,22.39999961853028,31011989
2023-02-06,22.350000381469727,22.549999237060547,22.25,22.350000381469727,23585847
2023-02-07,22.39999961853028,22.600000381469727,22.299999237060547,22.299999237060547,24932077
2023-02-08,22.299999237060547,22.450000762939453,22.299999237060547,22.39999961853028,16263298
2023-02-09,22.299999237060547,22.450000762939453,22.299999237060547,22.299999237060547,16799040
2023-02-10,22.299999237060547,22.5,22.25,22.450000762939453,20970031
2023-02-13,22.350000381469727,22.75,22.299999237060547,22.75,23070616
2023-02-14,22.799999237060547,23.049999237060547,22.64999961853028,22.89999961853028,38123620
2023-02-15,22.799999237060547,22.89999961853028,22.5,22.549999237060547,42329208
2023-02-16,22.600000381469727,22.799999237060547,22.549999237060547,22.700000762939453,23206289
2023-02-17,22.600000381469727,22.850000381469727,22.600000381469727,22.75,22840878
2023-02-20,22.799999237060547,23.0,22.700000762939453,22.950000762939453,15223381
2023-02-21,22.850000381469727,22.89999961853028,22.700000762939453,22.799999237060547,13573430
2023-02-22,22.600000381469727,22.89999961853028,22.5,22.799999237060547,21752774
2023-02-23,22.850000381469727,23.0,22.75,22.850000381469727,16581228
2023-02-24,22.950000762939453,22.950000762939453,22.75,22.75,34689807
2023-03-01,22.700000762939453,22.799999237060547,22.600000381469727,22.700000762939453,24991335
2023-03-02,22.75,22.799999237060547,22.39999961853028,22.549999237060547,26723817
2023-03-03,22.600000381469727,22.600000381469727,22.39999961853028,22.39999961853028,22144815
2023-03-06,22.600000381469727,22.600000381469727,22.450000762939453,22.549999237060547,27429609
2023-03-07,22.549999237060547,22.75,22.549999237060547,22.64999961853028,53171646
2023-03-08,22.600000381469727,22.75,22.450000762939453,22.75,40297821
2023-03-09,22.75,22.799999237060547,22.5,22.5,29629443
2023-03-10,22.299999237060547,22.39999961853028,22.200000762939453,22.25,36836381
2023-03-13,22.200000762939453,22.299999237060547,22.049999237060547,22.200000762939453,30899896
2023-03-14,22.0,22.0,21.700000762939453,21.700000762939453,71928555
2023-03-15,21.799999237060547,21.850000381469727,21.549999237060547,21.549999237060547,46671172
2023-03-16,21.299999237060547,21.350000381469727,20.850000381469727,20.89999961853028,89990158
2023-03-17,20.950000762939453,21.14999961853028,20.850000381469727,20.850000381469727,85517896
2023-03-20,20.89999961853028,21.0,20.700000762939453,21.0,38490424
2023-03-21,21.0,21.25,20.850000381469727,21.049999237060547,39702296
2023-03-22,21.200000762939453,21.39999961853028,21.14999961853028,21.350000381469727,29961440
2023-03-23,21.25,21.549999237060547,21.14999961853028,21.549999237060547,25480026
2023-03-24,21.549999237060547,21.600000381469727,21.299999237060547,21.39999961853028,26366994
2023-03-27,21.549999237060547,21.549999237060547,21.39999961853028,21.450000762939453,16598425
2023-03-28,21.5,21.700000762939453,21.450000762939453,21.5,19194267
2023-03-29,21.5,21.75,21.5,21.700000762939453,22574788
2023-03-30,21.75,21.799999237060547,21.549999237060547,21.64999961853028,24035782
2023-03-31,21.700000762939453,21.89999961853028,21.700000762939453,21.850000381469727,29245189
2023-04-06,21.850000381469727,21.850000381469727,21.64999961853028,21.700000762939453,27922105
2023-04-07,21.700000762939453,21.799999237060547,21.64999961853028,21.700000762939453,14732745
2023-04-10,21.700000762939453,21.850000381469727,21.64999961853028,21.799999237060547,11957826
2023-04-11,21.64999961853028,21.850000381469727,21.64999961853028,21.850000381469727,27666088
2023-04-12,21.850000381469727,22.0,21.799999237060547,22.0,20700998
2023-04-13,22.049999237060547,22.350000381469727,22.049999237060547,22.299999237060547,26528971
2023-04-14,22.299999237060547,22.5,22.200000762939453,22.5,19797696
2023-04-17,22.5,22.549999237060547,22.39999961853028,22.5,21285264
2023-04-18,22.5,22.5,22.350000381469727,22.39999961853028,12892535
2023-04-19,22.450000762939453,22.5,22.39999961853028,22.450000762939453,15726252
2023-04-20,22.350000381469727,22.39999961853028,22.25,22.350000381469727,10507414
2023-04-21,22.350000381469727,22.39999961853028,22.200000762939453,22.299999237060547,16516810
2023-04-24,22.25,22.5,22.200000762939453,22.450000762939453,11964716
2023-04-25,22.450000762939453,22.549999237060547,22.299999237060547,22.350000381469727,19484257
2023-04-26,22.350000381469727,22.450000762939453,22.299999237060547,22.450000762939453,19395521
2023-04-27,22.450000762939453,22.5,22.299999237060547,22.39999961853028,17827522
2023-04-28,22.450000762939453,22.600000381469727,22.299999237060547,22.600000381469727,22672472
2023-05-02,22.799999237060547,22.89999961853028,22.700000762939453,22.89999961853028,33330651
2023-05-03,22.850000381469727,23.0,22.75,22.950000762939453,26432070
2023-05-04,22.950000762939453,23.14999961853028,22.850000381469727,23.100000381469727,21531649
2023-05-05,23.100000381469727,23.14999961853028,23.0,23.049999237060547,18255071
2023-05-08,23.14999961853028,23.350000381469727,23.100000381469727,23.350000381469727,28653094
2023-05-09,23.350000381469727,23.39999961853028,23.200000762939453,23.299999237060547,16263213
2023-05-10,23.350000381469727,23.350000381469727,23.14999961853028,23.299999237060547,18374497
2023-05-11,23.299999237060547,23.350000381469727,23.200000762939453,23.299999237060547,19658735
2023-05-12,23.350000381469727,23.350000381469727,23.100000381469727,23.100000381469727,21948336
2023-05-15,23.100000381469727,23.39999961853028,23.0,23.350000381469727,21384072
2023-05-16,23.5,23.549999237060547,23.39999961853028,23.549999237060547,33863676
2023-05-17,23.5,24.0,23.5,23.799999237060547,58987570
2023-05-18,23.89999961853028,24.14999961853028,23.850000381469727,24.100000381469727,42628650
2023-05-19,24.200000762939453,24.39999961853028,24.14999961853028,24.39999961853028,39101794
2023-05-22,24.39999961853028,24.700000762939453,24.350000381469727,24.549999237060547,35285806
2023-05-23,24.549999237060547,24.700000762939453,24.350000381469727,24.600000381469727,30439781
2023-05-24,24.5,24.549999237060547,24.25,24.5,22234626
2023-05-25,24.299999237060547,24.350000381469727,24.049999237060547,24.100000381469727,22579454
2023-05-26,24.100000381469727,24.25,23.850000381469727,24.100000381469727,24580387
2023-05-29,24.14999961853028,24.450000762939453,24.14999961853028,24.39999961853028,16731453
2023-05-30,24.549999237060547,24.600000381469727,24.39999961853028,24.5,27136509
2023-05-31,24.5,24.549999237060547,24.25,24.299999237060547,72476669
2023-06-01,24.299999237060547,24.5,24.25,24.299999237060547,23508849
2023-06-02,24.5,24.5,24.25,24.299999237060547,24882144
2023-06-05,24.450000762939453,24.64999961853028,24.39999961853028,24.450000762939453,39957962
2023-06-06,24.450000762939453,24.549999237060547,24.350000381469727,24.450000762939453,27116037
2023-06-07,24.5,24.600000381469727,24.450000762939453,24.600000381469727,28576184
2023-06-08,24.549999237060547,24.64999961853028,24.5,24.64999961853028,30224467
2023-06-09,24.799999237060547,25.25,24.75,25.200000762939453,50715341
2023-06-12,25.200000762939453,25.299999237060547,24.700000762939453,24.799999237060547,35104687
2023-06-13,24.799999237060547,25.0,24.700000762939453,24.799999237060547,29285264
2023-06-14,24.799999237060547,24.950000762939453,24.700000762939453,24.75,27173225
2023-06-15,24.700000762939453,24.799999237060547,24.600000381469727,24.700000762939453,25508645
2023-06-16,24.700000762939453,24.799999237060547,24.549999237060547,24.549999237060547,47743787
2023-06-19,24.549999237060547,25.049999237060547,24.5,25.049999237060547,29447063
2023-06-20,24.950000762939453,25.049999237060547,24.799999237060547,25.049999237060547,26911003
2023-06-21,24.89999961853028,25.14999961853028,24.850000381469727,25.100000381469727,28211725
2023-06-26,25.0,25.200000762939453,24.89999961853028,24.950000762939453,28999658
2023-06-27,24.89999961853028,25.0,24.600000381469727,24.75,22106375
2023-06-28,24.700000762939453,25.0,24.700000762939453,25.0,19665393
2023-06-29,25.14999961853028,25.14999961853028,24.799999237060547,24.89999961853028,19981394
2023-06-30,24.850000381469727,25.14999961853028,24.700000762939453,24.850000381469727,26745054
2023-07-03,24.89999961853028,25.100000381469727,24.850000381469727,25.100000381469727,17245909
2023-07-04,24.950000762939453,25.100000381469727,24.799999237060547,24.850000381469727,22944066
2023-07-05,25.0,25.100000381469727,24.89999961853028,24.950000762939453,22215430
2023-07-06,24.799999237060547,24.850000381469727,24.25,24.5,55266413
2023-07-07,24.299999237060547,24.64999961853028,24.14999961853028,24.600000381469727,27536433
2023-07-10,24.5,24.75,24.350000381469727,24.5,23314568
2023-07-11,24.799999237060547,25.0,24.75,24.950000762939453,26471466
2023-07-12,24.89999961853028,25.14999961853028,24.850000381469727,25.14999961853028,28887561
2023-07-13,25.200000762939453,25.25,24.89999961853028,24.89999961853028,19777722
2023-07-14,25.0,25.39999961853028,25.0,25.39999961853028,48842434
2023-07-17,25.39999961853028,26.14999961853028,25.350000381469727,26.14999961853028,55372975
2023-07-18,26.049999237060547,26.299999237060547,25.89999961853028,26.25,48326032
2023-07-19,26.25,26.299999237060547,25.89999961853028,26.049999237060547,52286569
2023-07-20,25.799999237060547,26.25,25.799999237060547,26.200000762939453,49679134
2023-07-21,26.0,26.600000381469727,26.0,26.450000762939453,58305182
2023-07-24,26.39999961853028,26.39999961853028,26.0,26.100000381469727,39143053
2023-07-25,26.0,26.450000762939453,26.0,26.350000381469727,27461778
2023-07-26,26.299999237060547,26.600000381469727,26.25,26.5,26506250
2023-07-27,26.5,26.700000762939453,26.450000762939453,26.600000381469727,24012940
2023-07-28,26.450000762939453,26.600000381469727,26.14999961853028,26.350000381469727,25967524
2023-07-31,26.450000762939453,26.600000381469727,26.25,26.25,54156840
2023-08-01,26.39999961853028,26.450000762939453,26.049999237060547,26.25,49149283
2023-08-02,26.25,26.25,25.950000762939453,26.14999961853028,70651452
2023-08-04,25.299999237060547,25.299999237060547,24.549999237060547,24.600000381469727,85000115
2023-08-07,24.700000762939453,24.89999961853028,24.549999237060547,24.600000381469727,48733413
2023-08-08,24.64999961853028,24.75,24.5,24.600000381469727,50675580
2023-08-09,24.799999237060547,24.950000762939453,24.600000381469727,24.799999237060547,41385891
2023-08-10,24.799999237060547,24.89999961853028,24.64999961853028,24.89999961853028,33004777
2023-08-11,24.950000762939453,25.200000762939453,24.799999237060547,24.89999961853028,25540364
2023-08-14,24.64999961853028,24.700000762939453,24.049999237060547,24.299999237060547,57612459
2023-08-15,24.299999237060547,24.299999237060547,23.799999237060547,23.89999961853028,52776556
2023-08-16,23.549999237060547,23.549999237060547,23.14999961853028,23.39999961853028,63753404
2023-08-17,23.049999237060547,23.25,22.799999237060547,23.25,63636466
2023-08-18,23.25,23.799999237060547,23.100000381469727,23.350000381469727,31715892
2023-08-21,23.600000381469727,23.950000762939453,23.549999237060547,23.850000381469727,31392662
2023-08-22,23.850000381469727,23.950000762939453,23.350000381469727,23.549999237060547,40928104
2023-08-23,23.549999237060547,23.850000381469727,23.5,23.700000762939453,23718079
2023-08-24,23.700000762939453,24.0,23.700000762939453,23.850000381469727,25891904
2023-08-25,23.799999237060547,23.850000381469727,23.5,23.5,24171589
2023-08-28,23.5,23.850000381469727,23.5,23.799999237060547,16193784
2023-08-29,23.799999237060547,24.0,23.75,24.0,19731014
2023-08-30,24.049999237060547,24.100000381469727,23.799999237060547,23.89999961853028,22240003
2023-08-31,24.0,24.049999237060547,23.700000762939453,23.850000381469727,47670369
2023-09-01,23.799999237060547,24.0,23.75,23.799999237060547,19883799
2023-09-04,23.75,23.950000762939453,23.75,23.950000762939453,12159546
2023-09-05,23.950000762939453,24.049999237060547,23.89999961853028,24.0,18234387
2023-09-06,23.950000762939453,24.049999237060547,23.64999961853028,23.64999961853028,24064734
2023-09-07,23.600000381469727,23.700000762939453,23.549999237060547,23.600000381469727,21478810
2023-09-08,23.89999961853028,24.100000381469727,23.799999237060547,24.049999237060547,27964594
2023-09-11,24.100000381469727,24.350000381469727,24.049999237060547,24.25,31804913
2023-09-12,24.350000381469727,24.350000381469727,24.100000381469727,24.350000381469727,25620724
2023-09-13,24.39999961853028,24.700000762939453,24.299999237060547,24.700000762939453,29899657
2023-09-14,24.799999237060547,25.0,24.64999961853028,25.0,36480679
2023-09-15,25.049999237060547,25.100000381469727,24.600000381469727,24.850000381469727,68599170
2023-09-18,24.700000762939453,24.950000762939453,24.600000381469727,24.950000762939453,28046363
2023-09-19,24.950000762939453,25.100000381469727,24.799999237060547,24.950000762939453,32023916
2023-09-20,24.89999961853028,25.100000381469727,24.799999237060547,24.850000381469727,41106510
2023-09-21,24.700000762939453,24.75,24.200000762939453,24.350000381469727,56209297
2023-09-22,24.200000762939453,24.450000762939453,24.100000381469727,24.25,41810024
2023-09-25,24.39999961853028,24.700000762939453,24.350000381469727,24.600000381469727,30554444
2023-09-26,24.5,24.600000381469727,24.350000381469727,24.549999237060547,27439419
2023-09-27,24.39999961853028,24.549999237060547,24.299999237060547,24.39999961853028,28222707
2023-09-28,24.5,24.600000381469727,24.39999961853028,24.5,25637393
2023-10-02,24.549999237060547,24.600000381469727,24.5,24.5,12797219
2023-10-03,24.39999961853028,24.450000762939453,24.14999961853028,24.200000762939453,29133154
2023-10-04,24.0,24.100000381469727,23.700000762939453,23.700000762939453,55350432
2023-10-05,23.700000762939453,24.14999961853028,23.700000762939453,24.100000381469727,36796026
2023-10-06,24.100000381469727,24.299999237060547,24.0,24.25,25617938
2023-10-11,24.549999237060547,24.89999961853028,24.5,24.89999961853028,57943630
2023-10-12,25.0,25.25,24.75,25.200000762939453,49846820
2023-10-13,25.100000381469727,25.14999961853028,24.950000762939453,25.14999961853028,27997976
2023-10-16,25.14999961853028,25.350000381469727,25.049999237060547,25.350000381469727,28197210
2023-10-17,25.350000381469727,25.39999961853028,25.0,25.14999961853028,27495658
2023-10-18,25.25,25.299999237060547,24.89999961853028,25.14999961853028,48332151
2023-10-19,25.0,25.14999961853028,24.799999237060547,24.850000381469727,40951070
2023-10-20,24.600000381469727,24.799999237060547,24.200000762939453,24.64999961853028,47982523
2023-10-23,24.64999961853028,24.700000762939453,24.299999237060547,24.350000381469727,25942534
2023-10-24,24.39999961853028,24.5,24.200000762939453,24.450000762939453,28918685
2023-10-25,24.549999237060547,24.700000762939453,24.450000762939453,24.64999961853028,28985810
2023-10-26,24.350000381469727,24.700000762939453,24.299999237060547,24.350000381469727,35509941
2023-10-27,24.39999961853028,24.700000762939453,24.39999961853028,24.600000381469727,27988847
2023-10-30,24.600000381469727,24.700000762939453,24.25,24.350000381469727,27158659
2023-10-31,24.350000381469727,24.450000762939453,24.25,24.350000381469727,23694312
2023-11-01,24.5,24.600000381469727,24.350000381469727,24.350000381469727,18938170
2023-11-02,24.600000381469727,24.700000762939453,24.5,24.700000762939453,26324272
2023-11-03,24.850000381469727,25.350000381469727,24.799999237060547,25.350000381469727,61519139
2023-11-06,25.5,25.5,25.200000762939453,25.299999237060547,36691937
2023-11-07,25.25,25.299999237060547,25.0,25.14999961853028,21027131
2023-11-08,25.200000762939453,25.25,25.100000381469727,25.100000381469727,21393675
2023-11-09,25.25,25.39999961853028,25.200000762939453,25.350000381469727,24255393
2023-11-10,25.39999961853028,25.5,25.25,25.5,30529646
2023-11-13,25.549999237060547,25.700000762939453,25.5,25.600000381469727,27753098
2023-11-14,25.799999237060547,26.200000762939453,25.75,26.14999961853028,58575983
2023-11-15,26.350000381469727,26.850000381469727,26.25,26.799999237060547,84191245
2023-11-16,26.850000381469727,26.850000381469727,26.5,26.850000381469727,42755653
2023-11-17,26.850000381469727,27.0,26.700000762939453,26.850000381469727,41000316
2023-11-20,26.64999961853028,26.850000381469727,26.549999237060547,26.850000381469727,37317949
2023-11-21,26.850000381469727,27.14999961853028,26.850000381469727,27.049999237060547,57266297
2023-11-22,27.0,27.200000762939453,26.950000762939453,27.200000762939453,39792166
2023-11-23,27.200000762939453,27.299999237060547,26.64999961853028,26.850000381469727,42705377
2023-11-24,26.89999961853028,27.0,26.600000381469727,26.75,36237468
2023-11-27,26.89999961853028,27.14999961853028,26.700000762939453,26.700000762939453,37513118
2023-11-28,27.39999961853028,27.39999961853028,27.049999237060547,27.14999961853028,65257342
2023-11-29,27.200000762939453,27.25,26.850000381469727,26.850000381469727,49315920
2023-11-30,26.950000762939453,27.350000381469727,26.89999961853028,27.350000381469727,71488047
2023-12-01,27.299999237060547,27.299999237060547,26.850000381469727,26.950000762939453,25213861
2023-12-04,27.14999961853028,27.14999961853028,26.799999237060547,26.89999961853028,27193414
2023-12-05,26.850000381469727,26.850000381469727,26.549999237060547,26.75,39641072
2023-12-06,26.850000381469727,27.14999961853028,26.799999237060547,27.100000381469727,34606067
2023-12-07,27.100000381469727,27.100000381469727,26.75,26.850000381469727,21476598
2023-12-08,27.100000381469727,27.5,27.0,27.5,67201752
2023-12-11,27.5,27.5,27.100000381469727,27.39999961853028,26923491
2023-12-12,27.700000762939453,27.700000762939453,27.39999961853028,27.600000381469727,36663409
2023-12-13,27.700000762939453,28.0,27.600000381469727,27.950000762939453,50978987
2023-12-14,28.0,28.450000762939453,27.799999237060547,28.450000762939453,79800526
2023-12-15,28.5,28.5,28.100000381469727,28.14999961853028,66350275
2023-12-18,28.0,28.39999961853028,28.0,28.25,49319290
2023-12-19,28.200000762939453,28.25,27.89999961853028,28.25,58013033
2023-12-20,28.200000762939453,28.25,27.700000762939453,27.799999237060547,64363364
2023-12-21,27.5,27.850000381469727,27.450000762939453,27.850000381469727,42635571
2023-12-22,27.64999961853028,27.799999237060547,27.600000381469727,27.75,28528862
2023-12-25,27.75,27.950000762939453,27.600000381469727,27.850000381469727,22756146
2023-12-26,27.950000762939453,28.100000381469727,27.799999237060547,28.0,24847441
2023-12-27,28.0,28.100000381469727,27.89999961853028,28.100000381469727,28267010
2023-12-28,28.0,28.39999961853028,27.950000762939453,28.39999961853028,36614614
2023-12-29,28.25,28.350000381469727,28.100000381469727,28.350000381469727,29880958
2024-01-02,28.200000762939453,28.350000381469727,28.0,28.350000381469727,42765847
2024-01-03,28.100000381469727,28.299999237060547,27.799999237060547,28.200000762939453,56056539
2024-01-04,28.200000762939453,28.350000381469727,28.049999237060547,28.14999961853028,38727536
2024-01-05,28.14999961853028,28.200000762939453,28.049999237060547,28.100000381469727,33453491
2024-01-08,28.200000762939453,28.5,28.14999961853028,28.39999961853028,52590660
2024-01-09,28.5,28.5,28.049999237060547,28.100000381469727,36655839
2024-01-10,28.049999237060547,28.14999961853028,27.700000762939453,28.049999237060547,37891017
2024-01-11,28.200000762939453,28.39999961853028,28.14999961853028,28.350000381469727,33704788
2024-01-12,28.200000762939453,28.200000762939453,27.850000381469727,28.049999237060547,34583674
2024-01-15,28.100000381469727,28.299999237060547,28.100000381469727,28.14999961853028,20377725
2024-01-16,27.799999237060547,28.100000381469727,27.64999961853028,27.950000762939453,53092017
2024-01-17,27.700000762939453,27.799999237060547,27.5,27.549999237060547,84030922
2024-01-18,27.5,27.850000381469727,27.39999961853028,27.850000381469727,45360966
2024-01-19,27.600000381469727,27.89999961853028,27.600000381469727,27.89999961853028,44618982
2024-01-22,27.950000762939453,28.200000762939453,27.89999961853028,28.200000762939453,33887047
2024-01-23,28.299999237060547,28.299999237060547,27.89999961853028,28.100000381469727,38827157
2024-01-24,28.200000762939453,28.200000762939453,27.850000381469727,28.0,26823417
2024-01-25,27.89999961853028,28.200000762939453,27.89999961853028,28.14999961853028,25633811
2024-01-26,28.100000381469727,28.600000381469727,28.049999237060547,28.5,50915393
2024-01-29,28.39999961853028,28.549999237060547,28.350000381469727,28.5,22352224
2024-01-30,28.5,28.600000381469727,28.350000381469727,28.39999961853028,25692095
2024-01-31,28.450000762939453,28.5,28.299999237060547,28.450000762939453,23882314
2024-02-01,28.39999961853028,28.700000762939453,28.25,28.64999961853028,43764345
2024-02-02,28.5,28.600000381469727,28.14999961853028,28.299999237060547,39403269
2024-02-05,28.049999237060547,28.39999961853028,28.0,28.14999961853028,39110431
2024-02-15,28.799999237060547,28.799999237060547,28.25,28.39999961853028,44551730
2024-02-16,28.39999961853028,28.450000762939453,28.200000762939453,28.25,22312520
2024-02-19,28.299999237060547,28.700000762939453,28.25,28.700000762939453,29977617
2024-02-20,28.700000762939453,29.0,28.64999961853028,29.0,31723182
2024-02-21,28.850000381469727,29.049999237060547,28.850000381469727,28.950000762939453,27567609
2024-02-22,28.950000762939453,29.350000381469727,28.89999961853028,29.299999237060547,28181752
2024-02-23,29.200000762939453,29.299999237060547,28.89999961853028,28.89999961853028,25477050
2024-02-26,28.89999961853028,29.299999237060547,28.89999961853028,29.100000381469727,25475860
2024-02-27,29.049999237060547,29.350000381469727,28.950000762939453,29.0,30623001
2024-02-29,28.89999961853028,29.39999961853028,28.89999961853028,29.39999961853028,52290017
2024-03-01,29.299999237060547,29.299999237060547,29.049999237060547,29.049999237060547,25130139
2024-03-04,28.950000762939453,29.25,28.950000762939453,29.200000762939453,32828939
2024-03-05,29.049999237060547,29.200000762939453,29.0,29.14999961853028,27962015
2024-03-06,29.100000381469727,29.64999961853028,29.100000381469727,29.5,36062687
2024-03-07,29.299999237060547,29.850000381469727,29.299999237060547,29.799999237060547,38868007
2024-03-08,29.75,30.25,29.700000762939453,30.200000762939453,59848121
2024-03-11,30.200000762939453,30.450000762939453,30.0,30.299999237060547,37722122
2024-03-12,30.299999237060547,30.450000762939453,30.100000381469727,30.450000762939453,29273488
2024-03-13,30.299999237060547,31.950000762939453,30.299999237060547,31.850000381469727,104743828
2024-03-14,32.0,32.20000076293945,31.700000762939453,32.0,76976514
2024-03-15,32.0,32.0,31.14999961853028,31.75,71784928
2024-03-18,31.600000381469727,31.799999237060547,31.299999237060547,31.5,34169913
2024-03-19,31.5,31.89999961853028,31.25,31.75,48487633
2024-03-20,32.0,32.0,31.200000762939453,31.25,55855271
2024-03-21,31.39999961853028,32.20000076293945,31.39999961853028,31.950000762939453,58436231
2024-03-22,32.099998474121094,32.79999923706055,31.700000762939453,31.89999961853028,56761722
2024-03-25,31.700000762939453,32.04999923706055,31.64999961853028,31.700000762939453,35250589
2024-03-26,31.700000762939453,32.20000076293945,31.600000381469727,31.799999237060547,37728957
2024-03-27,31.950000762939453,32.599998474121094,31.799999237060547,32.599998474121094,49707062
2024-03-28,32.349998474121094,32.45000076293945,32.099998474121094,32.400001525878906,56255583
2024-03-29,32.400001525878906,32.599998474121094,32.25,32.599998474121094,26663000
2024-04-01,32.79999923706055,32.849998474121094,31.5,31.64999961853028,53001689
2024-04-02,31.64999961853028,32.04999923706055,31.600000381469727,31.799999237060547,26546173
2024-04-03,31.950000762939453,31.950000762939453,31.450000762939453,31.450000762939453,41153001
2024-04-08,32.0,32.29999923706055,31.549999237060547,32.04999923706055,40051510
2024-04-09,32.20000076293945,32.29999923706055,31.89999961853028,32.150001525878906,22123204
2024-04-10,32.349998474121094,32.45000076293945,31.75,31.850000381469727,26318470
2024-04-11,31.600000381469727,31.950000762939453,31.600000381469727,31.950000762939453,22129390
2024-04-12,31.700000762939453,32.099998474121094,31.700000762939453,31.75,27897424
2024-04-15,31.75,32.20000076293945,31.549999237060547,31.950000762939453,32122984
2024-04-16,31.799999237060547,32.04999923706055,30.89999961853028,30.950000762939453,66272770
2024-04-17,30.950000762939453,31.799999237060547,30.950000762939453,31.5,40102217
2024-04-18,31.700000762939453,31.950000762939453,31.450000762939453,31.700000762939453,44950634
2024-04-19,31.5,31.850000381469727,30.64999961853028,31.0,65393195
2024-04-22,31.25,31.799999237060547,31.100000381469727,31.350000381469727,44974171
2024-04-23,31.5,31.799999237060547,31.450000762939453,31.549999237060547,36242333
2024-04-24,31.799999237060547,32.099998474121094,31.39999961853028,31.450000762939453,40839592
2024-04-25,31.25,31.450000762939453,30.950000762939453,31.0,31048146
2024-04-26,30.950000762939453,31.450000762939453,30.950000762939453,31.14999961853028,18884397
2024-04-29,33.45000076293945,34.25,33.349998474121094,34.25,177983883
2024-04-30,34.25,34.900001525878906,33.79999923706055,34.099998474121094,101541812
2024-05-02,34.0,34.75,33.95000076293945,34.099998474121094,61454142
2024-05-03,34.349998474121094,35.099998474121094,34.20000076293945,34.75,94349300
2024-05-06,34.95000076293945,36.34999847412109,34.79999923706055,36.09999847412109,84770985
2024-05-07,36.04999923706055,36.45000076293945,35.650001525878906,36.0,87556290
2024-05-08,36.04999923706055,36.79999923706055,35.900001525878906,36.400001525878906,77082006
2024-05-09,36.20000076293945,36.400001525878906,36.04999923706055,36.09999847412109,46264740
2024-05-10,36.09999847412109,37.5,36.04999923706055,37.45000076293945,76500471
2024-05-13,37.04999923706055,37.09999847412109,36.20000076293945,36.5,86754932
2024-05-14,36.25,36.34999847412109,35.70000076293945,36.04999923706055,93881663
2024-05-15,36.20000076293945,37.20000076293945,36.20000076293945,36.900001525878906,57317743
2024-05-16,37.04999923706055,37.70000076293945,37.04999923706055,37.5,67122977
2024-05-17,37.04999923706055,38.09999847412109,37.0,38.09999847412109,64394226
2024-05-20,38.09999847412109,38.54999923706055,37.59999847412109,38.54999923706055,70838943
2024-05-21,38.04999923706055,38.20000076293945,37.25,37.75,73013066
2024-05-22,37.59999847412109,37.95000076293945,37.400001525878906,37.900001525878906,43189978
2024-05-23,37.400001525878906,38.0,37.20000076293945,38.0,69175700
2024-05-24,37.70000076293945,37.70000076293945,37.0,37.04999923706055,51857095
2024-05-27,36.70000076293945,37.54999923706055,36.5,37.54999923706055,87352386
2024-05-28,37.400001525878906,37.45000076293945,36.59999847412109,36.75,78129837
2024-05-29,36.70000076293945,36.70000076293945,36.0,36.04999923706055,73172216
2024-05-30,35.79999923706055,36.29999923706055,35.20000076293945,35.29999923706055,82877367
2024-05-31,35.349998474121094,36.09999847412109,35.349998474121094,35.400001525878906,157048063
2024-06-03,36.09999847412109,36.75,36.0,36.400001525878906,95568780
2024-06-04,36.20000076293945,36.650001525878906,35.75,36.34999847412109,97055235
2024-06-05,36.09999847412109,36.59999847412109,35.849998474121094,36.29999923706055,91819333
2024-06-06,36.25,37.09999847412109,36.25,36.84999847412109,71125382
2024-06-07,36.84999847412109,37.34999847412109,36.5,37.20000076293945,74532551
2024-06-11,36.79999923706055,37.29999923706055,36.70000076293945,37.09999847412109,75255590
2024-06-12,36.75,37.25,36.75,37.25,63727295
2024-06-13,37.0,37.29999923706055,36.95000076293945,37.09999847412109,53016411
2024-06-14,37.09999847412109,37.400001525878906,37.09999847412109,37.29999923706055,26342782
2024-06-17,37.25,37.70000076293945,37.150001525878906,37.25,31727213
2024-06-18,37.45000076293945,37.900001525878906,37.25,37.900001525878906,38265880
2024-06-19,37.900001525878906,38.25,37.75,37.900001525878906,38560148
2024-06-20,37.900001525878906,38.09999847412109,37.79999923706055,38.0,29959637
2024-06-21,38.09999847412109,38.150001525878906,37.79999923706055,37.84999847412109,71943302
2024-06-24,37.75,38.25,37.54999923706055,38.25,51448915
2024-06-25,38.29999923706055,38.34999847412109,37.900001525878906,38.0,35052379
2024-06-26,37.900001525878906,38.09999847412109,37.650001525878906,37.650001525878906,44918843
2024-06-27,37.29999923706055,38.04999923706055,37.25,37.70000076293945,45827634
2024-06-28,37.84999847412109,38.29999923706055,37.75,37.84999847412109,44958715
2024-07-01,38.09999847412109,38.25,37.900001525878906,38.20000076293945,44211341
2024-07-02,38.04999923706055,38.70000076293945,38.0,38.5,78062330
2024-07-03,38.5,39.25,38.5,39.20000076293945,83444320
2024-07-04,39.5,39.95000076293945,39.25,39.75,97270444
2024-07-05,39.95000076293945,40.20000076293945,39.70000076293945,40.04999923706055,77582903
2024-07-08,40.04999923706055,40.25,39.84999847412109,40.09999847412109,77668553
2024-07-09,40.09999847412109,40.25,39.84999847412109,39.95000076293945,51307063
2024-07-10,40.0,40.95000076293945,39.79999923706055,40.84999847412109,74243177
2024-07-11,40.79999923706055,41.70000076293945,40.20000076293945,40.25,76870902
2024-07-12,39.900001525878906,40.75,39.84999847412109,40.20000076293945,84730499
2024-07-15,38.54999923706055,38.70000076293945,36.79999923706055,37.650001525878906,165356219
2024-07-16,38.09999847412109,38.09999847412109,37.09999847412109,37.34999847412109,75683314
2024-07-17,37.5,37.59999847412109,37.0,37.0,67601500
2024-07-18,37.04999923706055,37.25,36.59999847412109,37.0,86401729
2024-07-19,37.0,37.0,35.75,35.95000076293945,115851958
2024-07-22,36.04999923706055,36.34999847412109,35.5,35.5,69680814
2024-07-23,35.79999923706055,36.25,35.599998474121094,35.849998474121094,59560011
2024-07-26,35.25,35.70000076293945,35.099998474121094,35.599998474121094,64141895
2024-07-29,36.20000076293945,36.45000076293945,35.650001525878906,36.0,47286625
2024-07-30,35.900001525878906,35.900001525878906,34.849998474121094,35.29999923706055,68650525
2024-07-31,35.25,35.79999923706055,35.099998474121094,35.5,54629090
2024-08-01,36.04999923706055,36.150001525878906,35.599998474121094,35.900001525878906,44600215
2024-08-02,35.20000076293945,35.29999923706055,34.599998474121094,35.04999923706055,102461806
2024-08-05,34.099998474121094,34.099998474121094,31.600000381469727,32.25,113506909
2024-08-06,33.0,33.20000076293945,31.5,32.900001525878906,79376996
2024-08-07,32.75,33.900001525878906,32.70000076293945,33.900001525878906,49526411
2024-08-08,33.70000076293945,34.29999923706055,33.29999923706055,33.75,51560799
2024-08-09,34.20000076293945,35.20000076293945,34.20000076293945,34.70000076293945,64373989
2024-08-12,34.849998474121094,35.04999923706055,34.29999923706055,34.5,80046935
2024-08-13,34.599998474121094,34.650001525878906,33.75,34.5,70916073
2024-08-14,34.849998474121094,34.95000076293945,34.45000076293945,34.75,47937188
2024-08-15,35.099998474121094,35.099998474121094,34.29999923706055,34.5,37079661
2024-08-16,35.0,35.20000076293945,34.75,34.900001525878906,51367376
2024-08-19,35.04999923706055,35.20000076293945,34.849998474121094,35.0,43523065
2024-08-20,35.20000076293945,35.20000076293945,34.650001525878906,35.0,55553462
2024-08-21,33.79999923706055,34.099998474121094,33.29999923706055,33.70000076293945,229864805
2024-08-22,33.95000076293945,34.20000076293945,33.349998474121094,33.45000076293945,138073399
2024-08-23,33.400001525878906,33.45000076293945,32.95000076293945,33.099998474121094,125574516
2024-08-26,32.95000076293945,33.650001525878906,32.70000076293945,33.150001525878906,149017648
2024-08-27,33.099998474121094,33.150001525878906,32.54999923706055,32.849998474121094,149030098
2024-08-28,32.900001525878906,33.29999923706055,32.70000076293945,33.099998474121094,127718621
2024-08-29,32.79999923706055,32.95000076293945,32.5,32.599998474121094,120808221
2024-08-30,32.599998474121094,32.849998474121094,32.599998474121094,32.650001525878906,277101969
2024-09-02,32.79999923706055,33.29999923706055,32.75,33.099998474121094,118178472
2024-09-03,33.20000076293945,33.25,32.900001525878906,32.95000076293945,85306442
2024-09-04,32.29999923706055,32.5,31.799999237060547,32.04999923706055,169696308
2024-09-05,32.150001525878906,32.650001525878906,32.0,32.29999923706055,75969197
2024-09-06,32.5,33.04999923706055,32.25,32.900001525878906,66842070
2024-09-09,32.349998474121094,32.70000076293945,32.20000076293945,32.70000076293945,96074463
2024-09-10,32.75,32.95000076293945,32.5,32.70000076293945,79520708
2024-09-11,32.599998474121094,32.650001525878906,32.20000076293945,32.29999923706055,83627857
2024-09-12,32.5,32.5,31.89999961853028,32.150001525878906,105241025
2024-09-13,32.150001525878906,32.599998474121094,32.150001525878906,32.54999923706055,77461510
2024-09-16,32.70000076293945,32.70000076293945,32.29999923706055,32.70000076293945,62160141
2024-09-18,33.79999923706055,34.25,33.400001525878906,33.599998474121094,207989641
2024-09-19,33.5,33.650001525878906,33.29999923706055,33.5,82638863
2024-09-20,33.900001525878906,34.45000076293945,33.79999923706055,34.0,253599447
2024-09-23,34.75,35.5,34.400001525878906,35.349998474121094,181383209
2024-09-24,35.20000076293945,35.25,34.70000076293945,35.0,115203027
2024-09-25,34.849998474121094,35.0,34.599998474121094,34.95000076293945,88345558
2024-09-26,35.099998474121094,35.20000076293945,34.900001525878906,35.0,71535359
2024-09-27,35.0,35.04999923706055,34.5,34.599998474121094,86917257
2024-09-30,34.54999923706055,34.849998474121094,34.400001525878906,34.400001525878906,67515161
2024-10-01,34.45000076293945,34.70000076293945,34.400001525878906,34.70000076293945,31460408
2024-10-04,34.099998474121094,34.54999923706055,34.099998474121094,34.25,65806773
2024-10-07,34.5,34.900001525878906,34.349998474121094,34.900001525878906,41893053
2024-10-08,35.0,35.20000076293945,34.599998474121094,35.20000076293945,69530270
2024-10-09,35.150001525878906,35.349998474121094,34.79999923706055,34.900001525878906,55801927
2024-10-11,35.150001525878906,35.29999923706055,35.0,35.150001525878906,44230476
2024-10-14,35.25,35.599998474121094,35.099998474121094,35.599998474121094,58426986
2024-10-15,35.650001525878906,36.400001525878906,35.650001525878906,36.34999847412109,72180867
2024-10-16,36.09999847412109,36.400001525878906,36.0,36.29999923706055,74736842
2024-10-17,36.34999847412109,36.5,36.150001525878906,36.5,37752324
2024-10-18,36.54999923706055,37.29999923706055,36.5,36.900001525878906,74212006
2024-10-21,37.0,37.04999923706055,36.04999923706055,36.09999847412109,70628898
2024-10-22,36.04999923706055,36.59999847412109,36.0,36.59999847412109,40061485
2024-10-23,36.45000076293945,36.54999923706055,36.150001525878906,36.150001525878906,28266646
2024-10-24,36.04999923706055,36.25,35.900001525878906,35.900001525878906,40536751
2024-10-25,35.900001525878906,36.150001525878906,35.900001525878906,36.09999847412109,22330691
2024-10-28,36.150001525878906,36.20000076293945,35.900001525878906,35.900001525878906,30243116
2024-10-29,35.900001525878906,36.09999847412109,35.650001525878906,35.849998474121094,40828186
2024-10-30,35.95000076293945,35.95000076293945,35.599998474121094,35.900001525878906,40597436
2024-11-01,34.20000076293945,35.900001525878906,34.20000076293945,35.70000076293945,79184621
2024-11-04,35.75,36.45000076293945,35.70000076293945,36.45000076293945,50682935
2024-11-05,36.20000076293945,36.650001525878906,36.20000076293945,36.650001525878906,40848482
2024-11-06,36.59999847412109,36.84999847412109,36.400001525878906,36.70000076293945,40831022
2024-11-07,36.70000076293945,37.09999847412109,36.59999847412109,36.900001525878906,48888184
2024-11-08,37.04999923706055,37.09999847412109,36.70000076293945,36.900001525878906,47076113
2024-11-11,37.150001525878906,37.20000076293945,36.75,37.20000076293945,47962661
2024-11-12,37.0,37.20000076293945,36.84999847412109,37.0,52618544
2024-11-13,36.79999923706055,37.0,36.34999847412109,36.54999923706055,56332700
2024-11-14,36.45000076293945,36.900001525878906,36.45000076293945,36.650001525878906,52639319
2024-11-15,36.650001525878906,37.150001525878906,36.650001525878906,36.79999923706055,45459293
2024-11-18,36.900001525878906,37.0,36.650001525878906,36.79999923706055,48547350
2024-11-19,36.79999923706055,36.95000076293945,36.59999847412109,36.84999847412109,49166033
2024-11-20,38.04999923706055,38.04999923706055,38.04999923706055,38.04999923706055,154358866
2024-11-21,37.75,38.04999923706055,37.650001525878906,38.04999923706055,69631823
2024-11-22,38.04999923706055,38.20000076293945,37.70000076293945,37.75,39750045
2024-11-25,38.20000076293945,38.34999847412109,37.34999847412109,37.34999847412109,126051728
2024-11-26,37.59999847412109,38.09999847412109,37.400001525878906,38.0,45612506
2024-11-27,37.84999847412109,38.0,37.54999923706055,37.70000076293945,43102484
2024-11-28,37.650001525878906,37.95000076293945,37.45000076293945,37.75,41661756
2024-11-29,37.5,37.75,37.25,37.400001525878906,51177819
2024-12-02,37.70000076293945,38.70000076293945,37.70000076293945,38.59999847412109,70707500
2024-12-03,38.70000076293945,39.0,38.45000076293945,39.0,58651928
2024-12-04,39.0,39.0,38.5,38.79999923706055,43992636
2024-12-05,38.79999923706055,39.150001525878906,38.79999923706055,39.04999923706055,31632248
2024-12-06,39.150001525878906,39.150001525878906,38.79999923706055,39.09999847412109,30226609
2024-12-09,39.09999847412109,39.150001525878906,38.84999847412109,39.04999923706055,31668729
2024-12-10,39.150001525878906,39.150001525878906,38.79999923706055,39.09999847412109,33415515
2024-12-11,39.0,39.20000076293945,38.84999847412109,39.09999847412109,33743539
2024-12-12,39.09999847412109,39.650001525878906,38.900001525878906,39.59999847412109,52720571
2024-12-13,39.45000076293945,39.59999847412109,39.29999923706055,39.59999847412109,41103076
2024-12-16,39.54999923706055,39.95000076293945,39.5,39.900001525878906,50721115
2024-12-17,39.75,39.900001525878906,39.400001525878906,39.900001525878906,56481705
2024-12-18,39.70000076293945,40.150001525878906,39.25,39.70000076293945,61476547
2024-12-19,39.150001525878906,39.5,39.0,39.400001525878906,67928723
2024-12-20,38.79999923706055,38.900001525878906,38.29999923706055,38.5,101131693
2024-12-23,38.79999923706055,39.45000076293945,38.59999847412109,39.29999923706055,53475241
2024-12-24,39.34999847412109,39.59999847412109,39.150001525878906,39.34999847412109,34487735
2024-12-25,39.5,39.650001525878906,39.25,39.25,29417948
2024-12-26,39.45000076293945,39.45000076293945,39.29999923706055,39.45000076293945,15709327
2024-12-27,39.29999923706055,39.650001525878906,39.25,39.45000076293945,20744322
2024-12-30,39.5,39.79999923706055,39.34999847412109,39.45000076293945,23461709
2024-12-31,39.34999847412109,39.400001525878906,39.09999847412109,39.09999847412109,28881088
2025-01-02,38.95000076293945,39.20000076293945,38.59999847412109,38.70000076293945,51324254
2025-01-03,38.70000076293945,39.150001525878906,38.70000076293945,39.0,27289033
2025-01-06,39.150001525878906,39.5,39.150001525878906,39.400001525878906,31302581
2025-01-07,39.45000076293945,39.5,39.09999847412109,39.20000076293945,23646607
2025-01-08,39.150001525878906,39.400001525878906,39.09999847412109,39.09999847412109,24292292
2025-01-09,39.150001525878906,39.45000076293945,38.84999847412109,38.95000076293945,27824300
2025-01-10,38.75,38.79999923706055,38.150001525878906,38.54999923706055,51967498
2025-01-13,38.45000076293945,38.650001525878906,38.09999847412109,38.29999923706055,43751259
2025-01-14,38.5,38.84999847412109,38.45000076293945,38.84999847412109,29694950
2025-01-15,38.84999847412109,39.150001525878906,38.59999847412109,38.75,32644175
2025-01-16,39.0,39.20000076293945,38.84999847412109,39.09999847412109,36020419
2025-01-17,39.09999847412109,39.150001525878906,38.650001525878906,39.04999923706055,29014166
2025-01-20,39.04999923706055,39.09999847412109,38.70000076293945,38.70000076293945,20782054
2025-01-21,38.75,39.20000076293945,38.59999847412109,39.0,22344054
2025-01-22,39.29999923706055,39.29999923706055,39.04999923706055,39.09999847412109,31212195
2025-02-03,38.59999847412109,39.04999923706055,38.34999847412109,39.0,47083860
2025-02-04,39.29999923706055,39.400001525878906,38.650001525878906,38.84999847412109,40857156
2025-02-05,39.20000076293945,39.400001525878906,39.04999923706055,39.400001525878906,36484068
2025-02-06,39.400001525878906,39.59999847412109,39.25,39.59999847412109,30698374
2025-02-07,39.5,39.95000076293945,39.5,39.75,26720252
2025-02-10,39.650001525878906,40.20000076293945,39.54999923706055,40.150001525878906,51387016
2025-02-11,40.20000076293945,40.20000076293945,39.900001525878906,40.04999923706055,32160670
2025-02-12,40.0,40.45000076293945,39.95000076293945,40.25,47894448
2025-02-13,40.29999923706055,40.54999923706055,40.09999847412109,40.5,32976417
2025-02-14,40.400001525878906,40.5,39.95000076293945,39.95000076293945,26998679
2025-02-17,40.150001525878906,40.650001525878906,40.09999847412109,40.650001525878906,33761238
2025-02-18,40.650001525878906,40.650001525878906,40.29999923706055,40.34999847412109,21960914
2025-02-19,40.29999923706055,40.45000076293945,39.900001525878906,40.0,33056381
2025-02-20,40.09999847412109,40.5,39.900001525878906,40.20000076293945,41036333
2025-02-21,40.29999923706055,40.400001525878906,40.0,40.29999923706055,36357226
2025-02-24,40.0,40.400001525878906,39.95000076293945,40.400001525878906,38624616
2025-02-25,40.04999923706055,40.650001525878906,40.04999923706055,40.650001525878906,35190017
2025-02-26,40.70000076293945,41.20000076293945,40.5,41.04999923706055,56599672
2025-02-27,40.95000076293945,41.20000076293945,40.650001525878906,40.75,67853194
2025-03-03,40.29999923706055,41.04999923706055,40.29999923706055,41.04999923706055,48245238
2025-03-04,40.54999923706055,41.20000076293945,40.54999923706055,41.0,55370212
2025-03-05,40.95000076293945,41.09999847412109,40.400001525878906,40.400001525878906,43698295
2025-03-06,40.650001525878906,40.84999847412109,40.5,40.75,26943757
2025-03-07,40.650001525878906,40.70000076293945,39.95000076293945,40.04999923706055,67772975
2025-03-10,40.150001525878906,40.20000076293945,39.900001525878906,40.0,33150982
2025-03-11,39.59999847412109,39.79999923706055,39.09999847412109,39.650001525878906,92889085
2025-03-12,39.900001525878906,40.34999847412109,39.70000076293945,40.29999923706055,51310680
2025-03-13,40.34999847412109,40.34999847412109,39.84999847412109,40.0,31779119
2025-03-14,40.20000076293945,40.20000076293945,39.54999923706055,39.75,63038011
2025-03-17,39.95000076293945,40.09999847412109,39.54999923706055,40.09999847412109,52146399
2025-03-18,40.150001525878906,40.54999923706055,39.70000076293945,40.29999923706055,64920672
2025-03-19,40.54999923706055,40.900001525878906,40.25,40.25,66172117
2025-03-20,40.400001525878906,40.5,39.84999847412109,39.95000076293945,52656705
2025-03-21,40.0,40.25,39.79999923706055,39.95000076293945,69394875
2025-03-24,40.25,40.54999923706055,40.09999847412109,40.34999847412109,47153649
2025-03-25,40.34999847412109,40.54999923706055,40.20000076293945,40.25,25138489
2025-03-26,40.59999847412109,40.59999847412109,40.34999847412109,40.45000076293945,46495642
2025-03-27,40.25,40.400001525878906,39.84999847412109,40.400001525878906,46965475
2025-03-28,40.150001525878906,40.54999923706055,40.09999847412109,40.45000076293945,65684724
2025-03-31,39.79999923706055,40.0,39.45000076293945,39.45000076293945,84096192
2025-04-01,39.650001525878906,40.04999923706055,39.650001525878906,39.900001525878906,32144242
2025-04-02,39.75,40.5,39.54999923706055,40.400001525878906,43931109
2025-04-07,36.400001525878906,36.400001525878906,36.400001525878906,36.400001525878906,25587323
2025-04-08,35.5,36.400001525878906,35.150001525878906,35.849998474121094,145755744
2025-04-09,36.29999923706055,36.45000076293945,33.650001525878906,34.0,121986884
2025-04-10,37.400001525878906,37.400001525878906,37.400001525878906,37.400001525878906,42357493
2025-04-11,36.5,37.5,36.04999923706055,37.25,104975973
2025-04-14,37.70000076293945,38.0,37.0,37.04999923706055,63127955
2025-04-15,37.150001525878906,37.75,37.04999923706055,37.75,39340130
2025-04-16,37.5,37.79999923706055,37.09999847412109,37.75,53728886
2025-04-17,37.70000076293945,37.79999923706055,37.20000076293945,37.20000076293945,40892643
2025-04-18,37.04999923706055,37.09999847412109,36.59999847412109,36.75,60461173
2025-04-21,36.75,36.84999847412109,36.29999923706055,36.29999923706055,33084885
2025-04-22,36.09999847412109,36.09999847412109,35.599998474121094,35.70000076293945,55266259
2025-04-23,36.20000076293945,36.900001525878906,36.09999847412109,36.25,50747328
2025-04-24,36.29999923706055,36.75,35.849998474121094,36.34999847412109,49620176
2025-04-25,36.75,37.150001525878906,36.29999923706055,36.95000076293945,60735632
2025-04-28,38.09999847412109,38.09999847412109,37.45000076293945,38.0,92018191
2025-04-29,38.0,39.09999847412109,37.84999847412109,39.0,88864919
2025-04-30,39.04999923706055,39.400001525878906,38.84999847412109,39.29999923706055,70595245
2025-05-02,40.400001525878906,40.400001525878906,39.75,40.25,83328585
2025-05-05,39.5,39.54999923706055,38.79999923706055,39.29999923706055,106711728
2025-05-06,39.70000076293945,40.09999847412109,39.04999923706055,40.0,81587804
2025-05-07,40.20000076293945,40.20000076293945,39.29999923706055,39.59999847412109,65169866
2025-05-08,39.79999923706055,40.04999923706055,39.54999923706055,39.70000076293945,53787757
2025-05-09,39.25,39.95000076293945,39.04999923706055,39.95000076293945,69523191
2025-05-12,40.0,40.150001525878906,39.84999847412109,40.09999847412109,55474132
2025-05-13,40.29999923706055,40.59999847412109,40.09999847412109,40.20000076293945,72976325
2025-05-14,40.5,40.650001525878906,40.25,40.59999847412109,71498449
2025-05-15,40.59999847412109,41.25,40.45000076293945,41.150001525878906,80055640
2025-05-16,41.04999923706055,42.0,41.0,42.0,77106743
2025-05-19,41.95000076293945,42.0,41.09999847412109,41.5,67436487
2025-05-20,41.650001525878906,41.75,40.95000076293945,41.75,69827496
2025-05-21,41.84999847412109,43.150001525878906,41.45000076293945,43.0,133635005
2025-05-22,42.45000076293945,43.29999923706055,42.400001525878906,42.900001525878906,136209796
2025-05-23,43.25,43.34999847412109,42.75,42.79999923706055,122536459
2025-05-26,42.650001525878906,43.0,41.34999847412109,41.34999847412109,130335180
2025-05-27,41.34999847412109,41.900001525878906,40.79999923706055,40.79999923706055,167821595
2025-05-28,41.29999923706055,42.0,40.84999847412109,41.09999847412109,194205525
2025-05-29,41.400001525878906,41.75,40.84999847412109,40.84999847412109,258264172
2025-06-02,40.54999923706055,41.79999923706055,40.34999847412109,41.79999923706055,159835323
2025-06-03,41.75,43.0,41.45000076293945,43.0,214263752
2025-06-04,42.70000076293945,43.0,42.20000076293945,42.5,157646623
2025-06-05,42.20000076293945,42.400001525878906,40.79999923706055,41.20000076293945,109768849
2025-06-06,41.25,41.95000076293945,41.25,41.54999923706055,64631500
2025-06-09,41.75,42.0,41.400001525878906,42.0,40827689
2025-06-10,41.84999847412109,42.75,41.54999923706055,42.5,95645894
2025-06-11,42.45000076293945,42.5,41.59999847412109,42.150001525878906,74935485
2025-06-12,42.150001525878906,42.59999847412109,42.04999923706055,42.5,60104143
2025-06-13,42.0,42.84999847412109,41.95000076293945,42.70000076293945,67943773
2025-06-16,42.59999847412109,43.04999923706055,42.54999923706055,42.70000076293945,39228786
2025-06-17,42.70000076293945,43.09999847412109,42.59999847412109,42.59999847412109,71803245
2025-06-18,42.650001525878906,43.09999847412109,42.59999847412109,43.09999847412109,54090427
2025-06-19,42.75,43.25,42.75,43.0,39290533
2025-06-20,42.900001525878906,43.150001525878906,42.650001525878906,42.95000076293945,56379040
2025-06-23,42.650001525878906,42.95000076293945,42.45000076293945,42.95000076293945,31361774
2025-06-24,43.09999847412109,43.75,43.04999923706055,43.75,55564195
2025-06-25,43.79999923706055,43.900001525878906,43.5,43.900001525878906,38565018
2025-06-26,44.0,44.5,43.900001525878906,44.29999923706055,57247173
2025-06-27,44.29999923706055,44.75,44.25,44.5,49414797
2025-06-30,44.25,44.25,43.70000076293945,43.70000076293945,44824626
2025-07-01,43.75,44.84999847412109,43.54999923706055,44.0,110621013
2025-07-02,43.95000076293945,44.650001525878906,43.900001525878906,43.900001525878906,49173639
2025-07-03,44.04999923706055,44.5,44.0,44.400001525878906,52912072
2025-07-04,44.45000076293945,44.79999923706055,44.34999847412109,44.5,43898349
2025-07-07,44.5,44.95000076293945,44.29999923706055,44.95000076293945,56203182
2025-07-08,44.900001525878906,44.95000076293945,44.150001525878906,44.400001525878906,58248397
2025-07-09,44.400001525878906,44.5,43.34999847412109,43.900001525878906,84296814
2025-07-10,43.900001525878906,44.29999923706055,43.34999847412109,44.09999847412109,81792796
2025-07-11,44.0,44.400001525878906,43.84999847412109,43.84999847412109,91218625
2025-07-14,41.150001525878906,42.400001525878906,40.900001525878906,41.900001525878906,82654610
2025-07-15,42.04999923706055,42.900001525878906,42.04999923706055,42.900001525878906,56110586
2025-07-16,42.650001525878906,43.0,42.45000076293945,43.0,54049516
2025-07-17,43.0,43.0,42.5,42.79999923706055,44604022
2025-07-18,42.900001525878906,43.09999847412109,42.5,42.70000076293945,21077141
2025-07-21,42.75,43.25,42.25,42.5,43701501
2025-07-22,42.70000076293945,43.150001525878906,42.45000076293945,42.650001525878906,51611616
2025-07-23,42.95000076293945,43.0,42.45000076293945,43.0,44098298
2025-07-24,42.900001525878906,43.09999847412109,42.5,42.95000076293945,38455224
2025-07-25,42.650001525878906,42.84999847412109,42.25,42.5,50253763
2025-07-28,42.59999847412109,42.79999923706055,42.0,42.09999847412109,40975444
2025-07-29,42.20000076293945,42.29999923706055,41.5,41.70000076293945,52303755
2025-07-30,41.79999923706055,42.09999847412109,41.59999847412109,41.900001525878906,26124535
2025-07-31,41.54999923706055,41.650001525878906,41.25,41.25,25604999
2025-08-04,41.34999847412109,42.650001525878906,41.34999847412109,42.650001525878906,35691425
2025-08-05,42.400001525878906,42.75,42.150001525878906,42.59999847412109,38800184
2025-08-06,42.59999847412109,43.0,42.54999923706055,42.900001525878906,22325666
2025-08-07,43.0,43.09999847412109,42.75,42.95000076293945,28850793
2025-08-08,42.75,43.0,42.75,43.0,17118499
2025-08-11,42.79999923706055,43.20000076293945,42.79999923706055,43.09999847412109,21424854
2025-08-12,43.09999847412109,43.20000076293945,42.79999923706055,42.79999923706055,27353220
2025-08-13,42.79999923706055,43.0,42.70000076293945,43.0,23119435
2025-08-14,43.09999847412109,43.400001525878906,43.0,43.20000076293945,29278318
2025-08-15,43.09999847412109,43.29999923706055,42.79999923706055,42.84999847412109,22320875
2025-08-18,42.84999847412109,42.900001525878906,42.25,42.84999847412109,40690882
2025-08-19,42.75,43.150001525878906,42.59999847412109,42.95000076293945,26651362
2025-08-20,43.150001525878906,43.150001525878906,42.5,42.70000076293945,36965823
2025-08-21,43.0,43.20000076293945,42.900001525878906,43.20000076293945,28072778
2025-08-22,43.0,43.150001525878906,42.650001525878906,42.70000076293945,21803324
2025-08-25,42.84999847412109,42.95000076293945,42.5,42.900001525878906,20733566
2025-08-26,42.70000076293945,42.75,41.95000076293945,42.0,40994712
2025-08-27,41.79999923706055,42.09999847412109,41.75,41.75,33771979
2025-08-28,41.84999847412109,42.25,41.79999923706055,41.79999923706055,23101789
2025-08-29,41.79999923706055,41.95000076293945,41.150001525878906,41.150001525878906,32961121
2025-09-01,41.20000076293945,41.70000076293945,41.20000076293945,41.400001525878906,30881879
2025-09-02,41.400001525878906,42.0,41.34999847412109,42.0,26510693
2025-09-03,42.0,42.150001525878906,41.650001525878906,41.900001525878906,16562889
2025-09-04,41.70000076293945,41.95000076293945,41.650001525878906,41.900001525878906,16680077
2025-09-05,41.900001525878906,42.09999847412109,41.75,41.84999847412109,15357921
2025-09-08,41.84999847412109,42.0,41.75,41.75,19852656
2025-09-09,41.79999923706055,42.150001525878906,41.75,42.0,20360644
2025-09-10,42.0,42.150001525878906,41.84999847412109,42.04999923706055,25882215
2025-09-11,42.0,42.45000076293945,42.0,42.25,24762060
2025-09-12,42.5,42.79999923706055,42.45000076293945,42.79999923706055,28460787
2025-09-15,42.79999923706055,43.34999847412109,42.79999923706055,43.150001525878906,36740112
2025-09-16,43.45000076293945,43.79999923706055,43.34999847412109,43.45000076293945,48237857
2025-09-17,43.29999923706055,43.45000076293945,43.09999847412109,43.09999847412109,21248996
2025-09-18,43.34999847412109,43.45000076293945,42.95000076293945,43.150001525878906,22606686
2025-09-19,43.34999847412109,43.650001525878906,42.79999923706055,43.650001525878906,151167171
2025-09-22,43.59999847412109,43.59999847412109,43.20000076293945,43.20000076293945,20659516
2025-09-23,43.25,43.29999923706055,43.0,43.25,21236608
2025-09-24,43.25,43.54999923706055,43.150001525878906,43.150001525878906,19820784
2025-09-25,43.5,43.5,42.5,42.5,29799690
2025-09-26,42.5,42.650001525878906,42.150001525878906,42.59999847412109,25311708
2025-09-30,42.20000076293945,42.95000076293945,42.20000076293945,42.900001525878906,29788834
2025-10-01,42.70000076293945,43.09999847412109,42.59999847412109,43.04999923706055,27365975
2025-10-02,43.04999923706055,43.20000076293945,42.900001525878906,42.95000076293945,19912000
2025-10-03,43.150001525878906,43.150001525878906,42.34999847412109,42.34999847412109,23716103
2025-10-07,42.25,42.84999847412109,42.0,42.25,34134786
2025-10-08,42.59999847412109,42.84999847412109,42.5,42.5,18636798
2025-10-09,42.900001525878906,43.09999847412109,42.34999847412109,42.59999847412109,39425978
2025-10-13,42.400001525878906,42.45000076293945,41.84999847412109,42.150001525878906,38773885
2025-10-14,42.20000076293945,43.0,42.20000076293945,42.34999847412109,36068988
2025-10-15,42.400001525878906,42.70000076293945,42.29999923706055,42.59999847412109,31144363
2025-10-16,42.54999923706055,42.95000076293945,42.54999923706055,42.59999847412109,24086410
2025-10-17,42.650001525878906,43.04999923706055,42.5,42.5,23546164
2025-10-20,42.79999923706055,42.84999847412109,42.400001525878906,42.400001525878906,13085767
2025-10-21,42.650001525878906,42.75,42.29999923706055,42.29999923706055,20567190
2025-10-22,42.59999847412109,42.650001525878906,42.04999923706055,42.04999923706055,26813614
2025-10-23,42.0,42.09999847412109,41.900001525878906,42.0,25983234
2025-10-27,43.20000076293945,43.20000076293945,42.45000076293945,42.650001525878906,52628136
2025-10-28,42.59999847412109,42.650001525878906,41.900001525878906,41.900001525878906,39185317
2025-10-29,41.95000076293945,42.5,41.95000076293945,42.0,32366605
2025-10-30,42.0,42.150001525878906,41.75,41.95000076293945,28569798
2025-10-31,42.20000076293945,42.20000076293945,41.84999847412109,41.84999847412109,27109200
2025-11-03,41.84999847412109,42.25,41.84999847412109,42.04999923706055,17833939
2025-11-04,42.04999923706055,42.54999923706055,42.04999923706055,42.400001525878906,29570604
2025-11-05,42.400001525878906,42.400001525878906,41.84999847412109,42.25,19553506
2025-11-06,42.54999923706055,42.84999847412109,42.34999847412109,42.54999923706055,33047030
2025-11-07,42.400001525878906,42.5,41.900001525878906,41.900001525878906,19562047
2025-11-10,42.20000076293945,42.650001525878906,42.20000076293945,42.400001525878906,21482948
2025-11-11,42.45000076293945,43.45000076293945,42.45000076293945,43.34999847412109,42550628
2025-11-12,43.5,43.75,43.04999923706055,43.04999923706055,29329902
2025-11-13,43.09999847412109,43.45000076293945,42.75,42.900001525878906,31029200
2025-11-14,42.650001525878906,43.150001525878906,42.400001525878906,42.70000076293945,29472988
2025-11-17,42.45000076293945,42.5,42.0,42.20000076293945,33870414
2025-11-18,42.150001525878906,42.75,42.09999847412109,42.59999847412109,41034559
2025-11-19,42.70000076293945,43.09999847412109,42.400001525878906,42.900001525878906,39873982
2025-11-20,43.04999923706055,43.29999923706055,42.75,43.29999923706055,33806275
2025-11-21,43.09999847412109,43.400001525878906,42.900001525878906,43.400001525878906,37640914
2025-11-24,43.5,44.09999847412109,43.29999923706055,44.09999847412109,78193328
2025-11-25,43.75,44.0,43.25,43.29999923706055,34995848
2025-11-26,43.70000076293945,43.70000076293945,43.04999923706055,43.400001525878906,33890105
2025-11-27,43.400001525878906,44.0,43.25,44.0,33999716
2025-11-28,43.650001525878906,43.95000076293945,43.29999923706055,43.45000076293945,28493644
2025-12-01,43.29999923706055,43.70000076293945,43.25,43.400001525878906,22185215
2025-12-02,43.79999923706055,44.09999847412109,43.650001525878906,44.09999847412109,31252325
2025-12-03,44.0,44.09999847412109,43.5,43.70000076293945,27270981
2025-12-04,43.59999847412109,44.400001525878906,43.59999847412109,44.34999847412109,26069339
2025-12-05,44.400001525878906,44.54999923706055,44.20000076293945,44.54999923706055,20653045
2025-12-08,44.54999923706055,44.75,44.29999923706055,44.54999923706055,26787060
2025-12-09,44.59999847412109,44.95000076293945,44.400001525878906,44.95000076293945,26574054
2025-12-10,44.95000076293945,44.95000076293945,44.54999923706055,44.79999923706055,20616858
2025-12-11,45.0,45.150001525878906,44.5,45.04999923706055,34264556
2025-12-12,45.29999923706055,46.5,45.25,46.5,48273995
2025-12-15,46.5,47.150001525878906,46.150001525878906,46.75,36017846
2025-12-16,46.29999923706055,47.09999847412109,46.29999923706055,46.650001525878906,87630545
2025-12-17,46.900001525878906,49.400001525878906,46.84999847412109,48.95000076293945,125579433
2025-12-18,49.900001525878906,49.900001525878906,48.650001525878906,49.34999847412109,75424952
2025-12-19,49.150001525878906,50.20000076293945,48.95000076293945,49.5,87728780
2025-12-22,50.0,50.400001525878906,49.70000076293945,50.400001525878906,70136391
2025-12-23,50.400001525878906,50.400001525878906,49.84999847412109,50.400001525878906,50575628
2025-12-24,50.09999847412109,50.900001525878906,49.84999847412109,50.29999923706055,57101528
2025-12-26,50.29999923706055,50.29999923706055,49.45000076293945,49.79999923706055,50627288
2025-12-29,49.95000076293945,50.59999847412109,49.650001525878906,50.400001525878906,16893019
2025-12-30,50.0,50.5,49.95000076293945,50.20000076293945,19142023
2025-12-31,50.20000076293945,50.5,49.79999923706055,50.20000076293945,23595816
2026-01-02,50.20000076293945,51.0,49.84999847412109,50.79999923706055,37342935
2026-01-05,50.400001525878906,50.70000076293945,49.900001525878906,49.900001525878906,35277806
2026-01-06,49.95000076293945,50.20000076293945,49.59999847412109,49.84999847412109,25640129
2026-01-07,49.900001525878906,50.09999847412109,49.09999847412109,49.34999847412109,26814034
2026-01-08,49.400001525878906,49.650001525878906,49.29999923706055,49.34999847412109,19475525
2026-01-09,49.400001525878906,49.70000076293945,49.29999923706055,49.70000076293945,16199155
2026-01-12,50.0,50.400001525878906,49.79999923706055,50.0,22898435
2026-01-13,50.20000076293945,50.29999923706055,49.59999847412109,49.650001525878906,24160886
2026-01-14,49.95000076293945,50.20000076293945,49.29999923706055,49.29999923706055,26174124
2026-01-15,49.54999923706055,50.400001525878906,49.54999923706055,50.400001525878906,35375093
2026-01-16,50.09999847412109,51.0,49.900001525878906,50.5,32203580
2026-01-19,50.20000076293945,52.0,50.09999847412109,51.20000076293945,33518240
2026-01-20,51.0,51.5,50.900001525878906,51.0,23759189
2026-01-21,51.0,51.20000076293945,50.5,50.59999847412109,24783161
2026-01-22,50.59999847412109,51.20000076293945,50.5,50.79999923706055,24943180
2026-01-23,50.79999923706055,51.0,50.0,50.5,22260993
2026-01-26,50.5,51.0,50.09999847412109,51.0,26620059
2026-01-27,50.900001525878906,51.400001525878906,50.79999923706055,50.79999923706055,36339659
2026-01-28,50.900001525878906,51.20000076293945,50.5,51.20000076293945,23771086
2026-01-29,51.20000076293945,52.400001525878906,51.09999847412109,52.0,40409148
2026-01-30,52.0,52.09999847412109,50.79999923706055,50.900001525878906,37103710
2026-02-02,51.0,51.20000076293945,50.29999923706055,50.900001525878906,26115783
2026-02-03,50.900001525878906,51.79999923706055,50.79999923706055,51.09999847412109,19024199
2026-02-04,51.20000076293945,52.20000076293945,50.900001525878906,51.20000076293945,24030278
2026-02-05,51.09999847412109,51.900001525878906,50.900001525878906,51.70000076293945,26469418
2026-02-06,51.29999923706055,51.79999923706055,51.0,51.59999847412109,21817793
2026-02-09,51.900001525878906,52.400001525878906,51.70000076293945,52.0,23039872
2026-02-10,52.0,52.29999923706055,51.70000076293945,51.70000076293945,27841746
2026-02-11,51.900001525878906,52.400001525878906,51.59999847412109,52.20000076293945,33694567
2026-02-23,53.79999923706055,54.900001525878906,53.0,53.900001525878906,75349550
2026-02-24,54.09999847412109,54.20000076293945,53.20000076293945,53.79999923706055,36561784
2026-02-25,53.70000076293945,54.70000076293945,53.20000076293945,53.5,45456252
2026-02-26,53.900001525878906,56.400001525878906,53.900001525878906,55.900001525878906,99118043
2026-03-02,55.20000076293945,55.20000076293945,53.5,53.79999923706055,70614723
2026-03-03,53.0,53.900001525878906,53.0,53.5,42628958
2026-03-04,52.5,52.59999847412109,50.5,50.5,80863427
2026-03-05,51.5,52.0,50.900001525878906,51.5,33647794
2026-03-06,50.900001525878906,51.79999923706055,50.900001525878906,51.400001525878906,30300971
2026-03-09,49.45000076293945,51.0,49.400001525878906,51.0,69462432
2026-03-10,52.0,52.0,50.5,51.20000076293945,51806720
2026-03-11,50.79999923706055,51.900001525878906,50.79999923706055,51.20000076293945,26326183
2026-03-12,50.59999847412109,51.29999923706055,50.20000076293945,51.29999923706055,58284903
2026-03-13,51.0,51.79999923706055,50.70000076293945,51.29999923706055,38213526
2026-03-16,51.70000076293945,52.59999847412109,51.29999923706055,51.900001525878906,32854093
2026-03-17,52.5,53.400001525878906,52.09999847412109,52.900001525878906,37850832
2026-03-18,53.79999923706055,53.900001525878906,53.0,53.29999923706055,24316820
2026-03-19,52.400001525878906,52.400001525878906,51.5,51.59999847412109,42476779
2026-03-20,51.400001525878906,52.20000076293945,51.400001525878906,52.09999847412109,36931829
2026-03-23,50.79999923706055,51.70000076293945,50.400001525878906,51.5,60683415
2026-03-24,51.5,52.29999923706055,51.29999923706055,52.0,27627942
2026-03-25,53.29999923706055,53.29999923706055,52.09999847412109,52.79999923706055,30192763
2026-03-26,53.0,53.20000076293945,52.59999847412109,53.0,19807120
2026-03-27,52.79999923706055,53.0,52.20000076293945,53.0,32987829
2026-03-30,51.5,52.5,51.5,51.900001525878906,46101838
2026-03-31,52.20000076293945,52.20000076293945,51.29999923706055,51.29999923706055,39096996
2026-04-01,52.70000076293945,53.900001525878906,52.09999847412109,53.70000076293945,60156713
2026-04-02,55.0,55.0,53.59999847412109,54.5,50398030
2026-04-07,54.20000076293945,56.0,53.29999923706055,55.79999923706055,54000966
2026-04-08,56.29999923706055,56.900001525878906,54.5,56.5,71846455
2026-04-09,55.79999923706055,55.900001525878906,54.09999847412109,54.79999923706055,64105417
2026-04-10,54.0,54.400001525878906,53.59999847412109,54.0,43101068
2026-04-13,53.59999847412109,54.20000076293945,53.29999923706055,53.29999923706055,36136822
2026-04-14,53.29999923706055,54.29999923706055,53.09999847412109,53.09999847412109,45517593
2026-04-15,53.29999923706055,53.400001525878906,52.5,52.79999923706055,54074851
2026-04-16,53.0,53.70000076293945,52.5,53.400001525878906,51334329
2026-04-17,53.29999923706055,53.29999923706055,52.5,53.09999847412109,44102017
2026-04-20,53.09999847412109,53.70000076293945,52.70000076293945,53.09999847412109,47080788
2026-04-21,53.59999847412109,53.70000076293945,53.0,53.0,47048526
2026-04-22,53.0,53.900001525878906,53.0,53.5,36184653
2026-04-23,53.5,54.0,52.59999847412109,52.70000076293945,51400303
2026-04-24,52.79999923706055,53.29999923706055,52.79999923706055,52.900001525878906,31438161
2026-04-27,52.900001525878906,53.5,52.70000076293945,52.70000076293945,48577289
2026-04-28,53.5,53.79999923706055,52.900001525878906,53.29999923706055,45259681
2026-04-29,53.59999847412109,53.900001525878906,52.70000076293945,53.09999847412109,46419894
2026-04-30,52.70000076293945,53.09999847412109,52.29999923706055,52.29999923706055,51698999
2026-05-04,53.0,53.29999923706055,52.59999847412109,52.900001525878906,38554793
2026-05-05,53.29999923706055,54.400001525878906,52.79999923706055,53.5,55990921
2026-05-06,54.400001525878906,55.20000076293945,54.20000076293945,54.70000076293945,67711919
2026-05-07,55.0,56.5,54.900001525878906,56.20000076293945,77016693
2026-05-08,57.0,57.0,55.59999847412109,56.400001525878906,56250832
2026-05-11,56.0,56.0,54.70000076293945,55.29999923706055,50072290
2026-05-12,54.900001525878906,54.900001525878906,53.5,53.5,88472655
2026-05-13,53.5,55.29999923706055,53.5,54.900001525878906,56436333
2026-05-14,54.400001525878906,55.900001525878906,54.400001525878906,54.79999923706055,39054749
2026-05-15,55.09999847412109,55.59999847412109,54.70000076293945,54.79999923706055,35873829
2026-05-18,55.0,55.400001525878906,54.400001525878906,54.79999923706055,30196201
2026-05-19,55.29999923706055,56.59999847412109,54.900001525878906,55.400001525878906,58564407
2026-05-20,56.400001525878906,58.0,55.59999847412109,57.79999923706055,114160798
2026-05-21,57.900001525878906,58.59999847412109,57.20000076293945,57.5,69562042
2026-05-22,57.5,58.20000076293945,57.20000076293945,57.59999847412109,36723053
2026-05-25,58.20000076293945,58.20000076293945,57.0,57.29999923706055,45882447
2026-05-26,57.29999923706055,58.70000076293945,57.29999923706055,57.59999847412109,51624736
2026-05-27,58.5,60.20000076293945,57.59999847412109,59.20000076293945,64861960
2026-05-28,58.59999847412109,60.79999923706055,58.59999847412109,59.29999923706055,68790607
2026-05-29,59.400001525878906,61.400001525878906,59.400001525878906,60.5,113326776
2026-06-01,60.5,62.59999847412109,60.5,62.09999847412109,43643407
2026-06-02,62.0,64.4000015258789,61.79999923706055,64.0999984741211,70092481
2026-06-03,65.4000015258789,70.5,64.30000305175781,70.5,83464881
2026-06-04,68.0,69.19999694824219,66.0,68.0,96293189
2026-06-05,66.30000305175781,68.0,66.0,66.5999984741211,63480956
2026-06-08,65.19999694824219,66.9000015258789,64.5,65.4000015258789,45812755
2026-06-09,64.80000305175781,69.5,64.80000305175781,69.19999694824219,53423093
2026-06-10,68.30000305175781,68.69999694824219,67.0999984741211,68.19999694824219,61696930
2026-06-11,68.5,68.5,66.5,67.5,63511328
2026-06-12,67.80000305175781,69.19999694824219,66.9000015258789,67.5999984741211,82270335
2026-06-15,71.69999694824219,72.5999984741211,69.0,70.0999984741211,42661199
2026-06-16,70.4000015258789,71.69999694824219,69.5999984741211,70.80000305175781,40735130
2026-06-17,70.69999694824219,72.69999694824219,69.9000015258789,71.0,36419977
2026-06-18,71.30000305175781,72.69999694824219,70.9000015258789,71.9000015258789,58547843
2026-06-22,71.9000015258789,71.9000015258789,70.0999984741211,70.5,52104724
2026-06-23,70.30000305175781,73.5999984741211,70.30000305175781,72.4000015258789,62043835
2026-06-24,71.5,72.0,69.9000015258789,69.9000015258789,52945593
2026-06-25,69.9000015258789,71.19999694824219,69.80000305175781,70.5999984741211,37890648
2026-06-26,70.5,71.0,69.9000015258789,70.30000305175781,42223824
2026-06-29,71.30000305175781,71.80000305175781,69.69999694824219,70.30000305175781,38646852
2026-06-30,70.9000015258789,71.5,69.80000305175781,71.0,47496882
2026-07-01,71.5999984741211,72.19999694824219,70.0999984741211,70.5999984741211,47935620
2026-07-02,71.0999984741211,71.80000305175781,69.69999694824219,69.9000015258789,50257844
2026-07-03,69.80000305175781,71.4000015258789,69.69999694824219,70.5999984741211,35317083
2026-07-06,71.0,72.0,70.69999694824219,71.4000015258789,31531794
2026-07-07,71.30000305175781,72.19999694824219,70.19999694824219,70.19999694824219,57025636
2026-07-08,71.19999694824219,71.30000305175781,69.80000305175781,71.30000305175781,51272857
2026-07-09,71.69999694824219,71.69999694824219,69.9000015258789,69.9000015258789,59034785
2026-07-10,69.9000015258789,69.9000015258789,69.9000015258789,69.9000015258789,0
2026-07-13,70.0999984741211,70.19999694824219,66.0999984741211,66.5,107399782
2026-07-14,67.5,67.5,63.5,65.0,79238013
2026-07-15,64.5999984741211,65.30000305175781,62.900001525878906,63.5,77866183
2026-07-16,63.5,64.0,62.5,63.0,49271306
2026-07-17,62.79999923706055,62.900001525878906,61.29999923706055,62.09999847412109,85256416
2026-07-20,62.400001525878906,62.5,60.70000076293945,61.5,69118043
2026-07-21,61.5,63.29999923706055,61.20000076293945,62.70000076293945,49273558
2026-07-22,62.900001525878906,64.30000305175781,62.900001525878906,64.0,35248367
2026-07-23,64.80000305175781,64.80000305175781,62.400001525878906,63.5,33521217
2026-07-24,62.79999923706055,64.0,62.79999923706055,63.59999847412109,15426568
2026-07-27,63.59999847412109,63.59999847412109,62.5,63.0,26627657
2026-07-28,62.59999847412109,63.20000076293945,61.900001525878906,62.400001525878906,36402879
2026-07-29,63.5,63.5,60.79999923706055,62.0,54240574
2026-07-30,62.70000076293945,63.20000076293945,61.0,63.09999847412109,43702142
2026-07-31,64.5,65.5,63.59999847412109,64.9000015258789,47891670
2026-08-03,64.0,65.80000305175781,63.79999923706055,64.80000305175781,40032744
2026-08-04,65.0,65.5,64.30000305175781,64.80000305175781,43607829
2026-08-05,65.0999984741211,66.69999694824219,65.0999984741211,66.0,32975658
2026-08-06,65.0999984741211,66.4000015258789,64.5999984741211,64.5999984741211,27221781
2026-08-07,65.69999694824219,65.69999694824219,64.69999694824219,65.5999984741211,16118152
2026-08-10,65.80000305175781,66.5,64.9000015258789,66.5,21943063
2026-08-11,67.0,67.30000305175781,66.30000305175781,66.80000305175781,28531144
2026-08-12,66.30000305175781,67.0,65.5,66.5999984741211,37534555
2026-08-13,66.30000305175781,66.5,65.19999694824219,66.5,27426865
2026-08-14,66.9000015258789,67.19999694824219,65.19999694824219,65.80000305175781,25041333
2026-08-17,66.30000305175781,66.30000305175781,65.19999694824219,65.5999984741211,26289236
2026-08-18,66.19999694824219,66.5,65.9000015258789,66.5,26382909
2026-08-19,66.4000015258789,66.4000015258789,64.69999694824219,64.9000015258789,33845480
2026-08-20,65.0,65.19999694824219,62.09999847412109,63.400001525878906,59037270
2026-08-21,63.70000076293945,65.5,63.0,65.0,51158727
2026-08-24,64.9000015258789,65.5999984741211,63.59999847412109,63.59999847412109,17301692
2026-08-25,63.09999847412109,64.69999694824219,63.09999847412109,64.5,20296628
2026-08-26,64.0,65.30000305175781,63.900001525878906,64.5999984741211,28281339
2026-08-27,64.5999984741211,65.0999984741211,63.79999923706055,63.79999923706055,25083154
2026-08-28,63.79999923706055,64.5999984741211,63.70000076293945,64.4000015258789,19557718
2026-08-31,63.5,65.0,63.5,64.69999694824219,39446822
2026-09-01,65.5,66.5,65.0999984741211,66.5,39486922
2026-09-02,65.80000305175781,66.69999694824219,65.4000015258789,66.5999984741211,33204890
2026-09-03,66.5999984741211,68.0,66.30000305175781,67.5,36954260
2026-09-04,67.30000305175781,68.4000015258789,66.69999694824219,68.4000015258789,28959238
2026-09-07,68.4000015258789,69.5,67.0999984741211,67.4000015258789,29096463
2026-09-08,67.5,68.30000305175781,67.19999694824219,68.19999694824219,27602556
2026-09-09,67.4000015258789,67.4000015258789,66.19999694824219,66.5999984741211,28797737
2026-09-10,66.0,67.30000305175781,66.0,67.30000305175781,19249688
2026-09-11,66.5,67.4000015258789,66.30000305175781,67.0999984741211,22570812
2026-09-14,67.0999984741211,68.0999984741211,66.5,68.0999984741211,27850098
2026-09-15,69.5,69.9000015258789,68.19999694824219,69.69999694824219,58918688
2026-09-16,70.0999984741211,71.0,69.5,70.80000305175781,50021816
2026-09-17,70.80000305175781,71.69999694824219,70.0999984741211,71.19999694824219,35385170
2026-09-18,72.0,72.0,68.9000015258789,69.5,74483794
2026-09-21,69.5,71.0,69.0,70.4000015258789,20988974
2026-09-22,71.0,71.0,69.5,69.5999984741211,16566608
2026-09-23,70.0,70.0,68.9000015258789,68.9000015258789,20397596
2026-09-24,68.0999984741211,69.0999984741211,68.0999984741211,68.5,17429040
2026-09-29,67.30000305175781,69.69999694824219,67.30000305175781,68.69999694824219,27386160
2026-09-30,69.5999984741211,69.5999984741211,68.4000015258789,68.4000015258789,26239634
2026-10-01,68.0999984741211,68.4000015258789,67.0999984741211,67.9000015258789,28324439
