date,open,high,low,close,volume
2020-01-02,66.19999694824219,66.19999694824219,66.19999694824219,66.19999694824219,0
2020-01-03,65.80000305175781,66.0999984741211,65.5999984741211,66.0999984741211,7990
2020-01-06,66.0999984741211,66.0999984741211,66.0999984741211,66.0999984741211,2550
2020-01-07,66.0999984741211,66.0999984741211,66.0,66.0,101057
2020-01-08,65.9000015258789,66.0,65.9000015258789,66.0,23815
2020-01-09,65.69999694824219,66.0,65.69999694824219,66.0,5281
2020-01-10,65.80000305175781,66.0,65.80000305175781,66.0,3316
2020-01-13,65.9000015258789,66.0,65.9000015258789,66.0,4855
2020-01-14,66.0,66.0,66.0,66.0,115864
2020-01-15,66.0,66.0,66.0,66.0,102497
2020-01-16,66.0,66.0,65.80000305175781,65.9000015258789,35266
2020-01-17,65.9000015258789,65.9000015258789,65.9000015258789,65.9000015258789,3068
2020-01-20,65.9000015258789,65.9000015258789,65.9000015258789,65.9000015258789,219444
2020-01-30,65.80000305175781,66.0,65.5999984741211,66.0,60715
2020-01-31,65.9000015258789,66.0,65.30000305175781,66.0,213881
2020-02-03,66.0,66.0,66.0,66.0,210999
2020-02-04,66.0,66.0999984741211,66.0,66.0999984741211,89500
2020-02-05,66.0,66.0,66.0,66.0,10116
2020-02-06,66.0,66.0,65.9000015258789,66.0,57569
2020-02-07,66.0,66.0,66.0,66.0,32523
2020-02-10,66.0,66.0999984741211,66.0,66.0999984741211,88296
2020-02-11,66.0999984741211,66.19999694824219,66.0999984741211,66.19999694824219,51890
2020-02-12,66.19999694824219,66.19999694824219,66.0,66.19999694824219,18742
2020-02-13,66.19999694824219,66.19999694824219,66.19999694824219,66.19999694824219,1007
2020-02-14,66.19999694824219,66.19999694824219,66.19999694824219,66.19999694824219,5383
2020-02-17,65.9000015258789,66.19999694824219,65.9000015258789,66.19999694824219,8001
2020-02-18,66.19999694824219,66.30000305175781,66.19999694824219,66.30000305175781,25678
2020-02-19,66.30000305175781,66.30000305175781,66.19999694824219,66.30000305175781,5371
2020-02-20,66.30000305175781,66.30000305175781,66.30000305175781,66.30000305175781,1090
2020-02-21,66.30000305175781,66.30000305175781,66.30000305175781,66.30000305175781,1316
2020-02-24,66.30000305175781,66.30000305175781,66.30000305175781,66.30000305175781,2079
2020-02-25,66.30000305175781,66.30000305175781,66.19999694824219,66.30000305175781,5350
2020-02-26,66.30000305175781,66.30000305175781,66.30000305175781,66.30000305175781,2987
2020-02-27,66.30000305175781,66.30000305175781,66.19999694824219,66.30000305175781,11108
2020-03-02,66.0999984741211,66.30000305175781,66.0,66.30000305175781,13160
2020-03-03,66.30000305175781,66.30000305175781,66.30000305175781,66.30000305175781,3123
2020-03-04,66.30000305175781,66.30000305175781,66.19999694824219,66.30000305175781,17704
2020-03-05,66.30000305175781,66.30000305175781,66.30000305175781,66.30000305175781,1766
2020-03-06,66.30000305175781,66.4000015258789,66.30000305175781,66.4000015258789,19000
2020-03-09,66.30000305175781,66.4000015258789,66.0999984741211,66.4000015258789,14093
2020-03-10,66.0999984741211,66.4000015258789,66.0,66.30000305175781,22271
2020-03-11,65.9000015258789,66.30000305175781,65.9000015258789,66.30000305175781,12187
2020-03-12,65.9000015258789,66.19999694824219,65.4000015258789,66.19999694824219,122272
2020-03-13,64.9000015258789,65.9000015258789,64.0,65.9000015258789,202555
2020-03-16,64.4000015258789,65.5,63.29999923706055,65.5,178610
2020-03-17,65.0,65.5,63.29999923706055,65.5,232091
2020-03-18,64.5,65.5,64.5,65.5,237271
2020-03-19,64.5999984741211,64.5999984741211,60.0,61.900001525878906,444096
2020-03-20,61.59999847412109,62.59999847412109,61.09999847412109,62.59999847412109,130321
2020-03-23,61.29999923706055,62.59999847412109,60.900001525878906,62.59999847412109,61272
2020-03-24,62.59999847412109,63.20000076293945,62.59999847412109,63.20000076293945,58956
2020-03-25,63.09999847412109,63.09999847412109,62.70000076293945,62.79999923706055,87895
2020-03-26,62.09999847412109,62.79999923706055,61.70000076293945,62.79999923706055,254503
2020-03-27,62.59999847412109,63.29999923706055,62.59999847412109,63.29999923706055,55565
2020-03-30,63.0,64.0,63.0,63.79999923706055,145309
2020-03-31,64.0,64.0,63.900001525878906,64.0,122346
2020-04-01,64.0,64.0,63.900001525878906,64.0,85674
2020-04-06,64.0,64.0,63.79999923706055,64.0,78001
2020-04-07,64.0,65.4000015258789,63.900001525878906,65.30000305175781,82609
2020-04-08,65.30000305175781,65.4000015258789,65.0999984741211,65.4000015258789,94517
2020-04-09,65.4000015258789,65.5,65.30000305175781,65.5,15014
2020-04-10,64.0999984741211,65.5,64.0999984741211,65.5,2803
2020-04-13,65.4000015258789,65.5,65.4000015258789,65.5,2002
2020-04-14,65.0,65.19999694824219,64.9000015258789,64.9000015258789,3400
2020-04-15,64.80000305175781,64.9000015258789,64.80000305175781,64.9000015258789,3824
2020-04-16,64.69999694824219,65.5,64.69999694824219,65.5,53509
2020-04-17,65.5,65.5999984741211,65.0,65.5999984741211,10250
2020-04-20,65.5999984741211,65.69999694824219,65.5999984741211,65.69999694824219,10000
2020-04-21,64.5,65.69999694824219,64.30000305175781,65.69999694824219,16268
2020-04-22,65.5999984741211,65.69999694824219,65.5999984741211,65.69999694824219,5136
2020-04-23,65.69999694824219,65.69999694824219,65.0999984741211,65.69999694824219,8245
2020-04-24,65.5999984741211,65.69999694824219,65.30000305175781,65.69999694824219,9340
2020-04-27,65.69999694824219,65.80000305175781,65.5999984741211,65.80000305175781,28237
2020-04-28,64.19999694824219,65.80000305175781,64.19999694824219,65.80000305175781,9192
2020-04-29,65.5999984741211,65.80000305175781,65.5999984741211,65.80000305175781,11165
2020-04-30,64.80000305175781,66.0,64.69999694824219,66.0,23013
2020-05-04,65.9000015258789,66.0999984741211,65.9000015258789,66.0999984741211,14157
2020-05-05,65.80000305175781,66.0999984741211,65.69999694824219,65.69999694824219,142197
2020-05-06,65.80000305175781,65.80000305175781,65.5,65.80000305175781,141748
2020-05-07,65.9000015258789,65.9000015258789,65.69999694824219,65.9000015258789,70574
2020-05-08,65.80000305175781,65.9000015258789,65.69999694824219,65.9000015258789,43035
2020-05-11,65.69999694824219,65.80000305175781,65.69999694824219,65.80000305175781,2568
2020-05-12,65.5999984741211,66.0,65.5999984741211,66.0,92005
2020-05-13,65.5999984741211,65.9000015258789,65.5999984741211,65.9000015258789,31459
2020-05-14,65.5999984741211,65.9000015258789,65.5999984741211,65.9000015258789,32100
2020-05-15,65.5,65.9000015258789,65.5,65.9000015258789,10524
2020-05-18,65.5999984741211,65.9000015258789,65.5999984741211,65.9000015258789,9137
2020-05-19,65.9000015258789,65.9000015258789,65.9000015258789,65.9000015258789,50959
2020-05-20,65.80000305175781,65.9000015258789,65.5999984741211,65.9000015258789,24070
2020-05-21,65.9000015258789,65.9000015258789,65.9000015258789,65.9000015258789,0
2020-05-22,65.69999694824219,65.80000305175781,65.5,65.80000305175781,35029
2020-05-25,65.80000305175781,66.5999984741211,65.80000305175781,66.5,77329
2020-05-26,66.0,66.0,66.0,66.0,5093
2020-05-27,65.69999694824219,66.0,65.69999694824219,66.0,19503
2020-05-28,65.69999694824219,65.9000015258789,65.30000305175781,65.9000015258789,52999
2020-05-29,65.80000305175781,65.9000015258789,65.80000305175781,65.9000015258789,12011
2020-06-01,65.9000015258789,65.9000015258789,65.9000015258789,65.9000015258789,0
2020-06-02,65.69999694824219,66.0,65.69999694824219,66.0,103357
2020-06-03,66.0,66.19999694824219,66.0,66.19999694824219,133229
2020-06-04,66.0999984741211,66.4000015258789,66.0999984741211,66.4000015258789,67056
2020-06-05,66.30000305175781,66.5,66.30000305175781,66.5,40525
2020-06-08,66.5,67.5,66.4000015258789,67.5,124051
2020-06-09,67.0999984741211,67.5,67.0999984741211,67.4000015258789,73895
2020-06-10,67.19999694824219,67.80000305175781,67.19999694824219,67.5999984741211,72983
2020-06-11,67.5999984741211,68.0,67.5,68.0,72969
2020-06-12,67.5,67.9000015258789,67.5,67.9000015258789,81308
2020-06-15,67.80000305175781,68.0,67.80000305175781,68.0,72022
2020-06-16,67.9000015258789,67.9000015258789,67.19999694824219,67.5,143145
2020-06-17,67.5,67.5,67.19999694824219,67.19999694824219,222203
2020-06-18,67.19999694824219,67.30000305175781,67.0,67.19999694824219,72221
2020-06-19,67.5,67.80000305175781,67.19999694824219,67.80000305175781,164874
2020-06-22,67.5999984741211,67.5999984741211,67.5999984741211,67.5999984741211,2740
2020-06-23,67.5999984741211,67.5999984741211,67.5999984741211,67.5999984741211,0
2020-06-24,67.5999984741211,67.5999984741211,67.5999984741211,67.5999984741211,0
2020-06-29,66.9000015258789,67.30000305175781,66.9000015258789,67.30000305175781,5700
2020-06-30,67.0999984741211,67.19999694824219,67.0,67.19999694824219,30199
2020-07-01,67.0,67.19999694824219,67.0,67.19999694824219,121591
2020-07-02,67.19999694824219,67.4000015258789,67.19999694824219,67.4000015258789,201953
2020-07-03,67.4000015258789,67.4000015258789,67.0,67.19999694824219,22258
2020-07-06,67.19999694824219,67.19999694824219,67.19999694824219,67.19999694824219,0
2020-07-07,67.19999694824219,67.30000305175781,67.19999694824219,67.30000305175781,28169
2020-07-08,67.19999694824219,67.30000305175781,66.9000015258789,67.30000305175781,212900
2020-07-09,67.30000305175781,67.4000015258789,67.30000305175781,67.4000015258789,110761
2020-07-10,67.30000305175781,67.5,67.0,67.5,228509
2020-07-13,66.5,66.5,65.30000305175781,65.9000015258789,15139
2020-07-14,65.5,65.9000015258789,65.0999984741211,65.9000015258789,22508
2020-07-15,66.0,66.5,66.0,66.4000015258789,10406
2020-07-16,65.80000305175781,66.4000015258789,65.80000305175781,66.4000015258789,3100
2020-07-17,66.4000015258789,66.4000015258789,66.4000015258789,66.4000015258789,2128
2020-07-20,66.4000015258789,66.4000015258789,66.4000015258789,66.4000015258789,0
2020-07-21,66.30000305175781,66.4000015258789,66.30000305175781,66.4000015258789,3164
2020-07-22,65.80000305175781,66.4000015258789,65.69999694824219,66.4000015258789,12297
2020-07-23,66.30000305175781,66.4000015258789,66.0,66.4000015258789,4930
2020-07-24,66.4000015258789,66.4000015258789,66.4000015258789,66.4000015258789,2121
2020-07-27,65.5999984741211,66.0999984741211,65.0999984741211,66.0999984741211,14996
2020-07-28,65.5999984741211,66.0999984741211,65.5999984741211,66.0999984741211,33155
2020-07-29,66.0999984741211,66.0999984741211,66.0999984741211,66.0999984741211,2124
2020-07-30,65.5999984741211,66.0999984741211,65.4000015258789,66.0999984741211,25973
2020-07-31,66.0999984741211,66.0999984741211,66.0999984741211,66.0999984741211,8243
2020-08-03,66.0999984741211,66.0999984741211,66.0999984741211,66.0999984741211,0
2020-08-04,65.5,66.0,65.5,66.0,6184
2020-08-05,65.80000305175781,66.0,65.80000305175781,66.0,22585
2020-08-06,65.9000015258789,65.9000015258789,65.80000305175781,65.80000305175781,43367
2020-08-07,65.80000305175781,65.80000305175781,65.80000305175781,65.80000305175781,0
2020-08-10,65.5999984741211,65.69999694824219,65.30000305175781,65.69999694824219,6351
2020-08-11,65.69999694824219,65.69999694824219,65.69999694824219,65.69999694824219,0
2020-08-12,65.69999694824219,65.69999694824219,65.69999694824219,65.69999694824219,0
2020-08-13,65.0,65.4000015258789,65.0,65.4000015258789,10285
2020-08-14,65.30000305175781,65.30000305175781,65.30000305175781,65.30000305175781,2421
2020-08-17,65.30000305175781,65.30000305175781,65.0999984741211,65.30000305175781,12804
2020-08-18,65.0,65.30000305175781,65.0,65.30000305175781,7070
2020-08-19,65.30000305175781,65.30000305175781,65.30000305175781,65.30000305175781,0
2020-08-20,65.19999694824219,65.30000305175781,65.19999694824219,65.30000305175781,5030
2020-08-21,64.80000305175781,65.30000305175781,64.80000305175781,65.30000305175781,10238
2020-08-24,65.19999694824219,65.30000305175781,65.19999694824219,65.30000305175781,14286
2020-08-25,64.5999984741211,65.0999984741211,64.5,64.80000305175781,5620
2020-08-26,65.0,65.19999694824219,64.80000305175781,65.19999694824219,23027
2020-08-27,64.69999694824219,65.19999694824219,64.69999694824219,65.19999694824219,13401
2020-08-28,65.0,65.19999694824219,65.0,65.19999694824219,29069
2020-08-31,65.0999984741211,65.30000305175781,65.0999984741211,65.30000305175781,41385
2020-09-01,64.9000015258789,65.5,64.80000305175781,65.5,101768
2020-09-02,65.0,65.5,65.0,65.5,12213
2020-09-03,65.0,65.5,65.0,65.5,15827
2020-09-04,65.0,65.5,65.0,65.5,13015
2020-09-07,65.4000015258789,65.4000015258789,65.4000015258789,65.4000015258789,2016
2020-09-08,65.0,65.4000015258789,65.0,65.4000015258789,16233
2020-09-09,65.30000305175781,65.5,65.30000305175781,65.4000015258789,102188
2020-09-10,65.4000015258789,65.4000015258789,65.4000015258789,65.4000015258789,0
2020-09-11,65.4000015258789,65.4000015258789,65.4000015258789,65.4000015258789,0
2020-09-14,64.5999984741211,65.19999694824219,64.5999984741211,65.19999694824219,2408
2020-09-15,64.69999694824219,65.19999694824219,64.5999984741211,65.19999694824219,13590
2020-09-16,65.19999694824219,65.19999694824219,65.19999694824219,65.19999694824219,0
2020-09-17,65.19999694824219,65.19999694824219,65.19999694824219,65.19999694824219,0
2020-09-18,65.19999694824219,65.19999694824219,65.19999694824219,65.19999694824219,0
2020-09-21,64.5,65.0999984741211,64.5,65.0999984741211,5772
2020-09-22,65.0,65.0,64.5999984741211,64.5999984741211,2227
2020-09-23,64.5999984741211,65.0,64.5999984741211,65.0,36127
2020-09-24,64.80000305175781,65.0,64.69999694824219,65.0,16046
2020-09-25,64.9000015258789,65.0,64.9000015258789,65.0,5724
2020-09-28,64.80000305175781,65.0,64.80000305175781,65.0,11140
2020-09-29,64.4000015258789,64.9000015258789,64.4000015258789,64.9000015258789,2751
2020-09-30,64.5,64.9000015258789,64.5,64.9000015258789,17303
2020-10-05,64.9000015258789,64.9000015258789,64.9000015258789,64.9000015258789,0
2020-10-06,64.0,64.80000305175781,63.79999923706055,64.80000305175781,15500
2020-10-07,64.80000305175781,64.80000305175781,64.80000305175781,64.80000305175781,8131
2020-10-08,64.80000305175781,64.80000305175781,64.80000305175781,64.80000305175781,0
2020-10-12,64.5,64.80000305175781,64.0999984741211,64.80000305175781,10309
2020-10-13,64.5999984741211,64.9000015258789,64.5999984741211,64.9000015258789,51164
2020-10-14,64.69999694824219,64.9000015258789,64.69999694824219,64.9000015258789,4359
2020-10-15,64.9000015258789,64.9000015258789,64.9000015258789,64.9000015258789,0
2020-10-16,64.9000015258789,64.9000015258789,64.9000015258789,64.9000015258789,0
2020-10-19,64.9000015258789,64.9000015258789,64.9000015258789,64.9000015258789,0
2020-10-20,64.4000015258789,64.9000015258789,64.4000015258789,64.9000015258789,6030
2020-10-21,63.900001525878906,64.9000015258789,63.79999923706055,64.9000015258789,25208
2020-10-22,64.80000305175781,64.80000305175781,64.80000305175781,64.80000305175781,15630
2020-10-23,64.69999694824219,64.80000305175781,63.09999847412109,63.09999847412109,18918
2020-10-26,64.5,64.5,64.30000305175781,64.30000305175781,3863
2020-10-27,64.0,64.0,63.29999923706055,63.29999923706055,2113
2020-10-28,63.29999923706055,63.59999847412109,63.20000076293945,63.59999847412109,10019
2020-10-29,63.400001525878906,63.59999847412109,63.400001525878906,63.59999847412109,19000
2020-10-30,63.5,64.0,63.5,64.0,16940
2020-11-02,63.79999923706055,63.79999923706055,63.79999923706055,63.79999923706055,246000
2020-11-03,63.900001525878906,64.0999984741211,63.900001525878906,64.0999984741211,9279
2020-11-04,64.0,64.30000305175781,64.0,64.30000305175781,20839
2020-11-05,64.19999694824219,64.30000305175781,63.900001525878906,64.0,69107
2020-11-06,64.30000305175781,64.30000305175781,63.900001525878906,64.30000305175781,7008
2020-11-09,64.30000305175781,64.30000305175781,64.30000305175781,64.30000305175781,3437
2020-11-10,64.19999694824219,64.5,64.19999694824219,64.5,25358
2020-11-11,64.30000305175781,64.5,64.19999694824219,64.5,14320
2020-11-12,64.30000305175781,64.5,64.0,64.5,6003
2020-11-13,63.70000076293945,64.5,63.70000076293945,64.5,3960
2020-11-16,64.0,64.5,64.0,64.5,17122
2020-11-17,64.30000305175781,64.5,64.30000305175781,64.5,9045
2020-11-18,64.30000305175781,64.5,64.30000305175781,64.5,5102
2020-11-19,64.4000015258789,64.5,64.4000015258789,64.5,5599
2020-11-20,64.30000305175781,64.5,64.30000305175781,64.5,11240
2020-11-23,64.4000015258789,64.5,64.4000015258789,64.5,6283
2020-11-24,64.30000305175781,64.4000015258789,64.30000305175781,64.4000015258789,2523
2020-11-25,64.30000305175781,64.30000305175781,64.30000305175781,64.30000305175781,6040
2020-11-26,64.30000305175781,64.30000305175781,64.30000305175781,64.30000305175781,0
2020-11-27,63.79999923706055,64.19999694824219,63.70000076293945,64.19999694824219,5033
2020-11-30,63.59999847412109,64.19999694824219,63.400001525878906,64.0999984741211,24382
2020-12-01,64.0,64.0,63.5,64.0,12045
2020-12-02,63.59999847412109,63.59999847412109,63.59999847412109,63.59999847412109,2220
2020-12-03,63.59999847412109,63.70000076293945,63.5,63.70000076293945,26385
2020-12-04,63.59999847412109,63.70000076293945,63.400001525878906,63.400001525878906,42544
2020-12-07,63.29999923706055,63.5,63.09999847412109,63.09999847412109,7919
2020-12-08,63.0,63.400001525878906,63.0,63.400001525878906,26999
2020-12-09,63.29999923706055,63.400001525878906,63.0,63.400001525878906,33545
2020-12-10,63.400001525878906,63.400001525878906,63.400001525878906,63.400001525878906,5310
2020-12-11,62.70000076293945,63.400001525878906,62.5,63.400001525878906,45117
2020-12-14,62.59999847412109,63.59999847412109,62.59999847412109,63.59999847412109,5593
2020-12-15,63.0,63.59999847412109,63.0,63.59999847412109,13250
2020-12-16,63.59999847412109,63.59999847412109,63.59999847412109,63.59999847412109,1105
2020-12-17,63.59999847412109,63.59999847412109,63.59999847412109,63.59999847412109,2777
2020-12-18,62.79999923706055,63.5,62.79999923706055,63.5,2224
2020-12-21,63.5,63.5,63.5,63.5,0
2020-12-22,63.5,63.5,63.5,63.5,0
2020-12-23,63.5,63.5,63.5,63.5,0
2020-12-24,63.09999847412109,63.29999923706055,63.09999847412109,63.29999923706055,10503
2020-12-25,62.70000076293945,63.29999923706055,62.70000076293945,63.20000076293945,4222
2020-12-28,62.79999923706055,63.20000076293945,62.70000076293945,63.20000076293945,6446
2020-12-29,62.70000076293945,63.20000076293945,62.70000076293945,63.20000076293945,15469
2020-12-30,63.09999847412109,63.20000076293945,63.09999847412109,63.20000076293945,4986
2020-12-31,63.09999847412109,63.400001525878906,62.70000076293945,63.400001525878906,53099
2021-01-04,62.79999923706055,63.400001525878906,62.79999923706055,63.400001525878906,4044
2021-01-05,63.29999923706055,63.29999923706055,63.29999923706055,63.29999923706055,1821
2021-01-06,63.0,63.29999923706055,63.0,63.0,52415
2021-01-07,63.09999847412109,63.29999923706055,63.09999847412109,63.29999923706055,105182
2021-01-08,63.20000076293945,63.29999923706055,63.20000076293945,63.29999923706055,8731
2021-01-11,63.20000076293945,63.29999923706055,62.70000076293945,63.29999923706055,27083
2021-01-12,63.29999923706055,63.29999923706055,63.29999923706055,63.29999923706055,2237
2021-01-13,63.09999847412109,63.29999923706055,63.09999847412109,63.29999923706055,93884
2021-01-14,63.29999923706055,63.5,63.29999923706055,63.5,101446
2021-01-15,63.400001525878906,63.5,63.29999923706055,63.5,85345
2021-01-18,63.400001525878906,63.59999847412109,63.400001525878906,63.59999847412109,29425
2021-01-19,63.400001525878906,63.59999847412109,63.400001525878906,63.59999847412109,14179
2021-01-20,63.29999923706055,63.59999847412109,63.29999923706055,63.59999847412109,24410
2021-01-21,63.29999923706055,63.59999847412109,63.29999923706055,63.5,25678
2021-01-22,63.29999923706055,63.59999847412109,63.29999923706055,63.59999847412109,73280
2021-01-25,63.400001525878906,63.5,63.400001525878906,63.5,7085
2021-01-26,63.29999923706055,63.400001525878906,63.29999923706055,63.400001525878906,2015
2021-01-27,63.29999923706055,63.5,63.29999923706055,63.5,55050
2021-01-28,63.79999923706055,63.79999923706055,62.79999923706055,63.5,3049
2021-01-29,63.29999923706055,63.59999847412109,63.29999923706055,63.59999847412109,30022
2021-02-01,63.29999923706055,63.5,63.29999923706055,63.5,24040
2021-02-02,63.400001525878906,63.5,63.400001525878906,63.5,262066
2021-02-03,63.5,63.5,63.5,63.5,0
2021-02-04,63.400001525878906,63.5,63.400001525878906,63.5,2000
2021-02-05,63.5,63.5,63.20000076293945,63.5,27125
2021-02-17,63.20000076293945,63.59999847412109,63.09999847412109,63.5,13989
2021-02-18,63.29999923706055,63.5,63.29999923706055,63.5,55599
2021-02-19,63.20000076293945,63.5,63.20000076293945,63.5,24155
2021-02-22,63.5,63.70000076293945,63.5,63.70000076293945,89754
2021-02-23,63.5,63.70000076293945,63.5,63.70000076293945,63399
2021-02-24,63.5,63.70000076293945,63.5,63.70000076293945,35000
2021-02-25,63.59999847412109,63.79999923706055,63.5,63.79999923706055,74142
2021-02-26,63.70000076293945,63.70000076293945,63.59999847412109,63.70000076293945,37081
2021-03-02,63.59999847412109,63.59999847412109,63.59999847412109,63.59999847412109,2017
2021-03-03,63.59999847412109,63.59999847412109,63.59999847412109,63.59999847412109,1059
2021-03-04,63.29999923706055,63.59999847412109,63.29999923706055,63.59999847412109,43029
2021-03-05,63.59999847412109,63.59999847412109,63.59999847412109,63.59999847412109,0
2021-03-08,63.59999847412109,63.59999847412109,63.59999847412109,63.59999847412109,0
2021-03-09,63.400001525878906,63.70000076293945,63.400001525878906,63.70000076293945,87066
2021-03-10,62.79999923706055,63.70000076293945,62.79999923706055,63.70000076293945,37018
2021-03-11,63.59999847412109,63.59999847412109,63.59999847412109,63.59999847412109,3038
2021-03-12,63.0,63.59999847412109,62.900001525878906,63.59999847412109,7540
2021-03-15,63.20000076293945,63.59999847412109,63.20000076293945,63.59999847412109,9819
2021-03-16,63.5,63.70000076293945,63.5,63.70000076293945,3024
2021-03-17,63.400001525878906,63.5,63.400001525878906,63.5,2106
2021-03-18,63.29999923706055,63.5,63.29999923706055,63.5,11005
2021-03-19,63.5,63.5,63.0,63.5,7029
2021-03-22,62.900001525878906,63.400001525878906,62.79999923706055,63.400001525878906,11224
2021-03-23,63.5,63.5,63.0,63.5,16986
2021-03-24,63.400001525878906,63.5,63.400001525878906,63.5,3000
2021-03-25,63.400001525878906,63.5,63.400001525878906,63.5,2951
2021-03-26,63.400001525878906,63.5,63.400001525878906,63.5,5085
2021-03-29,63.09999847412109,63.5,63.09999847412109,63.5,7088
2021-03-30,63.20000076293945,63.5,63.20000076293945,63.5,2920
2021-03-31,63.29999923706055,63.5,63.29999923706055,63.5,5068
2021-04-01,63.400001525878906,63.5,63.400001525878906,63.5,2813
2021-04-07,63.5,63.5,63.400001525878906,63.400001525878906,3264
2021-04-08,63.400001525878906,63.400001525878906,63.400001525878906,63.400001525878906,2660
2021-04-09,63.29999923706055,63.400001525878906,63.09999847412109,63.400001525878906,6285
2021-04-12,63.29999923706055,63.400001525878906,63.09999847412109,63.400001525878906,8203
2021-04-13,63.29999923706055,63.400001525878906,63.0,63.29999923706055,7149
2021-04-14,63.0,63.29999923706055,63.0,63.29999923706055,2087
2021-04-15,63.09999847412109,63.29999923706055,63.0,63.29999923706055,15413
2021-04-16,63.20000076293945,63.29999923706055,63.0,63.29999923706055,19374
2021-04-19,63.20000076293945,63.400001525878906,63.0,63.400001525878906,13073
2021-04-20,63.20000076293945,63.29999923706055,63.09999847412109,63.29999923706055,13395
2021-04-21,63.0,63.400001525878906,63.0,63.400001525878906,18488
2021-04-22,63.0,63.400001525878906,63.0,63.400001525878906,18551
2021-04-23,63.20000076293945,63.400001525878906,63.20000076293945,63.400001525878906,62391
2021-04-26,63.09999847412109,63.400001525878906,62.70000076293945,63.400001525878906,70350
2021-04-27,63.29999923706055,63.400001525878906,63.20000076293945,63.400001525878906,78369
2021-04-28,63.0,63.5,63.0,63.5,33822
2021-04-29,63.29999923706055,63.5,63.29999923706055,63.5,7681
2021-05-03,63.0,63.5,63.0,63.5,75313
2021-05-04,63.20000076293945,63.400001525878906,63.20000076293945,63.400001525878906,3000
2021-05-05,63.20000076293945,63.29999923706055,63.20000076293945,63.29999923706055,2262
2021-05-06,63.400001525878906,63.400001525878906,63.400001525878906,63.400001525878906,1263
2021-05-07,63.0,63.400001525878906,63.0,63.400001525878906,6766
2021-05-10,63.29999923706055,63.400001525878906,63.29999923706055,63.400001525878906,12032
2021-05-11,63.29999923706055,63.400001525878906,63.29999923706055,63.400001525878906,5228
2021-05-12,63.0,63.400001525878906,62.79999923706055,63.400001525878906,23201
2021-05-13,63.0,63.29999923706055,62.70000076293945,63.29999923706055,10087
2021-05-14,63.20000076293945,63.400001525878906,62.900001525878906,63.29999923706055,5015
2021-05-17,62.70000076293945,63.29999923706055,62.70000076293945,63.29999923706055,19035
2021-05-18,63.09999847412109,63.29999923706055,63.0,63.29999923706055,8089
2021-05-19,63.09999847412109,63.29999923706055,63.09999847412109,63.29999923706055,6026
2021-05-20,63.09999847412109,63.29999923706055,63.09999847412109,63.29999923706055,6000
2021-05-21,63.09999847412109,63.29999923706055,63.09999847412109,63.29999923706055,13624
2021-05-24,63.20000076293945,63.29999923706055,62.09999847412109,63.20000076293945,11778
2021-05-25,63.20000076293945,63.29999923706055,63.20000076293945,63.29999923706055,15804
2021-05-26,62.70000076293945,63.29999923706055,62.70000076293945,63.29999923706055,16040
2021-05-27,63.0,63.20000076293945,63.0,63.20000076293945,12279
2021-05-28,62.79999923706055,63.20000076293945,62.59999847412109,63.20000076293945,7077
2021-05-31,63.20000076293945,63.29999923706055,63.09999847412109,63.29999923706055,9023
2021-06-01,63.20000076293945,63.29999923706055,63.20000076293945,63.29999923706055,3352
2021-06-02,63.09999847412109,63.20000076293945,63.0,63.20000076293945,6777
2021-06-03,63.20000076293945,63.29999923706055,62.900001525878906,63.20000076293945,6227
2021-06-04,63.20000076293945,63.20000076293945,62.79999923706055,63.20000076293945,7623
2021-06-07,63.20000076293945,63.20000076293945,63.20000076293945,63.20000076293945,0
2021-06-08,63.09999847412109,63.20000076293945,63.09999847412109,63.20000076293945,9528
2021-06-09,63.09999847412109,63.20000076293945,63.0,63.0,4050
2021-06-10,63.0,63.20000076293945,63.0,63.20000076293945,60009
2021-06-11,63.20000076293945,63.29999923706055,62.79999923706055,63.29999923706055,13043
2021-06-15,63.29999923706055,63.59999847412109,63.20000076293945,63.59999847412109,120042
2021-06-16,63.5,63.59999847412109,63.400001525878906,63.59999847412109,7000
2021-06-17,63.5,63.59999847412109,63.5,63.59999847412109,5636
2021-06-18,63.59999847412109,63.59999847412109,63.59999847412109,63.59999847412109,1788
2021-06-21,63.09999847412109,63.59999847412109,62.900001525878906,63.59999847412109,24076
2021-06-22,63.59999847412109,63.59999847412109,63.59999847412109,63.59999847412109,0
2021-06-23,63.400001525878906,63.5,63.400001525878906,63.5,5297
2021-06-24,63.5,63.5,63.5,63.5,0
2021-06-25,63.29999923706055,63.5,63.29999923706055,63.5,10124
2021-06-28,63.29999923706055,63.400001525878906,63.29999923706055,63.400001525878906,11095
2021-06-29,63.29999923706055,63.400001525878906,63.09999847412109,63.400001525878906,24122
2021-06-30,63.400001525878906,63.5,63.400001525878906,63.5,10576
2021-07-01,63.0,63.400001525878906,63.0,63.400001525878906,3444
2021-07-02,63.29999923706055,63.400001525878906,63.29999923706055,63.400001525878906,2388
2021-07-05,63.29999923706055,63.400001525878906,63.29999923706055,63.400001525878906,7051
2021-07-06,63.400001525878906,63.400001525878906,63.400001525878906,63.400001525878906,0
2021-07-07,63.20000076293945,63.400001525878906,63.20000076293945,63.400001525878906,6222
2021-07-08,63.20000076293945,63.20000076293945,63.20000076293945,63.20000076293945,3084
2021-07-09,63.29999923706055,63.400001525878906,63.29999923706055,63.29999923706055,61548
2021-07-12,63.29999923706055,63.5,63.29999923706055,63.5,26061
2021-07-13,63.5,63.59999847412109,63.5,63.59999847412109,32118
2021-07-14,63.5,63.59999847412109,63.400001525878906,63.59999847412109,24045
2021-07-15,63.59999847412109,63.59999847412109,63.59999847412109,63.59999847412109,1085
2021-07-16,63.59999847412109,63.59999847412109,63.59999847412109,63.59999847412109,6091
2021-07-19,63.59999847412109,63.59999847412109,63.29999923706055,63.59999847412109,15496
2021-07-20,63.5,63.59999847412109,63.20000076293945,63.59999847412109,34299
2021-07-21,63.29999923706055,63.400001525878906,63.29999923706055,63.400001525878906,4315
2021-07-22,63.29999923706055,63.5,63.29999923706055,63.400001525878906,50016
2021-07-23,63.20000076293945,63.5,63.20000076293945,63.5,28612
2021-07-26,63.5,63.59999847412109,63.5,63.5,9180
2021-07-27,63.5,63.59999847412109,63.400001525878906,63.59999847412109,4000
2021-07-28,63.400001525878906,63.59999847412109,63.29999923706055,63.59999847412109,68322
2021-07-29,63.20000076293945,63.59999847412109,63.20000076293945,63.59999847412109,5818
2021-07-30,63.5,63.5,63.5,63.5,4040
2021-08-02,63.400001525878906,63.5,63.400001525878906,63.5,28016
2021-08-03,63.5,63.5,63.5,63.5,8901
2021-08-04,63.5,63.5,63.5,63.5,3100
2021-08-05,63.5,63.5,63.5,63.5,7139
2021-08-06,63.5,63.5,63.5,63.5,1058
2021-08-09,63.5,63.59999847412109,63.400001525878906,63.59999847412109,62107
2021-08-10,63.59999847412109,63.70000076293945,63.5,63.70000076293945,98015
2021-08-11,63.59999847412109,63.70000076293945,63.0,63.70000076293945,216030
2021-08-12,63.09999847412109,63.70000076293945,63.09999847412109,63.70000076293945,16068
2021-08-13,63.59999847412109,63.70000076293945,63.59999847412109,63.70000076293945,45415
2021-08-16,61.5,61.900001525878906,61.400001525878906,61.79999923706055,38385
2021-08-17,61.59999847412109,61.900001525878906,61.20000076293945,61.900001525878906,30000
2021-08-18,61.900001525878906,62.0,61.900001525878906,61.900001525878906,50276
2021-08-19,61.900001525878906,61.900001525878906,61.79999923706055,61.79999923706055,3000
2021-08-20,61.79999923706055,61.79999923706055,61.79999923706055,61.79999923706055,2444
2021-08-23,61.70000076293945,61.79999923706055,61.70000076293945,61.79999923706055,8054
2021-08-24,61.09999847412109,61.79999923706055,61.09999847412109,61.70000076293945,7249
2021-08-25,61.70000076293945,61.79999923706055,61.70000076293945,61.79999923706055,8978
2021-08-26,61.70000076293945,62.0,61.59999847412109,62.0,82000
2021-08-27,61.900001525878906,61.900001525878906,61.79999923706055,61.900001525878906,13314
2021-08-30,61.29999923706055,62.0,61.29999923706055,62.0,48429
2021-08-31,61.900001525878906,62.20000076293945,61.900001525878906,62.20000076293945,93000
2021-09-01,62.09999847412109,62.5,62.09999847412109,62.400001525878906,26104
2021-09-02,62.400001525878906,62.400001525878906,62.400001525878906,62.400001525878906,0
2021-09-03,62.09999847412109,62.09999847412109,62.09999847412109,62.09999847412109,2112
2021-09-06,62.59999847412109,62.59999847412109,61.70000076293945,62.09999847412109,6145
2021-09-07,62.5,62.5,62.5,62.5,1773
2021-09-08,62.5,62.59999847412109,62.5,62.59999847412109,5367
2021-09-09,62.5,62.59999847412109,61.900001525878906,62.59999847412109,19231
2021-09-10,62.09999847412109,62.59999847412109,61.900001525878906,62.5,31216
2021-09-13,62.400001525878906,62.59999847412109,62.0,62.59999847412109,20886
2021-09-14,62.5,62.5,62.0,62.5,3423
2021-09-15,62.5,62.5,62.5,62.5,0
2021-09-16,62.400001525878906,62.5,62.400001525878906,62.5,5236
2021-09-17,62.79999923706055,62.79999923706055,62.5,62.70000076293945,7190
2021-09-22,62.5,62.70000076293945,62.29999923706055,62.70000076293945,12917
2021-09-23,62.59999847412109,62.59999847412109,62.59999847412109,62.59999847412109,2056
2021-09-24,62.20000076293945,62.5,62.20000076293945,62.5,8087
2021-09-27,62.20000076293945,62.5,62.09999847412109,62.5,16220
2021-09-28,62.29999923706055,62.5,62.09999847412109,62.5,29414
2021-09-29,62.400001525878906,62.5,62.400001525878906,62.5,6316
2021-09-30,61.900001525878906,62.29999923706055,61.900001525878906,62.29999923706055,5252
2021-10-01,62.29999923706055,62.29999923706055,62.0,62.29999923706055,117001
2021-10-04,62.5,62.5,61.79999923706055,62.29999923706055,4016
2021-10-05,62.400001525878906,62.400001525878906,62.400001525878906,62.400001525878906,1208
2021-10-06,62.5,62.5,61.79999923706055,62.400001525878906,3102
2021-10-07,62.5,62.5,62.29999923706055,62.400001525878906,36209
2021-10-08,62.5,62.5,62.5,62.5,1007
2021-10-12,62.5,62.5,62.20000076293945,62.29999923706055,9001
2021-10-13,62.400001525878906,62.5,62.29999923706055,62.29999923706055,112004
2021-10-14,61.900001525878906,62.59999847412109,61.900001525878906,62.400001525878906,5425
2021-10-15,62.5,62.5,61.900001525878906,62.400001525878906,8035
2021-10-18,62.0,62.400001525878906,62.0,62.400001525878906,2191
2021-10-19,62.0,62.59999847412109,62.0,62.29999923706055,7006
2021-10-20,62.0,62.5,61.79999923706055,62.5,272015
2021-10-21,62.5,62.5,61.900001525878906,62.400001525878906,13040
2021-10-22,62.5,62.59999847412109,62.5,62.59999847412109,2286
2021-10-25,62.5,62.5,61.900001525878906,62.400001525878906,23237
2021-10-26,62.0,62.59999847412109,62.0,62.59999847412109,4974
2021-10-27,62.5,62.59999847412109,62.400001525878906,62.59999847412109,144136
2021-10-28,62.59999847412109,62.70000076293945,62.0,62.400001525878906,21155
2021-10-29,62.5,62.59999847412109,62.400001525878906,62.400001525878906,10014
2021-11-01,62.59999847412109,62.59999847412109,62.59999847412109,62.59999847412109,1041
2021-11-02,62.400001525878906,62.5,62.400001525878906,62.5,4512
2021-11-03,62.5,62.59999847412109,62.29999923706055,62.59999847412109,5099
2021-11-04,62.29999923706055,62.59999847412109,62.29999923706055,62.59999847412109,34135
2021-11-05,62.29999923706055,62.59999847412109,62.29999923706055,62.59999847412109,141115
2021-11-08,62.59999847412109,62.79999923706055,62.59999847412109,62.79999923706055,40394
2021-11-09,62.79999923706055,63.0,62.79999923706055,63.0,23790
2021-11-10,63.0,63.0,62.900001525878906,62.900001525878906,8155
2021-11-11,62.59999847412109,63.0,62.29999923706055,63.0,27927
2021-11-12,63.0,63.0,63.0,63.0,2235
2021-11-15,62.900001525878906,63.0,62.79999923706055,63.0,17245
2021-11-16,62.79999923706055,63.0,62.79999923706055,63.0,54150
2021-11-17,62.59999847412109,63.09999847412109,62.5,63.09999847412109,14538
2021-11-18,62.59999847412109,63.09999847412109,62.59999847412109,63.09999847412109,6607
2021-11-19,63.09999847412109,63.29999923706055,62.70000076293945,63.0,46460
2021-11-22,62.900001525878906,63.09999847412109,62.59999847412109,63.09999847412109,65996
2021-11-23,63.09999847412109,63.09999847412109,63.09999847412109,63.09999847412109,0
2021-11-24,63.09999847412109,63.09999847412109,62.5,63.0,18020
2021-11-25,62.900001525878906,63.0,62.79999923706055,63.0,12201
2021-11-26,62.59999847412109,63.0,62.59999847412109,63.0,2291
2021-11-29,63.09999847412109,63.29999923706055,62.59999847412109,63.29999923706055,33056
2021-11-30,63.29999923706055,63.400001525878906,63.0,63.400001525878906,10397
2021-12-01,63.0,63.5,62.59999847412109,63.0,62788
2021-12-02,62.70000076293945,63.29999923706055,62.59999847412109,63.29999923706055,209155
2021-12-03,63.0,63.0,63.0,63.0,7241
2021-12-06,62.79999923706055,63.09999847412109,62.70000076293945,63.0,5241
2021-12-07,62.79999923706055,63.09999847412109,62.70000076293945,63.0,9388
2021-12-08,63.0,63.09999847412109,62.59999847412109,63.09999847412109,128015
2021-12-09,63.09999847412109,63.09999847412109,63.0,63.09999847412109,41755
2021-12-10,62.70000076293945,63.09999847412109,62.59999847412109,63.09999847412109,151001
2021-12-13,62.79999923706055,63.09999847412109,62.5,63.0,120507
2021-12-14,62.59999847412109,63.0,62.5,63.0,152904
2021-12-15,62.59999847412109,63.0,62.5,63.0,278171
2021-12-16,62.900001525878906,63.29999923706055,62.59999847412109,63.29999923706055,137533
2021-12-17,63.0,63.0,63.0,63.0,6018
2021-12-20,63.0,63.0,63.0,63.0,10106
2021-12-21,63.0,63.0,62.70000076293945,63.0,53672
2021-12-22,62.59999847412109,63.20000076293945,62.59999847412109,63.20000076293945,169039
2021-12-23,63.09999847412109,63.20000076293945,63.0,63.0,61000
2021-12-24,63.09999847412109,63.20000076293945,62.900001525878906,63.20000076293945,96000
2021-12-27,63.29999923706055,63.400001525878906,62.79999923706055,63.400001525878906,56033
2021-12-28,63.29999923706055,63.5,63.20000076293945,63.5,55047
2021-12-29,63.70000076293945,63.900001525878906,63.400001525878906,63.900001525878906,48002
2021-12-30,63.900001525878906,64.19999694824219,63.59999847412109,64.19999694824219,206674
2022-01-03,64.19999694824219,64.19999694824219,64.0,64.19999694824219,26260
2022-01-04,64.0999984741211,64.19999694824219,64.0,64.19999694824219,30045
2022-01-05,64.0999984741211,64.19999694824219,64.0,64.19999694824219,60156
2022-01-06,64.0999984741211,64.4000015258789,63.900001525878906,64.19999694824219,26072
2022-01-07,63.70000076293945,64.0999984741211,63.29999923706055,64.0999984741211,30526
2022-01-10,64.0999984741211,64.19999694824219,63.5,64.19999694824219,16582
2022-01-11,64.0,64.19999694824219,64.0,64.19999694824219,4189
2022-01-12,64.0999984741211,64.19999694824219,64.0999984741211,64.19999694824219,2867
2022-01-13,63.59999847412109,64.0,63.5,64.0,13364
2022-01-14,63.900001525878906,64.0,63.59999847412109,64.0,9038
2022-01-17,63.70000076293945,64.0,63.5,64.0,8371
2022-01-18,63.900001525878906,64.0,63.900001525878906,64.0,6522
2022-01-19,63.900001525878906,64.0,63.900001525878906,64.0,7441
2022-01-20,63.400001525878906,63.900001525878906,63.400001525878906,63.900001525878906,4006
2022-01-21,63.400001525878906,63.900001525878906,62.59999847412109,63.900001525878906,231000
2022-01-24,63.70000076293945,63.900001525878906,63.70000076293945,63.900001525878906,12062
2022-01-25,63.79999923706055,64.0,63.79999923706055,64.0,6134
2022-01-26,63.70000076293945,64.0,63.70000076293945,63.900001525878906,10035
2022-02-07,63.900001525878906,63.900001525878906,63.900001525878906,63.900001525878906,2205
2022-02-08,63.09999847412109,63.900001525878906,63.09999847412109,63.900001525878906,2115
2022-02-09,64.30000305175781,64.30000305175781,63.20000076293945,63.900001525878906,10080
2022-02-10,64.0999984741211,64.0999984741211,64.0999984741211,64.0999984741211,1021
2022-02-11,64.0,64.0999984741211,64.0,64.0999984741211,2361
2022-02-14,64.0999984741211,64.0999984741211,64.0999984741211,64.0999984741211,1013
2022-02-15,64.0,64.0999984741211,64.0,64.0999984741211,3000
2022-02-16,64.0,64.30000305175781,64.0,64.30000305175781,65125
2022-02-17,64.0,64.0999984741211,64.0,64.0999984741211,2040
2022-02-18,64.0,64.0999984741211,63.29999923706055,64.0,4066
2022-02-21,64.0,64.0,63.900001525878906,63.900001525878906,14140
2022-02-22,64.0999984741211,64.30000305175781,63.20000076293945,64.30000305175781,3576
2022-02-23,64.0999984741211,64.30000305175781,64.0999984741211,64.30000305175781,4091
2022-02-24,64.0,64.30000305175781,63.5,64.19999694824219,6194
2022-02-25,64.19999694824219,64.19999694824219,63.79999923706055,63.900001525878906,39241
2022-03-01,63.900001525878906,63.900001525878906,63.900001525878906,63.900001525878906,14286
2022-03-02,64.0,64.0,63.09999847412109,64.0,54569
2022-03-03,64.0,64.0,64.0,64.0,0
2022-03-04,63.900001525878906,64.0,63.20000076293945,64.0,11539
2022-03-07,63.900001525878906,64.0,63.900001525878906,64.0,5967
2022-03-08,64.0,64.0,63.900001525878906,64.0,25006
2022-03-09,64.0,64.0,64.0,64.0,0
2022-03-10,63.79999923706055,63.900001525878906,63.79999923706055,63.900001525878906,2598
2022-03-11,63.900001525878906,63.900001525878906,63.900001525878906,63.900001525878906,0
2022-03-14,63.70000076293945,63.900001525878906,63.70000076293945,63.79999923706055,16009
2022-03-15,63.59999847412109,63.70000076293945,63.59999847412109,63.70000076293945,2050
2022-03-16,63.70000076293945,63.70000076293945,63.70000076293945,63.70000076293945,0
2022-03-17,63.5,63.70000076293945,63.5,63.70000076293945,4290
2022-03-18,63.70000076293945,63.70000076293945,63.70000076293945,63.70000076293945,0
2022-03-21,63.59999847412109,63.79999923706055,63.59999847412109,63.70000076293945,7100
2022-03-22,63.79999923706055,63.900001525878906,63.70000076293945,63.900001525878906,19050
2022-03-23,63.79999923706055,63.900001525878906,63.400001525878906,63.900001525878906,19003
2022-03-24,63.79999923706055,63.900001525878906,63.79999923706055,63.900001525878906,5049
2022-03-25,63.79999923706055,63.900001525878906,63.79999923706055,63.900001525878906,2027
2022-03-28,63.79999923706055,63.900001525878906,63.59999847412109,63.70000076293945,17000
2022-03-29,63.79999923706055,63.79999923706055,63.5,63.70000076293945,30468
2022-03-30,63.70000076293945,63.70000076293945,63.70000076293945,63.70000076293945,2244
2022-03-31,63.5,63.70000076293945,63.5,63.70000076293945,3106
2022-04-01,63.70000076293945,63.70000076293945,63.70000076293945,63.70000076293945,2279
2022-04-06,63.5,63.70000076293945,63.29999923706055,63.70000076293945,6184
2022-04-07,63.59999847412109,63.70000076293945,63.59999847412109,63.70000076293945,12000
2022-04-08,63.70000076293945,63.70000076293945,63.70000076293945,63.70000076293945,9040
2022-04-11,63.70000076293945,63.70000076293945,63.70000076293945,63.70000076293945,13124
2022-04-12,63.70000076293945,63.70000076293945,63.5,63.70000076293945,57040
2022-04-13,63.59999847412109,63.59999847412109,63.59999847412109,63.59999847412109,2128
2022-04-14,63.5,63.59999847412109,63.5,63.59999847412109,2224
2022-04-15,63.20000076293945,63.5,63.20000076293945,63.5,11158
2022-04-18,63.59999847412109,63.59999847412109,63.5,63.59999847412109,3076
2022-04-19,63.5,63.59999847412109,63.5,63.59999847412109,2397
2022-04-20,63.59999847412109,63.59999847412109,63.59999847412109,63.59999847412109,0
2022-04-21,63.400001525878906,63.400001525878906,63.09999847412109,63.29999923706055,12248
2022-04-22,63.0,63.29999923706055,62.59999847412109,63.29999923706055,25002
2022-04-25,63.20000076293945,63.29999923706055,62.70000076293945,63.29999923706055,14003
2022-04-26,63.20000076293945,63.20000076293945,63.0,63.20000076293945,42520
2022-04-27,63.09999847412109,63.400001525878906,62.5,63.400001525878906,69000
2022-04-28,63.20000076293945,63.400001525878906,63.20000076293945,63.400001525878906,31210
2022-04-29,63.20000076293945,63.400001525878906,63.0,63.400001525878906,43274
2022-05-03,63.29999923706055,63.400001525878906,62.70000076293945,63.400001525878906,21658
2022-05-04,63.20000076293945,63.400001525878906,62.59999847412109,63.400001525878906,29017
2022-05-05,63.29999923706055,63.400001525878906,63.29999923706055,63.400001525878906,12027
2022-05-06,63.20000076293945,63.20000076293945,62.70000076293945,63.20000076293945,7059
2022-05-09,63.20000076293945,63.20000076293945,62.900001525878906,63.20000076293945,27058
2022-05-10,63.09999847412109,63.09999847412109,63.09999847412109,63.09999847412109,6099
2022-05-11,63.09999847412109,63.09999847412109,62.79999923706055,63.09999847412109,26100
2022-05-12,62.5,63.20000076293945,62.5,63.20000076293945,31080
2022-05-13,62.400001525878906,63.20000076293945,62.29999923706055,63.20000076293945,3445
2022-05-16,62.5,63.20000076293945,62.400001525878906,63.20000076293945,20979
2022-05-17,62.5,63.20000076293945,62.5,63.0,83158
2022-05-18,63.09999847412109,63.09999847412109,62.5,63.09999847412109,12300
2022-05-19,63.0,63.09999847412109,62.5,63.09999847412109,7439
2022-05-20,63.0,63.09999847412109,63.0,63.09999847412109,2054
2022-05-23,63.09999847412109,63.09999847412109,63.09999847412109,63.09999847412109,2000
2022-05-24,63.09999847412109,63.09999847412109,63.09999847412109,63.09999847412109,24002
2022-05-25,63.09999847412109,63.09999847412109,63.09999847412109,63.09999847412109,9027
2022-05-26,63.09999847412109,63.09999847412109,63.0,63.09999847412109,8044
2022-05-27,63.0,63.09999847412109,63.0,63.09999847412109,4000
2022-05-30,63.09999847412109,63.09999847412109,62.70000076293945,63.0,18025
2022-05-31,63.0,63.0,63.0,63.0,7200
2022-06-01,63.0,63.0,63.0,63.0,3027
2022-06-02,63.0,63.0,63.0,63.0,0
2022-06-06,62.900001525878906,62.900001525878906,62.900001525878906,62.900001525878906,15008
2022-06-07,62.900001525878906,62.900001525878906,62.900001525878906,62.900001525878906,7192
2022-06-08,62.900001525878906,62.900001525878906,62.59999847412109,62.900001525878906,6464
2022-06-09,62.79999923706055,62.900001525878906,62.79999923706055,62.900001525878906,7110
2022-06-10,62.79999923706055,62.900001525878906,62.59999847412109,62.900001525878906,40044
2022-06-13,62.900001525878906,62.900001525878906,62.59999847412109,62.900001525878906,40792
2022-06-14,62.79999923706055,62.900001525878906,62.79999923706055,62.900001525878906,8000
2022-06-15,62.79999923706055,62.900001525878906,62.5,62.900001525878906,35122
2022-06-16,62.79999923706055,62.900001525878906,62.79999923706055,62.900001525878906,4615
2022-06-17,62.79999923706055,63.0,62.79999923706055,63.0,35000
2022-06-20,62.900001525878906,63.0,62.900001525878906,63.0,19679
2022-06-21,62.900001525878906,63.0,62.5,63.0,38128
2022-06-22,62.900001525878906,63.0,62.70000076293945,63.0,41425
2022-06-23,63.0,63.5,62.5,63.0,51498
2022-06-24,62.59999847412109,63.09999847412109,62.5,63.09999847412109,61000
2022-06-27,63.0,63.09999847412109,62.900001525878906,63.09999847412109,19237
2022-06-28,63.20000076293945,63.20000076293945,63.09999847412109,63.20000076293945,9049
2022-06-29,63.5,63.5,63.20000076293945,63.400001525878906,7000
2022-06-30,63.400001525878906,63.400001525878906,63.400001525878906,63.400001525878906,1057
2022-07-01,63.20000076293945,63.400001525878906,63.20000076293945,63.400001525878906,16015
2022-07-04,63.29999923706055,63.29999923706055,63.09999847412109,63.20000076293945,8663
2022-07-05,63.20000076293945,63.20000076293945,63.09999847412109,63.20000076293945,6084
2022-07-06,63.20000076293945,63.20000076293945,63.20000076293945,63.20000076293945,1773
2022-07-07,62.79999923706055,63.20000076293945,62.79999923706055,63.20000076293945,2300
2022-07-08,63.20000076293945,63.20000076293945,63.20000076293945,63.20000076293945,2998
2022-07-11,62.900001525878906,63.20000076293945,62.900001525878906,63.20000076293945,2071
2022-07-12,62.70000076293945,63.20000076293945,62.70000076293945,63.20000076293945,6249
2022-07-13,63.09999847412109,63.29999923706055,63.0,63.29999923706055,62015
2022-07-14,61.0,61.29999923706055,61.0,61.29999923706055,20000
2022-07-15,61.20000076293945,61.29999923706055,61.20000076293945,61.29999923706055,3000
2022-07-18,61.29999923706055,61.29999923706055,61.29999923706055,61.29999923706055,1001
2022-07-19,61.0,61.29999923706055,60.900001525878906,61.29999923706055,7030
2022-07-20,61.29999923706055,61.29999923706055,61.29999923706055,61.29999923706055,0
2022-07-21,61.29999923706055,61.29999923706055,61.29999923706055,61.29999923706055,0
2022-07-22,61.29999923706055,61.29999923706055,61.29999923706055,61.29999923706055,0
2022-07-25,61.29999923706055,61.29999923706055,61.29999923706055,61.29999923706055,0
2022-07-26,61.29999923706055,61.29999923706055,61.29999923706055,61.29999923706055,0
2022-07-27,61.29999923706055,61.29999923706055,61.29999923706055,61.29999923706055,0
2022-07-28,61.0,61.29999923706055,61.0,61.29999923706055,7688
2022-07-29,61.400001525878906,61.5,61.400001525878906,61.5,7797
2022-08-01,61.20000076293945,61.400001525878906,61.20000076293945,61.400001525878906,10027
2022-08-02,61.29999923706055,61.400001525878906,61.09999847412109,61.400001525878906,9002
2022-08-03,61.400001525878906,61.400001525878906,61.400001525878906,61.400001525878906,2004
2022-08-04,61.29999923706055,61.400001525878906,61.29999923706055,61.400001525878906,13025
2022-08-05,61.400001525878906,61.400001525878906,61.400001525878906,61.400001525878906,0
2022-08-08,61.29999923706055,61.400001525878906,61.29999923706055,61.400001525878906,17904
2022-08-09,61.400001525878906,61.400001525878906,61.400001525878906,61.400001525878906,0
2022-08-10,61.29999923706055,61.29999923706055,60.79999923706055,61.20000076293945,4400
2022-08-11,61.20000076293945,61.20000076293945,61.20000076293945,61.20000076293945,0
2022-08-12,61.09999847412109,61.09999847412109,60.79999923706055,61.09999847412109,16032
2022-08-15,60.900001525878906,61.09999847412109,60.59999847412109,61.09999847412109,55551
2022-08-16,60.70000076293945,61.09999847412109,60.70000076293945,61.09999847412109,6565
2022-08-17,61.0,61.0,61.0,61.0,2318
2022-08-18,61.0,61.20000076293945,61.0,61.20000076293945,12000
2022-08-19,61.09999847412109,61.29999923706055,61.09999847412109,61.29999923706055,13019
2022-08-22,61.29999923706055,61.29999923706055,61.29999923706055,61.29999923706055,0
2022-08-23,61.29999923706055,61.29999923706055,60.70000076293945,61.29999923706055,3035
2022-08-24,61.09999847412109,61.29999923706055,61.09999847412109,61.29999923706055,18021
2022-08-25,61.09999847412109,61.29999923706055,61.09999847412109,61.29999923706055,12812
2022-08-26,61.29999923706055,61.29999923706055,61.29999923706055,61.29999923706055,5002
2022-08-29,61.20000076293945,61.29999923706055,61.20000076293945,61.29999923706055,2025
2022-08-30,61.29999923706055,61.29999923706055,61.29999923706055,61.29999923706055,0
2022-08-31,61.20000076293945,61.20000076293945,61.20000076293945,61.20000076293945,1107
2022-09-01,61.20000076293945,61.20000076293945,61.20000076293945,61.20000076293945,0
2022-09-02,61.20000076293945,61.20000076293945,61.20000076293945,61.20000076293945,0
2022-09-05,61.0,61.20000076293945,61.0,61.20000076293945,2037
2022-09-06,60.5,61.20000076293945,60.5,61.20000076293945,3010
2022-09-07,61.09999847412109,61.20000076293945,61.09999847412109,61.20000076293945,6191
2022-09-08,61.09999847412109,61.20000076293945,61.09999847412109,61.20000076293945,2065
2022-09-12,60.59999847412109,61.20000076293945,60.59999847412109,61.20000076293945,14073
2022-09-13,61.20000076293945,61.20000076293945,61.20000076293945,61.20000076293945,0
2022-09-14,61.0,61.09999847412109,61.0,61.09999847412109,13029
2022-09-15,61.09999847412109,61.09999847412109,61.09999847412109,61.09999847412109,0
2022-09-16,61.0,61.0,61.0,61.0,2043
2022-09-19,60.900001525878906,61.0,60.900001525878906,61.0,16000
2022-09-20,61.0,61.0,60.5,61.0,7118
2022-09-21,60.29999923706055,60.79999923706055,60.0,60.79999923706055,67060
2022-09-22,60.70000076293945,60.79999923706055,59.79999923706055,60.09999847412109,133056
2022-09-23,60.5,60.5,60.0,60.5,26562
2022-09-26,59.79999923706055,60.5,59.09999847412109,60.5,31883
2022-09-27,60.400001525878906,60.5,60.20000076293945,60.5,31020
2022-09-28,60.400001525878906,60.5,59.59999847412109,60.5,44222
2022-09-29,60.400001525878906,60.5,59.79999923706055,60.5,25310
2022-09-30,60.0,60.5,60.0,60.5,6286
2022-10-03,60.29999923706055,60.400001525878906,60.20000076293945,60.400001525878906,9079
2022-10-04,60.400001525878906,60.400001525878906,60.400001525878906,60.400001525878906,2030
2022-10-05,60.400001525878906,60.400001525878906,60.400001525878906,60.400001525878906,0
2022-10-06,60.400001525878906,60.400001525878906,60.400001525878906,60.400001525878906,2183
2022-10-07,60.0,60.29999923706055,59.59999847412109,60.29999923706055,63030
2022-10-11,60.0,60.20000076293945,59.29999923706055,60.0,31000
2022-10-12,59.29999923706055,59.79999923706055,59.0,59.79999923706055,114016
2022-10-13,59.20000076293945,59.79999923706055,58.900001525878906,59.70000076293945,88342
2022-10-14,59.5,59.59999847412109,59.5,59.59999847412109,6030
2022-10-17,59.20000076293945,59.5,59.0,59.5,32025
2022-10-18,59.400001525878906,59.5,59.20000076293945,59.20000076293945,3020
2022-10-19,59.0,59.29999923706055,59.0,59.29999923706055,47000
2022-10-20,59.20000076293945,59.400001525878906,59.20000076293945,59.400001525878906,9591
2022-10-21,59.5,59.5,59.0,59.29999923706055,40297
2022-10-24,59.0,59.400001525878906,59.0,59.400001525878906,21000
2022-10-25,58.900001525878906,59.400001525878906,58.900001525878906,59.400001525878906,11743
2022-10-26,58.900001525878906,59.400001525878906,58.900001525878906,59.29999923706055,20280
2022-10-27,58.59999847412109,59.20000076293945,58.59999847412109,59.0,6020
2022-10-28,58.900001525878906,59.09999847412109,58.900001525878906,59.09999847412109,5000
2022-10-31,59.29999923706055,59.29999923706055,58.59999847412109,59.20000076293945,5000
2022-11-01,59.20000076293945,59.20000076293945,59.20000076293945,59.20000076293945,0
2022-11-02,59.20000076293945,59.20000076293945,59.20000076293945,59.20000076293945,1012
2022-11-03,59.20000076293945,59.20000076293945,59.20000076293945,59.20000076293945,0
2022-11-04,59.20000076293945,59.20000076293945,59.20000076293945,59.20000076293945,0
2022-11-07,59.09999847412109,59.09999847412109,59.09999847412109,59.09999847412109,1040
2022-11-08,59.09999847412109,59.20000076293945,59.0,59.20000076293945,4191
2022-11-09,59.20000076293945,59.20000076293945,59.20000076293945,59.20000076293945,0
2022-11-10,59.0,59.20000076293945,58.900001525878906,59.20000076293945,5199
2022-11-11,59.20000076293945,59.20000076293945,59.20000076293945,59.20000076293945,0
2022-11-14,59.20000076293945,59.20000076293945,59.20000076293945,59.20000076293945,0
2022-11-15,59.20000076293945,59.20000076293945,59.20000076293945,59.20000076293945,12016
2022-11-16,59.20000076293945,59.20000076293945,59.20000076293945,59.20000076293945,0
2022-11-17,59.20000076293945,59.20000076293945,58.70000076293945,59.20000076293945,30018
2022-11-18,58.79999923706055,59.20000076293945,58.70000076293945,59.20000076293945,21287
2022-11-21,59.20000076293945,59.20000076293945,59.20000076293945,59.20000076293945,0
2022-11-22,58.70000076293945,59.20000076293945,58.59999847412109,59.09999847412109,38504
2022-11-23,58.59999847412109,59.09999847412109,58.59999847412109,59.09999847412109,13445
2022-11-24,58.59999847412109,59.0,58.59999847412109,59.0,16917
2022-11-25,59.0,59.0,59.0,59.0,0
2022-11-28,59.0,59.0,59.0,59.0,0
2022-11-29,59.0,59.0,59.0,59.0,1000
2022-11-30,59.0,59.0,58.5,59.0,22078
2022-12-01,59.0,59.09999847412109,59.0,59.09999847412109,12099
2022-12-02,58.59999847412109,59.09999847412109,58.59999847412109,59.09999847412109,18963
2022-12-05,59.09999847412109,59.20000076293945,58.59999847412109,59.09999847412109,30016
2022-12-06,59.0,59.09999847412109,58.900001525878906,59.09999847412109,14000
2022-12-07,58.900001525878906,59.20000076293945,58.70000076293945,59.20000076293945,37792
2022-12-08,59.09999847412109,59.20000076293945,59.09999847412109,59.20000076293945,10000
2022-12-09,59.20000076293945,59.29999923706055,59.20000076293945,59.29999923706055,14103
2022-12-12,59.20000076293945,59.29999923706055,59.20000076293945,59.29999923706055,3022
2022-12-13,59.29999923706055,59.29999923706055,59.29999923706055,59.29999923706055,12031
2022-12-14,59.29999923706055,59.400001525878906,59.29999923706055,59.400001525878906,11000
2022-12-15,59.400001525878906,59.5,59.400001525878906,59.5,10284
2022-12-16,59.5,59.5,59.5,59.5,5000
2022-12-19,59.5,59.5,59.5,59.5,13013
2022-12-20,59.5,59.5,59.400001525878906,59.5,13008
2022-12-21,59.5,59.5,59.5,59.5,10002
2022-12-22,59.5,59.5,59.400001525878906,59.5,11056
2022-12-23,59.0,59.5,58.900001525878906,59.5,4076
2022-12-26,59.5,59.5,59.5,59.5,2027
2022-12-27,59.5,59.5,59.400001525878906,59.5,8071
2022-12-28,59.5,59.5,59.5,59.5,2000
2022-12-29,59.400001525878906,59.5,59.400001525878906,59.400001525878906,11011
2022-12-30,59.70000076293945,59.70000076293945,59.29999923706055,59.29999923706055,9046
2023-01-03,59.5,59.5,59.5,59.5,7001
2023-01-04,59.09999847412109,59.400001525878906,59.09999847412109,59.400001525878906,19050
2023-01-05,59.400001525878906,59.5,59.400001525878906,59.400001525878906,10773
2023-01-06,59.5,59.59999847412109,59.5,59.59999847412109,10000
2023-01-09,59.59999847412109,59.70000076293945,59.5,59.70000076293945,6452
2023-01-10,59.70000076293945,59.70000076293945,59.70000076293945,59.70000076293945,6009
2023-01-11,59.70000076293945,59.70000076293945,59.400001525878906,59.400001525878906,6416
2023-01-12,59.5,59.59999847412109,59.29999923706055,59.29999923706055,18593
2023-01-13,59.70000076293945,59.70000076293945,59.400001525878906,59.59999847412109,9726
2023-01-16,59.59999847412109,59.70000076293945,59.59999847412109,59.59999847412109,15047
2023-01-17,59.400001525878906,59.400001525878906,59.400001525878906,59.400001525878906,6002
2023-01-30,59.400001525878906,59.5,59.29999923706055,59.29999923706055,33033
2023-01-31,59.29999923706055,59.29999923706055,59.0,59.0,114129
2023-02-01,59.0,59.5,59.0,59.5,8017
2023-02-02,59.5,59.59999847412109,59.5,59.59999847412109,17110
2023-02-03,59.59999847412109,59.70000076293945,59.5,59.59999847412109,71000
2023-02-06,59.59999847412109,59.59999847412109,59.5,59.59999847412109,32749
2023-02-07,59.59999847412109,59.59999847412109,59.59999847412109,59.59999847412109,7000
2023-02-08,59.59999847412109,59.70000076293945,59.59999847412109,59.59999847412109,71236
2023-02-09,59.59999847412109,59.59999847412109,59.5,59.59999847412109,36507
2023-02-10,59.59999847412109,59.70000076293945,59.59999847412109,59.59999847412109,33082
2023-02-13,59.59999847412109,59.70000076293945,59.59999847412109,59.59999847412109,56081
2023-02-14,59.59999847412109,59.70000076293945,59.59999847412109,59.70000076293945,45359
2023-02-15,59.5,59.5,59.5,59.5,37200
2023-02-16,59.5,59.59999847412109,59.400001525878906,59.400001525878906,97101
2023-02-17,59.5,59.59999847412109,59.09999847412109,59.400001525878906,50000
2023-02-20,59.5,59.59999847412109,59.5,59.5,52191
2023-02-21,59.5,59.59999847412109,59.400001525878906,59.59999847412109,68220
2023-02-22,59.59999847412109,59.70000076293945,59.59999847412109,59.59999847412109,24000
2023-02-23,59.59999847412109,59.70000076293945,59.5,59.70000076293945,128016
2023-02-24,59.70000076293945,59.79999923706055,59.70000076293945,59.79999923706055,72084
2023-03-01,59.79999923706055,59.79999923706055,59.70000076293945,59.79999923706055,64087
2023-03-02,59.79999923706055,59.900001525878906,59.59999847412109,59.900001525878906,157301
2023-03-03,59.900001525878906,60.0,59.79999923706055,59.900001525878906,109101
2023-03-06,59.900001525878906,60.0,59.900001525878906,59.900001525878906,113086
2023-03-07,59.5,59.900001525878906,59.5,59.900001525878906,58000
2023-03-08,59.79999923706055,59.900001525878906,59.70000076293945,59.900001525878906,73213
2023-03-09,59.79999923706055,60.0,59.79999923706055,60.0,166015
2023-03-10,60.0,60.09999847412109,60.0,60.09999847412109,72100
2023-03-13,60.09999847412109,60.09999847412109,60.09999847412109,60.09999847412109,9146
2023-03-14,60.0,60.20000076293945,60.0,60.20000076293945,78000
2023-03-15,60.20000076293945,60.29999923706055,60.20000076293945,60.29999923706055,132017
2023-03-16,60.20000076293945,60.20000076293945,60.0,60.20000076293945,86100
2023-03-17,60.20000076293945,60.20000076293945,60.20000076293945,60.20000076293945,52093
2023-03-20,60.20000076293945,60.20000076293945,60.0,60.09999847412109,54285
2023-03-21,60.0,60.09999847412109,60.0,60.09999847412109,53032
2023-03-22,60.09999847412109,60.20000076293945,60.0,60.09999847412109,75200
2023-03-23,60.0,60.09999847412109,60.0,60.0,121979
2023-03-24,60.0,60.09999847412109,59.79999923706055,59.79999923706055,110350
2023-03-27,59.79999923706055,59.79999923706055,59.70000076293945,59.79999923706055,116246
2023-03-28,59.59999847412109,59.70000076293945,59.5,59.5,122122
2023-03-29,59.5,59.5,59.29999923706055,59.5,66235
2023-03-30,59.400001525878906,59.400001525878906,59.20000076293945,59.20000076293945,284000
2023-03-31,59.29999923706055,59.29999923706055,59.09999847412109,59.29999923706055,86057
2023-04-06,59.20000076293945,59.20000076293945,59.20000076293945,59.20000076293945,9009
2023-04-07,59.29999923706055,59.79999923706055,59.20000076293945,59.79999923706055,53450
2023-04-10,59.59999847412109,59.79999923706055,59.59999847412109,59.79999923706055,11327
2023-04-11,59.5,59.79999923706055,59.20000076293945,59.5,85030
2023-04-12,59.5,59.70000076293945,59.5,59.5,18000
2023-04-13,59.5,59.5,59.400001525878906,59.5,24138
2023-04-14,59.5,59.59999847412109,59.400001525878906,59.59999847412109,43070
2023-04-17,59.59999847412109,59.59999847412109,59.59999847412109,59.59999847412109,44061
2023-04-18,59.59999847412109,59.59999847412109,59.59999847412109,59.59999847412109,50100
2023-04-19,59.59999847412109,59.59999847412109,59.59999847412109,59.59999847412109,1000
2023-04-20,59.29999923706055,59.59999847412109,59.20000076293945,59.59999847412109,21000
2023-04-21,59.59999847412109,59.70000076293945,59.5,59.5,37121
2023-04-24,59.5,59.59999847412109,59.5,59.59999847412109,53035
2023-04-25,59.59999847412109,59.70000076293945,59.29999923706055,59.59999847412109,82200
2023-04-26,59.59999847412109,59.59999847412109,59.400001525878906,59.59999847412109,13193
2023-04-27,59.5,59.59999847412109,59.400001525878906,59.59999847412109,25081
2023-04-28,59.400001525878906,59.59999847412109,59.20000076293945,59.400001525878906,156223
2023-05-02,59.400001525878906,59.5,59.09999847412109,59.29999923706055,80161
2023-05-03,59.29999923706055,59.29999923706055,58.900001525878906,59.29999923706055,107003
2023-05-04,59.400001525878906,59.400001525878906,59.0,59.29999923706055,38116
2023-05-05,59.29999923706055,59.5,59.0,59.5,56136
2023-05-08,59.400001525878906,59.5,59.400001525878906,59.5,4150
2023-05-09,59.400001525878906,59.5,59.400001525878906,59.5,12428
2023-05-10,59.5,59.5,59.5,59.5,0
2023-05-11,59.20000076293945,59.400001525878906,59.0,59.400001525878906,25883
2023-05-12,59.29999923706055,59.400001525878906,59.29999923706055,59.400001525878906,6030
2023-05-15,59.0,59.5,59.0,59.5,10255
2023-05-16,59.29999923706055,59.400001525878906,59.09999847412109,59.400001525878906,29455
2023-05-17,59.09999847412109,59.400001525878906,59.09999847412109,59.400001525878906,16000
2023-05-18,59.29999923706055,59.29999923706055,59.09999847412109,59.29999923706055,22400
2023-05-19,59.09999847412109,59.29999923706055,59.0,59.09999847412109,48163
2023-05-22,59.0,59.29999923706055,59.0,59.09999847412109,20194
2023-05-23,59.29999923706055,59.29999923706055,58.79999923706055,59.09999847412109,47121
2023-05-24,59.20000076293945,59.20000076293945,59.0,59.09999847412109,26032
2023-05-25,59.09999847412109,59.09999847412109,59.09999847412109,59.09999847412109,2013
2023-05-26,59.09999847412109,59.09999847412109,59.0,59.09999847412109,20186
2023-05-29,59.0,59.09999847412109,58.900001525878906,59.09999847412109,10027
2023-05-30,59.0,59.09999847412109,59.0,59.09999847412109,2000
2023-05-31,59.20000076293945,59.20000076293945,59.0,59.0,24035
2023-06-01,59.0,59.09999847412109,59.0,59.09999847412109,20246
2023-06-02,59.0,59.09999847412109,58.5,59.0,165270
2023-06-05,58.70000076293945,58.900001525878906,58.59999847412109,58.79999923706055,55078
2023-06-06,59.20000076293945,59.20000076293945,58.0,58.70000076293945,209050
2023-06-07,58.70000076293945,58.70000076293945,58.09999847412109,58.59999847412109,76344
2023-06-08,58.29999923706055,58.59999847412109,58.0,58.20000076293945,154297
2023-06-09,58.09999847412109,58.5,58.09999847412109,58.5,61193
2023-06-12,58.5,58.59999847412109,58.09999847412109,58.59999847412109,20138
2023-06-13,58.5,58.59999847412109,58.29999923706055,58.59999847412109,13540
2023-06-14,58.70000076293945,58.70000076293945,58.70000076293945,58.70000076293945,1049
2023-06-15,58.400001525878906,58.70000076293945,58.400001525878906,58.70000076293945,9552
2023-06-16,58.70000076293945,58.79999923706055,58.5,58.70000076293945,7486
2023-06-19,58.59999847412109,58.70000076293945,58.400001525878906,58.70000076293945,29662
2023-06-20,58.59999847412109,58.70000076293945,58.400001525878906,58.59999847412109,88109
2023-06-21,58.79999923706055,58.79999923706055,58.400001525878906,58.59999847412109,12009
2023-06-26,58.79999923706055,58.79999923706055,58.79999923706055,58.79999923706055,2099
2023-06-27,58.79999923706055,58.79999923706055,58.79999923706055,58.79999923706055,1221
2023-06-28,58.79999923706055,58.79999923706055,58.79999923706055,58.79999923706055,1020
2023-06-29,58.79999923706055,58.79999923706055,58.5,58.79999923706055,36124
2023-06-30,58.70000076293945,58.79999923706055,58.59999847412109,58.59999847412109,18072
2023-07-03,58.5,58.5,58.5,58.5,2133
2023-07-04,58.5,58.5,58.5,58.5,14405
2023-07-05,58.400001525878906,58.5,58.400001525878906,58.5,16161
2023-07-06,58.5,58.5,58.400001525878906,58.5,34076
2023-07-07,58.5,58.5,58.29999923706055,58.5,25010
2023-07-10,58.29999923706055,58.5,58.20000076293945,58.5,56028
2023-07-11,58.5,58.5,58.400001525878906,58.5,8118
2023-07-12,58.59999847412109,58.59999847412109,58.29999923706055,58.59999847412109,35091
2023-07-13,58.59999847412109,58.70000076293945,58.59999847412109,58.70000076293945,3127
2023-07-14,58.59999847412109,58.70000076293945,58.59999847412109,58.70000076293945,2705
2023-07-17,58.59999847412109,58.70000076293945,58.59999847412109,58.70000076293945,15126
2023-07-18,58.70000076293945,58.79999923706055,58.70000076293945,58.79999923706055,140000
2023-07-19,58.79999923706055,58.79999923706055,58.70000076293945,58.79999923706055,29135
2023-07-20,58.70000076293945,58.79999923706055,58.70000076293945,58.79999923706055,46046
2023-07-21,58.59999847412109,58.79999923706055,58.5,58.79999923706055,43788
2023-07-24,58.79999923706055,58.79999923706055,58.59999847412109,58.79999923706055,75385
2023-07-25,58.79999923706055,58.79999923706055,58.5,58.79999923706055,39014
2023-07-26,58.79999923706055,58.79999923706055,58.70000076293945,58.79999923706055,31001
2023-07-27,58.79999923706055,58.900001525878906,58.79999923706055,58.900001525878906,31016
2023-07-28,58.79999923706055,58.900001525878906,58.70000076293945,58.79999923706055,51057
2023-07-31,58.79999923706055,58.900001525878906,58.70000076293945,58.900001525878906,42596
2023-08-01,58.70000076293945,58.900001525878906,58.70000076293945,58.900001525878906,55560
2023-08-02,58.70000076293945,58.900001525878906,58.70000076293945,58.900001525878906,56055
2023-08-04,58.79999923706055,58.900001525878906,58.70000076293945,58.900001525878906,51285
2023-08-07,58.79999923706055,59.0,58.79999923706055,59.0,21039
2023-08-08,58.79999923706055,59.0,58.79999923706055,59.0,17000
2023-08-09,58.900001525878906,59.09999847412109,58.900001525878906,59.09999847412109,17011
2023-08-10,59.09999847412109,59.09999847412109,58.900001525878906,58.900001525878906,15122
2023-08-11,59.09999847412109,59.09999847412109,58.79999923706055,59.09999847412109,9001
2023-08-14,59.0,59.09999847412109,58.79999923706055,59.09999847412109,30045
2023-08-15,58.79999923706055,59.09999847412109,58.70000076293945,59.09999847412109,7219
2023-08-16,59.0,59.20000076293945,58.79999923706055,59.09999847412109,122702
2023-08-17,59.0,59.09999847412109,59.0,59.09999847412109,7379
2023-08-18,59.0,59.09999847412109,59.0,59.09999847412109,25091
2023-08-21,59.09999847412109,59.09999847412109,59.09999847412109,59.09999847412109,0
2023-08-22,59.0,59.09999847412109,58.900001525878906,59.09999847412109,24000
2023-08-23,59.0,59.09999847412109,58.900001525878906,59.09999847412109,42055
2023-08-24,59.09999847412109,59.09999847412109,58.900001525878906,59.09999847412109,24188
2023-08-25,59.09999847412109,59.09999847412109,58.79999923706055,59.09999847412109,162018
2023-08-28,59.0,59.09999847412109,58.900001525878906,59.09999847412109,13000
2023-08-29,59.0,59.09999847412109,58.900001525878906,59.09999847412109,20002
2023-08-30,59.09999847412109,59.09999847412109,59.09999847412109,59.09999847412109,24587
2023-08-31,59.09999847412109,59.09999847412109,59.09999847412109,59.09999847412109,50014
2023-09-01,59.09999847412109,59.20000076293945,59.0,59.20000076293945,39495
2023-09-04,59.09999847412109,59.20000076293945,59.0,59.20000076293945,19001
2023-09-05,59.20000076293945,59.29999923706055,59.20000076293945,59.29999923706055,28146
2023-09-06,59.20000076293945,59.400001525878906,59.20000076293945,59.29999923706055,154015
2023-09-07,59.29999923706055,59.400001525878906,59.29999923706055,59.400001525878906,37308
2023-09-08,59.400001525878906,59.5,59.29999923706055,59.5,73000
2023-09-11,59.5,59.79999923706055,59.5,59.79999923706055,50000
2023-09-12,59.79999923706055,59.900001525878906,59.70000076293945,59.79999923706055,119400
2023-09-13,59.79999923706055,60.0,59.79999923706055,60.0,52054
2023-09-14,60.29999923706055,60.29999923706055,60.09999847412109,60.20000076293945,7556
2023-09-15,59.900001525878906,60.29999923706055,59.900001525878906,60.29999923706055,20027
2023-09-18,60.20000076293945,60.400001525878906,60.0,60.400001525878906,28031
2023-09-19,60.400001525878906,60.5,60.20000076293945,60.5,39006
2023-09-20,60.29999923706055,60.5,60.29999923706055,60.5,6246
2023-09-21,60.400001525878906,60.5,60.09999847412109,60.5,8000
2023-09-22,60.400001525878906,60.5,60.0,60.400001525878906,307376
2023-09-25,60.0,60.400001525878906,60.0,60.400001525878906,26257
2023-09-26,60.29999923706055,60.400001525878906,60.20000076293945,60.400001525878906,27100
2023-09-27,60.20000076293945,60.400001525878906,60.20000076293945,60.20000076293945,4054
2023-09-28,60.20000076293945,60.400001525878906,60.20000076293945,60.400001525878906,37041
2023-10-02,60.400001525878906,60.5,60.29999923706055,60.400001525878906,42044
2023-10-03,60.20000076293945,60.400001525878906,60.20000076293945,60.400001525878906,55091
2023-10-04,60.09999847412109,60.400001525878906,60.0,60.400001525878906,107000
2023-10-05,60.20000076293945,60.29999923706055,60.09999847412109,60.29999923706055,47780
2023-10-06,60.09999847412109,60.29999923706055,59.900001525878906,60.20000076293945,156199
2023-10-11,60.20000076293945,60.29999923706055,60.09999847412109,60.29999923706055,149105
2023-10-12,58.29999923706055,58.59999847412109,58.20000076293945,58.59999847412109,150083
2023-10-13,58.20000076293945,58.59999847412109,58.20000076293945,58.59999847412109,71300
2023-10-16,58.59999847412109,58.70000076293945,58.5,58.59999847412109,95027
2023-10-17,58.59999847412109,58.70000076293945,58.5,58.70000076293945,159651
2023-10-18,58.70000076293945,58.79999923706055,58.5,58.70000076293945,66000
2023-10-19,58.400001525878906,58.79999923706055,58.400001525878906,58.59999847412109,57728
2023-10-20,58.29999923706055,58.70000076293945,58.29999923706055,58.70000076293945,39000
2023-10-23,58.59999847412109,58.79999923706055,58.59999847412109,58.70000076293945,137238
2023-10-24,58.70000076293945,58.79999923706055,58.59999847412109,58.70000076293945,171000
2023-10-25,58.70000076293945,58.70000076293945,58.70000076293945,58.70000076293945,31000
2023-10-26,58.70000076293945,58.79999923706055,58.400001525878906,58.79999923706055,53311
2023-10-27,58.70000076293945,58.79999923706055,58.59999847412109,58.70000076293945,43939
2023-10-30,58.79999923706055,58.79999923706055,58.59999847412109,58.70000076293945,17033
2023-10-31,58.70000076293945,58.79999923706055,58.59999847412109,58.59999847412109,29429
2023-11-01,58.79999923706055,58.79999923706055,58.59999847412109,58.79999923706055,52041
2023-11-02,58.70000076293945,58.79999923706055,58.70000076293945,58.79999923706055,33050
2023-11-03,58.79999923706055,58.79999923706055,58.59999847412109,58.79999923706055,41000
2023-11-06,58.79999923706055,58.900001525878906,58.79999923706055,58.900001525878906,45276
2023-11-07,58.900001525878906,59.0,58.79999923706055,59.0,64396
2023-11-08,58.900001525878906,59.0,58.79999923706055,59.0,60919
2023-11-09,58.900001525878906,59.0,58.900001525878906,59.0,13109
2023-11-10,59.400001525878906,59.400001525878906,58.79999923706055,59.09999847412109,17253
2023-11-13,58.900001525878906,59.09999847412109,58.900001525878906,59.09999847412109,3040
2023-11-14,59.0,59.09999847412109,58.900001525878906,59.09999847412109,5165
2023-11-15,59.0,59.09999847412109,58.79999923706055,59.09999847412109,33240
2023-11-16,59.09999847412109,59.09999847412109,59.09999847412109,59.09999847412109,2000
2023-11-17,58.70000076293945,59.09999847412109,58.70000076293945,59.09999847412109,13157
2023-11-20,59.0,59.09999847412109,59.0,59.09999847412109,10035
2023-11-21,58.79999923706055,59.0,58.79999923706055,59.0,23060
2023-11-22,58.79999923706055,58.900001525878906,58.5,58.900001525878906,15040
2023-11-23,58.900001525878906,58.900001525878906,58.900001525878906,58.900001525878906,0
2023-11-24,58.900001525878906,59.0,58.79999923706055,59.0,36023
2023-11-27,58.900001525878906,59.09999847412109,58.79999923706055,59.09999847412109,72013
2023-11-28,59.0,59.0,58.900001525878906,59.0,63090
2023-11-29,58.900001525878906,59.09999847412109,58.900001525878906,59.0,6207
2023-11-30,58.900001525878906,59.09999847412109,58.900001525878906,59.09999847412109,93001
2023-12-01,59.0,59.29999923706055,59.0,59.09999847412109,122145
2023-12-04,59.09999847412109,59.20000076293945,59.0,59.0,156916
2023-12-05,59.0,59.20000076293945,59.0,59.20000076293945,94335
2023-12-06,59.09999847412109,59.29999923706055,59.0,59.09999847412109,261465
2023-12-07,59.20000076293945,59.29999923706055,59.0,59.20000076293945,161000
2023-12-08,59.09999847412109,59.29999923706055,59.0,59.29999923706055,154637
2023-12-11,59.20000076293945,59.29999923706055,59.0,59.20000076293945,250470
2023-12-12,58.900001525878906,59.20000076293945,58.900001525878906,59.20000076293945,50446
2023-12-13,59.09999847412109,59.29999923706055,59.0,59.20000076293945,155570
2023-12-14,59.09999847412109,59.29999923706055,59.0,59.29999923706055,90487
2023-12-15,59.20000076293945,59.29999923706055,59.0,59.29999923706055,310742
2023-12-18,59.400001525878906,59.400001525878906,59.09999847412109,59.29999923706055,24094
2023-12-19,59.09999847412109,59.400001525878906,59.09999847412109,59.400001525878906,49000
2023-12-20,59.29999923706055,59.400001525878906,59.29999923706055,59.400001525878906,152133
2023-12-21,59.29999923706055,59.5,59.29999923706055,59.5,87381
2023-12-22,59.20000076293945,59.5,59.0,59.5,33819
2023-12-25,59.20000076293945,59.59999847412109,59.20000076293945,59.5,141140
2023-12-26,59.5,59.59999847412109,59.400001525878906,59.5,161159
2023-12-27,59.5,59.59999847412109,59.400001525878906,59.400001525878906,166410
2023-12-28,59.400001525878906,59.400001525878906,59.400001525878906,59.400001525878906,111598
2023-12-29,59.400001525878906,59.400001525878906,59.20000076293945,59.400001525878906,367107
2024-01-02,59.59999847412109,59.59999847412109,59.59999847412109,59.59999847412109,1016
2024-01-03,59.5,59.900001525878906,59.5,59.900001525878906,72000
2024-01-04,59.79999923706055,59.900001525878906,59.79999923706055,59.900001525878906,51027
2024-01-05,59.900001525878906,59.900001525878906,59.79999923706055,59.900001525878906,22250
2024-01-08,59.900001525878906,60.0,59.900001525878906,60.0,44000
2024-01-09,59.900001525878906,60.20000076293945,59.900001525878906,60.20000076293945,43005
2024-01-10,60.09999847412109,60.20000076293945,60.0,60.20000076293945,25059
2024-01-11,60.20000076293945,60.20000076293945,60.0,60.20000076293945,7192
2024-01-12,60.09999847412109,60.20000076293945,60.09999847412109,60.20000076293945,15588
2024-01-15,60.20000076293945,60.29999923706055,60.20000076293945,60.29999923706055,24099
2024-01-16,60.20000076293945,60.29999923706055,60.20000076293945,60.20000076293945,92199
2024-01-17,60.29999923706055,60.29999923706055,60.0,60.20000076293945,63039
2024-01-18,60.0,60.20000076293945,60.0,60.20000076293945,22000
2024-01-19,60.29999923706055,60.29999923706055,60.20000076293945,60.29999923706055,28014
2024-01-22,60.20000076293945,60.29999923706055,60.20000076293945,60.29999923706055,19080
2024-01-23,60.20000076293945,60.29999923706055,60.20000076293945,60.29999923706055,7199
2024-01-24,60.20000076293945,60.29999923706055,60.09999847412109,60.29999923706055,41024
2024-01-25,60.20000076293945,60.29999923706055,60.09999847412109,60.29999923706055,25040
2024-01-26,60.20000076293945,60.29999923706055,60.09999847412109,60.29999923706055,96040
2024-01-29,60.20000076293945,60.29999923706055,60.0,60.29999923706055,39040
2024-01-30,60.29999923706055,60.29999923706055,60.29999923706055,60.29999923706055,3080
2024-01-31,60.29999923706055,60.29999923706055,60.20000076293945,60.29999923706055,50858
2024-02-01,60.20000076293945,60.29999923706055,60.20000076293945,60.29999923706055,22378
2024-02-02,60.29999923706055,60.29999923706055,60.0,60.29999923706055,27134
2024-02-05,60.20000076293945,60.29999923706055,60.20000076293945,60.29999923706055,12060
2024-02-15,60.09999847412109,60.29999923706055,60.09999847412109,60.29999923706055,5030
2024-02-16,60.09999847412109,60.29999923706055,60.09999847412109,60.29999923706055,15054
2024-02-19,60.09999847412109,60.29999923706055,60.0,60.29999923706055,8300
2024-02-20,60.09999847412109,60.29999923706055,60.09999847412109,60.29999923706055,26234
2024-02-21,60.29999923706055,60.29999923706055,60.29999923706055,60.29999923706055,6896
2024-02-22,60.29999923706055,60.29999923706055,60.09999847412109,60.29999923706055,23155
2024-02-23,60.20000076293945,60.29999923706055,60.20000076293945,60.29999923706055,3220
2024-02-26,60.20000076293945,60.29999923706055,60.20000076293945,60.29999923706055,21396
2024-02-27,60.20000076293945,60.29999923706055,60.09999847412109,60.09999847412109,167061
2024-02-29,60.20000076293945,60.29999923706055,60.09999847412109,60.29999923706055,7026
2024-03-01,60.0,60.20000076293945,60.0,60.20000076293945,8274
2024-03-04,60.0,60.20000076293945,59.400001525878906,60.09999847412109,67728
2024-03-05,60.0,60.09999847412109,59.900001525878906,60.09999847412109,42014
2024-03-06,60.0,60.29999923706055,60.0,60.0,12789
2024-03-07,60.29999923706055,60.29999923706055,59.900001525878906,60.09999847412109,62858
2024-03-08,60.0,60.20000076293945,60.0,60.20000076293945,16190
2024-03-11,60.09999847412109,60.20000076293945,60.0,60.0,10084
2024-03-12,60.0,60.0,59.900001525878906,60.0,63507
2024-03-13,59.900001525878906,60.0,59.79999923706055,60.0,22113
2024-03-14,59.900001525878906,60.09999847412109,59.900001525878906,60.09999847412109,35524
2024-03-15,59.900001525878906,60.09999847412109,59.900001525878906,60.0,4791
2024-03-18,60.0,60.0,59.900001525878906,60.0,39212
2024-03-19,59.900001525878906,60.0,59.900001525878906,60.0,60561
2024-03-20,60.0,60.0,59.900001525878906,60.0,81215
2024-03-21,59.900001525878906,60.09999847412109,59.900001525878906,60.09999847412109,16239
2024-03-22,60.09999847412109,60.29999923706055,60.09999847412109,60.29999923706055,17966
2024-03-25,60.20000076293945,60.400001525878906,60.20000076293945,60.400001525878906,12099
2024-03-26,60.29999923706055,60.400001525878906,60.09999847412109,60.29999923706055,22106
2024-03-27,60.0,60.09999847412109,60.0,60.09999847412109,36340
2024-03-28,60.09999847412109,60.29999923706055,60.09999847412109,60.09999847412109,6797
2024-03-29,60.0,60.20000076293945,60.0,60.20000076293945,28000
2024-04-01,59.900001525878906,60.29999923706055,59.900001525878906,60.29999923706055,11389
2024-04-02,60.09999847412109,60.29999923706055,60.09999847412109,60.29999923706055,20087
2024-04-03,60.29999923706055,60.29999923706055,60.29999923706055,60.29999923706055,3198
2024-04-08,60.29999923706055,60.29999923706055,60.29999923706055,60.29999923706055,0
2024-04-09,60.20000076293945,60.29999923706055,60.0,60.29999923706055,31000
2024-04-10,60.0,60.09999847412109,60.0,60.09999847412109,63234
2024-04-11,60.0,60.0,59.900001525878906,60.0,65374
2024-04-12,60.29999923706055,60.29999923706055,60.0,60.29999923706055,10200
2024-04-15,60.0,60.09999847412109,59.900001525878906,60.09999847412109,46073
2024-04-16,60.29999923706055,60.29999923706055,59.900001525878906,60.09999847412109,222617
2024-04-17,59.900001525878906,60.09999847412109,59.900001525878906,60.0,61081
2024-04-18,60.20000076293945,60.20000076293945,59.900001525878906,60.0,49028
2024-04-19,60.20000076293945,60.20000076293945,59.900001525878906,60.09999847412109,161564
2024-04-22,59.900001525878906,60.0,59.900001525878906,60.0,202002
2024-04-23,59.900001525878906,60.20000076293945,59.79999923706055,60.0,83116
2024-04-24,60.0,60.20000076293945,59.900001525878906,60.20000076293945,16241
2024-04-25,60.0,60.20000076293945,59.79999923706055,60.0,197070
2024-04-26,59.900001525878906,60.0,59.900001525878906,60.0,151046
2024-04-29,60.0,60.0,59.900001525878906,60.0,106107
2024-04-30,60.0,60.09999847412109,59.900001525878906,60.09999847412109,159186
2024-05-02,60.0,60.0,59.900001525878906,60.0,76601
2024-05-03,60.09999847412109,60.09999847412109,59.900001525878906,60.09999847412109,163336
2024-05-06,60.09999847412109,60.09999847412109,60.0,60.0,148050
2024-05-07,60.0,60.09999847412109,60.0,60.09999847412109,20344
2024-05-08,60.09999847412109,60.09999847412109,59.900001525878906,60.09999847412109,55515
2024-05-09,60.0,60.09999847412109,59.900001525878906,60.0,142049
2024-05-10,59.900001525878906,60.09999847412109,59.900001525878906,60.09999847412109,14000
2024-05-13,60.20000076293945,60.20000076293945,60.0,60.09999847412109,52545
2024-05-14,60.20000076293945,60.20000076293945,60.09999847412109,60.20000076293945,9002
2024-05-15,60.0,60.20000076293945,59.900001525878906,60.20000076293945,13765
2024-05-16,60.09999847412109,60.20000076293945,60.09999847412109,60.20000076293945,6999
2024-05-17,60.29999923706055,60.29999923706055,60.29999923706055,60.29999923706055,4281
2024-05-20,60.20000076293945,60.29999923706055,60.0,60.29999923706055,14580
2024-05-21,60.29999923706055,60.29999923706055,60.29999923706055,60.29999923706055,5070
2024-05-22,60.29999923706055,60.400001525878906,60.0,60.400001525878906,33695
2024-05-23,60.29999923706055,60.400001525878906,60.09999847412109,60.400001525878906,22199
2024-05-24,60.400001525878906,60.400001525878906,60.400001525878906,60.400001525878906,1413
2024-05-27,60.20000076293945,60.400001525878906,60.20000076293945,60.400001525878906,25112
2024-05-28,60.20000076293945,60.29999923706055,60.09999847412109,60.29999923706055,69660
2024-05-29,60.20000076293945,60.400001525878906,60.0,60.20000076293945,28660
2024-05-30,60.0,60.29999923706055,60.0,60.09999847412109,25250
2024-05-31,60.0,60.29999923706055,60.0,60.29999923706055,42000
2024-06-03,60.0,60.29999923706055,60.0,60.09999847412109,11045
2024-06-04,60.0,60.09999847412109,60.0,60.09999847412109,5620
2024-06-05,60.0,60.09999847412109,60.0,60.09999847412109,2186
2024-06-06,60.0,60.09999847412109,60.0,60.09999847412109,4058
2024-06-07,60.0,60.20000076293945,60.0,60.20000076293945,9063
2024-06-11,60.09999847412109,60.29999923706055,60.0,60.29999923706055,29000
2024-06-12,60.0,60.29999923706055,60.0,60.20000076293945,37159
2024-06-13,60.09999847412109,60.20000076293945,59.900001525878906,60.09999847412109,112054
2024-06-14,60.09999847412109,60.20000076293945,60.0,60.20000076293945,14733
2024-06-17,60.09999847412109,60.20000076293945,60.0,60.09999847412109,9029
2024-06-18,60.0,60.20000076293945,60.0,60.20000076293945,79028
2024-06-19,60.0,60.20000076293945,60.0,60.20000076293945,35047
2024-06-20,60.0,60.20000076293945,60.0,60.09999847412109,5918
2024-06-21,60.29999923706055,60.29999923706055,60.29999923706055,60.29999923706055,7600
2024-06-24,60.29999923706055,60.29999923706055,60.20000076293945,60.29999923706055,13133
2024-06-25,60.0,60.29999923706055,60.0,60.29999923706055,29000
2024-06-26,60.09999847412109,60.29999923706055,60.09999847412109,60.29999923706055,5137
2024-06-27,60.20000076293945,60.29999923706055,60.0,60.09999847412109,49045
2024-06-28,60.20000076293945,60.29999923706055,60.09999847412109,60.29999923706055,9059
2024-07-01,60.20000076293945,60.29999923706055,60.20000076293945,60.29999923706055,3399
2024-07-02,60.29999923706055,60.29999923706055,60.0,60.29999923706055,41688
2024-07-03,60.29999923706055,60.29999923706055,60.20000076293945,60.29999923706055,6594
2024-07-04,60.29999923706055,60.400001525878906,60.29999923706055,60.400001525878906,20351
2024-07-05,60.400001525878906,60.70000076293945,60.29999923706055,60.70000076293945,51870
2024-07-08,60.70000076293945,60.900001525878906,60.70000076293945,60.900001525878906,26165
2024-07-09,60.79999923706055,60.79999923706055,60.59999847412109,60.79999923706055,19547
2024-07-10,60.70000076293945,60.79999923706055,60.59999847412109,60.79999923706055,12102
2024-07-11,60.59999847412109,60.900001525878906,60.59999847412109,60.900001525878906,22999
2024-07-12,60.79999923706055,61.20000076293945,60.79999923706055,61.20000076293945,17400
2024-07-15,59.20000076293945,59.59999847412109,59.20000076293945,59.59999847412109,220015
2024-07-16,59.70000076293945,59.70000076293945,59.59999847412109,59.70000076293945,92015
2024-07-17,59.59999847412109,59.70000076293945,59.59999847412109,59.59999847412109,229040
2024-07-18,59.5,59.59999847412109,59.5,59.59999847412109,78073
2024-07-19,59.59999847412109,59.70000076293945,59.59999847412109,59.70000076293945,44081
2024-07-22,59.70000076293945,59.79999923706055,59.59999847412109,59.70000076293945,71000
2024-07-23,59.59999847412109,59.70000076293945,59.59999847412109,59.70000076293945,51624
2024-07-26,59.59999847412109,59.79999923706055,59.59999847412109,59.70000076293945,119131
2024-07-29,59.59999847412109,59.79999923706055,59.59999847412109,59.79999923706055,23079
2024-07-30,59.70000076293945,59.79999923706055,59.70000076293945,59.79999923706055,75000
2024-07-31,59.70000076293945,59.79999923706055,59.70000076293945,59.79999923706055,15259
2024-08-01,59.79999923706055,59.900001525878906,59.79999923706055,59.900001525878906,18697
2024-08-02,59.79999923706055,60.0,59.79999923706055,60.0,18000
2024-08-05,59.79999923706055,59.900001525878906,59.59999847412109,59.900001525878906,140590
2024-08-06,59.79999923706055,59.900001525878906,59.79999923706055,59.900001525878906,79138
2024-08-07,59.900001525878906,59.900001525878906,59.79999923706055,59.900001525878906,10049
2024-08-08,59.70000076293945,59.900001525878906,59.70000076293945,59.900001525878906,14855
2024-08-09,59.79999923706055,59.900001525878906,59.70000076293945,59.900001525878906,73099
2024-08-12,59.79999923706055,59.900001525878906,59.79999923706055,59.79999923706055,10081
2024-08-13,59.79999923706055,59.900001525878906,59.79999923706055,59.900001525878906,13162
2024-08-14,59.79999923706055,59.900001525878906,59.79999923706055,59.900001525878906,15410
2024-08-15,59.900001525878906,59.900001525878906,59.900001525878906,59.900001525878906,0
2024-08-16,59.79999923706055,60.0,59.79999923706055,60.0,38206
2024-08-19,59.900001525878906,60.400001525878906,59.900001525878906,60.400001525878906,53107
2024-08-20,60.09999847412109,60.400001525878906,60.09999847412109,60.400001525878906,12380
2024-08-21,60.29999923706055,60.400001525878906,60.29999923706055,60.400001525878906,7318
2024-08-22,60.09999847412109,60.400001525878906,60.09999847412109,60.400001525878906,9036
2024-08-23,60.09999847412109,60.400001525878906,60.09999847412109,60.400001525878906,11098
2024-08-26,60.0,60.400001525878906,60.0,60.400001525878906,10321
2024-08-27,60.29999923706055,60.400001525878906,60.29999923706055,60.400001525878906,3217
2024-08-28,60.29999923706055,60.400001525878906,60.09999847412109,60.400001525878906,12000
2024-08-29,60.0,60.29999923706055,60.0,60.29999923706055,41022
2024-08-30,60.29999923706055,60.29999923706055,60.29999923706055,60.29999923706055,3062
2024-09-02,60.0,60.29999923706055,60.0,60.20000076293945,7013
2024-09-03,60.29999923706055,60.29999923706055,60.29999923706055,60.29999923706055,5075
2024-09-04,60.0,60.29999923706055,60.0,60.29999923706055,3000
2024-09-05,60.0,60.29999923706055,60.0,60.29999923706055,12058
2024-09-06,60.20000076293945,60.29999923706055,60.0,60.29999923706055,19168
2024-09-09,60.0,60.29999923706055,60.0,60.29999923706055,11000
2024-09-10,60.09999847412109,60.29999923706055,60.09999847412109,60.29999923706055,4000
2024-09-11,60.09999847412109,60.29999923706055,60.09999847412109,60.29999923706055,2028
2024-09-12,60.09999847412109,60.29999923706055,60.09999847412109,60.29999923706055,4434
2024-09-13,60.29999923706055,60.29999923706055,60.29999923706055,60.29999923706055,5104
2024-09-16,60.09999847412109,60.29999923706055,60.09999847412109,60.29999923706055,4270
2024-09-18,60.29999923706055,60.29999923706055,60.0,60.20000076293945,24404
2024-09-19,60.20000076293945,60.29999923706055,60.20000076293945,60.29999923706055,34000
2024-09-20,60.29999923706055,60.29999923706055,60.29999923706055,60.29999923706055,21346
2024-09-23,60.29999923706055,60.29999923706055,60.29999923706055,60.29999923706055,21030
2024-09-24,60.400001525878906,60.400001525878906,60.20000076293945,60.20000076293945,5758
2024-09-25,60.20000076293945,60.29999923706055,60.09999847412109,60.29999923706055,18430
2024-09-26,60.29999923706055,60.400001525878906,60.29999923706055,60.29999923706055,17723
2024-09-27,60.29999923706055,60.400001525878906,60.20000076293945,60.400001525878906,19025
2024-09-30,60.400001525878906,60.5,60.29999923706055,60.5,26019
2024-10-01,60.5,60.5,60.5,60.5,3023
2024-10-04,60.29999923706055,60.400001525878906,60.29999923706055,60.400001525878906,24023
2024-10-07,60.20000076293945,60.5,60.09999847412109,60.5,6525
2024-10-08,60.29999923706055,60.5,60.29999923706055,60.5,35057
2024-10-09,60.29999923706055,60.5,60.29999923706055,60.5,7019
2024-10-11,60.5,60.5,60.400001525878906,60.5,46491
2024-10-14,60.5,60.5,60.5,60.5,14280
2024-10-15,60.5,60.59999847412109,60.5,60.59999847412109,13290
2024-10-16,60.5,60.59999847412109,60.5,60.59999847412109,100150
2024-10-17,60.59999847412109,60.70000076293945,60.5,60.70000076293945,45449
2024-10-18,60.70000076293945,60.70000076293945,60.59999847412109,60.59999847412109,22359
2024-10-21,60.70000076293945,60.79999923706055,60.59999847412109,60.70000076293945,62303
2024-10-22,60.59999847412109,60.70000076293945,60.20000076293945,60.70000076293945,58659
2024-10-23,60.5,60.70000076293945,60.5,60.70000076293945,28447
2024-10-24,60.5,60.70000076293945,60.5,60.70000076293945,9289
2024-10-25,60.59999847412109,60.70000076293945,60.5,60.70000076293945,42239
2024-10-28,60.59999847412109,60.70000076293945,60.59999847412109,60.70000076293945,18207
2024-10-29,60.59999847412109,60.70000076293945,60.59999847412109,60.70000076293945,28040
2024-10-30,60.59999847412109,60.70000076293945,60.5,60.70000076293945,76657
2024-11-01,60.5,60.70000076293945,60.5,60.70000076293945,14008
2024-11-04,60.59999847412109,60.70000076293945,60.5,60.70000076293945,43599
2024-11-05,60.5,60.70000076293945,60.5,60.70000076293945,8227
2024-11-06,60.5,60.70000076293945,60.5,60.70000076293945,15598
2024-11-07,60.59999847412109,60.70000076293945,60.59999847412109,60.70000076293945,14069
2024-11-08,60.59999847412109,60.70000076293945,60.59999847412109,60.70000076293945,8833
2024-11-11,60.59999847412109,60.59999847412109,60.5,60.59999847412109,20000
2024-11-12,60.5,60.59999847412109,60.400001525878906,60.59999847412109,132099
2024-11-13,60.59999847412109,60.70000076293945,60.59999847412109,60.70000076293945,31365
2024-11-14,60.5,60.70000076293945,60.5,60.70000076293945,24260
2024-11-15,60.5,60.79999923706055,60.5,60.79999923706055,94002
2024-11-18,60.70000076293945,60.79999923706055,60.59999847412109,60.79999923706055,37174
2024-11-19,60.59999847412109,60.79999923706055,60.5,60.79999923706055,10176
2024-11-20,60.70000076293945,60.70000076293945,60.70000076293945,60.70000076293945,9968
2024-11-21,60.59999847412109,60.79999923706055,60.59999847412109,60.79999923706055,41000
2024-11-22,60.59999847412109,60.79999923706055,60.59999847412109,60.79999923706055,11157
2024-11-25,60.70000076293945,60.79999923706055,60.70000076293945,60.79999923706055,66096
2024-11-26,60.70000076293945,60.900001525878906,60.70000076293945,60.900001525878906,87005
2024-11-27,60.59999847412109,60.70000076293945,60.59999847412109,60.70000076293945,60000
2024-11-28,60.59999847412109,60.70000076293945,60.59999847412109,60.70000076293945,13029
2024-11-29,60.59999847412109,60.79999923706055,60.59999847412109,60.79999923706055,22038
2024-12-02,60.79999923706055,60.900001525878906,60.79999923706055,60.900001525878906,14397
2024-12-03,60.79999923706055,60.900001525878906,60.79999923706055,60.900001525878906,126001
2024-12-04,60.900001525878906,60.900001525878906,60.79999923706055,60.900001525878906,12818
2024-12-05,60.79999923706055,60.900001525878906,60.79999923706055,60.900001525878906,8041
2024-12-06,60.79999923706055,61.09999847412109,60.79999923706055,61.09999847412109,36732
2024-12-09,60.900001525878906,61.09999847412109,60.900001525878906,61.09999847412109,32416
2024-12-10,60.900001525878906,61.0,60.900001525878906,61.0,11137
2024-12-11,61.0,61.09999847412109,61.0,61.09999847412109,17229
2024-12-12,61.0,61.09999847412109,61.0,61.09999847412109,128555
2024-12-13,61.09999847412109,61.09999847412109,61.09999847412109,61.09999847412109,40122
2024-12-16,61.09999847412109,61.09999847412109,61.0,61.09999847412109,32051
2024-12-17,61.09999847412109,61.20000076293945,61.09999847412109,61.20000076293945,59000
2024-12-18,61.20000076293945,61.29999923706055,61.20000076293945,61.29999923706055,117000
2024-12-19,61.20000076293945,61.29999923706055,61.20000076293945,61.29999923706055,5000
2024-12-20,61.20000076293945,61.400001525878906,61.20000076293945,61.400001525878906,55136
2024-12-23,61.400001525878906,61.5,61.29999923706055,61.5,129091
2024-12-24,61.79999923706055,61.900001525878906,61.5,61.900001525878906,73057
2024-12-25,61.900001525878906,62.0,61.79999923706055,62.0,23276
2024-12-26,62.0,62.20000076293945,62.0,62.20000076293945,22710
2024-12-27,62.20000076293945,62.5,62.20000076293945,62.400001525878906,74004
2024-12-30,62.20000076293945,62.400001525878906,62.20000076293945,62.400001525878906,24200
2024-12-31,62.400001525878906,62.5,62.29999923706055,62.5,17606
2025-01-02,62.5,62.59999847412109,62.400001525878906,62.59999847412109,89460
2025-01-03,62.59999847412109,62.59999847412109,62.5,62.59999847412109,53287
2025-01-06,62.59999847412109,62.70000076293945,62.59999847412109,62.70000076293945,77305
2025-01-07,62.59999847412109,62.70000076293945,62.59999847412109,62.70000076293945,189194
2025-01-08,62.70000076293945,62.70000076293945,62.59999847412109,62.70000076293945,61152
2025-01-09,62.5,62.59999847412109,62.5,62.59999847412109,17314
2025-01-10,62.5,62.70000076293945,62.5,62.70000076293945,42307
2025-01-13,62.59999847412109,62.70000076293945,62.59999847412109,62.70000076293945,13062
2025-01-14,62.59999847412109,62.70000076293945,62.5,62.70000076293945,66741
2025-01-15,62.59999847412109,62.70000076293945,62.59999847412109,62.70000076293945,54382
2025-01-16,62.59999847412109,62.59999847412109,62.5,62.59999847412109,5015
2025-01-17,62.5,62.70000076293945,62.5,62.70000076293945,23231
2025-01-20,62.70000076293945,62.79999923706055,62.70000076293945,62.79999923706055,25000
2025-01-21,62.70000076293945,62.79999923706055,62.59999847412109,62.79999923706055,12264
2025-01-22,62.5,62.79999923706055,62.5,62.79999923706055,111201
2025-02-03,62.79999923706055,62.79999923706055,62.79999923706055,62.79999923706055,20041
2025-02-04,62.59999847412109,62.79999923706055,62.59999847412109,62.79999923706055,30145
2025-02-05,62.79999923706055,62.79999923706055,62.79999923706055,62.79999923706055,8279
2025-02-06,62.79999923706055,62.900001525878906,62.79999923706055,62.900001525878906,9838
2025-02-07,62.79999923706055,63.0,62.79999923706055,63.0,36000
2025-02-10,62.900001525878906,63.0,62.900001525878906,63.0,31006
2025-02-11,63.0,63.0,62.79999923706055,63.0,10003
2025-02-12,62.900001525878906,63.0,62.900001525878906,63.0,17367
2025-02-13,62.79999923706055,63.0,62.70000076293945,63.0,10339
2025-02-14,62.79999923706055,63.0,62.59999847412109,63.0,58040
2025-02-17,62.900001525878906,63.0,62.900001525878906,63.0,44045
2025-02-18,62.900001525878906,63.0,62.79999923706055,63.0,20145
2025-02-19,63.0,63.20000076293945,63.0,63.20000076293945,21000
2025-02-20,62.900001525878906,63.20000076293945,62.900001525878906,63.20000076293945,12128
2025-02-21,63.0,63.20000076293945,63.0,63.20000076293945,12095
2025-02-24,63.09999847412109,63.20000076293945,63.09999847412109,63.20000076293945,33149
2025-02-25,62.79999923706055,62.79999923706055,62.79999923706055,62.79999923706055,7312
2025-02-26,63.0,63.0,62.70000076293945,63.0,10005
2025-02-27,63.0,63.0,63.0,63.0,31097
2025-03-03,62.70000076293945,63.0,62.70000076293945,62.900001525878906,10093
2025-03-04,63.0,63.0,63.0,63.0,30631
2025-03-05,63.0,63.0,63.0,63.0,0
2025-03-06,63.0,63.0,63.0,63.0,10136
2025-03-07,62.900001525878906,63.09999847412109,62.900001525878906,63.09999847412109,9020
2025-03-10,63.0,63.20000076293945,62.70000076293945,63.20000076293945,42040
2025-03-11,63.09999847412109,63.20000076293945,63.09999847412109,63.20000076293945,32086
2025-03-12,63.09999847412109,63.20000076293945,63.09999847412109,63.20000076293945,8001
2025-03-13,62.79999923706055,63.20000076293945,62.79999923706055,63.20000076293945,33415
2025-03-14,63.09999847412109,63.20000076293945,62.79999923706055,63.20000076293945,57814
2025-03-17,63.29999923706055,63.29999923706055,63.09999847412109,63.20000076293945,9148
2025-03-18,63.09999847412109,63.400001525878906,63.0,63.29999923706055,15211
2025-03-19,63.09999847412109,63.400001525878906,63.09999847412109,63.400001525878906,11022
2025-03-20,63.20000076293945,63.400001525878906,63.20000076293945,63.400001525878906,72608
2025-03-21,63.29999923706055,63.5,63.20000076293945,63.5,31033
2025-03-24,63.29999923706055,63.59999847412109,63.20000076293945,63.59999847412109,12133
2025-03-25,63.20000076293945,63.20000076293945,63.20000076293945,63.20000076293945,7029
2025-03-26,63.20000076293945,63.59999847412109,63.20000076293945,63.59999847412109,8034
2025-03-27,63.20000076293945,63.59999847412109,63.20000076293945,63.59999847412109,19000
2025-03-28,63.20000076293945,63.59999847412109,63.20000076293945,63.59999847412109,19087
2025-03-31,63.09999847412109,63.59999847412109,63.09999847412109,63.59999847412109,19200
2025-04-01,63.59999847412109,63.59999847412109,63.59999847412109,63.59999847412109,0
2025-04-02,63.20000076293945,63.5,63.20000076293945,63.5,18000
2025-04-07,61.5,63.0,61.5,62.900001525878906,9000
2025-04-08,62.79999923706055,62.900001525878906,62.79999923706055,62.900001525878906,26001
2025-04-09,62.09999847412109,62.900001525878906,62.0,62.70000076293945,47107
2025-04-10,62.20000076293945,63.0,62.20000076293945,62.70000076293945,6009
2025-04-11,62.59999847412109,62.900001525878906,62.59999847412109,62.900001525878906,17000
2025-04-14,62.29999923706055,62.900001525878906,62.29999923706055,62.900001525878906,5260
2025-04-15,62.70000076293945,63.09999847412109,62.5,63.09999847412109,19227
2025-04-16,63.0,63.09999847412109,62.79999923706055,63.09999847412109,13001
2025-04-17,63.59999847412109,63.59999847412109,63.59999847412109,63.59999847412109,3192
2025-04-18,63.59999847412109,63.59999847412109,63.59999847412109,63.59999847412109,2506
2025-04-21,63.5,63.59999847412109,63.20000076293945,63.5,5821
2025-04-22,63.20000076293945,63.5,63.20000076293945,63.5,2003
2025-04-23,63.20000076293945,63.5,63.20000076293945,63.5,6080
2025-04-24,63.5,63.5,63.5,63.5,0
2025-04-25,63.29999923706055,63.5,63.09999847412109,63.5,5000
2025-04-28,63.400001525878906,63.5,63.400001525878906,63.5,4022
2025-04-29,63.400001525878906,63.5,63.400001525878906,63.5,8400
2025-04-30,63.400001525878906,63.5,63.400001525878906,63.5,11030
2025-05-02,63.0,63.400001525878906,63.0,63.400001525878906,7109
2025-05-05,63.0,63.29999923706055,63.0,63.29999923706055,15000
2025-05-06,63.20000076293945,63.29999923706055,63.20000076293945,63.29999923706055,14117
2025-05-07,63.09999847412109,63.29999923706055,63.09999847412109,63.29999923706055,3000
2025-05-08,63.400001525878906,63.400001525878906,63.400001525878906,63.400001525878906,1000
2025-05-09,63.0,63.29999923706055,63.0,63.29999923706055,2075
2025-05-12,63.20000076293945,63.400001525878906,63.09999847412109,63.400001525878906,37146
2025-05-13,63.09999847412109,63.400001525878906,63.09999847412109,63.400001525878906,3037
2025-05-14,63.29999923706055,63.400001525878906,63.29999923706055,63.400001525878906,13030
2025-05-15,63.29999923706055,63.400001525878906,63.29999923706055,63.400001525878906,5415
2025-05-16,63.400001525878906,63.400001525878906,63.400001525878906,63.400001525878906,0
2025-05-19,63.09999847412109,63.400001525878906,63.09999847412109,63.400001525878906,2054
2025-05-20,63.29999923706055,63.400001525878906,63.29999923706055,63.400001525878906,6089
2025-05-21,63.400001525878906,63.400001525878906,63.400001525878906,63.400001525878906,0
2025-05-22,63.20000076293945,63.400001525878906,63.20000076293945,63.400001525878906,7030
2025-05-23,63.29999923706055,63.400001525878906,63.20000076293945,63.400001525878906,23000
2025-05-26,63.20000076293945,63.400001525878906,63.09999847412109,63.400001525878906,12027
2025-05-27,63.29999923706055,63.400001525878906,63.20000076293945,63.400001525878906,9000
2025-05-28,63.20000076293945,63.400001525878906,63.20000076293945,63.400001525878906,7170
2025-05-29,63.400001525878906,63.400001525878906,63.400001525878906,63.400001525878906,0
2025-06-02,63.0,63.29999923706055,63.0,63.20000076293945,7090
2025-06-03,63.09999847412109,63.29999923706055,63.09999847412109,63.29999923706055,9589
2025-06-04,63.29999923706055,63.29999923706055,63.29999923706055,63.29999923706055,0
2025-06-05,63.29999923706055,63.29999923706055,63.29999923706055,63.29999923706055,0
2025-06-06,63.20000076293945,63.20000076293945,63.09999847412109,63.20000076293945,19417
2025-06-09,63.09999847412109,63.29999923706055,63.0,63.29999923706055,21553
2025-06-10,63.20000076293945,63.20000076293945,63.20000076293945,63.20000076293945,1187
2025-06-11,63.09999847412109,63.29999923706055,63.09999847412109,63.29999923706055,23137
2025-06-12,63.09999847412109,63.29999923706055,63.09999847412109,63.29999923706055,13035
2025-06-13,63.20000076293945,63.5,63.09999847412109,63.5,10070
2025-06-16,63.09999847412109,63.5,63.0,63.5,3007
2025-06-17,63.5,63.5,63.400001525878906,63.5,7287
2025-06-18,63.400001525878906,63.5,63.400001525878906,63.5,7205
2025-06-19,63.400001525878906,63.5,63.400001525878906,63.5,11000
2025-06-20,63.70000076293945,63.70000076293945,63.70000076293945,63.70000076293945,1328
2025-06-23,63.29999923706055,63.70000076293945,63.09999847412109,63.70000076293945,11058
2025-06-24,63.70000076293945,63.70000076293945,63.70000076293945,63.70000076293945,5045
2025-06-25,63.70000076293945,63.70000076293945,63.70000076293945,63.70000076293945,4000
2025-06-26,63.70000076293945,63.70000076293945,63.70000076293945,63.70000076293945,0
2025-06-27,63.400001525878906,63.59999847412109,63.400001525878906,63.59999847412109,54035
2025-06-30,63.400001525878906,63.59999847412109,63.400001525878906,63.59999847412109,7139
2025-07-01,63.5,63.59999847412109,63.5,63.59999847412109,45402
2025-07-02,63.59999847412109,63.59999847412109,63.59999847412109,63.59999847412109,67458
2025-07-03,63.70000076293945,63.79999923706055,63.70000076293945,63.79999923706055,34023
2025-07-04,63.79999923706055,63.79999923706055,63.79999923706055,63.79999923706055,29480
2025-07-07,63.79999923706055,64.0,63.79999923706055,64.0,21165
2025-07-08,64.0,64.30000305175781,63.900001525878906,64.0999984741211,82141
2025-07-09,64.19999694824219,64.19999694824219,64.19999694824219,64.19999694824219,7114
2025-07-10,64.19999694824219,64.19999694824219,64.0,64.19999694824219,14656
2025-07-11,64.19999694824219,64.30000305175781,64.19999694824219,64.30000305175781,38330
2025-07-14,62.20000076293945,62.400001525878906,62.20000076293945,62.400001525878906,47154
2025-07-15,62.20000076293945,62.5,62.20000076293945,62.5,34449
2025-07-16,62.29999923706055,62.400001525878906,62.29999923706055,62.400001525878906,3315
2025-07-17,62.29999923706055,62.400001525878906,62.29999923706055,62.400001525878906,4314
2025-07-18,62.29999923706055,62.5,62.29999923706055,62.5,5242
2025-07-21,62.400001525878906,62.400001525878906,62.400001525878906,62.400001525878906,1256
2025-07-22,62.29999923706055,62.400001525878906,62.29999923706055,62.400001525878906,6770
2025-07-23,62.400001525878906,62.400001525878906,62.400001525878906,62.400001525878906,0
2025-07-24,62.5,62.59999847412109,62.400001525878906,62.59999847412109,8125
2025-07-25,62.59999847412109,62.59999847412109,62.59999847412109,62.59999847412109,0
2025-07-28,62.900001525878906,62.900001525878906,62.400001525878906,62.79999923706055,3319
2025-07-29,62.79999923706055,62.79999923706055,62.79999923706055,62.79999923706055,2035
2025-07-30,62.79999923706055,62.79999923706055,62.79999923706055,62.79999923706055,0
2025-07-31,62.79999923706055,62.79999923706055,62.400001525878906,62.400001525878906,11176
2025-08-04,62.79999923706055,62.900001525878906,62.79999923706055,62.79999923706055,3014
2025-08-05,62.79999923706055,62.79999923706055,62.79999923706055,62.79999923706055,0
2025-08-06,63.0,63.09999847412109,62.79999923706055,63.09999847412109,19241
2025-08-07,63.09999847412109,63.09999847412109,63.09999847412109,63.09999847412109,0
2025-08-08,63.09999847412109,63.09999847412109,62.5,63.09999847412109,11491
2025-08-11,63.09999847412109,63.20000076293945,62.70000076293945,63.20000076293945,8870
2025-08-12,63.09999847412109,63.09999847412109,63.0,63.0,18152
2025-08-13,62.79999923706055,63.0,62.70000076293945,63.0,8287
2025-08-14,63.0,63.0,63.0,63.0,12047
2025-08-15,63.09999847412109,63.20000076293945,63.09999847412109,63.20000076293945,2151
2025-08-18,63.09999847412109,63.20000076293945,63.09999847412109,63.20000076293945,2050
2025-08-19,63.09999847412109,63.20000076293945,63.09999847412109,63.20000076293945,2509
2025-08-20,63.09999847412109,63.20000076293945,63.09999847412109,63.20000076293945,6000
2025-08-21,63.20000076293945,63.20000076293945,63.20000076293945,63.20000076293945,2000
2025-08-22,63.09999847412109,63.20000076293945,63.09999847412109,63.20000076293945,13090
2025-08-25,62.79999923706055,63.20000076293945,62.79999923706055,63.20000076293945,7106
2025-08-26,63.20000076293945,63.20000076293945,63.20000076293945,63.20000076293945,2000
2025-08-27,63.20000076293945,63.20000076293945,63.20000076293945,63.20000076293945,2073
2025-08-28,63.20000076293945,63.20000076293945,63.20000076293945,63.20000076293945,0
2025-08-29,63.0,63.20000076293945,63.0,63.20000076293945,4181
2025-09-01,63.20000076293945,63.20000076293945,62.900001525878906,63.20000076293945,4139
2025-09-02,63.20000076293945,63.20000076293945,63.20000076293945,63.20000076293945,3586
2025-09-03,63.20000076293945,63.29999923706055,63.20000076293945,63.29999923706055,31081
2025-09-04,63.20000076293945,63.29999923706055,63.09999847412109,63.29999923706055,14087
2025-09-05,63.20000076293945,63.20000076293945,63.20000076293945,63.20000076293945,27008
2025-09-08,63.20000076293945,63.20000076293945,63.20000076293945,63.20000076293945,0
2025-09-09,63.0,63.20000076293945,63.0,63.20000076293945,3179
2025-09-10,63.09999847412109,63.20000076293945,63.09999847412109,63.20000076293945,49159
2025-09-11,63.20000076293945,63.29999923706055,63.09999847412109,63.20000076293945,36042
2025-09-12,63.09999847412109,63.20000076293945,63.09999847412109,63.20000076293945,34276
2025-09-15,63.09999847412109,63.29999923706055,63.09999847412109,63.29999923706055,12239
2025-09-16,63.29999923706055,63.29999923706055,63.29999923706055,63.29999923706055,0
2025-09-17,63.09999847412109,63.29999923706055,63.09999847412109,63.29999923706055,3177
2025-09-18,63.20000076293945,63.29999923706055,63.20000076293945,63.29999923706055,11563
2025-09-19,63.20000076293945,63.29999923706055,63.20000076293945,63.29999923706055,68285
2025-09-22,63.29999923706055,63.29999923706055,63.29999923706055,63.29999923706055,31108
2025-09-23,63.20000076293945,63.29999923706055,63.09999847412109,63.29999923706055,47079
2025-09-24,63.29999923706055,63.29999923706055,63.29999923706055,63.29999923706055,0
2025-09-25,63.29999923706055,63.29999923706055,63.29999923706055,63.29999923706055,10400
2025-09-26,63.09999847412109,63.29999923706055,63.09999847412109,63.29999923706055,17100
2025-09-30,63.09999847412109,63.29999923706055,63.09999847412109,63.29999923706055,3000
2025-10-01,63.29999923706055,63.29999923706055,63.20000076293945,63.29999923706055,15296
2025-10-02,63.09999847412109,63.400001525878906,63.09999847412109,63.400001525878906,21495
2025-10-03,63.5,63.5,63.09999847412109,63.5,10004
2025-10-07,63.5,63.59999847412109,63.5,63.59999847412109,9179
2025-10-08,63.5,63.59999847412109,63.5,63.59999847412109,2360
2025-10-09,63.5,63.59999847412109,63.5,63.59999847412109,7145
2025-10-13,63.400001525878906,63.59999847412109,63.400001525878906,63.59999847412109,7109
2025-10-14,63.29999923706055,63.5,63.29999923706055,63.5,9456
2025-10-15,63.29999923706055,63.5,63.29999923706055,63.5,12999
2025-10-16,63.5,63.5,63.5,63.5,0
2025-10-17,63.400001525878906,63.5,63.400001525878906,63.5,14992
2025-10-20,63.400001525878906,63.400001525878906,63.400001525878906,63.400001525878906,5000
2025-10-21,63.5,63.5,63.5,63.5,7308
2025-10-22,63.29999923706055,63.5,63.29999923706055,63.5,22012
2025-10-23,63.5,63.59999847412109,63.5,63.59999847412109,32469
2025-10-27,63.400001525878906,63.59999847412109,63.400001525878906,63.59999847412109,34051
2025-10-28,63.70000076293945,63.70000076293945,63.70000076293945,63.70000076293945,1000
2025-10-29,63.70000076293945,63.70000076293945,63.70000076293945,63.70000076293945,0
2025-10-30,63.400001525878906,63.900001525878906,63.400001525878906,63.900001525878906,10019
2025-10-31,63.900001525878906,63.900001525878906,63.29999923706055,63.900001525878906,12000
2025-11-03,63.79999923706055,63.900001525878906,63.79999923706055,63.900001525878906,8080
2025-11-04,63.900001525878906,63.900001525878906,63.900001525878906,63.900001525878906,1320
2025-11-05,63.59999847412109,63.900001525878906,63.59999847412109,63.900001525878906,8350
2025-11-06,63.900001525878906,63.900001525878906,63.79999923706055,63.79999923706055,2406
2025-11-07,63.900001525878906,63.900001525878906,63.900001525878906,63.900001525878906,1100
2025-11-10,63.900001525878906,63.900001525878906,63.900001525878906,63.900001525878906,2000
2025-11-11,63.20000076293945,63.900001525878906,63.20000076293945,63.900001525878906,12050
2025-11-12,63.70000076293945,63.900001525878906,63.70000076293945,63.900001525878906,3174
2025-11-13,63.79999923706055,63.900001525878906,63.79999923706055,63.900001525878906,2103
2025-11-14,63.79999923706055,63.900001525878906,63.79999923706055,63.900001525878906,2050
2025-11-17,63.5,63.900001525878906,63.5,63.900001525878906,3008
2025-11-18,63.79999923706055,63.900001525878906,63.79999923706055,63.900001525878906,5000
2025-11-19,63.70000076293945,63.900001525878906,63.70000076293945,63.900001525878906,2000
2025-11-20,63.59999847412109,63.900001525878906,63.5,63.900001525878906,6000
2025-11-21,63.70000076293945,63.900001525878906,63.5,63.900001525878906,6178
2025-11-24,63.70000076293945,63.900001525878906,63.70000076293945,63.900001525878906,7284
2025-11-25,63.900001525878906,63.900001525878906,63.900001525878906,63.900001525878906,0
2025-11-26,63.900001525878906,63.900001525878906,63.900001525878906,63.900001525878906,0
2025-11-27,63.900001525878906,63.900001525878906,63.900001525878906,63.900001525878906,0
2025-11-28,63.79999923706055,63.900001525878906,63.5,63.900001525878906,9268
2025-12-01,63.79999923706055,63.900001525878906,63.79999923706055,63.900001525878906,3235
2025-12-02,63.5,63.900001525878906,63.5,63.900001525878906,5178
2025-12-03,63.79999923706055,63.900001525878906,63.79999923706055,63.900001525878906,5187
2025-12-04,63.5,63.900001525878906,63.5,63.900001525878906,2388
2025-12-05,63.900001525878906,63.900001525878906,63.900001525878906,63.900001525878906,0
2025-12-08,63.400001525878906,63.79999923706055,63.400001525878906,63.79999923706055,6024
2025-12-09,63.70000076293945,63.79999923706055,63.70000076293945,63.79999923706055,2150
2025-12-10,63.5,63.79999923706055,63.5,63.79999923706055,3023
2025-12-11,63.70000076293945,63.79999923706055,63.70000076293945,63.79999923706055,4041
2025-12-12,63.70000076293945,63.79999923706055,63.70000076293945,63.79999923706055,2024
2025-12-15,63.5,63.70000076293945,63.400001525878906,63.70000076293945,23040
2025-12-16,63.400001525878906,63.70000076293945,63.400001525878906,63.70000076293945,2307
2025-12-17,63.59999847412109,63.70000076293945,63.59999847412109,63.70000076293945,13278
2025-12-18,63.70000076293945,63.70000076293945,63.70000076293945,63.70000076293945,0
2025-12-19,63.70000076293945,63.70000076293945,63.70000076293945,63.70000076293945,3021
2025-12-22,63.70000076293945,63.79999923706055,63.70000076293945,63.79999923706055,26576
2025-12-23,63.70000076293945,63.79999923706055,63.70000076293945,63.79999923706055,3000
2025-12-24,63.79999923706055,63.79999923706055,63.79999923706055,63.79999923706055,1146
2025-12-26,63.59999847412109,63.79999923706055,63.59999847412109,63.79999923706055,3095
2025-12-29,63.5,63.79999923706055,63.5,63.79999923706055,2953
2025-12-30,63.5,63.79999923706055,63.5,63.70000076293945,5189
2025-12-31,63.79999923706055,63.79999923706055,63.5,63.79999923706055,14314
2026-01-02,63.5,63.79999923706055,63.400001525878906,63.79999923706055,10036
2026-01-05,63.79999923706055,63.79999923706055,63.79999923706055,63.79999923706055,2067
2026-01-06,63.79999923706055,63.79999923706055,63.5,63.79999923706055,13630
2026-01-07,63.5,63.79999923706055,63.5,63.79999923706055,2000
2026-01-08,63.79999923706055,63.79999923706055,63.79999923706055,63.79999923706055,2770
2026-01-09,63.400001525878906,63.79999923706055,63.400001525878906,63.59999847412109,3253
2026-01-12,63.59999847412109,63.79999923706055,63.59999847412109,63.59999847412109,29239
2026-01-13,63.59999847412109,63.79999923706055,63.59999847412109,63.79999923706055,28902
2026-01-14,63.70000076293945,63.79999923706055,63.70000076293945,63.79999923706055,6326
2026-01-15,63.79999923706055,63.79999923706055,63.79999923706055,63.79999923706055,4072
2026-01-16,63.79999923706055,63.79999923706055,63.79999923706055,63.79999923706055,4234
2026-01-19,63.79999923706055,63.79999923706055,63.79999923706055,63.79999923706055,2081
2026-01-20,63.70000076293945,63.79999923706055,63.70000076293945,63.79999923706055,3139
2026-01-21,63.59999847412109,63.79999923706055,63.59999847412109,63.79999923706055,11476
2026-01-22,63.70000076293945,63.79999923706055,63.70000076293945,63.79999923706055,2040
2026-01-23,63.59999847412109,63.79999923706055,63.59999847412109,63.79999923706055,4470
2026-01-26,63.59999847412109,63.900001525878906,63.59999847412109,63.900001525878906,35743
2026-01-27,63.79999923706055,64.0,63.79999923706055,64.0,4723
2026-01-28,63.70000076293945,64.0,63.70000076293945,64.0,9500
2026-01-29,63.70000076293945,63.900001525878906,63.70000076293945,63.900001525878906,12002
2026-01-30,63.5,63.900001525878906,63.5,63.900001525878906,2000
2026-02-02,63.900001525878906,63.900001525878906,63.900001525878906,63.900001525878906,3068
2026-02-03,63.59999847412109,63.900001525878906,63.59999847412109,63.900001525878906,34332
2026-02-04,64.0,64.0,64.0,64.0,1155
2026-02-05,64.0,64.0,64.0,64.0,0
2026-02-06,63.900001525878906,63.900001525878906,63.900001525878906,63.900001525878906,3068
2026-02-09,63.5,63.900001525878906,63.5,63.59999847412109,5077
2026-02-10,63.900001525878906,63.900001525878906,63.5,63.5,4500
2026-02-11,63.5,63.79999923706055,63.5,63.59999847412109,18319
2026-02-23,63.59999847412109,63.70000076293945,63.5,63.70000076293945,12000
2026-02-24,63.70000076293945,63.70000076293945,63.59999847412109,63.59999847412109,4064
2026-02-25,63.5,63.70000076293945,63.5,63.70000076293945,2413
2026-02-26,63.59999847412109,63.59999847412109,63.59999847412109,63.59999847412109,3363
2026-03-02,63.5,63.70000076293945,63.09999847412109,63.70000076293945,26484
2026-03-03,63.70000076293945,63.70000076293945,63.59999847412109,63.70000076293945,16004
2026-03-04,63.20000076293945,63.70000076293945,63.20000076293945,63.70000076293945,21027
2026-03-05,63.400001525878906,63.70000076293945,63.29999923706055,63.70000076293945,54002
2026-03-06,63.400001525878906,63.70000076293945,63.400001525878906,63.70000076293945,14226
2026-03-09,63.20000076293945,63.70000076293945,63.20000076293945,63.70000076293945,17000
2026-03-10,63.70000076293945,63.70000076293945,63.70000076293945,63.70000076293945,3152
2026-03-11,63.70000076293945,63.79999923706055,63.70000076293945,63.79999923706055,11000
2026-03-12,63.59999847412109,63.900001525878906,63.59999847412109,63.900001525878906,8148
2026-03-13,63.900001525878906,63.900001525878906,63.79999923706055,63.900001525878906,14006
2026-03-16,63.79999923706055,63.900001525878906,63.79999923706055,63.900001525878906,69007
2026-03-17,63.900001525878906,64.0,63.900001525878906,64.0,54646
2026-03-18,64.4000015258789,64.4000015258789,64.4000015258789,64.4000015258789,1000
2026-03-19,64.0,64.30000305175781,64.0,64.30000305175781,5043
2026-03-20,63.79999923706055,64.30000305175781,63.79999923706055,64.30000305175781,6156
2026-03-23,64.0999984741211,64.30000305175781,64.0999984741211,64.30000305175781,16018
2026-03-24,64.0999984741211,64.30000305175781,64.0999984741211,64.30000305175781,5000
2026-03-25,64.0,64.30000305175781,64.0,64.30000305175781,5093
2026-03-26,64.0,64.0,64.0,64.0,7689
2026-03-27,64.19999694824219,64.19999694824219,63.900001525878906,64.19999694824219,3000
2026-03-30,63.900001525878906,64.19999694824219,63.900001525878906,64.19999694824219,2000
2026-03-31,64.0,64.19999694824219,64.0,64.19999694824219,58073
2026-04-01,64.0999984741211,64.19999694824219,64.0999984741211,64.19999694824219,8691
2026-04-02,64.0,64.19999694824219,64.0,64.19999694824219,36099
2026-04-07,64.19999694824219,64.19999694824219,64.19999694824219,64.19999694824219,0
2026-04-08,64.0,64.19999694824219,64.0,64.19999694824219,3064
2026-04-09,64.0999984741211,64.0999984741211,64.0999984741211,64.0999984741211,12050
2026-04-10,64.0999984741211,64.0999984741211,64.0999984741211,64.0999984741211,0
2026-04-13,64.30000305175781,64.30000305175781,64.30000305175781,64.30000305175781,1473
2026-04-14,64.19999694824219,64.30000305175781,64.19999694824219,64.30000305175781,2050
2026-04-15,64.19999694824219,64.19999694824219,64.19999694824219,64.19999694824219,16089
2026-04-16,64.0,64.19999694824219,64.0,64.19999694824219,29184
2026-04-17,64.19999694824219,64.30000305175781,64.19999694824219,64.30000305175781,41126
2026-04-20,64.30000305175781,64.30000305175781,64.30000305175781,64.30000305175781,75481
2026-04-21,64.30000305175781,64.4000015258789,64.30000305175781,64.4000015258789,99319
2026-04-22,64.30000305175781,64.4000015258789,64.30000305175781,64.4000015258789,115774
2026-04-23,64.4000015258789,64.5,64.4000015258789,64.5,82038
2026-04-24,64.5999984741211,64.5999984741211,64.5999984741211,64.5999984741211,4650
2026-04-27,64.5,64.5,64.4000015258789,64.5,24123
2026-04-28,64.5999984741211,64.5999984741211,64.5,64.5999984741211,12103
2026-04-29,64.4000015258789,64.5999984741211,64.4000015258789,64.5999984741211,8218
2026-04-30,64.5,64.5999984741211,64.5,64.5999984741211,21891
2026-05-04,64.5999984741211,64.5999984741211,64.5,64.5,15138
2026-05-05,64.5,64.5999984741211,64.5,64.5999984741211,9091
2026-05-06,64.69999694824219,64.69999694824219,64.5999984741211,64.69999694824219,26262
2026-05-07,64.80000305175781,64.80000305175781,64.80000305175781,64.80000305175781,1400
2026-05-08,64.5999984741211,64.80000305175781,64.30000305175781,64.30000305175781,5399
2026-05-11,64.4000015258789,64.69999694824219,64.4000015258789,64.69999694824219,16014
2026-05-12,64.5,64.5,64.30000305175781,64.5,72137
2026-05-13,64.5,64.69999694824219,64.4000015258789,64.5999984741211,34017
2026-05-14,64.5999984741211,64.5999984741211,64.4000015258789,64.4000015258789,42553
2026-05-15,64.30000305175781,64.69999694824219,64.30000305175781,64.5,54017
2026-05-18,64.5,64.5,64.4000015258789,64.4000015258789,30136
2026-05-19,64.5,64.5,64.4000015258789,64.5,32008
2026-05-20,64.4000015258789,64.5999984741211,64.4000015258789,64.5999984741211,52004
2026-05-21,64.5999984741211,64.5999984741211,64.5999984741211,64.5999984741211,2045
2026-05-22,64.30000305175781,64.4000015258789,64.19999694824219,64.4000015258789,3599
2026-05-25,64.0999984741211,64.4000015258789,64.0999984741211,64.4000015258789,5208
2026-05-26,64.19999694824219,64.30000305175781,64.19999694824219,64.30000305175781,3235
2026-05-27,64.19999694824219,64.4000015258789,64.0,64.4000015258789,9673
2026-05-28,64.19999694824219,64.4000015258789,63.79999923706055,64.4000015258789,12032
2026-05-29,63.900001525878906,64.5,63.900001525878906,64.5,19277
2026-06-01,64.19999694824219,64.5,64.19999694824219,64.5,16141
2026-06-02,64.5,64.5,64.19999694824219,64.5,8097
2026-06-03,64.5,64.5,64.0,64.5,7594
2026-06-04,64.4000015258789,64.4000015258789,64.30000305175781,64.4000015258789,25234
2026-06-05,64.4000015258789,64.4000015258789,64.4000015258789,64.4000015258789,2835
2026-06-08,64.4000015258789,64.4000015258789,63.70000076293945,64.30000305175781,7131
2026-06-09,64.30000305175781,64.30000305175781,64.30000305175781,64.30000305175781,2000
2026-06-10,64.4000015258789,64.4000015258789,64.4000015258789,64.4000015258789,2100
2026-06-11,64.4000015258789,64.4000015258789,64.4000015258789,64.4000015258789,3558
2026-06-12,64.4000015258789,64.4000015258789,64.4000015258789,64.4000015258789,0
2026-06-15,64.30000305175781,64.4000015258789,64.30000305175781,64.4000015258789,8516
2026-06-16,64.0,64.4000015258789,64.0,64.30000305175781,7097
2026-06-17,64.19999694824219,64.30000305175781,64.0999984741211,64.30000305175781,10577
2026-06-18,64.19999694824219,64.30000305175781,64.19999694824219,64.30000305175781,3405
2026-06-22,64.19999694824219,64.30000305175781,64.0999984741211,64.30000305175781,6108
2026-06-23,64.0999984741211,64.4000015258789,63.900001525878906,64.30000305175781,13578
2026-06-24,64.0999984741211,64.30000305175781,64.0,64.30000305175781,4254
2026-06-25,64.30000305175781,64.30000305175781,64.30000305175781,64.30000305175781,1300
2026-06-26,64.30000305175781,64.30000305175781,64.30000305175781,64.30000305175781,5642
2026-06-29,64.30000305175781,64.30000305175781,64.30000305175781,64.30000305175781,0
2026-06-30,64.19999694824219,64.30000305175781,64.19999694824219,64.30000305175781,2155
2026-07-01,64.30000305175781,64.30000305175781,64.30000305175781,64.30000305175781,6420
2026-07-02,64.4000015258789,64.5,64.4000015258789,64.5,10108
2026-07-03,64.5,64.5,64.5,64.5,1078
2026-07-06,64.5999984741211,64.9000015258789,64.5999984741211,64.9000015258789,23228
2026-07-07,64.9000015258789,64.9000015258789,64.9000015258789,64.9000015258789,7020
2026-07-08,64.69999694824219,64.9000015258789,64.69999694824219,64.9000015258789,19424
2026-07-09,64.69999694824219,64.9000015258789,64.5999984741211,64.9000015258789,18031
2026-07-10,64.9000015258789,64.9000015258789,64.9000015258789,64.9000015258789,0
2026-07-13,62.0,62.29999923706055,62.0,62.29999923706055,26238
2026-07-14,62.20000076293945,62.29999923706055,62.20000076293945,62.29999923706055,11000
2026-07-15,62.20000076293945,62.29999923706055,62.09999847412109,62.29999923706055,24321
2026-07-16,62.29999923706055,62.29999923706055,62.29999923706055,62.29999923706055,7066
2026-07-17,62.20000076293945,62.29999923706055,62.20000076293945,62.29999923706055,7000
2026-07-20,62.29999923706055,62.5,62.29999923706055,62.5,29000
2026-07-21,62.5,62.79999923706055,62.5,62.79999923706055,22016
2026-07-22,62.59999847412109,62.79999923706055,62.5,62.79999923706055,9316
2026-07-23,62.5,62.79999923706055,62.5,62.79999923706055,4380
2026-07-24,62.70000076293945,62.79999923706055,62.59999847412109,62.79999923706055,9000
2026-07-27,62.79999923706055,62.79999923706055,62.79999923706055,62.79999923706055,2000
2026-07-28,62.70000076293945,62.79999923706055,62.5,62.79999923706055,8290
2026-07-29,62.70000076293945,62.79999923706055,62.70000076293945,62.79999923706055,7002
2026-07-30,62.59999847412109,62.79999923706055,62.59999847412109,62.79999923706055,7000
2026-07-31,62.70000076293945,62.70000076293945,62.5,62.70000076293945,9551
2026-08-03,62.5,62.70000076293945,62.5,62.70000076293945,8045
2026-08-04,62.5,62.70000076293945,62.5,62.70000076293945,4340
2026-08-05,62.5,62.70000076293945,62.5,62.70000076293945,5327
2026-08-06,62.70000076293945,62.70000076293945,62.70000076293945,62.70000076293945,0
2026-08-07,62.70000076293945,62.70000076293945,62.09999847412109,62.59999847412109,24124
2026-08-10,62.09999847412109,62.59999847412109,62.09999847412109,62.59999847412109,7119
2026-08-11,62.59999847412109,62.59999847412109,62.59999847412109,62.59999847412109,0
2026-08-12,62.59999847412109,62.59999847412109,62.59999847412109,62.59999847412109,0
2026-08-13,62.5,62.5,62.5,62.5,1230
2026-08-14,62.5,62.5,62.29999923706055,62.29999923706055,3036
2026-08-17,62.29999923706055,62.29999923706055,62.09999847412109,62.09999847412109,13047
2026-08-18,62.09999847412109,62.20000076293945,62.09999847412109,62.20000076293945,5233
2026-08-19,62.29999923706055,62.400001525878906,62.20000076293945,62.400001525878906,6174
2026-08-20,62.20000076293945,62.29999923706055,62.20000076293945,62.29999923706055,2040
2026-08-21,62.400001525878906,62.400001525878906,62.400001525878906,62.400001525878906,1051
2026-08-24,62.29999923706055,62.5,62.20000076293945,62.5,5079
2026-08-25,62.09999847412109,62.29999923706055,62.09999847412109,62.29999923706055,11107
2026-08-26,62.20000076293945,62.400001525878906,62.09999847412109,62.400001525878906,14698
2026-08-27,62.0,62.20000076293945,62.0,62.20000076293945,10000
2026-08-28,62.09999847412109,62.20000076293945,62.09999847412109,62.20000076293945,16118
2026-08-31,61.79999923706055,62.09999847412109,61.70000076293945,62.09999847412109,8548
2026-09-01,62.09999847412109,62.09999847412109,61.70000076293945,62.09999847412109,6464
2026-09-02,62.09999847412109,62.09999847412109,62.0,62.0,6352
2026-09-03,62.0,62.0,62.0,62.0,2306
2026-09-04,62.0,62.0,61.59999847412109,62.0,13615
2026-09-07,62.0,62.0,62.0,62.0,9045
2026-09-08,62.0,62.0,62.0,62.0,1000
2026-09-09,62.0,62.0,62.0,62.0,2286
2026-09-10,61.900001525878906,61.900001525878906,61.59999847412109,61.900001525878906,13260
2026-09-11,61.900001525878906,61.900001525878906,61.900001525878906,61.900001525878906,0
2026-09-14,61.59999847412109,61.900001525878906,61.59999847412109,61.900001525878906,2001
2026-09-15,62.0,62.0,62.0,62.0,1000
2026-09-16,61.59999847412109,62.0,61.59999847412109,62.0,4023
2026-09-17,61.70000076293945,62.0,61.70000076293945,62.0,4643
2026-09-18,61.70000076293945,62.0,61.70000076293945,62.0,4542
2026-09-21,61.79999923706055,62.0,61.79999923706055,62.0,4164
2026-09-22,61.79999923706055,62.0,61.79999923706055,62.0,5040
2026-09-23,61.79999923706055,62.0,61.79999923706055,62.0,4031
2026-09-24,61.79999923706055,61.79999923706055,61.599998474121094,61.599998474121094,10159
2026-09-29,61.900001525878906,61.900001525878906,61.900001525878906,61.900001525878906,4058
2026-09-30,61.900001525878906,61.900001525878906,61.900001525878906,61.900001525878906,2033
