date,open,high,low,close,volume
2020-01-02,17.899999618530273,17.899999618530273,17.799999237060547,17.799999237060547,333536
2020-01-03,17.799999237060547,17.899999618530273,17.75,17.850000381469727,472155
2020-01-06,17.75,17.799999237060547,17.75,17.799999237060547,253175
2020-01-07,17.75,17.75,17.700000762939453,17.75,268548
2020-01-08,17.75,17.75,17.549999237060547,17.649999618530273,486279
2020-01-09,17.600000381469727,17.75,17.600000381469727,17.649999618530273,289152
2020-01-10,17.75,17.75,17.649999618530273,17.700000762939453,305757
2020-01-13,17.700000762939453,17.75,17.649999618530273,17.75,286061
2020-01-14,17.799999237060547,17.799999237060547,17.700000762939453,17.799999237060547,248635
2020-01-15,17.75,17.799999237060547,17.75,17.799999237060547,181577
2020-01-16,17.75,17.850000381469727,17.75,17.799999237060547,309168
2020-01-17,17.799999237060547,17.850000381469727,17.75,17.799999237060547,325501
2020-01-20,17.799999237060547,17.950000762939453,17.799999237060547,17.899999618530273,535224
2020-01-30,17.200000762939453,17.399999618530273,17.100000381469727,17.350000381469727,2140216
2020-01-31,17.299999237060547,17.399999618530273,17.200000762939453,17.350000381469727,912206
2020-02-03,17.0,17.100000381469727,16.850000381469727,17.100000381469727,1392814
2020-02-04,17.75,17.75,17.25,17.25,473955
2020-02-05,17.399999618530273,17.399999618530273,17.200000762939453,17.25,398042
2020-02-06,17.25,17.399999618530273,17.200000762939453,17.299999237060547,594426
2020-02-07,17.299999237060547,17.299999237060547,17.200000762939453,17.200000762939453,342032
2020-02-10,17.049999237060547,17.100000381469727,16.950000762939453,17.0,775465
2020-02-11,17.0,17.100000381469727,17.0,17.049999237060547,316415
2020-02-12,17.100000381469727,17.299999237060547,17.049999237060547,17.149999618530273,441888
2020-02-13,17.149999618530273,17.149999618530273,17.049999237060547,17.049999237060547,292675
2020-02-14,17.049999237060547,17.200000762939453,17.049999237060547,17.100000381469727,231578
2020-02-17,17.100000381469727,17.200000762939453,17.049999237060547,17.100000381469727,308287
2020-02-18,17.100000381469727,17.200000762939453,17.100000381469727,17.149999618530273,222365
2020-02-19,17.149999618530273,17.200000762939453,17.149999618530273,17.200000762939453,255527
2020-02-20,17.200000762939453,17.200000762939453,17.100000381469727,17.200000762939453,207591
2020-02-21,17.200000762939453,17.200000762939453,17.100000381469727,17.149999618530273,284184
2020-02-24,17.100000381469727,17.100000381469727,17.0,17.049999237060547,345298
2020-02-25,16.950000762939453,17.049999237060547,16.950000762939453,17.0,435006
2020-02-26,17.0,17.0,16.899999618530273,16.950000762939453,325125
2020-02-27,17.0,17.0,16.700000762939453,16.700000762939453,1468027
2020-03-02,16.649999618530273,16.899999618530273,16.5,16.75,827081
2020-03-03,16.75,17.0,16.75,16.799999237060547,333734
2020-03-04,16.950000762939453,16.950000762939453,16.799999237060547,16.799999237060547,212686
2020-03-05,16.850000381469727,16.950000762939453,16.850000381469727,16.899999618530273,306896
2020-03-06,16.799999237060547,16.899999618530273,16.799999237060547,16.799999237060547,224202
2020-03-09,16.799999237060547,16.799999237060547,16.350000381469727,16.399999618530273,976666
2020-03-10,16.0,16.25,16.0,16.200000762939453,766990
2020-03-11,16.25,16.350000381469727,16.200000762939453,16.200000762939453,267476
2020-03-12,16.100000381469727,16.100000381469727,15.699999809265137,15.699999809265137,1329412
2020-03-13,14.899999618530272,15.0,14.300000190734863,14.699999809265137,2295873
2020-03-16,14.850000381469728,14.850000381469728,13.800000190734863,13.800000190734863,1430738
2020-03-17,13.0,13.350000381469728,12.5,12.75,1457027
2020-03-18,12.75,12.899999618530272,12.100000381469728,12.100000381469728,1723618
2020-03-19,11.850000381469728,11.949999809265137,10.899999618530272,11.0,2676759
2020-03-20,10.600000381469728,12.0,10.600000381469728,11.899999618530272,1869170
2020-03-23,11.649999618530272,11.800000190734863,11.0,11.600000381469728,576016
2020-03-24,12.300000190734863,12.300000190734863,11.550000190734863,11.899999618530272,1259004
2020-03-25,12.449999809265137,13.050000190734863,12.350000381469728,12.850000381469728,2047245
2020-03-26,13.0,13.25,12.699999809265137,13.199999809265137,960356
2020-03-27,13.5,13.800000190734863,13.149999618530272,13.199999809265137,1995305
2020-03-30,12.949999809265137,12.949999809265137,12.550000190734863,12.949999809265137,989179
2020-03-31,12.800000190734863,13.149999618530272,12.800000190734863,13.0,571889
2020-04-01,13.0,13.100000381469728,12.75,12.899999618530272,412505
2020-04-06,12.899999618530272,12.899999618530272,12.449999809265137,12.600000381469728,559021
2020-04-07,12.899999618530272,13.050000190734863,12.800000190734863,12.899999618530272,598397
2020-04-08,13.0,13.5,12.899999618530272,13.5,1130641
2020-04-09,13.600000381469728,13.800000190734863,13.399999618530272,13.449999809265137,927866
2020-04-10,13.899999618530272,14.100000381469728,13.75,13.949999809265137,1039467
2020-04-13,13.949999809265137,14.0,13.75,13.949999809265137,607345
2020-04-14,13.949999809265137,14.399999618530272,13.949999809265137,14.399999618530272,755207
2020-04-15,14.5,15.149999618530272,14.5,15.100000381469728,1441673
2020-04-16,14.949999809265137,15.100000381469728,14.600000381469728,14.949999809265137,959767
2020-04-17,15.199999809265137,15.199999809265137,14.800000190734863,14.800000190734863,884527
2020-04-20,14.699999809265137,14.800000190734863,14.350000381469728,14.550000190734863,467233
2020-04-21,14.5,14.5,13.800000190734863,14.050000190734863,870717
2020-04-22,13.75,14.050000190734863,13.600000381469728,14.050000190734863,631825
2020-04-23,14.199999809265137,14.300000190734863,14.149999618530272,14.300000190734863,309143
2020-04-24,14.300000190734863,14.350000381469728,14.149999618530272,14.300000190734863,201867
2020-04-27,14.399999618530272,14.5,14.300000190734863,14.5,397041
2020-04-28,14.600000381469728,14.699999809265137,14.5,14.699999809265137,356349
2020-04-29,14.850000381469728,14.949999809265137,14.75,14.800000190734863,443395
2020-04-30,14.850000381469728,15.149999618530272,14.850000381469728,15.0,849288
2020-05-04,14.550000190734863,14.850000381469728,14.5,14.699999809265137,431557
2020-05-05,14.75,14.850000381469728,14.600000381469728,14.699999809265137,248150
2020-05-06,14.800000190734863,14.800000190734863,14.600000381469728,14.600000381469728,322375
2020-05-07,14.649999618530272,15.0,14.649999618530272,14.800000190734863,1637951
2020-05-08,15.0,15.0,14.800000190734863,14.899999618530272,582224
2020-05-11,14.899999618530272,15.199999809265137,14.800000190734863,15.050000190734863,797306
2020-05-12,15.050000190734863,15.149999618530272,15.0,15.050000190734863,481672
2020-05-13,15.0,15.149999618530272,14.949999809265137,15.100000381469728,590360
2020-05-14,15.100000381469728,15.100000381469728,14.75,14.75,623853
2020-05-15,14.800000190734863,14.899999618530272,14.550000190734863,14.649999618530272,488739
2020-05-18,14.649999618530272,14.75,14.550000190734863,14.600000381469728,291207
2020-05-19,14.75,14.800000190734863,14.649999618530272,14.699999809265137,364529
2020-05-20,14.75,14.75,14.649999618530272,14.699999809265137,191434
2020-05-21,14.649999618530272,14.850000381469728,14.649999618530272,14.75,402098
2020-05-22,14.800000190734863,14.800000190734863,14.550000190734863,14.550000190734863,468520
2020-05-25,14.600000381469728,14.600000381469728,14.199999809265137,14.5,415396
2020-05-26,14.5,14.649999618530272,14.5,14.550000190734863,332866
2020-05-27,14.550000190734863,14.649999618530272,14.5,14.649999618530272,374601
2020-05-28,14.600000381469728,14.75,14.600000381469728,14.600000381469728,332309
2020-05-29,14.600000381469728,14.649999618530272,14.5,14.600000381469728,207883
2020-06-01,14.649999618530272,14.800000190734863,14.649999618530272,14.75,370543
2020-06-02,14.899999618530272,14.899999618530272,14.800000190734863,14.800000190734863,354870
2020-06-03,14.899999618530272,15.0,14.899999618530272,14.899999618530272,518136
2020-06-04,15.050000190734863,15.300000190734863,15.0,15.100000381469728,1576699
2020-06-05,15.300000190734863,15.75,15.25,15.699999809265137,2111543
2020-06-08,15.800000190734863,16.200000762939453,15.550000190734863,15.899999618530272,1718116
2020-06-09,15.899999618530272,15.949999809265137,15.699999809265137,15.75,722617
2020-06-10,15.75,16.049999237060547,15.75,15.899999618530272,763586
2020-06-11,15.949999809265137,15.949999809265137,15.5,15.600000381469728,871395
2020-06-12,15.0,15.399999618530272,14.899999618530272,15.25,928505
2020-06-15,15.350000381469728,15.399999618530272,15.199999809265137,15.25,391341
2020-06-16,15.300000190734863,15.449999809265137,15.25,15.399999618530272,305586
2020-06-17,15.449999809265137,15.449999809265137,15.300000190734863,15.449999809265137,149100
2020-06-18,15.449999809265137,15.550000190734863,15.350000381469728,15.5,350412
2020-06-19,15.600000381469728,16.0,15.550000190734863,15.699999809265137,827272
2020-06-22,15.699999809265137,15.75,14.5,15.25,4003133
2020-06-23,15.300000190734863,15.5,15.199999809265137,15.399999618530272,590358
2020-06-24,15.5,15.5,15.350000381469728,15.350000381469728,364817
2020-06-29,15.300000190734863,15.350000381469728,15.149999618530272,15.199999809265137,288832
2020-06-30,15.350000381469728,15.350000381469728,15.199999809265137,15.350000381469728,303030
2020-07-01,15.5,15.5,15.350000381469728,15.399999618530272,623852
2020-07-02,15.449999809265137,15.5,15.399999618530272,15.5,676803
2020-07-03,15.5,15.600000381469728,15.5,15.550000190734863,1334513
2020-07-06,15.300000190734863,15.300000190734863,15.100000381469728,15.149999618530272,681560
2020-07-07,15.25,15.300000190734863,15.100000381469728,15.199999809265137,367333
2020-07-08,15.149999618530272,15.199999809265137,15.100000381469728,15.199999809265137,402676
2020-07-09,15.199999809265137,15.25,15.100000381469728,15.149999618530272,520041
2020-07-10,15.149999618530272,15.149999618530272,14.949999809265137,15.0,540281
2020-07-13,15.050000190734863,15.149999618530272,15.0,15.100000381469728,465857
2020-07-14,15.100000381469728,15.100000381469728,14.949999809265137,14.949999809265137,280289
2020-07-15,15.0,15.050000190734863,14.899999618530272,15.0,646404
2020-07-16,15.050000190734863,15.100000381469728,14.949999809265137,14.949999809265137,408602
2020-07-17,15.0,15.0,14.800000190734863,14.850000381469728,486182
2020-07-20,14.850000381469728,15.0,14.800000190734863,15.0,334947
2020-07-21,15.0,15.050000190734863,14.949999809265137,15.050000190734863,328009
2020-07-22,15.050000190734863,15.100000381469728,15.0,15.050000190734863,341070
2020-07-23,15.149999618530272,15.949999809265137,15.149999618530272,15.75,4977354
2020-07-24,15.75,15.75,15.350000381469728,15.399999618530272,1350745
2020-07-27,15.899999618530272,16.350000381469727,15.75,16.100000381469727,6104040
2020-07-28,16.5,17.399999618530273,16.5,17.0,11854378
2020-07-29,16.850000381469727,17.649999618530273,16.5,17.649999618530273,11486733
2020-07-30,17.600000381469727,18.0,17.299999237060547,17.299999237060547,9122818
2020-07-31,17.299999237060547,17.299999237060547,16.75,17.100000381469727,3055772
2020-08-03,17.100000381469727,17.100000381469727,16.649999618530273,16.649999618530273,2214358
2020-08-04,16.75,16.950000762939453,16.75,16.850000381469727,1118257
2020-08-05,17.0,17.049999237060547,16.649999618530273,16.850000381469727,1305183
2020-08-06,17.049999237060547,17.700000762939453,17.049999237060547,17.700000762939453,6644117
2020-08-07,17.950000762939453,18.5,17.899999618530273,18.299999237060547,15628623
2020-08-10,18.200000762939453,18.200000762939453,17.600000381469727,17.850000381469727,3828204
2020-08-11,17.899999618530273,18.049999237060547,17.549999237060547,18.049999237060547,2991332
2020-08-12,17.799999237060547,18.25,17.799999237060547,18.0,2449648
2020-08-13,18.200000762939453,18.450000762939453,17.950000762939453,17.950000762939453,2681830
2020-08-14,18.0,18.049999237060547,17.899999618530273,17.950000762939453,1905861
2020-08-17,18.100000381469727,18.350000381469727,18.0,18.049999237060547,2716748
2020-08-18,18.299999237060547,18.299999237060547,17.950000762939453,18.049999237060547,1830098
2020-08-19,18.049999237060547,18.200000762939453,17.799999237060547,17.799999237060547,2228681
2020-08-20,18.0,18.0,17.0,17.399999618530273,4276534
2020-08-21,17.549999237060547,17.799999237060547,17.549999237060547,17.75,1364824
2020-08-24,17.799999237060547,17.950000762939453,17.649999618530273,17.899999618530273,1191496
2020-08-25,17.950000762939453,17.950000762939453,17.75,17.75,862349
2020-08-26,17.950000762939453,18.200000762939453,17.799999237060547,18.200000762939453,2856733
2020-08-27,18.299999237060547,18.299999237060547,17.950000762939453,18.0,2009516
2020-08-28,18.0,18.100000381469727,17.75,18.0,1249118
2020-08-31,18.100000381469727,18.200000762939453,17.950000762939453,18.0,1444913
2020-09-01,18.14999961853028,18.299999237060547,18.049999237060547,18.299999237060547,3205016
2020-09-02,18.5,18.89999961853028,18.100000381469727,18.100000381469727,7223032
2020-09-03,18.200000762939453,18.450000762939453,18.049999237060547,18.25,3396787
2020-09-04,17.950000762939453,18.14999961853028,17.850000381469727,18.049999237060547,1692909
2020-09-07,18.100000381469727,18.600000381469727,18.049999237060547,18.14999961853028,3157777
2020-09-08,18.39999961853028,18.700000762939453,18.25,18.450000762939453,3420271
2020-09-09,18.200000762939453,19.14999961853028,18.100000381469727,19.14999961853028,6017849
2020-09-10,19.14999961853028,19.350000381469727,18.5,18.64999961853028,6743516
2020-09-11,18.299999237060547,18.39999961853028,17.950000762939453,18.100000381469727,5230546
2020-09-14,18.25,18.25,17.950000762939453,17.950000762939453,1698184
2020-09-15,18.0,18.0,17.850000381469727,18.0,1722430
2020-09-16,18.100000381469727,18.25,17.950000762939453,18.14999961853028,1350249
2020-09-17,18.14999961853028,18.25,18.049999237060547,18.049999237060547,520853
2020-09-18,18.200000762939453,18.450000762939453,18.100000381469727,18.100000381469727,1399234
2020-09-21,18.200000762939453,18.200000762939453,18.0,18.049999237060547,1017940
2020-09-22,18.0,18.0,17.700000762939453,17.799999237060547,1363572
2020-09-23,17.850000381469727,18.0,17.5,17.649999618530273,1653928
2020-09-24,17.450000762939453,17.450000762939453,17.149999618530273,17.149999618530273,2463786
2020-09-25,17.299999237060547,17.450000762939453,16.899999618530273,17.149999618530273,1737782
2020-09-28,17.25,17.399999618530273,17.100000381469727,17.299999237060547,728868
2020-09-29,17.399999618530273,17.399999618530273,17.25,17.299999237060547,499109
2020-09-30,17.350000381469727,17.399999618530273,17.25,17.299999237060547,273206
2020-10-05,17.299999237060547,17.5,17.299999237060547,17.5,631822
2020-10-06,17.549999237060547,17.700000762939453,17.549999237060547,17.700000762939453,622623
2020-10-07,17.700000762939453,17.75,17.600000381469727,17.75,364439
2020-10-08,17.799999237060547,17.950000762939453,17.75,17.950000762939453,748763
2020-10-12,18.100000381469727,18.200000762939453,18.0,18.049999237060547,1298545
2020-10-13,18.049999237060547,18.049999237060547,17.899999618530273,18.049999237060547,562234
2020-10-14,18.100000381469727,18.100000381469727,17.950000762939453,18.049999237060547,760752
2020-10-15,18.049999237060547,18.049999237060547,17.899999618530273,17.950000762939453,563376
2020-10-16,17.950000762939453,18.0,17.799999237060547,17.899999618530273,722763
2020-10-19,17.850000381469727,18.0,17.850000381469727,17.950000762939453,535804
2020-10-20,17.899999618530273,18.0,17.899999618530273,17.899999618530273,476038
2020-10-21,17.899999618530273,18.0,17.899999618530273,18.0,702832
2020-10-22,18.0,18.049999237060547,17.75,18.049999237060547,2204349
2020-10-23,18.100000381469727,18.100000381469727,17.899999618530273,18.0,1026055
2020-10-26,18.049999237060547,18.39999961853028,18.0,18.14999961853028,3016477
2020-10-27,18.299999237060547,18.950000762939453,18.299999237060547,18.950000762939453,11894859
2020-10-28,19.14999961853028,19.299999237060547,18.450000762939453,18.5,16050225
2020-10-29,18.14999961853028,18.549999237060547,18.100000381469727,18.25,3657231
2020-10-30,18.25,18.549999237060547,18.200000762939453,18.25,2210772
2020-11-02,18.350000381469727,18.39999961853028,17.950000762939453,18.100000381469727,1896824
2020-11-03,18.200000762939453,18.25,18.100000381469727,18.14999961853028,1107251
2020-11-04,18.25,18.25,18.100000381469727,18.14999961853028,812278
2020-11-05,18.299999237060547,18.549999237060547,18.25,18.350000381469727,2191642
2020-11-06,18.600000381469727,18.64999961853028,18.39999961853028,18.39999961853028,2611682
2020-11-09,18.5,18.799999237060547,18.450000762939453,18.799999237060547,3009081
2020-11-10,18.89999961853028,18.950000762939453,18.549999237060547,18.600000381469727,2292944
2020-11-11,18.700000762939453,18.89999961853028,18.64999961853028,18.799999237060547,2602856
2020-11-12,18.950000762939453,18.950000762939453,18.600000381469727,18.64999961853028,1716778
2020-11-13,18.64999961853028,18.75,18.450000762939453,18.549999237060547,1054884
2020-11-16,18.75,18.89999961853028,18.700000762939453,18.75,2305061
2020-11-17,18.89999961853028,18.89999961853028,18.64999961853028,18.799999237060547,2635453
2020-11-18,18.799999237060547,18.950000762939453,18.75,18.850000381469727,1452677
2020-11-19,18.75,18.89999961853028,18.700000762939453,18.850000381469727,1749095
2020-11-20,18.89999961853028,19.100000381469727,18.850000381469727,19.049999237060547,3593742
2020-11-23,19.100000381469727,19.14999961853028,18.950000762939453,19.100000381469727,1869614
2020-11-24,19.100000381469727,19.100000381469727,18.89999961853028,18.89999961853028,2110753
2020-11-25,19.049999237060547,19.100000381469727,18.89999961853028,18.950000762939453,1492638
2020-11-26,19.0,19.200000762939453,19.0,19.200000762939453,2615094
2020-11-27,19.5,20.100000381469727,19.450000762939453,19.799999237060547,9941822
2020-11-30,19.799999237060547,19.799999237060547,19.39999961853028,19.549999237060547,3246042
2020-12-01,19.549999237060547,19.64999961853028,19.350000381469727,19.5,2199917
2020-12-02,19.5,19.549999237060547,19.14999961853028,19.299999237060547,2956150
2020-12-03,19.299999237060547,19.450000762939453,19.200000762939453,19.200000762939453,1260902
2020-12-04,19.299999237060547,19.39999961853028,19.25,19.350000381469727,1337665
2020-12-07,19.5,19.5,19.200000762939453,19.200000762939453,2326898
2020-12-08,19.299999237060547,19.350000381469727,19.200000762939453,19.299999237060547,1189036
2020-12-09,19.350000381469727,19.799999237060547,19.350000381469727,19.799999237060547,3419082
2020-12-10,19.850000381469727,19.89999961853028,19.5,19.549999237060547,2763969
2020-12-11,19.700000762939453,19.700000762939453,19.049999237060547,19.25,2599538
2020-12-14,19.25,19.39999961853028,19.25,19.39999961853028,789132
2020-12-15,19.450000762939453,19.450000762939453,19.100000381469727,19.14999961853028,1307762
2020-12-16,19.25,19.299999237060547,19.14999961853028,19.200000762939453,1161684
2020-12-17,19.25,19.299999237060547,19.100000381469727,19.299999237060547,1126686
2020-12-18,19.299999237060547,19.350000381469727,19.200000762939453,19.299999237060547,822721
2020-12-21,19.200000762939453,19.299999237060547,19.049999237060547,19.25,1405237
2020-12-22,19.25,19.25,18.799999237060547,18.799999237060547,2104494
2020-12-23,18.799999237060547,19.0,18.799999237060547,18.850000381469727,893603
2020-12-24,18.950000762939453,19.14999961853028,18.950000762939453,19.049999237060547,558242
2020-12-25,19.049999237060547,19.100000381469727,18.850000381469727,19.0,1158075
2020-12-28,19.049999237060547,19.200000762939453,19.049999237060547,19.100000381469727,1031828
2020-12-29,19.14999961853028,19.200000762939453,18.950000762939453,19.100000381469727,1252525
2020-12-30,19.100000381469727,19.200000762939453,19.100000381469727,19.14999961853028,642475
2020-12-31,19.14999961853028,19.200000762939453,19.049999237060547,19.200000762939453,879326
2021-01-04,19.25,19.39999961853028,19.200000762939453,19.350000381469727,1212895
2021-01-05,19.350000381469727,19.5,19.25,19.25,1263735
2021-01-06,19.25,19.299999237060547,18.89999961853028,19.0,1942410
2021-01-07,19.0,19.100000381469727,18.950000762939453,19.0,736426
2021-01-08,19.0,19.100000381469727,18.89999961853028,18.950000762939453,1026719
2021-01-11,19.100000381469727,19.200000762939453,19.049999237060547,19.14999961853028,753550
2021-01-12,19.14999961853028,19.14999961853028,18.89999961853028,18.89999961853028,1084684
2021-01-13,18.89999961853028,19.100000381469727,18.89999961853028,19.049999237060547,916734
2021-01-14,19.0,19.200000762939453,19.0,19.100000381469727,844006
2021-01-15,19.14999961853028,19.14999961853028,18.89999961853028,18.950000762939453,988532
2021-01-18,18.950000762939453,18.950000762939453,18.549999237060547,18.75,1088913
2021-01-19,18.75,18.950000762939453,18.700000762939453,18.700000762939453,699649
2021-01-20,18.75,18.75,18.200000762939453,18.350000381469727,2741234
2021-01-21,18.350000381469727,18.549999237060547,18.200000762939453,18.200000762939453,1089707
2021-01-22,18.350000381469727,18.350000381469727,18.14999961853028,18.25,850302
2021-01-25,18.25,18.350000381469727,18.14999961853028,18.299999237060547,676548
2021-01-26,18.299999237060547,18.450000762939453,18.200000762939453,18.350000381469727,855025
2021-01-27,18.39999961853028,18.39999961853028,18.25,18.350000381469727,340315
2021-01-28,18.299999237060547,18.450000762939453,18.100000381469727,18.25,676592
2021-01-29,18.25,18.299999237060547,18.14999961853028,18.14999961853028,883469
2021-02-01,18.14999961853028,18.299999237060547,18.0,18.299999237060547,758778
2021-02-02,18.299999237060547,18.450000762939453,18.299999237060547,18.450000762939453,501974
2021-02-03,18.5,18.64999961853028,18.39999961853028,18.600000381469727,595373
2021-02-04,18.5,18.549999237060547,18.450000762939453,18.5,411300
2021-02-05,18.600000381469727,18.600000381469727,18.350000381469727,18.39999961853028,515658
2021-02-17,18.64999961853028,18.799999237060547,18.600000381469727,18.799999237060547,943451
2021-02-18,18.799999237060547,19.39999961853028,18.799999237060547,19.350000381469727,2479565
2021-02-19,19.450000762939453,19.64999961853028,19.39999961853028,19.5,5931065
2021-02-22,19.5,19.549999237060547,19.350000381469727,19.39999961853028,1766159
2021-02-23,19.350000381469727,19.450000762939453,19.299999237060547,19.450000762939453,1513230
2021-02-24,19.450000762939453,19.549999237060547,19.350000381469727,19.39999961853028,1454561
2021-02-25,19.5,19.5,19.39999961853028,19.5,882955
2021-02-26,19.450000762939453,19.5,19.350000381469727,19.5,1359844
2021-03-02,19.700000762939453,19.75,19.450000762939453,19.549999237060547,2018675
2021-03-03,19.549999237060547,19.600000381469727,19.39999961853028,19.600000381469727,1117321
2021-03-04,19.549999237060547,19.600000381469727,19.350000381469727,19.450000762939453,1212617
2021-03-05,19.39999961853028,19.450000762939453,19.299999237060547,19.39999961853028,562597
2021-03-08,19.5,19.600000381469727,19.39999961853028,19.39999961853028,772722
2021-03-09,19.39999961853028,19.600000381469727,19.350000381469727,19.600000381469727,947367
2021-03-10,19.600000381469727,19.600000381469727,19.450000762939453,19.549999237060547,813525
2021-03-11,19.600000381469727,19.89999961853028,19.600000381469727,19.799999237060547,2857459
2021-03-12,19.850000381469727,20.299999237060547,19.700000762939453,20.299999237060547,4707266
2021-03-15,20.549999237060547,20.89999961853028,20.5,20.799999237060547,6141056
2021-03-16,21.0,21.049999237060547,20.549999237060547,20.64999961853028,3632141
2021-03-17,20.700000762939453,20.89999961853028,20.64999961853028,20.850000381469727,1996468
2021-03-18,21.0,21.299999237060547,20.950000762939453,21.200000762939453,3183840
2021-03-19,21.25,21.450000762939453,21.100000381469727,21.350000381469727,3076562
2021-03-22,21.39999961853028,22.0,21.39999961853028,21.89999961853028,4053519
2021-03-23,22.0,22.14999961853028,21.5,21.75,3306818
2021-03-24,21.700000762939453,22.0,21.600000381469727,21.950000762939453,2533419
2021-03-25,22.0,22.049999237060547,21.799999237060547,21.89999961853028,1649904
2021-03-26,21.850000381469727,22.0,21.799999237060547,21.950000762939453,1668133
2021-03-29,21.39999961853028,21.39999961853028,20.700000762939453,21.0,10745218
2021-03-30,21.100000381469727,21.200000762939453,20.850000381469727,21.049999237060547,2736088
2021-03-31,21.049999237060547,21.100000381469727,20.950000762939453,21.049999237060547,1744806
2021-04-01,21.14999961853028,21.25,20.950000762939453,21.0,1687900
2021-04-07,21.25,21.64999961853028,21.14999961853028,21.64999961853028,3013055
2021-04-08,21.700000762939453,21.89999961853028,21.64999961853028,21.75,3297613
2021-04-09,21.75,21.799999237060547,21.450000762939453,21.549999237060547,2153141
2021-04-12,21.799999237060547,21.89999961853028,21.64999961853028,21.850000381469727,3131420
2021-04-13,22.0,22.0,21.5,21.5,2531143
2021-04-14,21.5,21.700000762939453,20.850000381469727,21.350000381469727,3379836
2021-04-15,21.299999237060547,21.75,21.25,21.75,1967258
2021-04-16,21.75,21.850000381469727,21.600000381469727,21.799999237060547,1941689
2021-04-19,22.100000381469727,22.39999961853028,22.049999237060547,22.200000762939453,8004045
2021-04-20,22.200000762939453,22.350000381469727,22.0,22.25,3024796
2021-04-21,22.299999237060547,22.64999961853028,22.25,22.549999237060547,5028742
2021-04-22,22.799999237060547,23.39999961853028,21.75,21.850000381469727,14843999
2021-04-23,21.700000762939453,21.799999237060547,21.450000762939453,21.600000381469727,3443575
2021-04-26,21.799999237060547,23.75,21.799999237060547,23.75,33373317
2021-04-27,24.049999237060547,24.25,23.0,23.299999237060547,18372184
2021-04-28,23.299999237060547,23.299999237060547,22.850000381469727,23.049999237060547,5941092
2021-04-29,23.950000762939453,24.89999961853028,23.799999237060547,24.5,36110263
2021-05-03,25.39999961853028,26.200000762939453,24.600000381469727,25.25,39271005
2021-05-04,25.25,25.299999237060547,22.799999237060547,23.39999961853028,18164638
2021-05-05,23.450000762939453,23.700000762939453,22.700000762939453,23.049999237060547,5759822
2021-05-06,23.299999237060547,23.549999237060547,22.700000762939453,22.89999961853028,5156499
2021-05-07,23.14999961853028,23.799999237060547,22.89999961853028,23.39999961853028,5122894
2021-05-10,23.89999961853028,24.350000381469727,23.600000381469727,23.850000381469727,6042932
2021-05-11,23.64999961853028,23.64999961853028,22.5,22.89999961853028,7330463
2021-05-12,22.799999237060547,22.799999237060547,20.64999961853028,21.350000381469727,9816568
2021-05-13,20.799999237060547,21.75,20.39999961853028,21.049999237060547,4833390
2021-05-14,21.5,21.950000762939453,21.14999961853028,21.350000381469727,3816163
2021-05-17,20.100000381469727,21.200000762939453,19.850000381469727,20.100000381469727,5813500
2021-05-18,20.5,21.600000381469727,20.299999237060547,21.549999237060547,3912556
2021-05-19,21.5,23.200000762939453,21.14999961853028,22.549999237060547,18723962
2021-05-20,22.39999961853028,22.700000762939453,21.799999237060547,22.100000381469727,4051386
2021-05-21,22.5,22.600000381469727,22.100000381469727,22.39999961853028,2588848
2021-05-24,22.39999961853028,22.64999961853028,22.14999961853028,22.5,3404166
2021-05-25,22.600000381469727,23.0,22.549999237060547,22.850000381469727,4092168
2021-05-26,22.850000381469727,22.89999961853028,22.64999961853028,22.850000381469727,1785228
2021-05-27,22.75,22.799999237060547,22.600000381469727,22.700000762939453,1771587
2021-05-28,22.950000762939453,23.200000762939453,22.799999237060547,23.0,2901328
2021-05-31,23.14999961853028,23.450000762939453,22.950000762939453,23.200000762939453,2843068
2021-06-01,23.39999961853028,24.75,23.299999237060547,24.75,25658830
2021-06-02,24.39999961853028,24.5,23.799999237060547,24.049999237060547,8469176
2021-06-03,24.100000381469727,24.299999237060547,23.850000381469727,23.950000762939453,3040826
2021-06-04,23.89999961853028,24.100000381469727,23.600000381469727,23.64999961853028,2444027
2021-06-07,23.700000762939453,24.14999961853028,23.200000762939453,23.799999237060547,3184324
2021-06-08,24.0,24.049999237060547,23.799999237060547,23.950000762939453,1712942
2021-06-09,24.100000381469727,24.350000381469727,23.89999961853028,23.950000762939453,4018651
2021-06-10,24.299999237060547,24.450000762939453,24.0,24.100000381469727,4866615
2021-06-11,24.450000762939453,24.64999961853028,24.14999961853028,24.200000762939453,4737534
2021-06-15,24.299999237060547,24.450000762939453,24.14999961853028,24.200000762939453,2471217
2021-06-16,24.200000762939453,24.600000381469727,24.0,24.100000381469727,4280292
2021-06-17,24.200000762939453,24.600000381469727,24.14999961853028,24.5,4981366
2021-06-18,24.89999961853028,25.299999237060547,24.450000762939453,24.450000762939453,8514469
2021-06-21,24.14999961853028,24.25,23.700000762939453,23.799999237060547,4691778
2021-06-22,24.100000381469727,24.100000381469727,23.64999961853028,23.700000762939453,2751847
2021-06-23,23.700000762939453,23.799999237060547,23.5,23.75,2120392
2021-06-24,23.799999237060547,24.0,23.600000381469727,23.64999961853028,2879557
2021-06-25,23.700000762939453,23.850000381469727,23.549999237060547,23.549999237060547,3074484
2021-06-28,23.549999237060547,23.89999961853028,23.200000762939453,23.75,3994362
2021-06-29,23.850000381469727,24.049999237060547,23.600000381469727,23.64999961853028,2272010
2021-06-30,23.799999237060547,23.950000762939453,23.64999961853028,23.799999237060547,1871662
2021-07-01,23.799999237060547,23.950000762939453,23.64999961853028,23.75,1720120
2021-07-02,23.89999961853028,24.14999961853028,23.799999237060547,24.100000381469727,2866950
2021-07-05,24.350000381469727,24.799999237060547,24.299999237060547,24.600000381469727,6417562
2021-07-06,24.799999237060547,24.89999961853028,24.5,24.600000381469727,2970116
2021-07-07,24.700000762939453,25.0,24.600000381469727,24.64999961853028,3803892
2021-07-08,24.799999237060547,25.100000381469727,24.799999237060547,24.89999961853028,4533838
2021-07-09,24.850000381469727,25.200000762939453,24.75,25.049999237060547,6124277
2021-07-12,25.39999961853028,25.75,25.049999237060547,25.299999237060547,6313145
2021-07-13,25.5,25.5,24.75,24.75,5388934
2021-07-14,25.0,25.200000762939453,24.700000762939453,25.0,4417552
2021-07-15,25.14999961853028,25.5,25.100000381469727,25.200000762939453,4412332
2021-07-16,25.100000381469727,25.39999961853028,25.0,25.25,3199167
2021-07-19,25.100000381469727,25.39999961853028,25.100000381469727,25.25,2996114
2021-07-20,25.100000381469727,25.100000381469727,24.64999961853028,24.700000762939453,4002466
2021-07-21,24.89999961853028,25.0,24.200000762939453,24.39999961853028,3872168
2021-07-22,24.5,24.799999237060547,24.299999237060547,24.350000381469727,2635626
2021-07-23,24.39999961853028,24.75,24.39999961853028,24.64999961853028,5271705
2021-07-26,23.450000762939453,23.5,23.14999961853028,23.200000762939453,4549627
2021-07-27,23.299999237060547,23.299999237060547,22.5,22.549999237060547,4250764
2021-07-28,22.5,22.600000381469727,21.700000762939453,22.14999961853028,3261638
2021-07-29,24.25,24.350000381469727,23.600000381469727,23.700000762939453,17450511
2021-07-30,23.799999237060547,24.39999961853028,23.700000762939453,24.0,5912823
2021-08-02,24.39999961853028,24.799999237060547,24.299999237060547,24.64999961853028,6913793
2021-08-03,24.64999961853028,25.049999237060547,24.64999961853028,25.0,4620359
2021-08-04,25.100000381469727,25.299999237060547,24.700000762939453,24.799999237060547,3794533
2021-08-05,24.89999961853028,25.950000762939453,24.600000381469727,25.89999961853028,17051825
2021-08-06,25.950000762939453,26.14999961853028,25.299999237060547,25.450000762939453,22255445
2021-08-09,25.5,25.5,24.200000762939453,24.5,15537498
2021-08-10,24.600000381469727,24.600000381469727,23.799999237060547,24.0,5778817
2021-08-11,24.049999237060547,24.049999237060547,23.350000381469727,23.450000762939453,4759120
2021-08-12,23.64999961853028,23.700000762939453,23.350000381469727,23.5,1855166
2021-08-13,23.799999237060547,23.89999961853028,23.450000762939453,23.5,4047271
2021-08-16,23.75,23.799999237060547,23.14999961853028,23.25,3681858
2021-08-17,23.25,23.25,23.25,23.25,0
2021-08-18,23.200000762939453,23.75,22.89999961853028,23.600000381469727,7151022
2021-08-19,23.39999961853028,23.39999961853028,22.799999237060547,22.799999237060547,4794954
2021-08-20,22.850000381469727,23.0,22.600000381469727,22.75,1979853
2021-08-23,22.950000762939453,23.25,22.850000381469727,23.200000762939453,2081537
2021-08-24,23.39999961853028,23.39999961853028,23.049999237060547,23.14999961853028,1480559
2021-08-25,23.14999961853028,23.350000381469727,23.049999237060547,23.200000762939453,1627431
2021-08-26,23.25,23.799999237060547,23.25,23.75,3136142
2021-08-27,23.700000762939453,23.700000762939453,23.39999961853028,23.5,1830233
2021-08-30,23.549999237060547,23.700000762939453,23.5,23.64999961853028,971233
2021-08-31,23.64999961853028,23.700000762939453,23.549999237060547,23.700000762939453,1313835
2021-09-01,23.700000762939453,23.89999961853028,23.600000381469727,23.64999961853028,1777227
2021-09-02,23.700000762939453,24.5,23.549999237060547,24.350000381469727,6282792
2021-09-03,24.549999237060547,24.700000762939453,24.049999237060547,24.600000381469727,8731922
2021-09-06,24.799999237060547,24.799999237060547,24.049999237060547,24.100000381469727,4803940
2021-09-07,24.299999237060547,24.64999961853028,24.14999961853028,24.549999237060547,6154228
2021-09-08,24.850000381469727,25.100000381469727,24.549999237060547,24.700000762939453,10275111
2021-09-09,24.950000762939453,25.39999961853028,24.700000762939453,25.39999961853028,11312596
2021-09-10,25.64999961853028,26.14999961853028,25.299999237060547,25.850000381469727,23160049
2021-09-13,26.100000381469727,28.299999237060547,26.049999237060547,27.64999961853028,53294753
2021-09-14,28.100000381469727,28.89999961853028,27.299999237060547,28.64999961853028,56972418
2021-09-15,28.600000381469727,29.700000762939453,26.850000381469727,26.950000762939453,70895609
2021-09-16,27.5,29.299999237060547,27.0,28.64999961853028,52642374
2021-09-17,28.850000381469727,29.39999961853028,28.200000762939453,29.0,42328712
2021-09-22,28.299999237060547,28.950000762939453,27.549999237060547,28.0,27158012
2021-09-23,28.5,29.39999961853028,27.799999237060547,29.39999961853028,28095602
2021-09-24,29.600000381469727,30.0,28.799999237060547,29.39999961853028,29599471
2021-09-27,29.0,29.200000762939453,28.5,28.75,18501235
2021-09-28,28.549999237060547,29.14999961853028,28.100000381469727,28.350000381469727,14210763
2021-09-29,27.89999961853028,28.600000381469727,27.850000381469727,28.049999237060547,12177006
2021-09-30,28.350000381469727,29.5,28.299999237060547,28.299999237060547,22019322
2021-10-01,28.049999237060547,28.299999237060547,27.25,27.350000381469727,15105777
2021-10-04,27.950000762939453,28.100000381469727,27.100000381469727,27.350000381469727,11467084
2021-10-05,27.100000381469727,27.799999237060547,26.75,27.799999237060547,7342697
2021-10-06,28.0,28.0,26.799999237060547,26.850000381469727,8442507
2021-10-07,27.100000381469727,27.700000762939453,27.049999237060547,27.549999237060547,6373210
2021-10-08,27.700000762939453,27.700000762939453,26.549999237060547,26.600000381469727,12236063
2021-10-12,26.299999237060547,26.75,26.049999237060547,26.100000381469727,5587548
2021-10-13,26.25,26.39999961853028,25.600000381469727,25.700000762939453,5045206
2021-10-14,26.049999237060547,26.200000762939453,25.5,25.700000762939453,3210685
2021-10-15,26.0,26.350000381469727,26.0,26.25,3996295
2021-10-18,26.25,26.299999237060547,25.850000381469727,26.0,3191321
2021-10-19,26.100000381469727,26.64999961853028,26.049999237060547,26.5,3113348
2021-10-20,26.950000762939453,27.049999237060547,26.64999961853028,26.89999961853028,4347447
2021-10-21,26.75,27.100000381469727,26.600000381469727,27.100000381469727,4434841
2021-10-22,27.049999237060547,27.14999961853028,26.64999961853028,27.0,3333913
2021-10-25,26.799999237060547,27.100000381469727,26.700000762939453,27.049999237060547,2687171
2021-10-26,27.200000762939453,27.75,27.049999237060547,27.350000381469727,7588817
2021-10-27,28.25,28.5,27.64999961853028,27.89999961853028,11342604
2021-10-28,28.049999237060547,28.25,27.700000762939453,27.75,5991306
2021-10-29,27.75,28.100000381469727,27.600000381469727,27.89999961853028,4187412
2021-11-01,28.0,28.25,27.700000762939453,27.850000381469727,6598152
2021-11-02,27.89999961853028,28.100000381469727,27.25,27.450000762939453,6975964
2021-11-03,27.549999237060547,28.600000381469727,27.350000381469727,28.600000381469727,11067152
2021-11-04,28.89999961853028,28.950000762939453,28.0,28.100000381469727,9111100
2021-11-05,28.200000762939453,28.350000381469727,27.89999961853028,28.200000762939453,4493591
2021-11-08,28.39999961853028,28.64999961853028,28.100000381469727,28.39999961853028,5066259
2021-11-09,28.64999961853028,29.39999961853028,28.350000381469727,28.549999237060547,22514288
2021-11-10,29.299999237060547,31.39999961853028,29.0,31.39999961853028,59234023
2021-11-11,31.700000762939453,33.0,30.100000381469727,31.0,108002823
2021-11-12,31.450000762939453,31.799999237060547,30.549999237060547,31.64999961853028,24418306
2021-11-15,32.0,32.0,30.850000381469727,31.0,16425944
2021-11-16,31.200000762939453,31.25,29.799999237060547,29.950000762939453,17296168
2021-11-17,30.100000381469727,30.450000762939453,29.89999961853028,30.0,8263877
2021-11-18,30.0,30.14999961853028,29.299999237060547,29.39999961853028,10984963
2021-11-19,29.450000762939453,29.75,29.200000762939453,29.200000762939453,7538998
2021-11-22,29.350000381469727,29.5,29.200000762939453,29.25,3868225
2021-11-23,29.299999237060547,29.75,29.200000762939453,29.450000762939453,6780364
2021-11-24,29.450000762939453,29.950000762939453,29.200000762939453,29.89999961853028,6511729
2021-11-25,30.049999237060547,30.100000381469727,29.600000381469727,29.64999961853028,5669869
2021-11-26,29.700000762939453,30.350000381469727,29.5,29.850000381469727,14473671
2021-11-29,29.39999961853028,29.450000762939453,28.39999961853028,28.950000762939453,10304615
2021-11-30,29.200000762939453,29.799999237060547,29.14999961853028,29.700000762939453,6501536
2021-12-01,29.549999237060547,29.850000381469727,29.25,29.700000762939453,4115060
2021-12-02,29.600000381469727,29.700000762939453,29.14999961853028,29.200000762939453,4104491
2021-12-03,29.25,29.5,29.14999961853028,29.200000762939453,2756857
2021-12-06,29.200000762939453,29.350000381469727,28.950000762939453,29.049999237060547,2823014
2021-12-07,29.14999961853028,29.450000762939453,28.950000762939453,29.200000762939453,4177381
2021-12-08,29.39999961853028,29.39999961853028,29.100000381469727,29.14999961853028,2690429
2021-12-09,29.299999237060547,29.600000381469727,29.14999961853028,29.5,4443897
2021-12-10,29.5,29.549999237060547,29.14999961853028,29.25,3991861
2021-12-13,29.39999961853028,29.5,29.14999961853028,29.25,3138195
2021-12-14,29.200000762939453,29.25,28.75,28.799999237060547,5021373
2021-12-15,29.0,29.5,28.89999961853028,29.25,6236065
2021-12-16,29.450000762939453,30.549999237060547,29.39999961853028,30.450000762939453,15798089
2021-12-17,30.100000381469727,30.350000381469727,29.850000381469727,30.14999961853028,6566853
2021-12-20,30.14999961853028,31.950000762939453,30.049999237060547,31.549999237060547,27889984
2021-12-21,32.0,32.099998474121094,30.89999961853028,31.450000762939453,14283553
2021-12-22,31.549999237060547,32.45000076293945,31.450000762939453,32.04999923706055,24292714
2021-12-23,32.150001525878906,32.5,31.549999237060547,31.700000762939453,15042855
2021-12-24,31.950000762939453,32.150001525878906,31.049999237060547,31.100000381469727,10364289
2021-12-27,31.5,32.5,31.39999961853028,32.5,15846009
2021-12-28,32.95000076293945,33.5,31.600000381469727,32.099998474121094,35362835
2021-12-29,31.850000381469727,31.950000762939453,31.600000381469727,31.850000381469727,6553147
2021-12-30,32.0,32.150001525878906,31.64999961853028,31.950000762939453,4947400
2022-01-03,32.150001525878906,32.25,31.75,31.799999237060547,3385714
2022-01-04,32.0,32.29999923706055,31.600000381469727,32.25,6797653
2022-01-05,32.79999923706055,33.150001525878906,32.099998474121094,32.29999923706055,20290550
2022-01-06,31.850000381469727,32.04999923706055,31.75,31.850000381469727,5305971
2022-01-07,31.75,31.89999961853028,30.700000762939453,31.0,9224639
2022-01-10,30.600000381469727,31.14999961853028,30.5,30.850000381469727,2995572
2022-01-11,31.200000762939453,31.5,30.89999961853028,31.0,4163644
2022-01-12,31.14999961853028,31.14999961853028,30.799999237060547,31.0,2738248
2022-01-13,31.0,31.200000762939453,30.89999961853028,31.100000381469727,2388697
2022-01-14,31.049999237060547,31.049999237060547,30.299999237060547,30.700000762939453,3398545
2022-01-17,30.700000762939453,31.25,30.700000762939453,31.14999961853028,1634861
2022-01-18,31.299999237060547,31.950000762939453,31.25,31.5,7018604
2022-01-19,31.0,31.200000762939453,30.850000381469727,30.950000762939453,3611463
2022-01-20,30.89999961853028,31.049999237060547,30.700000762939453,30.89999961853028,2193405
2022-01-21,30.75,30.75,30.200000762939453,30.299999237060547,4766728
2022-01-24,30.0,30.14999961853028,29.450000762939453,30.100000381469727,3231923
2022-01-25,30.0,30.14999961853028,29.549999237060547,29.600000381469727,3115914
2022-01-26,29.700000762939453,30.14999961853028,29.700000762939453,29.89999961853028,2893665
2022-02-07,30.0,30.75,29.950000762939453,30.700000762939453,3237945
2022-02-08,30.75,31.25,30.700000762939453,31.200000762939453,3261246
2022-02-09,31.39999961853028,31.799999237060547,31.200000762939453,31.700000762939453,3956886
2022-02-10,31.89999961853028,32.20000076293945,31.549999237060547,31.700000762939453,4280120
2022-02-11,31.0,31.049999237060547,30.5,30.850000381469727,7988501
2022-02-14,30.0,30.350000381469727,30.0,30.14999961853028,3543031
2022-02-15,30.200000762939453,30.549999237060547,30.14999961853028,30.200000762939453,2410945
2022-02-16,30.799999237060547,31.39999961853028,30.700000762939453,31.049999237060547,8274924
2022-02-17,31.200000762939453,31.450000762939453,30.75,31.0,3498311
2022-02-18,30.5,31.049999237060547,30.5,31.0,1735961
2022-02-21,30.700000762939453,31.14999961853028,30.700000762939453,31.100000381469727,1704387
2022-02-22,30.89999961853028,31.0,30.5,30.700000762939453,3227163
2022-02-23,30.75,31.0,30.75,30.950000762939453,1462943
2022-02-24,30.850000381469727,30.850000381469727,30.100000381469727,30.299999237060547,3920065
2022-02-25,30.549999237060547,30.75,30.14999961853028,30.64999961853028,2747625
2022-03-01,30.950000762939453,31.5,30.950000762939453,31.14999961853028,5971675
2022-03-02,31.100000381469727,32.150001525878906,31.0,32.0,12138497
2022-03-03,32.400001525878906,32.95000076293945,32.04999923706055,32.150001525878906,10503900
2022-03-04,31.89999961853028,32.400001525878906,31.799999237060547,32.0,3876124
2022-03-07,31.700000762939453,31.700000762939453,30.600000381469727,30.950000762939453,5291709
2022-03-08,30.549999237060547,30.850000381469727,29.64999961853028,29.89999961853028,6940957
2022-03-09,30.299999237060547,30.39999961853028,30.0,30.350000381469727,2348718
2022-03-10,30.89999961853028,32.0,30.89999961853028,31.799999237060547,11263544
2022-03-11,31.600000381469727,31.950000762939453,31.39999961853028,31.89999961853028,2815232
2022-03-14,32.04999923706055,32.20000076293945,31.799999237060547,32.20000076293945,4327034
2022-03-15,32.400001525878906,32.45000076293945,31.75,31.75,5021602
2022-03-16,32.29999923706055,32.349998474121094,31.549999237060547,31.950000762939453,2736271
2022-03-17,32.400001525878906,32.45000076293945,32.04999923706055,32.25,5153874
2022-03-18,32.349998474121094,32.79999923706055,32.25,32.79999923706055,6742604
2022-03-21,33.0,33.150001525878906,32.650001525878906,32.70000076293945,4679593
2022-03-22,32.900001525878906,33.79999923706055,32.75,33.650001525878906,10484037
2022-03-23,33.79999923706055,34.20000076293945,33.5,34.150001525878906,10780440
2022-03-24,33.849998474121094,34.349998474121094,33.79999923706055,34.20000076293945,5076133
2022-03-25,34.400001525878906,34.75,33.849998474121094,34.25,7518287
2022-03-28,33.849998474121094,33.849998474121094,32.650001525878906,33.29999923706055,13611440
2022-03-29,33.400001525878906,33.45000076293945,32.45000076293945,32.599998474121094,9864936
2022-03-30,32.70000076293945,32.849998474121094,32.5,32.650001525878906,4756060
2022-03-31,32.650001525878906,32.650001525878906,32.04999923706055,32.349998474121094,4509265
2022-04-01,32.0,32.29999923706055,31.850000381469727,32.150001525878906,2904354
2022-04-06,31.89999961853028,31.89999961853028,31.64999961853028,31.75,5178477
2022-04-07,31.700000762939453,32.099998474121094,31.200000762939453,31.25,7263950
2022-04-08,31.350000381469727,31.75,31.350000381469727,31.600000381469727,2464792
2022-04-11,31.600000381469727,31.64999961853028,31.0,31.0,4507132
2022-04-12,31.0,31.450000762939453,30.89999961853028,31.049999237060547,3146867
2022-04-13,31.14999961853028,31.64999961853028,31.14999961853028,31.64999961853028,2408832
2022-04-14,31.64999961853028,31.64999961853028,31.350000381469727,31.450000762939453,2586576
2022-04-15,31.299999237060547,31.350000381469727,31.100000381469727,31.25,1756802
2022-04-18,31.200000762939453,31.200000762939453,30.799999237060547,30.89999961853028,2227517
2022-04-19,31.100000381469727,31.25,31.0,31.100000381469727,1189770
2022-04-20,31.200000762939453,31.200000762939453,30.89999961853028,31.14999961853028,2056727
2022-04-21,31.14999961853028,31.299999237060547,31.049999237060547,31.299999237060547,1218878
2022-04-22,31.100000381469727,31.200000762939453,31.0,31.100000381469727,1586984
2022-04-25,30.75,30.75,30.299999237060547,30.350000381469727,4058517
2022-04-26,30.5,30.64999961853028,30.200000762939453,30.350000381469727,1602854
2022-04-27,29.89999961853028,30.049999237060547,29.600000381469727,29.89999961853028,3110897
2022-04-28,30.100000381469727,30.39999961853028,30.0,30.39999961853028,1433951
2022-04-29,30.600000381469727,30.64999961853028,30.350000381469727,30.350000381469727,1399901
2022-05-03,31.100000381469727,31.200000762939453,30.89999961853028,31.14999961853028,4064224
2022-05-04,31.700000762939453,31.950000762939453,31.299999237060547,31.299999237060547,6859807
2022-05-05,31.64999961853028,31.700000762939453,31.299999237060547,31.39999961853028,3256878
2022-05-06,30.799999237060547,31.25,30.75,31.25,1992739
2022-05-09,31.100000381469727,31.200000762939453,30.299999237060547,30.350000381469727,3161207
2022-05-10,29.700000762939453,30.100000381469727,29.450000762939453,30.100000381469727,4256288
2022-05-11,30.0,30.100000381469727,29.700000762939453,29.950000762939453,2001060
2022-05-12,29.799999237060547,30.0,29.39999961853028,29.450000762939453,3433531
2022-05-13,29.600000381469727,29.950000762939453,29.549999237060547,29.799999237060547,1900514
2022-05-16,30.14999961853028,30.14999961853028,29.799999237060547,29.950000762939453,1401195
2022-05-17,30.100000381469727,30.600000381469727,30.049999237060547,30.600000381469727,1746294
2022-05-18,31.0,31.450000762939453,30.950000762939453,31.25,6396515
2022-05-19,30.5,31.100000381469727,30.5,31.100000381469727,1922000
2022-05-20,31.350000381469727,31.350000381469727,31.049999237060547,31.25,1456288
2022-05-23,31.25,31.299999237060547,30.950000762939453,31.100000381469727,977561
2022-05-24,31.200000762939453,31.200000762939453,30.600000381469727,30.600000381469727,1480270
2022-05-25,30.64999961853028,30.950000762939453,30.64999961853028,30.850000381469727,853435
2022-05-26,31.100000381469727,31.100000381469727,30.75,30.850000381469727,1030264
2022-05-27,31.100000381469727,31.100000381469727,30.850000381469727,30.89999961853028,1105344
2022-05-30,31.100000381469727,31.200000762939453,31.0,31.14999961853028,1357898
2022-05-31,31.14999961853028,31.25,31.049999237060547,31.049999237060547,1377923
2022-06-01,31.049999237060547,31.299999237060547,31.049999237060547,31.14999961853028,1333965
2022-06-02,31.25,31.75,31.100000381469727,31.450000762939453,4488848
2022-06-06,31.39999961853028,31.39999961853028,31.049999237060547,31.25,1407750
2022-06-07,31.25,31.25,31.0,31.100000381469727,1237498
2022-06-08,31.200000762939453,31.39999961853028,31.14999961853028,31.200000762939453,1366871
2022-06-09,31.200000762939453,31.299999237060547,31.100000381469727,31.299999237060547,884550
2022-06-10,31.14999961853028,31.200000762939453,31.049999237060547,31.14999961853028,641312
2022-06-13,30.600000381469727,30.700000762939453,30.450000762939453,30.5,2076298
2022-06-14,30.350000381469727,30.39999961853028,30.049999237060547,30.350000381469727,1511035
2022-06-15,30.350000381469727,30.600000381469727,30.299999237060547,30.39999961853028,847690
2022-06-16,30.549999237060547,30.64999961853028,30.049999237060547,30.100000381469727,1416283
2022-06-17,29.700000762939453,30.25,29.600000381469727,30.200000762939453,1959117
2022-06-20,30.14999961853028,30.14999961853028,29.39999961853028,29.39999961853028,3432220
2022-06-21,29.549999237060547,30.0,29.450000762939453,30.0,1269527
2022-06-22,30.0,30.0,29.14999961853028,29.200000762939453,2646355
2022-06-23,29.299999237060547,29.39999961853028,28.549999237060547,28.75,2873972
2022-06-24,28.89999961853028,29.200000762939453,28.75,28.950000762939453,1453677
2022-06-27,29.25,29.39999961853028,29.14999961853028,29.25,1194404
2022-06-28,29.25,29.25,28.950000762939453,29.100000381469727,795392
2022-06-29,29.049999237060547,29.049999237060547,28.64999961853028,28.850000381469727,1675084
2022-06-30,28.850000381469727,28.850000381469727,27.600000381469727,27.700000762939453,3918049
2022-07-01,27.39999961853028,27.450000762939453,26.14999961853028,26.200000762939453,6123061
2022-07-04,26.200000762939453,26.299999237060547,25.600000381469727,25.850000381469727,3471063
2022-07-05,26.100000381469727,26.299999237060547,25.700000762939453,26.14999961853028,3021573
2022-07-06,26.0,26.200000762939453,25.549999237060547,25.700000762939453,2223592
2022-07-07,25.700000762939453,26.200000762939453,25.5,26.100000381469727,2731201
2022-07-08,26.350000381469727,26.799999237060547,26.100000381469727,26.64999961853028,2255386
2022-07-11,27.299999237060547,27.549999237060547,26.64999961853028,26.850000381469727,4401243
2022-07-12,26.5,26.549999237060547,25.89999961853028,26.100000381469727,2070399
2022-07-13,26.5,26.75,26.350000381469727,26.700000762939453,1896111
2022-07-14,26.5,27.14999961853028,26.39999961853028,27.100000381469727,1757251
2022-07-15,27.100000381469727,27.350000381469727,26.89999961853028,27.25,1425630
2022-07-18,27.5,28.0,27.39999961853028,27.89999961853028,2349714
2022-07-19,27.850000381469727,28.14999961853028,27.64999961853028,28.049999237060547,1694235
2022-07-20,28.450000762939453,28.700000762939453,28.39999961853028,28.450000762939453,3282306
2022-07-21,28.600000381469727,29.0,28.549999237060547,28.89999961853028,4190592
2022-07-22,29.049999237060547,29.14999961853028,28.700000762939453,28.850000381469727,6681438
2022-07-25,25.850000381469727,26.299999237060547,25.799999237060547,26.200000762939453,6150801
2022-07-26,26.100000381469727,26.14999961853028,25.850000381469727,25.850000381469727,2897389
2022-07-27,25.850000381469727,25.950000762939453,25.5,25.75,1657608
2022-07-28,25.950000762939453,25.950000762939453,25.64999961853028,25.700000762939453,1651201
2022-07-29,26.299999237060547,26.549999237060547,26.14999961853028,26.350000381469727,2976705
2022-08-01,26.450000762939453,26.799999237060547,26.25,26.700000762939453,1550698
2022-08-02,26.450000762939453,26.600000381469727,26.350000381469727,26.450000762939453,1933625
2022-08-03,26.350000381469727,26.450000762939453,25.850000381469727,25.950000762939453,1581316
2022-08-04,25.950000762939453,26.14999961853028,25.549999237060547,25.89999961853028,1558399
2022-08-05,26.100000381469727,26.5,26.100000381469727,26.39999961853028,1315150
2022-08-08,26.25,26.299999237060547,26.0,26.14999961853028,1516918
2022-08-09,26.200000762939453,26.450000762939453,26.200000762939453,26.39999961853028,918608
2022-08-10,25.950000762939453,26.0,25.799999237060547,25.89999961853028,2132149
2022-08-11,26.299999237060547,26.600000381469727,26.25,26.450000762939453,2549673
2022-08-12,26.450000762939453,26.850000381469727,26.450000762939453,26.850000381469727,1547867
2022-08-15,26.950000762939453,27.450000762939453,26.89999961853028,27.299999237060547,2477622
2022-08-16,27.14999961853028,27.299999237060547,27.049999237060547,27.14999961853028,1474200
2022-08-17,27.049999237060547,27.25,27.0,27.049999237060547,1311164
2022-08-18,26.89999961853028,27.14999961853028,26.799999237060547,27.100000381469727,978123
2022-08-19,27.100000381469727,27.200000762939453,27.0,27.14999961853028,955934
2022-08-22,26.89999961853028,27.25,26.89999961853028,27.200000762939453,464000
2022-08-23,26.89999961853028,27.100000381469727,26.799999237060547,26.950000762939453,713101
2022-08-24,27.049999237060547,27.14999961853028,26.799999237060547,26.950000762939453,776817
2022-08-25,26.89999961853028,27.14999961853028,26.89999961853028,27.0,1048781
2022-08-26,27.100000381469727,27.299999237060547,27.100000381469727,27.200000762939453,1053997
2022-08-29,26.64999961853028,26.89999961853028,26.549999237060547,26.850000381469727,1105002
2022-08-30,26.75,27.049999237060547,26.75,26.950000762939453,478001
2022-08-31,26.850000381469727,27.100000381469727,26.850000381469727,27.0,639267
2022-09-01,26.950000762939453,26.950000762939453,26.75,26.75,975520
2022-09-02,26.700000762939453,26.89999961853028,26.600000381469727,26.64999961853028,744225
2022-09-05,26.600000381469727,26.64999961853028,26.200000762939453,26.450000762939453,1134822
2022-09-06,26.450000762939453,26.64999961853028,26.100000381469727,26.14999961853028,889460
2022-09-07,26.0,26.14999961853028,25.950000762939453,26.049999237060547,684675
2022-09-08,26.100000381469727,26.350000381469727,26.100000381469727,26.200000762939453,654374
2022-09-12,26.5,27.100000381469727,26.5,26.89999961853028,1670269
2022-09-13,26.89999961853028,27.200000762939453,26.89999961853028,27.14999961853028,1534556
2022-09-14,26.64999961853028,27.299999237060547,26.600000381469727,27.25,1008075
2022-09-15,27.25,27.39999961853028,27.14999961853028,27.14999961853028,969728
2022-09-16,27.100000381469727,27.200000762939453,26.950000762939453,27.14999961853028,469279
2022-09-19,27.049999237060547,27.100000381469727,26.75,26.75,794501
2022-09-20,26.75,27.0,26.75,26.950000762939453,389764
2022-09-21,26.89999961853028,26.89999961853028,26.549999237060547,26.600000381469727,775509
2022-09-22,26.39999961853028,26.5,26.200000762939453,26.39999961853028,682189
2022-09-23,26.350000381469727,26.600000381469727,26.14999961853028,26.299999237060547,559697
2022-09-26,26.049999237060547,26.049999237060547,25.700000762939453,25.75,1555597
2022-09-27,25.64999961853028,26.100000381469727,25.64999961853028,26.049999237060547,922506
2022-09-28,25.89999961853028,25.950000762939453,25.14999961853028,25.200000762939453,1637993
2022-09-29,25.600000381469727,25.600000381469727,25.25,25.450000762939453,644015
2022-09-30,25.100000381469727,25.549999237060547,24.89999961853028,25.5,612192
2022-10-03,25.100000381469727,25.64999961853028,25.100000381469727,25.350000381469727,678200
2022-10-04,25.600000381469727,25.799999237060547,25.549999237060547,25.799999237060547,655097
2022-10-05,26.049999237060547,26.14999961853028,25.75,25.75,861815
2022-10-06,25.75,25.799999237060547,25.600000381469727,25.75,409300
2022-10-07,25.64999961853028,25.700000762939453,25.450000762939453,25.549999237060547,640000
2022-10-11,25.5,25.950000762939453,25.39999961853028,25.700000762939453,2288218
2022-10-12,25.700000762939453,25.89999961853028,25.299999237060547,25.850000381469727,1162001
2022-10-13,25.850000381469727,25.850000381469727,25.200000762939453,25.25,1318226
2022-10-14,25.5,25.850000381469727,25.5,25.700000762939453,957200
2022-10-17,25.450000762939453,25.799999237060547,25.25,25.799999237060547,795200
2022-10-18,26.0,26.299999237060547,25.850000381469727,26.0,1076095
2022-10-19,26.0,26.200000762939453,25.64999961853028,25.64999961853028,860021
2022-10-20,25.5,26.450000762939453,25.25,26.450000762939453,3591849
2022-10-21,26.14999961853028,26.200000762939453,25.799999237060547,25.850000381469727,798582
2022-10-24,26.0,26.25,25.950000762939453,26.0,677659
2022-10-25,26.0,26.0,25.5,25.700000762939453,726154
2022-10-26,25.64999961853028,25.850000381469727,25.5,25.600000381469727,720590
2022-10-27,25.5,25.799999237060547,25.5,25.799999237060547,865312
2022-10-28,25.700000762939453,25.700000762939453,25.5,25.600000381469727,629500
2022-10-31,25.64999961853028,25.700000762939453,25.549999237060547,25.700000762939453,578328
2022-11-01,25.64999961853028,25.64999961853028,25.25,25.5,2316190
2022-11-02,25.5,25.64999961853028,25.39999961853028,25.64999961853028,763786
2022-11-03,25.75,25.75,25.5,25.64999961853028,750487
2022-11-04,25.5,25.89999961853028,25.5,25.850000381469727,737030
2022-11-07,26.0,26.200000762939453,25.850000381469727,26.200000762939453,1377200
2022-11-08,26.200000762939453,26.75,26.200000762939453,26.450000762939453,1608970
2022-11-09,26.450000762939453,26.799999237060547,26.450000762939453,26.64999961853028,1132207
2022-11-10,26.600000381469727,26.600000381469727,26.39999961853028,26.5,764877
2022-11-11,27.0,27.049999237060547,26.64999961853028,26.700000762939453,1582292
2022-11-14,26.64999961853028,26.75,26.450000762939453,26.64999961853028,1529391
2022-11-15,26.600000381469727,26.700000762939453,26.450000762939453,26.64999961853028,1189030
2022-11-16,26.799999237060547,26.799999237060547,26.5,26.600000381469727,906855
2022-11-17,26.5,26.799999237060547,26.5,26.75,740052
2022-11-18,26.75,26.950000762939453,26.700000762939453,26.700000762939453,969195
2022-11-21,26.75,26.850000381469727,26.64999961853028,26.700000762939453,587053
2022-11-22,26.64999961853028,26.75,26.5,26.75,444490
2022-11-23,26.700000762939453,26.799999237060547,26.700000762939453,26.799999237060547,443264
2022-11-24,26.799999237060547,26.950000762939453,26.799999237060547,26.89999961853028,846296
2022-11-25,26.89999961853028,27.0,26.799999237060547,26.799999237060547,681274
2022-11-28,26.600000381469727,26.75,26.5,26.700000762939453,481846
2022-11-29,26.799999237060547,26.799999237060547,26.5,26.700000762939453,489201
2022-11-30,26.700000762939453,26.850000381469727,26.64999961853028,26.799999237060547,627743
2022-12-01,26.950000762939453,27.049999237060547,26.89999961853028,26.950000762939453,1004722
2022-12-02,26.950000762939453,27.350000381469727,26.89999961853028,27.299999237060547,1985266
2022-12-05,27.299999237060547,27.450000762939453,27.299999237060547,27.299999237060547,1098208
2022-12-06,27.100000381469727,27.299999237060547,26.850000381469727,26.850000381469727,1057061
2022-12-07,26.700000762939453,26.89999961853028,26.450000762939453,26.549999237060547,1359002
2022-12-08,26.450000762939453,26.600000381469727,26.450000762939453,26.5,524021
2022-12-09,26.64999961853028,26.64999961853028,26.549999237060547,26.600000381469727,436752
2022-12-12,26.600000381469727,26.600000381469727,26.350000381469727,26.5,869754
2022-12-13,26.549999237060547,26.600000381469727,26.5,26.600000381469727,414105
2022-12-14,26.700000762939453,26.950000762939453,26.600000381469727,26.89999961853028,732831
2022-12-15,26.799999237060547,27.299999237060547,26.799999237060547,27.100000381469727,1418285
2022-12-16,26.850000381469727,26.950000762939453,26.799999237060547,26.799999237060547,781699
2022-12-19,26.700000762939453,26.799999237060547,26.64999961853028,26.700000762939453,531100
2022-12-20,26.600000381469727,26.75,26.200000762939453,26.350000381469727,1114445
2022-12-21,26.350000381469727,26.450000762939453,26.299999237060547,26.39999961853028,419133
2022-12-22,26.5,26.600000381469727,26.5,26.5,247826
2022-12-23,26.39999961853028,26.5,26.25,26.5,425045
2022-12-26,26.549999237060547,26.549999237060547,26.450000762939453,26.5,189041
2022-12-27,26.5,26.600000381469727,26.5,26.549999237060547,329140
2022-12-28,26.549999237060547,26.549999237060547,26.200000762939453,26.25,615171
2022-12-29,26.200000762939453,26.200000762939453,26.0,26.14999961853028,657570
2022-12-30,26.350000381469727,26.350000381469727,26.25,26.299999237060547,402022
2023-01-03,26.350000381469727,26.350000381469727,26.100000381469727,26.299999237060547,325760
2023-01-04,26.200000762939453,26.350000381469727,26.200000762939453,26.299999237060547,315771
2023-01-05,26.350000381469727,26.39999961853028,26.25,26.299999237060547,488271
2023-01-06,26.350000381469727,26.39999961853028,26.25,26.299999237060547,398164
2023-01-09,26.450000762939453,26.549999237060547,26.39999961853028,26.549999237060547,831702
2023-01-10,26.549999237060547,26.700000762939453,26.5,26.700000762939453,679300
2023-01-11,26.799999237060547,26.89999961853028,26.799999237060547,26.89999961853028,717519
2023-01-12,26.950000762939453,26.950000762939453,26.75,26.850000381469727,443070
2023-01-13,26.850000381469727,26.89999961853028,26.600000381469727,26.700000762939453,551884
2023-01-16,26.75,26.799999237060547,26.700000762939453,26.75,366077
2023-01-17,26.799999237060547,27.0,26.799999237060547,26.950000762939453,837015
2023-01-30,27.100000381469727,27.25,26.950000762939453,27.200000762939453,1553272
2023-01-31,27.200000762939453,27.39999961853028,27.200000762939453,27.299999237060547,1164231
2023-02-01,27.39999961853028,27.600000381469727,27.299999237060547,27.549999237060547,1330085
2023-02-02,27.64999961853028,27.850000381469727,27.549999237060547,27.700000762939453,1787535
2023-02-03,27.700000762939453,27.799999237060547,27.600000381469727,27.600000381469727,1206967
2023-02-06,27.600000381469727,27.700000762939453,27.450000762939453,27.5,786213
2023-02-07,27.5,27.600000381469727,27.5,27.600000381469727,627894
2023-02-08,27.64999961853028,27.75,27.549999237060547,27.64999961853028,657098
2023-02-09,27.64999961853028,27.64999961853028,27.5,27.549999237060547,829098
2023-02-10,27.350000381469727,27.350000381469727,27.0,27.14999961853028,1437031
2023-02-13,27.049999237060547,27.14999961853028,26.850000381469727,27.100000381469727,1476249
2023-02-14,27.14999961853028,27.450000762939453,27.14999961853028,27.39999961853028,699541
2023-02-15,27.39999961853028,27.5,27.299999237060547,27.350000381469727,699586
2023-02-16,27.39999961853028,27.600000381469727,27.39999961853028,27.450000762939453,773191
2023-02-17,27.450000762939453,27.700000762939453,27.450000762939453,27.64999961853028,692090
2023-02-20,27.64999961853028,27.850000381469727,27.64999961853028,27.75,857592
2023-02-21,27.799999237060547,27.799999237060547,27.700000762939453,27.799999237060547,579272
2023-02-22,27.700000762939453,27.700000762939453,27.5,27.64999961853028,743293
2023-02-23,27.75,27.850000381469727,27.700000762939453,27.75,710214
2023-02-24,27.799999237060547,27.950000762939453,27.75,27.850000381469727,1224526
2023-03-01,27.799999237060547,28.0,27.700000762939453,27.950000762939453,1285573
2023-03-02,28.0,28.39999961853028,27.950000762939453,28.39999961853028,1737142
2023-03-03,28.5,28.799999237060547,28.450000762939453,28.799999237060547,1953201
2023-03-06,29.0,29.0,28.549999237060547,28.64999961853028,2922118
2023-03-07,28.600000381469727,29.200000762939453,28.549999237060547,29.14999961853028,2412306
2023-03-08,29.049999237060547,29.14999961853028,28.89999961853028,29.049999237060547,1497551
2023-03-09,29.100000381469727,29.14999961853028,28.700000762939453,28.799999237060547,1953464
2023-03-10,29.049999237060547,29.39999961853028,28.89999961853028,29.0,2901700
2023-03-13,28.89999961853028,29.14999961853028,28.64999961853028,29.100000381469727,1964347
2023-03-14,29.0,29.100000381469727,28.89999961853028,29.0,1115376
2023-03-15,29.25,29.25,29.0,29.0,1491440
2023-03-16,29.14999961853028,29.600000381469727,29.14999961853028,29.450000762939453,5108936
2023-03-17,29.64999961853028,29.700000762939453,29.200000762939453,29.450000762939453,3025124
2023-03-20,29.350000381469727,29.450000762939453,29.25,29.350000381469727,1016738
2023-03-21,29.39999961853028,29.700000762939453,29.39999961853028,29.700000762939453,2236500
2023-03-22,29.89999961853028,29.950000762939453,29.799999237060547,29.850000381469727,1365384
2023-03-23,29.850000381469727,30.049999237060547,29.700000762939453,29.89999961853028,1475380
2023-03-24,29.950000762939453,30.200000762939453,29.950000762939453,30.14999961853028,2465290
2023-03-27,30.14999961853028,30.200000762939453,29.89999961853028,29.950000762939453,1291290
2023-03-28,29.950000762939453,29.950000762939453,29.39999961853028,29.5,2299661
2023-03-29,29.700000762939453,29.950000762939453,29.64999961853028,29.850000381469727,1383269
2023-03-30,30.049999237060547,30.049999237060547,29.850000381469727,29.950000762939453,949155
2023-03-31,30.0,30.049999237060547,29.89999961853028,29.950000762939453,993463
2023-04-06,29.89999961853028,30.049999237060547,29.75,29.950000762939453,858060
2023-04-07,30.14999961853028,30.14999961853028,30.0,30.100000381469727,1099066
2023-04-10,30.100000381469727,30.200000762939453,30.0,30.200000762939453,1262098
2023-04-11,30.39999961853028,30.75,30.39999961853028,30.64999961853028,2556759
2023-04-12,30.75,30.799999237060547,30.549999237060547,30.75,1454014
2023-04-13,30.75,31.0,30.64999961853028,30.799999237060547,2113525
2023-04-14,30.89999961853028,31.0,30.850000381469727,30.89999961853028,1723362
2023-04-17,30.89999961853028,30.89999961853028,30.600000381469727,30.799999237060547,1493062
2023-04-18,30.850000381469727,30.89999961853028,30.64999961853028,30.700000762939453,1270680
2023-04-19,30.799999237060547,30.799999237060547,30.600000381469727,30.64999961853028,1376046
2023-04-20,30.700000762939453,30.700000762939453,30.299999237060547,30.299999237060547,2049007
2023-04-21,30.299999237060547,30.5,29.700000762939453,29.799999237060547,2528506
2023-04-24,29.850000381469727,29.950000762939453,29.700000762939453,29.850000381469727,679260
2023-04-25,29.950000762939453,30.100000381469727,29.39999961853028,29.450000762939453,1716200
2023-04-26,29.299999237060547,29.549999237060547,29.14999961853028,29.5,1215060
2023-04-27,29.799999237060547,30.0,29.450000762939453,29.700000762939453,715547
2023-04-28,29.799999237060547,29.950000762939453,29.799999237060547,29.89999961853028,552060
2023-05-02,30.5,30.75,29.950000762939453,30.25,7290481
2023-05-03,30.25,30.549999237060547,30.100000381469727,30.5,3326831
2023-05-04,30.549999237060547,31.25,30.5,31.0,5755651
2023-05-05,31.0,31.200000762939453,30.75,30.850000381469727,2350392
2023-05-08,30.89999961853028,30.89999961853028,30.549999237060547,30.75,2181430
2023-05-09,30.64999961853028,30.799999237060547,30.5,30.600000381469727,1587523
2023-05-10,30.600000381469727,30.700000762939453,30.549999237060547,30.64999961853028,1118915
2023-05-11,30.64999961853028,30.64999961853028,30.0,30.14999961853028,2752665
2023-05-12,30.100000381469727,30.450000762939453,30.049999237060547,30.39999961853028,1350151
2023-05-15,30.299999237060547,30.299999237060547,30.049999237060547,30.100000381469727,1458686
2023-05-16,30.200000762939453,30.450000762939453,30.200000762939453,30.350000381469727,1184934
2023-05-17,30.299999237060547,30.5,30.25,30.350000381469727,1133495
2023-05-18,30.39999961853028,30.549999237060547,30.350000381469727,30.450000762939453,1476769
2023-05-19,30.549999237060547,30.600000381469727,30.350000381469727,30.450000762939453,892582
2023-05-22,30.450000762939453,30.64999961853028,30.39999961853028,30.600000381469727,1124439
2023-05-23,30.64999961853028,30.64999961853028,30.549999237060547,30.64999961853028,860387
2023-05-24,30.64999961853028,30.799999237060547,30.600000381469727,30.75,1145610
2023-05-25,30.799999237060547,30.799999237060547,30.64999961853028,30.700000762939453,1005602
2023-05-26,30.799999237060547,30.799999237060547,30.64999961853028,30.700000762939453,1226989
2023-05-29,30.75,30.950000762939453,30.700000762939453,30.850000381469727,1727513
2023-05-30,30.89999961853028,31.049999237060547,30.799999237060547,30.950000762939453,1321971
2023-05-31,31.0,31.0,30.89999961853028,31.0,1142888
2023-06-01,31.0,31.049999237060547,30.89999961853028,31.049999237060547,787194
2023-06-02,31.100000381469727,31.39999961853028,31.0,31.299999237060547,2772260
2023-06-05,32.04999923706055,32.79999923706055,32.04999923706055,32.29999923706055,10806509
2023-06-06,32.45000076293945,32.900001525878906,32.45000076293945,32.599998474121094,5796286
2023-06-07,32.79999923706055,32.849998474121094,32.54999923706055,32.75,4209983
2023-06-08,32.70000076293945,33.29999923706055,32.5,33.04999923706055,7723104
2023-06-09,33.45000076293945,33.650001525878906,33.099998474121094,33.400001525878906,7764030
2023-06-12,33.849998474121094,34.150001525878906,33.5,34.0,11208861
2023-06-13,34.349998474121094,34.5,34.04999923706055,34.20000076293945,8963117
2023-06-14,34.349998474121094,35.20000076293945,34.29999923706055,34.599998474121094,12845678
2023-06-15,34.599998474121094,34.849998474121094,33.54999923706055,33.650001525878906,12557954
2023-06-16,33.70000076293945,33.70000076293945,33.04999923706055,33.45000076293945,6962097
2023-06-19,33.79999923706055,33.849998474121094,33.20000076293945,33.599998474121094,3585717
2023-06-20,33.54999923706055,33.599998474121094,33.150001525878906,33.25,2752073
2023-06-21,33.25,33.45000076293945,33.20000076293945,33.400001525878906,2094893
2023-06-26,33.5,33.75,33.25,33.29999923706055,2932303
2023-06-27,33.29999923706055,33.400001525878906,32.70000076293945,32.79999923706055,5530560
2023-06-28,32.79999923706055,33.0,32.5,32.650001525878906,6379842
2023-06-29,32.79999923706055,33.25,32.79999923706055,33.20000076293945,3026150
2023-06-30,33.20000076293945,33.400001525878906,33.0,33.400001525878906,1740346
2023-07-03,33.5,33.599998474121094,33.349998474121094,33.5,2312898
2023-07-04,33.5,33.95000076293945,33.5,33.849998474121094,2984078
2023-07-05,33.849998474121094,34.150001525878906,33.849998474121094,34.04999923706055,3570599
2023-07-06,34.20000076293945,34.70000076293945,34.099998474121094,34.45000076293945,6983509
2023-07-07,34.5,34.849998474121094,34.25,34.75,7317311
2023-07-10,35.150001525878906,35.20000076293945,34.20000076293945,34.25,6778149
2023-07-11,34.349998474121094,34.650001525878906,34.150001525878906,34.650001525878906,3960711
2023-07-12,34.75,34.900001525878906,34.650001525878906,34.849998474121094,3728221
2023-07-13,35.0,35.20000076293945,34.70000076293945,34.849998474121094,7421672
2023-07-14,35.0,35.95000076293945,35.0,35.849998474121094,10053894
2023-07-17,36.29999923706055,37.0,36.25,36.95000076293945,12062587
2023-07-18,37.09999847412109,37.09999847412109,35.20000076293945,35.79999923706055,10807651
2023-07-19,35.900001525878906,36.0,34.70000076293945,34.900001525878906,7748487
2023-07-20,35.349998474121094,35.45000076293945,34.95000076293945,35.400001525878906,2790693
2023-07-21,35.20000076293945,35.25,34.849998474121094,34.95000076293945,3676148
2023-07-24,35.099998474121094,35.20000076293945,34.75,35.099998474121094,3189019
2023-07-25,35.29999923706055,35.400001525878906,35.0,35.04999923706055,2797299
2023-07-26,35.29999923706055,35.45000076293945,35.04999923706055,35.099998474121094,3210471
2023-07-27,35.25,35.29999923706055,35.04999923706055,35.099998474121094,4350034
2023-07-28,35.599998474121094,35.599998474121094,34.900001525878906,35.04999923706055,7907902
2023-07-31,35.150001525878906,35.20000076293945,34.45000076293945,34.54999923706055,10013529
2023-08-01,34.0,34.0,33.04999923706055,33.650001525878906,14292815
2023-08-02,30.100000381469727,30.5,29.549999237060547,29.700000762939453,9128569
2023-08-04,29.700000762939453,29.75,28.950000762939453,29.25,3953623
2023-08-07,29.200000762939453,29.549999237060547,28.850000381469727,29.450000762939453,2865711
2023-08-08,29.600000381469727,29.600000381469727,29.100000381469727,29.14999961853028,2487597
2023-08-09,29.14999961853028,29.299999237060547,29.0,29.25,1374576
2023-08-10,29.299999237060547,29.299999237060547,28.700000762939453,28.799999237060547,2916427
2023-08-11,28.89999961853028,29.5,28.89999961853028,29.299999237060547,1901147
2023-08-14,29.299999237060547,29.299999237060547,28.799999237060547,29.0,1908275
2023-08-15,29.100000381469727,29.450000762939453,29.049999237060547,29.299999237060547,1914630
2023-08-16,29.100000381469727,29.299999237060547,28.89999961853028,29.25,1436287
2023-08-17,29.049999237060547,29.299999237060547,28.89999961853028,29.25,1981893
2023-08-18,29.25,29.350000381469727,28.700000762939453,28.799999237060547,4004670
2023-08-21,28.799999237060547,29.100000381469727,28.75,28.950000762939453,4358775
2023-08-22,29.100000381469727,29.14999961853028,28.850000381469727,29.049999237060547,1528269
2023-08-23,29.0,29.14999961853028,28.89999961853028,29.049999237060547,892776
2023-08-24,29.25,29.450000762939453,28.950000762939453,28.950000762939453,1533293
2023-08-25,28.89999961853028,29.0,28.75,28.799999237060547,993059
2023-08-28,28.850000381469727,28.850000381469727,28.350000381469727,28.39999961853028,1871600
2023-08-29,28.450000762939453,28.950000762939453,28.25,28.75,1181201
2023-08-30,28.89999961853028,29.14999961853028,28.700000762939453,29.0,1303273
2023-08-31,29.0,29.299999237060547,28.950000762939453,29.25,1420748
2023-09-01,29.350000381469727,29.700000762939453,29.200000762939453,29.64999961853028,1656385
2023-09-04,29.75,29.75,29.450000762939453,29.450000762939453,1288826
2023-09-05,29.5,29.5,29.25,29.39999961853028,1191288
2023-09-06,29.39999961853028,29.600000381469727,29.200000762939453,29.5,1092262
2023-09-07,29.5,30.100000381469727,29.39999961853028,29.700000762939453,2162900
2023-09-08,29.799999237060547,29.799999237060547,29.299999237060547,29.39999961853028,1679589
2023-09-11,29.450000762939453,29.450000762939453,29.100000381469727,29.100000381469727,1275139
2023-09-12,29.100000381469727,29.25,29.0,29.0,888846
2023-09-13,28.950000762939453,29.049999237060547,28.700000762939453,28.89999961853028,2085161
2023-09-14,28.950000762939453,29.350000381469727,28.89999961853028,29.25,1470821
2023-09-15,29.299999237060547,29.350000381469727,28.14999961853028,28.14999961853028,8015721
2023-09-18,28.200000762939453,28.200000762939453,27.600000381469727,28.049999237060547,4727001
2023-09-19,28.049999237060547,28.299999237060547,27.799999237060547,27.850000381469727,2271670
2023-09-20,27.850000381469727,27.850000381469727,27.549999237060547,27.64999961853028,2201360
2023-09-21,27.549999237060547,27.600000381469727,27.200000762939453,27.350000381469727,1726499
2023-09-22,27.200000762939453,27.39999961853028,27.14999961853028,27.39999961853028,734588
2023-09-25,27.39999961853028,27.700000762939453,27.39999961853028,27.600000381469727,669982
2023-09-26,27.600000381469727,27.700000762939453,27.299999237060547,27.299999237060547,1078309
2023-09-27,27.299999237060547,27.39999961853028,27.200000762939453,27.299999237060547,783279
2023-09-28,27.299999237060547,27.450000762939453,27.25,27.450000762939453,565302
2023-10-02,27.450000762939453,27.600000381469727,27.39999961853028,27.549999237060547,893648
2023-10-03,27.5,28.0,27.450000762939453,27.700000762939453,1825579
2023-10-04,27.600000381469727,27.600000381469727,27.200000762939453,27.350000381469727,1219346
2023-10-05,27.450000762939453,27.5,27.25,27.25,747924
2023-10-06,27.299999237060547,27.600000381469727,27.200000762939453,27.5,990196
2023-10-11,27.799999237060547,27.799999237060547,27.39999961853028,27.450000762939453,1086635
2023-10-12,27.5,28.049999237060547,27.5,28.0,1439905
2023-10-13,27.950000762939453,27.950000762939453,27.700000762939453,27.799999237060547,798350
2023-10-16,27.700000762939453,27.700000762939453,27.299999237060547,27.5,863100
2023-10-17,27.5,27.64999961853028,27.299999237060547,27.350000381469727,677686
2023-10-18,27.350000381469727,27.350000381469727,26.89999961853028,27.049999237060547,3399211
2023-10-19,27.0,27.350000381469727,27.0,27.350000381469727,668394
2023-10-20,27.299999237060547,27.75,27.100000381469727,27.700000762939453,1244100
2023-10-23,27.75,27.75,27.200000762939453,27.25,798734
2023-10-24,27.299999237060547,27.5,27.049999237060547,27.350000381469727,437053
2023-10-25,27.5,27.600000381469727,27.39999961853028,27.549999237060547,372462
2023-10-26,27.39999961853028,27.39999961853028,27.200000762939453,27.25,588424
2023-10-27,27.25,27.350000381469727,27.100000381469727,27.200000762939453,488306
2023-10-30,27.200000762939453,27.25,27.049999237060547,27.14999961853028,458290
2023-10-31,27.100000381469727,27.200000762939453,26.799999237060547,26.89999961853028,1458108
2023-11-01,27.049999237060547,27.049999237060547,26.75,26.850000381469727,707197
2023-11-02,27.049999237060547,27.39999961853028,27.049999237060547,27.350000381469727,719442
2023-11-03,27.350000381469727,27.450000762939453,27.350000381469727,27.39999961853028,414700
2023-11-06,27.450000762939453,27.64999961853028,27.450000762939453,27.600000381469727,459769
2023-11-07,27.64999961853028,27.64999961853028,27.5,27.64999961853028,446290
2023-11-08,27.64999961853028,27.799999237060547,27.600000381469727,27.700000762939453,503392
2023-11-09,27.700000762939453,27.700000762939453,27.39999961853028,27.450000762939453,532107
2023-11-10,27.39999961853028,27.5,27.14999961853028,27.14999961853028,509090
2023-11-13,27.14999961853028,27.200000762939453,27.0,27.049999237060547,779424
2023-11-14,27.100000381469727,27.25,27.0,27.100000381469727,713641
2023-11-15,27.200000762939453,27.450000762939453,27.14999961853028,27.39999961853028,1068281
2023-11-16,27.450000762939453,27.549999237060547,27.299999237060547,27.5,643090
2023-11-17,27.5,27.64999961853028,27.5,27.64999961853028,598500
2023-11-20,27.64999961853028,27.850000381469727,27.64999961853028,27.75,705990
2023-11-21,27.75,27.950000762939453,27.75,27.89999961853028,1022179
2023-11-22,27.89999961853028,28.0,27.75,27.89999961853028,751540
2023-11-23,27.89999961853028,27.89999961853028,27.700000762939453,27.799999237060547,577279
2023-11-24,27.799999237060547,27.89999961853028,27.700000762939453,27.700000762939453,449070
2023-11-27,27.700000762939453,27.799999237060547,27.450000762939453,27.450000762939453,677097
2023-11-28,27.600000381469727,27.850000381469727,27.549999237060547,27.75,828978
2023-11-29,27.850000381469727,28.14999961853028,27.799999237060547,28.100000381469727,1223940
2023-11-30,28.200000762939453,28.700000762939453,28.200000762939453,28.64999961853028,2446063
2023-12-01,28.64999961853028,28.64999961853028,28.25,28.5,1462476
2023-12-04,28.5,28.600000381469727,28.299999237060547,28.549999237060547,961157
2023-12-05,28.549999237060547,28.549999237060547,28.299999237060547,28.299999237060547,586002
2023-12-06,28.299999237060547,28.299999237060547,28.100000381469727,28.200000762939453,738056
2023-12-07,28.299999237060547,28.450000762939453,28.25,28.350000381469727,603500
2023-12-08,28.5,28.64999961853028,28.39999961853028,28.5,713638
2023-12-11,28.5,29.049999237060547,28.25,28.89999961853028,3396283
2023-12-12,29.0,29.39999961853028,28.799999237060547,28.850000381469727,2651306
2023-12-13,28.850000381469727,29.100000381469727,28.700000762939453,29.049999237060547,1219035
2023-12-14,29.200000762939453,29.25,29.049999237060547,29.14999961853028,1256113
2023-12-15,29.200000762939453,29.25,29.0,29.049999237060547,872442
2023-12-18,29.049999237060547,29.049999237060547,28.799999237060547,28.850000381469727,735443
2023-12-19,28.799999237060547,28.799999237060547,28.39999961853028,28.75,974988
2023-12-20,28.75,28.850000381469727,28.64999961853028,28.799999237060547,481420
2023-12-21,28.799999237060547,29.25,28.600000381469727,29.0,1398754
2023-12-22,29.0,29.100000381469727,28.64999961853028,28.799999237060547,1217101
2023-12-25,29.0,29.0,28.450000762939453,28.450000762939453,876719
2023-12-26,28.39999961853028,28.64999961853028,28.39999961853028,28.64999961853028,698501
2023-12-27,28.549999237060547,28.75,28.549999237060547,28.75,655052
2023-12-28,28.799999237060547,29.350000381469727,28.700000762939453,29.100000381469727,2905464
2023-12-29,29.0,29.100000381469727,28.75,28.89999961853028,1254344
2024-01-02,29.100000381469727,29.200000762939453,28.850000381469727,29.0,1176466
2024-01-03,29.0,29.0,28.64999961853028,28.700000762939453,766669
2024-01-04,28.700000762939453,29.5,28.600000381469727,29.25,4866255
2024-01-05,29.25,29.25,28.799999237060547,28.850000381469727,1665825
2024-01-08,28.89999961853028,28.950000762939453,28.64999961853028,28.64999961853028,758984
2024-01-09,28.799999237060547,28.799999237060547,28.450000762939453,28.450000762939453,973200
2024-01-10,28.5,28.5,28.200000762939453,28.200000762939453,674832
2024-01-11,28.700000762939453,30.0,28.64999961853028,29.850000381469727,10048050
2024-01-12,29.75,29.950000762939453,29.350000381469727,29.450000762939453,4263435
2024-01-15,29.5,29.700000762939453,29.350000381469727,29.5,1491751
2024-01-16,29.64999961853028,30.450000762939453,29.64999961853028,30.450000762939453,9966108
2024-01-17,30.450000762939453,30.600000381469727,29.75,30.14999961853028,5763632
2024-01-18,30.25,31.100000381469727,29.700000762939453,30.950000762939453,9219331
2024-01-19,31.049999237060547,31.450000762939453,30.5,30.950000762939453,8594851
2024-01-22,31.0,31.100000381469727,30.549999237060547,30.950000762939453,4980645
2024-01-23,30.950000762939453,30.950000762939453,30.549999237060547,30.549999237060547,2257408
2024-01-24,30.600000381469727,31.14999961853028,30.450000762939453,31.0,4414080
2024-01-25,31.25,31.5,30.64999961853028,30.64999961853028,6893654
2024-01-26,30.75,31.100000381469727,30.600000381469727,30.64999961853028,2644887
2024-01-29,30.799999237060547,30.950000762939453,30.350000381469727,30.549999237060547,1855900
2024-01-30,30.700000762939453,31.600000381469727,30.5,31.299999237060547,10371186
2024-01-31,31.0,31.049999237060547,30.549999237060547,30.64999961853028,4204733
2024-02-01,31.299999237060547,32.25,31.299999237060547,31.299999237060547,16945363
2024-02-02,31.350000381469727,31.350000381469727,30.600000381469727,30.850000381469727,5241745
2024-02-05,30.850000381469727,31.450000762939453,30.850000381469727,31.0,4096303
2024-02-15,31.049999237060547,32.150001525878906,31.0,32.0,6990650
2024-02-16,32.150001525878906,32.400001525878906,31.799999237060547,32.25,4868847
2024-02-19,32.25,32.400001525878906,31.850000381469727,32.25,3528975
2024-02-20,32.25,32.400001525878906,31.799999237060547,32.0,3143994
2024-02-21,32.099998474121094,32.5,31.89999961853028,32.400001525878906,3606719
2024-02-22,32.5,32.5,32.20000076293945,32.29999923706055,2613153
2024-02-23,32.400001525878906,33.29999923706055,32.400001525878906,32.70000076293945,7323442
2024-02-26,33.099998474121094,33.5,32.900001525878906,33.25,6397286
2024-02-27,33.25,33.25,32.349998474121094,33.0,4310381
2024-02-29,33.0,33.599998474121094,32.849998474121094,33.25,4167153
2024-03-01,33.400001525878906,33.5,32.75,33.0,3171188
2024-03-04,33.29999923706055,33.349998474121094,31.950000762939453,32.95000076293945,2952821
2024-03-05,32.95000076293945,32.95000076293945,32.349998474121094,32.70000076293945,2662226
2024-03-06,32.70000076293945,32.900001525878906,32.45000076293945,32.79999923706055,2235613
2024-03-07,32.849998474121094,32.900001525878906,32.25,32.29999923706055,2357842
2024-03-08,32.29999923706055,32.400001525878906,31.5,31.64999961853028,4220985
2024-03-11,31.600000381469727,31.75,30.799999237060547,30.89999961853028,3541788
2024-03-12,30.75,31.100000381469727,30.64999961853028,31.100000381469727,3021063
2024-03-13,31.0,31.299999237060547,30.64999961853028,30.799999237060547,2058097
2024-03-14,30.75,30.89999961853028,30.450000762939453,30.549999237060547,2384308
2024-03-15,30.39999961853028,30.850000381469727,30.200000762939453,30.64999961853028,2143515
2024-03-18,30.64999961853028,31.100000381469727,30.5,31.0,1649094
2024-03-19,30.89999961853028,31.100000381469727,30.799999237060547,31.049999237060547,1317967
2024-03-20,31.049999237060547,31.14999961853028,30.549999237060547,30.600000381469727,2116064
2024-03-21,30.799999237060547,33.25,30.799999237060547,33.0,19222439
2024-03-22,33.0,33.0,31.5,31.600000381469727,8928831
2024-03-25,31.549999237060547,33.150001525878906,31.299999237060547,32.849998474121094,12719869
2024-03-26,32.54999923706055,33.0,31.75,31.950000762939453,4702570
2024-03-27,32.099998474121094,32.099998474121094,31.700000762939453,32.0,2281057
2024-03-28,32.099998474121094,32.29999923706055,31.75,31.799999237060547,1660530
2024-03-29,31.89999961853028,32.0,31.700000762939453,31.75,842000
2024-04-01,31.799999237060547,32.099998474121094,31.64999961853028,31.950000762939453,1435598
2024-04-02,32.0,32.29999923706055,32.0,32.29999923706055,2109890
2024-04-03,32.29999923706055,32.900001525878906,31.89999961853028,32.75,3719557
2024-04-08,32.95000076293945,32.95000076293945,32.29999923706055,32.75,2879778
2024-04-09,32.650001525878906,32.900001525878906,32.349998474121094,32.349998474121094,2497296
2024-04-10,33.0,34.400001525878906,33.0,33.900001525878906,14698243
2024-04-11,34.099998474121094,34.29999923706055,33.349998474121094,33.849998474121094,5450269
2024-04-12,34.0,34.150001525878906,33.650001525878906,33.70000076293945,4541762
2024-04-15,33.900001525878906,33.900001525878906,32.79999923706055,32.900001525878906,4728714
2024-04-16,33.29999923706055,33.29999923706055,31.64999961853028,31.799999237060547,5149337
2024-04-17,31.799999237060547,32.25,31.75,31.850000381469727,3152757
2024-04-18,31.5,32.04999923706055,31.25,31.89999961853028,3352619
2024-04-19,32.0,32.849998474121094,31.350000381469727,32.5,9817336
2024-04-22,32.54999923706055,33.04999923706055,32.25,32.5,5256815
2024-04-23,32.54999923706055,32.75,32.25,32.5,1986817
2024-04-24,32.75,34.150001525878906,32.599998474121094,33.79999923706055,10642458
2024-04-25,33.79999923706055,33.95000076293945,33.25,33.349998474121094,3013197
2024-04-26,33.349998474121094,33.54999923706055,33.099998474121094,33.25,2278543
2024-04-29,33.5,33.900001525878906,33.349998474121094,33.5,2640070
2024-04-30,33.79999923706055,34.849998474121094,33.599998474121094,34.20000076293945,16612486
2024-05-02,34.5,37.0,33.75,36.04999923706055,26653600
2024-05-03,36.150001525878906,36.34999847412109,35.599998474121094,36.25,10889912
2024-05-06,37.5,39.650001525878906,36.84999847412109,39.29999923706055,41215803
2024-05-07,37.79999923706055,37.79999923706055,35.900001525878906,37.150001525878906,45022147
2024-05-08,37.29999923706055,37.900001525878906,36.400001525878906,36.70000076293945,15253903
2024-05-09,37.0,37.20000076293945,36.04999923706055,36.04999923706055,8734723
2024-05-10,35.900001525878906,36.34999847412109,35.0,35.5,10722259
2024-05-13,35.5,35.75,35.0,35.25,5543260
2024-05-14,35.20000076293945,35.5,34.849998474121094,35.0,4506594
2024-05-15,35.04999923706055,35.900001525878906,35.0,35.25,6366311
2024-05-16,35.70000076293945,36.79999923706055,35.400001525878906,36.25,11447843
2024-05-17,36.5,38.5,36.04999923706055,38.400001525878906,37302301
2024-05-20,38.70000076293945,38.75,37.45000076293945,38.5,20132042
2024-05-21,39.0,39.45000076293945,37.79999923706055,39.20000076293945,35536630
2024-05-22,39.20000076293945,39.34999847412109,38.25,38.29999923706055,15241991
2024-05-23,38.45000076293945,38.5,37.09999847412109,37.20000076293945,10404365
2024-05-24,37.5,39.59999847412109,37.29999923706055,39.59999847412109,33969289
2024-05-27,40.0,40.5,38.70000076293945,38.70000076293945,23591590
2024-05-28,38.45000076293945,39.25,38.45000076293945,38.75,10629053
2024-05-29,38.75,39.0,37.70000076293945,38.09999847412109,13117039
2024-05-30,37.84999847412109,41.0,37.59999847412109,39.150001525878906,43194450
2024-05-31,40.0,40.34999847412109,39.04999923706055,39.04999923706055,22058763
2024-06-03,39.34999847412109,39.5,38.900001525878906,38.900001525878906,7403434
2024-06-04,39.25,39.70000076293945,38.5,38.84999847412109,9184506
2024-06-05,39.0,39.29999923706055,38.150001525878906,38.20000076293945,6886755
2024-06-06,38.400001525878906,38.59999847412109,37.79999923706055,37.95000076293945,5046164
2024-06-07,38.0,38.650001525878906,38.0,38.25,4206141
2024-06-11,38.150001525878906,38.29999923706055,37.20000076293945,37.54999923706055,7939037
2024-06-12,37.70000076293945,37.84999847412109,37.29999923706055,37.45000076293945,3082647
2024-06-13,37.70000076293945,38.20000076293945,37.45000076293945,37.84999847412109,3259436
2024-06-14,38.0,38.79999923706055,37.95000076293945,38.150001525878906,5601507
2024-06-17,38.59999847412109,38.59999847412109,37.650001525878906,37.650001525878906,4107569
2024-06-18,37.79999923706055,38.150001525878906,37.5,37.900001525878906,2725633
2024-06-19,38.20000076293945,39.650001525878906,38.20000076293945,38.59999847412109,14967808
2024-06-20,39.0,39.29999923706055,38.45000076293945,38.45000076293945,5050756
2024-06-21,38.5,38.5,37.84999847412109,38.45000076293945,5669604
2024-06-24,38.20000076293945,38.45000076293945,37.09999847412109,37.150001525878906,8545895
2024-06-25,37.150001525878906,37.20000076293945,36.34999847412109,37.09999847412109,5277098
2024-06-26,37.20000076293945,37.400001525878906,36.54999923706055,36.75,2685677
2024-06-27,36.650001525878906,36.900001525878906,36.54999923706055,36.54999923706055,2278347
2024-06-28,36.650001525878906,37.04999923706055,36.5,36.75,2670911
2024-07-01,36.900001525878906,37.5,36.70000076293945,36.95000076293945,4384042
2024-07-02,37.29999923706055,37.29999923706055,36.79999923706055,36.79999923706055,2062293
2024-07-03,36.95000076293945,38.900001525878906,36.75,38.54999923706055,12929160
2024-07-04,39.04999923706055,39.29999923706055,38.29999923706055,38.29999923706055,6543164
2024-07-05,38.45000076293945,38.70000076293945,38.25,38.54999923706055,3260309
2024-07-08,41.150001525878906,42.150001525878906,39.25,39.70000076293945,34696815
2024-07-09,39.84999847412109,39.900001525878906,38.59999847412109,39.150001525878906,10213756
2024-07-10,39.20000076293945,40.29999923706055,39.20000076293945,39.79999923706055,11184038
2024-07-11,40.54999923706055,41.25,40.04999923706055,40.09999847412109,10816686
2024-07-12,40.34999847412109,40.59999847412109,39.29999923706055,39.45000076293945,8903554
2024-07-15,39.70000076293945,39.70000076293945,38.75,38.95000076293945,4804620
2024-07-16,39.04999923706055,39.5,38.70000076293945,38.79999923706055,3188616
2024-07-17,39.0,39.20000076293945,38.5,38.84999847412109,5301105
2024-07-18,38.400001525878906,39.25,38.0,38.70000076293945,5005445
2024-07-19,38.79999923706055,38.95000076293945,38.09999847412109,38.150001525878906,5386595
2024-07-22,38.150001525878906,38.20000076293945,37.20000076293945,37.5,5135493
2024-07-23,37.70000076293945,38.45000076293945,37.70000076293945,37.70000076293945,3755413
2024-07-26,34.79999923706055,35.0,33.70000076293945,33.900001525878906,10203843
2024-07-29,34.099998474121094,34.29999923706055,33.04999923706055,33.099998474121094,6016652
2024-07-30,32.79999923706055,33.20000076293945,32.400001525878906,33.20000076293945,2935367
2024-07-31,33.20000076293945,33.599998474121094,32.54999923706055,33.20000076293945,1980306
2024-08-01,33.5,34.5,33.45000076293945,34.5,3110241
2024-08-02,33.900001525878906,34.099998474121094,33.54999923706055,33.54999923706055,2631843
2024-08-05,32.5,32.54999923706055,30.200000762939453,30.200000762939453,7828498
2024-08-06,30.39999961853028,31.0,28.450000762939453,30.549999237060547,7439000
2024-08-07,30.600000381469727,32.54999923706055,30.600000381469727,32.25,4841473
2024-08-08,31.799999237060547,32.0,31.350000381469727,31.5,2039620
2024-08-09,32.95000076293945,32.95000076293945,31.549999237060547,31.700000762939453,3334409
2024-08-12,31.700000762939453,32.25,31.700000762939453,32.04999923706055,1852867
2024-08-13,32.099998474121094,32.400001525878906,31.75,32.400001525878906,1424023
2024-08-14,33.25,33.29999923706055,32.54999923706055,32.849998474121094,2371638
2024-08-15,32.95000076293945,33.099998474121094,32.70000076293945,32.849998474121094,1284288
2024-08-16,33.20000076293945,33.29999923706055,32.95000076293945,32.95000076293945,1699291
2024-08-19,32.95000076293945,33.25,32.849998474121094,33.099998474121094,1194360
2024-08-20,33.400001525878906,33.400001525878906,33.099998474121094,33.099998474121094,1077205
2024-08-21,33.099998474121094,33.400001525878906,32.79999923706055,33.29999923706055,1413194
2024-08-22,33.400001525878906,33.400001525878906,33.099998474121094,33.20000076293945,1142175
2024-08-23,33.20000076293945,33.20000076293945,32.75,33.150001525878906,1183696
2024-08-26,33.29999923706055,36.0,33.29999923706055,35.45000076293945,9829833
2024-08-27,36.400001525878906,36.54999923706055,34.599998474121094,35.29999923706055,19490392
2024-08-28,35.5,36.09999847412109,35.0,35.0,5965301
2024-08-29,35.099998474121094,35.20000076293945,34.599998474121094,35.150001525878906,2358619
2024-08-30,35.25,35.400001525878906,34.70000076293945,34.75,2482017
2024-09-02,34.70000076293945,34.95000076293945,34.29999923706055,34.400001525878906,1863957
2024-09-03,34.349998474121094,34.599998474121094,34.0,34.20000076293945,1597390
2024-09-04,33.099998474121094,33.599998474121094,32.150001525878906,33.20000076293945,2784347
2024-09-05,33.599998474121094,33.95000076293945,32.900001525878906,33.20000076293945,1682302
2024-09-06,33.29999923706055,33.599998474121094,32.849998474121094,33.45000076293945,1546050
2024-09-09,33.0,34.20000076293945,33.0,34.150001525878906,1896533
2024-09-10,34.45000076293945,34.54999923706055,33.25,33.45000076293945,2682110
2024-09-11,33.5,33.70000076293945,32.849998474121094,33.400001525878906,2396717
2024-09-12,33.5,33.75,33.150001525878906,33.400001525878906,2896019
2024-09-13,33.400001525878906,34.75,33.349998474121094,34.54999923706055,6199204
2024-09-16,34.599998474121094,34.900001525878906,34.150001525878906,34.54999923706055,2712119
2024-09-18,34.599998474121094,34.900001525878906,34.150001525878906,34.25,4497576
2024-09-19,34.29999923706055,34.650001525878906,34.099998474121094,34.400001525878906,2146383
2024-09-20,34.650001525878906,34.75,34.29999923706055,34.349998474121094,2149143
2024-09-23,34.400001525878906,34.5,33.900001525878906,33.95000076293945,1797616
2024-09-24,34.150001525878906,34.599998474121094,33.599998474121094,34.099998474121094,1802668
2024-09-25,34.54999923706055,35.099998474121094,34.349998474121094,34.349998474121094,3840140
2024-09-26,34.599998474121094,35.54999923706055,34.599998474121094,35.150001525878906,10484745
2024-09-27,35.04999923706055,35.400001525878906,34.75,34.849998474121094,5189184
2024-09-30,34.95000076293945,35.04999923706055,34.5,34.54999923706055,1723898
2024-10-01,34.79999923706055,34.79999923706055,34.099998474121094,34.54999923706055,1687590
2024-10-04,34.25,35.099998474121094,34.25,35.0,4146349
2024-10-07,35.400001525878906,35.599998474121094,35.099998474121094,35.5,5122844
2024-10-08,35.45000076293945,35.849998474121094,35.20000076293945,35.29999923706055,9154564
2024-10-09,35.54999923706055,35.599998474121094,34.70000076293945,34.900001525878906,2913749
2024-10-11,35.900001525878906,36.59999847412109,35.54999923706055,35.650001525878906,12085924
2024-10-14,36.0,36.0,35.54999923706055,35.650001525878906,3332608
2024-10-15,35.95000076293945,36.25,35.54999923706055,35.599998474121094,4472695
2024-10-16,35.5,36.0,35.25,36.0,4183044
2024-10-17,36.20000076293945,36.20000076293945,35.79999923706055,35.900001525878906,2051255
2024-10-18,36.20000076293945,36.400001525878906,35.599998474121094,35.599998474121094,4853394
2024-10-21,35.95000076293945,35.95000076293945,35.599998474121094,35.599998474121094,1472844
2024-10-22,35.650001525878906,36.150001525878906,35.5,35.95000076293945,2533959
2024-10-23,36.0,36.45000076293945,35.849998474121094,36.20000076293945,5616668
2024-10-24,36.34999847412109,36.34999847412109,35.599998474121094,35.70000076293945,3015092
2024-10-25,35.79999923706055,35.849998474121094,35.5,35.70000076293945,1542407
2024-10-28,35.79999923706055,35.849998474121094,35.0,35.099998474121094,2457197
2024-10-29,35.25,35.29999923706055,34.70000076293945,35.0,1523573
2024-10-30,35.29999923706055,35.29999923706055,34.650001525878906,34.900001525878906,1284505
2024-11-01,34.599998474121094,35.099998474121094,34.20000076293945,35.04999923706055,1635218
2024-11-04,35.04999923706055,35.04999923706055,34.45000076293945,34.650001525878906,2187874
2024-11-05,34.75,34.900001525878906,34.400001525878906,34.45000076293945,1807957
2024-11-06,34.45000076293945,35.5,34.45000076293945,35.150001525878906,2177230
2024-11-07,35.400001525878906,36.0,35.29999923706055,35.95000076293945,3148866
2024-11-08,36.20000076293945,36.34999847412109,35.599998474121094,35.650001525878906,3584380
2024-11-11,35.5,35.5,34.650001525878906,34.900001525878906,3713907
2024-11-12,34.650001525878906,35.0,34.349998474121094,34.849998474121094,2469301
2024-11-13,34.54999923706055,34.650001525878906,34.150001525878906,34.25,3346410
2024-11-14,34.29999923706055,34.29999923706055,33.70000076293945,34.0,1958470
2024-11-15,33.849998474121094,34.45000076293945,33.849998474121094,34.099998474121094,1342150
2024-11-18,34.099998474121094,34.099998474121094,33.599998474121094,33.900001525878906,1546874
2024-11-19,34.0,34.29999923706055,33.95000076293945,34.29999923706055,1183218
2024-11-20,34.099998474121094,34.099998474121094,34.099998474121094,34.099998474121094,863095
2024-11-21,34.099998474121094,34.29999923706055,33.79999923706055,34.25,867647
2024-11-22,34.349998474121094,35.0,34.29999923706055,34.75,1940493
2024-11-25,34.95000076293945,35.29999923706055,34.95000076293945,35.04999923706055,1576128
2024-11-26,35.099998474121094,35.25,34.75,35.150001525878906,1291108
2024-11-27,35.04999923706055,35.25,34.400001525878906,34.400001525878906,1412515
2024-11-28,34.400001525878906,34.900001525878906,34.099998474121094,34.849998474121094,2030561
2024-11-29,35.0,35.349998474121094,34.54999923706055,35.29999923706055,3956782
2024-12-02,35.5,35.95000076293945,35.400001525878906,35.400001525878906,5140390
2024-12-03,35.79999923706055,35.900001525878906,35.04999923706055,35.20000076293945,2219433
2024-12-04,35.20000076293945,35.25,34.79999923706055,35.099998474121094,1678998
2024-12-05,35.45000076293945,35.45000076293945,34.849998474121094,35.0,1522604
2024-12-06,35.0,35.20000076293945,34.75,34.900001525878906,1222697
2024-12-09,35.20000076293945,35.400001525878906,34.75,34.849998474121094,1218276
2024-12-10,34.900001525878906,34.95000076293945,34.650001525878906,34.75,1086230
2024-12-11,34.75,34.79999923706055,34.20000076293945,34.45000076293945,1493215
2024-12-12,34.5,34.650001525878906,34.150001525878906,34.150001525878906,900366
2024-12-13,34.0,34.099998474121094,33.54999923706055,33.75,1817515
2024-12-16,33.900001525878906,34.20000076293945,33.5,33.5,1168122
2024-12-17,33.54999923706055,34.099998474121094,33.349998474121094,34.099998474121094,1491709
2024-12-18,34.0,34.349998474121094,33.70000076293945,34.150001525878906,906418
2024-12-19,33.70000076293945,34.0,33.599998474121094,33.75,921866
2024-12-20,33.650001525878906,34.0,33.650001525878906,33.75,787421
2024-12-23,33.79999923706055,34.25,33.79999923706055,34.04999923706055,806771
2024-12-24,34.29999923706055,34.599998474121094,33.95000076293945,33.95000076293945,896101
2024-12-25,34.349998474121094,34.349998474121094,33.900001525878906,34.04999923706055,650960
2024-12-26,34.29999923706055,34.5,34.0,34.0,933119
2024-12-27,34.099998474121094,34.29999923706055,33.95000076293945,34.04999923706055,472581
2024-12-30,34.099998474121094,34.099998474121094,33.599998474121094,33.599998474121094,917368
2024-12-31,33.400001525878906,33.599998474121094,33.20000076293945,33.45000076293945,1071304
2025-01-02,33.45000076293945,34.20000076293945,33.29999923706055,33.900001525878906,1021101
2025-01-03,33.900001525878906,34.400001525878906,33.849998474121094,34.0,1145412
2025-01-06,34.0,34.20000076293945,33.79999923706055,33.900001525878906,740215
2025-01-07,33.95000076293945,34.099998474121094,33.599998474121094,33.599998474121094,960209
2025-01-08,33.650001525878906,33.79999923706055,33.5,33.75,704168
2025-01-09,34.650001525878906,35.20000076293945,34.099998474121094,34.099998474121094,4490048
2025-01-10,34.25,34.54999923706055,33.900001525878906,34.099998474121094,1038064
2025-01-13,34.20000076293945,34.20000076293945,33.099998474121094,33.29999923706055,2136686
2025-01-14,33.5,33.70000076293945,33.25,33.599998474121094,792097
2025-01-15,33.599998474121094,33.849998474121094,33.5,33.54999923706055,571020
2025-01-16,33.70000076293945,33.900001525878906,33.70000076293945,33.70000076293945,600188
2025-01-17,33.70000076293945,33.95000076293945,33.70000076293945,33.95000076293945,603370
2025-01-20,34.0,34.04999923706055,33.70000076293945,34.04999923706055,1020044
2025-01-21,34.04999923706055,34.20000076293945,34.0,34.04999923706055,494500
2025-01-22,34.20000076293945,34.25,34.04999923706055,34.099998474121094,734663
2025-02-03,34.099998474121094,34.099998474121094,33.54999923706055,34.099998474121094,1010464
2025-02-04,34.20000076293945,34.20000076293945,33.849998474121094,34.04999923706055,602723
2025-02-05,34.20000076293945,34.599998474121094,34.099998474121094,34.54999923706055,1495921
2025-02-06,34.349998474121094,34.849998474121094,34.349998474121094,34.650001525878906,1341138
2025-02-07,34.79999923706055,34.79999923706055,34.599998474121094,34.599998474121094,855541
2025-02-10,34.349998474121094,34.70000076293945,34.349998474121094,34.5,788214
2025-02-11,34.5,34.75,34.400001525878906,34.400001525878906,1133830
2025-02-12,34.400001525878906,34.70000076293945,34.25,34.45000076293945,772105
2025-02-13,34.599998474121094,34.650001525878906,34.45000076293945,34.650001525878906,706108
2025-02-14,34.75,34.75,34.349998474121094,34.400001525878906,851582
2025-02-17,34.54999923706055,34.70000076293945,34.45000076293945,34.45000076293945,749050
2025-02-18,34.5,34.70000076293945,34.45000076293945,34.45000076293945,728274
2025-02-19,34.650001525878906,34.79999923706055,34.5,34.599998474121094,1128191
2025-02-20,34.79999923706055,35.150001525878906,34.70000076293945,35.0,2415426
2025-02-21,35.099998474121094,35.150001525878906,34.849998474121094,34.95000076293945,1311700
2025-02-24,34.900001525878906,35.04999923706055,34.849998474121094,34.95000076293945,961523
2025-02-25,34.900001525878906,34.95000076293945,34.70000076293945,34.75,870500
2025-02-26,34.79999923706055,35.650001525878906,34.79999923706055,35.25,3433592
2025-02-27,35.5,35.650001525878906,35.04999923706055,35.04999923706055,1795307
2025-03-03,34.900001525878906,35.150001525878906,34.650001525878906,35.150001525878906,898914
2025-03-04,34.70000076293945,35.20000076293945,34.5,35.20000076293945,949598
2025-03-05,35.20000076293945,35.45000076293945,35.0,35.400001525878906,909587
2025-03-06,35.5,35.5,35.20000076293945,35.20000076293945,850105
2025-03-07,35.400001525878906,36.20000076293945,35.29999923706055,35.70000076293945,6420610
2025-03-10,36.0,36.0,35.349998474121094,35.54999923706055,2070100
2025-03-11,35.0,36.20000076293945,34.5,36.04999923706055,3605638
2025-03-12,36.150001525878906,37.400001525878906,35.900001525878906,36.650001525878906,16159183
2025-03-13,36.95000076293945,37.20000076293945,36.150001525878906,36.20000076293945,6487420
2025-03-14,36.29999923706055,36.400001525878906,35.650001525878906,35.849998474121094,2709662
2025-03-17,35.70000076293945,35.900001525878906,35.45000076293945,35.5,2659883
2025-03-18,35.650001525878906,36.04999923706055,35.349998474121094,35.54999923706055,2510907
2025-03-19,35.70000076293945,35.849998474121094,35.349998474121094,35.400001525878906,1302028
2025-03-20,35.400001525878906,36.5,35.400001525878906,36.25,6647993
2025-03-21,36.25,36.25,35.54999923706055,35.75,2802405
2025-03-24,35.79999923706055,36.04999923706055,35.650001525878906,35.70000076293945,1745089
2025-03-25,35.900001525878906,36.34999847412109,35.599998474121094,35.900001525878906,3522559
2025-03-26,35.900001525878906,36.0,35.599998474121094,35.75,2181048
2025-03-27,35.5,35.5,35.20000076293945,35.349998474121094,2197789
2025-03-28,35.150001525878906,35.20000076293945,34.25,34.5,2838500
2025-03-31,33.79999923706055,33.95000076293945,33.29999923706055,33.599998474121094,2856014
2025-04-01,33.900001525878906,34.0,33.45000076293945,33.95000076293945,1875461
2025-04-02,34.0,34.150001525878906,33.70000076293945,34.150001525878906,853608
2025-04-07,30.75,30.75,30.75,30.75,700703
2025-04-08,28.25,30.049999237060547,28.25,30.0,5254325
2025-04-09,30.100000381469727,30.5,27.950000762939453,28.14999961853028,5986507
2025-04-10,30.950000762939453,30.950000762939453,30.600000381469727,30.950000762939453,3033433
2025-04-11,29.600000381469727,31.25,29.049999237060547,31.200000762939453,4490266
2025-04-14,31.39999961853028,32.20000076293945,31.049999237060547,31.200000762939453,2715077
2025-04-15,31.299999237060547,32.150001525878906,31.100000381469727,32.0,1843514
2025-04-16,31.950000762939453,32.0,31.5,31.549999237060547,1125341
2025-04-17,31.350000381469727,31.549999237060547,31.049999237060547,31.350000381469727,1043442
2025-04-18,31.600000381469727,31.64999961853028,31.299999237060547,31.350000381469727,789600
2025-04-21,31.25,31.25,30.64999961853028,30.89999961853028,1241357
2025-04-22,30.350000381469727,30.89999961853028,30.350000381469727,30.5,589140
2025-04-23,31.100000381469727,31.350000381469727,31.0,31.25,1147500
2025-04-24,31.5,31.5,31.049999237060547,31.200000762939453,700579
2025-04-25,31.549999237060547,31.75,31.450000762939453,31.64999961853028,921456
2025-04-28,31.850000381469727,32.5,31.850000381469727,32.45000076293945,1219470
2025-04-29,32.650001525878906,32.900001525878906,32.5,32.79999923706055,1084735
2025-04-30,32.79999923706055,33.099998474121094,32.599998474121094,32.79999923706055,1264797
2025-05-02,33.099998474121094,33.349998474121094,33.0,33.20000076293945,1070506
2025-05-05,33.25,33.400001525878906,31.799999237060547,32.099998474121094,1683488
2025-05-06,32.099998474121094,32.54999923706055,32.0,32.5,917231
2025-05-07,32.5,32.75,32.20000076293945,32.400001525878906,1224569
2025-05-08,32.400001525878906,32.70000076293945,32.349998474121094,32.54999923706055,963830
2025-05-09,32.70000076293945,33.099998474121094,32.70000076293945,33.0,1280867
2025-05-12,33.29999923706055,33.349998474121094,32.95000076293945,33.04999923706055,1261605
2025-05-13,33.5,33.79999923706055,33.29999923706055,33.349998474121094,1213038
2025-05-14,33.54999923706055,33.79999923706055,33.5,33.650001525878906,1454225
2025-05-15,33.70000076293945,33.70000076293945,33.29999923706055,33.349998474121094,1171068
2025-05-16,33.349998474121094,33.5,33.25,33.25,1083405
2025-05-19,33.25,33.650001525878906,33.0,33.400001525878906,2087763
2025-05-20,33.900001525878906,33.95000076293945,33.54999923706055,33.599998474121094,2576373
2025-05-21,33.900001525878906,33.900001525878906,33.5,33.79999923706055,2750423
2025-05-22,33.75,34.0,33.650001525878906,33.650001525878906,1277440
2025-05-23,33.70000076293945,33.70000076293945,33.349998474121094,33.400001525878906,1060698
2025-05-26,33.400001525878906,33.599998474121094,33.099998474121094,33.29999923706055,1217549
2025-05-27,33.29999923706055,33.400001525878906,32.849998474121094,32.900001525878906,1471591
2025-05-28,33.150001525878906,33.45000076293945,32.650001525878906,32.95000076293945,1627006
2025-05-29,32.95000076293945,33.150001525878906,32.849998474121094,32.900001525878906,1188339
2025-06-02,32.900001525878906,33.0,32.599998474121094,32.70000076293945,1489672
2025-06-03,33.0,33.79999923706055,33.0,33.650001525878906,3247163
2025-06-04,33.95000076293945,34.20000076293945,33.79999923706055,34.150001525878906,2576040
2025-06-05,34.20000076293945,34.400001525878906,33.900001525878906,34.0,2032370
2025-06-06,34.0,34.099998474121094,33.849998474121094,33.900001525878906,773074
2025-06-09,33.79999923706055,33.849998474121094,33.45000076293945,33.650001525878906,1159513
2025-06-10,33.70000076293945,34.0,33.650001525878906,33.70000076293945,1108533
2025-06-11,34.0,34.29999923706055,33.75,34.099998474121094,1632472
2025-06-12,34.25,34.25,33.900001525878906,33.95000076293945,782008
2025-06-13,33.75,33.79999923706055,33.5,33.5,835219
2025-06-16,33.29999923706055,33.650001525878906,33.25,33.5,329004
2025-06-17,33.75,33.900001525878906,33.54999923706055,33.599998474121094,418684
2025-06-18,33.599998474121094,34.0,33.599998474121094,33.79999923706055,585284
2025-06-19,33.79999923706055,33.79999923706055,33.650001525878906,33.650001525878906,433520
2025-06-20,33.70000076293945,33.70000076293945,33.099998474121094,33.099998474121094,1029179
2025-06-23,32.849998474121094,32.900001525878906,32.54999923706055,32.75,897541
2025-06-24,32.900001525878906,33.400001525878906,32.900001525878906,33.25,1108109
2025-06-25,33.5,33.54999923706055,33.25,33.25,588182
2025-06-26,33.29999923706055,33.79999923706055,33.29999923706055,33.5,777082
2025-06-27,33.54999923706055,33.900001525878906,33.5,33.849998474121094,866652
2025-06-30,33.849998474121094,33.849998474121094,33.29999923706055,33.29999923706055,766224
2025-07-01,33.349998474121094,33.79999923706055,33.04999923706055,33.54999923706055,2113250
2025-07-02,33.54999923706055,33.95000076293945,33.400001525878906,33.70000076293945,2051030
2025-07-03,33.70000076293945,34.0,33.70000076293945,33.95000076293945,905488
2025-07-04,34.20000076293945,34.20000076293945,33.70000076293945,33.79999923706055,682360
2025-07-07,33.599998474121094,33.650001525878906,33.29999923706055,33.650001525878906,567884
2025-07-08,33.650001525878906,33.70000076293945,33.349998474121094,33.5,412533
2025-07-09,33.5,33.95000076293945,33.5,33.650001525878906,528500
2025-07-10,33.650001525878906,34.0,33.650001525878906,33.79999923706055,718540
2025-07-11,33.70000076293945,34.150001525878906,33.70000076293945,33.900001525878906,1548323
2025-07-14,34.099998474121094,34.099998474121094,33.70000076293945,33.70000076293945,706317
2025-07-15,33.75,33.900001525878906,33.54999923706055,33.650001525878906,711825
2025-07-16,33.70000076293945,34.29999923706055,33.70000076293945,34.150001525878906,2010315
2025-07-17,34.29999923706055,34.599998474121094,34.20000076293945,34.54999923706055,1719327
2025-07-18,34.70000076293945,34.70000076293945,34.29999923706055,34.45000076293945,1024121
2025-07-21,34.349998474121094,34.54999923706055,34.29999923706055,34.349998474121094,803252
2025-07-22,34.349998474121094,34.45000076293945,33.70000076293945,33.79999923706055,1192097
2025-07-23,34.0,34.25,33.95000076293945,34.20000076293945,815100
2025-07-24,34.29999923706055,34.400001525878906,34.099998474121094,34.20000076293945,598685
2025-07-25,34.099998474121094,34.5,34.099998474121094,34.29999923706055,1302220
2025-07-28,34.29999923706055,34.650001525878906,34.25,34.400001525878906,1509095
2025-07-29,34.79999923706055,34.79999923706055,34.20000076293945,34.29999923706055,1942771
2025-07-30,34.400001525878906,34.5,34.099998474121094,34.349998474121094,1804030
2025-07-31,34.150001525878906,34.29999923706055,33.79999923706055,34.0,2398639
2025-08-04,34.599998474121094,35.45000076293945,34.54999923706055,35.20000076293945,7094547
2025-08-05,35.29999923706055,36.84999847412109,35.04999923706055,36.34999847412109,16284688
2025-08-06,36.09999847412109,36.09999847412109,35.54999923706055,35.900001525878906,5810748
2025-08-07,36.04999923706055,36.09999847412109,35.400001525878906,35.45000076293945,4768975
2025-08-08,35.5,35.70000076293945,35.29999923706055,35.400001525878906,6748151
2025-08-11,32.150001525878906,32.45000076293945,31.700000762939453,32.20000076293945,12281032
2025-08-12,31.950000762939453,32.400001525878906,31.75,32.20000076293945,3964018
2025-08-13,32.20000076293945,32.20000076293945,31.600000381469727,31.600000381469727,3845670
2025-08-14,31.200000762939453,31.200000762939453,30.5,30.700000762939453,4947011
2025-08-15,30.299999237060547,30.299999237060547,29.600000381469727,29.64999961853028,5475189
2025-08-18,29.5,29.5,28.75,29.0,7789269
2025-08-19,29.0,29.299999237060547,28.350000381469727,28.600000381469727,4930515
2025-08-20,28.549999237060547,28.549999237060547,27.799999237060547,28.0,5378606
2025-08-21,28.049999237060547,28.450000762939453,28.049999237060547,28.25,2621445
2025-08-22,28.25,28.350000381469727,27.950000762939453,28.049999237060547,2488250
2025-08-25,28.39999961853028,28.39999961853028,28.049999237060547,28.299999237060547,1350306
2025-08-26,28.299999237060547,28.299999237060547,28.0,28.049999237060547,1797657
2025-08-27,28.100000381469727,28.450000762939453,28.100000381469727,28.25,1458830
2025-08-28,28.299999237060547,28.64999961853028,28.200000762939453,28.39999961853028,1904726
2025-08-29,28.600000381469727,28.600000381469727,28.100000381469727,28.14999961853028,1946101
2025-09-01,27.799999237060547,28.450000762939453,27.799999237060547,27.799999237060547,2834472
2025-09-02,27.850000381469727,28.049999237060547,27.700000762939453,27.75,1090409
2025-09-03,27.75,28.0,27.75,27.799999237060547,792235
2025-09-04,27.89999961853028,28.299999237060547,27.89999961853028,28.200000762939453,1347510
2025-09-05,28.25,28.350000381469727,28.14999961853028,28.25,1075249
2025-09-08,28.25,28.39999961853028,28.14999961853028,28.25,1078643
2025-09-09,28.299999237060547,28.450000762939453,28.200000762939453,28.299999237060547,1250916
2025-09-10,28.299999237060547,28.450000762939453,28.200000762939453,28.350000381469727,1521451
2025-09-11,28.350000381469727,28.450000762939453,27.89999961853028,27.950000762939453,2158702
2025-09-12,28.14999961853028,28.299999237060547,28.049999237060547,28.25,942803
2025-09-15,28.299999237060547,28.450000762939453,28.14999961853028,28.299999237060547,1460293
2025-09-16,28.350000381469727,28.799999237060547,28.200000762939453,28.450000762939453,2514629
2025-09-17,28.450000762939453,28.75,28.299999237060547,28.350000381469727,1507628
2025-09-18,28.39999961853028,28.799999237060547,28.39999961853028,28.700000762939453,1422783
2025-09-19,28.700000762939453,28.950000762939453,28.549999237060547,28.75,2010699
2025-09-22,28.850000381469727,28.950000762939453,28.549999237060547,28.700000762939453,1199106
2025-09-23,28.5,28.700000762939453,28.200000762939453,28.25,1741301
2025-09-24,28.299999237060547,28.450000762939453,28.200000762939453,28.39999961853028,787835
2025-09-25,28.5,28.700000762939453,28.299999237060547,28.350000381469727,1113051
2025-09-26,28.299999237060547,28.299999237060547,27.700000762939453,27.799999237060547,1898617
2025-09-30,27.850000381469727,28.100000381469727,27.850000381469727,28.100000381469727,678672
2025-10-01,28.100000381469727,28.200000762939453,27.799999237060547,27.850000381469727,1242674
2025-10-02,27.850000381469727,28.0,27.600000381469727,28.0,1606723
2025-10-03,28.0,28.049999237060547,27.799999237060547,27.89999961853028,932901
2025-10-07,28.0,30.200000762939453,28.0,29.89999961853028,9381796
2025-10-08,30.100000381469727,30.450000762939453,29.75,30.450000762939453,10516526
2025-10-09,30.700000762939453,30.850000381469727,29.799999237060547,29.89999961853028,5906789
2025-10-13,28.799999237060547,29.049999237060547,28.5,29.0,3052354
2025-10-14,29.200000762939453,29.450000762939453,28.700000762939453,29.200000762939453,3487382
2025-10-15,29.200000762939453,29.200000762939453,28.850000381469727,29.100000381469727,2097797
2025-10-16,29.100000381469727,29.14999961853028,28.799999237060547,29.100000381469727,2446454
2025-10-17,29.0,29.600000381469727,28.89999961853028,29.25,1163224
2025-10-20,29.39999961853028,29.600000381469727,29.14999961853028,29.600000381469727,1497135
2025-10-21,29.600000381469727,29.89999961853028,29.600000381469727,29.89999961853028,1940376
2025-10-22,29.850000381469727,30.25,29.75,30.14999961853028,1962195
2025-10-23,30.0,30.14999961853028,29.89999961853028,30.100000381469727,1794709
2025-10-27,30.350000381469727,30.549999237060547,30.0,30.14999961853028,2047520
2025-10-28,30.350000381469727,30.350000381469727,30.0,30.14999961853028,1311537
2025-10-29,30.299999237060547,30.299999237060547,29.799999237060547,29.950000762939453,2074573
2025-10-30,29.950000762939453,30.0,29.39999961853028,29.39999961853028,1316357
2025-10-31,29.450000762939453,29.5,29.14999961853028,29.39999961853028,1312008
2025-11-03,29.600000381469727,29.64999961853028,29.25,29.39999961853028,766251
2025-11-04,29.39999961853028,29.39999961853028,29.0,29.0,1048464
2025-11-05,28.64999961853028,29.049999237060547,28.39999961853028,29.049999237060547,1791495
2025-11-06,29.200000762939453,29.450000762939453,29.049999237060547,29.450000762939453,1797667
2025-11-07,29.299999237060547,29.299999237060547,28.89999961853028,29.200000762939453,1597505
2025-11-10,29.0,29.5,29.0,29.5,999442
2025-11-11,29.799999237060547,31.350000381469727,29.75,31.0,12682630
2025-11-12,31.0,31.200000762939453,30.39999961853028,31.049999237060547,6487785
2025-11-13,31.350000381469727,31.350000381469727,30.64999961853028,30.799999237060547,3655600
2025-11-14,30.450000762939453,30.950000762939453,30.299999237060547,30.450000762939453,2312443
2025-11-17,30.700000762939453,30.850000381469727,30.049999237060547,30.14999961853028,3326808
2025-11-18,30.0,30.100000381469727,29.299999237060547,29.600000381469727,2121509
2025-11-19,29.5,29.5,28.850000381469727,29.350000381469727,2463782
2025-11-20,29.450000762939453,30.100000381469727,29.25,29.600000381469727,1634100
2025-11-21,29.14999961853028,29.700000762939453,28.950000762939453,29.049999237060547,1314301
2025-11-24,29.5,29.5,29.14999961853028,29.450000762939453,587202
2025-11-25,29.799999237060547,30.25,29.75,30.0,1509711
2025-11-26,30.200000762939453,30.39999961853028,30.049999237060547,30.200000762939453,956268
2025-11-27,30.200000762939453,30.299999237060547,30.049999237060547,30.299999237060547,799425
2025-11-28,30.299999237060547,30.600000381469727,30.14999961853028,30.549999237060547,1216810
2025-12-01,30.549999237060547,30.600000381469727,29.89999961853028,30.100000381469727,1272687
2025-12-02,30.100000381469727,30.299999237060547,30.100000381469727,30.14999961853028,963481
2025-12-03,30.25,30.39999961853028,30.049999237060547,30.100000381469727,705746
2025-12-04,30.14999961853028,30.299999237060547,30.100000381469727,30.14999961853028,595622
2025-12-05,30.0,30.25,29.799999237060547,30.100000381469727,744226
2025-12-08,29.89999961853028,30.450000762939453,29.89999961853028,30.450000762939453,897465
2025-12-09,30.64999961853028,31.14999961853028,30.64999961853028,30.850000381469727,2231660
2025-12-10,31.100000381469727,31.299999237060547,30.450000762939453,30.700000762939453,2431847
2025-12-11,30.89999961853028,30.89999961853028,30.100000381469727,30.75,1305867
2025-12-12,30.700000762939453,30.75,30.39999961853028,30.600000381469727,812189
2025-12-15,30.200000762939453,30.600000381469727,30.14999961853028,30.39999961853028,583417
2025-12-16,30.25,30.799999237060547,30.25,30.64999961853028,1079146
2025-12-17,30.850000381469727,31.299999237060547,30.64999961853028,30.64999961853028,1714205
2025-12-18,30.64999961853028,30.799999237060547,30.450000762939453,30.549999237060547,574520
2025-12-19,30.700000762939453,30.850000381469727,30.5,30.600000381469727,971660
2025-12-22,30.799999237060547,31.0,30.75,30.950000762939453,1613689
2025-12-23,31.0,31.100000381469727,30.700000762939453,30.799999237060547,645566
2025-12-24,30.799999237060547,30.850000381469727,30.549999237060547,30.600000381469727,553183
2025-12-26,30.549999237060547,30.549999237060547,30.100000381469727,30.39999961853028,1056502
2025-12-29,30.450000762939453,30.549999237060547,30.14999961853028,30.25,770530
2025-12-30,30.200000762939453,30.350000381469727,29.950000762939453,30.350000381469727,939057
2025-12-31,30.14999961853028,30.799999237060547,30.0,30.450000762939453,1468253
2026-01-02,30.89999961853028,31.600000381469727,30.75,31.299999237060547,11437965
2026-01-05,31.5,31.5,30.549999237060547,31.100000381469727,4423629
2026-01-06,31.299999237060547,32.150001525878906,30.850000381469727,31.950000762939453,6810012
2026-01-07,33.5,33.79999923706055,32.650001525878906,32.75,20639779
2026-01-08,32.29999923706055,32.29999923706055,31.200000762939453,31.5,5823919
2026-01-09,31.350000381469727,31.350000381469727,30.600000381469727,31.049999237060547,2684141
2026-01-12,30.89999961853028,31.75,30.64999961853028,31.200000762939453,5078917
2026-01-13,31.200000762939453,31.200000762939453,30.39999961853028,30.64999961853028,3266340
2026-01-14,30.700000762939453,31.299999237060547,30.549999237060547,30.89999961853028,2539728
2026-01-15,31.100000381469727,31.100000381469727,30.700000762939453,30.700000762939453,1369194
2026-01-16,30.89999961853028,30.89999961853028,30.5,30.549999237060547,1674352
2026-01-19,30.549999237060547,31.14999961853028,30.39999961853028,30.75,2289960
2026-01-20,30.850000381469727,30.850000381469727,30.5,30.549999237060547,1962637
2026-01-21,30.850000381469727,32.5,30.64999961853028,31.600000381469727,16455352
2026-01-22,31.64999961853028,31.64999961853028,30.89999961853028,31.200000762939453,3923481
2026-01-23,31.350000381469727,31.350000381469727,30.549999237060547,30.799999237060547,3176025
2026-01-26,30.799999237060547,30.799999237060547,30.5,30.700000762939453,1505388
2026-01-27,30.799999237060547,31.100000381469727,30.700000762939453,30.75,1342506
2026-01-28,31.0,31.25,30.600000381469727,30.75,2004962
2026-01-29,30.850000381469727,30.850000381469727,30.450000762939453,30.64999961853028,2140731
2026-01-30,30.64999961853028,31.25,30.100000381469727,30.799999237060547,4807041
2026-02-02,30.799999237060547,31.450000762939453,30.25,30.25,9528419
2026-02-03,30.549999237060547,31.950000762939453,30.5,30.950000762939453,11802330
2026-02-04,30.700000762939453,30.799999237060547,30.39999961853028,30.75,2348152
2026-02-05,30.700000762939453,30.850000381469727,30.25,30.5,2131376
2026-02-06,30.299999237060547,30.299999237060547,29.75,30.0,2129949
2026-02-09,30.299999237060547,30.350000381469727,29.799999237060547,29.89999961853028,1307270
2026-02-10,30.5,31.350000381469727,30.5,30.850000381469727,6262960
2026-02-11,31.0,31.75,30.799999237060547,31.549999237060547,5902054
2026-02-23,31.549999237060547,31.950000762939453,31.450000762939453,31.89999961853028,4818327
2026-02-24,31.850000381469727,32.0,31.350000381469727,31.89999961853028,3100297
2026-02-25,32.0,32.25,31.549999237060547,31.75,2452590
2026-02-26,31.89999961853028,32.400001525878906,31.700000762939453,31.850000381469727,4446021
2026-03-02,31.600000381469727,31.799999237060547,31.100000381469727,31.600000381469727,1669213
2026-03-03,31.600000381469727,31.64999961853028,30.700000762939453,30.700000762939453,2653062
2026-03-04,30.5,30.549999237060547,29.200000762939453,29.200000762939453,4046304
2026-03-05,29.700000762939453,30.450000762939453,29.700000762939453,30.25,2353296
2026-03-06,30.100000381469727,30.25,29.850000381469727,30.200000762939453,945135
2026-03-09,29.200000762939453,29.549999237060547,28.450000762939453,29.200000762939453,2230675
2026-03-10,29.700000762939453,29.89999961853028,29.0,29.39999961853028,3071050
2026-03-11,29.299999237060547,30.200000762939453,29.299999237060547,30.0,1325650
2026-03-12,29.700000762939453,30.350000381469727,29.700000762939453,30.350000381469727,1858916
2026-03-13,30.14999961853028,30.39999961853028,29.89999961853028,30.39999961853028,1332550
2026-03-16,31.25,32.45000076293945,31.100000381469727,31.850000381469727,6372605
2026-03-17,32.20000076293945,34.20000076293945,32.0,33.349998474121094,23268985
2026-03-18,33.650001525878906,35.20000076293945,33.54999923706055,34.650001525878906,26296108
2026-03-19,34.099998474121094,35.400001525878906,33.900001525878906,35.20000076293945,14259250
2026-03-20,38.45000076293945,38.45000076293945,35.400001525878906,35.75,47542327
2026-03-23,34.25,34.75,32.95000076293945,33.29999923706055,8685096
2026-03-24,33.95000076293945,34.400001525878906,32.79999923706055,33.150001525878906,5768608
2026-03-25,34.0,34.04999923706055,33.349998474121094,33.45000076293945,3479607
2026-03-26,33.70000076293945,33.70000076293945,32.900001525878906,33.099998474121094,4034187
2026-03-27,32.70000076293945,33.0,32.29999923706055,32.5,4781623
2026-03-30,32.150001525878906,32.900001525878906,31.950000762939453,32.29999923706055,3347008
2026-03-31,32.099998474121094,32.599998474121094,31.5,31.799999237060547,3923365
2026-04-01,32.5,32.70000076293945,32.400001525878906,32.599998474121094,2153602
2026-04-02,32.70000076293945,32.900001525878906,31.700000762939453,31.850000381469727,2595227
2026-04-07,32.0,32.650001525878906,32.0,32.45000076293945,2345379
2026-04-08,32.79999923706055,33.150001525878906,32.70000076293945,33.099998474121094,3446600
2026-04-09,33.349998474121094,33.349998474121094,32.70000076293945,33.0,2412097
2026-04-10,33.95000076293945,34.349998474121094,33.54999923706055,33.54999923706055,4968859
2026-04-13,33.54999923706055,34.29999923706055,33.29999923706055,34.29999923706055,3874175
2026-04-14,34.79999923706055,35.099998474121094,34.25,34.45000076293945,4968526
2026-04-15,34.79999923706055,34.79999923706055,33.099998474121094,33.900001525878906,3840815
2026-04-16,34.150001525878906,34.349998474121094,33.95000076293945,34.20000076293945,4068175
2026-04-17,34.79999923706055,35.5,34.599998474121094,34.650001525878906,5368685
2026-04-20,35.0,35.20000076293945,34.400001525878906,34.54999923706055,3712965
2026-04-21,34.849998474121094,34.900001525878906,34.45000076293945,34.849998474121094,3131682
2026-04-22,35.20000076293945,35.29999923706055,34.849998474121094,35.150001525878906,4323401
2026-04-23,35.599998474121094,35.70000076293945,34.04999923706055,35.0,6815136
2026-04-24,35.150001525878906,35.45000076293945,34.20000076293945,34.599998474121094,2911873
2026-04-27,34.650001525878906,35.79999923706055,34.0,35.650001525878906,8494299
2026-04-28,36.0,36.70000076293945,35.54999923706055,36.20000076293945,10315990
2026-04-29,36.20000076293945,36.25,35.5,35.849998474121094,3904936
2026-04-30,36.0,36.0,35.54999923706055,35.75,3139930
2026-05-04,36.54999923706055,38.75,36.45000076293945,37.900001525878906,30641916
2026-05-05,37.900001525878906,38.75,37.54999923706055,38.54999923706055,14049489
2026-05-06,40.79999923706055,42.400001525878906,40.45000076293945,42.400001525878906,51459088
2026-05-07,45.0,45.29999923706055,42.59999847412109,42.900001525878906,35897317
2026-05-08,42.400001525878906,45.0,41.95000076293945,43.84999847412109,21482335
2026-05-11,44.59999847412109,45.5,43.54999923706055,44.0,16638631
2026-05-12,44.0,44.59999847412109,42.25,44.45000076293945,16808489
2026-05-13,43.95000076293945,44.400001525878906,42.650001525878906,42.95000076293945,9099483
2026-05-14,43.34999847412109,46.75,43.29999923706055,46.400001525878906,27413007
2026-05-15,45.95000076293945,48.5,45.04999923706055,47.900001525878906,30397356
2026-05-18,47.29999923706055,48.75,46.84999847412109,48.70000076293945,30700996
2026-05-19,48.0,49.75,47.900001525878906,48.79999923706055,26720501
2026-05-20,49.150001525878906,52.5,48.95000076293945,51.400001525878906,43818407
2026-05-21,51.79999923706055,53.0,50.59999847412109,52.5,26496701
2026-05-22,53.0,55.29999923706055,52.29999923706055,53.900001525878906,23850001
2026-05-25,54.59999847412109,54.59999847412109,48.84999847412109,49.20000076293945,42556396
2026-05-26,49.20000076293945,50.79999923706055,48.84999847412109,50.29999923706055,17141580
2026-05-27,51.400001525878906,51.900001525878906,49.54999923706055,50.70000076293945,17551541
2026-05-28,51.09999847412109,51.70000076293945,49.79999923706055,50.09999847412109,12150208
2026-05-29,50.79999923706055,50.900001525878906,49.54999923706055,50.29999923706055,10533292
2026-06-01,50.29999923706055,50.5,48.04999923706055,48.84999847412109,17704026
2026-06-02,48.84999847412109,49.70000076293945,48.45000076293945,49.70000076293945,7723178
2026-06-03,50.5,50.5,49.59999847412109,49.650001525878906,7499733
2026-06-04,49.5,50.79999923706055,48.79999923706055,50.0,10600797
2026-06-05,52.0,54.0,49.84999847412109,51.79999923706055,31786361
2026-06-08,47.0,48.20000076293945,46.79999923706055,47.900001525878906,10791414
2026-06-09,49.0,52.29999923706055,48.900001525878906,51.0,18489495
2026-06-10,50.20000076293945,52.20000076293945,50.0,50.20000076293945,23675831
2026-06-11,49.900001525878906,50.400001525878906,48.25,49.70000076293945,9210313
2026-06-12,51.0,51.5,49.59999847412109,49.59999847412109,7920019
2026-06-15,50.59999847412109,50.79999923706055,49.5,49.59999847412109,6463380
2026-06-16,49.900001525878906,49.900001525878906,48.70000076293945,48.79999923706055,5365571
2026-06-17,48.5,48.95000076293945,47.79999923706055,48.900001525878906,5250325
2026-06-18,49.04999923706055,49.75,48.75,49.5,5290846
2026-06-22,50.400001525878906,51.70000076293945,50.0,51.20000076293945,13257637
2026-06-23,52.29999923706055,52.400001525878906,49.70000076293945,50.20000076293945,12907348
2026-06-24,49.75,50.59999847412109,49.29999923706055,50.0,5395545
2026-06-25,50.70000076293945,50.900001525878906,49.20000076293945,49.25,4916865
2026-06-26,49.09999847412109,51.29999923706055,48.79999923706055,49.0,11197830
2026-06-29,50.0,50.0,48.59999847412109,48.79999923706055,4434300
2026-06-30,49.45000076293945,49.70000076293945,49.09999847412109,49.400001525878906,2557088
2026-07-01,49.79999923706055,51.79999923706055,49.400001525878906,49.79999923706055,9759357
2026-07-02,49.45000076293945,50.5,48.84999847412109,50.400001525878906,3662379
2026-07-03,50.29999923706055,50.79999923706055,49.75,50.400001525878906,3407002
2026-07-06,50.900001525878906,51.29999923706055,50.20000076293945,50.400001525878906,3697261
2026-07-07,50.79999923706055,51.09999847412109,49.29999923706055,49.400001525878906,4338823
2026-07-08,49.79999923706055,49.95000076293945,48.84999847412109,49.59999847412109,2502300
2026-07-09,49.900001525878906,50.59999847412109,49.29999923706055,49.59999847412109,3104278
2026-07-10,49.59999847412109,49.59999847412109,49.59999847412109,49.59999847412109,0
2026-07-13,51.29999923706055,54.29999923706055,50.400001525878906,50.900001525878906,25578778
2026-07-14,51.09999847412109,51.70000076293945,49.75,50.59999847412109,11424649
2026-07-15,51.400001525878906,55.59999847412109,51.29999923706055,55.59999847412109,37379073
2026-07-16,56.0,59.400001525878906,53.29999923706055,54.20000076293945,60924911
2026-07-17,51.70000076293945,52.59999847412109,48.79999923706055,48.79999923706055,27345633
2026-07-20,47.95000076293945,48.79999923706055,45.5,47.900001525878906,16340570
2026-07-21,48.29999923706055,49.75,48.25,49.29999923706055,7347781
2026-07-22,49.70000076293945,51.0,49.70000076293945,50.20000076293945,7479595
2026-07-23,50.5,50.59999847412109,49.45000076293945,50.5,5024358
2026-07-24,49.79999923706055,51.59999847412109,49.59999847412109,50.0,6015488
2026-07-27,50.09999847412109,50.09999847412109,48.04999923706055,48.95000076293945,5887409
2026-07-28,47.45000076293945,47.75,45.70000076293945,45.95000076293945,7398667
2026-07-29,45.95000076293945,46.25,41.95000076293945,43.45000076293945,10578331
2026-07-30,43.04999923706055,43.84999847412109,41.84999847412109,42.09999847412109,6289598
2026-07-31,44.95000076293945,45.5,43.900001525878906,44.29999923706055,5144762
2026-08-03,44.0,47.29999923706055,43.70000076293945,46.70000076293945,5310833
2026-08-04,46.150001525878906,48.45000076293945,46.0,48.20000076293945,5665599
2026-08-05,48.95000076293945,49.34999847412109,47.54999923706055,47.79999923706055,8180026
2026-08-06,46.34999847412109,48.0,46.04999923706055,47.84999847412109,6819291
2026-08-07,48.29999923706055,48.34999847412109,46.5,47.04999923706055,3618103
2026-08-10,47.70000076293945,49.84999847412109,47.59999847412109,49.34999847412109,7778651
2026-08-11,49.34999847412109,51.0,49.34999847412109,50.400001525878906,8531996
2026-08-12,50.59999847412109,52.79999923706055,50.20000076293945,50.29999923706055,8632254
2026-08-13,50.900001525878906,50.900001525878906,48.34999847412109,48.59999847412109,14067787
2026-08-14,48.5,50.0,48.0,48.25,6253517
2026-08-17,48.25,48.70000076293945,46.5,46.70000076293945,7783481
2026-08-18,46.79999923706055,46.95000076293945,45.5,45.59999847412109,4550482
2026-08-19,45.0,45.34999847412109,44.29999923706055,45.0,4412428
2026-08-20,45.45000076293945,45.70000076293945,44.900001525878906,45.34999847412109,4547306
2026-08-21,45.150001525878906,45.84999847412109,44.75,45.45000076293945,3448574
2026-08-24,45.59999847412109,47.400001525878906,45.54999923706055,46.79999923706055,5272962
2026-08-25,46.79999923706055,46.79999923706055,45.400001525878906,45.95000076293945,3062696
2026-08-26,46.09999847412109,46.150001525878906,45.29999923706055,45.400001525878906,4001471
2026-08-27,45.5,45.75,45.0,45.20000076293945,2802352
2026-08-28,45.75,46.04999923706055,45.04999923706055,45.04999923706055,3456300
2026-08-31,45.04999923706055,45.04999923706055,44.150001525878906,44.54999923706055,2623702
2026-09-01,44.70000076293945,44.95000076293945,44.20000076293945,44.25,3581938
2026-09-02,44.150001525878906,44.79999923706055,43.79999923706055,44.650001525878906,2334705
2026-09-03,44.70000076293945,45.0,44.09999847412109,44.150001525878906,2779973
2026-09-04,44.54999923706055,44.650001525878906,43.54999923706055,43.95000076293945,3376533
2026-09-07,44.29999923706055,44.54999923706055,43.20000076293945,43.25,4180195
2026-09-08,43.5,43.70000076293945,42.79999923706055,43.29999923706055,2431611
2026-09-09,43.04999923706055,43.09999847412109,41.29999923706055,41.84999847412109,9983240
2026-09-10,41.95000076293945,42.25,41.45000076293945,42.04999923706055,2930566
2026-09-11,41.5,41.95000076293945,41.34999847412109,41.54999923706055,2010914
2026-09-14,41.400001525878906,41.75,40.25,41.400001525878906,2796023
2026-09-15,41.25,41.59999847412109,40.79999923706055,40.79999923706055,2325534
2026-09-16,41.09999847412109,41.54999923706055,40.95000076293945,41.5,1543750
2026-09-17,41.84999847412109,42.0,41.20000076293945,41.79999923706055,2028502
2026-09-18,42.09999847412109,42.29999923706055,41.59999847412109,41.59999847412109,2423363
2026-09-21,41.84999847412109,42.04999923706055,41.5,41.900001525878906,1663350
2026-09-22,42.29999923706055,42.34999847412109,41.400001525878906,41.45000076293945,2190683
2026-09-23,42.5,42.79999923706055,41.5,41.59999847412109,3205793
2026-09-24,41.59999847412109,41.84999847412109,41.09999847412109,41.79999923706055,1638880
2026-09-29,41.79999923706055,42.349998474121094,41.70000076293945,42.0,2095768
2026-09-30,42.349998474121094,43.0,42.20000076293945,42.599998474121094,3068446
2026-10-01,42.79999923706055,42.79999923706055,42.29999923706055,42.400001525878906,1449316
2026-10-02,42.45000076293945,42.79999923706055,42.20000076293945,42.400001525878906,1675376
2026-10-05,42.75,42.900001525878906,42.349998474121094,42.400001525878906,2217001
