date,open,high,low,close,volume
2020-01-02,17.409090042114258,17.77272605895996,17.318180084228516,17.727272033691406,1940843
2020-01-03,17.909090042114258,18.045454025268555,17.636362075805664,17.77272605895996,6646564
2020-01-06,17.77272605895996,17.77272605895996,17.136362075805664,17.27272605895996,1230644
2020-01-07,17.27272605895996,17.363636016845703,17.0,17.09090805053711,975267
2020-01-08,16.909090042114258,16.909090042114258,16.5,16.545454025268555,1941034
2020-01-09,16.545454025268555,16.818180084228516,16.545454025268555,16.727272033691406,560364
2020-01-10,16.863636016845703,16.863636016845703,16.636362075805664,16.77272605895996,538536
2020-01-13,16.818180084228516,16.909090042114258,16.818180084228516,16.863636016845703,409596
2020-01-14,16.909090042114258,17.045454025268555,16.909090042114258,17.0,625442
2020-01-15,17.045454025268555,17.045454025268555,16.863636016845703,16.863636016845703,372319
2020-01-16,16.863636016845703,16.954544067382812,16.818180084228516,16.954544067382812,316472
2020-01-17,17.0,17.0,16.818180084228516,16.818180084228516,482383
2020-01-20,16.818180084228516,16.909090042114258,16.818180084228516,16.818180084228516,298904
2020-01-30,15.181818008422852,15.681818008422852,15.13636302947998,15.13636302947998,2543145
2020-01-31,14.954545021057127,15.5,14.818181037902832,15.181818008422852,1172805
2020-02-03,14.818181037902832,14.818181037902832,13.954545021057127,14.318181037902832,1781882
2020-02-04,17.18181800842285,17.27272605895996,15.13636302947998,15.13636302947998,967802
2020-02-05,15.227272033691406,15.590909004211426,15.0,15.318181037902832,1047774
2020-02-06,15.363636016845703,15.545454025268556,15.363636016845703,15.409090042114258,466720
2020-02-07,15.409090042114258,15.409090042114258,15.13636302947998,15.227272033691406,373479
2020-02-10,15.0,15.0,14.818181037902832,14.909090042114258,406469
2020-02-11,15.0,15.13636302947998,14.954545021057127,15.0,234512
2020-02-12,15.045454025268556,15.181818008422852,15.0,15.13636302947998,339480
2020-02-13,15.227272033691406,15.227272033691406,15.090909004211426,15.090909004211426,483297
2020-02-14,15.090909004211426,15.181818008422852,15.045454025268556,15.090909004211426,214086
2020-02-17,15.13636302947998,15.13636302947998,14.954545021057127,15.0,371483
2020-02-18,15.0,15.090909004211426,14.909090042114258,15.090909004211426,339618
2020-02-19,15.090909004211426,15.13636302947998,14.954545021057127,15.045454025268556,291176
2020-02-20,15.090909004211426,15.181818008422852,15.045454025268556,15.090909004211426,371235
2020-02-21,15.090909004211426,15.181818008422852,15.045454025268556,15.090909004211426,418552
2020-02-24,15.090909004211426,15.13636302947998,15.045454025268556,15.13636302947998,462111
2020-02-25,14.727272033691406,15.045454025268556,14.727272033691406,14.818181037902832,642431
2020-02-26,14.772727012634276,15.0,14.545454025268556,14.681818008422852,610988
2020-02-27,14.727272033691406,14.727272033691406,14.272727012634276,14.318181037902832,948707
2020-03-02,13.681818008422852,14.454545021057127,13.63636302947998,14.272727012634276,615230
2020-03-03,14.363636016845703,14.590909004211426,14.363636016845703,14.454545021057127,378732
2020-03-04,14.545454025268556,14.545454025268556,14.227272033691406,14.363636016845703,321445
2020-03-05,14.545454025268556,14.590909004211426,14.363636016845703,14.454545021057127,459468
2020-03-06,14.454545021057127,14.454545021057127,14.272727012634276,14.363636016845703,257823
2020-03-09,14.181818008422852,14.181818008422852,13.681818008422852,13.772727012634276,1086347
2020-03-10,13.63636302947998,14.090909004211426,13.454545021057127,13.954545021057127,929593
2020-03-11,14.227272033691406,14.272727012634276,13.772727012634276,13.818181037902832,624270
2020-03-12,13.5,13.545454025268556,12.818181037902832,12.863636016845703,1589332
2020-03-13,11.727272033691406,12.318181037902832,11.590909004211426,12.181818008422852,1520844
2020-03-16,12.590909004211426,13.0,12.13636302947998,12.272727012634276,2501841
2020-03-17,11.681818008422852,12.272727012634276,11.681818008422852,12.090909004211426,1479431
2020-03-18,12.772727012634276,13.0,12.363636016845703,12.363636016845703,3043407
2020-03-19,12.090909004211426,12.272727012634276,11.590909004211426,11.727272033691406,2575321
2020-03-20,12.272727012634276,12.727272033691406,11.909090042114258,12.454545021057127,1704630
2020-03-23,11.909090042114258,12.318181037902832,11.863636016845703,12.272727012634276,897474
2020-03-24,12.5,12.909090042114258,12.5,12.909090042114258,1467265
2020-03-25,13.409090042114258,13.590909004211426,13.181818008422852,13.227272033691406,2898876
2020-03-26,13.227272033691406,13.272727012634276,12.909090042114258,13.181818008422852,758519
2020-03-27,13.454545021057127,13.454545021057127,12.909090042114258,12.909090042114258,1469144
2020-03-30,12.5,12.909090042114258,12.272727012634276,12.863636016845703,742606
2020-03-31,12.909090042114258,13.090909004211426,12.863636016845703,13.045454025268556,543555
2020-04-01,13.045454025268556,13.181818008422852,12.727272033691406,13.13636302947998,810165
2020-04-06,13.272727012634276,13.272727012634276,12.909090042114258,13.227272033691406,554023
2020-04-07,13.272727012634276,13.727272033691406,13.272727012634276,13.681818008422852,1607547
2020-04-08,13.681818008422852,14.409090042114258,13.681818008422852,13.863636016845703,5095355
2020-04-09,14.090909004211426,14.272727012634276,13.727272033691406,14.090909004211426,2750858
2020-04-10,13.954545021057127,14.090909004211426,13.909090042114258,14.090909004211426,805920
2020-04-13,14.227272033691406,14.227272033691406,14.0,14.045454025268556,916392
2020-04-14,14.181818008422852,14.272727012634276,14.090909004211426,14.272727012634276,1037240
2020-04-15,14.363636016845703,15.0,14.272727012634276,14.772727012634276,2408890
2020-04-16,14.818181037902832,15.090909004211426,14.681818008422852,14.863636016845703,3654942
2020-04-17,15.045454025268556,15.181818008422852,14.590909004211426,14.590909004211426,1801705
2020-04-20,14.63636302947998,14.772727012634276,14.409090042114258,14.590909004211426,687848
2020-04-21,14.545454025268556,14.63636302947998,14.181818008422852,14.181818008422852,910522
2020-04-22,14.0,14.454545021057127,14.0,14.409090042114258,757106
2020-04-23,14.63636302947998,14.63636302947998,14.454545021057127,14.5,594473
2020-04-24,14.545454025268556,14.681818008422852,14.5,14.590909004211426,380821
2020-04-27,14.63636302947998,15.13636302947998,14.63636302947998,14.954545021057127,1193992
2020-04-28,15.090909004211426,15.090909004211426,14.818181037902832,14.954545021057127,641410
2020-04-29,14.954545021057127,15.045454025268556,14.863636016845703,14.909090042114258,963466
2020-04-30,15.0,15.13636302947998,14.954545021057127,15.045454025268556,1022370
2020-05-04,15.0,15.0,14.772727012634276,14.909090042114258,606727
2020-05-05,15.0,15.0,14.863636016845703,15.0,566002
2020-05-06,15.0,15.363636016845703,15.0,15.227272033691406,2933810
2020-05-07,15.181818008422852,15.363636016845703,15.181818008422852,15.318181037902832,775877
2020-05-08,15.5,15.545454025268556,15.272727012634276,15.318181037902832,562431
2020-05-11,15.590909004211426,15.863636016845703,15.454545021057127,15.818181037902832,1754494
2020-05-12,15.818181037902832,16.09090805053711,15.590909004211426,16.09090805053711,1408941
2020-05-13,16.545454025268555,16.68181800842285,16.227272033691406,16.318180084228516,5247000
2020-05-14,16.27272605895996,16.27272605895996,15.727272033691406,15.772727012634276,1835076
2020-05-15,15.954545021057127,16.045454025268555,15.5,15.590909004211426,945012
2020-05-18,15.590909004211426,16.363636016845703,15.590909004211426,16.227272033691406,1746239
2020-05-19,16.454544067382812,16.5,16.0,16.09090805053711,2760399
2020-05-20,16.136362075805664,16.136362075805664,15.909090042114258,16.045454025268555,758607
2020-05-21,16.136362075805664,16.545454025268555,16.136362075805664,16.5,2808538
2020-05-22,16.5,16.545454025268555,15.954545021057127,16.0,4074131
2020-05-25,16.18181800842285,16.454544067382812,15.909090042114258,16.363636016845703,1803271
2020-05-26,16.454544067382812,16.454544067382812,16.18181800842285,16.18181800842285,1038423
2020-05-27,16.27272605895996,16.27272605895996,16.136362075805664,16.227272033691406,598420
2020-05-28,16.27272605895996,16.318180084228516,16.0,16.09090805053711,742479
2020-05-29,16.045454025268555,16.18181800842285,16.0,16.045454025268555,351301
2020-06-01,16.136362075805664,16.27272605895996,16.136362075805664,16.227272033691406,555449
2020-06-02,16.318180084228516,17.09090805053711,16.227272033691406,17.09090805053711,5240788
2020-06-03,17.045454025268555,17.363636016845703,16.77272605895996,17.045454025268555,8824230
2020-06-04,16.954544067382812,17.045454025268555,16.77272605895996,16.77272605895996,2198552
2020-06-05,16.77272605895996,16.954544067382812,16.68181800842285,16.818180084228516,1172996
2020-06-08,16.863636016845703,17.227272033691406,16.818180084228516,16.909090042114258,1243232
2020-06-09,16.77272605895996,16.818180084228516,16.5,16.5,1462917
2020-06-10,16.545454025268555,16.545454025268555,16.27272605895996,16.409090042114258,861592
2020-06-11,16.363636016845703,16.545454025268555,16.0,16.0,1342782
2020-06-12,15.363636016845703,15.954545021057127,15.363636016845703,15.909090042114258,1010901
2020-06-15,15.954545021057127,16.09090805053711,15.863636016845703,15.909090042114258,520996
2020-06-16,16.0,16.136362075805664,15.909090042114258,16.09090805053711,633337
2020-06-17,16.136362075805664,16.227272033691406,16.0,16.136362075805664,409689
2020-06-18,16.27272605895996,16.27272605895996,16.09090805053711,16.18181800842285,397593
2020-06-19,16.18181800842285,16.409090042114258,16.18181800842285,16.318180084228516,809352
2020-06-22,16.454544067382812,16.545454025268555,16.318180084228516,16.318180084228516,636673
2020-06-23,16.409090042114258,16.454544067382812,16.18181800842285,16.18181800842285,462176
2020-06-24,16.454544067382812,16.454544067382812,16.18181800842285,16.227272033691406,467274
2020-06-29,16.045454025268555,16.409090042114258,16.0,16.18181800842285,827201
2020-06-30,16.318180084228516,16.318180084228516,16.18181800842285,16.27272605895996,437208
2020-07-01,16.363636016845703,16.454544067382812,16.27272605895996,16.318180084228516,1117470
2020-07-02,16.363636016845703,16.545454025268555,16.318180084228516,16.545454025268555,1153303
2020-07-03,16.59090805053711,16.77272605895996,16.59090805053711,16.68181800842285,1384769
2020-07-06,16.77272605895996,16.77272605895996,16.636362075805664,16.727272033691406,1599089
2020-07-07,16.818180084228516,16.909090042114258,16.68181800842285,16.68181800842285,3091355
2020-07-08,15.818181037902832,16.0,15.772727012634276,15.863636016845703,1849103
2020-07-09,15.954545021057127,15.954545021057127,15.63636302947998,15.681818008422852,1210020
2020-07-10,15.681818008422852,15.681818008422852,15.181818008422852,15.272727012634276,1187432
2020-07-13,15.454545021057127,15.454545021057127,15.13636302947998,15.409090042114258,571171
2020-07-14,15.409090042114258,15.409090042114258,15.090909004211426,15.090909004211426,757468
2020-07-15,15.13636302947998,15.227272033691406,15.0,15.0,640370
2020-07-16,15.090909004211426,15.227272033691406,15.090909004211426,15.227272033691406,361461
2020-07-17,15.272727012634276,15.363636016845703,15.0,15.0,521133
2020-07-20,15.045454025268556,15.090909004211426,14.818181037902832,15.0,381146
2020-07-21,15.0,15.318181037902832,15.0,15.13636302947998,509041
2020-07-22,15.13636302947998,15.363636016845703,15.13636302947998,15.272727012634276,478918
2020-07-23,15.318181037902832,15.318181037902832,15.181818008422852,15.318181037902832,313495
2020-07-24,15.318181037902832,15.318181037902832,14.954545021057127,15.045454025268556,566764
2020-07-27,15.045454025268556,15.13636302947998,14.545454025268556,14.63636302947998,685408
2020-07-28,14.772727012634276,14.772727012634276,14.409090042114258,14.5,771169
2020-07-29,14.5,14.681818008422852,14.363636016845703,14.590909004211426,612635
2020-07-30,14.727272033691406,15.13636302947998,14.63636302947998,15.0,570671
2020-07-31,15.0,15.227272033691406,14.954545021057127,15.181818008422852,452890
2020-08-03,15.181818008422852,15.227272033691406,15.045454025268556,15.090909004211426,495534
2020-08-04,15.227272033691406,15.227272033691406,15.045454025268556,15.181818008422852,363728
2020-08-05,15.181818008422852,15.227272033691406,15.090909004211426,15.090909004211426,363035
2020-08-06,15.13636302947998,15.227272033691406,15.045454025268556,15.13636302947998,523256
2020-08-07,15.13636302947998,15.5,15.13636302947998,15.409090042114258,1004769
2020-08-10,15.63636302947998,16.0,15.63636302947998,15.954545021057127,2072758
2020-08-11,16.045454025268555,16.59090805053711,15.954545021057127,16.5,4270783
2020-08-12,16.5,16.636362075805664,15.727272033691406,16.18181800842285,3781753
2020-08-13,16.318180084228516,16.5,16.045454025268555,16.136362075805664,4086215
2020-08-14,16.136362075805664,16.227272033691406,16.0,16.18181800842285,1182273
2020-08-17,16.363636016845703,16.454544067382812,16.227272033691406,16.363636016845703,1804523
2020-08-18,16.363636016845703,16.636362075805664,16.18181800842285,16.59090805053711,2175444
2020-08-19,17.045454025268555,17.409090042114258,16.727272033691406,16.818180084228516,9458293
2020-08-20,16.636362075805664,16.636362075805664,15.727272033691406,16.09090805053711,3008390
2020-08-21,16.59090805053711,16.59090805053711,16.227272033691406,16.318180084228516,1312110
2020-08-24,16.59090805053711,17.0,16.454544067382812,16.863636016845703,3047727
2020-08-25,17.0,17.227272033691406,16.727272033691406,17.136362075805664,2420178
2020-08-26,17.318180084228516,17.59090805053711,17.09090805053711,17.09090805053711,7413562
2020-08-27,17.0,17.18181800842285,16.77272605895996,16.818180084228516,1742570
2020-08-28,16.818180084228516,17.09090805053711,16.818180084228516,16.818180084228516,1471808
2020-08-31,16.909090042114258,16.954544067382812,16.77272605895996,16.77272605895996,785844
2020-09-01,16.77272605895996,16.954544067382812,16.545454025268555,16.636362075805664,1233213
2020-09-02,16.68181800842285,16.818180084228516,16.409090042114258,16.545454025268555,1806367
2020-09-03,16.545454025268555,16.77272605895996,16.545454025268555,16.545454025268555,1270461
2020-09-04,16.27272605895996,16.454544067382812,16.136362075805664,16.318180084228516,1806825
2020-09-07,16.318180084228516,16.545454025268555,16.318180084228516,16.409090042114258,683434
2020-09-08,16.5,16.545454025268555,16.363636016845703,16.409090042114258,854338
2020-09-09,16.409090042114258,16.409090042114258,16.18181800842285,16.363636016845703,832835
2020-09-10,16.5,16.5,16.136362075805664,16.227272033691406,1046744
2020-09-11,16.18181800842285,16.227272033691406,15.818181037902832,15.863636016845703,1662045
2020-09-14,15.954545021057127,16.5,15.863636016845703,16.5,2682039
2020-09-15,16.545454025268555,16.77272605895996,16.409090042114258,16.68181800842285,8046442
2020-09-16,16.636362075805664,16.727272033691406,16.454544067382812,16.454544067382812,1298426
2020-09-17,16.454544067382812,16.545454025268555,16.318180084228516,16.409090042114258,1307873
2020-09-18,16.409090042114258,16.545454025268555,16.363636016845703,16.409090042114258,592706
2020-09-21,16.454544067382812,16.454544067382812,16.136362075805664,16.18181800842285,1024576
2020-09-22,16.18181800842285,16.227272033691406,15.909090042114258,16.0,952285
2020-09-23,16.09090805053711,16.09090805053711,15.863636016845703,15.863636016845703,1224578
2020-09-24,15.727272033691406,15.727272033691406,15.454545021057127,15.5,1381655
2020-09-25,15.909090042114258,16.09090805053711,15.272727012634276,15.545454025268556,2726578
2020-09-28,15.545454025268556,15.727272033691406,15.545454025268556,15.681818008422852,490123
2020-09-29,15.727272033691406,15.727272033691406,15.5,15.545454025268556,545263
2020-09-30,15.545454025268556,15.63636302947998,15.5,15.590909004211426,420202
2020-10-05,15.545454025268556,15.863636016845703,15.545454025268556,15.818181037902832,736914
2020-10-06,15.818181037902832,15.954545021057127,15.818181037902832,15.863636016845703,483798
2020-10-07,15.818181037902832,15.954545021057127,15.772727012634276,15.909090042114258,526944
2020-10-08,16.0,16.045454025268555,15.818181037902832,15.909090042114258,631138
2020-10-12,15.909090042114258,16.0,15.727272033691406,15.772727012634276,614933
2020-10-13,15.727272033691406,15.818181037902832,15.63636302947998,15.818181037902832,550573
2020-10-14,15.863636016845703,16.363636016845703,15.818181037902832,16.318180084228516,2394624
2020-10-15,16.045454025268555,16.5,16.045454025268555,16.363636016845703,1888480
2020-10-16,16.363636016845703,16.454544067382812,16.18181800842285,16.363636016845703,1410531
2020-10-19,16.454544067382812,16.454544067382812,16.27272605895996,16.318180084228516,687778
2020-10-20,16.318180084228516,16.318180084228516,16.136362075805664,16.18181800842285,750588
2020-10-21,16.363636016845703,16.5,16.227272033691406,16.27272605895996,953768
2020-10-22,16.363636016845703,16.77272605895996,16.318180084228516,16.68181800842285,3093525
2020-10-23,16.545454025268555,16.909090042114258,16.545454025268555,16.77272605895996,3102286
2020-10-26,16.818180084228516,16.909090042114258,16.59090805053711,16.727272033691406,1026688
2020-10-27,16.5,16.727272033691406,16.5,16.545454025268555,748359
2020-10-28,16.545454025268555,16.727272033691406,16.5,16.5,700730
2020-10-29,16.27272605895996,16.454544067382812,16.136362075805664,16.409090042114258,900267
2020-10-30,16.454544067382812,16.77272605895996,16.454544067382812,16.545454025268555,1625010
2020-11-02,16.545454025268555,16.727272033691406,16.5,16.636362075805664,992748
2020-11-03,16.727272033691406,16.954544067382812,16.636362075805664,16.818180084228516,1928074
2020-11-04,16.863636016845703,16.954544067382812,16.77272605895996,16.77272605895996,1006721
2020-11-05,17.045454025268555,17.09090805053711,16.818180084228516,16.818180084228516,1650145
2020-11-06,16.818180084228516,17.0,16.818180084228516,16.818180084228516,742634
2020-11-09,17.0,17.0,16.818180084228516,16.909090042114258,1074882
2020-11-10,17.0,17.0,16.863636016845703,16.954544067382812,1001727
2020-11-11,17.0,17.363636016845703,16.954544067382812,17.363636016845703,2459862
2020-11-12,18.227272033691406,18.40909004211425,17.727272033691406,17.818180084228516,7427885
2020-11-13,17.77272605895996,18.18181800842285,17.77272605895996,18.136362075805664,4435951
2020-11-16,18.545454025268555,19.0,18.45454406738281,18.545454025268555,7233267
2020-11-17,18.59090805053711,18.81818008422852,18.40909004211425,18.45454406738281,4172974
2020-11-18,18.636362075805664,18.727272033691406,18.45454406738281,18.636362075805664,2326935
2020-11-19,18.68181800842285,19.27272605895996,18.59090805053711,19.045454025268555,5305812
2020-11-20,19.0,19.90909004211425,19.0,19.636362075805664,6249819
2020-11-23,20.0,20.40909004211425,19.727272033691406,20.40909004211425,5980107
2020-11-24,20.45454406738281,21.045454025268555,20.31818008422852,20.863636016845703,5876641
2020-11-25,20.81818008422852,21.136362075805664,20.18181800842285,20.40909004211425,5237431
2020-11-26,20.545454025268555,20.727272033691406,20.31818008422852,20.59090805053711,2419861
2020-11-27,20.90909004211425,21.0,20.59090805053711,20.77272605895996,2284233
2020-11-30,20.727272033691406,21.045454025268555,20.636362075805664,20.863636016845703,2308329
2020-12-01,20.90909004211425,20.95454406738281,20.5,20.81818008422852,2364561
2020-12-02,21.0,21.68181800842285,20.68181800842285,21.27272605895996,4390943
2020-12-03,21.136362075805664,21.363636016845703,20.77272605895996,20.95454406738281,3784292
2020-12-04,20.81818008422852,20.95454406738281,20.636362075805664,20.863636016845703,2444874
2020-12-07,21.045454025268555,21.18181800842285,20.727272033691406,20.90909004211425,1879806
2020-12-08,21.18181800842285,21.545454025268555,20.90909004211425,21.363636016845703,3688906
2020-12-09,22.363636016845703,23.136362075805664,22.0,22.5,10094786
2020-12-10,22.31818008422852,22.31818008422852,21.81818008422852,22.0,3487169
2020-12-11,22.227272033691406,22.227272033691406,21.363636016845703,21.59090805053711,3696180
2020-12-14,21.727272033691406,21.77272605895996,21.545454025268555,21.545454025268555,1470929
2020-12-15,21.45454406738281,21.5,20.95454406738281,20.95454406738281,3988177
2020-12-16,21.545454025268555,21.727272033691406,21.363636016845703,21.545454025268555,4934127
2020-12-17,21.363636016845703,21.45454406738281,21.0,21.227272033691406,2099141
2020-12-18,21.227272033691406,21.27272605895996,20.81818008422852,20.863636016845703,2829834
2020-12-21,20.863636016845703,20.863636016845703,20.45454406738281,20.727272033691406,2194393
2020-12-22,20.727272033691406,20.863636016845703,20.636362075805664,20.727272033691406,1939092
2020-12-23,20.545454025268555,21.045454025268555,20.545454025268555,20.90909004211425,1549000
2020-12-24,20.90909004211425,21.227272033691406,20.90909004211425,21.09090805053711,1565850
2020-12-25,21.136362075805664,21.18181800842285,20.95454406738281,21.045454025268555,1122564
2020-12-28,21.09090805053711,21.77272605895996,21.09090805053711,21.68181800842285,2849860
2020-12-29,21.545454025268555,21.727272033691406,21.227272033691406,21.45454406738281,1743691
2020-12-30,21.636362075805664,21.636362075805664,21.31818008422852,21.363636016845703,959145
2020-12-31,21.363636016845703,21.45454406738281,21.18181800842285,21.31818008422852,910603
2021-01-04,21.40909004211425,22.0,21.363636016845703,21.90909004211425,2696921
2021-01-05,21.81818008422852,22.136362075805664,21.727272033691406,22.0,2622126
2021-01-06,22.227272033691406,22.227272033691406,21.18181800842285,21.363636016845703,2875183
2021-01-07,21.45454406738281,22.27272605895996,21.40909004211425,22.136362075805664,2291366
2021-01-08,22.31818008422852,23.545454025268555,22.18181800842285,22.27272605895996,16496592
2021-01-11,22.27272605895996,22.27272605895996,21.81818008422852,21.90909004211425,3525593
2021-01-12,21.90909004211425,22.18181800842285,21.18181800842285,21.27272605895996,4600805
2021-01-13,21.31818008422852,21.636362075805664,21.18181800842285,21.5,1744666
2021-01-14,21.5,21.81818008422852,21.045454025268555,21.81818008422852,2813924
2021-01-15,21.95454406738281,22.363636016845703,21.5,21.68181800842285,9170312
2021-01-18,21.68181800842285,21.68181800842285,21.09090805053711,21.545454025268555,1668855
2021-01-19,21.636362075805664,21.95454406738281,21.363636016845703,21.45454406738281,1750382
2021-01-20,21.5,21.68181800842285,20.81818008422852,20.90909004211425,3023055
2021-01-21,21.0,21.27272605895996,20.727272033691406,20.90909004211425,1670318
2021-01-22,20.77272605895996,20.90909004211425,20.636362075805664,20.727272033691406,1131775
2021-01-25,20.727272033691406,21.18181800842285,20.545454025268555,21.0,1255389
2021-01-26,21.09090805053711,21.5,21.0,21.0,1645288
2021-01-27,21.09090805053711,21.227272033691406,21.045454025268555,21.09090805053711,725521
2021-01-28,20.90909004211425,21.18181800842285,20.727272033691406,20.95454406738281,1424846
2021-01-29,20.95454406738281,21.045454025268555,20.363636016845703,20.40909004211425,1987956
2021-02-01,20.363636016845703,20.40909004211425,19.81818008422852,20.27272605895996,1763736
2021-02-02,20.18181800842285,20.363636016845703,20.18181800842285,20.31818008422852,868367
2021-02-03,20.45454406738281,20.77272605895996,20.40909004211425,20.59090805053711,747437
2021-02-04,20.5,20.727272033691406,20.363636016845703,20.636362075805664,536478
2021-02-05,20.863636016845703,20.863636016845703,20.45454406738281,20.59090805053711,773274
2021-02-17,20.5,20.77272605895996,20.40909004211425,20.68181800842285,1441225
2021-02-18,20.727272033691406,21.27272605895996,20.727272033691406,21.18181800842285,1284090
2021-02-19,21.045454025268555,21.40909004211425,20.95454406738281,21.18181800842285,2001453
2021-02-22,21.45454406738281,21.81818008422852,21.363636016845703,21.636362075805664,2451729
2021-02-23,21.863636016845703,21.863636016845703,21.636362075805664,21.81818008422852,1401048
2021-02-24,21.81818008422852,22.045454025268555,21.45454406738281,21.45454406738281,1892262
2021-02-25,21.68181800842285,22.363636016845703,21.31818008422852,22.31818008422852,3673913
2021-02-26,22.09090805053711,22.18181800842285,21.68181800842285,22.09090805053711,7428649
2021-03-02,22.227272033691406,22.363636016845703,21.636362075805664,21.68181800842285,2651392
2021-03-03,21.863636016845703,21.95454406738281,21.363636016845703,21.90909004211425,1503956
2021-03-04,21.81818008422852,22.0,21.727272033691406,21.863636016845703,1559171
2021-03-05,21.77272605895996,22.5,21.68181800842285,22.5,4498704
2021-03-08,22.90909004211425,23.0,22.40909004211425,22.81818008422852,7245089
2021-03-09,22.90909004211425,24.045454025268555,22.545454025268555,24.045454025268555,12785590
2021-03-10,24.045454025268555,24.09090805053711,22.90909004211425,23.27272605895996,11548609
2021-03-11,25.59090805053711,25.59090805053711,25.45454406738281,25.59090805053711,18825780
2021-03-12,27.09090805053711,28.136362075805664,26.59090805053711,28.136362075805664,31076150
2021-03-15,30.0,30.90909004211425,28.95454406738281,30.90909004211425,36459248
2021-03-16,31.18181800842285,32.1363639831543,28.18181800842285,28.363636016845703,62242734
2021-03-17,28.27272605895996,29.363636016845703,28.0,29.227272033691406,16432601
2021-03-18,29.136362075805664,29.95454406738281,28.95454406738281,29.90909004211425,10998945
2021-03-19,29.27272605895996,30.27272605895996,29.18181800842285,30.045454025268555,7906122
2021-03-22,30.0,30.0,29.636362075805664,29.90909004211425,6144794
2021-03-23,30.31818008422852,30.31818008422852,29.27272605895996,29.40909004211425,5404374
2021-03-24,29.31818008422852,30.18181800842285,29.18181800842285,29.90909004211425,5380673
2021-03-25,29.81818008422852,30.18181800842285,29.68181800842285,30.09090805053711,4445133
2021-03-26,30.59090805053711,30.636362075805664,29.81818008422852,29.90909004211425,4057132
2021-03-29,30.0,30.31818008422852,30.0,30.09090805053711,3906894
2021-03-30,30.363636016845703,31.27272605895996,30.18181800842285,30.636362075805664,9450331
2021-03-31,30.81818008422852,30.81818008422852,30.227272033691406,30.363636016845703,3813427
2021-04-01,30.727272033691406,30.90909004211425,30.136362075805664,30.45454406738281,4057064
2021-04-07,31.18181800842285,33.909088134765625,31.0,33.909088134765625,20075808
2021-04-08,35.909088134765625,35.909088134765625,33.18181610107422,33.727272033691406,30656926
2021-04-09,34.09090805053711,34.09090805053711,32.727272033691406,32.909088134765625,8330438
2021-04-12,32.3636360168457,32.909088134765625,32.04545211791992,32.272727966308594,6935452
2021-04-13,32.6363639831543,33.59090805053711,32.272727966308594,32.31818008422852,6394956
2021-04-14,32.727272033691406,32.8636360168457,30.90909004211425,32.81818008422852,7178282
2021-04-15,32.81818008422852,33.409088134765625,32.3636360168457,33.31818008422852,3830047
2021-04-16,33.31818008422852,34.09090805053711,33.31818008422852,34.0,12183105
2021-04-19,34.0,35.272727966308594,34.0,34.727272033691406,8952757
2021-04-20,34.909088134765625,35.227272033691406,34.227272033691406,34.5,5236966
2021-04-21,34.5,34.5,33.772727966308594,33.8636360168457,4797984
2021-04-22,33.8636360168457,34.1363639831543,32.81818008422852,33.04545211791992,5096528
2021-04-23,33.0,33.81818008422852,32.8636360168457,33.727272033691406,3358300
2021-04-26,34.0,34.45454406738281,33.727272033691406,33.909088134765625,4545756
2021-04-27,34.1363639831543,34.68181610107422,33.909088134765625,34.227272033691406,4779519
2021-04-28,34.5,34.6363639831543,34.0,34.18181610107422,3256301
2021-04-29,34.8636360168457,34.909088134765625,33.909088134765625,34.18181610107422,5630408
2021-05-03,34.227272033691406,34.3636360168457,33.04545211791992,33.09090805053711,4366006
2021-05-04,33.0,33.272727966308594,30.09090805053711,31.45454406738281,7539071
2021-05-05,31.45454406738281,32.5,31.0,31.77272605895996,2397085
2021-05-06,31.90909004211425,32.31818008422852,31.0,31.40909004211425,2022046
2021-05-07,31.45454406738281,32.3636360168457,31.45454406738281,32.31818008422852,1883956
2021-05-10,32.772727966308594,32.772727966308594,32.04545211791992,32.31818008422852,1089405
2021-05-11,31.59090805053711,31.727272033691406,30.18181800842285,30.5,4481304
2021-05-12,30.09090805053711,30.59090805053711,27.68181800842285,28.227272033691406,6616633
2021-05-13,27.18181800842285,29.45454406738281,26.545454025268555,28.636362075805664,3454590
2021-05-14,30.45454406738281,30.81818008422852,28.90909004211425,29.09090805053711,3588119
2021-05-17,26.5,28.90909004211425,26.45454406738281,27.31818008422852,4532177
2021-05-18,28.863636016845703,29.77272605895996,27.90909004211425,29.727272033691406,3355850
2021-05-19,29.45454406738281,30.90909004211425,28.90909004211425,30.636362075805664,4059705
2021-05-20,30.45454406738281,31.0,30.0,30.27272605895996,4951642
2021-05-21,30.5,30.81818008422852,30.18181800842285,30.545454025268555,2122912
2021-05-24,30.18181800842285,31.09090805053711,30.045454025268555,30.95454406738281,1978493
2021-05-25,31.18181800842285,31.77272605895996,31.136362075805664,31.27272605895996,3035431
2021-05-26,31.636362075805664,31.636362075805664,31.136362075805664,31.40909004211425,1083982
2021-05-27,31.27272605895996,31.5,30.90909004211425,31.27272605895996,1140810
2021-05-28,31.45454406738281,32.09090805053711,31.363636016845703,31.68181800842285,2203103
2021-05-31,31.90909004211425,31.95454406738281,31.40909004211425,31.68181800842285,2016078
2021-06-01,31.77272605895996,32.59090805053711,31.68181800842285,32.409088134765625,2296617
2021-06-02,32.54545211791992,32.59090805053711,31.68181800842285,31.863636016845703,1853513
2021-06-03,32.09090805053711,32.1363639831543,31.727272033691406,31.863636016845703,899310
2021-06-04,31.863636016845703,31.863636016845703,31.363636016845703,31.45454406738281,1462775
2021-06-07,31.363636016845703,31.59090805053711,30.363636016845703,31.31818008422852,1428350
2021-06-08,31.363636016845703,31.59090805053711,31.09090805053711,31.227272033691406,584027
2021-06-09,30.95454406738281,31.227272033691406,30.636362075805664,30.77272605895996,1903135
2021-06-10,30.863636016845703,31.136362075805664,30.727272033691406,30.863636016845703,787784
2021-06-11,31.59090805053711,31.59090805053711,30.90909004211425,30.90909004211425,907287
2021-06-15,31.227272033691406,31.227272033691406,30.77272605895996,30.95454406738281,967428
2021-06-16,30.90909004211425,31.136362075805664,30.545454025268555,30.77272605895996,1283521
2021-06-17,30.545454025268555,30.90909004211425,30.545454025268555,30.863636016845703,778970
2021-06-18,30.95454406738281,31.0,30.68181800842285,30.727272033691406,1190732
2021-06-21,30.545454025268555,30.636362075805664,30.0,30.227272033691406,2100120
2021-06-22,30.45454406738281,30.5,30.18181800842285,30.227272033691406,1060672
2021-06-23,30.227272033691406,30.68181800842285,30.0,30.545454025268555,1347024
2021-06-24,30.545454025268555,30.727272033691406,30.45454406738281,30.68181800842285,723979
2021-06-25,30.90909004211425,30.90909004211425,30.636362075805664,30.68181800842285,1089523
2021-06-28,30.68181800842285,30.90909004211425,30.545454025268555,30.90909004211425,1072902
2021-06-29,31.045454025268555,31.045454025268555,30.727272033691406,30.727272033691406,1120001
2021-06-30,30.90909004211425,31.136362075805664,30.863636016845703,31.0,1278036
2021-07-01,31.045454025268555,31.27272605895996,30.77272605895996,30.863636016845703,1326979
2021-07-02,30.863636016845703,31.136362075805664,30.81818008422852,31.09090805053711,833333
2021-07-05,31.363636016845703,32.18181610107422,31.31818008422852,31.90909004211425,4404749
2021-07-06,32.09090805053711,32.09090805053711,31.45454406738281,31.545454025268555,1844735
2021-07-07,31.545454025268555,31.727272033691406,31.227272033691406,31.5,1524069
2021-07-08,31.5,32.09090805053711,31.5,31.95454406738281,2290515
2021-07-09,31.68181800842285,31.863636016845703,31.5,31.59090805053711,1442117
2021-07-12,31.68181800842285,32.0,31.636362075805664,31.90909004211425,1597304
2021-07-13,32.1363639831543,34.1363639831543,32.04545211791992,33.1363639831543,12508387
2021-07-14,34.727272033691406,36.409088134765625,34.68181610107422,35.6363639831543,44794411
2021-07-15,34.727272033691406,35.09090805053711,33.6363639831543,35.0,10765080
2021-07-16,34.6363639831543,34.95454406738281,34.1363639831543,34.3636360168457,5373919
2021-07-19,34.227272033691406,34.272727966308594,33.6363639831543,33.772727966308594,3949250
2021-07-20,33.18181610107422,33.227272033691406,32.6363639831543,33.18181610107422,4991500
2021-07-21,33.68181610107422,33.68181610107422,32.68181610107422,32.772727966308594,3290994
2021-07-22,33.1363639831543,33.409088134765625,32.8636360168457,33.04545211791992,2113986
2021-07-23,33.18181610107422,33.31818008422852,32.909088134765625,33.272727966308594,1791018
2021-07-26,33.54545211791992,34.3636360168457,33.31818008422852,34.04545211791992,2846057
2021-07-27,34.54545211791992,34.54545211791992,33.227272033691406,33.409088134765625,2258536
2021-07-28,33.0,33.727272033691406,32.31818008422852,33.272727966308594,2480874
2021-07-29,33.3636360168457,33.727272033691406,33.09090805053711,33.31818008422852,1017501
2021-07-30,33.3636360168457,33.95454406738281,33.31818008422852,33.409088134765625,1769130
2021-08-02,33.727272033691406,33.8636360168457,33.54545211791992,33.68181610107422,1252851
2021-08-03,33.81818008422852,34.3636360168457,33.68181610107422,33.8636360168457,1524310
2021-08-04,33.8636360168457,34.0,33.5,33.6363639831543,1294231
2021-08-05,33.6363639831543,34.04545211791992,33.54545211791992,34.0,1385705
2021-08-06,34.18181610107422,34.54545211791992,33.727272033691406,33.727272033691406,2279666
2021-08-09,33.772727966308594,33.772727966308594,32.95454406738281,33.09090805053711,1852163
2021-08-10,33.09090805053711,33.09090805053711,32.3636360168457,32.409088134765625,1962357
2021-08-11,32.409088134765625,32.59090805053711,31.68181800842285,32.0,1910118
2021-08-12,32.0,32.18181610107422,31.727272033691406,31.90909004211425,1043432
2021-08-13,32.04545211791992,32.18181610107422,31.27272605895996,31.27272605895996,1834046
2021-08-16,31.0,31.363636016845703,30.363636016845703,30.636362075805664,2219031
2021-08-17,30.636362075805664,30.636362075805664,30.636362075805664,30.636362075805664,0
2021-08-18,30.545454025268555,31.545454025268555,29.95454406738281,31.27272605895996,1828623
2021-08-19,31.09090805053711,31.09090805053711,30.5,31.045454025268555,925729
2021-08-20,31.045454025268555,31.136362075805664,30.18181800842285,30.45454406738281,1106036
2021-08-23,31.0,31.90909004211425,30.863636016845703,31.81818008422852,1506733
2021-08-24,31.95454406738281,32.3636360168457,31.77272605895996,32.18181610107422,1106072
2021-08-25,32.227272033691406,33.09090805053711,32.18181610107422,32.909088134765625,1669072
2021-08-26,33.0,33.95454406738281,32.8636360168457,33.68181610107422,3712286
2021-08-27,33.6363639831543,33.8636360168457,33.31818008422852,33.727272033691406,2106907
2021-08-30,33.772727966308594,34.0,33.68181610107422,33.909088134765625,1676079
2021-08-31,33.8636360168457,34.3636360168457,33.727272033691406,34.227272033691406,3048208
2021-09-01,34.45454406738281,34.68181610107422,34.3636360168457,34.5,3562499
2021-09-02,34.68181610107422,34.727272033691406,34.227272033691406,34.409088134765625,4912050
2021-09-03,34.54545211791992,34.59090805053711,33.8636360168457,34.04545211791992,6112739
2021-09-06,33.8636360168457,34.04545211791992,33.727272033691406,33.81818008422852,7960062
2021-09-07,31.600000381469727,32.0,31.100000381469727,31.25,4809349
2021-09-08,31.299999237060547,31.5,29.799999237060547,29.950000762939453,2869253
2021-09-09,29.700000762939453,30.200000762939453,29.700000762939453,29.75,1587260
2021-09-10,30.0,30.0,29.350000381469727,29.39999961853028,1988271
2021-09-13,29.600000381469727,30.0,29.200000762939453,30.0,1544556
2021-09-14,30.100000381469727,30.5,29.799999237060547,30.200000762939453,1057201
2021-09-15,30.049999237060547,30.100000381469727,29.600000381469727,29.75,940246
2021-09-16,29.75,30.0,29.549999237060547,29.549999237060547,829500
2021-09-17,29.549999237060547,29.75,29.39999961853028,29.600000381469727,754200
2021-09-22,29.0,29.25,28.89999961853028,29.100000381469727,1023200
2021-09-23,29.64999961853028,29.64999961853028,29.100000381469727,29.25,890485
2021-09-24,29.299999237060547,29.64999961853028,29.200000762939453,29.299999237060547,703170
2021-09-27,29.299999237060547,29.600000381469727,29.200000762939453,29.549999237060547,588641
2021-09-28,29.549999237060547,29.549999237060547,29.100000381469727,29.200000762939453,727200
2021-09-29,29.0,29.049999237060547,28.799999237060547,29.049999237060547,963360
2021-09-30,29.049999237060547,29.049999237060547,29.049999237060547,29.049999237060547,0
2021-10-01,29.75,30.5,29.350000381469727,29.350000381469727,2189164
2021-10-04,29.700000762939453,29.850000381469727,28.200000762939453,28.25,1824003
2021-10-05,28.0,29.049999237060547,27.5,28.89999961853028,819211
2021-10-06,28.850000381469727,29.200000762939453,28.700000762939453,28.850000381469727,574235
2021-10-07,28.950000762939453,29.700000762939453,28.950000762939453,29.64999961853028,753431
2021-10-08,29.64999961853028,29.700000762939453,29.39999961853028,29.5,351678
2021-10-12,29.5,30.850000381469727,29.5,30.75,2809973
2021-10-13,31.049999237060547,31.950000762939453,31.049999237060547,31.5,4034650
2021-10-14,31.5,31.799999237060547,30.75,31.0,1973996
2021-10-15,31.39999961853028,31.700000762939453,31.299999237060547,31.5,1063158
2021-10-18,31.299999237060547,31.89999961853028,31.200000762939453,31.700000762939453,1109094
2021-10-19,31.950000762939453,32.79999923706055,31.89999961853028,32.75,3341623
2021-10-20,32.599998474121094,32.849998474121094,32.349998474121094,32.54999923706055,1128049
2021-10-21,32.54999923706055,32.849998474121094,32.20000076293945,32.70000076293945,3119813
2021-10-22,32.75,33.099998474121094,32.70000076293945,33.04999923706055,2005622
2021-10-25,33.04999923706055,34.20000076293945,32.75,34.0,2974840
2021-10-26,34.29999923706055,34.400001525878906,33.599998474121094,33.849998474121094,1575045
2021-10-27,33.900001525878906,34.099998474121094,33.400001525878906,34.099998474121094,1204490
2021-10-28,34.099998474121094,34.70000076293945,34.0,34.150001525878906,1412090
2021-10-29,34.29999923706055,34.29999923706055,33.900001525878906,34.0,995050
2021-11-01,34.599998474121094,34.599998474121094,33.95000076293945,34.04999923706055,1068118
2021-11-02,34.29999923706055,34.29999923706055,33.0,33.29999923706055,1747171
2021-11-03,33.29999923706055,33.75,33.25,33.70000076293945,691811
2021-11-04,33.79999923706055,33.900001525878906,33.25,33.25,717510
2021-11-05,33.25,33.45000076293945,32.849998474121094,33.20000076293945,833478
2021-11-08,33.400001525878906,33.400001525878906,32.75,32.75,1029050
2021-11-09,32.349998474121094,32.400001525878906,31.100000381469727,31.549999237060547,3077426
2021-11-10,31.350000381469727,32.25,31.350000381469727,32.150001525878906,874374
2021-11-11,32.099998474121094,32.79999923706055,32.099998474121094,32.29999923706055,957430
2021-11-12,32.400001525878906,32.5,31.850000381469727,31.89999961853028,1298600
2021-11-15,32.0,32.54999923706055,32.0,32.5,701602
2021-11-16,32.54999923706055,32.79999923706055,32.150001525878906,32.349998474121094,669399
2021-11-17,32.5,32.5,32.04999923706055,32.20000076293945,420492
2021-11-18,32.349998474121094,32.45000076293945,32.099998474121094,32.25,510118
2021-11-19,32.349998474121094,32.45000076293945,31.799999237060547,31.89999961853028,826144
2021-11-22,31.89999961853028,31.89999961853028,31.600000381469727,31.75,738500
2021-11-23,31.89999961853028,31.89999961853028,31.450000762939453,31.450000762939453,604200
2021-11-24,31.39999961853028,31.799999237060547,31.39999961853028,31.64999961853028,520159
2021-11-25,31.600000381469727,31.89999961853028,31.600000381469727,31.75,323014
2021-11-26,31.700000762939453,31.89999961853028,31.100000381469727,31.799999237060547,1263061
2021-11-29,31.14999961853028,31.549999237060547,30.700000762939453,31.39999961853028,963467
2021-11-30,31.39999961853028,31.799999237060547,31.39999961853028,31.75,304382
2021-12-01,31.700000762939453,31.950000762939453,31.350000381469727,31.89999961853028,342034
2021-12-02,31.89999961853028,31.89999961853028,31.25,31.350000381469727,703800
2021-12-03,31.5,31.549999237060547,31.200000762939453,31.350000381469727,576254
2021-12-06,31.350000381469727,31.5,31.14999961853028,31.450000762939453,299858
2021-12-07,31.450000762939453,32.0,31.450000762939453,32.0,591835
2021-12-08,32.20000076293945,32.400001525878906,31.700000762939453,31.850000381469727,777800
2021-12-09,31.950000762939453,32.29999923706055,31.75,31.850000381469727,823234
2021-12-10,31.600000381469727,31.850000381469727,31.600000381469727,31.700000762939453,341400
2021-12-13,31.700000762939453,32.099998474121094,31.700000762939453,32.04999923706055,650203
2021-12-14,31.89999961853028,31.89999961853028,31.5,31.600000381469727,530610
2021-12-15,31.600000381469727,31.799999237060547,31.549999237060547,31.700000762939453,353275
2021-12-16,31.850000381469727,32.20000076293945,31.75,31.950000762939453,674331
2021-12-17,32.0,32.29999923706055,31.950000762939453,32.04999923706055,692960
2021-12-20,32.150001525878906,32.599998474121094,32.099998474121094,32.349998474121094,1187511
2021-12-21,32.5,32.599998474121094,32.20000076293945,32.349998474121094,998467
2021-12-22,32.5,32.599998474121094,32.400001525878906,32.5,577456
2021-12-23,32.5,32.54999923706055,32.150001525878906,32.20000076293945,528795
2021-12-24,32.25,32.25,31.850000381469727,31.950000762939453,595262
2021-12-27,31.950000762939453,32.25,31.950000762939453,32.25,542665
2021-12-28,32.45000076293945,32.599998474121094,32.25,32.400001525878906,805021
2021-12-29,32.5,32.5,32.25,32.5,395970
2021-12-30,32.5,32.79999923706055,32.400001525878906,32.599998474121094,1060481
2022-01-03,32.79999923706055,33.0,32.599998474121094,32.599998474121094,1087753
2022-01-04,32.79999923706055,32.849998474121094,32.400001525878906,32.5,464943
2022-01-05,32.45000076293945,32.75,32.29999923706055,32.599998474121094,516653
2022-01-06,32.45000076293945,32.70000076293945,32.20000076293945,32.29999923706055,701402
2022-01-07,32.400001525878906,32.849998474121094,31.950000762939453,32.70000076293945,1578034
2022-01-10,32.650001525878906,33.29999923706055,32.599998474121094,33.04999923706055,2016504
2022-01-11,33.20000076293945,33.849998474121094,33.20000076293945,33.25,3033407
2022-01-12,33.25,33.70000076293945,33.25,33.54999923706055,1152822
2022-01-13,33.70000076293945,33.849998474121094,33.25,33.599998474121094,952715
2022-01-14,33.54999923706055,33.54999923706055,32.75,33.29999923706055,1147467
2022-01-17,33.5,33.79999923706055,33.349998474121094,33.349998474121094,469822
2022-01-18,33.599998474121094,33.79999923706055,33.5,33.650001525878906,1009039
2022-01-19,33.599998474121094,33.650001525878906,33.29999923706055,33.400001525878906,688752
2022-01-20,33.400001525878906,33.400001525878906,33.04999923706055,33.25,539651
2022-01-21,33.150001525878906,33.45000076293945,32.849998474121094,33.20000076293945,1031202
2022-01-24,32.95000076293945,33.25,32.400001525878906,32.95000076293945,1091806
2022-01-25,32.95000076293945,32.95000076293945,32.20000076293945,32.349998474121094,1257707
2022-01-26,32.20000076293945,32.5,32.099998474121094,32.5,773152
2022-02-07,33.150001525878906,33.29999923706055,32.75,33.150001525878906,675691
2022-02-08,33.150001525878906,34.5,33.04999923706055,34.400001525878906,2237799
2022-02-09,34.099998474121094,34.5,33.900001525878906,34.25,1188311
2022-02-10,34.5,35.150001525878906,34.5,34.900001525878906,3710654
2022-02-11,34.54999923706055,35.099998474121094,34.54999923706055,34.95000076293945,1293259
2022-02-14,34.54999923706055,35.45000076293945,34.29999923706055,35.45000076293945,2556155
2022-02-15,35.650001525878906,35.75,35.150001525878906,35.349998474121094,1895736
2022-02-16,35.70000076293945,37.0,35.45000076293945,36.79999923706055,4870280
2022-02-17,36.79999923706055,36.84999847412109,34.70000076293945,34.849998474121094,10220135
2022-02-18,34.349998474121094,35.400001525878906,33.95000076293945,35.349998474121094,3555080
2022-02-21,35.20000076293945,35.650001525878906,35.04999923706055,35.400001525878906,1933263
2022-02-22,35.20000076293945,35.5,34.75,35.29999923706055,1091881
2022-02-23,35.29999923706055,36.0,35.29999923706055,35.900001525878906,2005702
2022-02-24,35.75,36.29999923706055,35.099998474121094,35.25,2576361
2022-02-25,35.54999923706055,37.29999923706055,35.54999923706055,36.95000076293945,5582392
2022-03-01,37.59999847412109,38.70000076293945,37.09999847412109,38.04999923706055,10346803
2022-03-02,38.0,38.45000076293945,37.79999923706055,38.400001525878906,3319548
2022-03-03,38.75,38.84999847412109,38.0,38.09999847412109,2299546
2022-03-04,38.0,38.54999923706055,37.79999923706055,38.25,2372495
2022-03-07,38.04999923706055,38.400001525878906,37.45000076293945,37.95000076293945,3159159
2022-03-08,37.79999923706055,38.95000076293945,37.54999923706055,37.900001525878906,4301249
2022-03-09,38.45000076293945,38.45000076293945,34.25,35.900001525878906,11018138
2022-03-10,36.45000076293945,36.59999847412109,35.599998474121094,35.650001525878906,2394690
2022-03-11,35.70000076293945,35.900001525878906,34.95000076293945,35.0,1954060
2022-03-14,35.20000076293945,35.5,35.0,35.29999923706055,1590334
2022-03-15,35.0,35.400001525878906,34.75,34.79999923706055,1597484
2022-03-16,34.95000076293945,35.099998474121094,34.150001525878906,34.5,1718530
2022-03-17,34.900001525878906,35.150001525878906,34.54999923706055,35.0,1376883
2022-03-18,35.099998474121094,35.45000076293945,34.95000076293945,35.45000076293945,840182
2022-03-21,35.849998474121094,36.29999923706055,35.70000076293945,36.0,1580352
2022-03-22,36.29999923706055,36.70000076293945,35.75,36.650001525878906,923533
2022-03-23,36.900001525878906,38.25,36.79999923706055,38.09999847412109,3856766
2022-03-24,38.09999847412109,38.09999847412109,37.54999923706055,38.0,1253278
2022-03-25,38.0,38.0,37.54999923706055,37.70000076293945,1335511
2022-03-28,37.75,38.400001525878906,37.25,37.75,1700750
2022-03-29,37.84999847412109,38.20000076293945,37.650001525878906,37.75,1283252
2022-03-30,38.0,38.04999923706055,37.09999847412109,37.150001525878906,1596927
2022-03-31,36.84999847412109,37.0,36.45000076293945,36.79999923706055,1681935
2022-04-01,36.5,37.04999923706055,36.25,36.900001525878906,711102
2022-04-06,37.20000076293945,37.70000076293945,36.95000076293945,37.150001525878906,4018649
2022-04-07,37.20000076293945,37.20000076293945,36.20000076293945,36.25,2596342
2022-04-08,36.29999923706055,36.75,36.29999923706055,36.650001525878906,774509
2022-04-11,36.5,36.70000076293945,35.79999923706055,35.900001525878906,1389968
2022-04-12,35.900001525878906,36.45000076293945,35.650001525878906,36.400001525878906,1009113
2022-04-13,36.400001525878906,36.900001525878906,36.20000076293945,36.900001525878906,767506
2022-04-14,37.0,37.0,36.59999847412109,36.650001525878906,566061
2022-04-15,36.5,36.5,36.150001525878906,36.20000076293945,699271
2022-04-18,36.0,36.20000076293945,35.75,35.849998474121094,929397
2022-04-19,36.0,36.29999923706055,35.95000076293945,36.150001525878906,712665
2022-04-20,36.29999923706055,36.54999923706055,36.150001525878906,36.5,641854
2022-04-21,36.70000076293945,36.79999923706055,36.5,36.54999923706055,622509
2022-04-22,36.45000076293945,36.45000076293945,36.150001525878906,36.20000076293945,520054
2022-04-25,35.79999923706055,35.79999923706055,34.95000076293945,35.099998474121094,1743353
2022-04-26,35.099998474121094,35.29999923706055,34.79999923706055,35.099998474121094,768377
2022-04-27,34.599998474121094,34.900001525878906,34.20000076293945,34.849998474121094,1160270
2022-04-28,34.849998474121094,35.20000076293945,34.79999923706055,35.04999923706055,467146
2022-04-29,35.20000076293945,35.45000076293945,35.099998474121094,35.25,563913
2022-05-03,35.0,35.29999923706055,34.849998474121094,35.25,289050
2022-05-04,35.400001525878906,35.45000076293945,35.099998474121094,35.20000076293945,297500
2022-05-05,35.400001525878906,35.599998474121094,35.25,35.29999923706055,560151
2022-05-06,34.849998474121094,35.400001525878906,34.70000076293945,35.400001525878906,508068
2022-05-09,35.45000076293945,35.45000076293945,34.599998474121094,34.650001525878906,871573
2022-05-10,34.400001525878906,35.04999923706055,34.0,35.04999923706055,648339
2022-05-11,35.099998474121094,35.099998474121094,34.45000076293945,34.5,553431
2022-05-12,34.5,34.5,33.54999923706055,33.599998474121094,1464800
2022-05-13,33.75,34.54999923706055,33.75,34.54999923706055,658151
2022-05-16,34.900001525878906,35.04999923706055,34.150001525878906,34.29999923706055,561200
2022-05-17,34.650001525878906,34.900001525878906,34.5,34.849998474121094,599401
2022-05-18,35.04999923706055,35.349998474121094,34.95000076293945,35.150001525878906,902500
2022-05-19,34.150001525878906,34.75,34.150001525878906,34.599998474121094,492000
2022-05-20,34.79999923706055,34.79999923706055,34.5,34.599998474121094,419134
2022-05-23,35.04999923706055,36.0,34.70000076293945,35.0,777660
2022-05-24,35.400001525878906,35.45000076293945,34.599998474121094,34.70000076293945,493002
2022-05-25,35.0,35.75,34.95000076293945,35.150001525878906,1786700
2022-05-26,35.45000076293945,35.45000076293945,34.900001525878906,34.95000076293945,675505
2022-05-27,35.099998474121094,35.20000076293945,34.95000076293945,35.0,510300
2022-05-30,35.25,35.25,35.0,35.25,734410
2022-05-31,35.25,35.25,35.0,35.04999923706055,973875
2022-06-01,35.20000076293945,35.29999923706055,35.099998474121094,35.20000076293945,523151
2022-06-02,35.25,35.849998474121094,35.150001525878906,35.79999923706055,1612023
2022-06-06,36.09999847412109,36.150001525878906,35.650001525878906,35.95000076293945,1016669
2022-06-07,35.900001525878906,36.0,35.79999923706055,35.95000076293945,592401
2022-06-08,36.150001525878906,36.150001525878906,35.95000076293945,36.04999923706055,591333
2022-06-09,36.04999923706055,36.09999847412109,35.849998474121094,36.04999923706055,498227
2022-06-10,36.09999847412109,36.34999847412109,36.04999923706055,36.29999923706055,1595809
2022-06-13,36.04999923706055,36.25,35.79999923706055,36.09999847412109,1006059
2022-06-14,35.900001525878906,36.04999923706055,35.5,35.95000076293945,953634
2022-06-15,36.04999923706055,36.150001525878906,35.70000076293945,35.849998474121094,722717
2022-06-16,36.09999847412109,36.150001525878906,34.79999923706055,35.0,1289839
2022-06-17,34.79999923706055,35.04999923706055,34.45000076293945,34.900001525878906,745200
2022-06-20,35.0,35.0,33.650001525878906,33.650001525878906,1488481
2022-06-21,33.900001525878906,34.54999923706055,33.900001525878906,34.45000076293945,805701
2022-06-22,34.599998474121094,34.599998474121094,33.650001525878906,33.70000076293945,957929
2022-06-23,33.900001525878906,34.20000076293945,33.349998474121094,33.75,876095
2022-06-24,33.849998474121094,34.29999923706055,33.849998474121094,34.04999923706055,543384
2022-06-27,34.20000076293945,34.5,34.20000076293945,34.400001525878906,432103
2022-06-28,34.25,34.29999923706055,33.95000076293945,34.099998474121094,365100
2022-06-29,33.70000076293945,33.79999923706055,33.45000076293945,33.75,586000
2022-06-30,33.70000076293945,33.70000076293945,32.25,32.29999923706055,1951606
2022-07-01,32.349998474121094,32.349998474121094,30.600000381469727,30.600000381469727,2195224
2022-07-04,30.600000381469727,30.75,29.950000762939453,30.100000381469727,1451104
2022-07-05,30.549999237060547,30.950000762939453,30.049999237060547,30.5,1104100
2022-07-06,30.5,30.5,29.950000762939453,30.14999961853028,856752
2022-07-07,29.850000381469727,30.5,29.700000762939453,30.450000762939453,1355100
2022-07-08,31.0,31.5,30.89999961853028,31.0,1735466
2022-07-11,31.39999961853028,31.700000762939453,31.049999237060547,31.450000762939453,1515698
2022-07-12,31.39999961853028,31.39999961853028,30.5,30.64999961853028,2445311
2022-07-13,27.5,27.950000762939453,27.39999961853028,27.549999237060547,2524625
2022-07-14,27.5,27.549999237060547,27.14999961853028,27.450000762939453,640000
2022-07-15,27.549999237060547,27.549999237060547,27.100000381469727,27.299999237060547,700006
2022-07-18,27.299999237060547,27.950000762939453,27.299999237060547,27.950000762939453,688205
2022-07-19,27.850000381469727,28.39999961853028,27.75,28.350000381469727,541231
2022-07-20,28.75,28.799999237060547,28.5,28.5,586203
2022-07-21,28.700000762939453,28.700000762939453,28.25,28.64999961853028,398100
2022-07-22,29.350000381469727,29.350000381469727,28.799999237060547,29.100000381469727,579501
2022-07-25,29.0,29.350000381469727,28.89999961853028,29.14999961853028,424053
2022-07-26,29.0,29.100000381469727,28.799999237060547,28.89999961853028,461002
2022-07-27,28.850000381469727,28.950000762939453,28.5,28.89999961853028,405922
2022-07-28,29.14999961853028,29.14999961853028,28.75,29.0,216100
2022-07-29,29.049999237060547,29.64999961853028,29.0,29.450000762939453,673621
2022-08-01,29.549999237060547,29.75,29.200000762939453,29.75,385118
2022-08-02,29.700000762939453,29.700000762939453,29.200000762939453,29.299999237060547,505800
2022-08-03,29.299999237060547,29.350000381469727,28.5,28.700000762939453,999978
2022-08-04,28.64999961853028,28.64999961853028,28.049999237060547,28.5,414002
2022-08-05,28.5,29.14999961853028,28.5,29.100000381469727,665749
2022-08-08,28.799999237060547,29.299999237060547,28.75,29.200000762939453,307106
2022-08-09,29.049999237060547,29.200000762939453,28.950000762939453,29.200000762939453,193075
2022-08-10,29.100000381469727,29.299999237060547,29.0,29.25,202100
2022-08-11,29.5,29.600000381469727,29.299999237060547,29.600000381469727,465959
2022-08-12,29.75,29.89999961853028,29.5,29.850000381469727,535712
2022-08-15,29.950000762939453,30.799999237060547,29.89999961853028,30.39999961853028,4392460
2022-08-16,30.350000381469727,30.350000381469727,29.850000381469727,29.950000762939453,1001441
2022-08-17,30.0,30.0,29.549999237060547,29.75,778900
2022-08-18,29.799999237060547,30.100000381469727,29.600000381469727,30.0,393301
2022-08-19,30.0,30.299999237060547,30.0,30.299999237060547,557510
2022-08-22,30.049999237060547,30.14999961853028,29.950000762939453,30.049999237060547,186000
2022-08-23,29.950000762939453,29.950000762939453,29.700000762939453,29.850000381469727,187001
2022-08-24,29.799999237060547,29.799999237060547,29.350000381469727,29.549999237060547,713503
2022-08-25,29.799999237060547,29.799999237060547,29.39999961853028,29.5,366250
2022-08-26,29.5,29.700000762939453,29.5,29.600000381469727,313270
2022-08-29,29.100000381469727,29.100000381469727,28.799999237060547,28.850000381469727,585800
2022-08-30,28.850000381469727,29.100000381469727,28.850000381469727,29.049999237060547,422194
2022-08-31,28.850000381469727,29.299999237060547,28.850000381469727,29.200000762939453,219580
2022-09-01,29.0,29.0,28.799999237060547,28.950000762939453,317800
2022-09-02,28.89999961853028,29.049999237060547,28.700000762939453,28.700000762939453,488540
2022-09-05,28.700000762939453,28.700000762939453,28.049999237060547,28.25,676300
2022-09-06,28.200000762939453,28.299999237060547,27.799999237060547,27.850000381469727,746232
2022-09-07,27.799999237060547,27.799999237060547,27.5,27.64999961853028,472620
2022-09-08,27.89999961853028,28.200000762939453,27.799999237060547,28.14999961853028,382989
2022-09-12,29.100000381469727,29.200000762939453,28.850000381469727,29.0,892777
2022-09-13,29.25,29.25,28.799999237060547,28.89999961853028,481601
2022-09-14,28.450000762939453,28.950000762939453,28.299999237060547,28.950000762939453,337002
2022-09-15,28.799999237060547,29.200000762939453,28.799999237060547,29.0,579800
2022-09-16,28.799999237060547,28.89999961853028,28.600000381469727,28.700000762939453,257301
2022-09-19,28.89999961853028,28.89999961853028,28.39999961853028,28.450000762939453,294050
2022-09-20,28.600000381469727,28.600000381469727,28.350000381469727,28.450000762939453,185284
2022-09-21,28.350000381469727,28.39999961853028,28.14999961853028,28.200000762939453,402349
2022-09-22,28.0,28.14999961853028,27.799999237060547,28.14999961853028,439956
2022-09-23,28.14999961853028,28.39999961853028,28.0,28.200000762939453,301301
2022-09-26,27.950000762939453,27.950000762939453,27.25,27.39999961853028,764481
2022-09-27,27.799999237060547,27.850000381469727,27.350000381469727,27.850000381469727,260320
2022-09-28,27.850000381469727,27.89999961853028,27.0,27.0,596642
2022-09-29,27.299999237060547,27.5,27.0,27.200000762939453,268100
2022-09-30,26.700000762939453,27.25,26.5,27.25,378800
2022-10-03,27.5,27.950000762939453,27.299999237060547,27.700000762939453,465300
2022-10-04,28.049999237060547,28.299999237060547,27.850000381469727,28.299999237060547,452750
2022-10-05,28.5,28.64999961853028,28.200000762939453,28.299999237060547,500519
2022-10-06,28.299999237060547,28.600000381469727,28.299999237060547,28.549999237060547,454095
2022-10-07,28.5,28.75,28.299999237060547,28.299999237060547,306017
2022-10-11,27.799999237060547,27.950000762939453,27.299999237060547,27.5,643394
2022-10-12,27.850000381469727,27.89999961853028,27.299999237060547,27.799999237060547,470720
2022-10-13,27.799999237060547,27.850000381469727,26.950000762939453,27.25,611363
2022-10-14,27.549999237060547,27.950000762939453,27.5,27.799999237060547,326500
2022-10-17,27.600000381469727,27.600000381469727,26.850000381469727,27.350000381469727,316100
2022-10-18,27.64999961853028,27.799999237060547,27.25,27.5,228205
2022-10-19,27.5,27.64999961853028,27.299999237060547,27.350000381469727,235947
2022-10-20,27.14999961853028,28.600000381469727,26.75,28.600000381469727,1308433
2022-10-21,28.350000381469727,28.350000381469727,27.450000762939453,27.89999961853028,525500
2022-10-24,28.100000381469727,28.200000762939453,27.75,27.75,334389
2022-10-25,27.64999961853028,27.799999237060547,27.200000762939453,27.299999237060547,268501
2022-10-26,27.600000381469727,27.600000381469727,27.100000381469727,27.25,321000
2022-10-27,27.64999961853028,27.64999961853028,27.299999237060547,27.5,192339
2022-10-28,27.39999961853028,27.39999961853028,27.14999961853028,27.14999961853028,218100
2022-10-31,27.350000381469727,27.5,27.200000762939453,27.200000762939453,307886
2022-11-01,27.600000381469727,27.600000381469727,27.299999237060547,27.600000381469727,223000
2022-11-02,27.600000381469727,28.25,27.549999237060547,28.200000762939453,528900
2022-11-03,27.950000762939453,28.39999961853028,27.89999961853028,28.39999961853028,285301
2022-11-04,28.200000762939453,28.450000762939453,28.14999961853028,28.450000762939453,313028
2022-11-07,28.5,28.950000762939453,28.5,28.799999237060547,385361
2022-11-08,29.0,29.549999237060547,28.950000762939453,29.14999961853028,718523
2022-11-09,28.0,28.200000762939453,27.799999237060547,27.850000381469727,2505620
2022-11-10,27.75,27.89999961853028,27.600000381469727,27.850000381469727,376215
2022-11-11,28.200000762939453,28.25,27.64999961853028,27.700000762939453,873065
2022-11-14,27.600000381469727,27.850000381469727,27.450000762939453,27.799999237060547,567060
2022-11-15,27.799999237060547,27.89999961853028,27.64999961853028,27.850000381469727,243550
2022-11-16,27.850000381469727,27.950000762939453,27.700000762939453,27.799999237060547,342941
2022-11-17,27.850000381469727,28.14999961853028,27.75,28.100000381469727,547081
2022-11-18,28.100000381469727,28.25,27.950000762939453,27.950000762939453,370100
2022-11-21,28.0,28.100000381469727,27.89999961853028,27.950000762939453,210185
2022-11-22,28.0,28.049999237060547,27.799999237060547,27.950000762939453,250700
2022-11-23,28.0,28.100000381469727,27.89999961853028,27.950000762939453,128040
2022-11-24,28.0,28.100000381469727,27.850000381469727,28.0,306001
2022-11-25,28.049999237060547,28.25,27.950000762939453,28.0,306994
2022-11-28,27.950000762939453,27.950000762939453,27.600000381469727,27.799999237060547,340012
2022-11-29,28.0,28.0,27.64999961853028,27.89999961853028,139125
2022-11-30,27.89999961853028,28.14999961853028,27.75,28.049999237060547,215325
2022-12-01,28.200000762939453,28.450000762939453,28.14999961853028,28.299999237060547,660402
2022-12-02,28.39999961853028,28.549999237060547,28.299999237060547,28.5,442710
2022-12-05,28.700000762939453,29.0,28.5,28.64999961853028,669300
2022-12-06,28.549999237060547,28.549999237060547,28.14999961853028,28.14999961853028,303100
2022-12-07,28.14999961853028,28.14999961853028,27.75,27.799999237060547,387502
2022-12-08,27.799999237060547,27.89999961853028,27.64999961853028,27.799999237060547,175478
2022-12-09,27.700000762939453,28.0,27.64999961853028,27.64999961853028,500448
2022-12-12,27.600000381469727,27.75,27.5,27.75,200500
2022-12-13,27.75,27.850000381469727,27.600000381469727,27.700000762939453,320100
2022-12-14,27.75,27.89999961853028,27.600000381469727,27.700000762939453,166003
2022-12-15,27.700000762939453,27.89999961853028,27.64999961853028,27.89999961853028,299030
2022-12-16,27.799999237060547,27.89999961853028,27.600000381469727,27.700000762939453,390030
2022-12-19,27.600000381469727,27.64999961853028,27.450000762939453,27.450000762939453,432210
2022-12-20,27.450000762939453,27.450000762939453,26.89999961853028,27.0,821030
2022-12-21,27.049999237060547,27.200000762939453,27.0,27.100000381469727,233930
2022-12-22,27.39999961853028,27.450000762939453,27.14999961853028,27.200000762939453,136101
2022-12-23,27.14999961853028,27.200000762939453,26.89999961853028,26.950000762939453,353444
2022-12-26,27.0,27.100000381469727,26.89999961853028,27.049999237060547,282815
2022-12-27,26.950000762939453,27.14999961853028,26.89999961853028,27.049999237060547,250101
2022-12-28,27.0,27.100000381469727,26.850000381469727,26.950000762939453,267041
2022-12-29,26.64999961853028,26.850000381469727,26.600000381469727,26.799999237060547,288235
2022-12-30,26.89999961853028,26.950000762939453,26.75,26.850000381469727,133324
2023-01-03,26.850000381469727,26.850000381469727,26.700000762939453,26.700000762939453,189528
2023-01-04,26.700000762939453,26.850000381469727,26.700000762939453,26.75,156137
2023-01-05,26.89999961853028,27.100000381469727,26.799999237060547,26.950000762939453,247003
2023-01-06,26.89999961853028,27.0,26.799999237060547,26.89999961853028,253170
2023-01-09,27.14999961853028,27.14999961853028,27.0,27.100000381469727,224674
2023-01-10,27.100000381469727,27.14999961853028,26.89999961853028,27.0,236650
2023-01-11,27.14999961853028,27.14999961853028,26.950000762939453,27.100000381469727,271464
2023-01-12,27.100000381469727,27.14999961853028,26.950000762939453,27.100000381469727,246058
2023-01-13,27.100000381469727,27.100000381469727,26.950000762939453,26.950000762939453,126000
2023-01-16,26.89999961853028,26.89999961853028,26.64999961853028,26.75,675735
2023-01-17,26.799999237060547,27.0,26.700000762939453,26.850000381469727,210100
2023-01-30,27.100000381469727,27.14999961853028,26.89999961853028,27.100000381469727,323895
2023-01-31,27.100000381469727,27.450000762939453,27.100000381469727,27.39999961853028,431201
2023-02-01,27.64999961853028,27.700000762939453,27.450000762939453,27.600000381469727,468099
2023-02-02,27.850000381469727,27.950000762939453,27.75,27.89999961853028,928597
2023-02-03,28.049999237060547,28.450000762939453,27.89999961853028,28.14999961853028,1152431
2023-02-06,28.100000381469727,28.350000381469727,28.0,28.200000762939453,640504
2023-02-07,28.14999961853028,28.14999961853028,28.0,28.14999961853028,415306
2023-02-08,28.200000762939453,28.200000762939453,27.850000381469727,27.89999961853028,690102
2023-02-09,27.850000381469727,28.0,27.700000762939453,28.0,448450
2023-02-10,28.0,28.0,27.700000762939453,27.799999237060547,412430
2023-02-13,27.700000762939453,27.75,27.5,27.75,295036
2023-02-14,27.799999237060547,28.0,27.799999237060547,28.0,257050
2023-02-15,28.0,28.0,27.850000381469727,27.89999961853028,282051
2023-02-16,28.0,28.049999237060547,27.89999961853028,28.0,260200
2023-02-17,28.100000381469727,28.350000381469727,28.100000381469727,28.299999237060547,948466
2023-02-20,28.350000381469727,28.600000381469727,28.350000381469727,28.549999237060547,919056
2023-02-21,28.549999237060547,28.64999961853028,28.450000762939453,28.549999237060547,501031
2023-02-22,28.450000762939453,28.450000762939453,28.25,28.299999237060547,497482
2023-02-23,28.450000762939453,28.64999961853028,28.450000762939453,28.600000381469727,364329
2023-02-24,28.950000762939453,28.950000762939453,28.600000381469727,28.75,1318017
2023-03-01,29.0,29.0,28.450000762939453,28.64999961853028,845995
2023-03-02,28.64999961853028,28.89999961853028,28.549999237060547,28.89999961853028,590734
2023-03-03,29.0,29.200000762939453,28.89999961853028,29.200000762939453,1135685
2023-03-06,29.39999961853028,29.89999961853028,29.299999237060547,29.5,1406788
2023-03-07,29.5,29.5,29.14999961853028,29.299999237060547,720097
2023-03-08,29.200000762939453,29.5,29.14999961853028,29.39999961853028,425916
2023-03-09,29.5,29.5,29.200000762939453,29.299999237060547,523200
2023-03-10,29.100000381469727,29.299999237060547,28.850000381469727,29.299999237060547,839233
2023-03-13,29.0,29.14999961853028,28.64999961853028,28.799999237060547,658166
2023-03-14,28.600000381469727,28.700000762939453,28.450000762939453,28.5,471600
2023-03-15,28.600000381469727,28.850000381469727,28.5,28.549999237060547,333727
2023-03-16,27.600000381469727,27.700000762939453,27.25,27.5,1932207
2023-03-17,27.64999961853028,27.799999237060547,27.5,27.700000762939453,523500
2023-03-20,27.700000762939453,27.850000381469727,27.600000381469727,27.799999237060547,260488
2023-03-21,28.0,28.39999961853028,27.89999961853028,28.350000381469727,442927
2023-03-22,28.549999237060547,28.600000381469727,28.39999961853028,28.5,448700
2023-03-23,28.450000762939453,28.600000381469727,28.299999237060547,28.549999237060547,426915
2023-03-24,28.700000762939453,28.75,28.549999237060547,28.600000381469727,473676
2023-03-27,28.700000762939453,28.75,28.549999237060547,28.64999961853028,408350
2023-03-28,28.64999961853028,28.64999961853028,28.200000762939453,28.299999237060547,587100
2023-03-29,28.350000381469727,28.39999961853028,28.100000381469727,28.299999237060547,304100
2023-03-30,28.549999237060547,28.64999961853028,28.39999961853028,28.600000381469727,565525
2023-03-31,28.600000381469727,28.75,28.5,28.549999237060547,348228
2023-04-06,28.5,28.75,28.39999961853028,28.549999237060547,420150
2023-04-07,28.799999237060547,28.799999237060547,28.549999237060547,28.64999961853028,361100
2023-04-10,28.64999961853028,28.64999961853028,28.5,28.600000381469727,387150
2023-04-11,28.75,28.75,28.600000381469727,28.700000762939453,595504
2023-04-12,28.75,28.799999237060547,28.5,28.600000381469727,723298
2023-04-13,28.5,28.549999237060547,28.39999961853028,28.450000762939453,683041
2023-04-14,28.450000762939453,28.600000381469727,28.450000762939453,28.5,590511
2023-04-17,28.450000762939453,28.600000381469727,28.39999961853028,28.549999237060547,409007
2023-04-18,28.799999237060547,28.89999961853028,28.64999961853028,28.75,772000
2023-04-19,28.799999237060547,28.799999237060547,28.600000381469727,28.64999961853028,442630
2023-04-20,28.700000762939453,28.950000762939453,28.450000762939453,28.700000762939453,707306
2023-04-21,29.14999961853028,29.350000381469727,28.39999961853028,28.5,3205100
2023-04-24,28.25,28.350000381469727,28.100000381469727,28.25,811501
2023-04-25,28.25,28.25,27.39999961853028,27.450000762939453,1574380
2023-04-26,27.350000381469727,27.600000381469727,27.14999961853028,27.549999237060547,567300
2023-04-27,27.600000381469727,27.64999961853028,27.200000762939453,27.549999237060547,375001
2023-04-28,27.600000381469727,27.64999961853028,27.549999237060547,27.64999961853028,349543
2023-05-02,27.64999961853028,27.850000381469727,27.600000381469727,27.799999237060547,380120
2023-05-03,27.799999237060547,28.100000381469727,27.700000762939453,27.850000381469727,322060
2023-05-04,27.850000381469727,27.89999961853028,27.700000762939453,27.799999237060547,361103
2023-05-05,27.700000762939453,27.850000381469727,27.700000762939453,27.799999237060547,343825
2023-05-08,27.75,27.89999961853028,27.700000762939453,27.700000762939453,396111
2023-05-09,27.64999961853028,27.75,27.5,27.5,258100
2023-05-10,27.350000381469727,27.39999961853028,27.200000762939453,27.299999237060547,855073
2023-05-11,27.299999237060547,27.299999237060547,27.100000381469727,27.100000381469727,445525
2023-05-12,27.100000381469727,27.25,27.0,27.200000762939453,255584
2023-05-15,26.5,26.799999237060547,26.25,26.75,1558824
2023-05-16,26.75,26.799999237060547,26.600000381469727,26.700000762939453,605050
2023-05-17,26.700000762939453,27.25,26.64999961853028,27.14999961853028,421755
2023-05-18,27.299999237060547,27.299999237060547,27.049999237060547,27.14999961853028,265700
2023-05-19,27.0,27.049999237060547,26.700000762939453,26.850000381469727,588901
2023-05-22,26.950000762939453,27.14999961853028,26.850000381469727,27.100000381469727,211500
2023-05-23,27.14999961853028,27.200000762939453,26.950000762939453,27.100000381469727,363300
2023-05-24,27.100000381469727,27.25,27.100000381469727,27.14999961853028,335003
2023-05-25,27.200000762939453,28.200000762939453,27.200000762939453,28.0,1737685
2023-05-26,28.350000381469727,28.450000762939453,27.75,27.850000381469727,1395990
2023-05-29,28.100000381469727,28.14999961853028,27.89999961853028,28.14999961853028,657495
2023-05-30,28.14999961853028,28.14999961853028,27.950000762939453,28.049999237060547,321340
2023-05-31,28.049999237060547,28.25,28.0,28.14999961853028,737060
2023-06-01,28.14999961853028,28.25,28.100000381469727,28.14999961853028,581235
2023-06-02,28.25,28.450000762939453,28.100000381469727,28.299999237060547,961503
2023-06-05,28.350000381469727,28.5,28.299999237060547,28.450000762939453,563382
2023-06-06,28.5,28.5,28.25,28.450000762939453,299071
2023-06-07,28.450000762939453,28.5,28.299999237060547,28.299999237060547,471860
2023-06-08,28.299999237060547,28.299999237060547,28.14999961853028,28.200000762939453,305669
2023-06-09,28.200000762939453,28.200000762939453,27.950000762939453,28.049999237060547,723809
2023-06-12,28.14999961853028,28.14999961853028,28.049999237060547,28.100000381469727,271860
2023-06-13,28.14999961853028,28.350000381469727,28.14999961853028,28.25,343961
2023-06-14,28.25,28.39999961853028,28.25,28.350000381469727,359420
2023-06-15,28.450000762939453,28.450000762939453,28.299999237060547,28.450000762939453,350590
2023-06-16,28.450000762939453,28.5,28.299999237060547,28.299999237060547,342110
2023-06-19,28.299999237060547,28.299999237060547,28.0,28.14999961853028,320821
2023-06-20,28.200000762939453,28.200000762939453,28.0,28.14999961853028,187320
2023-06-21,28.14999961853028,28.299999237060547,28.049999237060547,28.299999237060547,253235
2023-06-26,28.25,28.25,28.049999237060547,28.14999961853028,305305
2023-06-27,28.100000381469727,28.14999961853028,28.0,28.049999237060547,312931
2023-06-28,28.049999237060547,28.14999961853028,28.0,28.0,186003
2023-06-29,28.049999237060547,28.100000381469727,28.0,28.049999237060547,211689
2023-06-30,28.049999237060547,28.200000762939453,28.0,28.200000762939453,275989
2023-07-03,28.25,28.39999961853028,28.200000762939453,28.299999237060547,433727
2023-07-04,28.5,28.5,28.299999237060547,28.39999961853028,334270
2023-07-05,28.39999961853028,28.75,28.39999961853028,28.64999961853028,901245
2023-07-06,28.64999961853028,28.75,28.450000762939453,28.549999237060547,560428
2023-07-07,28.5,28.5,28.100000381469727,28.25,403001
2023-07-10,28.25,28.350000381469727,28.100000381469727,28.100000381469727,357450
2023-07-11,28.100000381469727,28.14999961853028,28.0,28.14999961853028,452923
2023-07-12,28.14999961853028,28.14999961853028,28.0,28.0,456906
2023-07-13,28.0,28.100000381469727,27.799999237060547,27.799999237060547,938656
2023-07-14,27.799999237060547,27.89999961853028,27.700000762939453,27.799999237060547,835117
2023-07-17,27.850000381469727,27.89999961853028,27.600000381469727,27.600000381469727,2316590
2023-07-18,26.0,26.39999961853028,25.89999961853028,26.100000381469727,1754178
2023-07-19,26.14999961853028,26.299999237060547,26.100000381469727,26.200000762939453,686720
2023-07-20,26.200000762939453,26.200000762939453,25.799999237060547,25.89999961853028,891700
2023-07-21,25.799999237060547,25.799999237060547,25.450000762939453,25.64999961853028,600300
2023-07-24,25.75,25.75,25.049999237060547,25.200000762939453,520167
2023-07-25,25.200000762939453,25.299999237060547,25.14999961853028,25.25,451244
2023-07-26,25.25,25.25,25.100000381469727,25.100000381469727,431293
2023-07-27,25.14999961853028,25.64999961853028,25.14999961853028,25.450000762939453,335150
2023-07-28,25.5,25.600000381469727,25.450000762939453,25.600000381469727,171736
2023-07-31,25.600000381469727,25.850000381469727,25.5,25.549999237060547,387743
2023-08-01,25.549999237060547,25.549999237060547,25.299999237060547,25.39999961853028,302515
2023-08-02,25.350000381469727,25.450000762939453,25.14999961853028,25.25,374674
2023-08-04,25.200000762939453,25.450000762939453,25.049999237060547,25.350000381469727,319158
2023-08-07,25.350000381469727,25.600000381469727,25.200000762939453,25.600000381469727,226877
2023-08-08,25.549999237060547,25.64999961853028,25.39999961853028,25.39999961853028,150163
2023-08-09,25.350000381469727,25.350000381469727,25.100000381469727,25.200000762939453,188100
2023-08-10,25.200000762939453,25.200000762939453,25.049999237060547,25.14999961853028,291100
2023-08-11,25.200000762939453,25.200000762939453,24.950000762939453,25.049999237060547,419550
2023-08-14,24.799999237060547,24.799999237060547,22.700000762939453,22.799999237060547,1933540
2023-08-15,22.75,22.75,22.25,22.700000762939453,688496
2023-08-16,22.700000762939453,22.700000762939453,22.200000762939453,22.350000381469727,571058
2023-08-17,22.350000381469727,22.950000762939453,22.14999961853028,22.799999237060547,533861
2023-08-18,22.950000762939453,24.14999961853028,22.950000762939453,23.39999961853028,854301
2023-08-21,23.5,23.700000762939453,23.0,23.100000381469727,325411
2023-08-22,23.64999961853028,23.64999961853028,22.799999237060547,22.850000381469727,333629
2023-08-23,23.25,23.25,22.799999237060547,22.89999961853028,160582
2023-08-24,23.25,23.25,22.799999237060547,22.89999961853028,190978
2023-08-25,23.049999237060547,23.049999237060547,22.799999237060547,22.950000762939453,268550
2023-08-28,23.0,23.0,22.549999237060547,22.600000381469727,281574
2023-08-29,22.799999237060547,22.89999961853028,22.549999237060547,22.799999237060547,113948
2023-08-30,22.89999961853028,23.049999237060547,22.700000762939453,23.0,329850
2023-08-31,23.0,23.100000381469727,22.89999961853028,23.100000381469727,164222
2023-09-01,23.049999237060547,23.25,23.0,23.200000762939453,143180
2023-09-04,23.39999961853028,23.450000762939453,23.100000381469727,23.25,320590
2023-09-05,23.25,23.39999961853028,23.200000762939453,23.39999961853028,299445
2023-09-06,23.350000381469727,23.64999961853028,23.350000381469727,23.600000381469727,274286
2023-09-07,23.549999237060547,23.799999237060547,23.5,23.64999961853028,240033
2023-09-08,23.5,23.75,23.5,23.75,173071
2023-09-11,23.950000762939453,23.950000762939453,23.200000762939453,23.299999237060547,298503
2023-09-12,23.39999961853028,23.39999961853028,23.25,23.350000381469727,133889
2023-09-13,23.5,23.549999237060547,23.299999237060547,23.5,109801
2023-09-14,23.14999961853028,23.75,23.14999961853028,23.600000381469727,208192
2023-09-15,23.600000381469727,23.799999237060547,23.600000381469727,23.799999237060547,141251
2023-09-18,23.600000381469727,23.950000762939453,23.600000381469727,23.799999237060547,271547
2023-09-19,23.75,23.850000381469727,23.700000762939453,23.799999237060547,141336
2023-09-20,23.75,23.799999237060547,23.64999961853028,23.700000762939453,100211
2023-09-21,23.600000381469727,23.600000381469727,23.5,23.600000381469727,148720
2023-09-22,23.5,23.5,23.200000762939453,23.299999237060547,120402
2023-09-25,23.299999237060547,23.39999961853028,23.200000762939453,23.350000381469727,119657
2023-09-26,23.350000381469727,23.350000381469727,23.0,23.049999237060547,189080
2023-09-27,23.049999237060547,23.049999237060547,22.850000381469727,22.89999961853028,139183
2023-09-28,23.0,23.14999961853028,22.950000762939453,23.0,236554
2023-10-02,23.200000762939453,23.450000762939453,23.100000381469727,23.299999237060547,122901
2023-10-03,23.299999237060547,23.64999961853028,23.299999237060547,23.549999237060547,240060
2023-10-04,23.200000762939453,23.39999961853028,23.200000762939453,23.299999237060547,239500
2023-10-05,23.450000762939453,23.450000762939453,23.25,23.350000381469727,102569
2023-10-06,23.350000381469727,23.39999961853028,23.299999237060547,23.350000381469727,189905
2023-10-11,23.39999961853028,23.450000762939453,22.950000762939453,22.950000762939453,374346
2023-10-12,23.25,23.299999237060547,23.0,23.299999237060547,330200
2023-10-13,23.200000762939453,23.299999237060547,23.100000381469727,23.14999961853028,215090
2023-10-16,23.25,23.25,22.89999961853028,22.89999961853028,303287
2023-10-17,23.100000381469727,23.100000381469727,22.89999961853028,22.89999961853028,235130
2023-10-18,22.950000762939453,23.0,21.799999237060547,22.39999961853028,4211790
2023-10-19,22.450000762939453,22.850000381469727,22.25,22.75,247026
2023-10-20,23.100000381469727,23.100000381469727,22.5,23.0,207000
2023-10-23,22.5,23.0,22.5,22.950000762939453,125400
2023-10-24,23.0,24.950000762939453,23.0,24.25,2132920
2023-10-25,24.200000762939453,24.799999237060547,24.0,24.0,661712
2023-10-26,24.0,24.0,23.299999237060547,23.350000381469727,528165
2023-10-27,23.64999961853028,23.64999961853028,23.200000762939453,23.299999237060547,301001
2023-10-30,23.299999237060547,23.5,23.299999237060547,23.350000381469727,115209
2023-10-31,23.39999961853028,23.39999961853028,23.200000762939453,23.25,250002
2023-11-01,23.25,23.450000762939453,22.950000762939453,23.0,275482
2023-11-02,23.25,23.25,23.0,23.0,239501
2023-11-03,23.14999961853028,23.14999961853028,22.950000762939453,23.0,227400
2023-11-06,23.0,23.200000762939453,22.950000762939453,23.0,336255
2023-11-07,23.200000762939453,23.200000762939453,22.950000762939453,22.950000762939453,139296
2023-11-08,23.049999237060547,23.5,23.0,23.299999237060547,301200
2023-11-09,23.950000762939453,24.14999961853028,23.549999237060547,23.75,629701
2023-11-10,23.850000381469727,23.89999961853028,23.600000381469727,23.850000381469727,306040
2023-11-13,24.049999237060547,24.350000381469727,23.850000381469727,24.14999961853028,706300
2023-11-14,23.700000762939453,23.89999961853028,23.450000762939453,23.64999961853028,596016
2023-11-15,23.75,24.14999961853028,23.700000762939453,24.0,634345
2023-11-16,24.049999237060547,24.100000381469727,23.799999237060547,23.950000762939453,433001
2023-11-17,24.14999961853028,24.299999237060547,24.0,24.200000762939453,436001
2023-11-20,24.200000762939453,24.25,23.89999961853028,24.100000381469727,234372
2023-11-21,24.200000762939453,24.200000762939453,24.0,24.049999237060547,254972
2023-11-22,24.049999237060547,24.350000381469727,24.049999237060547,24.200000762939453,400251
2023-11-23,24.200000762939453,24.25,24.049999237060547,24.14999961853028,197082
2023-11-24,24.100000381469727,24.25,24.0,24.0,290000
2023-11-27,24.0,24.200000762939453,24.0,24.100000381469727,202258
2023-11-28,24.100000381469727,24.350000381469727,24.100000381469727,24.350000381469727,318168
2023-11-29,24.350000381469727,24.450000762939453,24.350000381469727,24.450000762939453,330221
2023-11-30,24.450000762939453,24.5,24.299999237060547,24.450000762939453,171057
2023-12-01,24.450000762939453,24.850000381469727,24.350000381469727,24.850000381469727,535255
2023-12-04,24.850000381469727,24.850000381469727,24.5,24.600000381469727,324876
2023-12-05,24.549999237060547,24.549999237060547,24.100000381469727,24.25,346100
2023-12-06,24.299999237060547,24.549999237060547,24.100000381469727,24.25,273953
2023-12-07,24.25,24.299999237060547,24.049999237060547,24.200000762939453,150012
2023-12-08,24.299999237060547,24.39999961853028,24.200000762939453,24.39999961853028,274343
2023-12-11,24.5,24.75,24.39999961853028,24.549999237060547,353904
2023-12-12,24.600000381469727,24.700000762939453,24.200000762939453,24.600000381469727,534116
2023-12-13,24.700000762939453,24.850000381469727,24.5,24.850000381469727,658111
2023-12-14,25.100000381469727,25.350000381469727,24.950000762939453,25.14999961853028,762931
2023-12-15,25.14999961853028,25.25,24.950000762939453,25.200000762939453,383285
2023-12-18,25.14999961853028,25.14999961853028,24.600000381469727,24.75,356503
2023-12-19,24.75,24.75,24.25,24.350000381469727,435799
2023-12-20,24.39999961853028,24.75,24.299999237060547,24.5,161700
2023-12-21,24.350000381469727,24.549999237060547,24.299999237060547,24.450000762939453,214101
2023-12-22,24.39999961853028,24.549999237060547,24.299999237060547,24.450000762939453,267081
2023-12-25,24.5,24.5,24.39999961853028,24.450000762939453,122102
2023-12-26,24.5,24.549999237060547,24.39999961853028,24.549999237060547,134742
2023-12-27,24.5,24.89999961853028,24.5,24.64999961853028,218966
2023-12-28,24.64999961853028,24.75,24.5,24.700000762939453,150000
2023-12-29,24.700000762939453,24.799999237060547,24.549999237060547,24.75,157807
2024-01-02,24.75,24.850000381469727,24.549999237060547,24.75,141343
2024-01-03,24.549999237060547,24.700000762939453,24.5,24.5,170300
2024-01-04,24.450000762939453,24.600000381469727,24.350000381469727,24.5,183900
2024-01-05,24.350000381469727,24.450000762939453,24.350000381469727,24.39999961853028,84150
2024-01-08,24.39999961853028,24.39999961853028,24.200000762939453,24.200000762939453,199224
2024-01-09,24.200000762939453,24.200000762939453,23.89999961853028,23.950000762939453,336423
2024-01-10,23.89999961853028,23.950000762939453,23.600000381469727,23.75,321599
2024-01-11,23.64999961853028,23.89999961853028,23.64999961853028,23.75,200852
2024-01-12,23.89999961853028,23.89999961853028,23.64999961853028,23.700000762939453,147250
2024-01-15,23.700000762939453,23.799999237060547,23.700000762939453,23.700000762939453,160150
2024-01-16,23.700000762939453,23.850000381469727,23.39999961853028,23.5,251212
2024-01-17,23.299999237060547,23.5,23.299999237060547,23.39999961853028,261281
2024-01-18,23.350000381469727,23.450000762939453,23.200000762939453,23.299999237060547,167801
2024-01-19,23.25,23.25,23.100000381469727,23.25,265010
2024-01-22,23.299999237060547,23.5,23.299999237060547,23.39999961853028,126445
2024-01-23,23.5,23.89999961853028,23.5,23.700000762939453,182111
2024-01-24,23.700000762939453,24.0,23.700000762939453,23.799999237060547,260667
2024-01-25,23.799999237060547,24.0,23.700000762939453,23.700000762939453,190629
2024-01-26,23.600000381469727,23.89999961853028,23.600000381469727,23.75,130167
2024-01-29,23.700000762939453,23.700000762939453,23.549999237060547,23.600000381469727,138230
2024-01-30,23.799999237060547,23.950000762939453,23.549999237060547,23.549999237060547,114978
2024-01-31,23.5,24.850000381469727,23.5,24.5,2113618
2024-02-01,24.5,24.89999961853028,24.299999237060547,24.700000762939453,1453889
2024-02-02,24.89999961853028,24.89999961853028,24.450000762939453,24.5,494442
2024-02-05,24.5,24.5,24.100000381469727,24.299999237060547,213300
2024-02-15,24.549999237060547,24.799999237060547,24.14999961853028,24.700000762939453,626312
2024-02-16,24.700000762939453,24.89999961853028,24.600000381469727,24.799999237060547,560139
2024-02-19,24.850000381469727,25.549999237060547,24.799999237060547,25.5,1365607
2024-02-20,25.850000381469727,26.5,25.799999237060547,26.100000381469727,2870575
2024-02-21,26.049999237060547,26.049999237060547,25.549999237060547,25.799999237060547,924313
2024-02-22,25.950000762939453,26.200000762939453,25.549999237060547,25.75,730750
2024-02-23,25.75,26.200000762939453,25.700000762939453,25.75,622250
2024-02-26,26.0,26.0,25.549999237060547,25.64999961853028,506399
2024-02-27,25.64999961853028,25.850000381469727,25.25,25.600000381469727,638329
2024-02-29,25.600000381469727,25.89999961853028,25.549999237060547,25.75,347160
2024-03-01,25.700000762939453,25.799999237060547,25.64999961853028,25.799999237060547,365188
2024-03-04,25.799999237060547,26.200000762939453,25.75,25.75,552793
2024-03-05,25.75,25.75,25.350000381469727,25.350000381469727,435161
2024-03-06,25.350000381469727,25.350000381469727,25.100000381469727,25.200000762939453,550848
2024-03-07,25.39999961853028,25.39999961853028,24.950000762939453,24.950000762939453,534108
2024-03-08,24.850000381469727,24.950000762939453,24.549999237060547,24.64999961853028,660569
2024-03-11,24.64999961853028,24.64999961853028,24.200000762939453,24.299999237060547,480687
2024-03-12,24.200000762939453,24.549999237060547,24.14999961853028,24.5,393505
2024-03-13,24.450000762939453,24.5,23.950000762939453,24.14999961853028,591542
2024-03-14,24.14999961853028,24.25,23.799999237060547,23.89999961853028,565475
2024-03-15,23.89999961853028,24.0,23.600000381469727,23.600000381469727,520821
2024-03-18,23.600000381469727,23.850000381469727,23.299999237060547,23.700000762939453,393773
2024-03-19,23.700000762939453,23.950000762939453,23.600000381469727,23.799999237060547,418512
2024-03-20,23.700000762939453,23.700000762939453,23.5,23.5,358152
2024-03-21,23.600000381469727,24.049999237060547,23.600000381469727,23.950000762939453,562700
2024-03-22,23.950000762939453,23.950000762939453,23.64999961853028,23.799999237060547,285297
2024-03-25,23.799999237060547,24.299999237060547,23.700000762939453,24.049999237060547,543630
2024-03-26,24.049999237060547,24.049999237060547,23.5,23.64999961853028,390200
2024-03-27,23.700000762939453,23.850000381469727,23.600000381469727,23.64999961853028,156624
2024-03-28,23.600000381469727,23.75,23.5,23.5,303800
2024-03-29,23.5,23.600000381469727,23.450000762939453,23.600000381469727,208000
2024-04-01,23.549999237060547,23.700000762939453,23.39999961853028,23.600000381469727,315082
2024-04-02,23.600000381469727,23.75,23.5,23.700000762939453,294300
2024-04-03,23.600000381469727,23.600000381469727,23.39999961853028,23.5,275896
2024-04-08,23.450000762939453,23.5,23.25,23.25,371832
2024-04-09,23.25,23.549999237060547,23.25,23.39999961853028,348720
2024-04-10,23.39999961853028,23.75,23.299999237060547,23.64999961853028,297850
2024-04-11,23.600000381469727,23.700000762939453,23.5,23.700000762939453,336353
2024-04-12,23.75,24.049999237060547,23.64999961853028,23.850000381469727,671666
2024-04-15,23.75,23.75,23.5,23.5,348606
2024-04-16,23.39999961853028,23.39999961853028,22.89999961853028,23.0,595412
2024-04-17,22.950000762939453,23.299999237060547,22.950000762939453,23.200000762939453,231495
2024-04-18,23.14999961853028,23.25,22.89999961853028,23.200000762939453,155474
2024-04-19,23.049999237060547,23.100000381469727,22.600000381469727,22.799999237060547,523500
2024-04-22,22.850000381469727,23.14999961853028,22.64999961853028,22.799999237060547,207092
2024-04-23,22.850000381469727,23.100000381469727,22.799999237060547,22.89999961853028,151416
2024-04-24,22.950000762939453,23.100000381469727,22.89999961853028,23.0,202630
2024-04-25,23.0,23.299999237060547,23.0,23.200000762939453,258401
2024-04-26,23.25,23.350000381469727,23.049999237060547,23.100000381469727,250133
2024-04-29,23.100000381469727,23.299999237060547,23.049999237060547,23.200000762939453,297401
2024-04-30,23.299999237060547,23.450000762939453,23.200000762939453,23.350000381469727,484130
2024-05-02,23.350000381469727,23.700000762939453,23.299999237060547,23.600000381469727,347168
2024-05-03,23.75,23.850000381469727,23.5,23.5,343500
2024-05-06,23.600000381469727,23.75,23.5,23.64999961853028,331210
2024-05-07,23.600000381469727,23.64999961853028,23.450000762939453,23.64999961853028,497000
2024-05-08,23.64999961853028,23.64999961853028,23.5,23.5,140460
2024-05-09,23.549999237060547,23.600000381469727,23.39999961853028,23.450000762939453,196119
2024-05-10,23.39999961853028,23.5,23.350000381469727,23.5,220605
2024-05-13,24.0,24.799999237060547,24.0,24.5,1370240
2024-05-14,24.850000381469727,24.850000381469727,24.450000762939453,24.549999237060547,487478
2024-05-15,24.600000381469727,24.64999961853028,24.39999961853028,24.5,422102
2024-05-16,24.64999961853028,24.700000762939453,24.5,24.64999961853028,488590
2024-05-17,24.549999237060547,24.850000381469727,24.549999237060547,24.75,408617
2024-05-20,24.75,24.89999961853028,24.600000381469727,24.75,389713
2024-05-21,24.64999961853028,25.14999961853028,24.64999961853028,25.14999961853028,753145
2024-05-22,25.39999961853028,25.39999961853028,25.0,25.100000381469727,517336
2024-05-23,25.100000381469727,25.200000762939453,24.799999237060547,24.850000381469727,470580
2024-05-24,24.75,25.200000762939453,24.64999961853028,25.200000762939453,457181
2024-05-27,25.200000762939453,25.299999237060547,25.0,25.14999961853028,442554
2024-05-28,25.200000762939453,26.850000381469727,25.100000381469727,26.64999961853028,3098284
2024-05-29,28.0,29.299999237060547,27.799999237060547,28.549999237060547,20950208
2024-05-30,27.700000762939453,29.14999961853028,27.100000381469727,28.700000762939453,6906823
2024-05-31,31.0,31.549999237060547,30.89999961853028,31.549999237060547,9192479
2024-06-03,34.70000076293945,34.70000076293945,34.70000076293945,34.70000076293945,5080088
2024-06-04,38.150001525878906,38.150001525878906,38.150001525878906,38.150001525878906,5996168
2024-06-05,38.79999923706055,38.79999923706055,34.349998474121094,34.650001525878906,43955352
2024-06-06,35.0,36.45000076293945,34.400001525878906,34.45000076293945,18378412
2024-06-07,34.95000076293945,34.95000076293945,32.099998474121094,32.29999923706055,12683748
2024-06-11,32.400001525878906,32.75,30.14999961853028,30.450000762939453,8765084
2024-06-12,30.39999961853028,33.45000076293945,29.89999961853028,33.45000076293945,18951754
2024-06-13,34.25,36.75,33.79999923706055,36.75,25736119
2024-06-14,38.5,40.34999847412109,36.900001525878906,37.5,75962857
2024-06-17,37.45000076293945,38.70000076293945,35.70000076293945,37.900001525878906,23778829
2024-06-18,37.900001525878906,39.45000076293945,37.400001525878906,39.150001525878906,26796116
2024-06-19,39.900001525878906,43.04999923706055,39.5,40.0,62326611
2024-06-20,40.54999923706055,41.79999923706055,39.20000076293945,41.79999923706055,27609750
2024-06-21,41.79999923706055,42.34999847412109,40.59999847412109,41.09999847412109,17965031
2024-06-24,40.75,41.0,38.79999923706055,38.95000076293945,12282880
2024-06-25,38.59999847412109,39.09999847412109,37.70000076293945,38.5,6108922
2024-06-26,39.09999847412109,40.70000076293945,38.75,39.59999847412109,11296559
2024-06-27,39.04999923706055,39.900001525878906,38.5,38.59999847412109,6088517
2024-06-28,39.09999847412109,42.29999923706055,38.70000076293945,40.20000076293945,21972486
2024-07-01,40.75,42.75,39.900001525878906,41.650001525878906,24162064
2024-07-02,41.650001525878906,42.70000076293945,40.79999923706055,41.09999847412109,13130201
2024-07-03,41.79999923706055,45.20000076293945,41.29999923706055,45.20000076293945,34655902
2024-07-04,48.75,49.70000076293945,48.09999847412109,49.70000076293945,10370472
2024-07-05,53.79999923706055,54.59999847412109,50.900001525878906,52.5,59476015
2024-07-08,53.20000076293945,53.900001525878906,47.54999923706055,49.84999847412109,30963807
2024-07-09,49.150001525878906,49.75,45.25,47.20000076293945,17386643
2024-07-10,48.0,51.900001525878906,47.59999847412109,51.900001525878906,26074047
2024-07-11,52.5,53.20000076293945,49.79999923706055,50.09999847412109,22101944
2024-07-12,48.84999847412109,51.70000076293945,48.20000076293945,49.84999847412109,12382898
2024-07-15,49.79999923706055,50.59999847412109,48.54999923706055,48.79999923706055,5987753
2024-07-16,48.650001525878906,51.09999847412109,48.0,49.95000076293945,7820647
2024-07-17,50.0,51.70000076293945,49.29999923706055,50.0,14129101
2024-07-18,48.900001525878906,49.59999847412109,48.04999923706055,48.09999847412109,7036189
2024-07-19,48.29999923706055,49.09999847412109,46.75,47.20000076293945,7518681
2024-07-22,47.5,47.95000076293945,45.0,45.34999847412109,7276939
2024-07-23,47.04999923706055,48.95000076293945,45.70000076293945,46.0,9638743
2024-07-26,44.400001525878906,45.5,43.70000076293945,45.0,4003858
2024-07-29,45.79999923706055,45.900001525878906,43.0,43.09999847412109,5117889
2024-07-30,41.650001525878906,43.400001525878906,41.20000076293945,43.29999923706055,3831495
2024-07-31,42.70000076293945,43.75,42.04999923706055,42.59999847412109,2012483
2024-08-01,44.0,46.84999847412109,44.0,46.84999847412109,3260943
2024-08-02,44.29999923706055,47.79999923706055,44.20000076293945,44.79999923706055,12938961
2024-08-05,43.150001525878906,43.20000076293945,40.34999847412109,40.34999847412109,5030050
2024-08-06,40.400001525878906,42.0,36.34999847412109,38.34999847412109,9009715
2024-08-07,40.20000076293945,42.150001525878906,40.0,42.150001525878906,8331392
2024-08-08,40.95000076293945,44.45000076293945,40.79999923706055,43.150001525878906,13583287
2024-08-09,44.5,46.5,43.650001525878906,44.09999847412109,13064500
2024-08-12,45.29999923706055,46.25,45.150001525878906,45.84999847412109,9346139
2024-08-13,46.79999923706055,46.84999847412109,45.20000076293945,46.25,9843018
2024-08-14,46.75,46.79999923706055,44.09999847412109,44.09999847412109,10561112
2024-08-15,44.09999847412109,46.34999847412109,43.54999923706055,45.5,9878436
2024-08-16,46.650001525878906,48.70000076293945,46.150001525878906,46.5,18213647
2024-08-19,47.20000076293945,47.84999847412109,45.900001525878906,47.04999923706055,8496804
2024-08-20,47.79999923706055,48.79999923706055,46.650001525878906,46.75,8440853
2024-08-21,46.29999923706055,47.34999847412109,45.54999923706055,46.150001525878906,4381217
2024-08-22,46.5,46.650001525878906,44.900001525878906,45.0,4201582
2024-08-23,44.5,45.5,43.79999923706055,45.09999847412109,3792270
2024-08-26,46.0,46.5,44.70000076293945,45.0,2743842
2024-08-27,44.54999923706055,46.29999923706055,44.54999923706055,45.84999847412109,3429537
2024-08-28,46.5,46.650001525878906,45.04999923706055,45.04999923706055,2375135
2024-08-29,44.84999847412109,45.34999847412109,44.0,45.20000076293945,2799526
2024-08-30,45.5,45.75,44.0,44.0,3601138
2024-09-02,44.20000076293945,44.5,43.70000076293945,43.70000076293945,1830932
2024-09-03,43.84999847412109,45.29999923706055,42.900001525878906,43.400001525878906,4317451
2024-09-04,40.09999847412109,41.70000076293945,39.5,40.75,3747703
2024-09-05,41.20000076293945,42.79999923706055,40.75,40.84999847412109,2822236
2024-09-06,41.400001525878906,41.75,40.45000076293945,40.45000076293945,1754575
2024-09-09,39.20000076293945,40.5,39.20000076293945,39.79999923706055,2209418
2024-09-10,40.59999847412109,40.70000076293945,38.79999923706055,39.0,2909074
2024-09-11,39.45000076293945,39.45000076293945,38.79999923706055,38.900001525878906,1199838
2024-09-12,40.20000076293945,40.59999847412109,39.70000076293945,40.09999847412109,2116457
2024-09-13,40.75,40.95000076293945,39.59999847412109,39.84999847412109,1369234
2024-09-16,40.29999923706055,40.5,39.20000076293945,39.400001525878906,1506244
2024-09-18,39.5,39.70000076293945,38.84999847412109,38.84999847412109,1274860
2024-09-19,39.29999923706055,39.900001525878906,39.0,39.79999923706055,1406255
2024-09-20,40.5,40.70000076293945,39.79999923706055,39.95000076293945,1444226
2024-09-23,38.0,38.650001525878906,36.20000076293945,36.70000076293945,7653062
2024-09-24,36.75,37.70000076293945,35.900001525878906,37.400001525878906,3694500
2024-09-25,37.95000076293945,39.04999923706055,37.70000076293945,38.54999923706055,2791302
2024-09-26,39.25,39.34999847412109,38.0,38.0,2209211
2024-09-27,38.5,38.54999923706055,37.650001525878906,37.84999847412109,1539049
2024-09-30,37.79999923706055,37.900001525878906,37.150001525878906,37.34999847412109,878238
2024-10-01,37.400001525878906,38.0,37.150001525878906,37.79999923706055,1064675
2024-10-04,38.5,40.20000076293945,38.29999923706055,39.75,12232333
2024-10-07,39.95000076293945,41.34999847412109,39.29999923706055,40.25,10240301
2024-10-08,40.25,42.5,39.45000076293945,42.5,6903268
2024-10-09,44.0,46.5,42.29999923706055,42.34999847412109,24573770
2024-10-11,42.5,42.54999923706055,39.150001525878906,39.150001525878906,6924975
2024-10-14,39.650001525878906,39.70000076293945,38.70000076293945,39.70000076293945,2591078
2024-10-15,40.0,40.75,39.20000076293945,39.400001525878906,2550991
2024-10-16,38.900001525878906,40.0,38.79999923706055,39.70000076293945,2066942
2024-10-17,40.0,40.29999923706055,39.70000076293945,40.150001525878906,1989036
2024-10-18,40.5,40.650001525878906,39.400001525878906,39.45000076293945,1636200
2024-10-21,39.5,41.5,39.45000076293945,40.900001525878906,3183961
2024-10-22,41.0,41.400001525878906,40.29999923706055,41.0,2248915
2024-10-23,41.25,41.25,40.70000076293945,40.79999923706055,1766602
2024-10-24,40.70000076293945,40.84999847412109,39.54999923706055,39.79999923706055,2191432
2024-10-25,39.900001525878906,40.09999847412109,39.0,39.34999847412109,1753950
2024-10-28,39.75,39.79999923706055,38.54999923706055,39.150001525878906,1244105
2024-10-29,39.20000076293945,39.25,38.09999847412109,38.25,1032003
2024-10-30,38.5,38.59999847412109,37.5,37.5,1204382
2024-11-01,37.0,38.79999923706055,36.59999847412109,38.79999923706055,1518007
2024-11-04,38.95000076293945,38.95000076293945,37.54999923706055,37.54999923706055,1223726
2024-11-05,37.29999923706055,38.400001525878906,37.29999923706055,37.29999923706055,870841
2024-11-06,37.5,38.0,37.09999847412109,37.34999847412109,962035
2024-11-07,37.5,38.34999847412109,37.5,37.75,1062603
2024-11-08,38.54999923706055,38.54999923706055,37.20000076293945,37.29999923706055,1073668
2024-11-11,37.29999923706055,37.54999923706055,36.900001525878906,36.95000076293945,903294
2024-11-12,36.54999923706055,37.04999923706055,36.09999847412109,36.59999847412109,1018800
2024-11-13,36.34999847412109,37.0,36.29999923706055,36.29999923706055,765176
2024-11-14,33.29999923706055,34.150001525878906,32.70000076293945,32.70000076293945,7370919
2024-11-15,32.5,34.349998474121094,32.29999923706055,34.099998474121094,3780317
2024-11-18,34.099998474121094,34.150001525878906,32.79999923706055,32.79999923706055,1319271
2024-11-19,33.349998474121094,33.70000076293945,32.95000076293945,33.5,933500
2024-11-20,33.099998474121094,33.099998474121094,33.099998474121094,33.099998474121094,663805
2024-11-21,33.20000076293945,33.20000076293945,32.54999923706055,32.70000076293945,855288
2024-11-22,33.0,33.400001525878906,32.599998474121094,32.650001525878906,944000
2024-11-25,33.150001525878906,33.599998474121094,33.0,33.5,635400
2024-11-26,33.54999923706055,33.650001525878906,32.95000076293945,33.54999923706055,478104
2024-11-27,33.20000076293945,33.45000076293945,32.5,32.5,562857
2024-11-28,32.5,32.5,31.700000762939453,32.20000076293945,806354
2024-11-29,32.20000076293945,32.70000076293945,31.700000762939453,32.70000076293945,677108
2024-12-02,32.70000076293945,32.70000076293945,31.549999237060547,31.549999237060547,1633519
2024-12-03,32.04999923706055,32.099998474121094,31.299999237060547,31.799999237060547,1087953
2024-12-04,32.0,32.29999923706055,31.64999961853028,32.150001525878906,774566
2024-12-05,32.150001525878906,32.29999923706055,31.799999237060547,31.799999237060547,414100
2024-12-06,31.799999237060547,32.04999923706055,31.700000762939453,31.700000762939453,510820
2024-12-09,31.799999237060547,31.799999237060547,30.850000381469727,30.850000381469727,944701
2024-12-10,30.850000381469727,31.299999237060547,30.299999237060547,30.5,1121115
2024-12-11,30.200000762939453,31.100000381469727,30.200000762939453,30.75,873048
2024-12-12,30.799999237060547,31.700000762939453,30.799999237060547,30.89999961853028,536626
2024-12-13,30.799999237060547,30.799999237060547,30.100000381469727,30.39999961853028,459301
2024-12-16,30.39999961853028,30.5,29.700000762939453,29.700000762939453,792482
2024-12-17,29.75,30.75,29.700000762939453,30.64999961853028,617652
2024-12-18,30.75,30.75,29.950000762939453,30.200000762939453,487250
2024-12-19,29.89999961853028,30.64999961853028,29.64999961853028,30.549999237060547,895348
2024-12-20,30.299999237060547,31.39999961853028,30.299999237060547,30.799999237060547,1096437
2024-12-23,31.200000762939453,31.950000762939453,31.0,31.200000762939453,891308
2024-12-24,31.75,31.950000762939453,31.100000381469727,31.25,500450
2024-12-25,31.64999961853028,32.599998474121094,31.5,32.349998474121094,1189554
2024-12-26,32.70000076293945,32.70000076293945,31.549999237060547,31.600000381469727,833055
2024-12-27,31.5,31.950000762939453,31.049999237060547,31.049999237060547,476393
2024-12-30,30.89999961853028,31.5,30.600000381469727,30.600000381469727,316081
2024-12-31,30.600000381469727,30.850000381469727,30.299999237060547,30.799999237060547,243200
2025-01-02,30.64999961853028,30.799999237060547,30.0,30.049999237060547,442100
2025-01-03,30.049999237060547,30.549999237060547,29.700000762939453,29.75,705017
2025-01-06,30.0,30.549999237060547,29.799999237060547,30.39999961853028,548234
2025-01-07,30.39999961853028,30.850000381469727,29.89999961853028,29.89999961853028,581881
2025-01-08,29.89999961853028,30.100000381469727,29.5,29.5,598291
2025-01-09,29.799999237060547,29.799999237060547,29.0,29.100000381469727,596478
2025-01-10,29.100000381469727,29.39999961853028,28.75,28.850000381469727,578062
2025-01-13,28.549999237060547,28.549999237060547,27.700000762939453,28.200000762939453,917648
2025-01-14,28.0,28.700000762939453,28.0,28.600000381469727,325269
2025-01-15,28.5,28.89999961853028,28.25,28.39999961853028,201969
2025-01-16,28.64999961853028,29.350000381469727,28.14999961853028,28.25,423400
2025-01-17,28.39999961853028,28.39999961853028,27.799999237060547,27.799999237060547,444625
2025-01-20,28.0,28.64999961853028,27.799999237060547,28.549999237060547,523534
2025-01-21,28.5,28.799999237060547,28.299999237060547,28.5,222165
2025-01-22,28.64999961853028,29.0,28.5,28.89999961853028,492398
2025-02-03,28.549999237060547,28.700000762939453,27.75,28.450000762939453,511876
2025-02-04,28.5,28.64999961853028,28.14999961853028,28.14999961853028,264007
2025-02-05,27.64999961853028,28.950000762939453,27.64999961853028,28.799999237060547,454510
2025-02-06,28.89999961853028,29.39999961853028,28.850000381469727,29.299999237060547,347380
2025-02-07,29.299999237060547,29.700000762939453,29.0,29.5,394169
2025-02-10,29.299999237060547,29.64999961853028,29.100000381469727,29.299999237060547,337636
2025-02-11,29.600000381469727,30.200000762939453,29.350000381469727,29.450000762939453,312576
2025-02-12,29.299999237060547,29.799999237060547,29.100000381469727,29.14999961853028,402953
2025-02-13,29.25,29.700000762939453,29.25,29.5,764192
2025-02-14,29.600000381469727,30.049999237060547,29.5,29.600000381469727,382205
2025-02-17,29.799999237060547,30.100000381469727,29.64999961853028,29.64999961853028,452481
2025-02-18,29.64999961853028,29.799999237060547,29.5,29.799999237060547,303453
2025-02-19,30.0,30.39999961853028,29.799999237060547,30.200000762939453,687584
2025-02-20,30.25,30.450000762939453,29.950000762939453,30.0,361398
2025-02-21,29.950000762939453,30.75,29.89999961853028,30.75,481200
2025-02-24,30.75,31.350000381469727,30.450000762939453,30.549999237060547,701154
2025-02-25,30.450000762939453,30.5,30.100000381469727,30.14999961853028,290587
2025-02-26,30.0,30.350000381469727,30.0,30.299999237060547,369600
2025-02-27,30.350000381469727,31.25,29.89999961853028,29.89999961853028,742200
2025-03-03,29.5,30.200000762939453,29.200000762939453,29.299999237060547,901500
2025-03-04,29.0,29.5,28.299999237060547,29.5,531801
2025-03-05,29.39999961853028,29.799999237060547,29.350000381469727,29.64999961853028,292500
2025-03-06,29.5,29.799999237060547,28.64999961853028,28.64999961853028,723046
2025-03-07,28.5,28.850000381469727,28.299999237060547,28.299999237060547,373710
2025-03-10,28.5,29.89999961853028,28.450000762939453,29.5,897300
2025-03-11,29.75,30.049999237060547,28.5,29.700000762939453,948189
2025-03-12,29.39999961853028,29.75,29.14999961853028,29.350000381469727,544021
2025-03-13,29.350000381469727,30.39999961853028,28.850000381469727,28.89999961853028,554561
2025-03-14,28.799999237060547,29.39999961853028,28.39999961853028,29.39999961853028,597007
2025-03-17,29.450000762939453,30.5,29.39999961853028,29.39999961853028,741577
2025-03-18,29.600000381469727,29.799999237060547,28.950000762939453,29.25,261407
2025-03-19,29.39999961853028,29.39999961853028,28.799999237060547,28.89999961853028,422500
2025-03-20,29.049999237060547,29.75,29.0,29.700000762939453,625801
2025-03-21,29.89999961853028,29.89999961853028,29.25,29.5,330410
2025-03-24,29.799999237060547,29.799999237060547,29.0,29.0,283387
2025-03-25,29.100000381469727,29.299999237060547,28.39999961853028,28.600000381469727,402043
2025-03-26,28.5,29.049999237060547,28.350000381469727,28.350000381469727,324610
2025-03-27,28.350000381469727,28.5,27.799999237060547,28.25,378447
2025-03-28,28.0,28.0,27.200000762939453,27.450000762939453,930536
2025-03-31,26.39999961853028,26.950000762939453,25.700000762939453,25.89999961853028,1277081
2025-04-01,26.0,27.100000381469727,26.0,27.0,567018
2025-04-02,27.0,27.14999961853028,26.549999237060547,26.950000762939453,236201
2025-04-07,24.299999237060547,24.299999237060547,24.299999237060547,24.299999237060547,81715
2025-04-08,21.89999961853028,21.89999961853028,21.89999961853028,21.89999961853028,322321
2025-04-09,20.0,21.299999237060547,19.75,19.75,2199558
2025-04-10,21.600000381469727,21.700000762939453,21.350000381469727,21.700000762939453,950100
2025-04-11,19.89999961853028,22.14999961853028,19.850000381469727,22.0,917072
2025-04-14,22.549999237060547,23.75,22.200000762939453,22.5,828006
2025-04-15,22.5,24.14999961853028,22.5,23.850000381469727,705700
2025-04-16,23.850000381469727,24.200000762939453,23.5,23.799999237060547,430274
2025-04-17,23.39999961853028,24.100000381469727,23.25,23.799999237060547,380000
2025-04-18,23.799999237060547,23.950000762939453,23.5,23.64999961853028,242102
2025-04-21,23.64999961853028,23.799999237060547,22.700000762939453,22.799999237060547,312147
2025-04-22,22.299999237060547,23.049999237060547,22.200000762939453,22.5,338101
2025-04-23,23.0,23.64999961853028,22.700000762939453,23.600000381469727,421007
2025-04-24,23.5,23.850000381469727,23.350000381469727,23.75,277066
2025-04-25,23.75,24.350000381469727,23.75,24.0,269247
2025-04-28,24.200000762939453,24.64999961853028,24.14999961853028,24.5,469999
2025-04-29,24.450000762939453,25.100000381469727,24.450000762939453,25.100000381469727,454200
2025-04-30,25.5,25.64999961853028,24.549999237060547,24.549999237060547,387240
2025-05-02,24.64999961853028,25.5,24.64999961853028,25.0,334220
2025-05-05,25.0,25.200000762939453,23.600000381469727,24.200000762939453,440500
2025-05-06,24.200000762939453,24.600000381469727,24.200000762939453,24.299999237060547,212110
2025-05-07,24.200000762939453,24.5,24.0,24.049999237060547,263000
2025-05-08,24.049999237060547,24.850000381469727,24.049999237060547,24.5,411990
2025-05-09,24.75,25.64999961853028,24.549999237060547,25.5,817100
2025-05-12,25.850000381469727,26.39999961853028,25.75,26.100000381469727,510300
2025-05-13,26.600000381469727,26.950000762939453,26.0,26.200000762939453,599953
2025-05-14,26.600000381469727,26.799999237060547,26.5,26.64999961853028,440606
2025-05-15,27.25,27.950000762939453,26.700000762939453,27.25,902977
2025-05-16,27.549999237060547,27.549999237060547,26.950000762939453,27.049999237060547,532001
2025-05-19,27.049999237060547,27.200000762939453,26.600000381469727,27.0,416112
2025-05-20,27.39999961853028,28.700000762939453,27.14999961853028,27.14999961853028,955700
2025-05-21,27.5,27.950000762939453,27.299999237060547,27.600000381469727,351801
2025-05-22,27.600000381469727,27.600000381469727,27.049999237060547,27.25,288003
2025-05-23,27.200000762939453,27.5,27.100000381469727,27.14999961853028,210467
2025-05-26,27.299999237060547,27.549999237060547,26.75,27.39999961853028,395014
2025-05-27,27.39999961853028,27.549999237060547,26.799999237060547,26.850000381469727,399171
2025-05-28,27.25,27.350000381469727,26.89999961853028,26.89999961853028,266200
2025-05-29,27.049999237060547,27.25,26.64999961853028,26.75,241006
2025-06-02,26.549999237060547,26.549999237060547,25.549999237060547,25.64999961853028,297041
2025-06-03,26.200000762939453,26.200000762939453,25.350000381469727,25.39999961853028,202676
2025-06-04,25.549999237060547,27.049999237060547,25.549999237060547,26.700000762939453,508223
2025-06-05,27.049999237060547,28.600000381469727,26.850000381469727,28.0,1983601
2025-06-06,28.64999961853028,29.0,27.600000381469727,27.600000381469727,4950150
2025-06-09,27.350000381469727,27.799999237060547,26.5,26.700000762939453,1195830
2025-06-10,26.799999237060547,26.799999237060547,26.14999961853028,26.200000762939453,737120
2025-06-11,26.39999961853028,27.39999961853028,26.049999237060547,27.049999237060547,991930
2025-06-12,27.39999961853028,28.799999237060547,26.799999237060547,28.549999237060547,5194702
2025-06-13,28.549999237060547,28.549999237060547,27.299999237060547,27.75,4818252
2025-06-16,27.200000762939453,27.600000381469727,26.799999237060547,27.299999237060547,1323040
2025-06-17,27.549999237060547,27.850000381469727,26.799999237060547,26.799999237060547,1520650
2025-06-18,26.89999961853028,27.799999237060547,26.600000381469727,27.350000381469727,1061800
2025-06-19,27.600000381469727,27.799999237060547,27.0,27.0,2088375
2025-06-20,27.25,27.25,26.350000381469727,26.549999237060547,1397200
2025-06-23,25.89999961853028,26.200000762939453,25.39999961853028,26.14999961853028,651045
2025-06-24,26.299999237060547,27.600000381469727,26.299999237060547,27.100000381469727,2166224
2025-06-25,27.200000762939453,27.450000762939453,27.0,27.350000381469727,1413261
2025-06-26,27.450000762939453,27.700000762939453,27.100000381469727,27.200000762939453,1935301
2025-06-27,27.200000762939453,27.350000381469727,26.89999961853028,26.89999961853028,607001
2025-06-30,26.950000762939453,26.950000762939453,26.200000762939453,26.200000762939453,699402
2025-07-01,26.200000762939453,26.700000762939453,26.100000381469727,26.100000381469727,425100
2025-07-02,26.299999237060547,26.39999961853028,26.0,26.200000762939453,333063
2025-07-03,26.25,27.350000381469727,26.25,27.299999237060547,1101254
2025-07-04,27.350000381469727,27.350000381469727,26.200000762939453,26.200000762939453,910458
2025-07-07,26.100000381469727,26.100000381469727,25.549999237060547,25.700000762939453,495400
2025-07-08,25.700000762939453,25.75,25.0,25.75,674312
2025-07-09,25.75,26.0,25.549999237060547,25.799999237060547,297040
2025-07-10,25.75,25.950000762939453,25.549999237060547,25.600000381469727,306000
2025-07-11,25.799999237060547,26.39999961853028,25.700000762939453,26.049999237060547,335001
2025-07-14,26.0,26.0,25.450000762939453,25.549999237060547,529194
2025-07-15,25.600000381469727,26.0,25.549999237060547,25.89999961853028,349042
2025-07-16,26.049999237060547,27.299999237060547,26.049999237060547,26.799999237060547,1244238
2025-07-17,26.799999237060547,27.299999237060547,26.799999237060547,27.200000762939453,708389
2025-07-18,27.350000381469727,27.75,27.049999237060547,27.049999237060547,919045
2025-07-21,27.299999237060547,27.350000381469727,27.049999237060547,27.100000381469727,392000
2025-07-22,27.25,27.299999237060547,26.200000762939453,26.39999961853028,674200
2025-07-23,26.39999961853028,27.39999961853028,26.39999961853028,27.200000762939453,660400
2025-07-24,27.600000381469727,27.600000381469727,26.950000762939453,27.0,383512
2025-07-25,27.0,27.0,26.549999237060547,26.549999237060547,347755
2025-07-28,26.600000381469727,26.75,26.200000762939453,26.549999237060547,314101
2025-07-29,26.600000381469727,26.75,26.100000381469727,26.14999961853028,356254
2025-07-30,26.25,26.25,25.850000381469727,26.14999961853028,433772
2025-07-31,26.14999961853028,26.14999961853028,25.450000762939453,25.5,891660
2025-08-04,25.700000762939453,26.14999961853028,25.25,26.0,376040
2025-08-05,26.100000381469727,27.950000762939453,26.100000381469727,27.600000381469727,2445552
2025-08-06,27.600000381469727,27.600000381469727,27.0,27.0,628300
2025-08-07,27.100000381469727,27.350000381469727,26.64999961853028,26.75,399400
2025-08-08,26.64999961853028,27.0,26.5,26.600000381469727,523280
2025-08-11,26.549999237060547,26.549999237060547,26.200000762939453,26.25,551326
2025-08-12,26.25,26.850000381469727,26.25,26.299999237060547,517002
2025-08-13,26.39999961853028,26.89999961853028,26.049999237060547,26.100000381469727,637200
2025-08-14,26.25,26.549999237060547,25.5,25.799999237060547,728381
2025-08-15,26.0,26.0,25.450000762939453,25.75,745701
2025-08-18,25.75,26.200000762939453,25.549999237060547,25.799999237060547,765300
2025-08-19,26.049999237060547,26.049999237060547,25.350000381469727,25.39999961853028,698881
2025-08-20,25.5,25.5,24.350000381469727,24.39999961853028,1376596
2025-08-21,24.39999961853028,25.0,24.39999961853028,24.850000381469727,366533
2025-08-22,24.799999237060547,25.350000381469727,24.799999237060547,25.14999961853028,451299
2025-08-25,25.39999961853028,26.700000762939453,25.39999961853028,26.200000762939453,1359166
2025-08-26,26.700000762939453,28.799999237060547,26.299999237060547,28.799999237060547,2695655
2025-08-27,31.64999961853028,31.64999961853028,31.64999961853028,31.64999961853028,1438964
2025-08-28,34.79999923706055,34.79999923706055,34.79999923706055,34.79999923706055,1444681
2025-08-29,38.25,38.25,38.25,38.25,2423543
2025-09-01,42.04999923706055,42.04999923706055,42.04999923706055,42.04999923706055,13090171
2025-09-02,42.0,45.0,40.0,45.0,20793058
2025-09-03,44.900001525878906,45.79999923706055,43.25,43.25,10746679
2025-09-04,43.20000076293945,43.5,42.70000076293945,42.84999847412109,6405961
2025-09-05,45.0,47.09999847412109,45.0,46.95000076293945,14604388
2025-09-08,46.20000076293945,46.20000076293945,42.29999923706055,42.29999923706055,11665947
2025-09-09,42.29999923706055,44.95000076293945,41.45000076293945,43.75,6794860
2025-09-10,44.70000076293945,45.25,43.29999923706055,44.29999923706055,5520804
2025-09-11,44.79999923706055,44.84999847412109,43.34999847412109,43.79999923706055,3103394
2025-09-12,44.70000076293945,46.0,44.150001525878906,45.45000076293945,5864548
2025-09-15,46.25,46.54999923706055,45.0,45.75,6432403
2025-09-16,42.79999923706055,43.75,41.20000076293945,41.25,15956747
2025-09-17,42.70000076293945,43.79999923706055,40.5,40.54999923706055,13434153
2025-09-18,40.150001525878906,40.150001525878906,37.29999923706055,38.150001525878906,13187695
2025-09-19,38.79999923706055,39.79999923706055,38.04999923706055,38.75,7069030
2025-09-22,38.400001525878906,39.5,37.79999923706055,38.70000076293945,5170202
2025-09-23,39.29999923706055,42.54999923706055,39.29999923706055,42.54999923706055,19960458
2025-09-24,40.54999923706055,41.5,39.54999923706055,39.79999923706055,14814211
2025-09-25,40.0,42.45000076293945,39.29999923706055,40.79999923706055,12191100
2025-09-26,40.79999923706055,41.75,40.20000076293945,40.400001525878906,12631464
2025-09-30,40.09999847412109,41.29999923706055,39.59999847412109,40.25,5730570
2025-10-01,40.25,41.29999923706055,39.5,40.54999923706055,4510566
2025-10-02,40.95000076293945,41.150001525878906,39.34999847412109,39.34999847412109,4333975
2025-10-03,39.09999847412109,39.29999923706055,38.29999923706055,38.75,4302754
2025-10-07,38.79999923706055,40.79999923706055,38.5,39.400001525878906,4368661
2025-10-08,39.29999923706055,39.84999847412109,38.59999847412109,38.84999847412109,2654179
2025-10-09,39.400001525878906,39.79999923706055,37.400001525878906,37.59999847412109,4213744
2025-10-13,34.099998474121094,37.59999847412109,34.099998474121094,37.04999923706055,3101500
2025-10-14,37.59999847412109,38.20000076293945,35.650001525878906,35.95000076293945,3951702
2025-10-15,36.54999923706055,36.54999923706055,35.79999923706055,36.150001525878906,1173117
2025-10-16,36.5,36.900001525878906,35.79999923706055,36.150001525878906,1977007
2025-10-17,35.849998474121094,36.0,35.25,35.29999923706055,1933901
2025-10-20,35.70000076293945,36.0,35.150001525878906,35.20000076293945,1806930
2025-10-21,35.5,38.70000076293945,35.20000076293945,38.70000076293945,10916170
2025-10-22,38.0,42.0,37.59999847412109,40.75,31981186
2025-10-23,40.04999923706055,41.0,39.29999923706055,40.5,8624868
2025-10-27,42.5,43.09999847412109,41.150001525878906,41.79999923706055,18639142
2025-10-28,42.0,42.0,40.20000076293945,40.54999923706055,5182898
2025-10-29,41.29999923706055,41.70000076293945,39.150001525878906,39.20000076293945,5171018
2025-10-30,39.04999923706055,39.75,38.09999847412109,38.45000076293945,3774145
2025-10-31,38.54999923706055,39.04999923706055,38.0,38.0,2016567
2025-11-03,38.09999847412109,38.400001525878906,37.59999847412109,37.70000076293945,2190064
2025-11-04,38.0,38.34999847412109,37.0,37.04999923706055,2067400
2025-11-05,36.79999923706055,37.25,36.29999923706055,37.0,1909900
2025-11-06,37.54999923706055,38.20000076293945,36.59999847412109,37.900001525878906,2185814
2025-11-07,37.70000076293945,37.70000076293945,36.0,36.45000076293945,2658493
2025-11-10,37.0,37.34999847412109,35.599998474121094,35.849998474121094,2531400
2025-11-11,36.150001525878906,38.79999923706055,36.04999923706055,38.25,7547491
2025-11-12,38.0,38.20000076293945,37.0,37.04999923706055,3479204
2025-11-13,38.0,39.29999923706055,37.25,38.70000076293945,4962577
2025-11-14,38.5,39.59999847412109,37.5,39.09999847412109,6908673
2025-11-17,40.5,41.70000076293945,38.09999847412109,38.09999847412109,14453210
2025-11-18,37.59999847412109,38.0,36.5,36.54999923706055,3658099
2025-11-19,36.34999847412109,37.84999847412109,36.150001525878906,37.400001525878906,3659805
2025-11-20,39.150001525878906,41.0,39.04999923706055,40.84999847412109,17732448
2025-11-21,38.0,40.34999847412109,37.900001525878906,39.0,11241966
2025-11-24,38.84999847412109,38.95000076293945,37.20000076293945,37.59999847412109,5259837
2025-11-25,38.25,38.900001525878906,37.20000076293945,38.04999923706055,4929500
2025-11-26,38.150001525878906,39.45000076293945,38.09999847412109,38.5,5102102
2025-11-27,38.70000076293945,39.59999847412109,38.25,38.5,3119160
2025-11-28,39.34999847412109,40.20000076293945,38.79999923706055,39.09999847412109,7038730
2025-12-01,39.25,39.25,37.900001525878906,38.150001525878906,2951152
2025-12-02,38.09999847412109,38.25,37.5,37.5,2108090
2025-12-03,37.75,39.79999923706055,37.75,38.95000076293945,5832722
2025-12-04,39.09999847412109,41.70000076293945,38.95000076293945,40.84999847412109,20825137
2025-12-05,40.84999847412109,43.0,39.59999847412109,40.29999923706055,25615455
2025-12-08,39.75,40.75,39.20000076293945,40.70000076293945,6835041
2025-12-09,40.70000076293945,42.0,40.400001525878906,41.95000076293945,11767167
2025-12-10,42.900001525878906,44.79999923706055,42.20000076293945,42.59999847412109,29196457
2025-12-11,42.70000076293945,42.70000076293945,40.25,40.54999923706055,8205358
2025-12-12,40.70000076293945,41.5,40.09999847412109,40.400001525878906,4738191
2025-12-15,39.59999847412109,40.0,39.20000076293945,39.34999847412109,2308922
2025-12-16,39.04999923706055,39.75,38.25,39.0,2708988
2025-12-17,39.04999923706055,39.5,38.70000076293945,38.70000076293945,1805841
2025-12-18,38.5,39.650001525878906,38.45000076293945,38.79999923706055,2008086
2025-12-19,39.5,40.29999923706055,38.650001525878906,38.79999923706055,2786486
2025-12-22,39.20000076293945,39.59999847412109,39.0,39.5,1619308
2025-12-23,39.900001525878906,40.34999847412109,39.29999923706055,39.54999923706055,2414061
2025-12-24,40.650001525878906,42.79999923706055,40.650001525878906,40.95000076293945,17427494
2025-12-26,41.54999923706055,42.150001525878906,40.650001525878906,41.59999847412109,7142164
2025-12-29,41.650001525878906,41.650001525878906,40.70000076293945,40.79999923706055,3117439
2025-12-30,40.5,42.150001525878906,39.650001525878906,41.84999847412109,6748646
2025-12-31,41.650001525878906,42.45000076293945,41.25,41.54999923706055,10088602
2026-01-02,42.400001525878906,45.70000076293945,42.400001525878906,45.70000076293945,27453856
2026-01-05,48.54999923706055,49.650001525878906,44.29999923706055,44.54999923706055,52936786
2026-01-06,44.95000076293945,45.150001525878906,43.59999847412109,43.95000076293945,13416379
2026-01-07,44.34999847412109,45.5,43.04999923706055,43.29999923706055,10755750
2026-01-08,43.0,43.25,41.25,41.54999923706055,6979106
2026-01-09,41.59999847412109,42.79999923706055,41.20000076293945,41.95000076293945,4543556
2026-01-12,42.34999847412109,42.75,41.70000076293945,41.75,3751671
2026-01-13,42.0,42.09999847412109,40.20000076293945,40.95000076293945,5762450
2026-01-14,41.5,42.20000076293945,40.900001525878906,41.29999923706055,4090459
2026-01-15,41.29999923706055,41.650001525878906,40.59999847412109,41.09999847412109,2925433
2026-01-16,41.54999923706055,41.79999923706055,40.54999923706055,40.900001525878906,3752171
2026-01-19,40.59999847412109,43.0,40.45000076293945,42.84999847412109,8629470
2026-01-20,43.0,43.75,42.04999923706055,42.04999923706055,9289056
2026-01-21,42.0,42.0,40.34999847412109,40.5,4165993
2026-01-22,41.09999847412109,42.400001525878906,40.650001525878906,41.59999847412109,4252402
2026-01-23,42.0,42.0,40.400001525878906,40.59999847412109,3011497
2026-01-26,41.0,41.900001525878906,40.5,40.84999847412109,2549278
2026-01-27,40.84999847412109,41.75,40.5,40.54999923706055,2489117
2026-01-28,41.150001525878906,41.150001525878906,39.95000076293945,40.0,3218797
2026-01-29,40.70000076293945,42.20000076293945,40.5,40.84999847412109,9941948
2026-01-30,40.5,40.70000076293945,39.04999923706055,39.54999923706055,3837688
2026-02-02,38.650001525878906,38.95000076293945,37.45000076293945,37.54999923706055,2985642
2026-02-03,38.5,38.75,37.25,37.34999847412109,1941698
2026-02-04,37.400001525878906,38.45000076293945,37.20000076293945,38.29999923706055,1137700
2026-02-05,38.0,38.5,37.25,37.25,1283165
2026-02-06,36.79999923706055,36.79999923706055,35.599998474121094,36.29999923706055,1589533
2026-02-09,37.400001525878906,39.34999847412109,37.34999847412109,38.79999923706055,3459530
2026-02-10,39.09999847412109,41.29999923706055,38.34999847412109,38.45000076293945,6243070
2026-02-11,38.400001525878906,38.5,37.79999923706055,38.150001525878906,1565486
2026-02-23,38.650001525878906,39.650001525878906,38.54999923706055,39.400001525878906,1986693
2026-02-24,39.45000076293945,40.09999847412109,39.20000076293945,39.84999847412109,1772366
2026-02-25,39.84999847412109,40.29999923706055,39.0,39.5,2250721
2026-02-26,40.09999847412109,40.45000076293945,38.900001525878906,40.34999847412109,2368353
2026-03-02,39.04999923706055,39.70000076293945,38.59999847412109,39.0,1850054
2026-03-03,39.0,39.20000076293945,36.95000076293945,37.0,2992934
2026-03-04,35.54999923706055,36.20000076293945,34.20000076293945,34.29999923706055,2576735
2026-03-05,35.5,36.20000076293945,35.150001525878906,36.0,1312252
2026-03-06,35.599998474121094,38.900001525878906,35.400001525878906,37.650001525878906,4504820
2026-03-09,35.0,35.25,34.25,35.25,2121661
2026-03-10,36.79999923706055,37.59999847412109,35.599998474121094,36.29999923706055,2031748
2026-03-11,37.150001525878906,37.79999923706055,36.79999923706055,37.25,3180261
2026-03-12,36.79999923706055,37.75,36.54999923706055,37.29999923706055,1814261
2026-03-13,37.54999923706055,37.95000076293945,36.900001525878906,37.900001525878906,2458135
2026-03-16,38.09999847412109,39.29999923706055,37.5,39.04999923706055,3198336
2026-03-17,40.20000076293945,42.25,39.5,39.650001525878906,10947258
2026-03-18,40.59999847412109,41.650001525878906,39.95000076293945,41.34999847412109,10713192
2026-03-19,40.650001525878906,43.84999847412109,40.400001525878906,42.54999923706055,20817608
2026-03-20,42.70000076293945,42.95000076293945,39.79999923706055,40.20000076293945,9075411
2026-03-23,38.79999923706055,39.54999923706055,38.150001525878906,38.59999847412109,3032390
2026-03-24,39.20000076293945,39.70000076293945,37.5,37.84999847412109,2607362
2026-03-25,38.5,38.900001525878906,38.09999847412109,38.29999923706055,1334423
2026-03-26,38.5,38.900001525878906,37.09999847412109,37.09999847412109,2319033
2026-03-27,36.0,37.20000076293945,35.45000076293945,37.04999923706055,2465730
2026-03-30,36.0,36.25,35.45000076293945,35.599998474121094,1784649
2026-03-31,35.45000076293945,35.650001525878906,34.20000076293945,34.45000076293945,2150011
2026-04-01,35.400001525878906,35.650001525878906,34.599998474121094,34.70000076293945,1263261
2026-04-02,34.900001525878906,35.20000076293945,34.150001525878906,34.150001525878906,1408543
2026-04-07,34.599998474121094,34.79999923706055,33.849998474121094,34.04999923706055,872492
2026-04-08,35.0,35.900001525878906,34.79999923706055,35.70000076293945,1461344
2026-04-09,36.45000076293945,36.45000076293945,34.95000076293945,35.04999923706055,1263265
2026-04-10,36.150001525878906,38.0,35.599998474121094,37.900001525878906,4259926
2026-04-13,38.29999923706055,39.900001525878906,37.650001525878906,39.45000076293945,11555486
2026-04-14,40.45000076293945,40.59999847412109,38.70000076293945,39.0,5328156
2026-04-15,39.5,41.70000076293945,39.400001525878906,39.84999847412109,8454520
2026-04-16,40.45000076293945,40.45000076293945,39.25,39.29999923706055,3129400
2026-04-17,39.45000076293945,39.95000076293945,39.20000076293945,39.34999847412109,1861459
2026-04-20,39.45000076293945,39.84999847412109,38.79999923706055,39.34999847412109,2792054
2026-04-21,39.400001525878906,39.95000076293945,39.0,39.20000076293945,1978430
2026-04-22,39.54999923706055,41.400001525878906,39.04999923706055,40.54999923706055,5486646
2026-04-23,41.20000076293945,41.20000076293945,37.0,38.29999923706055,4596381
2026-04-24,38.400001525878906,38.75,37.04999923706055,37.5,1558720
2026-04-27,37.900001525878906,39.54999923706055,36.400001525878906,39.04999923706055,3467752
2026-04-28,39.34999847412109,40.09999847412109,38.59999847412109,39.45000076293945,2363349
2026-04-29,39.5,39.5,38.54999923706055,38.650001525878906,1391407
2026-04-30,38.70000076293945,39.84999847412109,38.09999847412109,38.150001525878906,1598701
2026-05-04,39.0,39.29999923706055,38.20000076293945,38.70000076293945,1250569
2026-05-05,39.04999923706055,40.09999847412109,38.79999923706055,39.70000076293945,2975118
2026-05-06,40.45000076293945,42.84999847412109,39.95000076293945,41.20000076293945,15252808
2026-05-07,42.25,43.20000076293945,40.900001525878906,42.09999847412109,12462719
2026-05-08,42.45000076293945,43.400001525878906,41.04999923706055,42.400001525878906,11839425
2026-05-11,43.45000076293945,45.400001525878906,42.84999847412109,45.0,19055557
2026-05-12,45.0,47.0,43.59999847412109,46.900001525878906,19583835
2026-05-13,46.20000076293945,47.0,44.34999847412109,46.45000076293945,11394278
2026-05-14,48.5,51.0,46.59999847412109,51.0,33909805
2026-05-15,56.0,56.09999847412109,54.20000076293945,56.09999847412109,23929157
2026-05-18,59.0,60.20000076293945,55.0,57.29999923706055,52395848
2026-05-19,56.09999847412109,58.0,53.20000076293945,56.09999847412109,20065126
2026-05-20,59.0,61.70000076293945,58.29999923706055,61.70000076293945,13615374
2026-05-21,67.80000305175781,67.80000305175781,67.80000305175781,67.80000305175781,3496545
2026-05-22,74.0,74.5,71.19999694824219,74.5,21619749
2026-05-25,79.0999984741211,81.9000015258789,73.0,73.30000305175781,36042165
2026-05-26,73.0,74.5999984741211,69.5999984741211,73.0,15066596
2026-05-27,75.0,75.0,69.5,70.0,14099894
2026-05-28,70.5,77.0,69.5,72.19999694824219,29484344
2026-05-29,73.0,74.9000015258789,70.5,72.0,17840568
2026-06-01,72.0,73.0,67.5,68.4000015258789,14688081
2026-06-02,70.4000015258789,75.19999694824219,69.9000015258789,75.19999694824219,22390308
2026-06-03,76.0,76.19999694824219,68.19999694824219,69.19999694824219,29345963
2026-06-04,68.69999694824219,70.9000015258789,67.80000305175781,67.80000305175781,8839309
2026-06-05,67.80000305175781,68.0,64.0,66.30000305175781,7233906
2026-06-08,59.70000076293945,67.4000015258789,59.70000076293945,66.5999984741211,10985404
2026-06-09,67.0,73.19999694824219,66.0999984741211,71.5999984741211,24669938
2026-06-10,71.0999984741211,77.0,70.9000015258789,73.30000305175781,46351394
2026-06-11,73.19999694824219,76.0,71.5,75.0,31889164
2026-06-12,76.0,77.9000015258789,72.5,73.0,35801100
2026-06-15,73.5,76.69999694824219,72.5999984741211,73.5,21282433
2026-06-16,74.19999694824219,75.0,71.0999984741211,71.0999984741211,10463609
2026-06-17,70.5,73.19999694824219,69.0,72.5999984741211,6464514
2026-06-18,72.0,75.5,71.80000305175781,73.5,10944255
2026-06-22,74.0,74.4000015258789,72.30000305175781,72.4000015258789,8409890
2026-06-23,72.5999984741211,72.80000305175781,69.0999984741211,69.30000305175781,7364927
2026-06-24,68.30000305175781,69.69999694824219,67.30000305175781,69.0,4616356
2026-06-25,69.69999694824219,70.0999984741211,66.19999694824219,67.0,5252960
2026-06-26,66.0999984741211,67.19999694824219,62.900001525878906,63.0,4881619
2026-06-29,63.0,63.900001525878906,61.20000076293945,61.59999847412109,3186113
2026-06-30,62.59999847412109,63.59999847412109,61.400001525878906,62.900001525878906,3320220
2026-07-01,64.30000305175781,68.80000305175781,64.19999694824219,65.69999694824219,11867821
2026-07-02,64.0,64.69999694824219,63.20000076293945,64.30000305175781,3085103
2026-07-03,63.79999923706055,64.9000015258789,63.29999923706055,64.4000015258789,2003890
2026-07-06,66.0,66.80000305175781,63.59999847412109,64.5999984741211,3910355
2026-07-07,64.19999694824219,64.5999984741211,60.0,60.5,3379504
2026-07-08,60.5,62.5,58.900001525878906,59.5,2893261
2026-07-09,61.0,61.29999923706055,59.59999847412109,60.0,1877220
2026-07-10,60.0,60.0,60.0,60.0,0
2026-07-13,60.59999847412109,61.59999847412109,56.59999847412109,57.400001525878906,3155874
2026-07-14,57.0,58.0,52.20000076293945,55.59999847412109,3847338
2026-07-15,56.5,57.5,55.20000076293945,57.09999847412109,2758582
2026-07-16,57.0,57.20000076293945,55.400001525878906,55.79999923706055,1794108
2026-07-17,52.900001525878906,53.70000076293945,50.5,50.70000076293945,2833244
2026-07-20,51.79999923706055,51.79999923706055,47.84999847412109,49.29999923706055,3182200
2026-07-21,49.70000076293945,50.5,49.400001525878906,50.20000076293945,1395020
2026-07-22,50.79999923706055,52.20000076293945,50.79999923706055,50.900001525878906,1492228
2026-07-23,51.5,51.79999923706055,49.79999923706055,50.79999923706055,1377201
2026-07-24,50.09999847412109,51.5,49.400001525878906,50.400001525878906,1149441
2026-07-27,50.5,50.900001525878906,48.59999847412109,49.84999847412109,1457001
2026-07-28,48.79999923706055,48.79999923706055,46.25,46.45000076293945,2077361
2026-07-29,47.150001525878906,47.150001525878906,42.54999923706055,44.20000076293945,4042390
2026-07-30,43.900001525878906,45.25,42.09999847412109,42.75,2152910
2026-07-31,46.79999923706055,46.84999847412109,45.29999923706055,46.25,2089719
2026-08-03,45.5,50.79999923706055,45.400001525878906,50.79999923706055,2781122
2026-08-04,55.0,55.79999923706055,51.70000076293945,55.79999923706055,16164205
2026-08-05,59.0,59.5,57.20000076293945,58.29999923706055,15124071
2026-08-06,58.0,58.5,56.09999847412109,58.400001525878906,4226346
2026-08-07,60.79999923706055,61.79999923706055,57.400001525878906,57.5,8837793
2026-08-10,58.5,59.400001525878906,57.09999847412109,57.29999923706055,3366723
2026-08-11,57.20000076293945,60.0,56.70000076293945,58.79999923706055,5263419
2026-08-12,59.79999923706055,62.400001525878906,59.59999847412109,59.70000076293945,9753180
2026-08-13,59.79999923706055,63.900001525878906,59.59999847412109,60.70000076293945,8983202
2026-08-14,60.79999923706055,60.900001525878906,58.5,58.79999923706055,4212540
2026-08-17,58.5,58.79999923706055,57.400001525878906,58.0,2479228
2026-08-18,57.5,57.79999923706055,55.29999923706055,55.400001525878906,2477769
2026-08-19,53.79999923706055,58.29999923706055,53.79999923706055,57.0,3179602
2026-08-20,57.09999847412109,57.400001525878906,55.400001525878906,56.0,1849179
2026-08-21,56.0,56.29999923706055,55.20000076293945,56.0,1056869
2026-08-24,56.0,57.0,55.70000076293945,55.70000076293945,1016013
2026-08-25,56.59999847412109,56.59999847412109,54.29999923706055,55.59999847412109,1349758
2026-08-26,55.79999923706055,56.59999847412109,55.5,56.20000076293945,1058440
2026-08-27,57.0,57.09999847412109,56.20000076293945,56.20000076293945,1110353
2026-08-28,57.29999923706055,57.900001525878906,55.59999847412109,55.59999847412109,3526758
2026-08-31,55.09999847412109,56.29999923706055,54.29999923706055,54.900001525878906,1388754
2026-09-01,54.79999923706055,55.59999847412109,54.59999847412109,54.79999923706055,1279655
2026-09-02,54.70000076293945,55.0,54.0,54.0,1027245
2026-09-03,54.20000076293945,54.400001525878906,52.400001525878906,52.400001525878906,1578234
2026-09-04,53.400001525878906,53.79999923706055,52.70000076293945,53.400001525878906,1018372
2026-09-07,54.09999847412109,54.09999847412109,53.20000076293945,53.5,705659
2026-09-08,53.400001525878906,53.900001525878906,51.900001525878906,52.0,1453112
2026-09-09,52.29999923706055,52.59999847412109,51.5,51.59999847412109,1093478
2026-09-10,51.20000076293945,51.59999847412109,50.70000076293945,51.400001525878906,1121310
2026-09-11,50.5,51.0,50.09999847412109,50.20000076293945,1064984
2026-09-14,49.5,50.79999923706055,49.29999923706055,50.20000076293945,691001
2026-09-15,50.20000076293945,50.29999923706055,49.400001525878906,49.400001525878906,653144
2026-09-16,49.79999923706055,50.79999923706055,49.59999847412109,50.400001525878906,621560
2026-09-17,50.5,51.20000076293945,50.29999923706055,50.400001525878906,625300
2026-09-18,51.20000076293945,51.20000076293945,50.59999847412109,51.0,613300
2026-09-21,51.0,51.59999847412109,50.70000076293945,51.09999847412109,726302
2026-09-22,51.79999923706055,51.900001525878906,50.29999923706055,50.5,816189
2026-09-23,51.0,51.0,50.09999847412109,50.400001525878906,794907
2026-09-24,50.400001525878906,52.0,50.0,51.900001525878906,1544216
2026-09-29,51.900001525878906,52.0,51.0,51.09999847412109,1031595
2026-09-30,51.79999923706055,52.0,51.400001525878906,51.70000076293945,774200
2026-10-01,51.70000076293945,52.900001525878906,51.70000076293945,52.79999923706055,1762739
2026-10-02,53.900001525878906,55.0,53.29999923706055,53.70000076293945,4929392
2026-10-05,54.5,54.79999923706055,53.5,53.599998474121094,2367347
2026-10-06,53.900001525878906,53.900001525878906,52.599998474121094,53.29999923706055,1389033
