date,open,high,low,close,volume
2020-01-02,51.1487922668457,51.1487922668457,50.715328216552734,50.88871383666992,93787
2020-01-03,50.88871383666992,50.97540664672852,50.281864166259766,50.281864166259766,203521
2020-01-06,50.10847854614258,50.281864166259766,49.93509292602539,50.281864166259766,126885
2020-01-07,50.281864166259766,50.281864166259766,49.50162887573242,50.021785736083984,107276
2020-01-08,50.021785736083984,50.281864166259766,49.8484001159668,50.021785736083984,83958
2020-01-09,50.281864166259766,50.715328216552734,50.021785736083984,50.021785736083984,54214
2020-01-10,50.54194259643555,50.54194259643555,49.93509292602539,50.10847854614258,73260
2020-01-13,50.10847854614258,50.45524978637695,50.10847854614258,50.45524978637695,89871
2020-01-14,50.715328216552734,50.80202102661133,50.45524978637695,50.80202102661133,82410
2020-01-15,51.1487922668457,51.92902755737305,50.97540664672852,51.2354850769043,458849
2020-01-16,51.66894912719727,51.75564193725586,51.2354850769043,51.2354850769043,125225
2020-01-17,51.2354850769043,51.92902755737305,51.2354850769043,51.2354850769043,271910
2020-01-20,51.40887069702149,51.75564193725586,51.1487922668457,51.32217788696289,246856
2020-01-30,47.33430480957031,49.8484001159668,47.33430480957031,48.02784729003906,696718
2020-01-31,48.20123672485352,49.24155044555664,48.114540100097656,48.54800796508789,232000
2020-02-03,47.24761581420898,48.114540100097656,45.94721984863281,46.81414794921875,284016
2020-02-04,45.60044860839844,47.07422637939453,45.60044860839844,47.07422637939453,150341
2020-02-05,46.81414794921875,47.07422637939453,46.72745513916016,46.81414794921875,123885
2020-02-06,46.900840759277344,48.54800796508789,46.900840759277344,48.54800796508789,182564
2020-02-07,48.72139358520508,48.72139358520508,48.114540100097656,48.114540100097656,165374
2020-02-10,48.114540100097656,48.114540100097656,47.24761581420898,48.114540100097656,107652
2020-02-11,48.20123672485352,48.3746223449707,48.02784729003906,48.114540100097656,65870
2020-02-12,48.114540100097656,48.72139358520508,48.114540100097656,48.28792953491211,73805
2020-02-13,48.28792953491211,48.28792953491211,48.02784729003906,48.28792953491211,28066
2020-02-14,48.28792953491211,48.3746223449707,48.02784729003906,48.114540100097656,91210
2020-02-17,48.114540100097656,48.80808639526367,47.68107986450195,47.94115829467773,155978
2020-02-18,48.28792953491211,48.28792953491211,47.68107986450195,47.85446548461914,157084
2020-02-19,48.3746223449707,48.3746223449707,47.68107986450195,47.85446548461914,111393
2020-02-20,47.85446548461914,48.20123672485352,47.594383239746094,47.68107986450195,163860
2020-02-21,48.114540100097656,48.114540100097656,47.420997619628906,47.68107986450195,59989
2020-02-24,47.594383239746094,47.85446548461914,47.24761581420898,47.5076904296875,109606
2020-02-25,47.24761581420898,47.24761581420898,46.72745513916016,46.98753356933594,171654
2020-02-26,46.900840759277344,47.07422637939453,46.55406951904297,46.98753356933594,86531
2020-02-27,46.98753356933594,46.98753356933594,46.207298278808594,46.81414794921875,200902
2020-03-02,45.94721984863281,46.900840759277344,45.773834228515625,46.467376708984375,112854
2020-03-03,46.98753356933594,46.98753356933594,46.467376708984375,46.81414794921875,40786
2020-03-04,46.64076232910156,46.64076232910156,46.12060546875,46.38068389892578,50763
2020-03-05,46.38068389892578,46.98753356933594,46.38068389892578,46.98753356933594,29426
2020-03-06,47.5076904296875,47.5076904296875,46.64076232910156,46.81414794921875,38604
2020-03-09,45.94721984863281,46.29399108886719,43.3030891418457,43.346435546875,438477
2020-03-10,42.4361572265625,42.566200256347656,39.878719329833984,40.78899383544922,762645
2020-03-11,41.69926834106445,41.82930755615234,40.962379455566406,41.0057258605957,287053
2020-03-12,40.78899383544922,41.52588272094727,39.878719329833984,41.395843505859375,511248
2020-03-13,40.31218338012695,41.65592193603516,38.66501998901367,41.65592193603516,760228
2020-03-16,42.176082611083984,42.176082611083984,39.575294494628906,41.69926834106445,682009
2020-03-17,39.445255279541016,41.35249710083008,39.40190887451172,41.0924186706543,325869
2020-03-18,41.0924186706543,41.17911148071289,40.39887619018555,40.61560821533203,196679
2020-03-19,40.61560821533203,40.61560821533203,38.57832717895508,39.09848403930664,527323
2020-03-20,39.185176849365234,40.65895462036133,39.185176849365234,39.878719329833984,196386
2020-03-23,38.57832717895508,39.53194808959961,38.57832717895508,39.53194808959961,37396
2020-03-24,39.878719329833984,40.962379455566406,39.878719329833984,40.268836975097656,181830
2020-03-25,40.44222259521485,41.61257553100586,40.44222259521485,40.83234024047852,54315
2020-03-26,40.83234024047852,41.43918991088867,40.44222259521485,41.43918991088867,41107
2020-03-27,41.56922912597656,41.56922912597656,40.48556900024414,40.48556900024414,48580
2020-03-30,39.445255279541016,40.09545135498047,39.01179122924805,40.09545135498047,63183
2020-03-31,39.878719329833984,40.572261810302734,39.878719329833984,40.31218338012695,72566
2020-04-01,40.138797760009766,40.138797760009766,39.79202651977539,39.878719329833984,56565
2020-04-06,39.878719329833984,40.31218338012695,39.445255279541016,40.31218338012695,51944
2020-04-07,40.74564743041992,42.13273239135742,40.48556900024414,41.61257553100586,133937
2020-04-08,42.04603958129883,42.869625091552734,41.61257553100586,42.869625091552734,159669
2020-04-09,43.17304992675781,43.17304992675781,42.39281463623047,42.82627868652344,109599
2020-04-10,42.78293228149414,43.3030891418457,42.60954666137695,43.3030891418457,101461
2020-04-13,43.346435546875,45.68714141845703,43.346435546875,45.16698455810547,267110
2020-04-14,45.08029174804688,45.94721984863281,45.08029174804688,45.773834228515625,222573
2020-04-15,46.207298278808594,46.467376708984375,45.773834228515625,46.38068389892578,199647
2020-04-16,46.55406951904297,46.55406951904297,45.773834228515625,46.207298278808594,116870
2020-04-17,46.55406951904297,46.72745513916016,45.68714141845703,45.94721984863281,110856
2020-04-20,45.94721984863281,45.94721984863281,45.340370178222656,45.42706298828125,50112
2020-04-21,45.08029174804688,45.08029174804688,43.346435546875,44.12667083740234,209948
2020-04-22,44.12667083740234,44.21336364746094,43.346435546875,44.03997802734375,115753
2020-04-23,44.21336364746094,44.64682769775391,44.03997802734375,44.12667083740234,104023
2020-04-24,44.21336364746094,44.21336364746094,43.86659240722656,43.95328521728516,42679
2020-04-27,44.56013488769531,44.82021331787109,44.03997802734375,44.7335205078125,152276
2020-04-28,44.99359893798828,45.68714141845703,44.82021331787109,45.51375579833984,84686
2020-04-29,46.64076232910156,48.28792953491211,46.38068389892578,47.68107986450195,368089
2020-04-30,48.54800796508789,48.63470077514648,47.76777267456055,48.20123672485352,230796
2020-05-04,48.02784729003906,48.114540100097656,47.07422637939453,48.114540100097656,174792
2020-05-05,48.02784729003906,48.4613151550293,47.76777267456055,48.3746223449707,178273
2020-05-06,47.85446548461914,49.7617073059082,47.85446548461914,49.588321685791016,357893
2020-05-07,50.281864166259766,51.84233474731445,49.67501449584961,51.1487922668457,786223
2020-05-08,52.10241317749024,55.22335815429688,52.10241317749024,53.22942352294922,2453161
2020-05-11,53.74958038330078,54.26973724365234,52.96934127807617,53.66288757324219,1123113
2020-05-12,52.88264846801758,53.66288757324219,52.01572036743164,52.70926284790039,674662
2020-05-13,52.01572036743164,52.70926284790039,51.92902755737305,52.01572036743164,465117
2020-05-14,52.01572036743164,52.79595565795898,51.66894912719727,52.27579879760742,252986
2020-05-15,52.27579879760742,53.05603790283203,51.58225631713867,52.79595565795898,390044
2020-05-18,52.79595565795898,53.5761947631836,52.362491607666016,53.22942352294922,530124
2020-05-19,54.00965881347656,54.18304443359375,53.22942352294922,53.66288757324219,633956
2020-05-20,53.92296600341797,54.61650848388672,53.31611251831055,53.74958038330078,431446
2020-05-21,54.70320129394531,57.82414245605469,54.44312286376953,57.82414245605469,2390202
2020-05-22,58.43099212646485,60.33823776245117,57.303985595703125,59.12453842163086,1902234
2020-05-25,59.38461685180664,60.25154495239258,57.99752807617188,59.55800247192383,1103170
2020-05-26,59.55800247192383,59.81808090209961,58.86445617675781,59.64469528198242,745530
2020-05-27,59.9914665222168,62.33217239379883,59.81808090209961,61.11847305297852,1904271
2020-05-28,60.77170181274414,62.33217239379883,60.77170181274414,61.11847305297852,773551
2020-05-29,60.858394622802734,61.89870834350586,60.25154495239258,61.81201553344727,658388
2020-06-01,62.41886520385742,67.44705200195312,62.41886520385742,67.44705200195312,2146602
2020-06-02,67.62043762207031,68.92082977294922,66.14665985107422,67.27366638183594,1486212
2020-06-03,67.27366638183594,68.40067291259766,66.84020233154297,68.22728729248047,979043
2020-06-04,68.92082977294922,72.73531341552734,68.22728729248047,69.0942153930664,2667574
2020-06-05,68.48736572265625,69.96114349365234,67.7938232421875,69.78775787353516,913802
2020-06-08,70.04783630371094,71.43492126464844,67.7938232421875,67.7938232421875,2018409
2020-06-09,67.62043762207031,68.74744415283203,65.88658142089844,67.44705200195312,1189172
2020-06-10,67.44705200195312,69.78775787353516,67.44705200195312,69.35429382324219,1263888
2020-06-11,69.35429382324219,69.87445068359375,68.14059448242188,69.70106506347656,986637
2020-06-12,67.18697357177734,69.0942153930664,67.01358795166016,68.74744415283203,1289214
2020-06-15,70.04783630371094,70.74137878417969,67.96720886230469,68.31398010253906,898228
2020-06-16,69.35429382324219,70.13452911376953,68.83413696289062,69.96114349365234,764876
2020-06-17,70.13452911376953,71.69499969482422,69.61437225341797,69.61437225341797,1428861
2020-06-18,69.96114349365234,73.94902038574219,69.35429382324219,72.82200622558594,2251452
2020-06-19,72.82200622558594,73.25547790527344,71.52161407470703,72.0417709350586,999551
2020-06-22,72.0417709350586,74.81594848632812,71.60830688476562,74.29579162597656,1473715
2020-06-23,74.64256286621094,74.90264129638672,70.22122192382812,70.6546859741211,2120783
2020-06-24,71.52161407470703,72.90870666503906,70.82807159423828,71.955078125,960661
2020-06-29,71.08815002441406,72.30184936523438,70.4813003540039,71.26153564453125,485749
2020-06-30,72.0417709350586,72.12846374511719,70.91476440429688,71.60830688476562,383758
2020-07-01,71.955078125,73.34217071533203,71.52161407470703,71.52161407470703,645380
2020-07-02,71.955078125,72.4752426147461,71.08815002441406,71.43492126464844,501628
2020-07-03,71.78169250488281,74.29579162597656,71.78169250488281,73.34217071533203,1028071
2020-07-06,73.6889419555664,77.8501968383789,73.34217071533203,77.8501968383789,2102445
2020-07-07,82.27153015136719,82.35822296142578,72.0417709350586,75.42279815673828,2294187
2020-07-08,75.42279815673828,77.59011840820312,74.55587005615234,76.11634063720703,671366
2020-07-09,76.72319030761719,76.72319030761719,74.81594848632812,75.2494125366211,570129
2020-07-10,75.1627197265625,75.1627197265625,72.73531341552734,73.42886352539062,776280
2020-07-13,73.6889419555664,75.85626220703125,72.90870666503906,73.25547790527344,776293
2020-07-14,73.6889419555664,73.6889419555664,72.12846374511719,72.12846374511719,570429
2020-07-15,72.82200622558594,74.03571319580078,72.3885498046875,72.64862060546875,459972
2020-07-16,73.42886352539062,75.1627197265625,72.56193542480469,75.1627197265625,556711
2020-07-17,75.1627197265625,75.76956939697266,71.78169250488281,71.955078125,954511
2020-07-20,72.3885498046875,74.55587005615234,72.30184936523438,73.94902038574219,1135236
2020-07-21,72.90908813476562,76.36363220214844,72.81818389892578,75.0,1028644
2020-07-22,75.45454406738281,76.2727279663086,75.18181610107422,75.7272720336914,488754
2020-07-23,75.7272720336914,77.09091186523438,75.63636016845703,77.0,857804
2020-07-24,77.0,78.90908813476562,76.45454406738281,78.63636016845703,1287816
2020-07-27,81.54545593261719,85.18181610107422,79.18181610107422,84.7272720336914,4633429
2020-07-28,86.0,88.63636016845703,76.81818389892578,77.81818389892578,5316478
2020-07-29,76.36363220214844,79.0,74.54545593261719,77.63636016845703,1186301
2020-07-30,77.54545593261719,77.63636016845703,75.7272720336914,76.0,877814
2020-07-31,76.0,77.7272720336914,72.7272720336914,74.7272720336914,1757094
2020-08-03,75.0,75.09091186523438,70.7272720336914,72.63636016845703,2431444
2020-08-04,73.36363220214844,76.36363220214844,71.45454406738281,76.2727279663086,1502557
2020-08-05,76.36363220214844,76.7272720336914,74.81818389892578,75.2727279663086,942216
2020-08-06,75.45454406738281,75.90908813476562,73.7272720336914,74.81818389892578,923602
2020-08-07,75.54545593261719,75.54545593261719,72.7272720336914,73.36363220214844,1796089
2020-08-10,73.2727279663086,73.2727279663086,70.45454406738281,71.81818389892578,1450062
2020-08-11,72.54545593261719,72.54545593261719,65.45454406738281,65.7272720336914,1941223
2020-08-12,67.0,68.7272720336914,65.2727279663086,68.18181610107422,1300671
2020-08-13,68.2727279663086,69.7272720336914,68.18181610107422,68.54545593261719,481030
2020-08-14,68.18181610107422,70.45454406738281,68.18181610107422,69.0,410930
2020-08-17,69.0,71.0,68.63636016845703,70.2727279663086,340751
2020-08-18,70.2727279663086,70.63636016845703,68.7272720336914,69.0,411044
2020-08-19,68.63636016845703,70.18181610107422,68.09091186523438,68.2727279663086,340296
2020-08-20,68.18181610107422,68.18181610107422,61.45454406738281,63.6363639831543,1072371
2020-08-21,65.09091186523438,66.81818389892578,64.36363220214844,65.81818389892578,558983
2020-08-24,68.0,68.0,65.0,65.18181610107422,361891
2020-08-25,65.45454406738281,66.7272720336914,65.18181610107422,65.2727279663086,141189
2020-08-26,65.09091186523438,65.63636016845703,65.0,65.18181610107422,149609
2020-08-27,65.63636016845703,66.09091186523438,64.36363220214844,64.54545593261719,231452
2020-08-28,64.45454406738281,65.45454406738281,63.6363639831543,64.7272720336914,209212
2020-08-31,65.2727279663086,65.90908813476562,64.36363220214844,64.63636016845703,209995
2020-09-01,64.63636016845703,65.2727279663086,63.909088134765625,65.2727279663086,156949
2020-09-02,65.45454406738281,68.18181610107422,65.45454406738281,67.45454406738281,880290
2020-09-03,67.54545593261719,67.63636016845703,66.90908813476562,66.90908813476562,242485
2020-09-04,65.90908813476562,66.7272720336914,64.54545593261719,65.7272720336914,226805
2020-09-07,67.2727279663086,67.36363220214844,65.45454406738281,65.7272720336914,311869
2020-09-08,66.36363220214844,66.45454406738281,65.18181610107422,65.2727279663086,205780
2020-09-09,64.36363220214844,65.2727279663086,64.36363220214844,65.0,122538
2020-09-10,64.7272720336914,66.18181610107422,64.7272720336914,65.18181610107422,221409
2020-09-11,65.18181610107422,65.2727279663086,64.81818389892578,64.90908813476562,125759
2020-09-14,64.90908813476562,67.2727279663086,64.90908813476562,66.63636016845703,262761
2020-09-15,67.2727279663086,67.45454406738281,66.09091186523438,66.09091186523438,195955
2020-09-16,66.2727279663086,67.09091186523438,65.7272720336914,65.7272720336914,192379
2020-09-17,66.36363220214844,66.36363220214844,65.2727279663086,65.36363220214844,170720
2020-09-18,65.18181610107422,65.36363220214844,64.7272720336914,64.81818389892578,261586
2020-09-21,65.18181610107422,65.18181610107422,64.45454406738281,64.90908813476562,167209
2020-09-22,64.81818389892578,64.81818389892578,62.727272033691406,63.727272033691406,225828
2020-09-23,64.2727279663086,64.7272720336914,62.18181610107422,62.272727966308594,393949
2020-09-24,62.09090805053711,62.09090805053711,59.09090805053711,59.18181610107422,764801
2020-09-25,59.3636360168457,61.09090805053711,56.909088134765625,58.272727966308594,530209
2020-09-28,59.18181610107422,60.3636360168457,58.3636360168457,59.54545211791992,194786
2020-09-29,60.272727966308594,60.909088134765625,59.54545211791992,60.54545211791992,145561
2020-09-30,60.6363639831543,61.54545211791992,59.6363639831543,61.45454406738281,140185
2020-10-05,61.6363639831543,62.3636360168457,60.3636360168457,62.18181610107422,228308
2020-10-06,63.45454406738281,64.18181610107422,62.727272033691406,63.45454406738281,291531
2020-10-07,64.36363220214844,66.63636016845703,63.45454406738281,66.2727279663086,716367
2020-10-08,66.36363220214844,66.90908813476562,64.18181610107422,64.54545593261719,431391
2020-10-12,65.09091186523438,65.54545593261719,63.727272033691406,64.63636016845703,257644
2020-10-13,64.36363220214844,65.2727279663086,63.727272033691406,63.909088134765625,97493
2020-10-14,64.63636016845703,64.63636016845703,63.6363639831543,63.6363639831543,120949
2020-10-15,63.6363639831543,64.2727279663086,63.0,63.0,121660
2020-10-16,64.09091186523438,64.7272720336914,63.18181610107422,63.18181610107422,219477
2020-10-19,63.18181610107422,64.81818389892578,63.18181610107422,64.2727279663086,180086
2020-10-20,63.727272033691406,64.54545593261719,63.6363639831543,64.0,56430
2020-10-21,64.0,64.36363220214844,63.54545211791992,64.18181610107422,105187
2020-10-22,63.6363639831543,64.63636016845703,63.54545211791992,64.18181610107422,133976
2020-10-23,64.0,64.7272720336914,63.6363639831543,63.909088134765625,121694
2020-10-26,64.36363220214844,64.54545593261719,63.54545211791992,64.36363220214844,123946
2020-10-27,63.54545211791992,64.7272720336914,63.54545211791992,64.54545593261719,161306
2020-10-28,64.7272720336914,64.7272720336914,63.6363639831543,64.0,111701
2020-10-29,63.3636360168457,65.90908813476562,63.18181610107422,65.81818389892578,368647
2020-10-30,65.81818389892578,68.18181610107422,65.81818389892578,66.54545593261719,1083533
2020-11-02,66.54545593261719,67.7272720336914,64.18181610107422,64.2727279663086,602552
2020-11-03,65.09091186523438,65.09091186523438,64.18181610107422,64.45454406738281,152891
2020-11-04,64.81818389892578,64.81818389892578,64.09091186523438,64.7272720336914,148776
2020-11-05,64.7272720336914,65.90908813476562,64.36363220214844,65.0,132162
2020-11-06,65.0,65.2727279663086,64.54545593261719,64.81818389892578,215600
2020-11-09,66.0,67.81818389892578,65.2727279663086,66.0,665758
2020-11-10,66.36363220214844,66.36363220214844,63.54545211791992,65.45454406738281,479279
2020-11-11,66.45454406738281,66.45454406738281,64.0,64.54545593261719,353721
2020-11-12,64.81818389892578,64.90908813476562,64.2727279663086,64.90908813476562,179129
2020-11-13,65.18181610107422,67.09091186523438,64.54545593261719,66.81818389892578,430903
2020-11-16,67.54545593261719,69.54545593261719,67.18181610107422,69.45454406738281,1866421
2020-11-17,69.81818389892578,70.2727279663086,67.09091186523438,67.09091186523438,949540
2020-11-18,67.09091186523438,67.18181610107422,65.7272720336914,66.90908813476562,405462
2020-11-19,66.2727279663086,66.7272720336914,65.7272720336914,66.09091186523438,332506
2020-11-20,66.18181610107422,67.90908813476562,65.81818389892578,67.45454406738281,556983
2020-11-23,68.18181610107422,68.18181610107422,67.45454406738281,67.7272720336914,317716
2020-11-24,67.90908813476562,68.36363220214844,67.09091186523438,67.2727279663086,312230
2020-11-25,67.45454406738281,68.0,66.0,66.7272720336914,343941
2020-11-26,67.09091186523438,67.09091186523438,66.36363220214844,66.7272720336914,180026
2020-11-27,66.54545593261719,66.54545593261719,65.90908813476562,66.18181610107422,217996
2020-11-30,66.81818389892578,66.90908813476562,65.54545593261719,66.2727279663086,190557
2020-12-01,65.90908813476562,66.18181610107422,65.45454406738281,66.09091186523438,261235
2020-12-02,66.18181610107422,66.18181610107422,65.0,65.45454406738281,352165
2020-12-03,65.45454406738281,68.81818389892578,65.45454406738281,67.54545593261719,1278306
2020-12-04,67.81818389892578,69.45454406738281,67.81818389892578,68.7272720336914,1021414
2020-12-07,70.0,70.0,67.2727279663086,67.81818389892578,697636
2020-12-08,67.81818389892578,70.2727279663086,67.36363220214844,70.0,1076896
2020-12-09,70.36363220214844,72.45454406738281,69.0,69.81818389892578,2175462
2020-12-10,69.81818389892578,69.81818389892578,67.2727279663086,67.2727279663086,862874
2020-12-11,67.63636016845703,68.0,65.2727279663086,66.18181610107422,622230
2020-12-14,66.2727279663086,68.90908813476562,66.2727279663086,68.81818389892578,556851
2020-12-15,69.54545593261719,71.36363220214844,69.36363220214844,69.7272720336914,1954412
2020-12-16,70.90908813476562,73.18181610107422,70.18181610107422,73.18181610107422,2689628
2020-12-17,73.0,73.63636016845703,69.54545593261719,69.81818389892578,2435162
2020-12-18,70.18181610107422,70.54545593261719,67.81818389892578,68.36363220214844,1192422
2020-12-21,68.63636016845703,70.0,66.81818389892578,69.63636016845703,995339
2020-12-22,69.63636016845703,76.0,69.54545593261719,71.36363220214844,7101191
2020-12-23,73.18181610107422,77.63636016845703,73.0,77.54545593261719,6657403
2020-12-24,78.36363220214844,80.90908813476562,75.90908813476562,76.54545593261719,7712408
2020-12-25,76.63636016845703,78.54545593261719,76.36363220214844,76.81818389892578,2809232
2020-12-28,77.7272720336914,81.2727279663086,77.0,80.09091186523438,4728663
2020-12-29,80.90908813476562,82.2727279663086,79.09091186523438,80.2727279663086,3338090
2020-12-30,81.09091186523438,81.36363220214844,79.81818389892578,79.81818389892578,2150052
2020-12-31,80.18181610107422,82.63636016845703,79.54545593261719,79.81818389892578,3730654
2021-01-04,80.81818389892578,81.18181610107422,78.54545593261719,78.54545593261719,2247176
2021-01-05,78.36363220214844,78.36363220214844,74.45454406738281,75.09091186523438,4013156
2021-01-06,75.63636016845703,77.09091186523438,74.54545593261719,76.09091186523438,1964438
2021-01-07,73.63636016845703,75.18181610107422,72.81818389892578,74.2727279663086,2123172
2021-01-08,74.45454406738281,75.36363220214844,73.63636016845703,74.09091186523438,706180
2021-01-11,74.7272720336914,74.81818389892578,73.7272720336914,74.09091186523438,504845
2021-01-12,74.18181610107422,75.54545593261719,71.90908813476562,72.2727279663086,1523513
2021-01-13,72.54545593261719,73.54545593261719,72.0,72.36363220214844,859269
2021-01-14,72.36363220214844,72.63636016845703,70.90908813476562,71.0,945732
2021-01-15,71.54545593261719,71.63636016845703,69.2727279663086,69.36363220214844,1020361
2021-01-18,68.63636016845703,71.36363220214844,66.18181610107422,70.7272720336914,1335059
2021-01-19,70.7272720336914,71.81818389892578,70.0,70.2727279663086,530821
2021-01-20,70.2727279663086,70.2727279663086,66.90908813476562,67.09091186523438,1041084
2021-01-21,66.81818389892578,68.18181610107422,66.09091186523438,66.18181610107422,596499
2021-01-22,66.2727279663086,68.36363220214844,66.2727279663086,67.7272720336914,451633
2021-01-25,68.0,68.0,66.09091186523438,66.54545593261719,393109
2021-01-26,66.2727279663086,68.81818389892578,66.2727279663086,67.2727279663086,548037
2021-01-27,68.45454406738281,69.90908813476562,68.0,68.45454406738281,935630
2021-01-28,67.90908813476562,69.0,66.63636016845703,68.63636016845703,311598
2021-01-29,69.18181610107422,75.45454406738281,69.18181610107422,72.09091186523438,5486294
2021-02-01,72.36363220214844,75.7272720336914,69.18181610107422,73.90908813476562,2927469
2021-02-02,73.90908813476562,74.81818389892578,73.18181610107422,73.45454406738281,1092319
2021-02-03,74.36363220214844,79.36363220214844,74.0,76.45454406738281,4766709
2021-02-04,79.0,79.36363220214844,74.81818389892578,75.45454406738281,4779538
2021-02-05,77.81818389892578,80.0,76.36363220214844,78.36363220214844,4877891
2021-02-17,81.7272720336914,81.81818389892578,78.36363220214844,78.90908813476562,2678913
2021-02-18,77.90908813476562,80.18181610107422,77.7272720336914,78.09091186523438,1407105
2021-02-19,77.54545593261719,80.36363220214844,77.54545593261719,79.36363220214844,1381975
2021-02-22,79.36363220214844,80.0,77.63636016845703,78.18181610107422,1508174
2021-02-23,77.90908813476562,78.54545593261719,76.81818389892578,77.0,1077271
2021-02-24,77.63636016845703,78.09091186523438,76.90908813476562,78.0,680362
2021-02-25,81.63636016845703,81.7272720336914,77.45454406738281,77.63636016845703,1636124
2021-02-26,76.36363220214844,79.09091186523438,75.63636016845703,78.63636016845703,1003543
2021-03-02,79.54545593261719,80.09091186523438,76.90908813476562,77.09091186523438,1116865
2021-03-03,77.54545593261719,78.54545593261719,76.09091186523438,77.54545593261719,747906
2021-03-04,77.0,77.54545593261719,75.81818389892578,76.0,796650
2021-03-05,75.0,75.63636016845703,74.36363220214844,75.18181610107422,992486
2021-03-08,75.7272720336914,76.63636016845703,75.63636016845703,75.90908813476562,398341
2021-03-09,76.36363220214844,76.36363220214844,74.7272720336914,75.54545593261719,286918
2021-03-10,76.09091186523438,76.54545593261719,74.81818389892578,75.09091186523438,492824
2021-03-11,75.09091186523438,79.09091186523438,75.09091186523438,78.90908813476562,1160373
2021-03-12,78.18181610107422,78.54545593261719,77.2727279663086,77.81818389892578,789444
2021-03-15,77.54545593261719,79.63636016845703,77.2727279663086,78.2727279663086,989000
2021-03-16,78.54545593261719,85.81818389892578,78.54545593261719,79.09091186523438,5555957
2021-03-17,80.18181610107422,80.90908813476562,77.81818389892578,78.45454406738281,1339405
2021-03-18,78.63636016845703,79.90908813476562,78.45454406738281,78.63636016845703,874179
2021-03-19,77.90908813476562,78.2727279663086,77.2727279663086,77.2727279663086,686419
2021-03-22,77.2727279663086,77.2727279663086,76.2727279663086,76.7272720336914,830717
2021-03-23,77.54545593261719,77.54545593261719,75.63636016845703,75.63636016845703,735289
2021-03-24,76.18181610107422,76.2727279663086,75.45454406738281,75.81818389892578,515049
2021-03-25,75.81818389892578,76.18181610107422,75.18181610107422,75.2727279663086,691675
2021-03-26,75.2727279663086,77.45454406738281,75.18181610107422,76.90908813476562,659398
2021-03-29,77.7272720336914,78.45454406738281,77.09091186523438,77.63636016845703,640987
2021-03-30,78.2727279663086,78.2727279663086,76.45454406738281,77.0,878202
2021-03-31,76.7272720336914,78.63636016845703,76.7272720336914,78.2727279663086,986861
2021-04-01,79.0,79.18181610107422,78.09091186523438,78.09091186523438,677734
2021-04-07,81.45454406738281,82.63636016845703,80.36363220214844,80.90908813476562,2935263
2021-04-08,81.18181610107422,83.54545593261719,80.54545593261719,83.54545593261719,2571041
2021-04-09,86.36363220214844,89.0,81.18181610107422,81.45454406738281,3477831
2021-04-12,81.7272720336914,82.7272720336914,79.63636016845703,79.90908813476562,1230454
2021-04-13,79.90908813476562,81.2727279663086,77.7272720336914,77.7272720336914,1110798
2021-04-14,78.09091186523438,78.54545593261719,75.09091186523438,77.90908813476562,1232801
2021-04-15,77.2727279663086,78.45454406738281,77.2727279663086,77.90908813476562,367766
2021-04-16,78.36363220214844,78.7272720336914,76.7272720336914,77.2727279663086,619276
2021-04-19,77.36363220214844,77.36363220214844,76.36363220214844,76.7272720336914,502329
2021-04-20,76.36363220214844,78.18181610107422,76.2727279663086,77.63636016845703,555280
2021-04-21,77.36363220214844,78.09091186523438,76.45454406738281,76.81818389892578,520852
2021-04-22,77.54545593261719,77.54545593261719,75.45454406738281,75.45454406738281,1060865
2021-04-23,75.45454406738281,75.63636016845703,74.54545593261719,75.2727279663086,862462
2021-04-26,77.63636016845703,79.54545593261719,76.63636016845703,77.2727279663086,1741781
2021-04-27,77.81818389892578,77.81818389892578,76.63636016845703,76.90908813476562,507430
2021-04-28,76.90908813476562,77.54545593261719,76.2727279663086,76.45454406738281,443393
2021-04-29,76.7272720336914,76.7272720336914,75.81818389892578,75.90908813476562,473423
2021-05-03,75.90908813476562,75.90908813476562,73.81818389892578,73.90908813476562,876954
2021-05-04,74.45454406738281,74.45454406738281,67.90908813476562,71.63636016845703,1399376
2021-05-05,71.7272720336914,72.2727279663086,69.45454406738281,70.0,689847
2021-05-06,70.0,71.2727279663086,68.18181610107422,69.54545593261719,599925
2021-05-07,70.54545593261719,72.63636016845703,69.7272720336914,71.54545593261719,526061
2021-05-10,71.54545593261719,71.7272720336914,70.54545593261719,70.63636016845703,273432
2021-05-11,69.2727279663086,69.2727279663086,66.54545593261719,67.18181610107422,958367
2021-05-12,66.81818389892578,68.18181610107422,61.81818008422852,63.727272033691406,960870
2021-05-13,63.6363639831543,66.09091186523438,60.727272033691406,64.2727279663086,658183
2021-05-14,64.81818389892578,66.2727279663086,63.727272033691406,64.18181610107422,440845
2021-05-17,58.81818008422852,63.3636360168457,58.81818008422852,60.0,558918
2021-05-18,61.3636360168457,65.36363220214844,61.3636360168457,64.81818389892578,544276
2021-05-19,63.6363639831543,65.81818389892578,63.6363639831543,65.63636016845703,316816
2021-05-20,65.45454406738281,65.81818389892578,63.909088134765625,64.45454406738281,218064
2021-05-21,65.45454406738281,65.45454406738281,64.54545593261719,65.36363220214844,179302
2021-05-24,64.81818389892578,66.09091186523438,64.63636016845703,65.54545593261719,133116
2021-05-25,66.36363220214844,68.36363220214844,66.18181610107422,67.36363220214844,471978
2021-05-26,67.45454406738281,67.54545593261719,66.7272720336914,67.36363220214844,119905
2021-05-27,66.81818389892578,67.2727279663086,66.18181610107422,66.54545593261719,166252
2021-05-28,67.2727279663086,68.18181610107422,67.2727279663086,67.7272720336914,228820
2021-05-31,67.7272720336914,68.45454406738281,67.2727279663086,68.0,210161
2021-06-01,68.7272720336914,69.36363220214844,68.45454406738281,69.18181610107422,319088
2021-06-02,69.54545593261719,69.63636016845703,67.54545593261719,67.81818389892578,363066
2021-06-03,67.81818389892578,68.54545593261719,67.45454406738281,67.90908813476562,196952
2021-06-04,67.90908813476562,67.90908813476562,67.2727279663086,67.36363220214844,127600
2021-06-07,67.7272720336914,67.7272720336914,65.90908813476562,67.2727279663086,191401
2021-06-08,67.54545593261719,67.54545593261719,66.81818389892578,67.18181610107422,177365
2021-06-09,67.2727279663086,69.0,67.2727279663086,68.36363220214844,270738
2021-06-10,68.2727279663086,70.2727279663086,68.2727279663086,70.18181610107422,683155
2021-06-11,70.54545593261719,70.54545593261719,69.2727279663086,69.54545593261719,361908
2021-06-15,70.18181610107422,70.36363220214844,69.09091186523438,69.63636016845703,219065
2021-06-16,70.0,71.0,69.7272720336914,70.18181610107422,476355
2021-06-17,70.45454406738281,71.7272720336914,70.0,71.45454406738281,602066
2021-06-18,71.09091186523438,72.18181610107422,70.81818389892578,71.09091186523438,594029
2021-06-21,70.81818389892578,70.81818389892578,69.7272720336914,69.81818389892578,328937
2021-06-22,70.7272720336914,70.7272720336914,68.90908813476562,69.09091186523438,277216
2021-06-23,69.09091186523438,70.45454406738281,69.09091186523438,70.36363220214844,320101
2021-06-24,70.90908813476562,71.2727279663086,70.36363220214844,70.36363220214844,316341
2021-06-25,70.45454406738281,71.0,70.45454406738281,70.54545593261719,328912
2021-06-28,71.09091186523438,71.2727279663086,70.09091186523438,71.18181610107422,258168
2021-06-29,70.81818389892578,71.36363220214844,70.45454406738281,70.45454406738281,248600
2021-06-30,70.45454406738281,70.90908813476562,69.63636016845703,69.7272720336914,328508
2021-07-01,69.63636016845703,69.81818389892578,68.63636016845703,68.63636016845703,457738
2021-07-02,68.63636016845703,70.63636016845703,68.54545593261719,70.09091186523438,334626
2021-07-05,71.2727279663086,72.90908813476562,70.90908813476562,72.7272720336914,754296
2021-07-06,72.7272720336914,73.0,72.0,72.0,333316
2021-07-07,72.2727279663086,73.09091186523438,71.36363220214844,71.45454406738281,555757
2021-07-08,71.36363220214844,72.0,71.18181610107422,71.45454406738281,345581
2021-07-09,71.2727279663086,72.7272720336914,71.18181610107422,71.81818389892578,337330
2021-07-12,72.7272720336914,73.90908813476562,72.36363220214844,73.63636016845703,1062612
2021-07-13,75.0,76.90908813476562,74.09091186523438,74.63636016845703,2247705
2021-07-14,74.45454406738281,74.54545593261719,72.81818389892578,73.18181610107422,730962
2021-07-15,74.7272720336914,76.45454406738281,73.63636016845703,73.63636016845703,1166377
2021-07-16,73.63636016845703,75.81818389892578,73.45454406738281,75.18181610107422,966750
2021-07-19,75.7272720336914,77.81818389892578,75.0,77.0,2482155
2021-07-20,77.2727279663086,78.63636016845703,76.36363220214844,78.0,3219032
2021-07-21,79.0,79.54545593261719,77.09091186523438,77.81818389892578,2495999
2021-07-22,78.90908813476562,80.90908813476562,78.36363220214844,79.2727279663086,3275577
2021-07-23,80.45454406738281,80.45454406738281,77.36363220214844,77.7272720336914,2220097
2021-07-26,78.45454406738281,80.2727279663086,78.18181610107422,79.90908813476562,2793538
2021-07-27,80.63636016845703,83.90908813476562,80.2727279663086,82.45454406738281,9080640
2021-07-28,81.54545593261719,82.0,74.2727279663086,76.54545593261719,5267142
2021-07-29,78.18181610107422,83.63636016845703,77.09091186523438,83.63636016845703,7824622
2021-07-30,87.80000305175781,88.0,81.4000015258789,83.0999984741211,7703610
2021-08-02,83.80000305175781,83.80000305175781,79.19999694824219,80.0,3203320
2021-08-03,80.5,81.69999694824219,79.5,79.9000015258789,2268433
2021-08-04,80.9000015258789,81.4000015258789,78.5999984741211,79.69999694824219,2078136
2021-08-05,78.9000015258789,79.69999694824219,78.0999984741211,78.80000305175781,1326762
2021-08-06,79.0,79.0,75.5,75.80000305175781,2604790
2021-08-09,76.9000015258789,77.80000305175781,74.80000305175781,74.80000305175781,1995500
2021-08-10,75.0,76.5,72.30000305175781,76.5,2432266
2021-08-11,76.5999984741211,76.69999694824219,71.5999984741211,72.69999694824219,2857792
2021-08-12,73.0999984741211,74.5999984741211,72.0,73.0999984741211,926532
2021-08-13,73.30000305175781,73.4000015258789,71.0999984741211,71.0999984741211,1384152
2021-08-16,71.0,71.4000015258789,69.5,70.80000305175781,915600
2021-08-17,71.5999984741211,71.5999984741211,69.0,69.30000305175781,729414
2021-08-18,68.19999694824219,71.0,67.69999694824219,70.80000305175781,845398
2021-08-19,70.69999694824219,70.80000305175781,68.30000305175781,68.4000015258789,962944
2021-08-20,68.9000015258789,69.9000015258789,67.80000305175781,68.5,773359
2021-08-23,69.5,71.19999694824219,69.4000015258789,70.5999984741211,1023736
2021-08-24,71.5,71.5999984741211,69.5,69.80000305175781,798903
2021-08-25,70.0,71.69999694824219,70.0,71.0,847000
2021-08-26,71.5999984741211,71.5999984741211,70.0999984741211,70.19999694824219,565600
2021-08-27,70.69999694824219,70.69999694824219,69.4000015258789,69.5999984741211,523550
2021-08-30,70.0,70.5,69.5,69.69999694824219,359193
2021-08-31,69.69999694824219,71.19999694824219,69.69999694824219,70.69999694824219,523085
2021-09-01,70.9000015258789,73.30000305175781,70.0,73.19999694824219,1853183
2021-09-02,73.19999694824219,73.69999694824219,71.19999694824219,71.5,1707595
2021-09-03,72.4000015258789,73.19999694824219,71.4000015258789,73.0,983117
2021-09-06,73.5,76.30000305175781,73.0999984741211,74.0,3093821
2021-09-07,76.30000305175781,77.80000305175781,71.5,73.0999984741211,6182486
2021-09-08,71.80000305175781,72.80000305175781,69.69999694824219,70.30000305175781,1615296
2021-09-09,69.80000305175781,71.0,69.69999694824219,70.5999984741211,606640
2021-09-10,71.5999984741211,71.80000305175781,70.80000305175781,71.30000305175781,504592
2021-09-13,71.30000305175781,71.5,70.5,70.9000015258789,420074
2021-09-14,70.9000015258789,71.30000305175781,70.0,70.0999984741211,444901
2021-09-15,70.19999694824219,70.19999694824219,68.5,69.19999694824219,739701
2021-09-16,69.19999694824219,70.9000015258789,69.0999984741211,69.5999984741211,536311
2021-09-17,69.5999984741211,70.19999694824219,69.0999984741211,69.80000305175781,367253
2021-09-22,68.9000015258789,69.0999984741211,68.0999984741211,68.5,515700
2021-09-23,68.80000305175781,69.4000015258789,68.30000305175781,68.9000015258789,431400
2021-09-24,69.5,69.69999694824219,68.9000015258789,69.0999984741211,433304
2021-09-27,69.0999984741211,69.30000305175781,68.69999694824219,69.0,380836
2021-09-28,69.9000015258789,69.9000015258789,68.80000305175781,69.69999694824219,396240
2021-09-29,68.5,68.9000015258789,67.69999694824219,67.80000305175781,584505
2021-09-30,68.9000015258789,68.9000015258789,67.0999984741211,68.0,333600
2021-10-01,67.0999984741211,67.19999694824219,65.19999694824219,65.5,1235911
2021-10-04,65.5,66.0,61.5,61.59999847412109,1102601
2021-10-05,60.0,63.20000076293945,59.400001525878906,63.20000076293945,684133
2021-10-06,63.5,63.5,62.0,62.29999923706055,357615
2021-10-07,62.29999923706055,63.900001525878906,62.29999923706055,63.79999923706055,507707
2021-10-08,63.79999923706055,64.0,61.900001525878906,62.5,579300
2021-10-12,62.5,62.5,59.5,60.5,774250
2021-10-13,60.5,60.79999923706055,60.0,60.09999847412109,464851
2021-10-14,60.29999923706055,60.900001525878906,59.59999847412109,60.29999923706055,301479
2021-10-15,61.0,61.900001525878906,60.79999923706055,61.20000076293945,239300
2021-10-18,61.400001525878906,61.5,60.400001525878906,61.5,257601
2021-10-19,61.5,63.59999847412109,61.5,63.400001525878906,356500
2021-10-20,63.79999923706055,63.79999923706055,62.09999847412109,62.400001525878906,315200
2021-10-21,62.5,64.19999694824219,62.5,63.29999923706055,471474
2021-10-22,63.900001525878906,64.30000305175781,63.09999847412109,64.0,419701
2021-10-25,63.900001525878906,65.30000305175781,63.70000076293945,65.30000305175781,467850
2021-10-26,65.30000305175781,65.69999694824219,64.4000015258789,64.80000305175781,431594
2021-10-27,64.69999694824219,66.19999694824219,64.5,65.9000015258789,464340
2021-10-28,67.80000305175781,67.80000305175781,66.0999984741211,66.5999984741211,826820
2021-10-29,67.0,72.5999984741211,67.0,71.5999984741211,4232250
2021-11-01,72.0,73.4000015258789,71.30000305175781,72.19999694824219,2173898
2021-11-02,72.19999694824219,73.19999694824219,70.30000305175781,70.69999694824219,1170112
2021-11-03,71.69999694824219,72.19999694824219,70.30000305175781,71.5,641900
2021-11-04,72.80000305175781,72.80000305175781,71.0999984741211,71.19999694824219,576631
2021-11-05,71.4000015258789,71.9000015258789,70.80000305175781,71.4000015258789,465141
2021-11-08,69.5,69.69999694824219,67.80000305175781,68.4000015258789,916380
2021-11-09,68.4000015258789,69.0999984741211,66.80000305175781,67.80000305175781,1054603
2021-11-10,67.80000305175781,69.0999984741211,67.19999694824219,68.5,606257
2021-11-11,68.5,69.5,68.0999984741211,69.19999694824219,495200
2021-11-12,69.30000305175781,70.4000015258789,68.5,69.19999694824219,718845
2021-11-15,69.0,70.69999694824219,69.0,70.0,1032757
2021-11-16,70.5999984741211,71.0999984741211,70.19999694824219,70.4000015258789,654309
2021-11-17,71.0999984741211,72.0999984741211,70.80000305175781,71.69999694824219,819011
2021-11-18,72.30000305175781,72.30000305175781,70.5999984741211,70.9000015258789,580326
2021-11-19,71.4000015258789,71.80000305175781,69.9000015258789,70.19999694824219,521394
2021-11-22,70.69999694824219,71.19999694824219,69.80000305175781,70.9000015258789,540577
2021-11-23,70.9000015258789,70.9000015258789,69.19999694824219,69.4000015258789,510800
2021-11-24,69.4000015258789,69.4000015258789,68.5,69.0999984741211,387864
2021-11-25,69.19999694824219,69.80000305175781,68.5999984741211,68.5999984741211,223181
2021-11-26,68.5999984741211,68.5999984741211,66.9000015258789,67.0999984741211,587003
2021-11-29,66.5,67.5999984741211,64.69999694824219,67.0999984741211,449655
2021-11-30,67.9000015258789,68.9000015258789,67.9000015258789,67.9000015258789,337330
2021-12-01,68.0999984741211,69.30000305175781,68.0,69.19999694824219,232296
2021-12-02,68.9000015258789,69.5999984741211,67.9000015258789,68.0,289720
2021-12-03,68.0,68.30000305175781,67.5999984741211,67.80000305175781,330301
2021-12-06,67.0999984741211,68.19999694824219,67.0999984741211,67.80000305175781,165039
2021-12-07,67.0,67.0,66.19999694824219,66.5,709105
2021-12-08,66.9000015258789,67.19999694824219,65.5,65.80000305175781,752294
2021-12-09,66.19999694824219,67.30000305175781,66.0,66.19999694824219,289251
2021-12-10,65.9000015258789,66.5,65.5999984741211,66.0,197201
2021-12-13,66.0,66.30000305175781,65.5999984741211,65.9000015258789,169512
2021-12-14,66.0,66.0,64.80000305175781,65.0,471015
2021-12-15,64.9000015258789,65.30000305175781,64.69999694824219,64.80000305175781,131712
2021-12-16,66.4000015258789,66.4000015258789,65.0999984741211,65.5999984741211,148923
2021-12-17,65.30000305175781,65.30000305175781,64.5,64.80000305175781,279020
2021-12-20,64.9000015258789,66.0,64.9000015258789,65.5,251218
2021-12-21,65.5,65.9000015258789,65.19999694824219,65.80000305175781,116522
2021-12-22,65.80000305175781,67.19999694824219,65.80000305175781,66.5999984741211,314000
2021-12-23,67.19999694824219,67.19999694824219,66.19999694824219,66.4000015258789,182123
2021-12-24,66.5,67.0999984741211,65.80000305175781,66.0999984741211,269571
2021-12-27,66.0,67.19999694824219,66.0,67.0,249708
2021-12-28,67.0,67.69999694824219,66.5999984741211,67.0,346335
2021-12-29,67.5,69.69999694824219,67.0999984741211,69.5,814490
2021-12-30,69.5999984741211,71.0,68.80000305175781,68.80000305175781,1515160
2022-01-03,68.80000305175781,71.19999694824219,68.80000305175781,70.19999694824219,2750636
2022-01-04,71.0999984741211,71.0999984741211,69.5,69.69999694824219,1458723
2022-01-05,70.0,70.0,68.0999984741211,68.4000015258789,628703
2022-01-06,68.30000305175781,68.30000305175781,67.0999984741211,67.69999694824219,339242
2022-01-07,67.0,67.0,65.0,65.4000015258789,1151700
2022-01-10,65.4000015258789,66.9000015258789,65.0999984741211,66.4000015258789,572100
2022-01-11,66.80000305175781,66.80000305175781,65.5999984741211,65.9000015258789,391242
2022-01-12,66.19999694824219,66.4000015258789,64.5999984741211,64.9000015258789,409871
2022-01-13,65.0,65.0,64.0999984741211,64.30000305175781,393049
2022-01-14,63.5,64.9000015258789,62.79999923706055,64.80000305175781,511110
2022-01-17,65.0999984741211,66.4000015258789,65.0,66.4000015258789,430050
2022-01-18,66.30000305175781,67.0999984741211,65.80000305175781,65.9000015258789,274403
2022-01-19,65.80000305175781,66.19999694824219,65.5,65.5,207200
2022-01-20,64.9000015258789,66.0,64.9000015258789,66.0,132601
2022-01-21,65.5999984741211,65.5999984741211,64.69999694824219,65.0999984741211,336120
2022-01-24,65.0,65.0,63.20000076293945,64.5,267648
2022-01-25,64.5,64.80000305175781,63.400001525878906,63.59999847412109,327015
2022-01-26,64.19999694824219,64.5,63.400001525878906,64.19999694824219,228317
2022-02-07,64.69999694824219,64.69999694824219,63.5,64.69999694824219,279206
2022-02-08,64.9000015258789,67.0,64.80000305175781,67.0,743886
2022-02-09,67.0,68.5,66.9000015258789,68.0,679716
2022-02-10,68.69999694824219,68.69999694824219,67.4000015258789,67.80000305175781,385207
2022-02-11,67.69999694824219,68.4000015258789,67.5,67.9000015258789,426678
2022-02-14,67.9000015258789,68.5,67.69999694824219,68.5,812360
2022-02-15,75.30000305175781,75.30000305175781,75.30000305175781,75.30000305175781,1219213
2022-02-16,77.5,78.0,77.4000015258789,78.0,14665751
2022-02-17,78.30000305175781,79.0999984741211,78.19999694824219,78.5999984741211,4837055
2022-02-18,78.5,78.80000305175781,78.5,78.69999694824219,2239300
2022-02-21,78.9000015258789,79.0,78.5999984741211,78.9000015258789,1445237
2022-02-22,78.9000015258789,79.0,78.4000015258789,78.69999694824219,2386684
2022-02-23,79.0,79.0999984741211,78.69999694824219,79.0999984741211,1237750
2022-02-24,78.9000015258789,79.0999984741211,78.19999694824219,78.4000015258789,1832563
2022-02-25,78.5999984741211,78.69999694824219,78.4000015258789,78.5999984741211,875403
2022-03-01,78.9000015258789,79.0,78.69999694824219,79.0,897748
2022-03-02,78.9000015258789,79.0999984741211,78.80000305175781,79.0,638120
2022-03-03,79.30000305175781,79.5,79.19999694824219,79.4000015258789,923039
2022-03-04,79.4000015258789,79.69999694824219,79.30000305175781,79.4000015258789,655123
2022-03-07,79.4000015258789,79.4000015258789,78.80000305175781,79.0,1333913
2022-03-08,79.0,79.0,78.19999694824219,78.5999984741211,2337631
2022-03-09,78.80000305175781,78.9000015258789,78.5,78.69999694824219,1407323
2022-03-10,79.0999984741211,79.0999984741211,78.80000305175781,79.0,943581
2022-03-11,79.0,79.5,79.0,79.4000015258789,914671
2022-03-14,79.5,79.80000305175781,79.4000015258789,79.69999694824219,1114647
2022-03-15,79.5999984741211,79.69999694824219,79.19999694824219,79.5,1205755
2022-03-16,78.5,78.5999984741211,72.30000305175781,74.19999694824219,1383726
2022-03-17,74.4000015258789,76.19999694824219,72.9000015258789,76.0,933870
2022-03-18,76.9000015258789,79.5,76.9000015258789,77.9000015258789,1499569
2022-03-21,77.69999694824219,77.69999694824219,75.0999984741211,75.5,692736
2022-03-22,74.4000015258789,75.9000015258789,74.4000015258789,75.5,155735
2022-03-23,75.5999984741211,77.0999984741211,75.5999984741211,76.19999694824219,193302
2022-03-24,76.0999984741211,76.4000015258789,75.80000305175781,76.4000015258789,151480
2022-03-25,76.80000305175781,76.80000305175781,75.0,75.30000305175781,238462
2022-03-28,75.30000305175781,75.30000305175781,74.0,74.30000305175781,196363
2022-03-29,75.0,75.19999694824219,74.30000305175781,75.19999694824219,160684
2022-03-30,75.69999694824219,76.69999694824219,75.0,75.19999694824219,374101
2022-03-31,76.19999694824219,76.19999694824219,74.5999984741211,75.9000015258789,160444
2022-04-01,75.5,75.5,74.80000305175781,75.0,140460
2022-04-06,74.19999694824219,74.5,74.0,74.19999694824219,118031
2022-04-07,73.5999984741211,74.19999694824219,73.0,73.0999984741211,211130
2022-04-08,73.30000305175781,73.4000015258789,72.5999984741211,72.9000015258789,172000
2022-04-11,72.9000015258789,72.9000015258789,71.30000305175781,72.30000305175781,259216
2022-04-12,70.69999694824219,72.5,70.69999694824219,72.30000305175781,98001
2022-04-13,72.0999984741211,73.19999694824219,71.9000015258789,73.19999694824219,107182
2022-04-14,73.19999694824219,73.19999694824219,72.19999694824219,72.5999984741211,127001
2022-04-15,72.19999694824219,72.30000305175781,71.30000305175781,72.19999694824219,100044
2022-04-18,72.0,72.0,70.4000015258789,71.19999694824219,65301
2022-04-19,71.5,72.4000015258789,71.5,72.30000305175781,75914
2022-04-20,72.4000015258789,72.5999984741211,72.0,72.30000305175781,56100
2022-04-21,72.80000305175781,73.0999984741211,72.30000305175781,72.80000305175781,43480
2022-04-22,72.5999984741211,72.5999984741211,71.69999694824219,72.5999984741211,29008
2022-04-25,72.5,72.5,69.4000015258789,69.5,234116
2022-04-26,69.9000015258789,70.19999694824219,69.4000015258789,69.69999694824219,80070
2022-04-27,68.0,68.0999984741211,66.0,67.5,239500
2022-04-28,68.19999694824219,69.5999984741211,67.5999984741211,69.5999984741211,127741
2022-04-29,69.9000015258789,70.80000305175781,69.9000015258789,70.19999694824219,97126
2022-05-03,69.5,72.30000305175781,69.5,72.0,119560
2022-05-04,72.0999984741211,73.4000015258789,72.0999984741211,73.0,162253
2022-05-05,73.4000015258789,74.0,73.19999694824219,73.5,120329
2022-05-06,72.5,73.5,72.0,73.0,112002
2022-05-09,72.0,72.19999694824219,70.5,70.5999984741211,124300
2022-05-10,69.69999694824219,71.9000015258789,69.69999694824219,71.30000305175781,79187
2022-05-11,71.30000305175781,72.0,70.69999694824219,70.80000305175781,79200
2022-05-12,70.4000015258789,70.9000015258789,70.0,70.19999694824219,78010
2022-05-13,69.69999694824219,71.0,69.5,70.4000015258789,84610
2022-05-16,71.19999694824219,71.69999694824219,70.5,71.4000015258789,105206
2022-05-17,71.5,72.5,71.5,72.19999694824219,78001
2022-05-18,72.69999694824219,72.69999694824219,71.69999694824219,71.69999694824219,99210
2022-05-19,71.19999694824219,71.69999694824219,71.0,71.5999984741211,37100
2022-05-20,71.9000015258789,71.9000015258789,71.0999984741211,71.0999984741211,186507
2022-05-23,71.19999694824219,71.5,70.9000015258789,71.0,160731
2022-05-24,71.0,71.69999694824219,70.5,70.80000305175781,149371
2022-05-25,71.0999984741211,71.30000305175781,70.5,71.0999984741211,152200
2022-05-26,71.19999694824219,72.9000015258789,71.19999694824219,72.19999694824219,471297
2022-05-27,66.9000015258789,67.0,66.19999694824219,66.4000015258789,483012
2022-05-30,66.0999984741211,66.0999984741211,64.0999984741211,64.30000305175781,773251
2022-05-31,64.4000015258789,64.80000305175781,64.0,64.69999694824219,219130
2022-06-01,64.80000305175781,65.5999984741211,64.4000015258789,65.0999984741211,237438
2022-06-02,65.19999694824219,65.19999694824219,64.4000015258789,64.80000305175781,86110
2022-06-06,64.5,64.5,63.59999847412109,64.0,107020
2022-06-07,62.79999923706055,63.400001525878906,62.70000076293945,63.20000076293945,228330
2022-06-08,63.20000076293945,63.29999923706055,61.79999923706055,62.0,396396
2022-06-09,62.400001525878906,62.400001525878906,60.79999923706055,60.900001525878906,276166
2022-06-10,60.5,60.70000076293945,60.09999847412109,60.400001525878906,142600
2022-06-13,60.900001525878906,60.900001525878906,59.20000076293945,59.59999847412109,177037
2022-06-14,59.20000076293945,59.29999923706055,58.09999847412109,58.79999923706055,186072
2022-06-15,59.0,60.900001525878906,59.0,60.79999923706055,202125
2022-06-16,60.5,60.79999923706055,59.0,59.0,205158
2022-06-17,58.900001525878906,58.900001525878906,57.59999847412109,57.70000076293945,198134
2022-06-20,57.70000076293945,57.70000076293945,53.0,53.09999847412109,359030
2022-06-21,55.5,55.900001525878906,54.0,55.79999923706055,169194
2022-06-22,56.900001525878906,56.900001525878906,54.09999847412109,54.5,105231
2022-06-23,54.5,55.29999923706055,53.0,54.5,133780
2022-06-24,54.400001525878906,55.79999923706055,54.400001525878906,55.400001525878906,206321
2022-06-27,56.09999847412109,57.5,56.09999847412109,57.400001525878906,187096
2022-06-28,57.29999923706055,57.29999923706055,54.09999847412109,54.70000076293945,149606
2022-06-29,54.29999923706055,54.70000076293945,53.79999923706055,54.09999847412109,120229
2022-06-30,54.09999847412109,54.09999847412109,52.0,52.5,179215
2022-07-01,52.59999847412109,52.59999847412109,49.29999923706055,49.29999923706055,363620
2022-07-04,49.20000076293945,50.59999847412109,49.0,49.900001525878906,118016
2022-07-05,50.59999847412109,50.59999847412109,49.0,50.5,107445
2022-07-06,50.0,50.09999847412109,47.0,47.70000076293945,129000
2022-07-07,47.70000076293945,49.29999923706055,47.70000076293945,49.20000076293945,267066
2022-07-08,49.34999847412109,51.0,49.34999847412109,50.29999923706055,90015
2022-07-11,51.5,51.5,49.25,49.25,52280
2022-07-12,49.25,49.25,46.45000076293945,46.79999923706055,117053
2022-07-13,48.5,48.5,47.20000076293945,47.5,78050
2022-07-14,47.5,48.400001525878906,47.5,48.400001525878906,85000
2022-07-15,48.54999923706055,49.79999923706055,48.20000076293945,49.79999923706055,109525
2022-07-18,50.09999847412109,50.900001525878906,50.0,50.29999923706055,71072
2022-07-19,49.70000076293945,50.400001525878906,49.25,50.29999923706055,41099
2022-07-20,51.0,51.0,50.09999847412109,50.5,68000
2022-07-21,50.5,51.5,50.400001525878906,51.5,114010
2022-07-22,51.5,52.0,50.79999923706055,51.0,70000
2022-07-25,50.0,50.70000076293945,50.0,50.20000076293945,42150
2022-07-26,49.75,49.900001525878906,49.25,49.54999923706055,54501
2022-07-27,49.54999923706055,50.400001525878906,49.29999923706055,50.400001525878906,48060
2022-07-28,50.59999847412109,50.70000076293945,49.59999847412109,49.59999847412109,51020
2022-07-29,49.650001525878906,50.09999847412109,49.20000076293945,49.29999923706055,102199
2022-08-01,50.0,50.5,49.900001525878906,50.20000076293945,45281
2022-08-02,49.5,50.0,48.75,49.79999923706055,44010
2022-08-03,49.79999923706055,49.79999923706055,49.0,49.75,30091
2022-08-04,50.0,50.0,48.0,49.04999923706055,100100
2022-08-05,49.79999923706055,49.79999923706055,49.0,49.04999923706055,57201
2022-08-08,49.34999847412109,49.34999847412109,48.75,48.95000076293945,43780
2022-08-09,50.0,50.0,48.95000076293945,48.95000076293945,72779
2022-08-10,48.70000076293945,49.84999847412109,48.25,48.95000076293945,157085
2022-08-11,49.09999847412109,49.5,48.59999847412109,48.59999847412109,101050
2022-08-12,48.59999847412109,49.29999923706055,48.45000076293945,49.150001525878906,102001
2022-08-15,49.54999923706055,49.75,49.20000076293945,49.400001525878906,85224
2022-08-16,49.400001525878906,49.59999847412109,49.09999847412109,49.09999847412109,81002
2022-08-17,49.45000076293945,49.45000076293945,49.0,49.04999923706055,120436
2022-08-18,49.04999923706055,49.09999847412109,48.650001525878906,49.09999847412109,93100
2022-08-19,49.34999847412109,49.54999923706055,49.09999847412109,49.54999923706055,218739
2022-08-22,48.79999923706055,49.5,48.75,49.34999847412109,44000
2022-08-23,49.04999923706055,49.5,48.84999847412109,49.20000076293945,99336
2022-08-24,49.75,52.5,49.650001525878906,52.0,373083
2022-08-25,52.5,53.79999923706055,52.0,52.09999847412109,505300
2022-08-26,52.70000076293945,53.09999847412109,51.59999847412109,51.79999923706055,242200
2022-08-29,50.79999923706055,51.0,50.20000076293945,50.79999923706055,155627
2022-08-30,50.5,51.400001525878906,50.5,51.0,101200
2022-08-31,50.900001525878906,51.0,50.5,50.59999847412109,75300
2022-09-01,50.5,50.900001525878906,50.29999923706055,50.5,90000
2022-09-02,50.5,50.5,50.09999847412109,50.29999923706055,79030
2022-09-05,50.0,50.0,47.79999923706055,47.900001525878906,230013
2022-09-06,48.0,48.34999847412109,46.54999923706055,46.84999847412109,216524
2022-09-07,46.0,47.0,45.0,46.0,313000
2022-09-08,46.0,46.150001525878906,45.70000076293945,45.95000076293945,81652
2022-09-12,46.09999847412109,46.29999923706055,45.5,46.150001525878906,77100
2022-09-13,46.150001525878906,46.400001525878906,45.650001525878906,46.09999847412109,70032
2022-09-14,45.0,45.5,44.0,45.04999923706055,155091
2022-09-15,44.84999847412109,45.29999923706055,44.79999923706055,45.0,65539
2022-09-16,44.70000076293945,45.0,44.70000076293945,44.84999847412109,38000
2022-09-19,44.79999923706055,44.95000076293945,44.45000076293945,44.5,59514
2022-09-20,44.75,44.75,44.5,44.54999923706055,37302
2022-09-21,44.34999847412109,44.5,43.45000076293945,43.45000076293945,135900
2022-09-22,43.400001525878906,43.5,41.75,43.400001525878906,95100
2022-09-23,43.04999923706055,43.45000076293945,42.5,42.84999847412109,74000
2022-09-26,43.75,43.75,40.54999923706055,40.54999923706055,80123
2022-09-27,40.70000076293945,41.09999847412109,40.0,41.09999847412109,74025
2022-09-28,40.70000076293945,40.70000076293945,39.04999923706055,39.400001525878906,146240
2022-09-29,39.0,40.0,39.0,39.400001525878906,85030
2022-09-30,39.400001525878906,39.75,38.5,39.75,50060
2022-10-03,40.0,40.0,39.650001525878906,39.70000076293945,11032
2022-10-04,40.150001525878906,40.150001525878906,39.59999847412109,39.95000076293945,44218
2022-10-05,40.04999923706055,41.0,39.95000076293945,40.0,72084
2022-10-06,40.95000076293945,41.0,39.95000076293945,40.0,39010
2022-10-07,39.75,39.75,39.29999923706055,39.400001525878906,65000
2022-10-11,38.5,38.5,37.45000076293945,38.09999847412109,110052
2022-10-12,37.54999923706055,37.75,36.70000076293945,37.45000076293945,110051
2022-10-13,38.400001525878906,38.400001525878906,34.599998474121094,34.900001525878906,120040
2022-10-14,35.900001525878906,36.5,35.349998474121094,35.5,56000
2022-10-17,35.45000076293945,36.09999847412109,34.599998474121094,36.04999923706055,98385
2022-10-18,37.0,37.0,35.95000076293945,36.79999923706055,40020
2022-10-19,37.04999923706055,37.45000076293945,36.0,36.20000076293945,60431
2022-10-20,36.0,36.29999923706055,35.04999923706055,36.04999923706055,64003
2022-10-21,35.599998474121094,36.04999923706055,35.5,36.04999923706055,38000
2022-10-24,36.20000076293945,37.09999847412109,36.20000076293945,36.75,20040
2022-10-25,37.0,38.0,36.5,37.0,30002
2022-10-26,36.84999847412109,37.70000076293945,36.0,37.34999847412109,23075
2022-10-27,37.95000076293945,37.95000076293945,36.70000076293945,37.400001525878906,30294
2022-10-28,36.75,37.400001525878906,36.70000076293945,37.29999923706055,8200
2022-10-31,37.25,37.29999923706055,37.0,37.150001525878906,18156
2022-11-01,37.84999847412109,37.84999847412109,37.150001525878906,37.34999847412109,17000
2022-11-02,36.59999847412109,37.59999847412109,36.54999923706055,37.59999847412109,47000
2022-11-03,37.0,37.79999923706055,37.0,37.79999923706055,12001
2022-11-04,37.79999923706055,39.59999847412109,37.59999847412109,38.5,30475
2022-11-07,38.5,39.150001525878906,38.5,38.75,51157
2022-11-08,38.79999923706055,38.79999923706055,38.29999923706055,38.29999923706055,34005
2022-11-09,38.79999923706055,39.04999923706055,38.54999923706055,38.95000076293945,78300
2022-11-10,38.25,38.59999847412109,37.79999923706055,38.59999847412109,18000
2022-11-11,39.04999923706055,39.04999923706055,38.5,38.84999847412109,37020
2022-11-14,38.95000076293945,40.59999847412109,38.5,40.20000076293945,134289
2022-11-15,40.20000076293945,40.400001525878906,40.0,40.34999847412109,42015
2022-11-16,39.70000076293945,40.34999847412109,39.400001525878906,40.04999923706055,32052
2022-11-17,40.04999923706055,40.29999923706055,40.0,40.29999923706055,22050
2022-11-18,40.20000076293945,40.84999847412109,40.150001525878906,40.5,23030
2022-11-21,40.0,40.0,39.0,39.59999847412109,33000
2022-11-22,39.70000076293945,40.84999847412109,39.70000076293945,39.900001525878906,21001
2022-11-23,39.95000076293945,39.95000076293945,39.5,39.650001525878906,77003
2022-11-24,39.70000076293945,40.70000076293945,39.70000076293945,40.34999847412109,37053
2022-11-25,40.650001525878906,40.650001525878906,40.0,40.54999923706055,30101
2022-11-28,39.34999847412109,40.45000076293945,39.34999847412109,40.34999847412109,19001
2022-11-29,40.34999847412109,40.34999847412109,40.0,40.25,35084
2022-11-30,40.400001525878906,42.54999923706055,40.400001525878906,42.20000076293945,130000
2022-12-01,42.95000076293945,44.25,42.79999923706055,43.75,132010
2022-12-02,43.0,44.95000076293945,43.0,44.20000076293945,112105
2022-12-05,43.900001525878906,45.0,43.900001525878906,44.75,55643
2022-12-06,45.34999847412109,45.34999847412109,42.09999847412109,42.09999847412109,127031
2022-12-07,41.84999847412109,43.25,41.79999923706055,41.900001525878906,58129
2022-12-08,41.900001525878906,41.900001525878906,41.5,41.75,18021
2022-12-09,42.0,42.29999923706055,41.79999923706055,42.150001525878906,31002
2022-12-12,42.150001525878906,44.20000076293945,42.150001525878906,43.900001525878906,76401
2022-12-13,44.84999847412109,44.84999847412109,44.0,44.29999923706055,72200
2022-12-14,44.20000076293945,44.59999847412109,44.09999847412109,44.150001525878906,28183
2022-12-15,44.20000076293945,44.54999923706055,43.79999923706055,44.04999923706055,51000
2022-12-16,43.70000076293945,44.0,42.70000076293945,43.09999847412109,43030
2022-12-19,43.09999847412109,44.04999923706055,43.09999847412109,44.0,32001
2022-12-20,43.84999847412109,44.5,43.0,43.0,38100
2022-12-21,43.95000076293945,44.0,42.79999923706055,43.25,45146
2022-12-22,43.20000076293945,43.95000076293945,43.20000076293945,43.29999923706055,23841
2022-12-23,41.34999847412109,43.70000076293945,41.34999847412109,43.650001525878906,25000
2022-12-26,43.04999923706055,44.0,43.0,44.0,25001
2022-12-27,43.900001525878906,44.70000076293945,43.900001525878906,44.650001525878906,34001
2022-12-28,44.59999847412109,44.59999847412109,43.59999847412109,43.59999847412109,46625
2022-12-29,42.79999923706055,43.45000076293945,42.5,43.20000076293945,23700
2022-12-30,43.20000076293945,43.29999923706055,43.0,43.20000076293945,23617
2023-01-03,44.25,44.25,42.95000076293945,43.0,15106
2023-01-04,42.95000076293945,43.84999847412109,42.79999923706055,42.84999847412109,24002
2023-01-05,42.84999847412109,43.5,42.79999923706055,43.0,27088
2023-01-06,43.0,43.04999923706055,42.70000076293945,42.70000076293945,34034
2023-01-09,42.79999923706055,43.20000076293945,42.79999923706055,43.20000076293945,34004
2023-01-10,43.400001525878906,43.400001525878906,42.900001525878906,42.95000076293945,59223
2023-01-11,43.70000076293945,43.70000076293945,42.79999923706055,43.150001525878906,35002
2023-01-12,42.54999923706055,43.0,42.5,42.59999847412109,32001
2023-01-13,42.400001525878906,42.79999923706055,42.400001525878906,42.79999923706055,22000
2023-01-16,42.5,42.95000076293945,42.29999923706055,42.59999847412109,44101
2023-01-17,42.900001525878906,43.0,42.5,43.0,23029
2023-01-30,43.04999923706055,43.04999923706055,41.84999847412109,41.900001525878906,235102
2023-01-31,41.900001525878906,41.900001525878906,41.34999847412109,41.79999923706055,93342
2023-02-01,41.79999923706055,42.34999847412109,41.79999923706055,42.150001525878906,74636
2023-02-02,42.34999847412109,43.95000076293945,42.34999847412109,43.75,140201
2023-02-03,44.20000076293945,48.09999847412109,44.20000076293945,48.09999847412109,492811
2023-02-06,49.79999923706055,50.79999923706055,47.900001525878906,48.34999847412109,1707231
2023-02-07,49.09999847412109,49.29999923706055,47.59999847412109,47.95000076293945,338100
2023-02-08,47.54999923706055,48.54999923706055,47.54999923706055,48.20000076293945,237012
2023-02-09,48.09999847412109,48.45000076293945,47.75,48.0,122010
2023-02-10,48.0,48.29999923706055,47.04999923706055,47.09999847412109,159153
2023-02-13,47.09999847412109,47.09999847412109,46.400001525878906,46.95000076293945,55082
2023-02-14,47.0,48.0,47.0,47.95000076293945,83104
2023-02-15,48.09999847412109,48.900001525878906,47.95000076293945,48.09999847412109,89258
2023-02-16,48.09999847412109,48.59999847412109,48.09999847412109,48.5,87005
2023-02-17,48.400001525878906,49.0,47.95000076293945,48.34999847412109,105171
2023-02-20,48.400001525878906,48.95000076293945,48.29999923706055,48.59999847412109,55309
2023-02-21,48.900001525878906,48.900001525878906,48.04999923706055,48.150001525878906,91007
2023-02-22,48.150001525878906,48.45000076293945,47.84999847412109,48.09999847412109,39003
2023-02-23,48.09999847412109,48.20000076293945,47.84999847412109,48.04999923706055,95006
2023-02-24,48.04999923706055,48.45000076293945,47.5,47.59999847412109,90000
2023-03-01,48.0,48.0,47.34999847412109,47.45000076293945,27013
2023-03-02,48.09999847412109,48.5,47.5,48.150001525878906,69001
2023-03-03,48.04999923706055,48.59999847412109,47.900001525878906,48.29999923706055,102001
2023-03-06,48.5,49.34999847412109,48.29999923706055,49.25,136002
2023-03-07,49.79999923706055,51.59999847412109,49.0,50.400001525878906,493756
2023-03-08,50.09999847412109,51.09999847412109,49.79999923706055,50.29999923706055,97423
2023-03-09,51.09999847412109,51.09999847412109,49.75,49.75,94483
2023-03-10,49.5,49.5,48.70000076293945,49.0,73888
2023-03-13,48.29999923706055,48.79999923706055,48.09999847412109,48.70000076293945,64003
2023-03-14,48.70000076293945,48.70000076293945,47.84999847412109,48.150001525878906,38051
2023-03-15,48.59999847412109,48.650001525878906,48.09999847412109,48.5,51834
2023-03-16,47.75,47.75,47.20000076293945,47.45000076293945,73169
2023-03-17,47.45000076293945,47.84999847412109,47.45000076293945,47.84999847412109,39585
2023-03-20,48.95000076293945,48.95000076293945,48.150001525878906,48.5,17003
2023-03-21,49.04999923706055,49.04999923706055,48.20000076293945,48.54999923706055,51124
2023-03-22,48.54999923706055,50.29999923706055,48.400001525878906,49.150001525878906,158103
2023-03-23,50.0,50.79999923706055,49.45000076293945,50.29999923706055,198655
2023-03-24,50.59999847412109,51.5,50.20000076293945,51.5,330825
2023-03-27,51.5,51.5,50.59999847412109,50.79999923706055,97052
2023-03-28,50.5,50.5,50.0,50.400001525878906,89509
2023-03-29,51.0,54.29999923706055,51.0,53.79999923706055,461610
2023-03-30,53.900001525878906,54.29999923706055,52.400001525878906,52.400001525878906,287100
2023-03-31,52.5,53.0,52.400001525878906,52.59999847412109,92006
2023-04-06,53.29999923706055,54.20000076293945,52.900001525878906,53.900001525878906,218153
2023-04-07,55.29999923706055,58.79999923706055,55.29999923706055,55.79999923706055,1065055
2023-04-10,55.900001525878906,58.5,55.900001525878906,58.0,557438
2023-04-11,58.09999847412109,59.5,57.09999847412109,59.5,389068
2023-04-12,60.09999847412109,60.20000076293945,58.5,59.20000076293945,254031
2023-04-13,59.70000076293945,59.70000076293945,56.5,57.400001525878906,449981
2023-04-14,57.79999923706055,58.5,57.59999847412109,58.20000076293945,68052
2023-04-17,57.79999923706055,58.59999847412109,57.79999923706055,58.400001525878906,95814
2023-04-18,58.79999923706055,58.79999923706055,57.29999923706055,57.29999923706055,93034
2023-04-19,57.20000076293945,57.900001525878906,57.0,57.20000076293945,84032
2023-04-20,57.20000076293945,57.20000076293945,55.5,55.70000076293945,106159
2023-04-21,55.79999923706055,55.79999923706055,54.09999847412109,55.29999923706055,132170
2023-04-24,55.0,56.5,55.0,56.29999923706055,106600
2023-04-25,56.29999923706055,56.70000076293945,53.59999847412109,54.09999847412109,233050
2023-04-26,53.20000076293945,55.400001525878906,52.79999923706055,55.29999923706055,199101
2023-04-27,55.29999923706055,57.79999923706055,55.0,57.79999923706055,141571
2023-04-28,58.29999923706055,59.0,56.5,58.70000076293945,321602
2023-05-02,58.70000076293945,60.20000076293945,58.70000076293945,59.59999847412109,289104
2023-05-03,59.20000076293945,62.0,58.70000076293945,61.79999923706055,536704
2023-05-04,61.5,62.29999923706055,60.5,61.5,320002
2023-05-05,61.5,61.5,60.400001525878906,60.5,214003
2023-05-08,62.09999847412109,64.80000305175781,60.5,61.0,432052
2023-05-09,61.0,62.900001525878906,60.59999847412109,61.5,339002
2023-05-10,61.29999923706055,63.09999847412109,61.0,61.59999847412109,189358
2023-05-11,61.79999923706055,61.79999923706055,60.400001525878906,60.400001525878906,189015
2023-05-12,60.09999847412109,62.29999923706055,59.900001525878906,61.29999923706055,186000
2023-05-15,61.29999923706055,63.0,60.59999847412109,62.900001525878906,181753
2023-05-16,62.20000076293945,64.5,62.20000076293945,63.0,343013
2023-05-17,64.30000305175781,66.5999984741211,63.400001525878906,66.5999984741211,709101
2023-05-18,67.0999984741211,70.0,66.5,68.69999694824219,877908
2023-05-19,68.80000305175781,69.69999694824219,66.69999694824219,67.5,377406
2023-05-22,67.0999984741211,68.69999694824219,66.9000015258789,68.19999694824219,226373
2023-05-23,68.0,69.19999694824219,67.4000015258789,67.69999694824219,163200
2023-05-24,67.0999984741211,69.19999694824219,66.9000015258789,68.69999694824219,174101
2023-05-25,68.5999984741211,69.0999984741211,67.9000015258789,68.5,248325
2023-05-26,69.19999694824219,69.19999694824219,67.30000305175781,67.5,194526
2023-05-29,68.5,70.0,68.30000305175781,69.69999694824219,446899
2023-05-30,69.9000015258789,70.0,67.80000305175781,68.80000305175781,312103
2023-05-31,69.19999694824219,69.69999694824219,68.30000305175781,69.0,133101
2023-06-01,69.0999984741211,69.30000305175781,68.5999984741211,69.0,90626
2023-06-02,69.69999694824219,69.9000015258789,68.80000305175781,69.5,244458
2023-06-05,70.9000015258789,70.9000015258789,69.69999694824219,70.0999984741211,382784
2023-06-06,69.80000305175781,71.0,69.0999984741211,71.0,518507
2023-06-07,72.0999984741211,72.30000305175781,69.0999984741211,69.0999984741211,816200
2023-06-08,69.0,69.19999694824219,66.0,66.0,622312
2023-06-09,66.69999694824219,70.19999694824219,66.69999694824219,67.19999694824219,446351
2023-06-12,67.19999694824219,67.4000015258789,66.5,66.9000015258789,113035
2023-06-13,67.0,68.0,66.30000305175781,66.69999694824219,802564
2023-06-14,67.69999694824219,68.5,65.69999694824219,66.19999694824219,753150
2023-06-15,66.19999694824219,68.5999984741211,66.0999984741211,67.5999984741211,307044
2023-06-16,68.5,68.69999694824219,67.0999984741211,67.0999984741211,226130
2023-06-19,66.4000015258789,67.69999694824219,66.4000015258789,67.5,92584
2023-06-20,67.30000305175781,67.5,66.30000305175781,67.0999984741211,64268
2023-06-21,67.0999984741211,68.80000305175781,67.0,68.69999694824219,172477
2023-06-26,68.0999984741211,71.30000305175781,67.80000305175781,70.4000015258789,703618
2023-06-27,72.5,73.0999984741211,66.5999984741211,66.69999694824219,1586325
2023-06-28,67.30000305175781,71.5999984741211,67.0,70.19999694824219,974491
2023-06-29,71.0,71.9000015258789,70.0999984741211,71.69999694824219,570310
2023-06-30,71.9000015258789,71.9000015258789,70.69999694824219,71.19999694824219,214165
2023-07-03,71.19999694824219,71.5999984741211,70.30000305175781,71.5,294643
2023-07-04,71.5,71.5999984741211,69.69999694824219,70.9000015258789,303200
2023-07-05,71.30000305175781,72.5999984741211,70.0,70.4000015258789,337813
2023-07-06,70.30000305175781,72.4000015258789,70.30000305175781,71.4000015258789,611156
2023-07-07,74.80000305175781,74.9000015258789,70.19999694824219,71.80000305175781,1690198
2023-07-10,74.19999694824219,74.4000015258789,71.19999694824219,72.5,1181923
2023-07-11,73.4000015258789,78.19999694824219,72.80000305175781,75.19999694824219,3242445
2023-07-12,77.69999694824219,77.80000305175781,73.0,73.0,2075222
2023-07-13,72.5,73.0,70.80000305175781,71.19999694824219,1034163
2023-07-14,72.30000305175781,73.30000305175781,71.30000305175781,73.19999694824219,453463
2023-07-17,73.5999984741211,75.30000305175781,73.30000305175781,74.80000305175781,714991
2023-07-18,75.30000305175781,75.80000305175781,73.5999984741211,74.5999984741211,832232
2023-07-19,75.5999984741211,75.5999984741211,72.5999984741211,73.5,490765
2023-07-20,73.30000305175781,74.5,72.4000015258789,72.69999694824219,347534
2023-07-21,72.0,72.0,70.19999694824219,70.80000305175781,546873
2023-07-24,72.4000015258789,72.4000015258789,68.0999984741211,68.4000015258789,755820
2023-07-25,68.9000015258789,70.0999984741211,68.19999694824219,69.19999694824219,493330
2023-07-26,69.19999694824219,69.30000305175781,68.0999984741211,68.5,260451
2023-07-27,69.4000015258789,72.0999984741211,68.9000015258789,72.0,690907
2023-07-28,73.5999984741211,79.19999694824219,73.5999984741211,79.19999694824219,5444561
2023-07-31,85.0,87.0999984741211,82.0999984741211,87.0999984741211,3532191
2023-08-01,85.9000015258789,91.4000015258789,78.4000015258789,78.4000015258789,9835048
2023-08-02,79.80000305175781,79.80000305175781,74.0999984741211,76.80000305175781,3612056
2023-08-04,76.0,77.9000015258789,74.30000305175781,77.5,1360102
2023-08-07,84.0,85.19999694824219,79.0999984741211,80.5999984741211,5548817
2023-08-08,82.0,86.5,81.5,83.0,4617968
2023-08-09,82.30000305175781,90.0,80.69999694824219,89.5,9352131
2023-08-10,88.19999694824219,88.5,81.0,81.19999694824219,7014888
2023-08-11,83.0,84.4000015258789,78.0,78.0,4650286
2023-08-14,78.0,79.5,75.0,75.0,2810310
2023-08-15,76.30000305175781,78.0,75.5,77.69999694824219,1770453
2023-08-16,76.80000305175781,79.69999694824219,75.5999984741211,79.5,1580158
2023-08-17,78.4000015258789,81.30000305175781,78.0,81.0999984741211,1732801
2023-08-18,81.0,81.69999694824219,78.5999984741211,79.30000305175781,1537629
2023-08-21,80.0,81.5,78.0999984741211,78.4000015258789,1435314
2023-08-22,79.5999984741211,79.80000305175781,77.0,77.0,1056160
2023-08-23,78.0,79.69999694824219,76.0999984741211,76.30000305175781,1430070
2023-08-24,77.5999984741211,77.5999984741211,75.0,76.0,1207126
2023-08-25,75.69999694824219,76.9000015258789,75.30000305175781,76.0,677550
2023-08-28,76.5999984741211,76.5999984741211,73.5,73.5,966508
2023-08-29,74.0,80.80000305175781,73.5999984741211,80.80000305175781,3244988
2023-08-30,81.4000015258789,82.9000015258789,79.5999984741211,81.19999694824219,7468704
2023-08-31,80.5,82.69999694824219,80.5,81.0999984741211,2792048
2023-09-01,82.19999694824219,85.80000305175781,81.5999984741211,84.0999984741211,6263975
2023-09-04,82.80000305175781,90.6999969482422,81.5999984741211,87.0999984741211,11121605
2023-09-05,87.0999984741211,91.0,85.5,90.6999969482422,9920854
2023-09-06,90.6999969482422,90.6999969482422,88.0,90.0999984741211,4674337
2023-09-07,84.0999984741211,86.30000305175781,81.19999694824219,83.19999694824219,6626450
2023-09-08,83.0,84.80000305175781,82.0999984741211,82.4000015258789,1881957
2023-09-11,82.5999984741211,82.5999984741211,78.5,80.30000305175781,2494325
2023-09-12,80.4000015258789,81.19999694824219,78.30000305175781,78.4000015258789,1463371
2023-09-13,78.0,78.69999694824219,76.69999694824219,77.69999694824219,1338100
2023-09-14,78.4000015258789,80.19999694824219,77.4000015258789,77.9000015258789,2129200
2023-09-15,78.19999694824219,78.9000015258789,77.5999984741211,78.19999694824219,1089106
2023-09-18,78.19999694824219,78.19999694824219,77.0999984741211,77.0999984741211,684743
2023-09-19,77.5999984741211,77.80000305175781,74.5999984741211,74.9000015258789,1717301
2023-09-20,74.69999694824219,75.30000305175781,73.0,73.0,1066526
2023-09-21,72.5,72.5999984741211,70.5,71.0,1062162
2023-09-22,71.0,72.19999694824219,70.0999984741211,71.4000015258789,587500
2023-09-25,71.5999984741211,74.5,71.4000015258789,73.4000015258789,1001252
2023-09-26,73.4000015258789,73.5999984741211,71.19999694824219,71.19999694824219,765088
2023-09-27,71.19999694824219,73.0999984741211,70.5,72.80000305175781,482003
2023-09-28,72.69999694824219,74.0,72.5999984741211,73.9000015258789,478262
2023-10-02,74.5999984741211,75.5,74.0,74.0999984741211,576413
2023-10-03,74.30000305175781,75.0999984741211,73.19999694824219,74.5999984741211,511317
2023-10-04,74.0,75.80000305175781,73.5999984741211,75.4000015258789,443032
2023-10-05,75.9000015258789,75.9000015258789,74.9000015258789,75.30000305175781,319383
2023-10-06,75.5,75.9000015258789,73.0999984741211,73.80000305175781,570288
2023-10-11,75.5999984741211,75.5999984741211,72.9000015258789,72.9000015258789,941621
2023-10-12,73.80000305175781,74.5999984741211,73.0,74.30000305175781,539121
2023-10-13,74.30000305175781,74.30000305175781,72.69999694824219,72.80000305175781,371101
2023-10-16,72.5,72.69999694824219,71.80000305175781,72.0,226106
2023-10-17,72.19999694824219,73.0,70.5999984741211,70.69999694824219,541873
2023-10-18,71.0,71.9000015258789,69.30000305175781,69.9000015258789,577300
2023-10-19,70.0,70.30000305175781,68.9000015258789,70.0,324003
2023-10-20,69.80000305175781,70.19999694824219,68.30000305175781,68.80000305175781,260224
2023-10-23,68.80000305175781,69.80000305175781,67.80000305175781,68.30000305175781,285143
2023-10-24,69.30000305175781,69.4000015258789,67.69999694824219,69.30000305175781,316720
2023-10-25,70.80000305175781,71.80000305175781,70.30000305175781,71.0999984741211,436796
2023-10-26,70.0,70.5999984741211,68.69999694824219,68.69999694824219,354026
2023-10-27,69.19999694824219,72.19999694824219,69.0999984741211,70.0,558366
2023-10-30,70.19999694824219,70.30000305175781,69.0,69.19999694824219,267023
2023-10-31,69.69999694824219,70.5,67.0999984741211,67.30000305175781,572441
2023-11-01,68.5999984741211,69.9000015258789,67.5999984741211,67.9000015258789,485000
2023-11-02,69.5,70.5999984741211,69.0,69.9000015258789,494345
2023-11-03,70.69999694824219,70.69999694824219,69.69999694824219,70.4000015258789,289358
2023-11-06,70.9000015258789,71.30000305175781,70.5999984741211,71.30000305175781,300582
2023-11-07,71.30000305175781,71.69999694824219,70.5999984741211,70.5999984741211,302150
2023-11-08,71.0,71.80000305175781,71.0,71.4000015258789,373005
2023-11-09,71.80000305175781,71.80000305175781,70.0999984741211,70.30000305175781,272002
2023-11-10,69.80000305175781,69.9000015258789,68.5999984741211,68.9000015258789,301001
2023-11-13,69.9000015258789,69.9000015258789,68.69999694824219,69.5,245000
2023-11-14,69.5999984741211,71.5,69.5999984741211,71.0999984741211,453011
2023-11-15,71.80000305175781,72.30000305175781,71.19999694824219,71.4000015258789,615100
2023-11-16,71.80000305175781,76.4000015258789,71.4000015258789,75.30000305175781,2925117
2023-11-17,74.69999694824219,77.4000015258789,74.19999694824219,76.4000015258789,3410451
2023-11-20,76.4000015258789,77.4000015258789,75.4000015258789,77.19999694824219,1816219
2023-11-21,77.5999984741211,79.4000015258789,75.30000305175781,76.0999984741211,5092000
2023-11-22,76.5999984741211,79.5,76.30000305175781,78.0,4665052
2023-11-23,78.0,79.9000015258789,77.0999984741211,77.0999984741211,2324515
2023-11-24,77.4000015258789,77.5999984741211,75.80000305175781,76.0,886436
2023-11-27,76.0,77.4000015258789,75.0,76.5,1298200
2023-11-28,76.5999984741211,78.19999694824219,76.0,77.5,1355050
2023-11-29,78.19999694824219,78.80000305175781,77.19999694824219,78.19999694824219,1545939
2023-11-30,80.4000015258789,82.5,80.19999694824219,80.69999694824219,7873833
2023-12-01,79.5,79.5999984741211,77.80000305175781,78.19999694824219,2312372
2023-12-04,78.19999694824219,78.19999694824219,76.5,76.5999984741211,1284522
2023-12-05,75.80000305175781,76.4000015258789,75.4000015258789,75.80000305175781,716251
2023-12-06,76.5,76.80000305175781,75.5,76.30000305175781,719418
2023-12-07,76.0999984741211,76.4000015258789,73.69999694824219,73.80000305175781,1217021
2023-12-08,74.30000305175781,74.69999694824219,73.5,73.5,519399
2023-12-11,74.5,76.4000015258789,73.9000015258789,75.9000015258789,1582110
2023-12-12,76.0,76.30000305175781,73.69999694824219,73.80000305175781,1098321
2023-12-13,74.0,75.0,73.80000305175781,74.5999984741211,370336
2023-12-14,75.0,75.69999694824219,73.9000015258789,75.0,479300
2023-12-15,75.4000015258789,75.69999694824219,73.69999694824219,73.69999694824219,443411
2023-12-18,73.5,73.5999984741211,72.30000305175781,72.4000015258789,462421
2023-12-19,72.4000015258789,72.4000015258789,70.9000015258789,71.5999984741211,530643
2023-12-20,72.5,73.19999694824219,71.80000305175781,72.5999984741211,314438
2023-12-21,71.80000305175781,72.0,71.0999984741211,71.0999984741211,464821
2023-12-22,71.30000305175781,71.80000305175781,70.69999694824219,71.19999694824219,482015
2023-12-25,71.5999984741211,72.0,71.0,71.0,208122
2023-12-26,71.80000305175781,72.0,71.4000015258789,71.9000015258789,188153
2023-12-27,72.30000305175781,75.19999694824219,71.9000015258789,74.80000305175781,1093010
2023-12-28,76.0,76.5999984741211,73.80000305175781,73.80000305175781,2973092
2023-12-29,73.80000305175781,74.0999984741211,73.0,73.30000305175781,396046
2024-01-02,73.0999984741211,74.5999984741211,73.0999984741211,74.19999694824219,366081
2024-01-03,73.5,74.69999694824219,73.4000015258789,74.0999984741211,349100
2024-01-04,74.30000305175781,74.4000015258789,72.5,73.0,358181
2024-01-05,72.5999984741211,73.5,72.5,72.9000015258789,251300
2024-01-08,73.0,73.9000015258789,72.5999984741211,72.5999984741211,231533
2024-01-09,72.69999694824219,72.80000305175781,71.0,71.19999694824219,454091
2024-01-10,70.5999984741211,71.19999694824219,70.5999984741211,70.69999694824219,256095
2024-01-11,71.0,71.69999694824219,70.80000305175781,71.19999694824219,216030
2024-01-12,70.4000015258789,71.19999694824219,70.0,70.30000305175781,352354
2024-01-15,70.30000305175781,72.0999984741211,70.30000305175781,72.0,237084
2024-01-16,71.0,74.9000015258789,71.0,73.5,627171
2024-01-17,74.9000015258789,75.0,72.4000015258789,72.5999984741211,979080
2024-01-18,72.5999984741211,73.80000305175781,72.5,73.0999984741211,420083
2024-01-19,73.30000305175781,73.80000305175781,71.80000305175781,71.80000305175781,470343
2024-01-22,72.30000305175781,74.5999984741211,72.19999694824219,74.4000015258789,736121
2024-01-23,74.69999694824219,74.69999694824219,73.4000015258789,73.80000305175781,183082
2024-01-24,73.80000305175781,74.5999984741211,73.69999694824219,74.19999694824219,306132
2024-01-25,74.30000305175781,74.5999984741211,73.9000015258789,74.0999984741211,177703
2024-01-26,73.5999984741211,74.5,72.5,72.69999694824219,179521
2024-01-29,72.69999694824219,73.80000305175781,72.0999984741211,73.5,250919
2024-01-30,73.5,73.5,72.19999694824219,72.30000305175781,192078
2024-01-31,71.80000305175781,72.80000305175781,71.5999984741211,71.69999694824219,246531
2024-02-01,71.5,72.0,71.5,71.5999984741211,168100
2024-02-02,71.9000015258789,72.30000305175781,71.19999694824219,71.19999694824219,219060
2024-02-05,71.19999694824219,71.4000015258789,70.19999694824219,70.5999984741211,234145
2024-02-15,70.80000305175781,71.30000305175781,69.5999984741211,70.69999694824219,320049
2024-02-16,71.4000015258789,72.80000305175781,71.30000305175781,72.69999694824219,296000
2024-02-19,73.0,73.80000305175781,72.5,72.80000305175781,349100
2024-02-20,72.80000305175781,73.4000015258789,71.69999694824219,72.0999984741211,278544
2024-02-21,72.30000305175781,72.69999694824219,71.9000015258789,72.0,271003
2024-02-22,72.69999694824219,72.80000305175781,71.80000305175781,72.30000305175781,277240
2024-02-23,72.5999984741211,72.69999694824219,70.80000305175781,70.80000305175781,382044
2024-02-26,71.0,72.19999694824219,70.5999984741211,71.80000305175781,280501
2024-02-27,72.30000305175781,72.80000305175781,70.30000305175781,71.0999984741211,246430
2024-02-29,71.0999984741211,71.5999984741211,70.5999984741211,71.30000305175781,190400
2024-03-01,71.19999694824219,71.9000015258789,70.80000305175781,71.0,210045
2024-03-04,71.19999694824219,71.80000305175781,71.0999984741211,71.30000305175781,301224
2024-03-05,71.4000015258789,72.69999694824219,70.80000305175781,72.5,403544
2024-03-06,72.19999694824219,73.30000305175781,71.80000305175781,72.0,249606
2024-03-07,73.0999984741211,73.80000305175781,71.30000305175781,72.4000015258789,645139
2024-03-08,72.30000305175781,72.9000015258789,70.19999694824219,70.19999694824219,626415
2024-03-11,70.80000305175781,71.5999984741211,70.5,70.80000305175781,268053
2024-03-12,71.19999694824219,73.19999694824219,71.19999694824219,72.5999984741211,513301
2024-03-13,73.4000015258789,73.4000015258789,71.5999984741211,71.9000015258789,342200
2024-03-14,72.0,73.19999694824219,70.30000305175781,72.5,650200
2024-03-15,72.80000305175781,72.80000305175781,70.80000305175781,71.0999984741211,375861
2024-03-18,71.0999984741211,71.80000305175781,70.5999984741211,71.80000305175781,213003
2024-03-19,71.80000305175781,72.30000305175781,71.4000015258789,71.80000305175781,182000
2024-03-20,72.30000305175781,73.0,72.0,72.80000305175781,495078
2024-03-21,73.69999694824219,74.9000015258789,73.19999694824219,73.19999694824219,945597
2024-03-22,73.5999984741211,74.0,72.69999694824219,73.0,283359
2024-03-25,73.0999984741211,73.5,72.9000015258789,73.0999984741211,246010
2024-03-26,73.0999984741211,73.4000015258789,70.5999984741211,71.0,619000
2024-03-27,70.80000305175781,71.9000015258789,70.80000305175781,71.5,214802
2024-03-28,71.9000015258789,73.0,71.5999984741211,71.69999694824219,404293
2024-03-29,71.80000305175781,72.0,71.0999984741211,71.4000015258789,330000
2024-04-01,71.9000015258789,72.9000015258789,71.4000015258789,72.80000305175781,731303
2024-04-02,70.0,70.5999984741211,69.0,69.0999984741211,826030
2024-04-03,69.0999984741211,69.0999984741211,67.0,68.30000305175781,555080
2024-04-08,65.30000305175781,66.5,65.19999694824219,65.5,1011528
2024-04-09,65.0999984741211,65.30000305175781,64.0,64.5,910243
2024-04-10,64.5,66.19999694824219,64.5,65.5,494003
2024-04-11,65.30000305175781,65.30000305175781,64.30000305175781,64.5,317890
2024-04-12,64.5,64.5,63.79999923706055,63.79999923706055,447077
2024-04-15,63.0,63.29999923706055,62.59999847412109,62.70000076293945,345050
2024-04-16,62.5,62.5,60.59999847412109,60.70000076293945,517000
2024-04-17,60.70000076293945,61.79999923706055,60.70000076293945,61.400001525878906,195060
2024-04-18,61.400001525878906,61.400001525878906,60.79999923706055,61.0,159001
2024-04-19,61.0,61.0,58.09999847412109,59.20000076293945,463041
2024-04-22,59.20000076293945,60.0,59.0,59.0,255021
2024-04-23,59.09999847412109,59.5,58.59999847412109,59.0,165106
2024-04-24,59.29999923706055,60.09999847412109,59.29999923706055,59.5,188018
2024-04-25,60.0,60.20000076293945,59.09999847412109,59.5,191198
2024-04-26,59.79999923706055,60.5,59.79999923706055,59.900001525878906,167368
2024-04-29,60.0,62.20000076293945,60.0,62.0,376163
2024-04-30,61.59999847412109,62.29999923706055,61.400001525878906,61.59999847412109,171010
2024-05-02,61.59999847412109,62.400001525878906,61.5,61.900001525878906,108606
2024-05-03,62.09999847412109,63.29999923706055,62.09999847412109,62.29999923706055,186231
2024-05-06,63.09999847412109,63.900001525878906,62.79999923706055,63.29999923706055,319021
2024-05-07,63.400001525878906,63.400001525878906,62.400001525878906,62.5,279610
2024-05-08,62.5,63.09999847412109,62.400001525878906,62.900001525878906,159257
2024-05-09,62.900001525878906,63.79999923706055,62.70000076293945,62.70000076293945,129000
2024-05-10,62.59999847412109,63.09999847412109,62.29999923706055,62.900001525878906,75060
2024-05-13,62.900001525878906,62.900001525878906,61.70000076293945,62.29999923706055,105230
2024-05-14,62.09999847412109,62.70000076293945,62.09999847412109,62.09999847412109,218501
2024-05-15,62.70000076293945,62.70000076293945,61.5,61.70000076293945,145470
2024-05-16,62.0,62.900001525878906,61.900001525878906,62.29999923706055,113020
2024-05-17,62.0,62.59999847412109,62.0,62.400001525878906,194084
2024-05-20,62.400001525878906,63.0,62.0,62.900001525878906,140001
2024-05-21,63.20000076293945,63.20000076293945,61.79999923706055,62.09999847412109,194001
2024-05-22,62.09999847412109,62.29999923706055,61.79999923706055,61.900001525878906,220115
2024-05-23,61.900001525878906,62.0,61.29999923706055,61.400001525878906,158000
2024-05-24,61.400001525878906,61.900001525878906,60.79999923706055,61.900001525878906,130022
2024-05-27,61.900001525878906,63.0,61.59999847412109,61.59999847412109,316004
2024-05-28,62.29999923706055,64.30000305175781,62.29999923706055,64.0,573002
2024-05-29,64.0999984741211,64.4000015258789,62.900001525878906,63.79999923706055,331083
2024-05-30,63.09999847412109,63.70000076293945,62.59999847412109,62.59999847412109,214000
2024-05-31,62.79999923706055,63.5,62.5,62.79999923706055,208374
2024-06-03,63.09999847412109,64.30000305175781,62.900001525878906,63.79999923706055,294502
2024-06-04,63.79999923706055,64.5,63.0,63.20000076293945,303030
2024-06-05,63.20000076293945,63.20000076293945,62.5,62.5,219101
2024-06-06,62.59999847412109,63.0,61.400001525878906,61.400001525878906,364001
2024-06-07,61.29999923706055,61.900001525878906,60.59999847412109,60.70000076293945,370206
2024-06-11,60.79999923706055,61.09999847412109,59.0,60.59999847412109,357112
2024-06-12,60.79999923706055,61.09999847412109,60.09999847412109,60.70000076293945,192002
2024-06-13,61.09999847412109,61.20000076293945,60.29999923706055,60.70000076293945,151131
2024-06-14,60.59999847412109,61.0,60.400001525878906,60.5,126331
2024-06-17,60.79999923706055,61.59999847412109,60.79999923706055,61.29999923706055,162002
2024-06-18,61.5,61.59999847412109,60.400001525878906,60.400001525878906,169030
2024-06-19,60.5,60.70000076293945,60.0,60.0,208112
2024-06-20,60.20000076293945,61.0,60.20000076293945,60.59999847412109,198125
2024-06-21,60.70000076293945,60.900001525878906,60.400001525878906,60.5,146251
2024-06-24,60.400001525878906,60.400001525878906,59.79999923706055,59.79999923706055,276003
2024-06-25,59.79999923706055,59.79999923706055,58.5,59.09999847412109,375001
2024-06-26,59.400001525878906,60.20000076293945,59.09999847412109,59.09999847412109,205002
2024-06-27,58.900001525878906,59.0,58.400001525878906,58.5,265342
2024-06-28,58.5,59.09999847412109,58.400001525878906,58.59999847412109,142003
2024-07-01,58.59999847412109,59.29999923706055,58.59999847412109,58.70000076293945,162002
2024-07-02,58.79999923706055,59.20000076293945,58.400001525878906,59.0,196000
2024-07-03,59.400001525878906,60.400001525878906,59.400001525878906,60.29999923706055,255500
2024-07-04,60.0,60.5,59.79999923706055,59.900001525878906,233000
2024-07-05,60.0,61.29999923706055,60.0,61.20000076293945,291001
2024-07-08,60.29999923706055,60.5,58.59999847412109,58.900001525878906,521000
2024-07-09,59.09999847412109,59.400001525878906,58.29999923706055,58.5,364545
2024-07-10,58.70000076293945,58.900001525878906,58.400001525878906,58.5,265200
2024-07-11,58.79999923706055,58.79999923706055,58.20000076293945,58.20000076293945,226000
2024-07-12,58.0,58.09999847412109,57.5,57.70000076293945,320001
2024-07-15,58.0,58.0,56.5,57.400001525878906,209687
2024-07-16,57.400001525878906,58.20000076293945,57.400001525878906,57.900001525878906,278079
2024-07-17,58.09999847412109,58.5,57.70000076293945,57.70000076293945,133001
2024-07-18,57.70000076293945,57.70000076293945,56.79999923706055,56.79999923706055,239010
2024-07-19,56.79999923706055,56.79999923706055,55.5,55.5,386620
2024-07-22,55.5,55.5,52.79999923706055,53.20000076293945,371215
2024-07-23,53.29999923706055,54.5,53.29999923706055,53.70000076293945,179001
2024-07-26,53.0,53.400001525878906,52.79999923706055,52.900001525878906,146003
2024-07-29,53.59999847412109,54.29999923706055,51.900001525878906,51.900001525878906,243000
2024-07-30,51.79999923706055,52.70000076293945,51.400001525878906,52.70000076293945,249000
2024-07-31,52.0,53.400001525878906,52.0,53.20000076293945,175534
2024-08-01,53.400001525878906,54.29999923706055,53.400001525878906,53.70000076293945,146175
2024-08-02,53.20000076293945,53.400001525878906,52.09999847412109,52.400001525878906,130694
2024-08-05,52.59999847412109,52.59999847412109,47.20000076293945,47.20000076293945,631862
2024-08-06,47.59999847412109,48.0,43.84999847412109,46.79999923706055,294419
2024-08-07,46.09999847412109,49.59999847412109,46.09999847412109,49.400001525878906,227295
2024-08-08,49.34999847412109,49.34999847412109,48.09999847412109,48.900001525878906,67010
2024-08-09,49.29999923706055,49.900001525878906,49.0,49.150001525878906,162309
2024-08-12,49.34999847412109,50.70000076293945,49.34999847412109,50.20000076293945,128001
2024-08-13,50.09999847412109,50.20000076293945,49.79999923706055,49.79999923706055,64010
2024-08-14,50.09999847412109,50.70000076293945,49.70000076293945,49.75,123002
2024-08-15,49.900001525878906,50.29999923706055,49.900001525878906,49.900001525878906,85104
2024-08-16,49.900001525878906,51.70000076293945,49.900001525878906,51.09999847412109,223100
2024-08-19,51.09999847412109,52.29999923706055,51.09999847412109,52.09999847412109,102201
2024-08-20,52.20000076293945,52.59999847412109,51.59999847412109,51.59999847412109,143738
2024-08-21,51.59999847412109,51.70000076293945,51.29999923706055,51.70000076293945,59039
2024-08-22,51.70000076293945,51.79999923706055,51.29999923706055,51.5,53053
2024-08-23,51.20000076293945,52.0,51.0,52.0,75083
2024-08-26,52.0,52.79999923706055,52.0,52.70000076293945,183019
2024-08-27,52.70000076293945,52.900001525878906,52.29999923706055,52.400001525878906,79001
2024-08-28,52.400001525878906,53.400001525878906,52.29999923706055,53.09999847412109,106100
2024-08-29,52.79999923706055,53.09999847412109,52.70000076293945,53.09999847412109,67086
2024-08-30,53.09999847412109,54.0,53.09999847412109,53.400001525878906,88100
2024-09-02,53.5,53.70000076293945,52.79999923706055,52.79999923706055,81000
2024-09-03,52.79999923706055,52.79999923706055,51.900001525878906,52.09999847412109,72037
2024-09-04,51.09999847412109,51.09999847412109,49.04999923706055,49.5,240207
2024-09-05,49.84999847412109,50.79999923706055,49.400001525878906,49.400001525878906,192868
2024-09-06,49.0,49.45000076293945,48.54999923706055,48.75,183298
2024-09-09,48.59999847412109,50.20000076293945,48.0,50.20000076293945,158400
2024-09-10,50.0,50.0,48.70000076293945,48.900001525878906,168465
2024-09-11,48.900001525878906,50.20000076293945,48.900001525878906,49.5,65216
2024-09-12,50.0,50.70000076293945,50.0,50.400001525878906,78982
2024-09-13,50.400001525878906,50.900001525878906,50.20000076293945,50.900001525878906,28359
2024-09-16,50.900001525878906,51.79999923706055,50.900001525878906,51.59999847412109,81052
2024-09-18,51.59999847412109,51.59999847412109,50.70000076293945,50.900001525878906,81002
2024-09-19,50.900001525878906,51.29999923706055,50.5,51.20000076293945,122100
2024-09-20,51.20000076293945,53.29999923706055,51.20000076293945,53.20000076293945,368235
2024-09-23,53.400001525878906,56.09999847412109,53.09999847412109,55.79999923706055,655721
2024-09-24,56.79999923706055,60.0,56.20000076293945,57.20000076293945,1131291
2024-09-25,57.5,60.29999923706055,57.5,58.900001525878906,1048130
2024-09-26,59.5,60.79999923706055,58.0,58.900001525878906,621331
2024-09-27,58.09999847412109,60.70000076293945,57.70000076293945,57.70000076293945,790300
2024-09-30,57.70000076293945,59.5,57.20000076293945,57.20000076293945,425700
2024-10-01,57.20000076293945,57.29999923706055,55.900001525878906,56.79999923706055,327006
2024-10-04,56.79999923706055,56.900001525878906,55.0,55.09999847412109,291015
2024-10-07,55.70000076293945,55.70000076293945,54.59999847412109,55.29999923706055,273001
2024-10-08,55.29999923706055,56.5,54.79999923706055,55.59999847412109,247300
2024-10-09,55.59999847412109,61.09999847412109,55.59999847412109,61.09999847412109,2046552
2024-10-11,60.900001525878906,65.9000015258789,59.20000076293945,63.400001525878906,3657257
2024-10-14,64.5999984741211,65.0999984741211,62.0,63.09999847412109,1306160
2024-10-15,64.80000305175781,68.80000305175781,63.79999923706055,65.5999984741211,3326002
2024-10-16,65.4000015258789,67.80000305175781,64.9000015258789,67.0999984741211,1848202
2024-10-17,67.30000305175781,68.5,66.0999984741211,67.0,1081045
2024-10-18,67.9000015258789,68.19999694824219,66.0,67.80000305175781,1613456
2024-10-21,69.30000305175781,72.0999984741211,68.30000305175781,70.5,3111813
2024-10-22,70.5999984741211,74.5,69.5,71.69999694824219,4010494
2024-10-23,72.5999984741211,73.80000305175781,71.69999694824219,73.5,2150733
2024-10-24,73.0999984741211,73.0999984741211,68.4000015258789,69.4000015258789,3257907
2024-10-25,70.0,71.0999984741211,68.4000015258789,70.5999984741211,1400657
2024-10-28,71.0,72.0,65.0,65.0,2700573
2024-10-29,65.0,67.4000015258789,63.59999847412109,66.5,1236455
2024-10-30,66.19999694824219,70.9000015258789,65.30000305175781,69.0,1987781
2024-11-01,67.0,70.0,67.0,70.0,985507
2024-11-04,68.80000305175781,69.5,66.0,66.0,1542545
2024-11-05,65.80000305175781,66.0,61.70000076293945,62.0,2027101
2024-11-06,62.79999923706055,63.900001525878906,62.29999923706055,62.5,505053
2024-11-07,61.59999847412109,64.5999984741211,61.0,62.29999923706055,893326
2024-11-08,62.400001525878906,63.0,60.70000076293945,60.79999923706055,734229
2024-11-11,61.5,61.59999847412109,60.400001525878906,61.20000076293945,264000
2024-11-12,60.5,61.70000076293945,60.5,60.59999847412109,345100
2024-11-13,60.59999847412109,65.4000015258789,60.0,63.900001525878906,1190001
2024-11-14,63.59999847412109,64.80000305175781,61.0,61.0,608092
2024-11-15,61.29999923706055,63.0,61.09999847412109,61.400001525878906,236654
2024-11-18,61.70000076293945,61.70000076293945,60.0,60.0,233064
2024-11-19,60.09999847412109,63.0,60.09999847412109,62.5,288201
2024-11-20,62.20000076293945,62.20000076293945,62.20000076293945,62.20000076293945,185620
2024-11-21,61.5,62.29999923706055,60.29999923706055,60.70000076293945,286160
2024-11-22,61.59999847412109,62.20000076293945,60.29999923706055,61.09999847412109,308043
2024-11-25,61.29999923706055,63.400001525878906,61.29999923706055,63.09999847412109,367051
2024-11-26,63.29999923706055,66.19999694824219,62.20000076293945,64.80000305175781,911261
2024-11-27,64.9000015258789,65.0,62.79999923706055,63.29999923706055,543550
2024-11-28,63.09999847412109,64.80000305175781,61.70000076293945,63.900001525878906,392141
2024-11-29,62.59999847412109,64.0,62.59999847412109,62.79999923706055,239500
2024-12-02,64.5,68.9000015258789,64.0,66.4000015258789,1783375
2024-12-03,66.69999694824219,67.5999984741211,65.5999984741211,66.4000015258789,810250
2024-12-04,67.30000305175781,71.30000305175781,65.4000015258789,70.30000305175781,1925946
2024-12-05,68.5999984741211,69.19999694824219,63.29999923706055,63.29999923706055,2860053
2024-12-06,59.900001525878906,60.0,57.0,58.79999923706055,4571260
2024-12-09,57.5,58.5,53.29999923706055,54.70000076293945,2149498
2024-12-10,56.20000076293945,56.20000076293945,54.0,54.70000076293945,696002
2024-12-11,54.79999923706055,55.20000076293945,54.0,54.59999847412109,288222
2024-12-12,54.900001525878906,55.5,54.20000076293945,54.29999923706055,318300
2024-12-13,54.0,54.20000076293945,51.29999923706055,52.09999847412109,819005
2024-12-16,52.70000076293945,53.5,51.29999923706055,51.70000076293945,398001
2024-12-17,51.70000076293945,52.70000076293945,50.400001525878906,52.0,490200
2024-12-18,52.09999847412109,52.70000076293945,51.59999847412109,52.400001525878906,137000
2024-12-19,51.900001525878906,52.5,51.5,52.0,206017
2024-12-20,52.0,52.5,51.09999847412109,51.09999847412109,215323
2024-12-23,51.70000076293945,52.29999923706055,51.59999847412109,52.29999923706055,129402
2024-12-24,52.29999923706055,53.29999923706055,51.79999923706055,52.5,193177
2024-12-25,52.5,53.5,52.5,53.09999847412109,143000
2024-12-26,52.70000076293945,57.20000076293945,52.70000076293945,55.79999923706055,1017209
2024-12-27,56.0,56.400001525878906,54.59999847412109,54.59999847412109,275130
2024-12-30,54.400001525878906,55.59999847412109,53.79999923706055,54.0,143172
2024-12-31,53.59999847412109,54.0,52.79999923706055,53.09999847412109,146000
2025-01-02,53.0,53.59999847412109,52.29999923706055,52.400001525878906,122300
2025-01-03,52.5,53.09999847412109,52.09999847412109,52.29999923706055,98099
2025-01-06,53.20000076293945,55.29999923706055,53.20000076293945,54.400001525878906,397146
2025-01-07,54.5,55.400001525878906,53.0,53.0,482100
2025-01-08,53.09999847412109,53.400001525878906,52.20000076293945,53.29999923706055,243000
2025-01-09,54.0,57.0,53.20000076293945,54.5,750224
2025-01-10,55.29999923706055,55.29999923706055,52.900001525878906,53.0,242010
2025-01-13,53.59999847412109,53.59999847412109,50.0,50.79999923706055,684151
2025-01-14,49.75,50.79999923706055,49.150001525878906,49.95000076293945,510001
2025-01-15,49.900001525878906,50.09999847412109,49.150001525878906,49.20000076293945,354001
2025-01-16,49.95000076293945,50.400001525878906,49.900001525878906,50.0,101160
2025-01-17,52.0,55.0,52.0,55.0,1266357
2025-01-20,55.0,56.900001525878906,53.400001525878906,54.20000076293945,1498000
2025-01-21,54.20000076293945,56.59999847412109,53.59999847412109,56.20000076293945,631301
2025-01-22,56.70000076293945,59.59999847412109,56.0,58.29999923706055,1294100
2025-02-03,56.59999847412109,58.5,56.20000076293945,56.900001525878906,507002
2025-02-04,58.20000076293945,59.5,57.0,57.70000076293945,507055
2025-02-05,57.900001525878906,59.79999923706055,57.900001525878906,58.0,614100
2025-02-06,58.59999847412109,59.20000076293945,58.09999847412109,58.400001525878906,320246
2025-02-07,58.70000076293945,59.400001525878906,57.70000076293945,58.20000076293945,295086
2025-02-10,57.400001525878906,58.70000076293945,57.20000076293945,57.79999923706055,280029
2025-02-11,57.79999923706055,58.79999923706055,57.0,57.20000076293945,335001
2025-02-12,56.900001525878906,57.79999923706055,55.29999923706055,55.70000076293945,414084
2025-02-13,56.09999847412109,56.79999923706055,55.70000076293945,55.79999923706055,261000
2025-02-14,56.0,57.0,55.70000076293945,56.79999923706055,229011
2025-02-17,57.29999923706055,60.400001525878906,57.29999923706055,58.400001525878906,832065
2025-02-18,59.79999923706055,61.29999923706055,58.70000076293945,60.0,776500
2025-02-19,60.900001525878906,60.900001525878906,59.20000076293945,59.400001525878906,321003
2025-02-20,59.400001525878906,60.0,58.70000076293945,59.70000076293945,306000
2025-02-21,60.0,60.20000076293945,58.900001525878906,59.79999923706055,338085
2025-02-24,59.79999923706055,60.400001525878906,59.0,59.5,269532
2025-02-25,59.29999923706055,59.29999923706055,57.79999923706055,58.70000076293945,290517
2025-02-26,58.5,61.0,58.5,59.70000076293945,427055
2025-02-27,59.70000076293945,60.20000076293945,57.900001525878906,58.0,381020
2025-03-03,58.0,58.29999923706055,56.79999923706055,57.29999923706055,163500
2025-03-04,55.70000076293945,57.400001525878906,55.400001525878906,57.09999847412109,204002
2025-03-05,57.09999847412109,57.5,56.900001525878906,57.29999923706055,140394
2025-03-06,57.400001525878906,57.79999923706055,56.59999847412109,56.59999847412109,145201
2025-03-07,56.09999847412109,57.09999847412109,56.09999847412109,56.20000076293945,347011
2025-03-10,56.20000076293945,56.20000076293945,54.59999847412109,54.900001525878906,342010
2025-03-11,53.5,54.09999847412109,51.900001525878906,54.0,366135
2025-03-12,54.20000076293945,55.09999847412109,54.0,54.29999923706055,161660
2025-03-13,54.900001525878906,55.59999847412109,53.59999847412109,53.900001525878906,242001
2025-03-14,53.70000076293945,54.400001525878906,53.09999847412109,54.29999923706055,163000
2025-03-17,54.900001525878906,58.20000076293945,54.59999847412109,57.70000076293945,488222
2025-03-18,58.20000076293945,59.29999923706055,57.29999923706055,58.09999847412109,488201
2025-03-19,58.09999847412109,58.29999923706055,56.20000076293945,56.29999923706055,142459
2025-03-20,57.09999847412109,58.900001525878906,57.0,58.900001525878906,242156
2025-03-21,58.900001525878906,58.900001525878906,57.79999923706055,57.79999923706055,174101
2025-03-24,58.29999923706055,58.29999923706055,56.0,56.79999923706055,166170
2025-03-25,57.5,57.79999923706055,56.400001525878906,56.59999847412109,91001
2025-03-26,57.70000076293945,59.5,57.400001525878906,57.5,638006
2025-03-27,57.20000076293945,57.20000076293945,56.29999923706055,56.70000076293945,219052
2025-03-28,57.29999923706055,57.29999923706055,54.5,54.79999923706055,375023
2025-03-31,53.0,53.59999847412109,50.0,53.0,569152
2025-04-01,51.70000076293945,51.70000076293945,50.09999847412109,50.5,276101
2025-04-02,52.0,52.900001525878906,51.09999847412109,51.400001525878906,182071
2025-04-07,46.29999923706055,46.29999923706055,46.29999923706055,46.29999923706055,49000
2025-04-08,41.70000076293945,43.29999923706055,41.70000076293945,41.70000076293945,1285285
2025-04-09,39.25,39.29999923706055,37.54999923706055,37.54999923706055,1080458
2025-04-10,41.29999923706055,41.29999923706055,40.0,41.29999923706055,637000
2025-04-11,40.09999847412109,41.5,38.09999847412109,41.29999923706055,435474
2025-04-14,42.29999923706055,44.650001525878906,42.29999923706055,43.25,533100
2025-04-15,43.29999923706055,46.09999847412109,43.29999923706055,46.04999923706055,244051
2025-04-16,45.54999923706055,46.150001525878906,44.5,44.95000076293945,193050
2025-04-17,44.04999923706055,45.34999847412109,44.04999923706055,44.84999847412109,80324
2025-04-18,44.84999847412109,46.0,44.20000076293945,44.20000076293945,157150
2025-04-21,44.29999923706055,44.400001525878906,43.5,43.75,178011
2025-04-22,42.34999847412109,44.09999847412109,42.34999847412109,42.59999847412109,274050
2025-04-23,43.70000076293945,44.400001525878906,43.20000076293945,43.70000076293945,259050
2025-04-24,45.0,45.0,43.75,44.25,115050
2025-04-25,45.59999847412109,45.650001525878906,44.5,44.900001525878906,94100
2025-04-28,45.0,46.650001525878906,44.45000076293945,46.34999847412109,233070
2025-04-29,45.70000076293945,46.650001525878906,45.70000076293945,46.5,101050
2025-04-30,46.45000076293945,46.79999923706055,45.5,45.59999847412109,107011
2025-05-02,46.20000076293945,47.29999923706055,46.20000076293945,47.0,115000
2025-05-05,47.5,47.5,44.70000076293945,45.400001525878906,248010
2025-05-06,45.400001525878906,47.0,44.75,46.0,38001
2025-05-07,47.54999923706055,50.59999847412109,47.5,49.79999923706055,1609105
2025-05-08,52.59999847412109,54.70000076293945,52.0,54.09999847412109,3547010
2025-05-09,54.09999847412109,56.0,53.29999923706055,54.59999847412109,2644137
2025-05-12,54.59999847412109,57.59999847412109,54.09999847412109,55.79999923706055,2185129
2025-05-13,57.0,57.29999923706055,54.5,55.0,1737101
2025-05-14,55.59999847412109,55.59999847412109,54.5,54.59999847412109,837019
2025-05-15,55.29999923706055,56.400001525878906,54.59999847412109,55.09999847412109,908100
2025-05-16,55.79999923706055,60.59999847412109,55.400001525878906,60.59999847412109,3027268
2025-05-19,63.59999847412109,65.9000015258789,62.09999847412109,62.59999847412109,12381224
2025-05-20,62.70000076293945,65.69999694824219,61.79999923706055,64.0,8352218
2025-05-21,63.59999847412109,67.4000015258789,62.400001525878906,66.30000305175781,8196350
2025-05-22,66.30000305175781,68.19999694824219,64.30000305175781,66.0,10082671
2025-05-23,66.0,66.30000305175781,63.29999923706055,65.9000015258789,4851652
2025-05-26,66.80000305175781,66.9000015258789,64.0999984741211,64.5999984741211,3878206
2025-05-27,64.80000305175781,65.0999984741211,62.70000076293945,64.5999984741211,2338631
2025-05-28,65.5,65.5999984741211,63.400001525878906,63.400001525878906,2294301
2025-05-29,64.0,64.5999984741211,62.70000076293945,62.70000076293945,1186431
2025-06-02,61.70000076293945,63.20000076293945,61.59999847412109,62.70000076293945,998002
2025-06-03,64.0,64.0999984741211,62.0,63.400001525878906,1175284
2025-06-04,63.400001525878906,64.5,62.900001525878906,63.29999923706055,1156308
2025-06-05,63.70000076293945,64.0999984741211,61.29999923706055,62.09999847412109,874240
2025-06-06,63.29999923706055,67.5,63.20000076293945,63.70000076293945,9156406
2025-06-09,63.79999923706055,66.0,63.20000076293945,64.0,4234650
2025-06-10,64.0,64.5,62.70000076293945,62.70000076293945,2213600
2025-06-11,62.70000076293945,67.9000015258789,61.79999923706055,65.9000015258789,5879410
2025-06-12,67.4000015258789,67.4000015258789,65.0,66.5,3995994
2025-06-13,66.0,66.0,62.29999923706055,62.400001525878906,2697397
2025-06-16,61.79999923706055,62.0,60.29999923706055,61.59999847412109,1612050
2025-06-17,62.09999847412109,62.400001525878906,60.5,61.09999847412109,765133
2025-06-18,61.59999847412109,61.70000076293945,60.0,60.400001525878906,762070
2025-06-19,60.400001525878906,60.400001525878906,58.09999847412109,58.09999847412109,1183601
2025-06-20,59.0,59.70000076293945,56.79999923706055,58.70000076293945,1198306
2025-06-23,57.59999847412109,58.5,57.20000076293945,58.5,457079
2025-06-24,59.0,60.0,59.0,59.70000076293945,421286
2025-06-25,60.400001525878906,61.900001525878906,59.900001525878906,60.5,910301
2025-06-26,60.900001525878906,61.79999923706055,60.70000076293945,61.0,546446
2025-06-27,61.900001525878906,62.09999847412109,59.900001525878906,59.900001525878906,635079
2025-06-30,60.70000076293945,60.70000076293945,59.09999847412109,59.20000076293945,234000
2025-07-01,59.09999847412109,62.59999847412109,59.0,62.59999847412109,2187252
2025-07-02,63.09999847412109,64.0,60.900001525878906,60.900001525878906,2087767
2025-07-03,61.59999847412109,62.59999847412109,61.5,61.900001525878906,1119006
2025-07-04,62.29999923706055,62.400001525878906,59.400001525878906,59.400001525878906,798371
2025-07-07,59.5,60.400001525878906,58.20000076293945,59.20000076293945,379537
2025-07-08,58.0,62.20000076293945,58.0,61.0,742005
2025-07-09,61.5,62.0,60.20000076293945,60.29999923706055,952000
2025-07-10,61.59999847412109,62.20000076293945,60.400001525878906,61.29999923706055,1502050
2025-07-11,61.0,61.5,60.400001525878906,60.400001525878906,645020
2025-07-14,60.5,60.79999923706055,58.5,58.900001525878906,508010
2025-07-15,59.70000076293945,59.70000076293945,58.09999847412109,58.70000076293945,627100
2025-07-16,59.0,59.79999923706055,58.70000076293945,59.29999923706055,454099
2025-07-17,59.79999923706055,60.59999847412109,58.70000076293945,59.900001525878906,393000
2025-07-18,60.70000076293945,60.70000076293945,59.79999923706055,60.20000076293945,274000
2025-07-21,60.5,60.5,59.29999923706055,59.79999923706055,208001
2025-07-22,60.09999847412109,61.5,57.20000076293945,57.70000076293945,1057177
2025-07-23,57.900001525878906,59.09999847412109,57.400001525878906,58.79999923706055,390101
2025-07-24,59.29999923706055,59.29999923706055,57.79999923706055,59.0,432001
2025-07-25,58.59999847412109,59.400001525878906,58.09999847412109,58.400001525878906,303005
2025-07-28,58.400001525878906,58.70000076293945,57.59999847412109,57.79999923706055,384549
2025-07-29,57.70000076293945,58.0,56.5,56.900001525878906,400201
2025-07-30,57.79999923706055,57.79999923706055,56.5,57.09999847412109,263000
2025-07-31,57.09999847412109,57.70000076293945,56.70000076293945,57.70000076293945,330002
2025-08-04,58.5,59.59999847412109,58.09999847412109,58.70000076293945,268060
2025-08-05,59.59999847412109,60.29999923706055,59.0,59.79999923706055,500002
2025-08-06,60.20000076293945,60.20000076293945,59.09999847412109,59.5,219016
2025-08-07,60.09999847412109,60.70000076293945,58.900001525878906,58.900001525878906,345040
2025-08-08,59.400001525878906,59.5,58.20000076293945,58.59999847412109,250100
2025-08-11,58.5,58.5,56.70000076293945,57.79999923706055,453052
2025-08-12,58.09999847412109,59.79999923706055,57.5,59.29999923706055,450001
2025-08-13,60.400001525878906,62.0,60.0,61.400001525878906,1470036
2025-08-14,61.5,62.59999847412109,61.20000076293945,61.70000076293945,966268
2025-08-15,62.5,62.59999847412109,60.5,60.900001525878906,518002
2025-08-18,60.70000076293945,61.79999923706055,60.70000076293945,61.79999923706055,399437
2025-08-19,62.20000076293945,62.400001525878906,60.59999847412109,60.59999847412109,484330
2025-08-20,60.59999847412109,60.59999847412109,58.400001525878906,58.400001525878906,556000
2025-08-21,59.0,59.900001525878906,58.0,58.400001525878906,450001
2025-08-22,58.400001525878906,59.0,57.59999847412109,58.0,330100
2025-08-25,58.79999923706055,61.20000076293945,58.79999923706055,60.400001525878906,741103
2025-08-26,60.09999847412109,61.400001525878906,59.900001525878906,61.29999923706055,466251
2025-08-27,61.900001525878906,65.0,61.5,63.5,1954140
2025-08-28,63.29999923706055,64.5,62.0,63.0,1040004
2025-08-29,63.5,64.0999984741211,62.5,63.09999847412109,784050
2025-09-01,63.09999847412109,64.0,60.09999847412109,61.09999847412109,890400
2025-09-02,61.59999847412109,62.70000076293945,60.5,62.5,599083
2025-09-03,62.900001525878906,66.0,62.400001525878906,65.19999694824219,1996201
2025-09-04,66.0999984741211,70.69999694824219,64.5,68.19999694824219,11559741
2025-09-05,70.19999694824219,73.5,68.5,73.5,12210479
2025-09-08,73.30000305175781,74.4000015258789,70.0999984741211,73.80000305175781,9308123
2025-09-09,73.80000305175781,74.30000305175781,71.80000305175781,73.80000305175781,4957727
2025-09-10,74.0999984741211,74.4000015258789,72.0,72.0,4158499
2025-09-11,73.80000305175781,73.9000015258789,70.30000305175781,71.0,5500500
2025-09-12,72.19999694824219,78.0999984741211,71.5999984741211,77.9000015258789,11523586
2025-09-15,76.0,76.5999984741211,72.5,72.69999694824219,8269729
2025-09-16,73.0,73.30000305175781,70.0999984741211,70.0999984741211,4085698
2025-09-17,70.80000305175781,71.69999694824219,67.5999984741211,67.80000305175781,2655771
2025-09-18,68.30000305175781,74.5,68.0999984741211,74.5,7653146
2025-09-19,74.0999984741211,74.0999984741211,71.5999984741211,72.0,4486571
2025-09-22,71.5999984741211,72.5999984741211,70.80000305175781,70.9000015258789,1703970
2025-09-23,71.5,74.5,69.30000305175781,73.0,8473637
2025-09-24,72.0999984741211,72.5999984741211,70.4000015258789,71.30000305175781,2589299
2025-09-25,71.5,72.0,70.5,70.5999984741211,1048162
2025-09-26,70.19999694824219,70.30000305175781,66.0,67.0999984741211,2600850
2025-09-30,67.19999694824219,68.5999984741211,66.5999984741211,68.30000305175781,711722
2025-10-01,67.9000015258789,69.0999984741211,67.5,67.5999984741211,651406
2025-10-02,68.69999694824219,68.80000305175781,66.69999694824219,67.0,800080
2025-10-03,67.5999984741211,69.5,67.5,68.5999984741211,1115116
2025-10-07,68.5,69.4000015258789,68.19999694824219,69.0,710150
2025-10-08,68.9000015258789,69.19999694824219,67.4000015258789,67.80000305175781,846143
2025-10-09,68.80000305175781,68.80000305175781,67.0999984741211,67.5,757600
2025-10-13,64.80000305175781,66.4000015258789,63.900001525878906,66.30000305175781,832050
2025-10-14,67.0999984741211,68.5999984741211,65.30000305175781,65.30000305175781,898050
2025-10-15,65.9000015258789,69.69999694824219,65.0,69.0,2610650
2025-10-16,69.5999984741211,73.5999984741211,69.4000015258789,73.0,9315686
2025-10-17,71.80000305175781,72.30000305175781,70.5999984741211,71.0,2395460
2025-10-20,71.0999984741211,73.0,71.0999984741211,71.5,1781140
2025-10-21,72.5,75.30000305175781,72.19999694824219,73.5,6985314
2025-10-22,73.5,74.0999984741211,71.0999984741211,72.4000015258789,2694616
2025-10-23,71.69999694824219,74.80000305175781,71.30000305175781,74.5,4165285
2025-10-27,80.5,81.80000305175781,76.9000015258789,78.30000305175781,9202684
2025-10-28,79.5,80.5,77.5999984741211,77.9000015258789,5895398
2025-10-29,78.19999694824219,78.19999694824219,74.30000305175781,74.80000305175781,3356688
2025-10-30,74.4000015258789,74.80000305175781,72.5,73.69999694824219,1796923
2025-10-31,74.0,74.5,72.80000305175781,73.5999984741211,1313612
2025-11-03,73.5999984741211,73.80000305175781,71.5999984741211,71.5999984741211,1318174
2025-11-04,72.19999694824219,73.4000015258789,71.0999984741211,71.0999984741211,1303082
2025-11-05,70.0999984741211,73.80000305175781,69.4000015258789,73.0,1551210
2025-11-06,73.69999694824219,74.0999984741211,71.5,72.69999694824219,1403240
2025-11-07,69.19999694824219,69.19999694824219,65.5999984741211,66.0999984741211,3544409
2025-11-10,66.0,66.9000015258789,65.0999984741211,65.30000305175781,807150
2025-11-11,65.80000305175781,66.4000015258789,65.30000305175781,65.30000305175781,666376
2025-11-12,65.69999694824219,66.0999984741211,65.4000015258789,65.69999694824219,457300
2025-11-13,65.69999694824219,66.0999984741211,64.69999694824219,64.9000015258789,632680
2025-11-14,64.0999984741211,66.69999694824219,63.79999923706055,64.19999694824219,935140
2025-11-17,65.0,65.0999984741211,62.70000076293945,62.70000076293945,714452
2025-11-18,62.0,63.0,60.900001525878906,61.400001525878906,587200
2025-11-19,61.900001525878906,61.900001525878906,60.09999847412109,60.29999923706055,483188
2025-11-20,61.70000076293945,61.70000076293945,61.0,61.70000076293945,339200
2025-11-21,60.59999847412109,60.79999923706055,59.29999923706055,59.59999847412109,630219
2025-11-24,59.59999847412109,60.0,59.0,59.400001525878906,350104
2025-11-25,60.0,60.70000076293945,59.70000076293945,60.0,246250
2025-11-26,60.70000076293945,61.70000076293945,60.70000076293945,61.20000076293945,403202
2025-11-27,61.900001525878906,61.900001525878906,60.79999923706055,61.29999923706055,268014
2025-11-28,61.400001525878906,61.5,61.0,61.09999847412109,231000
2025-12-01,61.0,61.20000076293945,60.09999847412109,60.09999847412109,321008
2025-12-02,60.5,60.70000076293945,60.0,60.09999847412109,213000
2025-12-03,60.20000076293945,61.400001525878906,60.20000076293945,61.29999923706055,223110
2025-12-04,62.0,62.5,61.20000076293945,61.5,370000
2025-12-05,62.0,62.0,61.0,61.400001525878906,251015
2025-12-08,62.09999847412109,62.400001525878906,61.5,62.29999923706055,282030
2025-12-09,65.0,65.30000305175781,63.900001525878906,64.5999984741211,1295178
2025-12-10,64.5,64.9000015258789,63.09999847412109,63.5,405058
2025-12-11,63.5,64.0999984741211,63.09999847412109,63.5,267032
2025-12-12,64.69999694824219,65.4000015258789,64.0999984741211,64.4000015258789,633100
2025-12-15,63.5,63.5,62.5,62.900001525878906,315075
2025-12-16,63.29999923706055,63.29999923706055,61.29999923706055,62.5,339082
2025-12-17,63.0,63.59999847412109,62.5,62.79999923706055,329301
2025-12-18,63.0,63.20000076293945,62.0,62.09999847412109,195007
2025-12-19,65.30000305175781,68.30000305175781,64.5,68.30000305175781,3319735
2025-12-22,72.80000305175781,74.5,71.80000305175781,72.5,7814159
2025-12-23,71.69999694824219,71.80000305175781,70.5999984741211,70.80000305175781,1475801
2025-12-24,71.0999984741211,72.0999984741211,70.30000305175781,70.5,1118267
2025-12-26,70.5,70.5,69.5,69.5999984741211,748303
2025-12-29,70.0,70.0999984741211,68.80000305175781,69.0,640378
2025-12-30,68.5999984741211,69.69999694824219,68.30000305175781,69.4000015258789,493030
2025-12-31,69.5999984741211,72.30000305175781,69.5999984741211,70.0,1095125
2026-01-02,70.69999694824219,70.69999694824219,69.19999694824219,69.19999694824219,590117
2026-01-05,69.30000305175781,69.80000305175781,66.19999694824219,66.80000305175781,1002070
2026-01-06,67.5,67.5,66.69999694824219,66.80000305175781,468350
2026-01-07,66.80000305175781,68.30000305175781,66.80000305175781,68.0,478170
2026-01-08,68.0,68.4000015258789,67.0999984741211,67.0999984741211,393000
2026-01-09,64.0999984741211,64.69999694824219,63.0,64.30000305175781,1114000
2026-01-12,64.5999984741211,65.5,64.5,65.0999984741211,366182
2026-01-13,65.30000305175781,65.69999694824219,64.0999984741211,64.30000305175781,388101
2026-01-14,64.80000305175781,66.30000305175781,64.80000305175781,65.69999694824219,446100
2026-01-15,66.0,66.0,64.80000305175781,65.80000305175781,250830
2026-01-16,66.19999694824219,66.5,65.69999694824219,66.5,361249
2026-01-19,66.9000015258789,67.5,66.0999984741211,67.0,487426
2026-01-20,67.5,69.4000015258789,66.80000305175781,69.0999984741211,829224
2026-01-21,68.80000305175781,69.9000015258789,67.5,67.5,871550
2026-01-22,69.19999694824219,73.9000015258789,69.19999694824219,71.80000305175781,4444784
2026-01-23,73.5,74.0,70.0,71.9000015258789,4116430
2026-01-26,71.9000015258789,72.69999694824219,70.5,70.80000305175781,1127184
2026-01-27,71.0,71.0,69.0999984741211,69.30000305175781,787880
2026-01-28,69.9000015258789,72.69999694824219,69.69999694824219,71.9000015258789,2132911
2026-01-29,72.5999984741211,72.5999984741211,69.0,69.9000015258789,1530202
2026-01-30,69.5,69.69999694824219,65.5999984741211,66.0999984741211,1138766
2026-02-02,65.80000305175781,66.0,64.30000305175781,64.9000015258789,489917
2026-02-03,66.0,66.5,63.59999847412109,65.0999984741211,411300
2026-02-04,64.5999984741211,66.69999694824219,64.4000015258789,66.4000015258789,312053
2026-02-05,66.4000015258789,67.19999694824219,65.5,65.80000305175781,260050
2026-02-06,65.19999694824219,65.19999694824219,62.59999847412109,63.5,516332
2026-02-09,62.0,62.29999923706055,60.0,60.09999847412109,1461200
2026-02-10,60.09999847412109,60.900001525878906,59.5,60.59999847412109,553278
2026-02-11,60.5,60.70000076293945,59.70000076293945,60.0,267056
2026-02-23,60.29999923706055,61.09999847412109,59.400001525878906,60.59999847412109,304225
2026-02-24,61.0,61.70000076293945,60.29999923706055,60.400001525878906,416100
2026-02-25,60.79999923706055,61.09999847412109,60.0,60.20000076293945,452200
2026-02-26,60.29999923706055,62.0,59.900001525878906,61.20000076293945,425193
2026-03-02,60.09999847412109,61.900001525878906,59.400001525878906,61.29999923706055,322000
2026-03-03,61.400001525878906,61.79999923706055,59.5,59.79999923706055,527030
2026-03-04,59.79999923706055,59.79999923706055,56.0,56.0,699001
2026-03-05,57.5,59.400001525878906,57.29999923706055,57.79999923706055,372342
2026-03-06,57.79999923706055,58.59999847412109,57.09999847412109,58.0,283999
2026-03-09,53.20000076293945,54.59999847412109,53.20000076293945,53.79999923706055,650110
2026-03-10,54.79999923706055,55.400001525878906,54.0,54.09999847412109,340287
2026-03-11,54.59999847412109,56.400001525878906,54.59999847412109,56.0,230102
2026-03-12,56.0,56.5,55.5,56.09999847412109,192566
2026-03-13,55.5,56.29999923706055,55.0,55.900001525878906,177200
2026-03-16,56.09999847412109,57.400001525878906,55.0,56.20000076293945,249103
2026-03-17,56.900001525878906,58.400001525878906,56.5,57.5,228018
2026-03-18,58.29999923706055,58.400001525878906,57.59999847412109,57.79999923706055,211434
2026-03-19,57.70000076293945,57.79999923706055,56.5,56.59999847412109,302204
2026-03-20,56.400001525878906,57.0,55.29999923706055,55.70000076293945,281091
2026-03-23,54.29999923706055,55.5,53.79999923706055,53.900001525878906,259224
2026-03-24,55.0,55.29999923706055,53.59999847412109,54.29999923706055,201205
2026-03-25,55.400001525878906,55.5,54.400001525878906,55.5,148203
2026-03-26,55.5,56.20000076293945,55.0,55.0,144107
2026-03-27,54.5,54.70000076293945,53.20000076293945,54.70000076293945,189016
2026-03-30,53.5,53.79999923706055,53.09999847412109,53.79999923706055,200001
2026-03-31,53.09999847412109,53.400001525878906,51.79999923706055,51.79999923706055,334200
2026-04-01,53.5,53.5,52.59999847412109,53.5,149000
2026-04-02,53.70000076293945,53.900001525878906,52.400001525878906,52.59999847412109,132116
2026-04-07,52.79999923706055,53.400001525878906,52.09999847412109,53.0,111834
2026-04-08,53.09999847412109,53.59999847412109,52.400001525878906,52.79999923706055,451044
2026-04-09,53.20000076293945,53.20000076293945,52.20000076293945,52.400001525878906,134029
2026-04-10,52.70000076293945,53.09999847412109,52.400001525878906,52.5,184001
2026-04-13,52.400001525878906,52.59999847412109,52.0,52.20000076293945,163200
2026-04-14,52.5,53.400001525878906,52.400001525878906,53.20000076293945,224201
2026-04-15,53.29999923706055,54.09999847412109,53.29999923706055,53.400001525878906,286152
2026-04-16,54.400001525878906,54.5,53.79999923706055,54.20000076293945,239100
2026-04-17,54.400001525878906,55.79999923706055,54.0,55.09999847412109,399000
2026-04-20,55.20000076293945,55.400001525878906,54.0,54.0,324000
2026-04-21,55.0,55.29999923706055,54.09999847412109,55.0,271020
2026-04-22,55.5,57.5,55.29999923706055,56.79999923706055,596500
2026-04-23,57.400001525878906,58.09999847412109,53.20000076293945,54.20000076293945,684000
2026-04-24,55.0,55.70000076293945,54.0,54.400001525878906,334000
2026-04-27,54.70000076293945,54.79999923706055,52.79999923706055,53.59999847412109,251000
2026-04-28,54.29999923706055,54.5,53.59999847412109,54.20000076293945,141058
2026-04-29,54.20000076293945,54.20000076293945,53.09999847412109,53.70000076293945,216100
2026-04-30,53.70000076293945,54.20000076293945,52.79999923706055,53.29999923706055,494000
2026-05-04,53.5,54.20000076293945,53.09999847412109,53.70000076293945,288029
2026-05-05,53.59999847412109,55.59999847412109,53.59999847412109,55.5,302100
2026-05-06,56.0,56.400001525878906,54.5,54.70000076293945,567313
2026-05-07,54.400001525878906,55.400001525878906,52.900001525878906,54.09999847412109,959402
2026-05-08,54.400001525878906,55.20000076293945,53.0,54.900001525878906,473001
2026-05-11,54.900001525878906,55.900001525878906,54.5,55.29999923706055,468010
2026-05-12,56.20000076293945,56.20000076293945,54.5,55.5,358015
2026-05-13,55.29999923706055,55.29999923706055,53.900001525878906,54.400001525878906,339713
2026-05-14,54.400001525878906,55.20000076293945,54.0,54.400001525878906,335586
2026-05-15,54.79999923706055,55.09999847412109,53.400001525878906,53.5,653025
2026-05-18,53.5,54.09999847412109,52.0,53.900001525878906,342699
2026-05-19,54.09999847412109,55.20000076293945,53.59999847412109,54.20000076293945,350159
2026-05-20,54.20000076293945,54.900001525878906,53.79999923706055,54.70000076293945,486162
2026-05-21,55.09999847412109,56.59999847412109,54.900001525878906,56.5,1408415
2026-05-22,53.59999847412109,53.59999847412109,51.79999923706055,52.79999923706055,906579
2026-05-25,53.70000076293945,55.900001525878906,53.0,54.400001525878906,1187698
2026-05-26,55.09999847412109,59.79999923706055,54.70000076293945,59.79999923706055,3280163
2026-05-27,63.900001525878906,65.69999694824219,60.79999923706055,61.09999847412109,4740198
2026-05-28,59.09999847412109,67.19999694824219,58.59999847412109,65.5999984741211,5092321
2026-05-29,65.5999984741211,71.19999694824219,65.0,68.80000305175781,5443005
2026-06-01,67.0999984741211,67.9000015258789,66.0999984741211,66.69999694824219,1924102
2026-06-02,66.0999984741211,66.19999694824219,61.29999923706055,63.09999847412109,1682250
2026-06-03,63.5,64.69999694824219,61.79999923706055,62.09999847412109,977027
2026-06-04,61.5,63.20000076293945,61.400001525878906,62.29999923706055,465500
2026-06-05,62.70000076293945,62.70000076293945,60.29999923706055,60.59999847412109,543080
2026-06-08,54.79999923706055,56.5,54.59999847412109,56.0,943289
2026-06-09,56.09999847412109,56.70000076293945,55.0,56.0,772026
2026-06-10,55.20000076293945,56.09999847412109,53.0,53.0,609116
2026-06-11,52.900001525878906,54.20000076293945,52.20000076293945,53.400001525878906,315350
2026-06-12,54.29999923706055,56.0,54.20000076293945,55.20000076293945,284005
2026-06-15,55.29999923706055,56.400001525878906,54.70000076293945,55.59999847412109,589565
2026-06-16,56.900001525878906,56.900001525878906,54.59999847412109,55.09999847412109,245008
2026-06-17,55.09999847412109,55.70000076293945,54.79999923706055,55.59999847412109,241025
2026-06-18,56.0,61.09999847412109,56.0,61.09999847412109,1918092
2026-06-22,67.19999694824219,67.19999694824219,66.0,67.19999694824219,2611297
2026-06-23,70.4000015258789,73.9000015258789,67.80000305175781,73.9000015258789,9702018
2026-06-24,71.0999984741211,73.69999694824219,69.5999984741211,71.0999984741211,6472958
2026-06-25,71.5,72.0999984741211,67.5999984741211,68.0,2733315
2026-06-26,66.9000015258789,70.30000305175781,64.4000015258789,65.30000305175781,2341522
2026-06-29,63.400001525878906,64.69999694824219,62.09999847412109,62.70000076293945,832200
2026-06-30,63.0,68.80000305175781,63.0,67.69999694824219,1396130
2026-07-01,68.5,70.0,66.4000015258789,67.0999984741211,1930204
2026-07-02,67.30000305175781,69.69999694824219,66.4000015258789,68.69999694824219,1382600
2026-07-03,67.9000015258789,72.0,67.30000305175781,71.19999694824219,2708372
2026-07-06,71.19999694824219,78.19999694824219,71.0,72.19999694824219,10488177
2026-07-07,73.30000305175781,74.5999984741211,65.9000015258789,65.9000015258789,3355800
2026-07-08,66.0,66.80000305175781,64.19999694824219,65.9000015258789,837050
2026-07-09,67.19999694824219,67.4000015258789,64.0,64.19999694824219,653020
2026-07-10,64.19999694824219,64.19999694824219,64.19999694824219,64.19999694824219,0
2026-07-13,65.30000305175781,65.4000015258789,61.0,61.29999923706055,758509
2026-07-14,61.29999923706055,61.29999923706055,56.20000076293945,58.29999923706055,957830
2026-07-15,59.09999847412109,59.09999847412109,57.400001525878906,58.09999847412109,625050
2026-07-16,58.20000076293945,58.20000076293945,56.70000076293945,56.79999923706055,384070
2026-07-17,56.20000076293945,56.20000076293945,54.09999847412109,54.09999847412109,744285
2026-07-20,54.09999847412109,54.59999847412109,50.5,51.900001525878906,778503
2026-07-21,52.20000076293945,54.09999847412109,52.20000076293945,52.900001525878906,236000
2026-07-22,53.900001525878906,54.900001525878906,53.900001525878906,54.20000076293945,338022
2026-07-23,54.20000076293945,54.70000076293945,52.79999923706055,52.900001525878906,281293
2026-07-24,52.0,52.79999923706055,51.20000076293945,51.70000076293945,331000
2026-07-27,50.79999923706055,51.79999923706055,50.70000076293945,51.20000076293945,230061
2026-07-28,50.70000076293945,50.70000076293945,49.400001525878906,49.45000076293945,399000
2026-07-29,50.29999923706055,50.29999923706055,46.79999923706055,49.0,468581
2026-07-30,48.900001525878906,48.95000076293945,46.650001525878906,46.84999847412109,408001
2026-07-31,49.25,51.400001525878906,48.900001525878906,50.5,316000
2026-08-03,49.59999847412109,52.09999847412109,49.25,51.5,348000
2026-08-04,51.29999923706055,52.0,50.79999923706055,51.20000076293945,194137
2026-08-05,52.400001525878906,52.900001525878906,51.59999847412109,51.59999847412109,464491
2026-08-06,51.20000076293945,51.5,50.09999847412109,51.5,235001
2026-08-07,52.09999847412109,52.09999847412109,49.79999923706055,50.0,327045
2026-08-10,50.5,51.59999847412109,50.5,51.400001525878906,158077
2026-08-11,52.5,52.5,51.20000076293945,51.79999923706055,181150
2026-08-12,52.20000076293945,52.400001525878906,51.70000076293945,52.0,238639
2026-08-13,52.09999847412109,52.70000076293945,51.20000076293945,51.29999923706055,243339
2026-08-14,52.29999923706055,52.29999923706055,50.5,50.70000076293945,283000
2026-08-17,51.400001525878906,51.400001525878906,50.0,50.5,190001
2026-08-18,50.5,51.900001525878906,49.29999923706055,49.29999923706055,353115
2026-08-19,49.150001525878906,50.900001525878906,49.0,49.59999847412109,184000
2026-08-20,50.70000076293945,50.70000076293945,49.400001525878906,49.75,140000
2026-08-21,49.650001525878906,49.95000076293945,49.400001525878906,49.84999847412109,69144
2026-08-24,49.54999923706055,50.20000076293945,49.29999923706055,49.29999923706055,166509
2026-08-25,49.0,49.04999923706055,48.04999923706055,48.84999847412109,203450
2026-08-26,49.04999923706055,50.400001525878906,49.04999923706055,50.20000076293945,226000
2026-08-27,50.20000076293945,50.5,49.59999847412109,49.95000076293945,188700
2026-08-28,50.09999847412109,51.59999847412109,50.09999847412109,50.29999923706055,208002
2026-08-31,50.0,50.0,49.34999847412109,49.54999923706055,137054
2026-09-01,50.09999847412109,50.70000076293945,49.75,49.95000076293945,221066
2026-09-02,50.0,51.0,49.45000076293945,50.20000076293945,182000
2026-09-03,50.29999923706055,50.70000076293945,49.650001525878906,49.650001525878906,243000
2026-09-04,49.70000076293945,49.75,49.0,49.70000076293945,191250
2026-09-07,49.900001525878906,49.900001525878906,49.09999847412109,49.09999847412109,154000
2026-09-08,49.09999847412109,49.84999847412109,47.79999923706055,47.79999923706055,498006
2026-09-09,47.79999923706055,47.79999923706055,47.0,47.29999923706055,282001
2026-09-10,47.09999847412109,47.20000076293945,46.59999847412109,46.70000076293945,297152
2026-09-11,46.59999847412109,46.900001525878906,46.20000076293945,46.70000076293945,175001
2026-09-14,46.29999923706055,46.900001525878906,45.84999847412109,46.5,94000
2026-09-15,46.59999847412109,47.54999923706055,46.5,46.59999847412109,166000
2026-09-16,46.900001525878906,48.25,46.70000076293945,48.09999847412109,144300
2026-09-17,48.34999847412109,48.650001525878906,47.95000076293945,47.95000076293945,156084
2026-09-18,48.59999847412109,48.59999847412109,47.900001525878906,48.20000076293945,153001
2026-09-21,48.900001525878906,49.34999847412109,48.5,49.150001525878906,160115
2026-09-22,49.84999847412109,49.84999847412109,48.650001525878906,48.95000076293945,150000
2026-09-23,49.04999923706055,49.5,48.900001525878906,48.95000076293945,78179
2026-09-24,49.29999923706055,49.34999847412109,48.5,48.70000076293945,70193
2026-09-29,48.70000076293945,50.0,48.70000076293945,49.29999923706055,145856
2026-09-30,49.29999923706055,49.650001525878906,49.20000076293945,49.599998474121094,117535
2026-10-01,49.70000076293945,50.29999923706055,49.599998474121094,49.70000076293945,162000
2026-10-02,50.0,50.5,49.75,50.29999923706055,135100
2026-10-05,50.5,51.400001525878906,50.20000076293945,50.70000076293945,347400
