date,open,high,low,close,volume
2020-01-02,17.47981071472168,17.47981071472168,16.416399002075195,16.61578941345215,215102
2020-01-03,16.61578941345215,16.914873123168945,16.383167266845703,16.416399002075195,133367
2020-01-06,16.1173152923584,16.61578941345215,15.951156616210938,16.31670379638672,66202
2020-01-07,16.582557678222656,16.582557678222656,15.88469409942627,16.1173152923584,89162
2020-01-08,16.017620086669922,16.217010498046875,15.618841171264648,15.685303688049316,115402
2020-01-09,15.751768112182615,16.15054702758789,15.585610389709473,15.784998893737791,57776
2020-01-10,15.784998893737791,15.784998893737791,15.519146919250488,15.519146919250488,93356
2020-01-13,15.618841171264648,15.851462364196776,15.452683448791504,15.585610389709473,59596
2020-01-14,15.585610389709473,15.585610389709473,15.286524772644045,15.485915184020996,99056
2020-01-15,15.485915184020996,15.751768112182615,15.419451713562012,15.452683448791504,44568
2020-01-16,15.552377700805664,15.618841171264648,15.38621997833252,15.585610389709473,37013
2020-01-17,15.685303688049316,17.114261627197266,15.552377700805664,17.114261627197266,415991
2020-01-20,17.280420303344727,17.280420303344727,15.818230628967283,16.017620086669922,342267
2020-01-30,15.452683448791504,15.718536376953123,14.422504425048828,14.68835735321045,216362
2020-01-31,14.488967895507812,15.087136268615724,14.488967895507812,14.754819869995115,104237
2020-02-03,13.392326354980469,14.322810173034668,13.392326354980469,14.023726463317873,73731
2020-02-04,14.621893882751465,14.887746810913086,13.95726203918457,14.887746810913086,30735
2020-02-05,15.053903579711914,15.053903579711914,14.422504425048828,14.887746810913086,35820
2020-02-06,14.72158908843994,15.15359878540039,14.655125617980955,14.920977592468262,52069
2020-02-07,14.821283340454102,14.987441062927246,14.488967895507812,14.488967895507812,40069
2020-02-10,14.256346702575684,14.72158908843994,14.256346702575684,14.522198677062988,30693
2020-02-11,15.120368003845217,15.120368003845217,14.555431365966797,14.920977592468262,30147
2020-02-12,14.68835735321045,14.887746810913086,14.555431365966797,14.588662147521973,77970
2020-02-13,14.588662147521973,14.887746810913086,14.555431365966797,14.887746810913086,27691
2020-02-14,14.854515075683594,15.120368003845217,14.488967895507812,15.020672798156738,75616
2020-02-17,14.72158908843994,14.987441062927246,14.488967895507812,14.621893882751465,67261
2020-02-18,14.588662147521973,14.854515075683594,14.588662147521973,14.78805160522461,34449
2020-02-19,14.854515075683594,14.854515075683594,14.588662147521973,14.588662147521973,33581
2020-02-20,14.621893882751465,14.68835735321045,14.555431365966797,14.68835735321045,50072
2020-02-21,14.887746810913086,14.887746810913086,14.588662147521973,14.754819869995115,42283
2020-02-24,14.621893882751465,14.754819869995115,14.488967895507812,14.488967895507812,22889
2020-02-25,14.45573616027832,14.488967895507812,14.256346702575684,14.422504425048828,51783
2020-02-26,14.72158908843994,14.754819869995115,14.356040954589844,14.488967895507812,16008
2020-02-27,14.488967895507812,14.488967895507812,14.289578437805176,14.289578437805176,33141
2020-03-02,14.256346702575684,14.256346702575684,13.824336051940918,14.023726463317873,51775
2020-03-03,14.023726463317873,14.223114967346191,14.023726463317873,14.123419761657717,16369
2020-03-04,14.023726463317873,14.289578437805176,14.023726463317873,14.1898832321167,24723
2020-03-05,14.1898832321167,14.389272689819336,14.123419761657717,14.322810173034668,21978
2020-03-06,14.223114967346191,14.488967895507812,14.156652450561523,14.389272689819336,14768
2020-03-09,14.023726463317873,14.09018898010254,13.924031257629396,14.09018898010254,73734
2020-03-10,13.492019653320312,13.890798568725586,13.492019653320312,13.824336051940918,54176
2020-03-11,13.658178329467772,13.791104316711426,13.52525234222412,13.52525234222412,69520
2020-03-12,13.226167678833008,13.492019653320312,12.694461822509766,12.694461822509766,115008
2020-03-13,11.863673210144045,12.52830410003662,11.43166160583496,12.52830410003662,137226
2020-03-16,12.52830410003662,12.52830410003662,11.331968307495115,11.365199089050291,76316
2020-03-17,11.265504837036133,11.265504837036133,10.401482582092283,10.667336463928224,114957
2020-03-18,10.667336463928224,11.032882690429688,10.501177787780762,10.700568199157717,69813
2020-03-19,10.36825180053711,10.36825180053711,9.637157440185549,10.002704620361328,238953
2020-03-20,10.700568199157717,10.833494186401367,10.30178928375244,10.600872993469238,71185
2020-03-23,9.969472885131836,10.30178928375244,9.67038917541504,9.803315162658691,37922
2020-03-24,9.470998764038086,10.13563060760498,9.470998764038086,10.13563060760498,82157
2020-03-25,10.36825180053711,10.833494186401367,10.30178928375244,10.667336463928224,56933
2020-03-26,10.667336463928224,10.933189392089844,10.467947006225586,10.933189392089844,24084
2020-03-27,10.667336463928224,10.933189392089844,10.567641258239746,10.667336463928224,62897
2020-03-30,10.467947006225586,10.53441047668457,10.268556594848633,10.36825180053711,43038
2020-03-31,10.467947006225586,10.501177787780762,10.069168090820312,10.30178928375244,74638
2020-04-01,10.36825180053711,10.36825180053711,10.168862342834473,10.30178928375244,32827
2020-04-06,10.30178928375244,10.36825180053711,10.069168090820312,10.30178928375244,38224
2020-04-07,10.235325813293455,10.73379898071289,10.235325813293455,10.63410472869873,85772
2020-04-08,10.434715270996094,10.700568199157717,10.268556594848633,10.667336463928224,78844
2020-04-09,10.501177787780762,10.86672592163086,10.467947006225586,10.73379898071289,40022
2020-04-10,10.567641258239746,10.833494186401367,10.567641258239746,10.800262451171877,18958
2020-04-13,10.800262451171877,10.833494186401367,10.567641258239746,10.800262451171877,47695
2020-04-14,10.800262451171877,11.863673210144045,10.800262451171877,11.863673210144045,293570
2020-04-15,11.83044147491455,12.195988655090332,11.531356811523438,11.863673210144045,216723
2020-04-16,11.83044147491455,11.83044147491455,11.265504837036133,11.365199089050291,52107
2020-04-17,11.531356811523438,12.195988655090332,11.331968307495115,11.365199089050291,154672
2020-04-20,11.365199089050291,11.597820281982422,11.365199089050291,11.56458854675293,13604
2020-04-21,11.498126029968262,11.73074722290039,11.298735618591309,11.56458854675293,86699
2020-04-22,11.199041366577148,11.531356811523438,11.032882690429688,11.531356811523438,52997
2020-04-23,11.498126029968262,11.631052017211914,11.165809631347656,11.46489429473877,31915
2020-04-24,11.498126029968262,11.531356811523438,11.365199089050291,11.531356811523438,22002
2020-04-27,11.631052017211914,11.73074722290039,11.531356811523438,11.66428279876709,71343
2020-04-28,11.79720973968506,11.79720973968506,11.66428279876709,11.697514533996582,22320
2020-04-29,11.697514533996582,11.763978004455566,11.631052017211914,11.697514533996582,37702
2020-04-30,11.763978004455566,12.029830932617188,11.697514533996582,11.930135726928713,81635
2020-05-04,11.132577896118164,11.46489429473877,11.132577896118164,11.43166160583496,42201
2020-05-05,11.398430824279783,11.631052017211914,11.365199089050291,11.43166160583496,34014
2020-05-06,11.46489429473877,11.930135726928713,11.43166160583496,11.697514533996582,104501
2020-05-07,11.66428279876709,12.16275691986084,11.531356811523438,11.896904945373535,86883
2020-05-08,11.930135726928713,12.395378112792969,11.896904945373535,12.362147331237791,124029
2020-05-11,11.96336841583252,12.16275691986084,11.83044147491455,11.996599197387695,107128
2020-05-12,11.996599197387695,12.029830932617188,11.79720973968506,12.029830932617188,42052
2020-05-13,12.029830932617188,12.328914642333984,11.896904945373535,12.063061714172363,86110
2020-05-14,12.063061714172363,12.096294403076172,11.73074722290039,11.83044147491455,41827
2020-05-15,11.83044147491455,11.863673210144045,11.498126029968262,11.498126029968262,60574
2020-05-18,11.46489429473877,11.46489429473877,10.96642017364502,11.23227310180664,84257
2020-05-19,11.365199089050291,11.365199089050291,11.132577896118164,11.265504837036133,29834
2020-05-20,11.298735618591309,11.331968307495115,11.032882690429688,11.23227310180664,42762
2020-05-21,11.298735618591309,11.298735618591309,11.099347114562988,11.199041366577148,40924
2020-05-22,11.199041366577148,11.199041366577148,10.899956703186035,10.999651908874512,58980
2020-05-25,10.800262451171877,11.132577896118164,10.800262451171877,11.132577896118164,31394
2020-05-26,11.132577896118164,11.199041366577148,11.066115379333496,11.132577896118164,20161
2020-05-27,11.199041366577148,11.199041366577148,10.800262451171877,10.999651908874512,42665
2020-05-28,11.066115379333496,11.066115379333496,10.833494186401367,10.999651908874512,34304
2020-05-29,10.899956703186035,11.099347114562988,10.833494186401367,11.099347114562988,26180
2020-06-01,11.099347114562988,11.23227310180664,11.032882690429688,11.099347114562988,36631
2020-06-02,10.86672592163086,11.46489429473877,10.86672592163086,11.265504837036133,62290
2020-06-03,11.132577896118164,11.398430824279783,11.132577896118164,11.398430824279783,31930
2020-06-04,11.398430824279783,11.597820281982422,11.298735618591309,11.498126029968262,54466
2020-06-05,11.498126029968262,11.83044147491455,11.498126029968262,11.763978004455566,48298
2020-06-08,11.763978004455566,11.863673210144045,11.56458854675293,11.83044147491455,45892
2020-06-09,11.96336841583252,11.96336841583252,11.73074722290039,11.83044147491455,39721
2020-06-10,11.79720973968506,11.930135726928713,11.697514533996582,11.863673210144045,34004
2020-06-11,11.763978004455566,11.863673210144045,11.398430824279783,11.498126029968262,84257
2020-06-12,11.099347114562988,11.597820281982422,10.933189392089844,11.597820281982422,40639
2020-06-15,11.631052017211914,11.73074722290039,11.46489429473877,11.597820281982422,24389
2020-06-16,11.79720973968506,11.79720973968506,11.531356811523438,11.73074722290039,27985
2020-06-17,11.697514533996582,11.763978004455566,11.43166160583496,11.697514533996582,68900
2020-06-18,11.697514533996582,11.697514533996582,11.498126029968262,11.697514533996582,28888
2020-06-19,11.73074722290039,11.83044147491455,11.56458854675293,11.66428279876709,66503
2020-06-22,11.631052017211914,12.029830932617188,11.631052017211914,12.029830932617188,57779
2020-06-23,11.96336841583252,12.029830932617188,11.896904945373535,11.96336841583252,45739
2020-06-24,11.66428279876709,11.996599197387695,11.66428279876709,11.96336841583252,49075
2020-06-29,11.930135726928713,12.029830932617188,11.896904945373535,11.930135726928713,25297
2020-06-30,12.129526138305664,12.129526138305664,11.66428279876709,11.79720973968506,91804
2020-07-01,11.73074722290039,11.96336841583252,11.73074722290039,11.930135726928713,27144
2020-07-02,11.930135726928713,11.930135726928713,11.46489429473877,11.697514533996582,119172
2020-07-03,11.697514533996582,11.763978004455566,11.298735618591309,11.298735618591309,251908
2020-07-06,11.298735618591309,12.42860984802246,11.298735618591309,12.42860984802246,473208
2020-07-07,13.591714859008787,13.658178329467772,13.458788871765137,13.658178329467772,375130
2020-07-08,15.020672798156738,15.020672798156738,15.020672798156738,15.020672798156738,246961
2020-07-09,16.516094207763672,16.516094207763672,16.516094207763672,16.516094207763672,160828
2020-07-10,18.14444160461425,18.14444160461425,15.020672798156738,18.14444160461425,2546644
2020-07-13,19.54016876220703,19.54016876220703,16.948104858398438,17.47981071472168,1077442
2020-07-14,17.413345336914062,17.446577072143555,15.751768112182615,16.15054702758789,833366
2020-07-15,15.352989196777344,16.549325942993164,15.253293991088867,15.552377700805664,284187
2020-07-16,15.519146919250488,15.917924880981444,15.352989196777344,15.618841171264648,151061
2020-07-17,15.618841171264648,15.618841171264648,14.056957244873049,14.72158908843994,482374
2020-07-20,14.72158908843994,14.754819869995115,13.2593994140625,13.591714859008787,355129
2020-07-21,13.72464084625244,13.95726203918457,13.292631149291992,13.35909366607666,197568
2020-07-22,13.62494659423828,14.68835735321045,13.591714859008787,14.68835735321045,358818
2020-07-23,14.555431365966797,14.95421028137207,14.256346702575684,14.522198677062988,281284
2020-07-24,14.522198677062988,14.522198677062988,13.95726203918457,13.990493774414062,126710
2020-07-27,12.66123104095459,14.056957244873049,12.66123104095459,13.62494659423828,209740
2020-07-28,13.492019653320312,13.492019653320312,12.461840629577637,12.794157028198242,188743
2020-07-29,12.760926246643066,13.924031257629396,12.694461822509766,13.292631149291992,134209
2020-07-30,13.226167678833008,13.492019653320312,13.126473426818848,13.325861930847168,60484
2020-07-31,13.325861930847168,13.691410064697266,13.060009956359863,13.392326354980469,52360
2020-08-03,13.558483123779297,13.591714859008787,13.226167678833008,13.292631149291992,60785
2020-08-04,13.292631149291992,14.621893882751465,13.2593994140625,14.621893882751465,366566
2020-08-05,14.555431365966797,14.621893882751465,13.658178329467772,14.389272689819336,322751
2020-08-06,14.322810173034668,14.322810173034668,13.95726203918457,13.990493774414062,113145
2020-08-07,13.95726203918457,14.621893882751465,13.924031257629396,14.356040954589844,92849
2020-08-10,14.056957244873049,14.45573616027832,13.990493774414062,14.1898832321167,55369
2020-08-11,13.95726203918457,14.056957244873049,13.824336051940918,13.824336051940918,104300
2020-08-12,13.824336051940918,13.990493774414062,13.757872581481934,13.924031257629396,62891
2020-08-13,13.924031257629396,13.990493774414062,13.72464084625244,13.791104316711426,58982
2020-08-14,13.72464084625244,14.056957244873049,13.458788871765137,13.791104316711426,122944
2020-08-17,13.791104316711426,15.120368003845217,13.791104316711426,14.95421028137207,244045
2020-08-18,15.253293991088867,15.951156616210938,14.854515075683594,15.851462364196776,434140
2020-08-19,15.851462364196776,15.851462364196776,14.655125617980955,14.72158908843994,279629
2020-08-20,14.621893882751465,14.621893882751465,13.558483123779297,13.558483123779297,209928
2020-08-21,13.691410064697266,14.68835735321045,13.691410064697266,14.156652450561523,171825
2020-08-24,14.056957244873049,14.488967895507812,13.791104316711426,14.123419761657717,81249
2020-08-25,14.056957244873049,14.621893882751465,14.056957244873049,14.555431365966797,106849
2020-08-26,14.555431365966797,14.78805160522461,14.1898832321167,14.621893882751465,117073
2020-08-27,14.655125617980955,15.120368003845217,14.555431365966797,14.754819869995115,131305
2020-08-28,14.621893882751465,14.754819869995115,14.322810173034668,14.45573616027832,64095
2020-08-31,14.422504425048828,14.95421028137207,14.356040954589844,14.72158908843994,73727
2020-09-01,14.920977592468262,15.1868314743042,14.45573616027832,14.621893882751465,129709
2020-09-02,14.488967895507812,14.754819869995115,14.289578437805176,14.555431365966797,88772
2020-09-03,14.522198677062988,14.78805160522461,14.522198677062988,14.621893882751465,127589
2020-09-04,14.322810173034668,15.253293991088867,14.322810173034668,15.120368003845217,250484
2020-09-07,15.519146919250488,15.585610389709473,14.95421028137207,14.987441062927246,233814
2020-09-08,14.987441062927246,15.020672798156738,14.655125617980955,14.754819869995115,109594
2020-09-09,14.854515075683594,15.419451713562012,14.322810173034668,15.053903579711914,260897
2020-09-10,14.95421028137207,15.1868314743042,14.887746810913086,14.887746810913086,77336
2020-09-11,14.987441062927246,15.020672798156738,14.588662147521973,14.655125617980955,124279
2020-09-14,14.754819869995115,14.920977592468262,14.45573616027832,14.887746810913086,64396
2020-09-15,15.020672798156738,15.020672798156738,14.588662147521973,14.887746810913086,134287
2020-09-16,14.887746810913086,15.053903579711914,14.45573616027832,14.72158908843994,150190
2020-09-17,14.920977592468262,14.920977592468262,14.588662147521973,14.754819869995115,85761
2020-09-18,14.987441062927246,16.217010498046875,14.754819869995115,16.217010498046875,778297
2020-09-21,17.812124252319336,17.812124252319336,17.34688377380371,17.812124252319336,774802
2020-09-22,17.745662689208984,17.745662689208984,16.61578941345215,17.114261627197266,1255613
2020-09-23,17.114261627197266,18.80907249450684,16.948104858398438,18.80907249450684,1388456
2020-09-24,18.41029357910156,20.670040130615234,17.945051193237305,20.20479965209961,2981704
2020-09-25,19.37401008605957,19.54016876220703,18.21090316772461,18.21090316772461,1780011
2020-09-28,17.778894424438477,18.21090316772461,16.449630737304688,16.948104858398438,643620
2020-09-29,16.948104858398438,16.948104858398438,16.084083557128906,16.15054702758789,321982
2020-09-30,16.283472061157227,17.745662689208984,16.283472061157227,17.745662689208984,665122
2020-10-05,17.745662689208984,19.04169464111328,17.745662689208984,18.41029357910156,675866
2020-10-06,18.80907249450684,18.842304229736328,17.645967483520508,17.945051193237305,398718
2020-10-07,17.280420303344727,17.945051193237305,17.04779815673828,17.380115509033203,290535
2020-10-08,17.34688377380371,17.84535789489746,17.114261627197266,17.413345336914062,315363
2020-10-12,17.745662689208984,17.745662689208984,16.81517791748047,17.247188568115234,296104
2020-10-13,16.682252883911133,17.014568328857422,16.1173152923584,16.48286247253418,381865
2020-10-14,16.283472061157227,16.914873123168945,16.1173152923584,16.781946182250977,221476
2020-10-15,16.61578941345215,17.114261627197266,16.449630737304688,16.881641387939453,305432
2020-10-16,16.881641387939453,17.114261627197266,16.61578941345215,16.748714447021484,287426
2020-10-19,16.649019241333008,16.781946182250977,16.449630737304688,16.449630737304688,191986
2020-10-20,16.34993553161621,16.881641387939453,16.34993553161621,16.48286247253418,142076
2020-10-21,16.449630737304688,16.715482711791992,16.449630737304688,16.48286247253418,205558
2020-10-22,16.383167266845703,16.682252883911133,15.784998893737791,15.784998893737791,406275
2020-10-23,15.718536376953123,16.1173152923584,15.718536376953123,16.017620086669922,95182
2020-10-26,16.1173152923584,16.383167266845703,16.017620086669922,16.050851821899414,132125
2020-10-27,15.851462364196776,16.15054702758789,15.851462364196776,16.050851821899414,126106
2020-10-28,16.1173152923584,16.217010498046875,15.88469409942627,15.88469409942627,149255
2020-10-29,15.618841171264648,15.784998893737791,15.087136268615724,15.784998893737791,155577
2020-10-30,15.352989196777344,15.685303688049316,15.15359878540039,15.15359878540039,153769
2020-11-02,15.15359878540039,15.15359878540039,14.621893882751465,14.821283340454102,120368
2020-11-03,14.821283340454102,15.1868314743042,14.621893882751465,14.987441062927246,80953
2020-11-04,14.887746810913086,15.053903579711914,14.887746810913086,15.053903579711914,32954
2020-11-05,15.053903579711914,15.352989196777344,15.020672798156738,15.286524772644045,69235
2020-11-06,15.253293991088867,15.319757461547852,15.053903579711914,15.253293991088867,101710
2020-11-09,15.286524772644045,15.851462364196776,15.286524772644045,15.65207290649414,165505
2020-11-10,15.784998893737791,16.15054702758789,15.65207290649414,16.1173152923584,175558
2020-11-11,15.685303688049316,16.084083557128906,15.685303688049316,15.685303688049316,124490
2020-11-12,15.65207290649414,15.65207290649414,14.95421028137207,14.987441062927246,179951
2020-11-13,14.95421028137207,15.253293991088867,14.854515075683594,14.854515075683594,118750
2020-11-16,14.887746810913086,15.020672798156738,14.754819869995115,14.95421028137207,91813
2020-11-17,15.1868314743042,15.220062255859377,14.95421028137207,15.1868314743042,125275
2020-11-18,15.220062255859377,16.31670379638672,15.220062255859377,15.951156616210938,239249
2020-11-19,15.818230628967283,16.383167266845703,15.818230628967283,16.31670379638672,242089
2020-11-20,16.283472061157227,16.383167266845703,16.050851821899414,16.250240325927734,160751
2020-11-23,16.34993553161621,16.948104858398438,16.084083557128906,16.881641387939453,528188
2020-11-24,16.948104858398438,17.081031799316406,16.682252883911133,16.715482711791992,356588
2020-11-25,16.81517791748047,16.881641387939453,16.283472061157227,16.283472061157227,239263
2020-11-26,16.283472061157227,16.81517791748047,16.250240325927734,16.283472061157227,217002
2020-11-27,16.582557678222656,16.582557678222656,16.283472061157227,16.449630737304688,77638
2020-11-30,16.715482711791992,16.881641387939453,16.283472061157227,16.283472061157227,197179
2020-12-01,16.383167266845703,16.948104858398438,16.34993553161621,16.948104858398438,229963
2020-12-02,16.914873123168945,17.712430953979492,16.81517791748047,17.34688377380371,704546
2020-12-03,17.280420303344727,17.34688377380371,16.61578941345215,16.61578941345215,295839
2020-12-04,16.61578941345215,16.914873123168945,16.416399002075195,16.61578941345215,197705
2020-12-07,16.449630737304688,16.649019241333008,16.283472061157227,16.48286247253418,150506
2020-12-08,16.61578941345215,16.948104858398438,16.449630737304688,16.781946182250977,217431
2020-12-09,16.881641387939453,17.280420303344727,16.81517791748047,17.18072509765625,301822
2020-12-10,17.04779815673828,17.04779815673828,16.449630737304688,16.781946182250977,367723
2020-12-11,16.283472061157227,16.516094207763672,16.084083557128906,16.250240325927734,287226
2020-12-14,15.951156616210938,16.549325942993164,15.65207290649414,16.34993553161621,264223
2020-12-15,16.050851821899414,16.781946182250977,16.017620086669922,16.34993553161621,201916
2020-12-16,16.449630737304688,16.61578941345215,16.217010498046875,16.34993553161621,167335
2020-12-17,16.31670379638672,16.582557678222656,16.217010498046875,16.383167266845703,123376
2020-12-18,16.34993553161621,16.948104858398438,16.34993553161621,16.948104858398438,336126
2020-12-21,16.948104858398438,17.147493362426758,16.516094207763672,16.881641387939453,272055
2020-12-22,16.649019241333008,16.781946182250977,16.449630737304688,16.449630737304688,119472
2020-12-23,16.48286247253418,16.682252883911133,16.217010498046875,16.383167266845703,175540
2020-12-24,16.416399002075195,16.582557678222656,16.31670379638672,16.516094207763672,142213
2020-12-25,16.61578941345215,16.649019241333008,16.217010498046875,16.283472061157227,271116
2020-12-28,16.283472061157227,16.516094207763672,16.15054702758789,16.48286247253418,177337
2020-12-29,16.516094207763672,17.114261627197266,16.516094207763672,16.81517791748047,392999
2020-12-30,17.114261627197266,18.476757049560547,16.881641387939453,18.476757049560547,1273205
2020-12-31,17.812124252319336,19.274314880371094,17.34688377380371,17.645967483520508,1446997
2021-01-04,17.945051193237305,17.945051193237305,17.213956832885742,17.213956832885742,382339
2021-01-05,17.18072509765625,17.18072509765625,16.449630737304688,16.748714447021484,381324
2021-01-06,16.61578941345215,16.748714447021484,16.250240325927734,16.682252883911133,263054
2021-01-07,16.549325942993164,16.549325942993164,16.383167266845703,16.416399002075195,118606
2021-01-08,16.416399002075195,16.582557678222656,16.34993553161621,16.516094207763672,129396
2021-01-11,16.516094207763672,16.516094207763672,16.31670379638672,16.383167266845703,81488
2021-01-12,16.34993553161621,16.549325942993164,16.283472061157227,16.416399002075195,177241
2021-01-13,16.449630737304688,16.84840965270996,16.416399002075195,16.449630737304688,102011
2021-01-14,16.449630737304688,16.549325942993164,16.34993553161621,16.549325942993164,128191
2021-01-15,16.449630737304688,16.549325942993164,16.1173152923584,16.1173152923584,191200
2021-01-18,16.1173152923584,16.15054702758789,15.851462364196776,15.851462364196776,89798
2021-01-19,15.851462364196776,15.951156616210938,15.718536376953123,15.851462364196776,157079
2021-01-20,15.851462364196776,15.851462364196776,14.987441062927246,15.120368003845217,216450
2021-01-21,15.020672798156738,15.286524772644045,14.95421028137207,14.987441062927246,132785
2021-01-22,14.987441062927246,15.053903579711914,13.52525234222412,14.72158908843994,299115
2021-01-25,14.655125617980955,14.655125617980955,14.123419761657717,14.123419761657717,132735
2021-01-26,14.023726463317873,14.621893882751465,14.023726463317873,14.488967895507812,106224
2021-01-27,14.156652450561523,14.555431365966797,14.123419761657717,14.488967895507812,83354
2021-01-28,14.422504425048828,14.488967895507812,14.1898832321167,14.1898832321167,36742
2021-01-29,14.256346702575684,14.588662147521973,14.123419761657717,14.1898832321167,78240
2021-02-01,13.95726203918457,13.95726203918457,13.52525234222412,13.658178329467772,66875
2021-02-02,13.52525234222412,13.72464084625244,13.026778221130373,13.62494659423828,137230
2021-02-03,13.591714859008787,14.09018898010254,13.591714859008787,13.924031257629396,50284
2021-02-04,13.890798568725586,14.09018898010254,13.824336051940918,13.95726203918457,43394
2021-02-05,13.890798568725586,13.924031257629396,13.62494659423828,13.62494659423828,47884
2021-02-17,13.62494659423828,13.890798568725586,13.62494659423828,13.890798568725586,77640
2021-02-18,13.890798568725586,14.488967895507812,13.85756778717041,14.156652450561523,77941
2021-02-19,14.156652450561523,14.156652450561523,13.990493774414062,14.156652450561523,59904
2021-02-22,14.256346702575684,14.588662147521973,14.156652450561523,14.488967895507812,139388
2021-02-23,14.256346702575684,15.220062255859377,14.256346702575684,15.220062255859377,147525
2021-02-24,15.286524772644045,15.618841171264648,14.821283340454102,14.95421028137207,148659
2021-02-25,14.95421028137207,15.220062255859377,14.95421028137207,14.987441062927246,71021
2021-02-26,14.95421028137207,14.95421028137207,14.72158908843994,14.821283340454102,68253
2021-03-02,14.854515075683594,14.987441062927246,14.289578437805176,14.45573616027832,69514
2021-03-03,14.356040954589844,14.754819869995115,14.356040954589844,14.488967895507812,37618
2021-03-04,14.621893882751465,14.78805160522461,14.389272689819336,14.522198677062988,65308
2021-03-05,14.522198677062988,14.522198677062988,14.322810173034668,14.322810173034668,47286
2021-03-08,14.289578437805176,14.422504425048828,13.691410064697266,13.990493774414062,92694
2021-03-09,14.056957244873049,14.123419761657717,13.824336051940918,14.056957244873049,86627
2021-03-10,14.09018898010254,14.45573616027832,14.09018898010254,14.123419761657717,56897
2021-03-11,14.289578437805176,14.389272689819336,13.95726203918457,13.990493774414062,84603
2021-03-12,14.256346702575684,14.256346702575684,14.056957244873049,14.223114967346191,43939
2021-03-15,14.256346702575684,14.754819869995115,14.223114967346191,14.754819869995115,97593
2021-03-16,14.588662147521973,14.78805160522461,14.488967895507812,14.621893882751465,115289
2021-03-17,14.655125617980955,14.821283340454102,14.389272689819336,14.422504425048828,84954
2021-03-18,14.488967895507812,14.72158908843994,14.45573616027832,14.488967895507812,62711
2021-03-19,14.588662147521973,14.920977592468262,14.555431365966797,14.854515075683594,88818
2021-03-22,14.95421028137207,16.31670379638672,14.95421028137207,16.31670379638672,651187
2021-03-23,16.61578941345215,17.579504013061523,16.34993553161621,16.34993553161621,692237
2021-03-24,16.084083557128906,16.084083557128906,15.685303688049316,15.718536376953123,202006
2021-03-25,15.951156616210938,15.951156616210938,15.552377700805664,15.585610389709473,136918
2021-03-26,15.718536376953123,15.951156616210938,15.618841171264648,15.65207290649414,101814
2021-03-29,15.618841171264648,15.618841171264648,14.78805160522461,14.854515075683594,262701
2021-03-30,14.95421028137207,14.95421028137207,14.322810173034668,14.588662147521973,198028
2021-03-31,14.655125617980955,14.854515075683594,14.588662147521973,14.78805160522461,87109
2021-04-01,14.821283340454102,15.38621997833252,14.72158908843994,14.72158908843994,149907
2021-04-07,14.488967895507812,14.95421028137207,14.488967895507812,14.95421028137207,115854
2021-04-08,14.68835735321045,14.920977592468262,14.655125617980955,14.821283340454102,142803
2021-04-09,14.821283340454102,14.821283340454102,14.488967895507812,14.588662147521973,192911
2021-04-12,14.621893882751465,14.621893882751465,13.95726203918457,14.588662147521973,378520
2021-04-13,14.588662147521973,15.917924880981444,14.555431365966797,15.253293991088867,437860
2021-04-14,15.286524772644045,15.917924880981444,14.655125617980955,15.087136268615724,352147
2021-04-15,15.65207290649414,15.65207290649414,15.020672798156738,15.485915184020996,206598
2021-04-16,15.552377700805664,15.784998893737791,15.286524772644045,15.65207290649414,235420
2021-04-19,15.88469409942627,15.951156616210938,15.452683448791504,15.552377700805664,281091
2021-04-20,15.552377700805664,16.61578941345215,15.552377700805664,16.250240325927734,425185
2021-04-21,16.250240325927734,16.416399002075195,15.618841171264648,16.250240325927734,361560
2021-04-22,16.017620086669922,17.247188568115234,16.017620086669922,16.283472061157227,655521
2021-04-23,16.61578941345215,17.18072509765625,16.283472061157227,16.283472061157227,373773
2021-04-26,16.283472061157227,17.114261627197266,16.283472061157227,16.98133659362793,526456
2021-04-27,17.147493362426758,17.612735748291016,17.014568328857422,17.280420303344727,638564
2021-04-28,17.579504013061523,17.579504013061523,16.81517791748047,16.948104858398438,369568
2021-04-29,16.98133659362793,17.213956832885742,16.61578941345215,16.649019241333008,311971
2021-05-03,16.649019241333008,16.781946182250977,15.951156616210938,15.951156616210938,318767
2021-05-04,15.88469409942627,15.984389305114746,14.655125617980955,15.286524772644045,321731
2021-05-05,15.286524772644045,15.751768112182615,14.95421028137207,15.352989196777344,159798
2021-05-06,15.220062255859377,16.15054702758789,15.087136268615724,15.419451713562012,127735
2021-05-07,15.452683448791504,16.1173152923584,15.452683448791504,16.084083557128906,108355
2021-05-10,16.15054702758789,16.948104858398438,16.1173152923584,16.881641387939453,428748
2021-05-11,16.948104858398438,16.948104858398438,15.618841171264648,15.984389305114746,362366
2021-05-12,15.951156616210938,16.1173152923584,14.422504425048828,14.588662147521973,319605
2021-05-13,13.95726203918457,14.621893882751465,13.292631149291992,14.123419761657717,213953
2021-05-14,13.890798568725586,14.68835735321045,13.890798568725586,13.95726203918457,141146
2021-05-17,12.827388763427734,13.62494659423828,12.561535835266112,12.627999305725098,323553
2021-05-18,12.66123104095459,13.890798568725586,12.66123104095459,13.890798568725586,159818
2021-05-19,12.52830410003662,13.890798568725586,12.52830410003662,12.960314750671388,678677
2021-05-20,12.063061714172363,12.295682907104492,11.66428279876709,11.66428279876709,276857
2021-05-21,11.23227310180664,11.631052017211914,10.501177787780762,10.567641258239746,455891
2021-05-24,10.567641258239746,11.199041366577148,10.501177787780762,11.066115379333496,191686
2021-05-25,11.066115379333496,12.096294403076172,11.066115379333496,11.631052017211914,163399
2021-05-26,11.597820281982422,12.295682907104492,11.398430824279783,12.029830932617188,64284
2021-05-27,11.531356811523438,12.029830932617188,11.531356811523438,11.631052017211914,57565
2021-05-28,11.66428279876709,11.66428279876709,11.265504837036133,11.531356811523438,77337
2021-05-31,11.531356811523438,11.56458854675293,10.899956703186035,11.331968307495115,47777
2021-06-01,11.331968307495115,11.43166160583496,11.099347114562988,11.43166160583496,21679
2021-06-02,11.132577896118164,11.298735618591309,10.899956703186035,11.199041366577148,73425
2021-06-03,11.165809631347656,11.43166160583496,10.96642017364502,11.43166160583496,78840
2021-06-04,11.298735618591309,11.43166160583496,10.96642017364502,11.23227310180664,84859
2021-06-07,11.032882690429688,11.066115379333496,10.833494186401367,10.999651908874512,31927
2021-06-08,10.999651908874512,11.23227310180664,10.96642017364502,10.96642017364502,37615
2021-06-09,10.800262451171877,11.066115379333496,10.800262451171877,10.833494186401367,49350
2021-06-10,10.667336463928224,10.96642017364502,10.667336463928224,10.833494186401367,23471
2021-06-11,10.600872993469238,10.899956703186035,10.600872993469238,10.73379898071289,31898
2021-06-15,10.700568199157717,11.199041366577148,10.467947006225586,10.933189392089844,54888
2021-06-16,10.933189392089844,10.96642017364502,10.567641258239746,10.86672592163086,70450
2021-06-17,10.86672592163086,10.933189392089844,10.63410472869873,10.899956703186035,52962
2021-06-18,10.667336463928224,10.899956703186035,10.667336463928224,10.73379898071289,37615
2021-06-21,10.667336463928224,10.933189392089844,10.63410472869873,10.767030715942385,36412
2021-06-22,10.767030715942385,10.767030715942385,10.567641258239746,10.700568199157717,59930
2021-06-23,10.899956703186035,10.96642017364502,10.467947006225586,10.600872993469238,71668
2021-06-24,10.600872993469238,10.700568199157717,10.567641258239746,10.63410472869873,95091
2021-06-25,10.933189392089844,10.933189392089844,10.13563060760498,10.63410472869873,87416
2021-06-28,10.567641258239746,10.600872993469238,10.235325813293455,10.434715270996094,105943
2021-06-29,10.467947006225586,10.63410472869873,10.434715270996094,10.600872993469238,114838
2021-06-30,10.63410472869873,10.767030715942385,10.600872993469238,10.600872993469238,61111
2021-07-01,10.96642017364502,11.631052017211914,10.86672592163086,11.631052017211914,271792
2021-07-02,12.063061714172363,12.794157028198242,11.96336841583252,12.594767570495604,415638
2021-07-05,12.760926246643066,13.2593994140625,12.16275691986084,12.927083015441896,194122
2021-07-06,13.126473426818848,13.159704208374023,12.262452125549316,12.89385223388672,99435
2021-07-07,12.627999305725098,12.760926246643066,12.328914642333984,12.42860984802246,68310
2021-07-08,12.561535835266112,12.694461822509766,11.96336841583252,12.195988655090332,63256
2021-07-09,12.395378112792969,12.594767570495604,11.96336841583252,12.195988655090332,73602
2021-07-12,12.295682907104492,12.461840629577637,12.029830932617188,12.328914642333984,63357
2021-07-13,12.495073318481444,12.495073318481444,11.896904945373535,11.896904945373535,37405
2021-07-14,11.896904945373535,11.996599197387695,11.66428279876709,11.73074722290039,29189
2021-07-15,12.096294403076172,12.495073318481444,11.66428279876709,12.42860984802246,68038
2021-07-16,12.42860984802246,12.42860984802246,11.631052017211914,12.16275691986084,46648
2021-07-19,12.16275691986084,12.395378112792969,11.96336841583252,12.063061714172363,38887
2021-07-20,12.063061714172363,12.063061714172363,11.79720973968506,11.96336841583252,34403
2021-07-21,12.395378112792969,12.395378112792969,11.996599197387695,12.063061714172363,46881
2021-07-22,12.063061714172363,12.063061714172363,11.930135726928713,11.96336841583252,25879
2021-07-23,11.996599197387695,12.063061714172363,11.697514533996582,12.063061714172363,27719
2021-07-26,11.79720973968506,12.42860984802246,11.73074722290039,12.328914642333984,61086
2021-07-27,12.029830932617188,12.129526138305664,11.96336841583252,11.96336841583252,21982
2021-07-28,11.930135726928713,11.930135726928713,11.066115379333496,11.43166160583496,29441
2021-07-29,11.631052017211914,11.763978004455566,11.631052017211914,11.73074722290039,9030
2021-07-30,11.531356811523438,11.763978004455566,11.531356811523438,11.763978004455566,12638
2021-08-02,11.763978004455566,12.195988655090332,11.763978004455566,11.96336841583252,20340
2021-08-03,11.96336841583252,11.96336841583252,11.697514533996582,11.863673210144045,25900
2021-08-04,12.129526138305664,12.262452125549316,11.631052017211914,11.79720973968506,24422
2021-08-05,11.79720973968506,11.83044147491455,11.46489429473877,11.79720973968506,42709
2021-08-06,11.79720973968506,11.896904945373535,11.631052017211914,11.896904945373535,7564
2021-08-09,11.896904945373535,12.029830932617188,11.631052017211914,11.631052017211914,18657
2021-08-10,11.631052017211914,11.631052017211914,11.631052017211914,11.631052017211914,15045
2021-08-11,11.66428279876709,11.96336841583252,11.631052017211914,11.631052017211914,21365
2021-08-12,11.631052017211914,11.83044147491455,11.631052017211914,11.79720973968506,14895
2021-08-13,11.531356811523438,11.930135726928713,11.531356811523438,11.930135726928713,8125
2021-08-16,11.930135726928713,11.96336841583252,11.56458854675293,11.66428279876709,8215
2021-08-17,11.365199089050291,11.631052017211914,11.331968307495115,11.631052017211914,12036
2021-08-18,11.597820281982422,11.73074722290039,11.46489429473877,11.73074722290039,11136
2021-08-19,11.66428279876709,11.66428279876709,11.531356811523438,11.531356811523438,21366
2021-08-20,11.531356811523438,11.631052017211914,11.165809631347656,11.46489429473877,26210
2021-08-23,11.46489429473877,11.46489429473877,10.96642017364502,11.46489429473877,14144
2021-08-24,11.46489429473877,11.46489429473877,11.066115379333496,11.43166160583496,12939
2021-08-25,11.298735618591309,11.43166160583496,11.298735618591309,11.43166160583496,14746
2021-08-26,11.066115379333496,11.398430824279783,11.066115379333496,11.398430824279783,6019
2021-08-27,11.398430824279783,11.531356811523438,11.23227310180664,11.531356811523438,5717
2021-08-30,11.531356811523438,11.66428279876709,11.199041366577148,11.66428279876709,9931
2021-08-31,11.298735618591309,11.531356811523438,10.53441047668457,11.43166160583496,52721
2021-09-01,11.132577896118164,11.298735618591309,10.833494186401367,11.199041366577148,29189
2021-09-02,11.066115379333496,11.199041366577148,10.86672592163086,11.199041366577148,20853
2021-09-03,11.032882690429688,11.165809631347656,11.032882690429688,11.165809631347656,7041
2021-09-06,10.86672592163086,10.999651908874512,10.73379898071289,10.999651908874512,25878
2021-09-07,10.567641258239746,10.96642017364502,10.567641258239746,10.933189392089844,25879
2021-09-08,10.467947006225586,10.86672592163086,10.467947006225586,10.567641258239746,10833
2021-09-09,10.36825180053711,10.700568199157717,10.36825180053711,10.600872993469238,35250
2021-09-10,10.600872993469238,10.899956703186035,10.600872993469238,10.63410472869873,12254
2021-09-13,10.63410472869873,10.800262451171877,10.467947006225586,10.700568199157717,18078
2021-09-14,10.667336463928224,10.700568199157717,10.667336463928224,10.667336463928224,33101
2021-09-15,10.567641258239746,10.700568199157717,10.467947006225586,10.700568199157717,15347
2021-09-16,10.800262451171877,10.96642017364502,10.501177787780762,10.86672592163086,16851
2021-09-17,10.700568199157717,10.800262451171877,10.600872993469238,10.800262451171877,28287
2021-09-22,10.501177787780762,10.600872993469238,10.467947006225586,10.600872993469238,12337
2021-09-23,10.600872993469238,10.96642017364502,10.600872993469238,10.667336463928224,19591
2021-09-24,10.700568199157717,11.23227310180664,10.667336463928224,11.23227310180664,10893
2021-09-27,10.999651908874512,11.099347114562988,10.899956703186035,10.899956703186035,14757
2021-09-28,11.099347114562988,11.099347114562988,10.899956703186035,10.933189392089844,3912
2021-09-29,10.933189392089844,10.96642017364502,10.800262451171877,10.86672592163086,20209
2021-09-30,10.63410472869873,11.132577896118164,10.53441047668457,11.132577896118164,23472
2021-10-01,11.066115379333496,11.099347114562988,10.567641258239746,10.600872993469238,21666
2021-10-04,10.600872993469238,10.600872993469238,10.401482582092283,10.467947006225586,12939
2021-10-05,10.467947006225586,10.63410472869873,10.30178928375244,10.401482582092283,25578
2021-10-06,10.30178928375244,10.401482582092283,9.969472885131836,10.268556594848633,52389
2021-10-07,10.30178928375244,10.63410472869873,10.30178928375244,10.401482582092283,26482
2021-10-08,10.467947006225586,10.833494186401367,10.467947006225586,10.833494186401367,6319
2021-10-12,10.833494186401367,10.833494186401367,10.36825180053711,10.600872993469238,35269
2021-10-13,10.36825180053711,10.467947006225586,10.36825180053711,10.467947006225586,8439
2021-10-14,10.667336463928224,10.667336463928224,10.30178928375244,10.600872993469238,5117
2021-10-15,10.268556594848633,10.767030715942385,10.268556594848633,10.767030715942385,7523
2021-10-18,10.800262451171877,11.531356811523438,10.73379898071289,11.032882690429688,37013
2021-10-19,10.63410472869873,10.96642017364502,10.567641258239746,10.800262451171877,9933
2021-10-20,10.53441047668457,10.800262451171877,10.53441047668457,10.800262451171877,5416
2021-10-21,10.63410472869873,10.767030715942385,10.501177787780762,10.63410472869873,5717
2021-10-22,10.600872993469238,10.800262451171877,10.53441047668457,10.800262451171877,10232
2021-10-25,10.800262451171877,10.800262451171877,10.700568199157717,10.700568199157717,4817
2021-10-26,10.53441047668457,10.800262451171877,10.53441047668457,10.800262451171877,12037
2021-10-27,10.800262451171877,10.899956703186035,10.63410472869873,10.86672592163086,39420
2021-10-28,10.63410472869873,11.032882690429688,10.63410472869873,10.933189392089844,32800
2021-10-29,10.667336463928224,10.933189392089844,10.667336463928224,10.899956703186035,13566
2021-11-01,10.899956703186035,11.199041366577148,10.800262451171877,11.165809631347656,31721
2021-11-02,11.165809631347656,11.165809631347656,10.73379898071289,11.066115379333496,22619
2021-11-03,11.066115379333496,11.132577896118164,10.96642017364502,11.066115379333496,29194
2021-11-04,10.73379898071289,11.365199089050291,10.73379898071289,11.23227310180664,34307
2021-11-05,11.23227310180664,12.328914642333984,11.23227310180664,12.328914642333984,462548
2021-11-08,12.627999305725098,13.558483123779297,12.627999305725098,13.35909366607666,491140
2021-11-09,13.392326354980469,14.289578437805176,13.35909366607666,13.35909366607666,130022
2021-11-10,13.292631149291992,13.591714859008787,12.694461822509766,13.292631149291992,142756
2021-11-11,12.66123104095459,13.392326354980469,12.66123104095459,12.960314750671388,52668
2021-11-12,13.126473426818848,13.126473426818848,11.996599197387695,12.129526138305664,68050
2021-11-15,12.295682907104492,13.2593994140625,12.096294403076172,13.2593994140625,74055
2021-11-16,13.2593994140625,13.2593994140625,12.295682907104492,12.627999305725098,152942
2021-11-17,12.627999305725098,13.09324073791504,12.328914642333984,12.561535835266112,45474
2021-11-18,12.561532974243164,12.561532974243164,12.561532974243164,12.561532974243164,0
2021-11-19,12.561532974243164,12.561532974243164,12.561532974243164,12.561532974243164,0
2021-11-22,12.561532974243164,12.561532974243164,12.561532974243164,12.561532974243164,0
2021-11-23,12.561532974243164,12.561532974243164,12.561532974243164,12.561532974243164,0
2021-11-24,12.561532974243164,12.561532974243164,12.561532974243164,12.561532974243164,0
2021-11-25,12.561532974243164,12.561532974243164,12.561532974243164,12.561532974243164,0
2021-11-26,12.561532974243164,12.561532974243164,12.561532974243164,12.561532974243164,0
2021-11-29,12.888888359069824,12.888888359069824,11.355554580688477,11.466666221618652,69231
2021-11-30,11.755555152893066,11.755555152893066,10.688887596130373,11.466666221618652,69962
2021-12-01,11.0,11.177777290344238,10.911110877990724,11.11111068725586,55842
2021-12-02,11.222222328186035,11.266666412353516,11.066665649414062,11.15555477142334,34417
2021-12-03,11.222222328186035,11.288887977600098,11.15555477142334,11.222222328186035,30958
2021-12-06,11.15555477142334,11.55555534362793,10.977776527404783,11.55555534362793,34288
2021-12-07,11.11111068725586,11.355554580688477,11.066665649414062,11.355554580688477,30672
2021-12-08,11.51111125946045,11.51111125946045,11.08888816833496,11.11111068725586,12050
2021-12-09,11.133333206176758,11.377777099609377,11.066665649414062,11.066665649414062,19434
2021-12-10,11.066665649414062,11.066665649414062,10.955554962158203,11.0,39718
2021-12-13,10.93333339691162,11.0,10.777776718139648,10.777776718139648,31820
2021-12-14,11.288887977600098,11.288887977600098,10.888888359069824,11.11111068725586,29575
2021-12-15,10.800000190734863,10.822221755981444,10.444443702697754,10.666666030883787,46856
2021-12-16,10.977776527404783,10.977776527404783,10.644444465637209,10.711111068725586,14189
2021-12-17,10.711111068725586,10.755555152893066,10.666666030883787,10.666666030883787,17445
2021-12-20,10.688887596130373,10.733332633972168,10.466666221618652,10.666666030883787,28487
2021-12-21,10.911110877990724,10.911110877990724,10.488887786865234,10.888888359069824,17262
2021-12-22,11.11111068725586,11.11111068725586,10.844444274902344,10.888888359069824,14988
2021-12-23,11.08888816833496,11.11111068725586,10.844444274902344,10.844444274902344,15851
2021-12-24,10.844444274902344,11.0,10.622221946716309,10.733332633972168,52743
2021-12-27,10.777776718139648,10.888888359069824,10.733332633972168,10.733332633972168,18005
2021-12-28,10.888888359069824,11.022221565246582,10.777776718139648,10.93333339691162,49491
2021-12-29,10.888888359069824,11.066665649414062,10.822221755981444,10.822221755981444,10736
2021-12-30,10.844444274902344,11.244443893432615,10.822221755981444,11.066665649414062,64582
2022-01-03,11.066665649414062,12.15555477142334,11.066665649414062,12.15555477142334,363123
2022-01-04,12.133333206176758,13.333333015441896,11.755555152893066,13.333333015441896,360137
2022-01-05,13.355554580688477,14.177777290344238,13.333333015441896,13.688887596130373,390163
2022-01-06,13.688887596130373,14.0,12.911110877990724,13.333333015441896,161674
2022-01-07,13.333333015441896,13.644444465637209,12.51111125946045,12.977776527404783,87595
2022-01-10,12.93333339691162,12.93333339691162,12.244443893432615,12.355554580688477,87512
2022-01-11,12.355554580688477,12.399999618530272,12.133333206176758,12.266666412353516,26770
2022-01-12,12.266666412353516,12.266666412353516,11.888888359069824,11.888888359069824,20239
2022-01-13,11.888888359069824,12.51111125946045,11.844444274902344,12.08888816833496,28430
2022-01-14,12.08888816833496,12.11111068725586,11.466666221618652,11.55555534362793,25866
2022-01-17,11.55555534362793,11.55555534362793,11.288887977600098,11.333333015441896,18141
2022-01-18,11.777776718139648,11.777776718139648,11.15555477142334,11.444443702697754,35035
2022-01-19,11.355554580688477,11.422222137451172,11.333333015441896,11.422222137451172,12450
2022-01-20,11.422222137451172,11.777776718139648,11.244443893432615,11.777776718139648,64040
2022-01-21,11.488887786865234,11.577776908874512,11.466666221618652,11.466666221618652,25351
2022-01-24,11.777776718139648,11.777776718139648,11.355554580688477,11.688887596130373,10808
2022-01-25,11.688887596130373,11.688887596130373,11.244443893432615,11.333333015441896,21658
2022-01-26,11.311111450195312,11.444443702697754,11.266666412353516,11.444443702697754,19951
2022-02-07,11.755555152893066,11.755555152893066,11.288887977600098,11.533332824707031,19491
2022-02-08,11.533332824707031,11.55555534362793,11.355554580688477,11.55555534362793,15312
2022-02-09,11.55555534362793,11.822221755981444,11.55555534362793,11.711111068725586,16076
2022-02-10,11.711111068725586,11.733332633972168,11.622221946716309,11.644444465637209,11100
2022-02-11,11.911110877990724,11.911110877990724,11.177777290344238,11.444443702697754,20007
2022-02-14,10.888888359069824,11.422222137451172,10.888888359069824,11.15555477142334,37943
2022-02-15,11.15555477142334,11.333333015441896,11.15555477142334,11.222222328186035,20498
2022-02-16,11.266666412353516,11.444443702697754,11.244443893432615,11.377777099609377,12459
2022-02-17,11.377777099609377,11.51111125946045,11.15555477142334,11.288887977600098,20861
2022-02-18,11.08888816833496,11.266666412353516,11.08888816833496,11.133333206176758,54101
2022-02-21,11.133333206176758,11.422222137451172,11.11111068725586,11.244443893432615,13809
2022-02-22,11.244443893432615,11.466666221618652,11.15555477142334,11.222222328186035,6909
2022-02-23,11.222222328186035,11.222222328186035,11.199999809265137,11.199999809265137,14721
2022-02-24,11.199999809265137,11.199999809265137,11.08888816833496,11.15555477142334,32852
2022-02-25,11.15555477142334,11.288887977600098,11.15555477142334,11.288887977600098,11446
2022-03-01,11.288887977600098,11.288887977600098,11.133333206176758,11.288887977600098,5724
2022-03-02,11.288887977600098,11.288887977600098,10.955554962158203,11.266666412353516,28366
2022-03-03,11.266666412353516,11.311111450195312,11.15555477142334,11.15555477142334,18036
2022-03-04,11.15555477142334,11.15555477142334,11.066665649414062,11.11111068725586,31200
2022-03-07,11.11111068725586,11.133333206176758,10.844444274902344,10.888888359069824,59096
2022-03-08,10.866665840148926,10.888888359069824,10.577776908874512,10.577776908874512,18106
2022-03-09,10.577776908874512,10.888888359069824,10.577776908874512,10.777776718139648,13524
2022-03-10,10.777776718139648,11.0,10.666666030883787,10.822221755981444,9904
2022-03-11,10.822221755981444,10.822221755981444,10.711111068725586,10.777776718139648,15444
2022-03-14,10.777776718139648,10.822221755981444,10.733332633972168,10.733332633972168,15404
2022-03-15,10.733332633972168,10.777776718139648,10.733332633972168,10.755555152893066,10821
2022-03-16,10.777776718139648,11.0,10.755555152893066,10.755555152893066,17850
2022-03-17,10.755555152893066,10.800000190734863,10.755555152893066,10.777776718139648,6504
2022-03-18,10.777776718139648,10.93333339691162,10.777776718139648,10.777776718139648,8609
2022-03-21,10.777776718139648,11.222222328186035,10.777776718139648,11.199999809265137,39335
2022-03-22,11.199999809265137,11.822221755981444,11.11111068725586,11.55555534362793,51603
2022-03-23,11.488887786865234,11.777776718139648,11.488887786865234,11.55555534362793,19722
2022-03-24,11.55555534362793,11.644444465637209,11.51111125946045,11.533332824707031,15127
2022-03-25,11.533332824707031,11.911110877990724,11.377777099609377,11.911110877990724,13350
2022-03-28,11.866665840148926,11.911110877990724,11.688887596130373,11.888888359069824,51127
2022-03-29,11.888888359069824,11.888888359069824,11.55555534362793,11.55555534362793,38166
2022-03-30,11.55555534362793,11.800000190734863,11.55555534362793,11.800000190734863,43508
2022-03-31,11.800000190734863,11.800000190734863,11.688887596130373,11.688887596130373,9260
2022-04-01,11.688887596130373,11.844444274902344,11.688887596130373,11.755555152893066,51517
2022-04-06,11.755555152893066,11.888888359069824,11.622221946716309,11.822221755981444,36093
2022-04-07,11.822221755981444,11.888888359069824,11.733332633972168,11.755555152893066,43220
2022-04-08,11.755555152893066,12.11111068725586,11.733332633972168,12.11111068725586,55521
2022-04-11,12.11111068725586,13.066665649414062,12.11111068725586,12.800000190734863,107872
2022-04-12,13.199999809265137,13.199999809265137,12.177777290344238,12.55555534362793,108686
2022-04-13,12.533332824707031,12.733332633972168,12.377777099609377,12.733332633972168,29772
2022-04-14,12.711111068725586,12.711111068725586,12.15555477142334,12.288887977600098,40813
2022-04-15,12.288887977600098,12.288887977600098,12.0,12.177777290344238,14107
2022-04-18,12.222222328186035,12.222222328186035,12.022221565246582,12.04444408416748,30651
2022-04-19,12.04444408416748,12.444443702697754,12.04444408416748,12.333333015441896,18300
2022-04-20,12.311111450195312,12.333333015441896,12.08888816833496,12.08888816833496,27604
2022-04-21,12.08888816833496,12.333333015441896,11.93333339691162,12.199999809265137,51757
2022-04-22,12.199999809265137,12.222222328186035,12.0,12.222222328186035,10659
2022-04-25,12.199999809265137,12.222222328186035,11.911110877990724,12.0,17741
2022-04-26,12.022221565246582,12.222222328186035,12.0,12.222222328186035,32971
2022-04-27,12.222222328186035,12.222222328186035,11.866665840148926,11.888888359069824,73003
2022-04-28,11.888888359069824,11.93333339691162,11.888888359069824,11.911110877990724,39150
2022-04-29,12.0,12.355554580688477,12.0,12.08888816833496,10800
2022-05-03,12.08888816833496,12.644444465637209,12.08888816833496,12.222222328186035,28050
2022-05-04,12.222222328186035,12.444443702697754,12.177777290344238,12.266666412353516,13050
2022-05-05,12.355554580688477,12.777776718139648,12.355554580688477,12.622221946716309,31309
2022-05-06,12.355554580688477,13.177777290344238,12.355554580688477,13.177777290344238,67052
2022-05-09,12.822221755981444,13.311111450195312,12.800000190734863,12.888888359069824,63607
2022-05-10,12.888888359069824,13.08888816833496,12.333333015441896,13.0,22511
2022-05-11,13.0,13.244443893432615,13.0,13.04444408416748,37499
2022-05-12,13.04444408416748,13.244443893432615,12.466666221618652,13.11111068725586,65706
2022-05-13,12.977776527404783,13.55555534362793,12.977776527404783,13.51111125946045,204005
2022-05-16,13.733332633972168,13.733332633972168,13.288887977600098,13.466666221618652,76500
2022-05-17,13.55555534362793,13.600000381469728,13.311111450195312,13.333333015441896,167427
2022-05-18,13.311111450195312,13.355554580688477,12.888888359069824,13.311111450195312,104700
2022-05-19,12.644444465637209,13.133333206176758,12.533332824707031,12.733332633972168,209382
2022-05-20,12.733332633972168,12.733332633972168,12.15555477142334,12.244443893432615,197100
2022-05-23,12.244443893432615,12.333333015441896,12.066665649414062,12.288887977600098,75694
2022-05-24,12.333333015441896,13.377777099609377,12.333333015441896,13.11111068725586,232097
2022-05-25,12.822221755981444,13.0,12.777776718139648,12.977776527404783,140119
2022-05-26,13.266666412353516,13.266666412353516,12.866665840148926,12.888888359069824,96750
2022-05-27,12.911110877990724,13.0,12.888888359069824,12.977776527404783,42366
2022-05-30,12.977776527404783,13.199999809265137,12.888888359069824,12.888888359069824,133560
2022-05-31,12.888888359069824,13.04444408416748,12.888888359069824,12.93333339691162,35237
2022-06-01,13.0,13.0,12.755555152893066,12.755555152893066,26333
2022-06-02,12.755555152893066,12.911110877990724,12.444443702697754,12.911110877990724,60737
2022-06-06,12.888888359069824,12.93333339691162,12.777776718139648,12.93333339691162,62554
2022-06-07,12.955554962158203,13.55555534362793,12.955554962158203,13.55555534362793,251023
2022-06-08,13.644444465637209,14.911110877990724,13.644444465637209,14.911110877990724,822287
2022-06-09,15.444443702697754,16.399999618530273,15.333333015441896,16.399999618530273,1516867
2022-06-10,17.22222137451172,18.0222225189209,17.22222137451172,18.0222225189209,2620329
2022-06-13,17.933332443237305,19.822221755981445,17.333332061767578,19.55555534362793,4347195
2022-06-14,18.66666603088379,18.66666603088379,17.622222900390625,18.066665649414062,1980776
2022-06-15,18.44444465637207,18.44444465637207,17.266666412353516,17.333332061767578,1039148
2022-06-16,17.55555534362793,17.55555534362793,16.55555534362793,16.55555534362793,801980
2022-06-17,16.044443130493164,16.55555534362793,15.55555534362793,16.55555534362793,763841
2022-06-20,15.888888359069824,16.311111450195312,15.777776718139648,15.777776718139648,540134
2022-06-21,16.0,17.355554580688477,16.0,17.355554580688477,479455
2022-06-22,17.355554580688477,17.355554580688477,16.22222137451172,16.55555534362793,490081
2022-06-23,16.311111450195312,17.266666412353516,16.311111450195312,16.844444274902344,358836
2022-06-24,16.9777774810791,18.39999961853028,16.9777774810791,17.888887405395508,697043
2022-06-27,18.44444465637207,18.799999237060547,17.422222137451172,18.13333320617676,800869
2022-06-28,17.75555419921875,18.22222137451172,17.75555419921875,18.22222137451172,515157
2022-06-29,18.22222137451172,18.55555534362793,17.77777671813965,17.77777671813965,717823
2022-06-30,17.799999237060547,17.822221755981445,16.0,16.55555534362793,1263151
2022-07-01,16.44444465637207,16.75555419921875,15.55555534362793,15.55555534362793,422141
2022-07-04,15.55555534362793,16.44444465637207,15.55555534362793,16.22222137451172,349681
2022-07-05,16.511110305786133,17.844444274902344,16.511110305786133,17.844444274902344,975347
2022-07-06,17.866666793823242,19.622222900390625,17.866666793823242,19.622222900390625,2997508
2022-07-07,20.600000381469727,21.55555534362793,18.91111183166504,21.511110305786133,4180122
2022-07-08,21.26666641235352,21.42222213745117,20.0,20.11111068725586,2819616
2022-07-11,20.26666641235352,20.933332443237305,19.0,19.888887405395508,1651387
2022-07-12,19.28888893127441,19.66666603088379,18.66666603088379,18.688888549804688,1257686
2022-07-13,19.86666679382324,20.17777633666992,19.13333320617676,19.28888893127441,906072
2022-07-14,18.9777774810791,19.688888549804688,18.42222213745117,19.33333206176757,876489
2022-07-15,18.91111183166504,19.55555534362793,18.688888549804688,18.933332443237305,632327
2022-07-18,19.244443893432617,19.733333587646484,18.844444274902344,19.64444351196289,861367
2022-07-19,19.55555534362793,20.75555419921875,19.244443893432617,20.66666603088379,1302521
2022-07-20,20.888887405395508,21.711111068725582,19.733333587646484,20.28888893127441,1397685
2022-07-21,20.511110305786133,20.511110305786133,19.577777862548828,19.688888549804688,1017452
2022-07-22,19.91111183166504,19.955554962158203,19.44444465637207,19.622222900390625,502351
2022-07-25,19.733333587646484,21.577777862548828,19.466665267944336,21.577777862548828,1868794
2022-07-26,22.888887405395508,23.66666603088379,22.77777671813965,23.66666603088379,5032219
2022-07-27,23.0,25.55555534362793,22.66666603088379,24.0,5671725
2022-07-28,24.0,24.44444465637207,22.66666603088379,23.0,2816778
2022-07-29,23.22222137451172,25.22222137451172,22.66666603088379,25.22222137451172,4145499
2022-08-01,26.33333206176757,27.66666603088379,26.0,27.66666603088379,4156586
2022-08-02,29.66666603088379,29.66666603088379,26.66666603088379,27.77777671813965,6963972
2022-08-03,27.55555534362793,28.44444465637207,26.22222137451172,27.0,2970679
2022-08-04,27.44444465637207,28.0,25.33333206176757,26.55555534362793,2884135
2022-08-05,27.44444465637207,29.11111068725586,26.44444465637207,29.11111068725586,3363476
2022-08-08,30.0,32.0,29.77777671813965,32.0,5700202
2022-08-09,31.77777671813965,32.5555534362793,29.888887405395508,31.77777671813965,4001358
2022-08-10,31.11111068725586,32.22222137451172,30.44444465637207,30.888887405395508,2273143
2022-08-11,32.0,32.22222137451172,30.33333206176757,30.888887405395508,2188884
2022-08-12,30.66666603088379,31.22222137451172,29.66666603088379,29.66666603088379,2356498
2022-08-15,30.55555534362793,32.5555534362793,30.0,32.5555534362793,4387906
2022-08-16,34.0,35.77777862548828,32.88888931274414,34.22222137451172,6030325
2022-08-17,32.66666412353516,35.11111068725586,32.33333206176758,35.0,3287386
2022-08-18,34.44444274902344,35.22222137451172,33.66666412353516,33.66666412353516,2600839
2022-08-19,34.44444274902344,34.44444274902344,33.33333206176758,33.33333206176758,1682130
2022-08-22,33.33333206176758,34.66666412353516,32.44444274902344,33.77777862548828,1314000
2022-08-23,34.11111068725586,34.22222137451172,32.88888931274414,33.33333206176758,1253629
2022-08-24,33.77777862548828,36.66666412353516,33.5555534362793,34.88888931274414,5051615
2022-08-25,34.44444274902344,34.5555534362793,33.22222137451172,33.33333206176758,3758794
2022-08-26,33.33333206176758,34.0,31.888887405395508,32.22222137451172,2719104
2022-08-29,30.66666603088379,30.888887405395508,29.11111068725586,29.55555534362793,2498634
2022-08-30,29.55555534362793,31.66666603088379,29.55555534362793,30.77777671813965,1374435
2022-08-31,30.77777671813965,31.44444465637207,30.0,30.11111068725586,918213
2022-09-01,30.55555534362793,30.55555534362793,28.66666603088379,28.888887405395508,1425720
2022-09-02,28.888887405395508,29.66666603088379,27.77777671813965,27.888887405395508,1450756
2022-09-05,28.44444465637207,29.11111068725586,27.44444465637207,27.66666603088379,1105515
2022-09-06,27.55555534362793,28.0,26.11111068725586,26.66666603088379,1896693
2022-09-07,26.55555534362793,29.33333206176757,26.33333206176757,29.33333206176757,2401596
2022-09-08,29.66666603088379,30.55555534362793,29.0,29.66666603088379,2075194
2022-09-12,30.33333206176757,30.33333206176757,28.888887405395508,29.11111068725586,1116244
2022-09-13,29.11111068725586,29.55555534362793,28.33333206176757,28.77777671813965,898849
2022-09-14,27.55555534362793,28.888887405395508,26.888887405395508,28.66666603088379,617058
2022-09-15,28.888887405395508,28.888887405395508,27.33333206176757,27.33333206176757,1065514
2022-09-16,27.55555534362793,27.55555534362793,26.66666603088379,26.888887405395508,597195
2022-09-19,26.55555534362793,27.33333206176757,25.22222137451172,25.33333206176757,1525936
2022-09-20,25.33333206176757,26.44444465637207,25.33333206176757,25.55555534362793,1023042
2022-09-21,25.55555534362793,26.0,24.22222137451172,25.55555534362793,725718
2022-09-22,24.888887405395508,25.44444465637207,24.66666603088379,25.0,471311
2022-09-23,25.11111068725586,25.77777671813965,24.0,24.0,757804
2022-09-26,23.22222137451172,23.55555534362793,22.22222137451172,22.33333206176757,1060814
2022-09-27,22.888887405395508,23.33333206176757,22.66666603088379,23.11111068725586,557262
2022-09-28,23.55555534362793,23.55555534362793,21.22222137451172,21.37777709960937,910244
2022-09-29,22.0,22.55555534362793,21.688888549804688,22.0222225189209,507744
2022-09-30,21.77777671813965,21.933332443237305,20.577777862548828,21.933332443237305,543295
2022-10-03,21.933332443237305,22.155555725097656,21.13333320617676,21.600000381469727,301504
2022-10-04,22.155555725097656,23.66666603088379,21.9777774810791,23.66666603088379,696799
2022-10-05,25.22222137451172,25.55555534362793,23.22222137451172,23.22222137451172,1548541
2022-10-06,23.11111068725586,23.66666603088379,22.155555725097656,22.155555725097656,787566
2022-10-07,22.200000762939453,22.55555534362793,21.955554962158203,22.066665649414062,255495
2022-10-11,21.622222900390625,21.622222900390625,20.622222900390625,20.799999237060547,411012
2022-10-12,20.688888549804688,20.91111183166504,20.22222137451172,20.822221755981445,307255
2022-10-13,20.822221755981445,20.9777774810791,18.888887405395508,19.244443893432617,627451
2022-10-14,19.733333587646484,20.86666679382324,19.733333587646484,20.44444465637207,405599
2022-10-17,20.22222137451172,20.28888893127441,19.13333320617676,20.28888893127441,348797
2022-10-18,20.66666603088379,20.66666603088379,19.733333587646484,20.13333320617676,218101
2022-10-19,20.22222137451172,20.733333587646484,19.55555534362793,19.600000381469727,226446
2022-10-20,19.600000381469727,19.600000381469727,18.86666679382324,19.11111068725586,415860
2022-10-21,19.688888549804688,19.688888549804688,18.155555725097656,18.22222137451172,442897
2022-10-24,18.844444274902344,19.244443893432617,18.26666641235352,18.33333206176757,500505
2022-10-25,18.55555534362793,18.75555419921875,17.799999237060547,18.0,302067
2022-10-26,18.22222137451172,19.577777862548828,17.799999237060547,18.91111183166504,766203
2022-10-27,19.044443130493164,20.17777633666992,19.0222225189209,20.044443130493164,948375
2022-10-28,19.933332443237305,20.0,18.22222137451172,18.37777709960937,778228
2022-10-31,18.77777671813965,18.933332443237305,18.577777862548828,18.64444351196289,299820
2022-11-01,18.488887786865234,18.9777774810791,18.44444465637207,18.799999237060547,300600
2022-11-02,18.822221755981445,19.688888549804688,18.733333587646484,19.200000762939453,353701
2022-11-03,18.86666679382324,19.08888816833496,18.66666603088379,18.799999237060547,334188
2022-11-04,18.888887405395508,19.53333282470703,18.711111068725582,19.37777709960937,325450
2022-11-07,19.888887405395508,21.311111450195312,19.64444351196289,21.311111450195312,1311209
2022-11-08,21.42222213745117,23.11111068725586,21.11111068725586,21.11111068725586,1686600
2022-11-09,21.55555534362793,21.55555534362793,20.39999961853028,20.42222213745117,746032
2022-11-10,20.22222137451172,20.39999961853028,19.86666679382324,20.066665649414062,362849
2022-11-11,20.622222900390625,20.622222900390625,19.955554962158203,20.0222225189209,357300
2022-11-14,20.08888816833496,20.39999961853028,20.066665649414062,20.08888816833496,261567
2022-11-15,20.22222137451172,20.55555534362793,20.066665649414062,20.11111068725586,284409
2022-11-16,20.33333206176757,20.33333206176757,19.64444351196289,19.64444351196289,333532
2022-11-17,19.733333587646484,20.200000762939453,19.66666603088379,20.0222225189209,223888
2022-11-18,20.42222213745117,20.600000381469727,19.844444274902344,19.86666679382324,358902
2022-11-21,20.22222137451172,20.22222137451172,19.66666603088379,19.66666603088379,235422
2022-11-22,19.66666603088379,19.66666603088379,19.13333320617676,19.244443893432617,274159
2022-11-23,19.53333282470703,19.53333282470703,19.0222225189209,19.044443130493164,234689
2022-11-24,19.33333206176757,19.53333282470703,19.13333320617676,19.155555725097656,208823
2022-11-25,19.155555725097656,19.577777862548828,19.13333320617676,19.244443893432617,308871
2022-11-28,19.155555725097656,19.33333206176757,19.0,19.244443893432617,175653
2022-11-29,19.44444465637207,20.622222900390625,19.311111450195312,20.155555725097656,597341
2022-11-30,20.155555725097656,20.33333206176757,19.35555458068848,19.955554962158203,446551
2022-12-01,20.11111068725586,20.799999237060547,20.0222225189209,20.577777862548828,631551
2022-12-02,20.488887786865234,22.55555534362793,20.488887786865234,22.55555534362793,1154017
2022-12-05,24.22222137451172,24.22222137451172,23.0,23.0,2163478
2022-12-06,23.0,23.22222137451172,22.17777633666992,22.17777633666992,839570
2022-12-07,22.155555725097656,23.55555534362793,21.42222213745117,23.55555534362793,938916
2022-12-08,24.0,25.55555534362793,22.888887405395508,24.55555534362793,1640109
2022-12-09,24.44444465637207,25.0,23.888887405395508,24.33333206176757,737590
2022-12-12,24.55555534362793,26.66666603088379,24.11111068725586,26.66666603088379,2666778
2022-12-13,27.0,28.77777671813965,26.55555534362793,28.66666603088379,2652878
2022-12-14,28.888887405395508,28.888887405395508,27.11111068725586,27.77777671813965,1478776
2022-12-15,28.0,28.77777671813965,27.44444465637207,27.888887405395508,1045692
2022-12-16,27.33333206176757,28.22222137451172,26.33333206176757,26.33333206176757,1174071
2022-12-19,26.22222137451172,28.77777671813965,26.22222137451172,28.66666603088379,1734198
2022-12-20,28.77777671813965,28.888887405395508,26.66666603088379,26.66666603088379,1263649
2022-12-21,26.77777671813965,27.77777671813965,25.33333206176757,25.55555534362793,1114143
2022-12-22,26.66666603088379,26.66666603088379,24.66666603088379,24.77777671813965,916695
2022-12-23,24.888887405395508,25.33333206176757,24.11111068725586,24.66666603088379,583200
2022-12-26,24.888887405395508,25.44444465637207,24.0,24.55555534362793,603182
2022-12-27,24.66666603088379,25.11111068725586,24.66666603088379,24.77777671813965,353404
2022-12-28,25.11111068725586,25.11111068725586,24.22222137451172,24.22222137451172,325920
2022-12-29,24.66666603088379,24.66666603088379,23.0,23.33333206176757,614785
2022-12-30,23.66666603088379,23.77777671813965,23.11111068725586,23.22222137451172,283077
2023-01-03,23.11111068725586,24.33333206176757,23.11111068725586,24.0,370550
2023-01-04,24.66666603088379,24.77777671813965,24.22222137451172,24.22222137451172,332042
2023-01-05,24.33333206176757,24.77777671813965,23.77777671813965,23.77777671813965,328504
2023-01-06,23.77777671813965,24.0,23.22222137451172,23.44444465637207,283500
2023-01-09,23.66666603088379,24.11111068725586,23.44444465637207,23.66666603088379,218925
2023-01-10,23.66666603088379,25.66666603088379,23.66666603088379,25.11111068725586,638147
2023-01-11,23.0,24.22222137451172,23.0,23.55555534362793,496887
2023-01-12,23.77777671813965,23.77777671813965,23.22222137451172,23.33333206176757,298590
2023-01-13,23.44444465637207,23.55555534362793,22.77777671813965,22.77777671813965,337803
2023-01-16,23.44444465637207,23.44444465637207,22.22222137451172,22.33333206176757,441300
2023-01-17,22.33333206176757,22.888887405395508,22.33333206176757,22.55555534362793,150609
2023-01-30,22.77777671813965,23.11111068725586,22.33333206176757,22.77777671813965,502520
2023-01-31,23.0,23.22222137451172,22.55555534362793,22.77777671813965,257692
2023-02-01,23.22222137451172,24.0,23.0,23.44444465637207,359101
2023-02-02,23.77777671813965,23.77777671813965,23.33333206176757,23.55555534362793,362303
2023-02-03,24.44444465637207,24.44444465637207,23.22222137451172,23.22222137451172,345102
2023-02-06,23.22222137451172,23.55555534362793,22.888887405395508,23.11111068725586,154526
2023-02-07,23.11111068725586,23.33333206176757,22.77777671813965,22.77777671813965,249750
2023-02-08,23.0,23.66666603088379,22.888887405395508,23.0,238952
2023-02-09,23.0,23.11111068725586,22.77777671813965,22.77777671813965,201090
2023-02-10,23.0,25.0,22.33333206176757,25.0,1606967
2023-02-13,25.22222137451172,26.888887405395508,24.66666603088379,26.55555534362793,2458660
2023-02-14,26.55555534362793,26.55555534362793,25.55555534362793,25.55555534362793,1094570
2023-02-15,25.33333206176757,26.11111068725586,24.44444465637207,25.77777671813965,852795
2023-02-16,26.0,26.0,25.33333206176757,25.44444465637207,513589
2023-02-17,25.44444465637207,25.66666603088379,25.0,25.11111068725586,402778
2023-02-20,25.11111068725586,25.22222137451172,24.77777671813965,25.0,497853
2023-02-21,25.0,26.77777671813965,24.888887405395508,26.55555534362793,967776
2023-02-22,26.44444465637207,26.55555534362793,25.66666603088379,25.77777671813965,811012
2023-02-23,26.0,26.22222137451172,25.44444465637207,25.66666603088379,441785
2023-02-24,25.66666603088379,25.888887405395508,25.0,25.0,432331
2023-03-01,24.888887405395508,25.66666603088379,24.888887405395508,25.33333206176757,276609
2023-03-02,25.66666603088379,25.66666603088379,25.11111068725586,25.33333206176757,198050
2023-03-03,25.55555534362793,25.55555534362793,25.11111068725586,25.33333206176757,208116
2023-03-06,25.33333206176757,26.11111068725586,25.33333206176757,25.77777671813965,456795
2023-03-07,25.77777671813965,26.33333206176757,25.55555534362793,25.77777671813965,364052
2023-03-08,25.55555534362793,25.66666603088379,25.33333206176757,25.44444465637207,353350
2023-03-09,25.55555534362793,25.77777671813965,25.11111068725586,25.11111068725586,267304
2023-03-10,25.0,25.11111068725586,23.77777671813965,24.11111068725586,630901
2023-03-13,24.11111068725586,26.44444465637207,24.11111068725586,26.44444465637207,1743591
2023-03-14,26.22222137451172,26.33333206176757,24.66666603088379,24.66666603088379,1152090
2023-03-15,24.888887405395508,25.66666603088379,24.77777671813965,24.77777671813965,423127
2023-03-16,24.77777671813965,24.77777671813965,24.0,24.22222137451172,469075
2023-03-17,24.33333206176757,25.22222137451172,24.22222137451172,24.44444465637207,366477
2023-03-20,24.44444465637207,24.77777671813965,24.11111068725586,24.44444465637207,216675
2023-03-21,24.77777671813965,24.77777671813965,24.22222137451172,24.55555534362793,198322
2023-03-22,24.888887405395508,25.0,24.55555534362793,24.66666603088379,244326
2023-03-23,25.11111068725586,25.11111068725586,24.66666603088379,24.888887405395508,183764
2023-03-24,24.888887405395508,24.888887405395508,24.33333206176757,24.44444465637207,399619
2023-03-27,24.22222137451172,24.33333206176757,23.55555534362793,24.11111068725586,449613
2023-03-28,24.22222137451172,24.33333206176757,23.55555534362793,23.66666603088379,404463
2023-03-29,23.55555534362793,23.77777671813965,23.22222137451172,23.33333206176757,406667
2023-03-30,23.33333206176757,23.33333206176757,23.11111068725586,23.22222137451172,260622
2023-03-31,23.33333206176757,24.0,23.33333206176757,23.77777671813965,336900
2023-04-06,23.66666603088379,23.77777671813965,23.11111068725586,23.11111068725586,314287
2023-04-07,20.799999237060547,20.799999237060547,20.799999237060547,20.799999237060547,371568
2023-04-10,18.733333587646484,18.733333587646484,18.733333587646484,18.733333587646484,106338
2023-04-11,16.866666793823242,16.866666793823242,16.866666793823242,16.866666793823242,99024
2023-04-12,15.199999809265137,15.199999809265137,15.199999809265137,15.199999809265137,568228
2023-04-13,14.08888816833496,16.711111068725586,14.066665649414062,16.711111068725586,1818790
2023-04-14,15.977776527404783,17.22222137451172,15.444443702697754,16.333332061767578,992624
2023-04-17,16.11111068725586,16.11111068725586,15.533332824707031,15.688887596130373,429064
2023-04-18,15.577776908874512,15.777776718139648,15.55555534362793,15.711111068725586,178151
2023-04-19,15.711111068725586,15.911110877990724,15.711111068725586,15.755555152893066,76519
2023-04-20,15.777776718139648,15.888888359069824,15.600000381469728,15.711111068725586,93009
2023-04-21,15.355554580688477,15.55555534362793,15.333333015441896,15.333333015441896,103190
2023-04-24,14.911110877990724,15.333333015441896,14.777776718139648,14.911110877990724,122269
2023-04-25,15.0,16.044443130493164,15.0,15.244443893432615,149549
2023-04-26,14.955554962158203,15.777776718139648,14.955554962158203,15.666666030883787,91842
2023-04-27,15.688887596130373,16.200000762939453,15.688887596130373,16.08888816833496,88354
2023-04-28,16.333332061767578,16.333332061767578,15.688887596130373,16.155555725097656,125704
2023-05-02,16.155555725097656,16.155555725097656,15.711111068725586,15.733332633972168,61267
2023-05-03,15.755555152893066,15.93333339691162,15.444443702697754,15.533332824707031,78426
2023-05-04,15.533332824707031,15.55555534362793,14.888888359069824,15.066665649414062,255621
2023-05-05,14.93333339691162,14.93333339691162,14.488887786865234,14.688887596130373,248009
2023-05-08,14.688887596130373,15.888888359069824,14.688887596130373,15.666666030883787,232951
2023-05-09,15.444443702697754,15.866665840148926,15.355554580688477,15.577776908874512,89322
2023-05-10,15.333333015441896,15.55555534362793,15.333333015441896,15.488887786865234,42866
2023-05-11,15.577776908874512,15.577776908874512,15.399999618530272,15.51111125946045,29250
2023-05-12,15.733332633972168,15.733332633972168,15.244443893432615,15.377777099609377,65731
2023-05-15,15.355554580688477,15.777776718139648,15.355554580688477,15.711111068725586,79655
2023-05-16,15.399999618530272,15.55555534362793,15.177777290344238,15.55555534362793,80561
2023-05-17,15.333333015441896,15.55555534362793,15.333333015441896,15.55555534362793,65191
2023-05-18,15.355554580688477,15.488887786865234,15.333333015441896,15.333333015441896,55431
2023-05-19,15.355554580688477,15.51111125946045,15.199999809265137,15.51111125946045,82643
2023-05-22,15.51111125946045,17.0222225189209,15.333333015441896,16.244443893432617,251115
2023-05-23,17.733333587646484,17.866666793823242,17.066665649414062,17.77777671813965,427234
2023-05-24,17.066665649414062,18.200000762939453,17.066665649414062,17.866666793823242,132590
2023-05-25,18.155555725097656,18.155555725097656,17.44444465637207,17.488887786865234,81154
2023-05-26,17.77777671813965,17.77777671813965,16.66666603088379,16.799999237060547,80640
2023-05-29,16.288888931274414,17.11111068725586,16.288888931274414,16.888887405395508,54996
2023-05-30,16.688888549804688,16.888887405395508,16.44444465637207,16.600000381469727,73831
2023-05-31,16.66666603088379,17.466665267944336,16.66666603088379,17.066665649414062,51363
2023-06-01,17.066665649414062,17.155555725097656,16.66666603088379,16.822221755981445,39195
2023-06-02,16.822221755981445,17.311111450195312,16.822221755981445,16.888887405395508,45905
2023-06-05,16.77777671813965,17.11111068725586,16.64444351196289,17.08888816833496,120375
2023-06-06,16.91111183166504,17.77777671813965,16.888887405395508,17.22222137451172,90618
2023-06-07,17.22222137451172,17.244443893432617,16.733333587646484,16.75555419921875,128797
2023-06-08,16.75555419921875,17.0222225189209,16.711111068725586,16.77777671813965,58950
2023-06-09,16.55555534362793,16.866666793823242,16.55555534362793,16.66666603088379,91565
2023-06-12,17.733333587646484,17.733333587646484,16.66666603088379,16.77777671813965,49604
2023-06-13,17.266666412353516,17.266666412353516,16.955554962158203,17.044443130493164,98552
2023-06-14,17.488887786865234,17.488887786865234,17.11111068725586,17.200000762939453,51894
2023-06-15,17.11111068725586,17.622222900390625,17.11111068725586,17.311111450195312,68557
2023-06-16,17.333332061767578,17.333332061767578,17.22222137451172,17.244443893432617,51624
2023-06-19,17.11111068725586,17.377777099609375,16.888887405395508,17.22222137451172,45320
2023-06-20,17.55555534362793,18.77777671813965,17.399999618530273,18.511110305786133,233802
2023-06-21,18.044443130493164,18.66666603088379,18.0222225189209,18.600000381469727,166384
2023-06-26,18.600000381469727,20.26666641235352,18.577777862548828,19.9777774810791,217173
2023-06-27,19.66666603088379,20.77777671813965,19.66666603088379,20.17777633666992,148329
2023-06-28,20.39999961853028,20.75555419921875,20.28888893127441,20.311111450195312,111173
2023-06-29,20.35555458068848,20.577777862548828,20.311111450195312,20.44444465637207,72450
2023-06-30,20.44444465637207,20.53333282470703,20.0,20.488887786865234,85973
2023-07-03,20.488887786865234,20.488887786865234,18.622222900390625,20.13333320617676,82656
2023-07-04,20.0,20.955554962158203,20.0,20.75555419921875,150347
2023-07-05,20.75555419921875,20.75555419921875,20.0,20.200000762939453,102077
2023-07-06,20.200000762939453,20.66666603088379,20.11111068725586,20.13333320617676,63160
2023-07-07,20.22222137451172,20.28888893127441,20.044443130493164,20.11111068725586,31099
2023-07-10,20.28888893127441,20.28888893127441,19.733333587646484,20.044443130493164,103855
2023-07-11,20.28888893127441,20.28888893127441,19.844444274902344,19.933332443237305,67350
2023-07-12,19.91111183166504,19.933332443237305,19.66666603088379,19.66666603088379,57152
2023-07-13,19.711111068725582,20.0,19.66666603088379,19.77777671813965,72765
2023-07-14,19.75555419921875,20.311111450195312,19.64444351196289,19.688888549804688,81111
2023-07-17,17.733333587646484,19.933332443237305,17.733333587646484,18.733333587646484,99453
2023-07-18,18.711111068725582,18.711111068725582,17.64444351196289,18.42222213745117,248454
2023-07-19,18.0222225189209,18.42222213745117,17.177776336669922,17.177776336669922,125115
2023-07-20,17.177776336669922,17.75555419921875,17.11111068725586,17.488887786865234,64368
2023-07-21,18.44444465637207,18.44444465637207,17.488887786865234,17.622222900390625,29700
2023-07-24,18.55555534362793,18.55555534362793,17.311111450195312,17.77777671813965,69354
2023-07-25,17.77777671813965,18.0,17.488887786865234,17.55555534362793,45450
2023-07-26,17.55555534362793,17.55555534362793,17.511110305786133,17.511110305786133,18900
2023-07-27,17.488887786865234,17.75555419921875,17.11111068725586,17.377777099609375,57489
2023-07-28,17.11111068725586,17.888887405395508,17.11111068725586,17.11111068725586,96750
2023-07-31,16.66666603088379,17.266666412353516,16.55555534362793,17.11111068725586,96909
2023-08-01,17.11111068725586,17.11111068725586,16.577777862548828,16.577777862548828,61080
2023-08-02,17.333332061767578,17.333332061767578,16.044443130493164,16.488887786865234,58950
2023-08-04,16.488887786865234,17.08888816833496,16.266666412353516,16.55555534362793,18909
2023-08-07,16.288888931274414,17.177776336669922,16.288888931274414,16.377777099609375,27513
2023-08-08,16.377777099609375,16.888887405395508,16.155555725097656,16.44444465637207,32400
2023-08-09,16.44444465637207,16.44444465637207,15.51111125946045,15.800000190734863,140900
2023-08-10,16.266666412353516,16.266666412353516,15.355554580688477,15.711111068725586,42300
2023-08-11,15.711111068725586,15.844444274902344,15.288887977600098,15.622221946716309,14235
2023-08-14,15.755555152893066,15.755555152893066,14.466666221618652,15.311111450195312,71212
2023-08-15,15.533332824707031,15.977776527404783,15.11111068725586,15.11111068725586,41859
2023-08-16,14.488887786865234,15.533332824707031,14.488887786865234,15.0,40050
2023-08-17,14.777776718139648,15.422222137451172,14.333333015441896,14.93333339691162,39601
2023-08-18,14.711111068725586,15.333333015441896,14.711111068725586,15.288887977600098,17550
2023-08-21,15.066665649414062,15.355554580688477,14.533332824707031,15.311111450195312,19222
2023-08-22,15.08888816833496,15.133333206176758,14.822221755981444,14.822221755981444,33376
2023-08-23,14.600000381469728,15.666666030883787,14.600000381469728,15.488887786865234,40500
2023-08-24,15.266666412353516,15.466666221618652,15.11111068725586,15.311111450195312,8565
2023-08-25,15.08888816833496,15.888888359069824,15.0,15.11111068725586,35254
2023-08-28,14.93333339691162,15.266666412353516,14.444443702697754,14.911110877990724,27013
2023-08-29,14.711111068725586,15.199999809265137,14.711111068725586,15.08888816833496,24004
2023-08-30,15.133333206176758,15.288887977600098,14.51111125946045,14.822221755981444,35713
2023-08-31,14.888888359069824,15.04444408416748,14.777776718139648,14.888888359069824,42300
2023-09-01,14.911110877990724,15.311111450195312,14.844444274902344,14.93333339691162,35550
2023-09-04,14.888888359069824,15.199999809265137,14.51111125946045,14.755555152893066,45103
2023-09-05,14.777776718139648,15.422222137451172,14.777776718139648,14.911110877990724,28467
2023-09-06,15.11111068725586,16.044443130493164,15.11111068725586,15.377777099609377,34524
2023-09-07,16.066665649414062,16.066665649414062,15.377777099609377,15.55555534362793,35859
2023-09-08,15.11111068725586,15.622221946716309,15.11111068725586,15.311111450195312,13502
2023-09-11,15.844444274902344,15.844444274902344,15.333333015441896,15.51111125946045,17550
2023-09-12,15.333333015441896,15.333333015441896,14.488887786865234,15.199999809265137,43287
2023-09-13,15.199999809265137,15.199999809265137,14.888888359069824,15.04444408416748,38250
2023-09-14,15.04444408416748,15.244443893432615,15.04444408416748,15.244443893432615,19351
2023-09-15,15.15555477142334,15.222222328186035,15.11111068725586,15.222222328186035,23873
2023-09-18,15.222222328186035,15.399999618530272,15.11111068725586,15.333333015441896,32130
2023-09-19,15.333333015441896,15.333333015441896,15.11111068725586,15.11111068725586,43960
2023-09-20,15.222222328186035,15.444443702697754,15.04444408416748,15.04444408416748,37372
2023-09-21,14.866665840148926,15.11111068725586,14.866665840148926,14.977776527404783,16839
2023-09-22,14.977776527404783,15.466666221618652,14.977776527404783,15.08888816833496,27001
2023-09-25,15.08888816833496,15.51111125946045,15.066665649414062,15.377777099609377,11753
2023-09-26,15.355554580688477,15.355554580688477,14.977776527404783,15.11111068725586,15385
2023-09-27,15.11111068725586,15.333333015441896,15.11111068725586,15.133333206176758,20700
2023-09-28,15.11111068725586,15.399999618530272,15.11111068725586,15.11111068725586,40955
2023-10-02,15.11111068725586,15.11111068725586,14.666666030883787,14.888888359069824,36900
2023-10-03,15.066665649414062,15.066665649414062,14.55555534362793,14.600000381469728,42454
2023-10-04,14.488887786865234,15.08888816833496,14.488887786865234,14.600000381469728,13972
2023-10-05,14.600000381469728,15.04444408416748,14.466666221618652,14.977776527404783,45451
2023-10-06,14.977776527404783,15.488887786865234,14.622221946716309,15.11111068725586,43050
2023-10-11,15.08888816833496,15.08888816833496,14.733332633972168,14.733332633972168,17401
2023-10-12,15.222222328186035,15.222222328186035,14.777776718139648,14.866665840148926,25650
2023-10-13,14.866665840148926,15.288887977600098,14.755555152893066,14.93333339691162,54902
2023-10-16,14.93333339691162,14.93333339691162,14.55555534362793,14.644444465637209,35693
2023-10-17,15.199999809265137,15.199999809265137,14.51111125946045,14.55555534362793,46529
2023-10-18,14.55555534362793,14.55555534362793,14.288887977600098,14.288887977600098,24923
2023-10-19,14.288887977600098,14.288887977600098,13.11111068725586,13.377777099609377,79901
2023-10-20,13.333333015441896,14.422222137451172,13.333333015441896,13.377777099609377,92781
2023-10-23,13.333333015441896,14.199999809265137,13.333333015441896,14.199999809265137,25721
2023-10-24,14.199999809265137,14.444443702697754,13.55555534362793,14.0,37968
2023-10-25,14.0,14.844444274902344,13.977776527404783,14.600000381469728,22964
2023-10-26,14.55555534362793,15.066665649414062,14.266666412353516,14.866665840148926,69165
2023-10-27,14.866665840148926,15.066665649414062,14.244443893432615,14.444443702697754,36901
2023-10-30,14.444443702697754,15.0,14.04444408416748,14.55555534362793,21009
2023-10-31,14.55555534362793,14.55555534362793,13.777776718139648,13.866665840148926,35145
2023-11-01,13.888888359069824,14.577776908874512,13.888888359069824,14.199999809265137,22950
2023-11-02,14.199999809265137,14.199999809265137,13.777776718139648,13.911110877990724,16650
2023-11-03,13.911110877990724,14.0,13.15555477142334,13.777776718139648,23850
2023-11-06,14.0,14.222222328186035,13.93333339691162,14.0,17127
2023-11-07,14.0,14.022221565246582,13.777776718139648,14.0,22950
2023-11-08,14.399999618530272,14.399999618530272,14.0,14.0,50097
2023-11-09,14.0,14.11111068725586,13.955554962158203,14.0,15454
2023-11-10,14.0,14.333333015441896,13.688887596130373,13.777776718139648,36900
2023-11-13,13.777776718139648,13.888888359069824,13.688887596130373,13.688887596130373,14274
2023-11-14,13.55555534362793,13.711111068725586,13.55555534362793,13.688887596130373,20758
2023-11-15,13.688887596130373,13.777776718139648,13.11111068725586,13.333333015441896,148050
2023-11-16,13.333333015441896,13.333333015441896,12.888888359069824,12.888888359069824,148500
2023-11-17,12.888888359069824,13.311111450195312,12.533332824707031,12.888888359069824,62100
2023-11-20,13.333333015441896,13.333333015441896,11.800000190734863,12.04444408416748,242422
2023-11-21,12.08888816833496,12.11111068725586,12.0,12.0,98701
2023-11-22,12.0,12.0,11.355554580688477,11.422222137451172,127351
2023-11-23,11.622221946716309,11.644444465637209,10.622221946716309,11.444443702697754,312728
2023-11-24,11.199999809265137,12.577776908874512,11.199999809265137,12.577776908874512,165868
2023-11-27,13.688887596130373,13.822221755981444,13.333333015441896,13.822221755981444,189094
2023-11-28,15.199999809265137,15.199999809265137,15.199999809265137,15.199999809265137,174775
2023-11-29,16.711111068725586,16.711111068725586,14.666666030883787,15.955554962158203,578774
2023-11-30,15.955554962158203,16.177776336669922,15.11111068725586,15.488887786865234,180675
2023-12-01,14.11111068725586,15.577776908874512,14.11111068725586,15.133333206176758,79354
2023-12-04,14.866665840148926,15.08888816833496,14.466666221618652,14.666666030883787,72166
2023-12-05,14.666666030883787,15.11111068725586,14.666666030883787,14.888888359069824,46065
2023-12-06,14.888888359069824,15.333333015441896,14.755555152893066,14.888888359069824,29851
2023-12-07,14.888888359069824,14.888888359069824,14.466666221618652,14.533332824707031,44100
2023-12-08,14.466666221618652,15.466666221618652,14.466666221618652,15.311111450195312,84025
2023-12-11,15.222222328186035,15.422222137451172,14.93333339691162,15.222222328186035,66294
2023-12-12,15.222222328186035,15.399999618530272,15.066665649414062,15.266666412353516,33006
2023-12-13,15.266666412353516,15.311111450195312,15.022221565246582,15.022221565246582,31528
2023-12-14,15.022221565246582,15.022221565246582,14.55555534362793,14.55555534362793,60462
2023-12-15,14.244443893432615,14.888888359069824,14.244443893432615,14.688887596130373,15766
2023-12-18,14.688887596130373,14.733332633972168,14.266666412353516,14.733332633972168,54900
2023-12-19,14.733332633972168,14.777776718139648,13.911110877990724,14.222222328186035,35100
2023-12-20,14.222222328186035,14.222222328186035,14.0,14.222222328186035,17100
2023-12-21,14.222222328186035,15.15555477142334,14.222222328186035,14.911110877990724,34267
2023-12-22,14.866665840148926,15.15555477142334,14.444443702697754,14.777776718139648,45495
2023-12-25,14.777776718139648,14.777776718139648,14.066665649414062,14.444443702697754,69454
2023-12-26,14.444443702697754,14.55555534362793,14.04444408416748,14.08888816833496,47302
2023-12-27,14.08888816833496,14.244443893432615,13.977776527404783,14.11111068725586,54077
2023-12-28,14.11111068725586,14.911110877990724,14.11111068725586,14.244443893432615,36497
2023-12-29,14.244443893432615,14.422222137451172,14.11111068725586,14.11111068725586,28395
2024-01-02,14.11111068725586,14.55555534362793,14.0,14.0,41850
2024-01-03,13.93333339691162,14.199999809265137,13.911110877990724,14.177777290344238,24435
2024-01-04,14.266666412353516,14.288887977600098,13.93333339691162,14.0,44100
2024-01-05,13.822221755981444,14.311111450195312,13.777776718139648,13.888888359069824,40529
2024-01-08,14.199999809265137,14.199999809265137,13.777776718139648,13.777776718139648,12167
2024-01-09,13.733332633972168,13.955554962158203,13.488887786865234,13.644444465637209,39601
2024-01-10,13.644444465637209,13.644444465637209,13.533332824707031,13.55555534362793,17100
2024-01-11,13.55555534362793,13.955554962158203,13.266666412353516,13.666666030883787,55350
2024-01-12,13.777776718139648,13.777776718139648,13.333333015441896,13.333333015441896,17579
2024-01-15,13.333333015441896,13.688887596130373,13.311111450195312,13.444443702697754,39909
2024-01-16,13.488887786865234,13.488887786865234,13.311111450195312,13.377777099609377,29730
2024-01-17,13.444443702697754,13.51111125946045,13.422222137451172,13.422222137451172,26564
2024-01-18,13.422222137451172,13.777776718139648,13.311111450195312,13.466666221618652,17797
2024-01-19,13.11111068725586,13.55555534362793,13.11111068725586,13.333333015441896,81000
2024-01-22,12.888888359069824,13.533332824707031,12.888888359069824,13.311111450195312,16637
2024-01-23,13.244443893432615,13.55555534362793,12.844444274902344,13.533332824707031,48451
2024-01-24,13.333333015441896,13.622221946716309,13.222222328186035,13.377777099609377,29700
2024-01-25,13.355554580688477,13.777776718139648,13.311111450195312,13.51111125946045,84768
2024-01-26,13.333333015441896,13.444443702697754,13.11111068725586,13.133333206176758,38790
2024-01-29,13.133333206176758,13.777776718139648,13.133333206176758,13.422222137451172,41404
2024-01-30,13.711111068725586,13.777776718139648,13.133333206176758,13.222222328186035,35234
2024-01-31,13.533332824707031,13.533332824707031,13.222222328186035,13.377777099609377,28802
2024-02-01,13.333333015441896,13.55555534362793,13.311111450195312,13.377777099609377,24346
2024-02-02,13.333333015441896,13.533332824707031,13.199999809265137,13.333333015441896,29726
2024-02-05,13.177777290344238,13.288887977600098,12.977776527404783,13.08888816833496,24680
2024-02-15,13.066665649414062,13.333333015441896,12.888888359069824,13.288887977600098,33972
2024-02-16,12.977776527404783,13.55555534362793,12.977776527404783,13.288887977600098,38297
2024-02-19,13.444443702697754,14.600000381469728,13.444443702697754,14.600000381469728,141910
2024-02-20,14.622221946716309,15.777776718139648,14.600000381469728,15.600000381469728,314036
2024-02-21,15.55555534362793,15.844444274902344,15.177777290344238,15.666666030883787,204600
2024-02-22,15.711111068725586,15.711111068725586,14.844444274902344,14.888888359069824,119033
2024-02-23,14.888888359069824,15.55555534362793,14.444443702697754,14.777776718139648,76077
2024-02-26,14.955554962158203,15.444443702697754,14.888888359069824,14.888888359069824,86864
2024-02-27,14.666666030883787,14.888888359069824,14.444443702697754,14.777776718139648,28504
2024-02-29,14.866665840148926,14.93333339691162,14.488887786865234,14.533332824707031,32854
2024-03-01,14.533332824707031,14.844444274902344,14.533332824707031,14.644444465637209,10804
2024-03-04,14.666666030883787,14.777776718139648,14.222222328186035,14.777776718139648,44602
2024-03-05,14.777776718139648,14.777776718139648,14.355554580688477,14.355554580688477,37082
2024-03-06,14.333333015441896,14.622221946716309,14.022221565246582,14.377777099609377,53580
2024-03-07,14.377777099609377,14.666666030883787,13.888888359069824,13.888888359069824,78750
2024-03-08,14.022221565246582,14.222222328186035,13.888888359069824,13.977776527404783,41286
2024-03-11,13.977776527404783,14.177777290344238,13.888888359069824,14.0,29304
2024-03-12,14.93333339691162,14.93333339691162,14.0,14.266666412353516,37355
2024-03-13,14.022221565246582,14.199999809265137,13.888888359069824,13.888888359069824,36485
2024-03-14,13.888888359069824,13.911110877990724,13.51111125946045,13.666666030883787,28880
2024-03-15,13.333333015441896,13.51111125946045,12.577776908874512,12.888888359069824,189911
2024-03-18,12.51111125946045,12.577776908874512,11.888888359069824,12.022221565246582,224105
2024-03-19,12.222222328186035,12.266666412353516,11.888888359069824,12.222222328186035,61889
2024-03-20,11.955554962158203,12.977776527404783,11.955554962158203,12.51111125946045,49824
2024-03-21,13.333333015441896,13.333333015441896,12.177777290344238,12.266666412353516,46357
2024-03-22,12.333333015441896,12.466666221618652,12.0,12.222222328186035,47791
2024-03-25,12.288887977600098,12.288887977600098,11.93333339691162,11.977776527404783,60068
2024-03-26,11.777776718139648,12.177777290344238,11.533332824707031,11.755555152893066,102602
2024-03-27,12.0,12.0,11.133333206176758,12.0,90901
2024-03-28,11.977776527404783,12.177777290344238,11.977776527404783,12.15555477142334,39605
2024-03-29,12.533332824707031,12.533332824707031,11.844444274902344,12.177777290344238,19350
2024-04-01,12.199999809265137,12.222222328186035,11.911110877990724,12.133333206176758,21860
2024-04-02,12.199999809265137,12.199999809265137,11.93333339691162,11.977776527404783,39028
2024-04-03,12.199999809265137,12.199999809265137,11.777776718139648,11.888888359069824,37965
2024-04-08,11.866665840148926,11.866665840148926,11.444443702697754,11.533332824707031,56710
2024-04-09,12.066665649414062,12.066665649414062,11.333333015441896,11.377777099609377,86436
2024-04-10,11.377777099609377,11.622221946716309,11.333333015441896,11.377777099609377,69750
2024-04-11,11.600000381469728,11.777776718139648,11.422222137451172,11.55555534362793,30309
2024-04-12,11.866665840148926,12.04444408416748,11.577776908874512,11.888888359069824,63000
2024-04-15,12.177777290344238,12.222222328186035,11.533332824707031,11.600000381469728,63919
2024-04-16,11.577776908874512,11.777776718139648,10.777776718139648,11.444443702697754,43668
2024-04-17,11.911110877990724,11.911110877990724,11.51111125946045,11.666666030883787,45499
2024-04-18,10.955554962158203,11.55555534362793,10.955554962158203,11.377777099609377,52500
2024-04-19,11.355554580688477,11.422222137451172,11.288887977600098,11.288887977600098,49044
2024-04-22,11.288887977600098,11.51111125946045,11.11111068725586,11.11111068725586,47611
2024-04-23,11.11111068725586,11.866665840148926,11.11111068725586,11.533332824707031,38851
2024-04-24,11.399999618530272,11.666666030883787,11.377777099609377,11.51111125946045,16200
2024-04-25,11.51111125946045,11.777776718139648,11.488887786865234,11.533332824707031,19804
2024-04-26,11.533332824707031,11.533332824707031,11.444443702697754,11.444443702697754,8595
2024-04-29,11.55555534362793,11.777776718139648,11.222222328186035,11.444443702697754,35104
2024-04-30,11.444443702697754,11.444443702697754,11.266666412353516,11.333333015441896,25725
2024-05-02,11.422222137451172,11.755555152893066,11.266666412353516,11.333333015441896,52200
2024-05-03,11.533332824707031,11.533332824707031,11.244443893432615,11.488887786865234,49950
2024-05-06,11.377777099609377,11.488887786865234,10.888888359069824,11.222222328186035,94073
2024-05-07,11.04444408416748,11.11111068725586,10.888888359069824,11.11111068725586,109813
2024-05-08,11.11111068725586,11.133333206176758,10.93333339691162,11.08888816833496,21600
2024-05-09,10.93333339691162,11.333333015441896,10.93333339691162,11.222222328186035,16290
2024-05-10,11.199999809265137,11.311111450195312,11.066665649414062,11.177777290344238,29252
2024-05-13,10.911110877990724,11.199999809265137,10.888888359069824,11.133333206176758,28440
2024-05-14,10.93333339691162,11.11111068725586,10.55555534362793,11.08888816833496,71718
2024-05-15,11.022221565246582,11.022221565246582,10.666666030883787,10.822221755981444,81779
2024-05-16,11.288887977600098,11.288887977600098,10.822221755981444,11.04444408416748,43959
2024-05-17,10.977776527404783,11.08888816833496,10.844444274902344,11.066665649414062,64987
2024-05-20,11.066665649414062,11.066665649414062,10.93333339691162,11.0,62450
2024-05-21,11.11111068725586,11.11111068725586,11.0,11.11111068725586,36903
2024-05-22,11.15555477142334,11.15555477142334,10.666666030883787,11.11111068725586,133149
2024-05-23,11.222222328186035,11.222222328186035,11.08888816833496,11.199999809265137,79801
2024-05-24,11.222222328186035,12.222222328186035,11.11111068725586,12.222222328186035,177344
2024-05-27,12.444443702697754,12.444443702697754,12.133333206176758,12.311111450195312,185881
2024-05-28,12.488887786865234,13.533332824707031,12.488887786865234,12.888888359069824,206662
2024-05-29,13.311111450195312,13.755555152893066,13.311111450195312,13.55555534362793,158854
2024-05-30,14.222222328186035,14.800000190734863,14.0,14.777776718139648,238320
2024-05-31,15.444443702697754,15.444443702697754,14.777776718139648,14.955554962158203,132075
2024-06-03,15.333333015441896,15.333333015441896,14.955554962158203,15.066665649414062,175617
2024-06-04,15.288887977600098,15.288887977600098,14.666666030883787,14.866665840148926,137274
2024-06-05,15.022221565246582,15.022221565246582,14.777776718139648,14.977776527404783,157801
2024-06-06,14.888888359069824,15.222222328186035,14.711111068725586,15.222222328186035,188148
2024-06-07,15.222222328186035,15.222222328186035,14.888888359069824,15.177777290344238,113445
2024-06-11,15.888888359069824,15.888888359069824,15.333333015441896,15.444443702697754,150447
2024-06-12,15.666666030883787,15.666666030883787,15.355554580688477,15.466666221618652,73944
2024-06-13,15.466666221618652,15.466666221618652,15.333333015441896,15.422222137451172,102326
2024-06-14,15.11111068725586,15.533332824707031,15.11111068725586,15.51111125946045,175185
2024-06-17,14.666666030883787,15.333333015441896,14.666666030883787,15.222222328186035,82800
2024-06-18,15.11111068725586,15.222222328186035,15.11111068725586,15.11111068725586,69443
2024-06-19,14.666666030883787,15.11111068725586,14.666666030883787,15.11111068725586,143687
2024-06-20,15.133333206176758,15.133333206176758,15.0,15.11111068725586,74196
2024-06-21,14.888888359069824,15.08888816833496,14.733332633972168,15.08888816833496,188780
2024-06-24,15.04444408416748,15.444443702697754,14.844444274902344,15.422222137451172,132345
2024-06-25,15.422222137451172,15.422222137451172,15.288887977600098,15.399999618530272,63230
2024-06-26,15.399999618530272,15.399999618530272,15.288887977600098,15.355554580688477,67050
2024-06-27,15.422222137451172,15.422222137451172,14.888888359069824,15.288887977600098,100156
2024-06-28,15.222222328186035,15.777776718139648,15.08888816833496,15.777776718139648,153301
2024-07-01,15.977776527404783,15.977776527404783,14.444443702697754,15.55555534362793,159133
2024-07-02,15.266666412353516,15.777776718139648,15.11111068725586,15.777776718139648,131148
2024-07-03,15.55555534362793,15.688887596130373,15.533332824707031,15.666666030883787,119023
2024-07-04,15.666666030883787,15.755555152893066,15.666666030883787,15.755555152893066,158709
2024-07-05,15.755555152893066,15.755555152893066,15.55555534362793,15.622221946716309,89867
2024-07-08,15.622221946716309,15.622221946716309,15.55555534362793,15.622221946716309,146475
2024-07-09,15.55555534362793,15.644444465637209,15.55555534362793,15.600000381469728,150153
2024-07-10,15.55555534362793,15.622221946716309,15.55555534362793,15.55555534362793,79542
2024-07-11,15.955554962158203,15.955554962158203,15.666666030883787,15.666666030883787,116552
2024-07-12,15.977776527404783,15.977776527404783,15.93333339691162,15.977776527404783,198197
2024-07-15,16.66666603088379,16.733333587646484,16.66666603088379,16.688888549804688,157384
2024-07-16,16.66666603088379,17.244443893432617,16.66666603088379,17.244443893432617,218261
2024-07-17,17.77777671813965,18.044443130493164,17.77777671813965,18.0222225189209,364890
2024-07-18,17.844444274902344,18.44444465637207,17.844444274902344,18.33333206176757,270644
2024-07-19,18.77777671813965,18.888887405395508,18.0222225189209,18.33333206176757,220414
2024-07-22,18.86666679382324,18.86666679382324,17.77777671813965,18.26666641235352,195699
2024-07-23,18.244443893432617,18.64444351196289,18.244443893432617,18.53333282470703,140039
2024-07-26,18.77777671813965,18.77777671813965,18.42222213745117,18.622222900390625,78300
2024-07-29,18.888887405395508,18.888887405395508,18.33333206176757,18.37777709960937,115796
2024-07-30,18.53333282470703,18.53333282470703,18.066665649414062,18.066665649414062,95853
2024-07-31,18.066665649414062,18.066665649414062,17.77777671813965,17.933332443237305,112056
2024-08-01,17.933332443237305,17.933332443237305,17.200000762939453,17.200000762939453,91270
2024-08-02,17.266666412353516,17.266666412353516,16.0,16.0,129150
2024-08-05,16.622222900390625,16.622222900390625,14.399999618530272,14.399999618530272,145913
2024-08-06,14.800000190734863,14.888888359069824,14.444443702697754,14.888888359069824,112500
2024-08-07,15.333333015441896,15.600000381469728,15.333333015441896,15.600000381469728,52500
2024-08-08,15.844444274902344,15.844444274902344,15.55555534362793,15.600000381469728,28350
2024-08-09,15.844444274902344,15.844444274902344,15.444443702697754,15.733332633972168,44499
2024-08-12,15.955554962158203,15.955554962158203,15.133333206176758,15.733332633972168,31050
2024-08-13,15.733332633972168,15.733332633972168,15.488887786865234,15.733332633972168,53254
2024-08-14,15.844444274902344,15.844444274902344,15.666666030883787,15.755555152893066,36911
2024-08-15,15.777776718139648,15.800000190734863,15.577776908874512,15.711111068725586,26113
2024-08-16,15.777776718139648,15.777776718139648,15.666666030883787,15.666666030883787,52222
2024-08-19,15.733332633972168,15.755555152893066,15.733332633972168,15.755555152893066,40552
2024-08-20,15.755555152893066,15.755555152893066,15.11111068725586,15.466666221618652,67523
2024-08-21,15.55555534362793,15.733332633972168,15.422222137451172,15.466666221618652,54454
2024-08-22,15.911110877990724,15.911110877990724,15.333333015441896,15.333333015441896,71100
2024-08-23,15.533332824707031,15.644444465637209,15.399999618530272,15.622221946716309,111309
2024-08-26,15.666666030883787,15.666666030883787,15.577776908874512,15.600000381469728,84150
2024-08-27,15.800000190734863,15.800000190734863,15.577776908874512,15.577776908874512,10722
2024-08-28,15.622221946716309,15.622221946716309,15.444443702697754,15.51111125946045,25651
2024-08-29,15.755555152893066,15.755555152893066,15.222222328186035,15.466666221618652,77101
2024-08-30,15.977776527404783,15.977776527404783,15.51111125946045,15.533332824707031,43755
2024-09-02,15.822221755981444,15.822221755981444,15.333333015441896,15.733332633972168,83565
2024-09-03,15.711111068725586,15.711111068725586,15.533332824707031,15.533332824707031,72539
2024-09-04,15.533332824707031,15.533332824707031,14.977776527404783,15.51111125946045,40953
2024-09-05,15.688887596130373,15.688887596130373,15.333333015441896,15.51111125946045,71701
2024-09-06,15.488887786865234,15.488887786865234,15.466666221618652,15.466666221618652,28373
2024-09-09,15.533332824707031,15.533332824707031,15.199999809265137,15.533332824707031,38724
2024-09-10,15.533332824707031,15.533332824707031,15.11111068725586,15.222222328186035,39344
2024-09-11,15.533332824707031,15.533332824707031,15.333333015441896,15.51111125946045,85327
2024-09-12,15.800000190734863,15.800000190734863,15.55555534362793,15.666666030883787,39647
2024-09-13,15.733332633972168,15.733332633972168,15.55555534362793,15.666666030883787,33773
2024-09-16,15.666666030883787,15.666666030883787,15.600000381469728,15.666666030883787,34804
2024-09-18,15.666666030883787,16.11111068725586,15.577776908874512,16.11111068725586,138754
2024-09-19,16.177776336669922,16.64444351196289,16.177776336669922,16.577777862548828,65015
2024-09-20,16.888887405395508,16.888887405395508,15.777776718139648,16.600000381469727,122447
2024-09-23,16.66666603088379,16.822221755981445,16.44444465637207,16.822221755981445,64890
2024-09-24,17.333332061767578,17.77777671813965,16.888887405395508,17.77777671813965,129396
2024-09-25,17.77777671813965,17.799999237060547,16.888887405395508,17.333332061767578,92346
2024-09-26,17.888887405395508,17.888887405395508,17.333332061767578,17.622222900390625,46395
2024-09-27,17.44444465637207,17.577777862548828,17.44444465637207,17.55555534362793,69302
2024-09-30,17.66666603088379,17.66666603088379,17.08888816833496,17.422222137451172,40754
2024-10-01,17.53333282470703,17.53333282470703,17.11111068725586,17.311111450195312,48406
2024-10-04,17.399999618530273,17.399999618530273,17.08888816833496,17.08888816833496,49500
2024-10-07,17.311111450195312,17.311111450195312,16.177776336669922,17.11111068725586,76995
2024-10-08,17.600000381469727,17.600000381469727,17.288888931274414,17.333332061767578,21605
2024-10-09,17.53333282470703,17.55555534362793,17.355554580688477,17.55555534362793,120600
2024-10-11,17.55555534362793,17.733333587646484,17.55555534362793,17.733333587646484,69752
2024-10-14,17.77777671813965,17.822221755981445,17.77777671813965,17.77777671813965,160074
2024-10-15,18.0,18.155555725097656,18.0,18.155555725097656,162968
2024-10-16,18.155555725097656,18.488887786865234,18.155555725097656,18.33333206176757,93205
2024-10-17,18.488887786865234,18.488887786865234,18.244443893432617,18.311111450195312,34205
2024-10-18,18.64444351196289,18.64444351196289,18.22222137451172,18.44444465637207,119109
2024-10-21,18.466665267944336,18.466665267944336,17.799999237060547,18.155555725097656,70950
2024-10-22,18.64444351196289,18.64444351196289,18.155555725097656,18.17777633666992,39249
2024-10-23,18.466665267944336,18.466665267944336,18.0222225189209,18.0222225189209,52399
2024-10-24,18.200000762939453,18.200000762939453,16.711111068725586,17.75555419921875,79813
2024-10-25,17.333332061767578,17.77777671813965,17.333332061767578,17.75555419921875,150083
2024-10-28,17.77777671813965,17.77777671813965,17.333332061767578,17.333332061767578,58610
2024-10-29,17.75555419921875,17.75555419921875,17.44444465637207,17.66666603088379,55831
2024-10-30,17.75555419921875,17.77777671813965,17.711111068725586,17.733333587646484,105951
2024-11-01,17.77777671813965,18.17777633666992,17.44444465637207,18.17777633666992,92339
2024-11-04,17.888887405395508,18.0,17.888887405395508,17.888887405395508,103409
2024-11-05,17.933332443237305,17.933332443237305,17.822221755981445,17.888887405395508,141249
2024-11-06,17.91111183166504,17.91111183166504,17.77777671813965,17.77777671813965,45739
2024-11-07,17.799999237060547,17.888887405395508,17.77777671813965,17.888887405395508,94707
2024-11-08,17.888887405395508,17.888887405395508,17.844444274902344,17.844444274902344,120964
2024-11-11,18.35555458068848,18.35555458068848,17.799999237060547,17.888887405395508,102341
2024-11-12,17.888887405395508,17.888887405395508,17.511110305786133,17.511110305786133,96461
2024-11-13,17.733333587646484,17.733333587646484,17.488887786865234,17.511110305786133,60657
2024-11-14,17.511110305786133,17.511110305786133,17.511110305786133,17.511110305786133,0
2024-11-15,17.511110305786133,17.511110305786133,17.511110305786133,17.511110305786133,0
2024-11-18,17.511110305786133,17.511110305786133,17.511110305786133,17.511110305786133,0
2024-11-19,17.511110305786133,17.511110305786133,17.511110305786133,17.511110305786133,0
2024-11-20,17.511110305786133,17.511110305786133,17.511110305786133,17.511110305786133,0
2024-11-21,17.511110305786133,17.511110305786133,17.511110305786133,17.511110305786133,0
2024-11-22,17.511110305786133,17.511110305786133,17.511110305786133,17.511110305786133,0
2024-11-25,17.950000762939453,17.950000762939453,15.800000190734863,15.800000190734863,272842
2024-11-26,15.75,15.75,14.300000190734863,15.699999809265137,349100
2024-11-27,17.25,17.25,15.350000381469728,16.25,319454
2024-11-28,16.200000762939453,16.200000762939453,15.449999809265137,16.0,44378
2024-11-29,16.5,16.5,16.0,16.100000381469727,23301
2024-12-02,17.200000762939453,17.200000762939453,16.0,16.200000762939453,103897
2024-12-03,16.200000762939453,16.450000762939453,15.800000190734863,16.149999618530273,139641
2024-12-04,16.5,16.649999618530273,15.949999809265137,16.100000381469727,104339
2024-12-05,16.149999618530273,16.299999237060547,16.049999237060547,16.049999237060547,175413
2024-12-06,16.200000762939453,16.25,16.049999237060547,16.25,108923
2024-12-09,16.149999618530273,16.450000762939453,16.149999618530273,16.350000381469727,70099
2024-12-10,16.450000762939453,16.450000762939453,16.149999618530273,16.399999618530273,96157
2024-12-11,16.0,16.25,15.949999809265137,16.200000762939453,85615
2024-12-12,16.350000381469727,16.350000381469727,16.100000381469727,16.25,64493
2024-12-13,16.399999618530273,16.399999618530273,16.100000381469727,16.25,70266
2024-12-16,16.350000381469727,16.350000381469727,16.100000381469727,16.25,33850
2024-12-17,16.25,16.350000381469727,16.100000381469727,16.100000381469727,82804
2024-12-18,16.100000381469727,16.25,16.049999237060547,16.200000762939453,110800
2024-12-19,16.450000762939453,16.450000762939453,16.049999237060547,16.350000381469727,96204
2024-12-20,16.25,16.799999237060547,16.25,16.5,69002
2024-12-23,17.799999237060547,17.799999237060547,16.600000381469727,17.200000762939453,196507
2024-12-24,17.450000762939453,17.450000762939453,16.649999618530273,16.950000762939453,88804
2024-12-25,17.0,17.600000381469727,17.0,17.5,153499
2024-12-26,16.899999618530273,17.450000762939453,16.899999618530273,17.450000762939453,179006
2024-12-27,17.049999237060547,17.600000381469727,17.049999237060547,17.600000381469727,96152
2024-12-30,17.299999237060547,17.75,17.299999237060547,17.75,87383
2024-12-31,17.75,17.75,17.399999618530273,17.75,37351
2025-01-02,17.5,18.0,17.5,17.899999618530273,119870
2025-01-03,18.0,19.64999961853028,18.0,19.14999961853028,288746
2025-01-06,19.200000762939453,19.200000762939453,18.75,19.14999961853028,127274
2025-01-07,19.25,19.799999237060547,19.14999961853028,19.350000381469727,185306
2025-01-08,17.850000381469727,19.5,17.850000381469727,19.39999961853028,158153
2025-01-09,19.39999961853028,19.64999961853028,18.64999961853028,19.450000762939453,118969
2025-01-10,19.450000762939453,19.5,19.0,19.39999961853028,142437
2025-01-13,19.200000762939453,19.350000381469727,18.549999237060547,19.14999961853028,61300
2025-01-14,18.799999237060547,19.299999237060547,18.799999237060547,19.299999237060547,18960
2025-01-15,19.299999237060547,19.5,19.100000381469727,19.450000762939453,93805
2025-01-16,19.39999961853028,19.549999237060547,19.200000762939453,19.450000762939453,75000
2025-01-17,19.5,19.5,19.25,19.450000762939453,73170
2025-01-20,19.299999237060547,19.5,19.200000762939453,19.450000762939453,132164
2025-01-21,19.39999961853028,19.39999961853028,19.25,19.39999961853028,25700
2025-01-22,19.350000381469727,19.39999961853028,19.0,19.299999237060547,114485
2025-02-03,19.299999237060547,19.39999961853028,19.100000381469727,19.350000381469727,36491
2025-02-04,19.100000381469727,19.299999237060547,18.89999961853028,19.299999237060547,123232
2025-02-05,19.5,19.5,19.049999237060547,19.39999961853028,45165
2025-02-06,19.100000381469727,19.25,18.950000762939453,19.14999961853028,76290
2025-02-07,19.299999237060547,19.299999237060547,18.799999237060547,19.100000381469727,74560
2025-02-10,19.100000381469727,19.14999961853028,18.5,19.100000381469727,70900
2025-02-11,19.0,19.100000381469727,18.5,18.850000381469727,135500
2025-02-12,18.89999961853028,18.89999961853028,18.049999237060547,18.5,138549
2025-02-13,18.5,18.64999961853028,18.350000381469727,18.64999961853028,52636
2025-02-14,18.600000381469727,18.799999237060547,18.450000762939453,18.600000381469727,42379
2025-02-17,18.600000381469727,18.850000381469727,18.350000381469727,18.5,84040
2025-02-18,18.39999961853028,18.75,18.25,18.600000381469727,126863
2025-02-19,18.600000381469727,18.850000381469727,18.049999237060547,18.450000762939453,100755
2025-02-20,18.450000762939453,18.549999237060547,18.299999237060547,18.5,12573
2025-02-21,18.25,18.5,18.25,18.450000762939453,57595
2025-02-24,18.39999961853028,18.850000381469727,18.14999961853028,18.5,20351
2025-02-25,18.450000762939453,18.89999961853028,18.14999961853028,18.850000381469727,43908
2025-02-26,18.64999961853028,19.14999961853028,18.600000381469727,18.950000762939453,54193
2025-02-27,18.64999961853028,19.049999237060547,18.549999237060547,18.950000762939453,67568
2025-03-03,18.850000381469727,19.14999961853028,18.350000381469727,19.100000381469727,134654
2025-03-04,18.549999237060547,19.14999961853028,18.549999237060547,19.14999961853028,108331
2025-03-05,19.14999961853028,19.14999961853028,18.850000381469727,19.100000381469727,56800
2025-03-06,19.100000381469727,19.450000762939453,18.850000381469727,18.950000762939453,90099
2025-03-07,19.049999237060547,19.049999237060547,18.799999237060547,19.0,64230
2025-03-10,19.0,19.049999237060547,18.950000762939453,19.049999237060547,66359
2025-03-11,18.450000762939453,19.0,18.39999961853028,19.0,34117
2025-03-12,18.89999961853028,18.89999961853028,18.700000762939453,18.89999961853028,31000
2025-03-13,18.700000762939453,19.350000381469727,18.600000381469727,18.950000762939453,94694
2025-03-14,18.64999961853028,18.850000381469727,18.5,18.799999237060547,81954
2025-03-17,18.75,19.0,18.600000381469727,19.0,204454
2025-03-18,19.0,19.25,18.89999961853028,19.0,119232
2025-03-19,19.0,19.049999237060547,18.700000762939453,18.850000381469727,177799
2025-03-20,19.0,19.299999237060547,18.75,18.950000762939453,128005
2025-03-21,18.950000762939453,19.0,18.850000381469727,19.0,90463
2025-03-24,18.799999237060547,19.0,18.799999237060547,19.0,118324
2025-03-25,18.850000381469727,19.0,18.75,18.89999961853028,92745
2025-03-26,18.89999961853028,18.950000762939453,18.799999237060547,18.950000762939453,108550
2025-03-27,18.89999961853028,19.14999961853028,18.850000381469727,19.100000381469727,207354
2025-03-28,19.39999961853028,19.549999237060547,18.700000762939453,19.200000762939453,481171
2025-03-31,19.0,20.100000381469727,18.5,19.450000762939453,703350
2025-04-01,19.450000762939453,20.600000381469727,19.450000762939453,20.049999237060547,731072
2025-04-02,20.100000381469727,20.100000381469727,18.049999237060547,18.89999961853028,1205750
2025-04-07,17.049999237060547,17.049999237060547,17.049999237060547,17.049999237060547,19275
2025-04-08,16.049999237060547,16.049999237060547,15.350000381469728,15.350000381469728,446112
2025-04-09,15.100000381469728,15.300000190734863,13.850000381469728,13.850000381469728,475121
2025-04-10,15.199999809265137,15.199999809265137,15.199999809265137,15.199999809265137,84000
2025-04-11,14.149999618530272,14.449999809265137,13.699999809265137,14.449999809265137,587560
2025-04-14,14.550000190734863,14.949999809265137,14.050000190734863,14.5,263555
2025-04-15,14.649999618530272,14.699999809265137,14.199999809265137,14.699999809265137,67102
2025-04-16,14.5,14.699999809265137,14.199999809265137,14.550000190734863,143032
2025-04-17,14.550000190734863,14.600000381469728,13.899999618530272,14.550000190734863,179013
2025-04-18,14.5,14.600000381469728,14.100000381469728,14.600000381469728,117200
2025-04-21,14.350000381469728,14.550000190734863,14.199999809265137,14.350000381469728,148002
2025-04-22,13.75,14.350000381469728,13.75,14.300000190734863,138002
2025-04-23,14.300000190734863,14.449999809265137,13.850000381469728,14.199999809265137,276001
2025-04-24,14.350000381469728,14.350000381469728,14.050000190734863,14.350000381469728,83001
2025-04-25,14.350000381469728,14.449999809265137,14.100000381469728,14.449999809265137,85001
2025-04-28,14.25,14.399999618530272,14.0,14.350000381469728,242039
2025-04-29,14.350000381469728,15.300000190734863,14.100000381469728,15.199999809265137,267280
2025-04-30,15.199999809265137,15.399999618530272,14.800000190734863,15.050000190734863,75300
2025-05-02,15.350000381469728,15.350000381469728,14.800000190734863,15.100000381469728,68002
2025-05-05,15.149999618530272,15.149999618530272,14.5,14.949999809265137,190000
2025-05-06,14.600000381469728,14.899999618530272,14.5,14.800000190734863,124703
2025-05-07,14.600000381469728,14.899999618530272,14.449999809265137,14.649999618530272,114350
2025-05-08,14.600000381469728,14.75,14.5,14.75,106000
2025-05-09,14.75,14.800000190734863,14.5,14.800000190734863,92000
2025-05-12,14.649999618530272,14.949999809265137,14.600000381469728,14.699999809265137,112567
2025-05-13,14.75,15.149999618530272,14.649999618530272,14.75,190262
2025-05-14,14.75,15.550000190734863,14.699999809265137,15.550000190734863,253071
2025-05-15,15.550000190734863,15.649999618530272,14.699999809265137,14.899999618530272,228109
2025-05-16,14.899999618530272,15.199999809265137,14.899999618530272,15.050000190734863,108902
2025-05-19,14.899999618530272,15.100000381469728,14.600000381469728,14.899999618530272,187070
2025-05-20,15.149999618530272,15.149999618530272,14.600000381469728,14.75,99518
2025-05-21,14.649999618530272,14.850000381469728,14.600000381469728,14.75,70060
2025-05-22,14.649999618530272,15.100000381469728,14.600000381469728,14.949999809265137,135070
2025-05-23,14.949999809265137,15.649999618530272,14.949999809265137,15.649999618530272,259504
2025-05-26,15.75,15.800000190734863,15.399999618530272,15.75,163752
2025-05-27,15.699999809265137,15.75,15.399999618530272,15.649999618530272,74134
2025-05-28,15.550000190734863,15.649999618530272,15.199999809265137,15.199999809265137,90000
2025-05-29,15.5,15.5,14.899999618530272,15.149999618530272,83500
2025-06-02,15.300000190734863,15.300000190734863,14.5,14.949999809265137,89002
2025-06-03,14.75,14.949999809265137,14.699999809265137,14.899999618530272,74559
2025-06-04,15.050000190734863,15.050000190734863,14.649999618530272,14.649999618530272,58001
2025-06-05,14.699999809265137,14.899999618530272,14.649999618530272,14.800000190734863,52198
2025-06-06,14.800000190734863,15.449999809265137,14.699999809265137,15.25,88737
2025-06-09,15.100000381469728,15.149999618530272,14.850000381469728,15.149999618530272,71000
2025-06-10,15.100000381469728,15.149999618530272,14.850000381469728,15.149999618530272,131000
2025-06-11,14.899999618530272,15.100000381469728,14.899999618530272,15.0,82572
2025-06-12,15.0,15.050000190734863,14.800000190734863,15.0,85002
2025-06-13,14.850000381469728,14.850000381469728,14.699999809265137,14.850000381469728,99000
2025-06-16,14.75,14.75,14.449999809265137,14.699999809265137,123148
2025-06-17,14.600000381469728,14.800000190734863,14.5,14.800000190734863,95450
2025-06-18,14.600000381469728,14.699999809265137,14.5,14.699999809265137,47000
2025-06-19,14.5,14.5,14.149999618530272,14.5,84000
2025-06-20,14.5,14.649999618530272,14.050000190734863,14.399999618530272,60500
2025-06-23,14.25,14.449999809265137,14.050000190734863,14.199999809265137,70501
2025-06-24,14.199999809265137,14.399999618530272,14.100000381469728,14.199999809265137,150900
2025-06-25,14.199999809265137,14.25,14.0,14.199999809265137,71300
2025-06-26,14.0,14.199999809265137,13.899999618530272,14.050000190734863,116801
2025-06-27,14.050000190734863,14.149999618530272,14.0,14.100000381469728,42001
2025-06-30,14.050000190734863,14.149999618530272,13.699999809265137,14.0,78257
2025-07-01,14.100000381469728,14.199999809265137,13.550000190734863,13.550000190734863,133585
2025-07-02,13.550000190734863,13.699999809265137,12.5,13.25,174000
2025-07-03,13.350000381469728,13.550000190734863,13.0,13.5,93000
2025-07-04,13.199999809265137,13.600000381469728,13.199999809265137,13.350000381469728,100000
2025-07-07,13.149999618530272,13.350000381469728,12.899999618530272,13.100000381469728,53090
2025-07-08,13.0,13.0,12.399999618530272,12.75,80600
2025-07-09,12.75,13.0,12.600000381469728,12.75,67000
2025-07-10,12.949999809265137,12.949999809265137,12.399999618530272,12.75,106750
2025-07-11,12.449999809265137,12.5,12.149999618530272,12.449999809265137,170550
2025-07-14,12.449999809265137,12.449999809265137,12.199999809265137,12.399999618530272,16166
2025-07-15,12.5,12.75,12.050000190734863,12.449999809265137,104114
2025-07-16,12.5,12.5,12.199999809265137,12.399999618530272,31070
2025-07-17,12.199999809265137,12.199999809265137,11.800000190734863,12.199999809265137,219502
2025-07-18,12.050000190734863,13.399999618530272,12.050000190734863,13.399999618530272,348858
2025-07-21,12.850000381469728,13.399999618530272,12.699999809265137,13.399999618530272,227339
2025-07-22,13.050000190734863,13.25,12.800000190734863,13.050000190734863,208384
2025-07-23,13.050000190734863,13.449999809265137,13.050000190734863,13.300000190734863,56550
2025-07-24,13.300000190734863,13.300000190734863,13.0,13.149999618530272,47000
2025-07-25,13.0,13.149999618530272,12.899999618530272,13.100000381469728,19910
2025-07-28,13.100000381469728,13.149999618530272,12.949999809265137,13.100000381469728,29202
2025-07-29,13.0,13.100000381469728,12.699999809265137,12.899999618530272,37006
2025-07-30,12.949999809265137,13.300000190734863,12.399999618530272,13.100000381469728,64001
2025-07-31,13.100000381469728,13.199999809265137,12.699999809265137,13.149999618530272,80100
2025-08-04,13.0,13.75,12.899999618530272,13.699999809265137,125454
2025-08-05,13.75,13.850000381469728,13.399999618530272,13.600000381469728,64205
2025-08-06,13.449999809265137,13.550000190734863,13.149999618530272,13.399999618530272,83900
2025-08-07,13.350000381469728,13.5,13.149999618530272,13.199999809265137,76309
2025-08-08,13.199999809265137,13.199999809265137,13.050000190734863,13.199999809265137,37065
2025-08-11,13.199999809265137,13.949999809265137,13.050000190734863,13.75,135002
2025-08-12,13.600000381469728,13.75,13.399999618530272,13.600000381469728,50001
2025-08-13,13.649999618530272,13.649999618530272,13.199999809265137,13.5,119000
2025-08-14,13.350000381469728,13.449999809265137,12.5,13.199999809265137,140227
2025-08-15,12.800000190734863,13.050000190734863,12.800000190734863,13.0,40000
2025-08-18,12.899999618530272,13.149999618530272,12.899999618530272,13.0,107070
2025-08-19,13.050000190734863,13.050000190734863,12.800000190734863,12.800000190734863,61487
2025-08-20,13.050000190734863,13.050000190734863,12.800000190734863,13.050000190734863,47791
2025-08-21,12.949999809265137,13.300000190734863,12.850000381469728,13.050000190734863,75800
2025-08-22,13.050000190734863,13.399999618530272,13.050000190734863,13.350000381469728,106697
2025-08-25,13.350000381469728,13.350000381469728,13.0,13.199999809265137,88151
2025-08-26,13.149999618530272,13.25,13.0,13.199999809265137,46986
2025-08-27,13.0,13.100000381469728,12.800000190734863,13.050000190734863,141155
2025-08-28,13.149999618530272,13.149999618530272,12.800000190734863,12.850000381469728,119151
2025-08-29,13.199999809265137,13.199999809265137,12.75,12.949999809265137,61987
2025-09-01,12.699999809265137,13.0,12.649999618530272,12.800000190734863,62020
2025-09-02,12.899999618530272,12.899999618530272,12.600000381469728,12.800000190734863,66254
2025-09-03,13.149999618530272,13.149999618530272,12.550000190734863,12.899999618530272,83002
2025-09-04,12.699999809265137,12.949999809265137,12.699999809265137,12.899999618530272,54164
2025-09-05,12.699999809265137,13.100000381469728,12.699999809265137,13.100000381469728,77119
2025-09-08,13.100000381469728,13.100000381469728,12.75,13.0,66002
2025-09-09,12.949999809265137,13.0,12.800000190734863,13.0,51150
2025-09-10,12.949999809265137,13.100000381469728,12.850000381469728,12.949999809265137,121101
2025-09-11,12.850000381469728,12.949999809265137,12.649999618530272,12.899999618530272,36001
2025-09-12,12.600000381469728,12.899999618530272,12.350000381469728,12.350000381469728,209300
2025-09-15,12.199999809265137,12.199999809265137,11.149999618530272,11.5,501572
2025-09-16,11.449999809265137,11.449999809265137,11.149999618530272,11.25,114250
2025-09-17,11.449999809265137,11.449999809265137,11.199999809265137,11.199999809265137,58253
2025-09-18,11.25,11.25,10.899999618530272,10.899999618530272,157761
2025-09-19,11.0,11.199999809265137,10.0,10.199999809265137,500100
2025-09-22,10.199999809265137,10.399999618530272,10.149999618530272,10.300000190734863,80001
2025-09-23,10.300000190734863,10.649999618530272,9.899999618530272,10.0,363795
2025-09-24,10.0,10.0,9.649999618530272,9.869999885559082,150727
2025-09-25,9.899999618530272,10.100000381469728,9.899999618530272,10.050000190734863,77301
2025-09-26,10.050000190734863,10.100000381469728,9.710000038146973,9.850000381469728,76493
2025-09-30,9.850000381469728,10.800000190734863,9.850000381469728,10.800000190734863,289000
2025-10-01,10.850000381469728,11.050000190734863,10.649999618530272,10.649999618530272,328000
2025-10-02,10.949999809265137,10.949999809265137,10.300000190734863,10.350000381469728,82102
2025-10-03,10.350000381469728,10.350000381469728,10.100000381469728,10.300000190734863,58500
2025-10-07,9.979999542236328,10.300000190734863,9.9399995803833,10.050000190734863,93805
2025-10-08,10.300000190734863,10.300000190734863,9.859999656677246,10.0,184080
2025-10-09,10.100000381469728,11.0,10.100000381469728,11.0,400594
2025-10-13,10.399999618530272,10.949999809265137,10.399999618530272,10.800000190734863,174902
2025-10-14,10.949999809265137,10.949999809265137,10.399999618530272,10.75,137151
2025-10-15,10.850000381469728,10.850000381469728,10.300000190734863,10.5,112000
2025-10-16,10.449999809265137,10.449999809265137,10.100000381469728,10.399999618530272,78050
2025-10-17,10.449999809265137,10.449999809265137,10.100000381469728,10.350000381469728,63596
2025-10-20,10.199999809265137,10.649999618530272,10.199999809265137,10.649999618530272,48000
2025-10-21,10.399999618530272,10.699999809265137,10.350000381469728,10.649999618530272,71506
2025-10-22,10.5,10.550000190734863,10.350000381469728,10.5,55096
2025-10-23,10.449999809265137,10.449999809265137,10.199999809265137,10.300000190734863,42001
2025-10-27,10.149999618530272,10.399999618530272,9.989999771118164,10.0,269595
2025-10-28,10.100000381469728,10.100000381469728,9.9399995803833,10.100000381469728,49669
2025-10-29,9.960000038146973,10.0,9.920000076293944,10.0,62993
2025-10-30,10.050000190734863,10.25,9.949999809265137,10.100000381469728,25416
2025-10-31,10.149999618530272,10.149999618530272,9.970000267028809,10.100000381469728,56450
2025-11-03,10.350000381469728,10.350000381469728,9.970000267028809,10.149999618530272,29001
2025-11-04,10.050000190734863,10.149999618530272,9.899999618530272,10.100000381469728,42100
2025-11-05,9.850000381469728,10.050000190734863,9.800000190734863,9.829999923706056,36400
2025-11-06,9.949999809265137,10.0,9.890000343322754,10.0,33000
2025-11-07,9.979999542236328,10.050000190734863,9.979999542236328,10.050000190734863,8000
2025-11-10,10.0,10.100000381469728,9.710000038146973,9.779999732971191,69000
2025-11-11,9.93000030517578,9.93000030517578,9.699999809265137,9.880000114440918,93100
2025-11-12,10.0,10.0,9.65999984741211,9.880000114440918,73001
2025-11-13,9.979999542236328,9.979999542236328,9.329999923706056,9.449999809265137,284325
2025-11-14,9.470000267028809,9.600000381469728,9.31999969482422,9.470000267028809,40001
2025-11-17,9.399999618530272,9.720000267028809,9.220000267028809,9.5,54258
2025-11-18,9.329999923706056,9.479999542236328,9.100000381469728,9.25,42204
2025-11-19,9.470000267028809,9.470000267028809,9.050000190734863,9.1899995803833,71000
2025-11-20,9.130000114440918,9.130000114440918,8.760000228881836,8.949999809265137,261047
2025-11-21,8.880000114440918,8.880000114440918,8.149999618530273,8.3100004196167,132230
2025-11-24,8.180000305175781,8.420000076293945,7.880000114440918,7.949999809265137,221633
2025-11-25,7.949999809265137,8.149999618530273,7.800000190734863,8.0,96601
2025-11-26,8.0,8.0,7.5,7.75,224500
2025-11-27,7.920000076293945,7.920000076293945,6.980000019073486,7.239999771118164,719349
2025-11-28,7.099999904632568,7.329999923706055,7.050000190734863,7.210000038146973,354473
2025-12-01,7.190000057220459,7.230000019073486,6.960000038146973,6.960000038146973,315105
2025-12-02,6.989999771118164,7.070000171661377,6.800000190734863,6.820000171661377,337650
2025-12-03,6.940000057220459,7.5,6.940000057220459,7.5,764439
2025-12-04,8.140000343322754,8.25,7.599999904632568,8.25,852300
2025-12-05,8.489999771118164,9.06999969482422,8.460000038146973,9.06999969482422,1530854
2025-12-08,9.06999969482422,9.06999969482422,8.510000228881836,8.779999732971191,804950
2025-12-09,8.800000190734863,8.920000076293945,8.65999984741211,8.720000267028809,212000
2025-12-10,8.729999542236328,9.399999618530272,8.609999656677246,9.25,480500
2025-12-11,9.1899995803833,9.1899995803833,8.630000114440918,8.699999809265137,436940
2025-12-12,8.699999809265137,8.789999961853027,8.609999656677246,8.609999656677246,106461
2025-12-15,8.600000381469727,8.600000381469727,8.260000228881836,8.319999694824219,225059
2025-12-16,8.319999694824219,8.5600004196167,8.229999542236328,8.40999984741211,78001
2025-12-17,8.40999984741211,8.4399995803833,8.239999771118164,8.420000076293945,83350
2025-12-18,8.289999961853027,8.380000114440918,8.100000381469727,8.25,129500
2025-12-19,8.25,8.289999961853027,8.109999656677246,8.109999656677246,140211
2025-12-22,8.109999656677246,8.239999771118164,7.96999979019165,8.109999656677246,143575
2025-12-23,8.109999656677246,8.1899995803833,7.929999828338623,8.050000190734863,146080
2025-12-24,8.039999961853027,8.130000114440918,8.029999732971191,8.079999923706055,54624
2025-12-26,8.130000114440918,8.880000114440918,8.100000381469727,8.880000114440918,741050
2025-12-29,9.640000343322754,9.65999984741211,8.880000114440918,9.050000190734863,786060
2025-12-30,9.050000190734863,9.050000190734863,8.710000038146973,8.84000015258789,168303
2025-12-31,8.420000076293945,8.829999923706055,8.420000076293945,8.609999656677246,93800
2026-01-02,8.609999656677246,8.84000015258789,8.609999656677246,8.670000076293945,122500
2026-01-05,9.06999969482422,9.06999969482422,8.510000228881836,8.75,162671
2026-01-06,8.75,8.75,8.25,8.489999771118164,392259
2026-01-07,8.529999732971191,9.329999923706056,8.529999732971191,9.140000343322754,851101
2026-01-08,8.699999809265137,8.699999809265137,8.350000381469727,8.5,578456
2026-01-09,8.630000114440918,8.630000114440918,8.0,8.489999771118164,315003
2026-01-12,8.489999771118164,8.619999885559082,8.399999618530273,8.619999885559082,188307
2026-01-13,8.619999885559082,8.670000076293945,8.5,8.5,130000
2026-01-14,8.5,8.600000381469727,8.40999984741211,8.579999923706055,131050
2026-01-15,8.720000267028809,9.260000228881836,8.649999618530273,8.920000076293945,300250
2026-01-16,8.75,9.100000381469728,8.699999809265137,9.050000190734863,301780
2026-01-19,9.050000190734863,9.140000343322754,8.949999809265137,9.029999732971191,362101
2026-01-20,9.1899995803833,9.93000030517578,9.029999732971191,9.93000030517578,1382067
2026-01-21,10.550000190734863,10.899999618530272,10.199999809265137,10.899999618530272,1150180
2026-01-22,11.449999809265137,11.649999618530272,10.399999618530272,10.449999809265137,2082122
2026-01-23,10.699999809265137,10.699999809265137,9.65999984741211,10.0,782999
2026-01-26,10.199999809265137,10.199999809265137,9.399999618530272,9.989999771118164,609000
2026-01-27,9.949999809265137,9.949999809265137,9.399999618530272,9.550000190734863,455925
2026-01-28,9.550000190734863,9.770000457763672,9.25,9.470000267028809,288755
2026-01-29,9.359999656677246,9.43000030517578,9.210000038146973,9.220000267028809,166241
2026-01-30,9.220000267028809,9.449999809265137,9.170000076293944,9.350000381469728,123157
2026-02-02,9.289999961853027,9.380000114440918,9.050000190734863,9.06999969482422,248561
2026-02-03,9.079999923706056,9.329999923706056,9.0,9.010000228881836,141000
2026-02-04,9.039999961853027,9.220000267028809,8.5,8.90999984741211,231294
2026-02-05,8.989999771118164,9.489999771118164,8.989999771118164,9.100000381469728,194750
2026-02-06,9.100000381469728,9.270000457763672,8.75,8.960000038146973,93003
2026-02-09,8.960000038146973,9.140000343322754,8.8100004196167,8.84000015258789,130010
2026-02-10,8.949999809265137,9.06999969482422,8.609999656677246,8.899999618530273,86100
2026-02-11,8.260000228881836,8.979999542236328,8.260000228881836,8.899999618530273,307901
2026-02-23,8.869999885559082,8.869999885559082,8.479999542236328,8.529999732971191,305114
2026-02-24,8.529999732971191,8.539999961853027,8.279999732971191,8.470000267028809,354224
2026-02-25,8.470000267028809,8.529999732971191,8.180000305175781,8.40999984741211,284756
2026-02-26,8.40999984741211,8.680000305175781,8.25,8.65999984741211,205583
2026-03-02,8.649999618530273,8.649999618530273,8.420000076293945,8.640000343322754,101033
2026-03-03,8.600000381469727,9.0,8.5600004196167,8.680000305175781,248008
2026-03-04,8.489999771118164,8.789999961853027,8.420000076293945,8.649999618530273,191504
2026-03-05,8.779999732971191,8.779999732971191,8.5,8.65999984741211,141104
2026-03-06,8.609999656677246,8.729999542236328,8.510000228881836,8.510000228881836,123240
2026-03-09,8.420000076293945,8.489999771118164,7.809999942779541,8.050000190734863,274008
2026-03-10,8.369999885559082,8.369999885559082,7.889999866485596,8.069999694824219,113667
2026-03-11,8.079999923706055,8.399999618530273,8.079999923706055,8.359999656677246,169752
2026-03-12,8.350000381469727,8.470000267028809,8.220000267028809,8.380000114440918,136200
2026-03-13,8.380000114440918,8.470000267028809,8.220000267028809,8.470000267028809,185003
2026-03-16,8.470000267028809,8.5,8.199999809265137,8.489999771118164,154285
2026-03-17,8.329999923706055,8.40999984741211,8.210000038146973,8.359999656677246,89200
2026-03-18,8.300000190734863,8.34000015258789,8.220000267028809,8.260000228881836,102005
2026-03-19,8.260000228881836,8.260000228881836,8.109999656677246,8.239999771118164,100101
2026-03-20,8.760000228881836,8.760000228881836,8.239999771118164,8.430000305175781,133013
2026-03-23,8.300000190734863,8.380000114440918,8.020000457763672,8.300000190734863,92077
2026-03-24,8.199999809265137,8.199999809265137,8.069999694824219,8.069999694824219,53500
2026-03-25,8.069999694824219,8.300000190734863,8.0,8.130000114440918,90890
2026-03-26,8.050000190734863,8.079999923706055,7.900000095367432,8.0600004196167,113000
2026-03-27,8.0,8.130000114440918,7.860000133514404,8.130000114440918,144418
2026-03-30,8.020000457763672,8.020000457763672,7.800000190734863,7.960000038146973,111959
2026-03-31,7.929999828338623,7.989999771118164,7.800000190734863,7.889999866485596,58500
2026-04-01,7.96999979019165,7.96999979019165,7.820000171661377,7.920000076293945,75001
2026-04-02,7.920000076293945,8.079999923706055,7.800000190734863,8.039999961853027,104000
2026-04-07,7.909999847412109,7.989999771118164,7.809999942779541,7.809999942779541,56022
2026-04-08,7.900000095367432,7.929999828338623,7.820000171661377,7.840000152587891,62030
2026-04-09,7.940000057220459,7.940000057220459,7.809999942779541,7.860000133514404,41902
2026-04-10,7.889999866485596,7.920000076293945,7.800000190734863,7.829999923706055,67611
2026-04-13,8.0,8.09000015258789,7.949999809265137,8.020000457763672,70750
2026-04-14,8.09000015258789,8.260000228881836,8.069999694824219,8.229999542236328,109202
2026-04-15,8.279999732971191,8.380000114440918,8.199999809265137,8.300000190734863,76301
2026-04-16,8.390000343322754,8.430000305175781,8.220000267028809,8.319999694824219,115750
2026-04-17,8.319999694824219,8.390000343322754,8.039999961853027,8.350000381469727,140707
2026-04-20,8.489999771118164,8.569999694824219,7.840000152587891,8.220000267028809,193300
2026-04-21,8.220000267028809,8.220000267028809,7.940000057220459,8.199999809265137,150350
2026-04-22,8.4399995803833,8.4399995803833,8.0,8.079999923706055,153389
2026-04-23,8.15999984741211,8.15999984741211,7.849999904632568,8.020000457763672,108002
2026-04-24,8.010000228881836,8.020000457763672,7.889999866485596,7.960000038146973,95300
2026-04-27,7.989999771118164,8.1899995803833,7.679999828338623,7.960000038146973,140488
2026-04-28,8.010000228881836,8.010000228881836,7.800000190734863,7.980000019073486,66000
2026-04-29,8.09000015258789,8.09000015258789,7.820000171661377,7.980000019073486,94000
2026-04-30,7.980000019073486,7.980000019073486,7.75,7.75,77000
2026-05-04,7.75,7.849999904632568,7.519999980926514,7.630000114440918,79926
2026-05-05,7.800000190734863,8.390000343322754,7.619999885559082,8.229999542236328,326104
2026-05-06,8.229999542236328,8.390000343322754,8.050000190734863,8.050000190734863,131500
2026-05-07,7.940000057220459,8.039999961853027,7.889999866485596,8.029999732971191,95822
2026-05-08,8.029999732971191,8.09000015258789,7.929999828338623,8.020000457763672,74301
2026-05-11,8.020000457763672,8.020000457763672,7.78000020980835,7.800000190734863,122338
2026-05-12,7.960000038146973,7.980000019073486,7.710000038146973,7.78000020980835,105900
2026-05-13,7.78000020980835,7.78000020980835,7.53000020980835,7.590000152587891,157000
2026-05-14,7.760000228881836,7.980000019073486,7.170000076293945,7.550000190734863,147100
2026-05-15,7.690000057220459,7.690000057220459,7.480000019073486,7.559999942779541,91000
2026-05-18,7.610000133514404,7.610000133514404,7.449999809265137,7.449999809265137,113309
2026-05-19,7.449999809265137,7.690000057220459,7.449999809265137,7.590000152587891,72253
2026-05-20,7.349999904632568,7.570000171661377,7.349999904632568,7.559999942779541,43900
2026-05-21,7.690000057220459,7.900000095367432,7.579999923706055,7.739999771118164,170020
2026-05-22,7.980000019073486,7.989999771118164,7.75,7.949999809265137,349467
2026-05-25,7.949999809265137,8.15999984741211,7.949999809265137,8.079999923706055,324430
2026-05-26,8.149999618530273,8.180000305175781,8.09000015258789,8.119999885559082,288601
2026-05-27,8.1899995803833,8.1899995803833,8.010000228881836,8.109999656677246,160300
2026-05-28,8.109999656677246,8.109999656677246,7.980000019073486,8.039999961853027,170090
2026-05-29,7.869999885559082,8.039999961853027,7.860000133514404,8.039999961853027,155506
2026-06-01,8.15999984741211,8.15999984741211,8.0,8.050000190734863,158142
2026-06-02,8.050000190734863,8.09000015258789,7.940000057220459,8.039999961853027,106300
2026-06-03,8.039999961853027,8.180000305175781,8.039999961853027,8.130000114440918,282127
2026-06-04,8.300000190734863,8.300000190734863,8.0600004196167,8.119999885559082,172000
2026-06-05,8.34000015258789,8.34000015258789,8.09000015258789,8.109999656677246,171145
2026-06-08,7.369999885559082,7.980000019073486,7.369999885559082,7.909999847412109,172011
2026-06-09,8.149999618530273,8.149999618530273,7.940000057220459,8.050000190734863,100250
2026-06-10,8.050000190734863,8.329999923706055,8.0,8.130000114440918,293599
2026-06-11,8.210000038146973,8.210000038146973,7.980000019073486,8.149999618530273,120204
2026-06-12,8.149999618530273,8.15999984741211,8.010000228881836,8.109999656677246,134600
2026-06-15,8.130000114440918,8.130000114440918,8.050000190734863,8.109999656677246,92347
2026-06-16,8.140000343322754,8.140000343322754,8.0,8.100000381469727,97500
2026-06-17,8.09000015258789,8.09000015258789,8.0,8.079999923706055,86500
2026-06-18,8.100000381469727,8.140000343322754,8.010000228881836,8.050000190734863,134985
2026-06-22,8.079999923706055,8.079999923706055,7.96999979019165,8.020000457763672,143101
2026-06-23,8.109999656677246,8.109999656677246,7.909999847412109,8.010000228881836,48982
2026-06-24,7.989999771118164,8.170000076293945,7.900000095367432,8.170000076293945,83096
2026-06-25,7.949999809265137,8.140000343322754,7.909999847412109,8.020000457763672,78000
2026-06-26,7.940000057220459,8.039999961853027,7.849999904632568,7.960000038146973,40000
2026-06-29,7.710000038146973,7.980000019073486,7.710000038146973,7.940000057220459,36034
2026-06-30,7.840000152587891,7.900000095367432,7.800000190734863,7.900000095367432,124002
2026-07-01,8.079999923706055,8.079999923706055,7.789999961853027,7.960000038146973,79045
2026-07-02,7.949999809265137,7.949999809265137,7.710000038146973,7.889999866485596,110000
2026-07-03,8.09000015258789,8.09000015258789,7.920000076293945,7.980000019073486,69000
2026-07-06,8.029999732971191,8.050000190734863,7.900000095367432,7.949999809265137,97000
2026-07-07,7.840000152587891,7.889999866485596,7.630000114440918,7.800000190734863,121000
2026-07-08,7.610000133514404,7.880000114440918,7.610000133514404,7.840000152587891,62000
2026-07-09,8.050000190734863,8.050000190734863,7.710000038146973,7.78000020980835,87550
2026-07-10,7.78000020980835,7.78000020980835,7.78000020980835,7.78000020980835,0
2026-07-13,7.800000190734863,7.929999828338623,7.699999809265137,7.840000152587891,90628
2026-07-14,8.0600004196167,8.0600004196167,7.710000038146973,7.820000171661377,101000
2026-07-15,7.659999847412109,7.849999904632568,7.659999847412109,7.739999771118164,58998
2026-07-16,7.78000020980835,7.78000020980835,7.690000057220459,7.769999980926514,38000
2026-07-17,8.020000457763672,8.020000457763672,7.630000114440918,7.630000114440918,90103
2026-07-20,7.630000114440918,7.639999866485596,7.059999942779541,7.320000171661377,161001
2026-07-21,7.320000171661377,7.559999942779541,7.159999847412109,7.440000057220459,57051
2026-07-22,7.789999961853027,7.789999961853027,7.329999923706055,7.46999979019165,63254
2026-07-23,7.46999979019165,7.690000057220459,7.239999771118164,7.380000114440918,51000
2026-07-24,7.440000057220459,7.440000057220459,7.239999771118164,7.360000133514404,66000
2026-07-27,7.329999923706055,7.440000057220459,7.050000190734863,7.380000114440918,65000
2026-07-28,7.119999885559082,7.210000038146973,7.0,7.170000076293945,127000
2026-07-29,7.170000076293945,7.239999771118164,7.0,7.110000133514404,152045
2026-07-30,7.110000133514404,7.340000152587891,7.0,7.119999885559082,71000
2026-07-31,7.369999885559082,7.369999885559082,7.0,7.019999980926514,67200
2026-08-03,7.090000152587891,7.119999885559082,6.860000133514404,7.070000171661377,66503
2026-08-04,6.869999885559082,7.090000152587891,6.739999771118164,6.880000114440918,143601
2026-08-05,6.880000114440918,6.989999771118164,6.800000190734863,6.949999809265137,165100
2026-08-06,7.099999904632568,7.139999866485596,6.849999904632568,6.949999809265137,79500
2026-08-07,6.949999809265137,7.079999923706055,6.869999885559082,7.050000190734863,54429
2026-08-10,7.099999904632568,7.150000095367432,6.989999771118164,7.090000152587891,94601
2026-08-11,7.099999904632568,7.099999904632568,7.039999961853027,7.099999904632568,21350
2026-08-12,7.099999904632568,7.110000133514404,7.0,7.110000133514404,25200
2026-08-13,7.340000152587891,7.340000152587891,7.019999980926514,7.110000133514404,64200
2026-08-14,7.050000190734863,7.28000020980835,7.010000228881836,7.110000133514404,62504
2026-08-17,7.110000133514404,7.170000076293945,7.110000133514404,7.150000095367432,95000
2026-08-18,7.170000076293945,7.170000076293945,7.059999942779541,7.150000095367432,33000
2026-08-19,7.179999828338623,7.179999828338623,6.960000038146973,7.130000114440918,38000
2026-08-20,7.130000114440918,7.139999866485596,6.940000057220459,7.090000152587891,54001
2026-08-21,7.190000057220459,7.190000057220459,7.059999942779541,7.099999904632568,35100
2026-08-24,7.170000076293945,7.170000076293945,7.0,7.099999904632568,100450
2026-08-25,7.0,7.090000152587891,6.980000019073486,7.090000152587891,50800
2026-08-26,7.139999866485596,7.139999866485596,7.070000171661377,7.099999904632568,57002
2026-08-27,7.130000114440918,7.150000095367432,7.010000228881836,7.150000095367432,103053
2026-08-28,7.139999866485596,7.380000114440918,7.099999904632568,7.119999885559082,53100
2026-08-31,7.320000171661377,7.320000171661377,7.059999942779541,7.130000114440918,31101
2026-09-01,7.139999866485596,7.190000057220459,7.059999942779541,7.079999923706055,55499
2026-09-02,7.099999904632568,7.21999979019165,7.050000190734863,7.090000152587891,22000
2026-09-03,7.300000190734863,7.300000190734863,6.900000095367432,7.079999923706055,71000
2026-09-04,7.039999961853027,7.110000133514404,7.039999961853027,7.090000152587891,54001
2026-09-07,7.309999942779541,7.510000228881836,7.010000228881836,7.099999904632568,88004
2026-09-08,7.159999847412109,7.159999847412109,6.949999809265137,7.079999923706055,58000
2026-09-09,7.019999980926514,7.070000171661377,7.0,7.070000171661377,54203
2026-09-10,7.079999923706055,7.130000114440918,7.019999980926514,7.090000152587891,40607
2026-09-11,7.090000152587891,7.179999828338623,7.03000020980835,7.110000133514404,68000
2026-09-14,6.940000057220459,7.079999923706055,6.940000057220459,7.070000171661377,37100
2026-09-15,7.25,7.25,6.980000019073486,7.070000171661377,17000
2026-09-16,7.119999885559082,7.119999885559082,6.96999979019165,7.059999942779541,77000
2026-09-17,7.050000190734863,7.070000171661377,6.949999809265137,7.070000171661377,54300
2026-09-18,7.699999809265137,7.699999809265137,7.110000133514404,7.300000190734863,296000
2026-09-21,7.369999885559082,7.369999885559082,7.159999847412109,7.28000020980835,63824
2026-09-22,7.269999980926514,7.389999866485596,6.909999847412109,7.119999885559082,106213
2026-09-23,7.010000228881836,7.119999885559082,7.010000228881836,7.110000133514404,39109
2026-09-24,7.309999942779541,7.309999942779541,7.019999980926514,7.110000133514404,32100
2026-09-29,7.170000076293945,7.170000076293945,6.920000076293945,7.090000152587891,44450
2026-09-30,7.0,7.110000133514404,7.0,7.099999904632568,27203
2026-10-01,7.079999923706055,7.090000152587891,7.019999980926514,7.090000152587891,42935
2026-10-02,7.070000171661377,7.119999885559082,6.96999979019165,7.090000152587891,66009
2026-10-05,6.96999979019165,7.070000171661377,6.960000038146973,7.050000190734863,59000
2026-10-06,7.0,7.110000133514404,6.989999771118164,7.079999923706055,50115
2026-10-07,7.079999923706055,7.099999904632568,7.019999980926514,7.079999923706055,21000
2026-10-08,7.070000171661377,7.139999866485596,7.010000228881836,7.090000152587891,39003
