date,open,high,low,close,volume
2020-01-02,84.0999984741211,84.69999694824219,83.0,83.80000305175781,1063000
2020-01-03,84.19999694824219,84.5,82.0999984741211,82.19999694824219,1224112
2020-01-06,81.80000305175781,82.0,79.69999694824219,79.9000015258789,1140169
2020-01-07,80.5,81.0999984741211,78.19999694824219,79.0,895103
2020-01-08,78.19999694824219,78.5,77.0999984741211,77.30000305175781,795000
2020-01-09,78.5,79.0,77.4000015258789,77.9000015258789,831080
2020-01-10,78.5,79.0,77.30000305175781,77.4000015258789,527000
2020-01-13,78.19999694824219,78.69999694824219,77.5,78.69999694824219,319105
2020-01-14,79.5,79.5,78.5,78.80000305175781,453050
2020-01-15,79.0,79.69999694824219,78.80000305175781,79.0,361000
2020-01-16,78.5999984741211,79.4000015258789,78.30000305175781,79.0,361200
2020-01-17,79.5,79.5,78.0,78.0,369300
2020-01-20,78.80000305175781,79.4000015258789,78.30000305175781,78.5,321000
2020-01-30,71.0999984741211,75.80000305175781,70.69999694824219,70.9000015258789,1212200
2020-01-31,71.0,72.4000015258789,69.80000305175781,71.30000305175781,686200
2020-02-03,66.19999694824219,69.30000305175781,65.9000015258789,69.0,1033000
2020-02-04,82.30000305175781,83.0,71.4000015258789,71.4000015258789,586767
2020-02-05,73.5,73.5,71.0999984741211,71.30000305175781,854003
2020-02-06,71.5999984741211,72.5,71.5,72.0999984741211,494150
2020-02-07,71.19999694824219,71.5,70.69999694824219,70.9000015258789,372100
2020-02-10,69.69999694824219,70.80000305175781,68.0,69.69999694824219,361000
2020-02-11,70.5,71.5999984741211,70.5,71.0999984741211,276252
2020-02-12,71.5,73.0,71.5,72.5,556000
2020-02-13,73.4000015258789,74.5,72.69999694824219,73.30000305175781,1048160
2020-02-14,73.30000305175781,73.69999694824219,72.9000015258789,73.19999694824219,374038
2020-02-17,71.4000015258789,72.30000305175781,70.69999694824219,72.30000305175781,433101
2020-02-18,71.80000305175781,73.5,71.80000305175781,73.19999694824219,480620
2020-02-19,72.9000015258789,75.5,72.9000015258789,74.80000305175781,925300
2020-02-20,74.80000305175781,75.5999984741211,73.80000305175781,75.30000305175781,751035
2020-02-21,76.30000305175781,77.5,76.19999694824219,76.19999694824219,1966711
2020-02-24,75.19999694824219,75.80000305175781,74.0999984741211,74.69999694824219,586289
2020-02-25,72.69999694824219,74.5,72.69999694824219,74.4000015258789,381200
2020-02-26,73.80000305175781,75.4000015258789,73.5999984741211,74.9000015258789,524010
2020-02-27,75.0999984741211,75.69999694824219,71.19999694824219,71.19999694824219,752101
2020-03-02,68.19999694824219,72.4000015258789,68.19999694824219,71.4000015258789,612000
2020-03-03,74.5999984741211,74.5999984741211,72.5999984741211,73.5999984741211,430100
2020-03-04,73.5999984741211,74.5,72.30000305175781,74.5,418130
2020-03-05,75.0,75.5,74.4000015258789,75.19999694824219,491104
2020-03-06,74.80000305175781,75.30000305175781,74.0,74.19999694824219,273000
2020-03-09,73.9000015258789,73.9000015258789,70.0,70.0,770000
2020-03-10,67.5999984741211,72.0,67.5999984741211,72.0,734000
2020-03-11,71.80000305175781,71.80000305175781,68.4000015258789,68.4000015258789,487505
2020-03-12,67.0,67.4000015258789,61.59999847412109,61.59999847412109,1825466
2020-03-13,55.5,57.29999923706055,55.5,56.09999847412109,1285776
2020-03-16,54.5,56.70000076293945,50.5,50.5,1702019
2020-03-17,46.0,50.0,45.45000076293945,45.45000076293945,2049100
2020-03-18,46.0,47.0,42.59999847412109,42.59999847412109,1530697
2020-03-19,40.04999923706055,40.900001525878906,38.34999847412109,38.34999847412109,1077038
2020-03-20,38.34999847412109,41.0,38.34999847412109,40.09999847412109,810500
2020-03-23,38.0,38.0,37.0,37.20000076293945,409539
2020-03-24,38.20000076293945,39.95000076293945,38.20000076293945,38.95000076293945,462021
2020-03-25,41.0,42.79999923706055,41.0,42.75,581030
2020-03-26,44.5,44.5,42.04999923706055,43.0,390011
2020-03-27,44.34999847412109,44.84999847412109,43.59999847412109,43.59999847412109,490126
2020-03-30,43.0,43.20000076293945,41.20000076293945,43.20000076293945,174003
2020-03-31,44.09999847412109,46.0,44.09999847412109,45.400001525878906,450024
2020-04-01,45.79999923706055,45.79999923706055,44.59999847412109,45.70000076293945,293230
2020-04-06,46.59999847412109,50.20000076293945,46.04999923706055,50.20000076293945,482222
2020-04-07,54.0,54.0,50.79999923706055,51.79999923706055,909561
2020-04-08,52.0,53.0,51.29999923706055,53.0,637816
2020-04-09,53.59999847412109,54.5,52.09999847412109,52.09999847412109,435333
2020-04-10,51.09999847412109,51.900001525878906,50.09999847412109,51.59999847412109,765354
2020-04-13,51.400001525878906,51.900001525878906,50.20000076293945,50.5,556141
2020-04-14,50.79999923706055,55.5,50.400001525878906,55.5,1279598
2020-04-15,59.09999847412109,60.0,56.09999847412109,58.70000076293945,3632305
2020-04-16,57.20000076293945,58.59999847412109,56.59999847412109,58.59999847412109,1215697
2020-04-17,59.79999923706055,60.79999923706055,57.70000076293945,58.59999847412109,1432100
2020-04-20,59.20000076293945,59.20000076293945,57.0,58.20000076293945,566642
2020-04-21,57.59999847412109,58.79999923706055,55.0,55.400001525878906,828300
2020-04-22,55.0,57.79999923706055,53.70000076293945,57.20000076293945,1005050
2020-04-23,57.29999923706055,58.29999923706055,56.400001525878906,57.29999923706055,498051
2020-04-24,57.0,57.79999923706055,56.59999847412109,57.0,385040
2020-04-27,57.5,59.5,57.20000076293945,58.20000076293945,724065
2020-04-28,58.400001525878906,58.70000076293945,57.5,58.20000076293945,465050
2020-04-29,58.79999923706055,60.79999923706055,58.29999923706055,59.0,1134100
2020-04-30,60.20000076293945,60.5,59.29999923706055,59.79999923706055,782010
2020-05-04,59.0,59.29999923706055,57.70000076293945,58.400001525878906,486000
2020-05-05,58.400001525878906,59.5,58.0,59.0,335100
2020-05-06,60.29999923706055,64.9000015258789,60.09999847412109,64.80000305175781,3462286
2020-05-07,65.0,65.5,63.5,64.0999984741211,2114054
2020-05-08,64.9000015258789,65.0,61.70000076293945,62.20000076293945,1054211
2020-05-11,62.5,62.900001525878906,61.29999923706055,62.59999847412109,491359
2020-05-12,62.09999847412109,63.5,61.5,61.70000076293945,620200
2020-05-13,61.59999847412109,62.20000076293945,61.29999923706055,61.5,357087
2020-05-14,61.5,62.20000076293945,58.59999847412109,59.29999923706055,544274
2020-05-15,60.29999923706055,60.70000076293945,58.20000076293945,59.0,419200
2020-05-18,58.29999923706055,60.0,57.70000076293945,58.0,374000
2020-05-19,58.5,60.0,58.20000076293945,59.0,325074
2020-05-20,59.29999923706055,60.20000076293945,59.20000076293945,59.900001525878906,357000
2020-05-21,60.400001525878906,62.20000076293945,60.29999923706055,62.0,581399
2020-05-22,62.20000076293945,62.20000076293945,59.29999923706055,59.29999923706055,581075
2020-05-25,59.59999847412109,61.59999847412109,59.0,60.900001525878906,433000
2020-05-26,61.29999923706055,62.70000076293945,61.20000076293945,61.29999923706055,691158
2020-05-27,62.0,64.30000305175781,61.79999923706055,62.09999847412109,1055000
2020-05-28,62.900001525878906,63.5,60.29999923706055,60.5,654001
2020-05-29,60.70000076293945,61.0,58.79999923706055,60.5,357400
2020-06-01,61.0,62.20000076293945,60.79999923706055,61.400001525878906,478399
2020-06-02,62.09999847412109,63.400001525878906,61.0,61.5,987542
2020-06-03,63.0,63.20000076293945,62.29999923706055,62.59999847412109,622300
2020-06-04,63.29999923706055,63.70000076293945,62.09999847412109,62.09999847412109,541260
2020-06-05,62.59999847412109,66.4000015258789,62.0,66.30000305175781,1760393
2020-06-08,66.30000305175781,66.30000305175781,64.0,64.4000015258789,1863311
2020-06-09,64.9000015258789,65.5,63.900001525878906,63.900001525878906,786568
2020-06-10,64.4000015258789,65.5,64.0,64.4000015258789,653113
2020-06-11,64.5,64.5,61.59999847412109,61.59999847412109,838000
2020-06-12,59.29999923706055,61.400001525878906,58.5,61.09999847412109,465340
2020-06-15,63.09999847412109,65.0,61.09999847412109,62.400001525878906,1285396
2020-06-16,63.400001525878906,64.9000015258789,62.59999847412109,63.5,950028
2020-06-17,64.0,68.5,64.0,65.0999984741211,4176294
2020-06-18,65.0999984741211,65.69999694824219,64.5999984741211,65.69999694824219,853705
2020-06-19,65.69999694824219,68.19999694824219,65.0999984741211,66.0999984741211,1467100
2020-06-22,66.0,67.30000305175781,65.69999694824219,66.0,617100
2020-06-23,67.80000305175781,69.69999694824219,66.0999984741211,66.0999984741211,1860230
2020-06-24,66.0999984741211,66.69999694824219,65.4000015258789,65.9000015258789,731174
2020-06-29,64.0,65.5,63.70000076293945,64.0,635160
2020-06-30,64.5,66.5,64.5,65.5999984741211,650527
2020-07-01,66.5999984741211,69.0,66.0999984741211,67.80000305175781,1922723
2020-07-02,68.19999694824219,69.4000015258789,67.4000015258789,68.80000305175781,1012197
2020-07-03,69.0,69.9000015258789,67.0,69.9000015258789,1384198
2020-07-06,69.30000305175781,70.9000015258789,68.0999984741211,69.69999694824219,1467430
2020-07-07,70.19999694824219,73.4000015258789,68.69999694824219,70.5,3067948
2020-07-08,70.80000305175781,72.80000305175781,70.69999694824219,71.4000015258789,1472404
2020-07-09,72.5999984741211,72.5999984741211,70.19999694824219,70.19999694824219,952105
2020-07-10,70.19999694824219,70.19999694824219,67.0999984741211,67.5999984741211,1006488
2020-07-13,70.5,70.5,67.5,68.5,992001
2020-07-14,68.5,69.0,67.5,67.69999694824219,310251
2020-07-15,68.80000305175781,68.9000015258789,66.0999984741211,66.5999984741211,412000
2020-07-16,66.69999694824219,67.5,66.0,66.5999984741211,382360
2020-07-17,67.19999694824219,67.19999694824219,65.0,65.30000305175781,533245
2020-07-20,66.0999984741211,66.9000015258789,63.900001525878906,66.80000305175781,431156
2020-07-21,67.0,68.80000305175781,67.0,67.80000305175781,642711
2020-07-22,68.0,69.5,67.5,67.80000305175781,618004
2020-07-23,68.4000015258789,68.9000015258789,66.9000015258789,67.0,355100
2020-07-24,67.0,67.19999694824219,63.70000076293945,64.9000015258789,507000
2020-07-27,64.9000015258789,65.5,62.09999847412109,62.59999847412109,651434
2020-07-28,61.400001525878906,63.20000076293945,60.09999847412109,60.20000076293945,790550
2020-07-29,59.09999847412109,63.0,59.09999847412109,61.400001525878906,559002
2020-07-30,62.09999847412109,62.59999847412109,61.70000076293945,62.400001525878906,290274
2020-07-31,61.70000076293945,63.0,61.70000076293945,62.59999847412109,285364
2020-08-03,62.900001525878906,63.0,62.20000076293945,62.59999847412109,210018
2020-08-04,62.900001525878906,64.0,62.79999923706055,63.09999847412109,275300
2020-08-05,63.09999847412109,64.30000305175781,62.900001525878906,63.79999923706055,338018
2020-08-06,64.0999984741211,65.0,62.400001525878906,62.59999847412109,373153
2020-08-07,62.900001525878906,63.0,61.400001525878906,61.70000076293945,306000
2020-08-10,61.900001525878906,62.29999923706055,60.59999847412109,61.0,346000
2020-08-11,61.59999847412109,61.59999847412109,60.0,60.09999847412109,279047
2020-08-12,60.29999923706055,60.400001525878906,59.29999923706055,59.59999847412109,222000
2020-08-13,60.20000076293945,60.79999923706055,59.5,59.59999847412109,268000
2020-08-14,59.79999923706055,60.59999847412109,59.5,60.5,261000
2020-08-17,61.0,62.0,60.59999847412109,61.20000076293945,232030
2020-08-18,61.0,61.400001525878906,59.20000076293945,59.5,695510
2020-08-19,59.5,60.09999847412109,59.0,59.20000076293945,350000
2020-08-20,59.20000076293945,59.20000076293945,53.59999847412109,55.09999847412109,691090
2020-08-21,55.09999847412109,58.29999923706055,55.09999847412109,57.59999847412109,365100
2020-08-24,57.59999847412109,59.0,57.29999923706055,58.09999847412109,394200
2020-08-25,58.29999923706055,60.0,58.09999847412109,58.900001525878906,327018
2020-08-26,59.29999923706055,59.5,58.59999847412109,59.29999923706055,173001
2020-08-27,59.5,60.59999847412109,59.0,59.09999847412109,220105
2020-08-28,59.09999847412109,59.59999847412109,58.400001525878906,59.29999923706055,159200
2020-08-31,59.29999923706055,60.70000076293945,59.09999847412109,59.29999923706055,378041
2020-09-01,59.5,59.70000076293945,58.59999847412109,59.5,189000
2020-09-02,60.0,60.900001525878906,59.59999847412109,60.5,459000
2020-09-03,61.0,61.70000076293945,59.5,59.5,528105
2020-09-04,59.0,59.59999847412109,58.09999847412109,59.59999847412109,208000
2020-09-07,59.59999847412109,60.70000076293945,59.0,59.0,247100
2020-09-08,59.09999847412109,60.0,59.09999847412109,59.400001525878906,132000
2020-09-09,59.09999847412109,59.09999847412109,58.0,58.5,252258
2020-09-10,58.79999923706055,59.20000076293945,57.79999923706055,57.79999923706055,169000
2020-09-11,57.79999923706055,58.0,57.0,57.0,186000
2020-09-14,57.0,58.70000076293945,57.0,58.5,238000
2020-09-15,58.70000076293945,60.29999923706055,58.70000076293945,59.70000076293945,267000
2020-09-16,60.09999847412109,60.400001525878906,58.79999923706055,58.79999923706055,171000
2020-09-17,58.900001525878906,59.900001525878906,58.900001525878906,59.20000076293945,135060
2020-09-18,59.20000076293945,59.79999923706055,58.900001525878906,59.09999847412109,75000
2020-09-21,59.400001525878906,60.20000076293945,58.900001525878906,59.0,194002
2020-09-22,58.900001525878906,58.900001525878906,56.900001525878906,57.5,153000
2020-09-23,57.70000076293945,57.70000076293945,57.0,57.0,147621
2020-09-24,57.0,57.0,55.20000076293945,55.29999923706055,214141
2020-09-25,55.900001525878906,56.900001525878906,54.09999847412109,54.5,275000
2020-09-28,54.900001525878906,55.79999923706055,54.79999923706055,55.09999847412109,125001
2020-09-29,55.29999923706055,55.59999847412109,54.900001525878906,55.29999923706055,91000
2020-09-30,55.29999923706055,55.900001525878906,55.0,55.29999923706055,117000
2020-10-05,54.70000076293945,56.900001525878906,54.70000076293945,55.59999847412109,152000
2020-10-06,54.0,57.09999847412109,54.0,56.59999847412109,514001
2020-10-07,56.0,57.0,56.0,56.59999847412109,80102
2020-10-08,56.59999847412109,57.20000076293945,56.0,56.5,154200
2020-10-12,57.0,57.09999847412109,55.0,55.09999847412109,275158
2020-10-13,55.20000076293945,55.20000076293945,54.09999847412109,54.29999923706055,103000
2020-10-14,54.29999923706055,55.20000076293945,54.29999923706055,54.59999847412109,114000
2020-10-15,55.400001525878906,55.400001525878906,54.20000076293945,54.59999847412109,156010
2020-10-16,54.79999923706055,54.79999923706055,54.09999847412109,54.20000076293945,148247
2020-10-19,54.79999923706055,54.900001525878906,54.29999923706055,54.79999923706055,115120
2020-10-20,54.79999923706055,55.09999847412109,54.0,54.0,105000
2020-10-21,54.20000076293945,54.70000076293945,54.09999847412109,54.400001525878906,136062
2020-10-22,55.09999847412109,55.09999847412109,54.09999847412109,54.29999923706055,162000
2020-10-23,54.59999847412109,54.900001525878906,54.29999923706055,54.5,115185
2020-10-26,54.900001525878906,55.0,54.09999847412109,54.59999847412109,109100
2020-10-27,54.5,54.5,53.20000076293945,53.5,194000
2020-10-28,53.5,53.79999923706055,50.79999923706055,51.79999923706055,444033
2020-10-29,51.5,52.400001525878906,50.79999923706055,52.400001525878906,174000
2020-10-30,52.29999923706055,52.70000076293945,51.59999847412109,51.900001525878906,112000
2020-11-02,51.70000076293945,51.70000076293945,50.900001525878906,50.900001525878906,119173
2020-11-03,51.09999847412109,54.29999923706055,51.09999847412109,53.70000076293945,339000
2020-11-04,53.70000076293945,54.0,52.900001525878906,52.900001525878906,151000
2020-11-05,52.79999923706055,54.0,52.79999923706055,53.59999847412109,165052
2020-11-06,54.0,54.29999923706055,53.0,53.29999923706055,111000
2020-11-09,53.29999923706055,54.400001525878906,53.29999923706055,53.70000076293945,201000
2020-11-10,53.5,54.79999923706055,53.29999923706055,54.0,232701
2020-11-11,54.0,54.70000076293945,54.0,54.5,138000
2020-11-12,55.0,59.900001525878906,54.5,59.900001525878906,1338001
2020-11-13,59.900001525878906,63.0,59.0,61.59999847412109,4215000
2020-11-16,61.0,61.900001525878906,59.59999847412109,59.70000076293945,817249
2020-11-17,60.0,60.0,57.5,57.79999923706055,568015
2020-11-18,58.20000076293945,59.5,58.0,58.900001525878906,531034
2020-11-19,58.79999923706055,59.79999923706055,58.20000076293945,58.59999847412109,309155
2020-11-20,57.70000076293945,59.79999923706055,57.70000076293945,58.79999923706055,314000
2020-11-23,59.5,60.400001525878906,59.0,59.29999923706055,459053
2020-11-24,58.400001525878906,59.5,58.0,58.20000076293945,358000
2020-11-25,58.70000076293945,60.400001525878906,58.5,59.0,612000
2020-11-26,60.0,60.59999847412109,59.20000076293945,60.0,563000
2020-11-27,60.70000076293945,62.79999923706055,59.59999847412109,61.0,1692075
2020-11-30,61.70000076293945,61.70000076293945,59.5,59.70000076293945,666070
2020-12-01,60.0,60.20000076293945,58.70000076293945,59.09999847412109,283000
2020-12-02,59.400001525878906,61.900001525878906,59.29999923706055,61.09999847412109,668100
2020-12-03,61.70000076293945,62.20000076293945,60.29999923706055,60.29999923706055,482009
2020-12-04,60.20000076293945,61.29999923706055,59.59999847412109,59.59999847412109,426263
2020-12-07,60.0,60.20000076293945,58.70000076293945,59.09999847412109,347072
2020-12-08,59.09999847412109,60.0,59.0,59.0,188050
2020-12-09,59.09999847412109,61.79999923706055,59.09999847412109,60.59999847412109,909000
2020-12-10,60.59999847412109,60.59999847412109,58.5,59.400001525878906,394000
2020-12-11,59.400001525878906,59.900001525878906,57.0,57.5,418608
2020-12-14,57.29999923706055,58.79999923706055,57.09999847412109,57.79999923706055,192020
2020-12-15,58.5,58.70000076293945,56.09999847412109,56.29999923706055,300187
2020-12-16,56.59999847412109,58.79999923706055,56.59999847412109,58.20000076293945,326000
2020-12-17,58.20000076293945,60.29999923706055,57.900001525878906,58.5,351200
2020-12-18,59.29999923706055,61.20000076293945,59.29999923706055,60.0,713088
2020-12-21,60.0,60.0,58.20000076293945,58.59999847412109,271080
2020-12-22,58.59999847412109,59.20000076293945,56.70000076293945,56.79999923706055,379480
2020-12-23,56.79999923706055,58.20000076293945,56.79999923706055,57.70000076293945,220100
2020-12-24,57.70000076293945,58.70000076293945,57.59999847412109,57.59999847412109,170000
2020-12-25,59.0,59.0,57.59999847412109,58.0,180200
2020-12-28,58.59999847412109,59.900001525878906,58.20000076293945,59.20000076293945,253200
2020-12-29,59.29999923706055,63.400001525878906,59.29999923706055,61.0,1651091
2020-12-30,61.0,61.5,60.20000076293945,61.5,427308
2020-12-31,62.59999847412109,62.79999923706055,60.5,60.70000076293945,467050
2021-01-04,60.70000076293945,62.70000076293945,60.70000076293945,61.29999923706055,606000
2021-01-05,61.59999847412109,62.0,60.29999923706055,60.400001525878906,371060
2021-01-06,60.59999847412109,61.400001525878906,58.29999923706055,58.70000076293945,430565
2021-01-07,58.900001525878906,60.0,58.29999923706055,59.20000076293945,272258
2021-01-08,59.29999923706055,59.59999847412109,57.70000076293945,58.20000076293945,366000
2021-01-11,58.20000076293945,58.70000076293945,57.59999847412109,58.70000076293945,213000
2021-01-12,58.70000076293945,59.5,57.0,57.0,401023
2021-01-13,57.09999847412109,58.70000076293945,57.09999847412109,58.09999847412109,170000
2021-01-14,57.900001525878906,59.09999847412109,57.900001525878906,58.70000076293945,285000
2021-01-15,59.0,59.5,56.79999923706055,57.20000076293945,382300
2021-01-18,56.900001525878906,57.20000076293945,55.0,56.59999847412109,232100
2021-01-19,56.70000076293945,57.900001525878906,56.70000076293945,57.0,177004
2021-01-20,57.09999847412109,57.09999847412109,55.0,55.20000076293945,388200
2021-01-21,55.20000076293945,55.79999923706055,53.400001525878906,54.0,402000
2021-01-22,54.70000076293945,55.09999847412109,53.70000076293945,54.900001525878906,328000
2021-01-25,55.400001525878906,55.400001525878906,54.20000076293945,54.59999847412109,220000
2021-01-26,54.5,55.400001525878906,53.5,53.79999923706055,204355
2021-01-27,54.0,54.29999923706055,53.29999923706055,54.0,156000
2021-01-28,53.5,54.59999847412109,53.20000076293945,53.29999923706055,187000
2021-01-29,54.400001525878906,57.79999923706055,53.70000076293945,54.400001525878906,1314100
2021-02-01,55.900001525878906,56.0,53.0,53.09999847412109,435050
2021-02-02,53.59999847412109,55.0,53.5,54.20000076293945,297050
2021-02-03,55.79999923706055,59.59999847412109,55.09999847412109,59.59999847412109,3642216
2021-02-04,58.5,59.59999847412109,57.5,59.09999847412109,2426349
2021-02-05,59.400001525878906,60.59999847412109,57.5,57.5,825010
2021-02-17,56.29999923706055,57.5,55.0,55.0,900652
2021-02-18,56.0,60.5,56.0,59.79999923706055,2209155
2021-02-19,59.79999923706055,65.69999694824219,59.5,65.69999694824219,4468011
2021-02-22,66.30000305175781,72.0,66.0,70.9000015258789,6587596
2021-02-23,69.80000305175781,70.4000015258789,67.0999984741211,68.0,2520058
2021-02-24,68.69999694824219,69.9000015258789,66.0999984741211,66.80000305175781,1718602
2021-02-25,68.5,68.5999984741211,65.0,65.19999694824219,1114998
2021-02-26,64.5,66.69999694824219,63.09999847412109,64.9000015258789,1315020
2021-03-02,66.5,66.5,62.5,63.20000076293945,800201
2021-03-03,63.0,64.0,61.0,63.09999847412109,856062
2021-03-04,62.5,63.79999923706055,61.5,61.900001525878906,581370
2021-03-05,61.5,66.19999694824219,61.5,62.5,2371100
2021-03-08,63.79999923706055,64.19999694824219,62.0,62.70000076293945,575501
2021-03-09,63.0,64.0,62.20000076293945,63.29999923706055,474103
2021-03-10,64.0,68.5,63.59999847412109,65.69999694824219,2440104
2021-03-11,66.4000015258789,67.80000305175781,65.69999694824219,66.4000015258789,1199076
2021-03-12,67.0999984741211,67.0999984741211,65.0,65.5,646000
2021-03-15,65.5,66.5,64.80000305175781,65.80000305175781,573008
2021-03-16,66.9000015258789,71.0,66.19999694824219,68.19999694824219,4157200
2021-03-17,68.19999694824219,69.19999694824219,67.80000305175781,69.0,992228
2021-03-18,69.19999694824219,75.9000015258789,69.19999694824219,75.9000015258789,4846641
2021-03-19,79.0,83.4000015258789,78.4000015258789,83.4000015258789,7728723
2021-03-22,86.5999984741211,91.6999969482422,86.5,91.6999969482422,4915806
2021-03-23,97.0,100.0,82.5999984741211,82.69999694824219,19593448
2021-03-24,82.80000305175781,84.4000015258789,79.30000305175781,81.4000015258789,6816040
2021-03-25,81.5999984741211,82.19999694824219,76.4000015258789,77.30000305175781,5140250
2021-03-26,78.0,80.0,76.19999694824219,79.80000305175781,3613732
2021-03-29,81.80000305175781,81.80000305175781,79.0,80.0,3325011
2021-03-30,81.69999694824219,86.4000015258789,80.5,84.0,8916421
2021-03-31,82.9000015258789,89.69999694824219,82.9000015258789,87.30000305175781,8820650
2021-04-01,89.69999694824219,95.4000015258789,88.5999984741211,89.5999984741211,8494706
2021-04-07,88.19999694824219,94.1999969482422,87.0,92.5999984741211,5630687
2021-04-08,92.5999984741211,96.0,90.0,90.0999984741211,6496393
2021-04-09,91.0999984741211,93.0,87.5,87.69999694824219,2844643
2021-04-12,91.9000015258789,91.9000015258789,85.5,85.5,2957147
2021-04-13,85.5999984741211,88.9000015258789,84.5999984741211,85.5,2165100
2021-04-14,85.80000305175781,86.19999694824219,78.5999984741211,83.0,3817000
2021-04-15,83.80000305175781,87.5,82.0999984741211,86.4000015258789,1930003
2021-04-16,86.4000015258789,91.3000030517578,85.69999694824219,89.4000015258789,4010054
2021-04-19,89.4000015258789,91.4000015258789,86.69999694824219,88.5999984741211,2960233
2021-04-20,87.9000015258789,92.5999984741211,87.80000305175781,91.5999984741211,3417558
2021-04-21,91.5999984741211,92.5,88.5,89.5,2998046
2021-04-22,90.6999969482422,90.8000030517578,84.0,84.0999984741211,2882155
2021-04-23,84.19999694824219,86.19999694824219,83.5,86.19999694824219,1466181
2021-04-26,85.5999984741211,89.0,85.0,87.0999984741211,1666320
2021-04-27,86.5,87.9000015258789,85.0999984741211,85.0999984741211,1215006
2021-04-28,85.5,88.5,84.9000015258789,87.30000305175781,1880000
2021-04-29,87.80000305175781,88.5,84.5,85.19999694824219,1130000
2021-05-03,84.0,84.80000305175781,79.69999694824219,79.69999694824219,1525514
2021-05-04,79.0999984741211,80.5,71.80000305175781,76.9000015258789,2467330
2021-05-05,76.0,78.80000305175781,75.0,75.30000305175781,646000
2021-05-06,77.5,77.5,72.5999984741211,75.19999694824219,1454038
2021-05-07,77.0,82.30000305175781,76.5,80.5999984741211,1964030
2021-05-10,80.0,80.0,76.80000305175781,78.5,794000
2021-05-11,76.0,76.0,70.69999694824219,71.80000305175781,1429257
2021-05-12,71.69999694824219,74.69999694824219,66.0,70.0,1889250
2021-05-13,68.0,72.30000305175781,66.5,69.9000015258789,1247101
2021-05-14,70.5999984741211,72.0,67.0,67.4000015258789,1076012
2021-05-17,61.59999847412109,67.19999694824219,61.59999847412109,63.09999847412109,1156110
2021-05-18,64.30000305175781,69.4000015258789,63.900001525878906,69.30000305175781,920003
2021-05-19,69.30000305175781,71.19999694824219,67.0,70.4000015258789,760350
2021-05-20,69.0999984741211,71.19999694824219,67.80000305175781,68.4000015258789,465052
2021-05-21,68.30000305175781,72.5,68.30000305175781,71.9000015258789,622722
2021-05-24,72.80000305175781,76.0,71.0999984741211,76.0,1061190
2021-05-25,77.5,78.19999694824219,73.0,73.19999694824219,2120232
2021-05-26,73.9000015258789,76.0999984741211,73.5,74.0,835610
2021-05-27,74.19999694824219,76.5999984741211,74.0999984741211,74.5,780221
2021-05-28,75.0999984741211,75.69999694824219,74.5999984741211,74.5999984741211,515060
2021-05-31,75.19999694824219,76.0,74.0999984741211,74.80000305175781,471033
2021-06-01,74.9000015258789,82.0,74.9000015258789,76.5,1993182
2021-06-02,77.0999984741211,78.0,75.0999984741211,76.30000305175781,580204
2021-06-03,76.69999694824219,78.30000305175781,76.19999694824219,76.5999984741211,445025
2021-06-04,77.5,77.5,74.5,75.0,596984
2021-06-07,75.4000015258789,76.5,72.0,75.80000305175781,463247
2021-06-08,75.9000015258789,77.19999694824219,75.0999984741211,75.9000015258789,341108
2021-06-09,75.9000015258789,78.0,75.5,75.69999694824219,438076
2021-06-10,76.9000015258789,77.5999984741211,75.80000305175781,76.9000015258789,438182
2021-06-11,77.9000015258789,78.30000305175781,75.69999694824219,76.5,502036
2021-06-15,76.80000305175781,79.0,75.69999694824219,79.0,678010
2021-06-16,80.19999694824219,80.5999984741211,75.4000015258789,75.5,1572255
2021-06-17,76.0999984741211,77.5999984741211,75.69999694824219,77.30000305175781,583045
2021-06-18,77.30000305175781,78.80000305175781,77.0999984741211,77.19999694824219,425076
2021-06-21,77.4000015258789,77.4000015258789,75.80000305175781,75.80000305175781,381020
2021-06-22,76.30000305175781,77.0,75.69999694824219,75.80000305175781,349001
2021-06-23,75.5999984741211,78.5999984741211,75.5999984741211,77.80000305175781,662107
2021-06-24,77.80000305175781,81.0,77.80000305175781,79.9000015258789,1108000
2021-06-25,80.0,87.80000305175781,79.9000015258789,87.80000305175781,3120579
2021-06-28,89.5,92.8000030517578,86.4000015258789,90.9000015258789,6682845
2021-06-29,91.5,94.1999969482422,89.0,89.5999984741211,4025405
2021-06-30,90.5,92.5999984741211,89.80000305175781,90.0,1280524
2021-07-01,90.5,93.4000015258789,87.5,87.80000305175781,2051166
2021-07-02,89.0,91.8000030517578,88.0,88.80000305175781,1297300
2021-07-05,91.0,94.5999984741211,90.0,92.0,3218542
2021-07-06,92.1999969482422,94.1999969482422,88.9000015258789,89.9000015258789,1621030
2021-07-07,90.1999969482422,91.1999969482422,88.4000015258789,88.4000015258789,623121
2021-07-08,89.4000015258789,91.8000030517578,88.80000305175781,89.0,718030
2021-07-09,88.0,91.0,87.5,89.4000015258789,667090
2021-07-12,90.0,98.0,89.69999694824219,98.0,3572946
2021-07-13,99.0,99.0,88.19999694824219,88.19999694824219,6094055
2021-07-14,85.0999984741211,85.80000305175781,80.5,82.0999984741211,2635027
2021-07-15,82.80000305175781,83.9000015258789,81.19999694824219,82.19999694824219,1105080
2021-07-16,82.19999694824219,84.0999984741211,81.4000015258789,83.4000015258789,597164
2021-07-19,82.19999694824219,82.69999694824219,80.5,80.80000305175781,876541
2021-07-20,79.69999694824219,80.4000015258789,77.69999694824219,78.9000015258789,788240
2021-07-21,79.5,81.0,77.0,77.0999984741211,637250
2021-07-22,78.30000305175781,79.5999984741211,77.69999694824219,79.0,478998
2021-07-23,79.9000015258789,82.5,79.5,81.5,913030
2021-07-26,82.19999694824219,82.19999694824219,80.0999984741211,80.4000015258789,487000
2021-07-27,81.80000305175781,84.69999694824219,80.5999984741211,81.5,1431530
2021-07-28,81.69999694824219,83.19999694824219,76.69999694824219,82.0,1205000
2021-07-29,87.0,88.5999984741211,83.0999984741211,83.5999984741211,3000200
2021-07-30,84.30000305175781,85.5999984741211,83.5,84.19999694824219,619600
2021-08-02,84.30000305175781,87.4000015258789,84.30000305175781,86.80000305175781,1053503
2021-08-03,85.5,89.4000015258789,84.9000015258789,89.0999984741211,1367498
2021-08-04,90.0,92.5,88.4000015258789,88.80000305175781,3107500
2021-08-05,90.5,92.5,89.0,90.5,2126214
2021-08-06,90.5999984741211,94.5,90.5999984741211,94.0,4061751
2021-08-09,93.0,95.5999984741211,91.1999969482422,93.3000030517578,3226269
2021-08-10,94.3000030517578,101.0,92.5,97.1999969482422,10420347
2021-08-11,97.0,97.9000015258789,92.3000030517578,94.5999984741211,5936050
2021-08-12,95.0,96.4000015258789,86.30000305175781,86.80000305175781,5076007
2021-08-13,87.5999984741211,94.5999984741211,87.5999984741211,93.0,7477149
2021-08-16,90.0999984741211,91.8000030517578,85.0,87.5,6346050
2021-08-17,87.5,87.5,87.5,87.5,0
2021-08-18,86.0,91.3000030517578,84.19999694824219,91.0999984741211,3709215
2021-08-19,88.80000305175781,93.4000015258789,88.5,90.0999984741211,2383150
2021-08-20,90.0999984741211,91.0,86.0,86.19999694824219,3389134
2021-08-23,87.19999694824219,89.0,87.0,87.80000305175781,1340000
2021-08-24,88.9000015258789,96.5,88.9000015258789,96.5,5526225
2021-08-25,102.0,106.0,99.5,106.0,11199598
2021-08-26,113.5,116.5,109.5,116.5,23452505
2021-08-27,115.5,119.0,107.5,119.0,16697495
2021-08-30,120.0,122.0,111.0,115.0,20263065
2021-08-31,113.0,121.0,111.5,121.0,10732612
2021-09-01,120.0,125.0,113.5,114.0,21914974
2021-09-02,113.5,120.0,112.0,116.0,9801302
2021-09-03,114.0,117.0,109.0,111.5,6434668
2021-09-06,111.5,121.0,110.0,119.0,9421967
2021-09-07,115.5,119.0,108.0,112.5,9476120
2021-09-08,111.5,114.5,107.5,107.5,4035141
2021-09-09,108.0,112.5,104.5,109.0,7314196
2021-09-10,106.0,107.5,101.0,103.5,6330489
2021-09-13,103.5,108.0,101.0,106.0,3796243
2021-09-14,105.0,106.0,101.0,101.5,2184323
2021-09-15,100.5,103.5,98.0,98.0,3082746
2021-09-16,99.0,100.5,96.8000030517578,97.0,3044641
2021-09-17,97.0,97.6999969482422,96.0999984741211,97.0999984741211,1492110
2021-09-22,97.0,106.5,96.0999984741211,106.5,6058000
2021-09-23,110.0,111.0,103.5,105.0,11926620
2021-09-24,107.0,109.0,103.5,105.0,4813514
2021-09-27,106.0,115.0,104.5,110.5,7492780
2021-09-28,108.5,120.0,107.0,114.5,17264141
2021-09-29,112.0,114.0,104.0,107.0,7253108
2021-09-30,107.5,112.0,105.0,112.0,4832235
2021-10-01,109.0,110.0,104.0,106.0,3425210
2021-10-04,107.5,110.0,101.0,102.5,5594061
2021-10-05,102.0,106.0,97.5,106.0,4247100
2021-10-06,105.0,105.5,99.5999984741211,99.9000015258789,2593199
2021-10-07,102.5,109.5,102.0,109.5,3032105
2021-10-08,110.0,114.0,105.5,109.0,10713169
2021-10-12,112.0,119.5,110.5,110.5,16071010
2021-10-13,113.5,121.5,111.0,121.5,22264067
2021-10-14,125.0,126.5,109.5,109.5,25420863
2021-10-15,108.5,113.5,106.5,112.0,17035360
2021-10-18,111.0,114.0,108.0,112.0,5802050
2021-10-19,112.0,113.5,108.5,112.0,6545353
2021-10-20,111.5,123.0,110.5,118.0,20955280
2021-10-21,118.5,126.0,118.0,122.0,21805724
2021-10-22,126.0,134.0,124.0,134.0,36939679
2021-10-25,137.0,142.5,135.0,137.0,31805287
2021-10-26,134.5,145.0,130.5,134.5,32924600
2021-10-27,135.0,140.5,132.5,134.5,14417534
2021-10-28,137.5,142.0,129.5,130.0,19389093
2021-10-29,132.0,138.0,129.5,131.0,18435271
2021-11-01,132.5,144.0,131.5,144.0,24825780
2021-11-02,147.0,151.5,132.5,136.0,29558613
2021-11-03,138.0,139.0,130.0,134.5,7529483
2021-11-04,136.5,140.0,131.0,131.5,8279402
2021-11-05,135.0,135.5,131.0,132.0,5068000
2021-11-08,132.0,136.0,127.0,133.0,6259000
2021-11-09,134.0,140.5,131.5,131.5,15293912
2021-11-10,131.5,136.0,131.0,133.5,6561905
2021-11-11,131.5,136.0,128.5,130.0,6720056
2021-11-12,131.5,139.0,131.5,135.5,9885506
2021-11-15,138.5,141.5,135.0,136.5,11001823
2021-11-16,138.0,139.0,132.5,133.0,5176244
2021-11-17,135.0,146.0,135.0,146.0,15936033
2021-11-18,150.5,152.0,140.5,140.5,21216915
2021-11-19,142.5,154.0,140.0,140.0,21192997
2021-11-22,142.0,143.5,136.0,136.5,5745342
2021-11-23,135.0,138.0,131.5,131.5,4636103
2021-11-24,132.0,134.0,126.0,127.0,4613647
2021-11-25,129.0,132.5,127.0,127.0,4187637
2021-11-26,127.5,128.5,120.5,120.5,3705311
2021-11-29,116.0,123.0,116.0,120.5,4896184
2021-11-30,121.5,126.0,121.0,124.5,3614283
2021-12-01,122.5,126.0,121.5,125.5,2377140
2021-12-02,125.0,127.0,123.0,123.0,2458080
2021-12-03,127.5,135.0,127.5,129.0,9457650
2021-12-06,129.0,133.0,127.5,129.0,3393125
2021-12-07,130.5,131.5,124.5,124.5,2869270
2021-12-08,127.0,129.5,126.0,128.0,2904153
2021-12-09,129.5,132.5,127.0,127.0,4308130
2021-12-10,129.0,129.0,125.0,125.0,1386505
2021-12-13,126.5,126.5,121.0,122.5,1744380
2021-12-14,122.0,122.5,112.5,114.5,3887322
2021-12-15,115.5,122.0,115.0,120.0,2529400
2021-12-16,121.5,124.5,120.0,122.0,2510243
2021-12-17,120.0,121.0,117.0,119.5,1372003
2021-12-20,119.0,122.0,117.5,119.5,980020
2021-12-21,120.5,123.5,117.5,118.0,3046141
2021-12-22,119.5,124.0,119.0,123.0,3284110
2021-12-23,123.0,124.0,120.0,120.5,1729050
2021-12-24,121.5,121.5,119.0,119.0,832107
2021-12-27,120.0,123.0,119.5,122.0,1111796
2021-12-28,124.0,124.0,119.0,119.5,1371045
2021-12-29,120.5,120.5,118.5,120.0,547001
2021-12-30,120.0,120.0,116.5,117.5,1023020
2022-01-03,118.0,119.5,115.0,119.5,1079001
2022-01-04,119.5,119.5,117.0,117.5,787250
2022-01-05,118.0,118.5,113.0,113.5,1226290
2022-01-06,112.5,116.0,110.0,115.0,1442280
2022-01-07,114.0,114.5,106.5,108.0,2358331
2022-01-10,106.5,109.0,105.0,109.0,1384000
2022-01-11,107.0,107.5,102.5,104.0,1807200
2022-01-12,105.0,107.5,101.5,101.5,1442136
2022-01-13,102.0,104.5,99.0,103.5,2796110
2022-01-14,101.0,101.0,97.0,99.3000030517578,2793100
2022-01-17,100.0,102.0,97.5,101.0,2927050
2022-01-18,100.0,104.5,99.9000015258789,103.5,1193950
2022-01-19,102.0,102.0,99.6999969482422,99.6999969482422,1043070
2022-01-20,100.0,100.0,98.4000015258789,98.6999969482422,975100
2022-01-21,98.0,98.0,95.6999969482422,95.6999969482422,1195040
2022-01-24,94.5,95.5999984741211,91.6999969482422,95.0,1415100
2022-01-25,96.9000015258789,97.5,92.4000015258789,92.4000015258789,1990010
2022-01-26,92.5,92.9000015258789,90.5,90.9000015258789,1714999
2022-02-07,92.5,94.1999969482422,90.0,94.1999969482422,1332431
2022-02-08,94.9000015258789,97.0,93.0,96.0,1119000
2022-02-09,96.8000030517578,97.5999984741211,95.1999969482422,96.3000030517578,1083029
2022-02-10,97.0,97.0,94.4000015258789,94.5,920000
2022-02-11,93.1999969482422,96.4000015258789,93.1999969482422,95.8000030517578,950100
2022-02-14,94.8000030517578,94.8000030517578,91.0999984741211,91.0999984741211,1158015
2022-02-15,92.3000030517578,94.4000015258789,91.5,92.0,1148000
2022-02-16,94.0999984741211,94.0999984741211,92.5999984741211,93.5999984741211,807072
2022-02-17,94.0,94.1999969482422,90.5999984741211,90.9000015258789,1255000
2022-02-18,89.69999694824219,91.1999969482422,89.0999984741211,89.30000305175781,1178212
2022-02-21,88.30000305175781,89.5999984741211,87.5,89.0999984741211,1041021
2022-02-22,88.5,89.0999984741211,85.0,85.69999694824219,1511350
2022-02-23,86.69999694824219,87.0,85.69999694824219,86.0999984741211,817000
2022-02-24,85.4000015258789,85.4000015258789,80.5,81.80000305175781,2035000
2022-02-25,83.5,84.80000305175781,82.4000015258789,84.4000015258789,1365450
2022-03-01,84.19999694824219,85.80000305175781,82.4000015258789,85.69999694824219,1399158
2022-03-02,84.0,85.0999984741211,82.9000015258789,84.5,907030
2022-03-03,85.5,90.5,85.0999984741211,87.5999984741211,2833498
2022-03-04,85.69999694824219,86.5999984741211,84.19999694824219,84.19999694824219,1247200
2022-03-07,82.5,82.5,78.19999694824219,78.4000015258789,1892059
2022-03-08,77.0,80.5999984741211,76.5,77.30000305175781,1736236
2022-03-09,78.5999984741211,79.30000305175781,77.5,77.9000015258789,685000
2022-03-10,79.30000305175781,81.0,79.30000305175781,80.4000015258789,1058000
2022-03-11,79.30000305175781,80.4000015258789,78.5999984741211,79.0999984741211,483005
2022-03-14,79.5999984741211,80.69999694824219,78.30000305175781,79.0,550000
2022-03-15,79.0,79.0,75.9000015258789,76.0,913500
2022-03-16,77.0,78.30000305175781,76.19999694824219,76.9000015258789,699050
2022-03-17,78.5,80.30000305175781,78.0,79.9000015258789,1206070
2022-03-18,80.0,80.30000305175781,78.69999694824219,80.0,635050
2022-03-21,80.4000015258789,81.5999984741211,78.80000305175781,79.0999984741211,874120
2022-03-22,79.5,80.30000305175781,78.69999694824219,79.0999984741211,602025
2022-03-23,80.0,80.9000015258789,79.4000015258789,79.9000015258789,869000
2022-03-24,79.9000015258789,83.4000015258789,78.9000015258789,82.69999694824219,1617630
2022-03-25,83.0,83.0,77.69999694824219,78.0,3035100
2022-03-28,76.9000015258789,77.5999984741211,75.5,77.30000305175781,997080
2022-03-29,76.80000305175781,78.30000305175781,76.80000305175781,77.69999694824219,482000
2022-03-30,78.0999984741211,79.80000305175781,78.0999984741211,79.5999984741211,843000
2022-03-31,80.0,80.0,78.30000305175781,78.5,424050
2022-04-01,77.80000305175781,77.80000305175781,76.9000015258789,77.4000015258789,481001
2022-04-06,76.0,76.5999984741211,75.9000015258789,76.5999984741211,401051
2022-04-07,76.5999984741211,77.0,73.5999984741211,73.5999984741211,1099020
2022-04-08,74.30000305175781,75.80000305175781,74.30000305175781,75.5999984741211,583026
2022-04-11,76.9000015258789,76.9000015258789,72.69999694824219,72.9000015258789,909300
2022-04-12,72.0999984741211,73.69999694824219,70.80000305175781,71.4000015258789,578100
2022-04-13,71.9000015258789,74.30000305175781,71.9000015258789,73.80000305175781,507460
2022-04-14,73.80000305175781,74.69999694824219,73.5,74.0,418000
2022-04-15,73.5,73.5,71.19999694824219,71.30000305175781,577050
2022-04-18,71.0999984741211,72.19999694824219,70.30000305175781,70.80000305175781,434000
2022-04-19,72.0,72.30000305175781,70.80000305175781,70.80000305175781,331000
2022-04-20,71.9000015258789,71.9000015258789,70.9000015258789,71.19999694824219,288000
2022-04-21,71.19999694824219,72.0999984741211,70.9000015258789,71.30000305175781,258029
2022-04-22,70.5,70.5,68.0,68.5,978022
2022-04-25,67.0,67.30000305175781,64.30000305175781,65.0999984741211,1191020
2022-04-26,68.0,68.0,66.0999984741211,66.9000015258789,769000
2022-04-27,65.30000305175781,67.0,63.59999847412109,66.0,926100
2022-04-28,66.0,67.5,64.5,66.30000305175781,652000
2022-04-29,67.5999984741211,68.5,64.9000015258789,64.9000015258789,1166021
2022-05-03,64.9000015258789,66.30000305175781,64.5999984741211,66.30000305175781,458000
2022-05-04,66.4000015258789,67.19999694824219,65.30000305175781,65.80000305175781,443000
2022-05-05,68.4000015258789,68.4000015258789,66.69999694824219,67.69999694824219,567030
2022-05-06,65.9000015258789,65.9000015258789,64.5999984741211,64.9000015258789,504025
2022-05-09,63.5,63.59999847412109,60.59999847412109,60.70000076293945,935049
2022-05-10,58.5,63.29999923706055,58.5,63.0,898050
2022-05-11,62.59999847412109,62.59999847412109,60.79999923706055,62.0,582000
2022-05-12,61.09999847412109,62.70000076293945,60.29999923706055,60.29999923706055,445118
2022-05-13,61.09999847412109,62.0,60.70000076293945,62.0,350020
2022-05-16,62.79999923706055,63.20000076293945,61.29999923706055,61.400001525878906,396045
2022-05-17,61.59999847412109,63.20000076293945,61.59999847412109,62.70000076293945,455032
2022-05-18,63.29999923706055,63.70000076293945,62.29999923706055,63.20000076293945,342010
2022-05-19,62.0,62.79999923706055,60.70000076293945,62.5,458066
2022-05-20,63.09999847412109,63.79999923706055,62.400001525878906,63.20000076293945,443002
2022-05-23,64.0,65.0,63.70000076293945,64.0,622053
2022-05-24,64.0,64.0,61.20000076293945,61.5,594056
2022-05-25,61.70000076293945,63.20000076293945,61.59999847412109,63.0,302255
2022-05-26,63.400001525878906,63.5,61.900001525878906,61.900001525878906,244000
2022-05-27,62.70000076293945,63.400001525878906,62.20000076293945,62.79999923706055,278000
2022-05-30,63.900001525878906,64.19999694824219,63.400001525878906,63.5,223000
2022-05-31,63.59999847412109,65.19999694824219,63.29999923706055,65.19999694824219,601033
2022-06-01,65.4000015258789,66.9000015258789,64.9000015258789,65.4000015258789,724000
2022-06-02,65.4000015258789,65.5,64.19999694824219,64.9000015258789,329000
2022-06-06,65.30000305175781,67.19999694824219,64.5999984741211,65.80000305175781,868015
2022-06-07,66.19999694824219,66.9000015258789,65.30000305175781,65.30000305175781,486001
2022-06-08,65.80000305175781,68.9000015258789,65.5,65.5999984741211,1386100
2022-06-09,65.5999984741211,66.0999984741211,64.80000305175781,65.4000015258789,319070
2022-06-10,67.5999984741211,71.9000015258789,67.19999694824219,71.9000015258789,3640000
2022-06-13,72.5,73.80000305175781,69.69999694824219,71.5,17079001
2022-06-14,71.0999984741211,71.4000015258789,68.30000305175781,68.9000015258789,2771510
2022-06-15,68.9000015258789,73.9000015258789,68.5999984741211,70.69999694824219,8144706
2022-06-16,71.30000305175781,72.69999694824219,66.5999984741211,67.80000305175781,4542550
2022-06-17,66.0999984741211,67.0,64.0,64.19999694824219,2471070
2022-06-20,64.19999694824219,65.0,60.400001525878906,60.400001525878906,1929000
2022-06-21,60.900001525878906,63.29999923706055,60.900001525878906,63.29999923706055,1102000
2022-06-22,63.20000076293945,63.29999923706055,60.29999923706055,60.70000076293945,1297000
2022-06-23,61.20000076293945,62.79999923706055,60.400001525878906,62.400001525878906,1062100
2022-06-24,63.09999847412109,68.5999984741211,63.0,68.0,4610501
2022-06-27,70.5,74.5,69.69999694824219,73.5,9522751
2022-06-28,72.5999984741211,75.5,72.0,74.4000015258789,6190257
2022-06-29,73.69999694824219,73.80000305175781,69.69999694824219,72.4000015258789,3564100
2022-06-30,71.9000015258789,71.9000015258789,68.0,68.69999694824219,2360300
2022-07-01,69.0,73.19999694824219,68.4000015258789,68.4000015258789,4398000
2022-07-04,68.19999694824219,70.5999984741211,67.5,70.5999984741211,2935333
2022-07-05,73.0,75.5999984741211,70.19999694824219,74.4000015258789,9849734
2022-07-06,73.5,75.0,70.69999694824219,71.4000015258789,6669247
2022-07-07,72.30000305175781,78.5,72.30000305175781,78.5,9471436
2022-07-08,82.0999984741211,86.30000305175781,80.5,86.30000305175781,21910134
2022-07-11,92.5,92.6999969482422,84.5,87.9000015258789,27860000
2022-07-12,86.19999694824219,88.30000305175781,83.5999984741211,84.30000305175781,14954100
2022-07-13,88.0,92.6999969482422,86.69999694824219,92.6999969482422,10122637
2022-07-14,93.0999984741211,97.8000030517578,89.0999984741211,94.1999969482422,40012677
2022-07-15,93.1999969482422,98.5,92.6999969482422,96.1999969482422,30165549
2022-07-18,95.0999984741211,97.1999969482422,94.0999984741211,94.8000030517578,10296558
2022-07-19,94.8000030517578,98.4000015258789,94.0,94.8000030517578,16167500
2022-07-20,97.0,97.8000030517578,91.5999984741211,94.1999969482422,9885595
2022-07-21,96.3000030517578,96.5999984741211,92.6999969482422,95.8000030517578,13493220
2022-07-22,95.1999969482422,102.5,94.1999969482422,95.5,24323911
2022-07-25,95.5,97.1999969482422,95.0999984741211,96.8000030517578,7914170
2022-07-26,95.9000015258789,96.0999984741211,87.19999694824219,87.19999694824219,15464772
2022-07-27,88.80000305175781,92.0999984741211,88.69999694824219,92.0,15651850
2022-07-28,91.6999969482422,93.6999969482422,89.9000015258789,91.9000015258789,10358350
2022-07-29,92.6999969482422,94.6999969482422,92.0999984741211,94.0,7717340
2022-08-01,93.9000015258789,95.4000015258789,92.8000030517578,93.1999969482422,4876300
2022-08-02,92.1999969482422,94.5999984741211,91.1999969482422,93.0,5117415
2022-08-03,94.0,102.0,93.8000030517578,96.5,26510987
2022-08-04,96.0999984741211,100.5,94.5,100.5,37720272
2022-08-05,102.0,103.5,99.0,100.0,21104210
2022-08-08,99.5,101.0,95.0,98.0,11512321
2022-08-09,98.0,98.6999969482422,96.0999984741211,97.0,7071650
2022-08-10,96.6999969482422,102.5,96.5999984741211,99.0,16127727
2022-08-11,101.5,105.0,99.0,99.6999969482422,17752580
2022-08-12,100.0,101.0,97.0,97.6999969482422,8047170
2022-08-15,97.6999969482422,98.5999984741211,94.5,98.4000015258789,7660211
2022-08-16,99.4000015258789,102.0,97.6999969482422,97.6999969482422,9014850
2022-08-17,98.9000015258789,104.0,98.0999984741211,102.5,14281352
2022-08-18,102.0,103.0,99.3000030517578,100.0,9102220
2022-08-19,101.5,103.5,99.1999969482422,99.5,7569361
2022-08-22,98.5,98.8000030517578,96.0,96.6999969482422,3200000
2022-08-23,94.5,96.0999984741211,91.0999984741211,92.3000030517578,5884255
2022-08-24,92.6999969482422,94.5,91.0999984741211,92.5,3699190
2022-08-25,92.8000030517578,94.0,92.0,92.5,2352100
2022-08-26,92.8000030517578,95.6999969482422,92.6999969482422,94.5999984741211,4617540
2022-08-29,89.80000305175781,91.0,87.5999984741211,89.69999694824219,3352430
2022-08-30,92.4000015258789,98.5999984741211,92.0,98.5999984741211,10386000
2022-08-31,101.0,103.5,100.0,100.5,21328357
2022-09-01,99.6999969482422,110.5,99.6999969482422,110.5,17755399
2022-09-02,115.0,116.5,108.5,114.0,43200734
2022-09-05,116.0,117.0,108.5,109.0,12842171
2022-09-06,113.0,119.0,105.0,106.5,38564679
2022-09-07,105.5,107.5,103.0,104.5,14016164
2022-09-08,107.5,108.5,102.0,103.0,11820677
2022-09-12,104.5,109.5,104.5,107.0,12358695
2022-09-13,108.0,108.5,103.5,104.0,5890347
2022-09-14,101.0,107.0,100.5,107.0,9732890
2022-09-15,106.0,109.0,104.0,104.0,7627660
2022-09-16,103.0,105.5,101.5,105.0,4041193
2022-09-19,105.0,105.5,101.5,102.0,3879250
2022-09-20,103.5,105.0,101.5,103.0,2908200
2022-09-21,102.5,106.0,102.0,105.5,3905303
2022-09-22,104.0,107.5,102.0,107.0,4997659
2022-09-23,106.0,107.5,100.5,101.0,5623061
2022-09-26,100.0,101.0,92.3000030517578,93.0,6998448
2022-09-27,94.0999984741211,94.5999984741211,91.5,93.5,4187000
2022-09-28,92.3000030517578,93.5999984741211,86.69999694824219,86.80000305175781,7337185
2022-09-29,89.69999694824219,90.0,85.19999694824219,85.69999694824219,4235388
2022-09-30,82.69999694824219,87.5,82.69999694824219,86.69999694824219,3443188
2022-10-03,85.0,87.5,84.4000015258789,85.30000305175781,2110240
2022-10-04,87.69999694824219,89.0999984741211,86.0,88.5999984741211,2855426
2022-10-05,90.9000015258789,90.9000015258789,87.0,87.19999694824219,3305544
2022-10-06,88.0999984741211,89.5,87.0999984741211,87.5999984741211,2075050
2022-10-07,87.0999984741211,88.19999694824219,86.0,86.0,1754092
2022-10-11,83.0999984741211,83.5,78.4000015258789,79.4000015258789,2377414
2022-10-12,79.9000015258789,80.69999694824219,76.5,79.0,2754580
2022-10-13,79.0,79.80000305175781,73.5,74.30000305175781,2735136
2022-10-14,79.9000015258789,79.9000015258789,76.19999694824219,77.30000305175781,2620013
2022-10-17,74.9000015258789,77.5999984741211,73.30000305175781,77.30000305175781,1897030
2022-10-18,79.0,79.0999984741211,75.5,76.69999694824219,1973000
2022-10-19,77.5,78.69999694824219,75.4000015258789,75.80000305175781,1732000
2022-10-20,74.19999694824219,75.0999984741211,73.4000015258789,73.80000305175781,1473300
2022-10-21,73.80000305175781,73.80000305175781,71.19999694824219,71.19999694824219,1940045
2022-10-24,74.4000015258789,75.0,72.5,72.69999694824219,1692050
2022-10-25,73.19999694824219,73.5,71.0,71.0,1232406
2022-10-26,71.5,72.0,70.19999694824219,70.80000305175781,1131126
2022-10-27,71.5,73.4000015258789,71.0999984741211,73.4000015258789,1221600
2022-10-28,72.69999694824219,72.69999694824219,69.9000015258789,69.9000015258789,1887063
2022-10-31,71.0,76.5999984741211,71.0,74.30000305175781,3890600
2022-11-01,73.9000015258789,76.0,73.9000015258789,75.5999984741211,1639000
2022-11-02,75.9000015258789,82.69999694824219,75.30000305175781,79.5999984741211,5058184
2022-11-03,78.5,84.30000305175781,78.4000015258789,83.5999984741211,7654820
2022-11-04,83.19999694824219,85.69999694824219,81.80000305175781,84.0,4845200
2022-11-07,84.9000015258789,84.9000015258789,83.19999694824219,83.5999984741211,1860000
2022-11-08,84.5,89.5,84.0,84.19999694824219,4259012
2022-11-09,85.5,87.80000305175781,84.9000015258789,87.30000305175781,2661250
2022-11-10,86.5,95.6999969482422,85.9000015258789,90.3000030517578,12039360
2022-11-11,95.0,95.9000015258789,90.0,90.0999984741211,6215100
2022-11-14,90.0999984741211,93.5,89.0999984741211,93.4000015258789,4510902
2022-11-15,94.5,94.8000030517578,91.0999984741211,91.0999984741211,6185052
2022-11-16,89.5999984741211,91.3000030517578,87.69999694824219,90.8000030517578,5236110
2022-11-17,91.0,95.5999984741211,90.5,93.4000015258789,12023613
2022-11-18,93.4000015258789,94.3000030517578,91.0999984741211,92.6999969482422,4104085
2022-11-21,92.3000030517578,93.3000030517578,90.5999984741211,90.6999969482422,1757073
2022-11-22,90.8000030517578,91.9000015258789,89.5,90.0,2115020
2022-11-23,91.5,93.1999969482422,88.80000305175781,89.5999984741211,5196000
2022-11-24,90.8000030517578,93.1999969482422,89.69999694824219,90.3000030517578,5491015
2022-11-25,90.5,91.4000015258789,89.0999984741211,89.30000305175781,1552002
2022-11-28,88.69999694824219,91.4000015258789,88.0999984741211,90.6999969482422,1934000
2022-11-29,90.8000030517578,91.5,89.0,91.4000015258789,1543217
2022-11-30,92.4000015258789,96.0,92.0,93.1999969482422,10416320
2022-12-01,94.6999969482422,95.8000030517578,92.3000030517578,92.6999969482422,4834101
2022-12-02,93.9000015258789,95.6999969482422,93.1999969482422,93.5,4295070
2022-12-05,93.5999984741211,94.5999984741211,92.3000030517578,92.4000015258789,2089000
2022-12-06,92.5,92.5,89.0,89.19999694824219,2210456
2022-12-07,89.9000015258789,90.5,86.4000015258789,86.4000015258789,1902041
2022-12-08,86.9000015258789,88.19999694824219,85.80000305175781,87.69999694824219,1491030
2022-12-09,88.0999984741211,88.5,85.5,85.69999694824219,1388100
2022-12-12,83.5,85.4000015258789,82.9000015258789,84.30000305175781,1190220
2022-12-13,85.0,85.0,82.0999984741211,82.30000305175781,1514000
2022-12-14,82.0999984741211,83.30000305175781,81.4000015258789,82.80000305175781,1258118
2022-12-15,83.0,84.80000305175781,82.4000015258789,82.9000015258789,2083045
2022-12-16,82.0,82.0,80.0,80.19999694824219,1589001
2022-12-19,79.9000015258789,80.19999694824219,79.0999984741211,79.0999984741211,890000
2022-12-20,78.0,79.9000015258789,75.5,76.0,1686205
2022-12-21,77.30000305175781,77.5999984741211,76.0,76.4000015258789,787711
2022-12-22,77.5999984741211,77.5999984741211,76.5999984741211,76.9000015258789,654066
2022-12-23,76.19999694824219,77.80000305175781,75.30000305175781,77.80000305175781,662041
2022-12-26,77.80000305175781,79.0,77.0,78.30000305175781,784079
2022-12-27,79.19999694824219,79.5,77.9000015258789,77.9000015258789,531039
2022-12-28,77.30000305175781,78.19999694824219,75.9000015258789,75.9000015258789,668046
2022-12-29,75.0999984741211,76.69999694824219,74.5,76.30000305175781,749200
2022-12-30,77.30000305175781,77.4000015258789,75.80000305175781,75.80000305175781,411065
2023-01-03,75.80000305175781,78.5,75.69999694824219,78.5,900500
2023-01-04,78.9000015258789,83.0,78.30000305175781,81.69999694824219,2601025
2023-01-05,82.4000015258789,84.80000305175781,82.19999694824219,83.5,2806920
2023-01-06,84.0,84.4000015258789,82.5,84.4000015258789,1392102
2023-01-09,85.4000015258789,85.4000015258789,83.0,83.19999694824219,1016036
2023-01-10,83.5999984741211,85.0,82.0,82.4000015258789,818002
2023-01-11,82.80000305175781,84.19999694824219,82.80000305175781,83.0999984741211,905999
2023-01-12,84.5,84.5,81.4000015258789,81.4000015258789,540022
2023-01-13,81.5999984741211,82.0,79.5999984741211,81.69999694824219,1284010
2023-01-16,82.0999984741211,82.69999694824219,81.5999984741211,82.19999694824219,524052
2023-01-17,82.19999694824219,82.69999694824219,81.5999984741211,82.0999984741211,298080
2023-01-30,83.5,83.80000305175781,82.5999984741211,83.0999984741211,771025
2023-01-31,83.4000015258789,87.5,83.0999984741211,85.69999694824219,2479200
2023-02-01,86.5,86.5,84.80000305175781,86.19999694824219,1062200
2023-02-02,88.0999984741211,92.5,88.0,89.9000015258789,6805446
2023-02-03,90.1999969482422,90.3000030517578,88.0999984741211,88.30000305175781,1851030
2023-02-06,88.30000305175781,89.0999984741211,87.5999984741211,88.5,825160
2023-02-07,88.0,90.0,87.30000305175781,87.4000015258789,1189000
2023-02-08,88.5999984741211,88.5999984741211,87.0999984741211,87.0999984741211,800000
2023-02-09,87.9000015258789,88.4000015258789,87.19999694824219,87.9000015258789,561150
2023-02-10,88.30000305175781,88.4000015258789,85.5,85.5,899001
2023-02-13,83.0,85.4000015258789,83.0,83.5999984741211,908561
2023-02-14,83.69999694824219,84.9000015258789,83.4000015258789,83.4000015258789,548000
2023-02-15,83.4000015258789,84.0,81.9000015258789,82.30000305175781,951155
2023-02-16,82.80000305175781,83.69999694824219,82.80000305175781,83.5,648108
2023-02-17,83.5,83.5,82.30000305175781,82.5999984741211,651000
2023-02-20,83.0999984741211,85.0,82.9000015258789,85.0,1038500
2023-02-21,85.5,88.4000015258789,85.19999694824219,87.5999984741211,3201224
2023-02-22,85.4000015258789,86.0999984741211,84.19999694824219,84.19999694824219,1571060
2023-02-23,84.69999694824219,85.5,84.30000305175781,84.4000015258789,653364
2023-02-24,84.5,85.19999694824219,82.80000305175781,83.0999984741211,840000
2023-03-01,83.0,85.19999694824219,82.9000015258789,83.5,775000
2023-03-02,83.5999984741211,84.69999694824219,83.0,84.0999984741211,650100
2023-03-03,84.0,87.30000305175781,84.0,85.80000305175781,3225029
2023-03-06,87.0,91.8000030517578,86.5,91.4000015258789,8582250
2023-03-07,92.0,93.5999984741211,90.0,90.6999969482422,7030240
2023-03-08,90.0,90.3000030517578,88.9000015258789,89.19999694824219,1566497
2023-03-09,90.0,91.6999969482422,88.5,88.5999984741211,1824010
2023-03-10,88.0,88.0,85.0999984741211,86.0,1429050
2023-03-13,85.0999984741211,87.5,83.0999984741211,86.80000305175781,1417000
2023-03-14,86.0999984741211,87.4000015258789,85.80000305175781,86.4000015258789,844462
2023-03-15,87.0,88.0,86.0,86.0,700066
2023-03-16,85.69999694824219,86.4000015258789,83.5,84.4000015258789,721999
2023-03-17,85.0999984741211,85.69999694824219,84.5,84.5,456606
2023-03-20,84.80000305175781,85.5999984741211,84.0999984741211,85.5,442060
2023-03-21,86.0,87.0999984741211,85.80000305175781,86.9000015258789,676550
2023-03-22,88.0,88.0,86.80000305175781,86.80000305175781,437000
2023-03-23,86.80000305175781,88.0,86.0,87.5,704039
2023-03-24,88.5,88.5,86.80000305175781,87.0,720450
2023-03-27,87.9000015258789,87.9000015258789,86.69999694824219,87.69999694824219,397023
2023-03-28,88.30000305175781,88.4000015258789,85.0999984741211,85.19999694824219,797147
2023-03-29,85.30000305175781,86.69999694824219,85.30000305175781,86.5999984741211,515047
2023-03-30,88.0,90.5999984741211,87.19999694824219,88.30000305175781,2773168
2023-03-31,89.5,89.9000015258789,87.69999694824219,87.9000015258789,832068
2023-04-06,87.9000015258789,88.69999694824219,87.0,88.69999694824219,490490
2023-04-07,89.0,89.9000015258789,88.4000015258789,88.4000015258789,793100
2023-04-10,88.9000015258789,90.3000030517578,88.30000305175781,89.4000015258789,1261053
2023-04-11,90.1999969482422,90.1999969482422,87.5999984741211,87.5999984741211,720050
2023-04-12,87.69999694824219,88.69999694824219,87.69999694824219,88.4000015258789,414212
2023-04-13,88.4000015258789,88.5999984741211,86.5999984741211,86.80000305175781,533000
2023-04-14,87.0999984741211,88.5,86.80000305175781,86.9000015258789,923430
2023-04-17,87.30000305175781,90.9000015258789,87.19999694824219,89.5999984741211,2188050
2023-04-18,89.0999984741211,89.5999984741211,86.69999694824219,86.69999694824219,1123045
2023-04-19,87.0999984741211,87.4000015258789,83.9000015258789,84.0,1682435
2023-04-20,83.80000305175781,83.80000305175781,80.5,80.5999984741211,1731161
2023-04-21,80.69999694824219,81.69999694824219,78.4000015258789,78.5,1243000
2023-04-24,79.19999694824219,81.0,78.5,79.4000015258789,1225146
2023-04-25,78.80000305175781,79.19999694824219,76.0,76.0,1201036
2023-04-26,76.0,76.5,73.9000015258789,74.9000015258789,1187899
2023-04-27,75.19999694824219,75.69999694824219,73.19999694824219,75.30000305175781,726000
2023-04-28,76.0,76.80000305175781,75.5999984741211,76.5999984741211,425510
2023-05-02,76.5999984741211,78.5,76.4000015258789,77.69999694824219,447130
2023-05-03,77.0999984741211,77.0999984741211,76.30000305175781,76.5999984741211,308000
2023-05-04,76.5999984741211,77.80000305175781,76.5999984741211,77.69999694824219,312050
2023-05-05,77.69999694824219,78.19999694824219,77.5,77.5,283100
2023-05-08,78.0,78.19999694824219,76.9000015258789,77.0,232000
2023-05-09,77.0,77.9000015258789,74.5999984741211,75.0,453305
2023-05-10,74.69999694824219,76.4000015258789,74.69999694824219,76.19999694824219,327052
2023-05-11,76.4000015258789,76.4000015258789,73.69999694824219,74.0999984741211,433025
2023-05-12,73.4000015258789,76.0,73.4000015258789,76.0,414101
2023-05-15,76.0,76.19999694824219,74.5,74.80000305175781,344056
2023-05-16,76.30000305175781,77.80000305175781,76.19999694824219,76.30000305175781,832012
2023-05-17,77.0,82.80000305175781,76.9000015258789,80.80000305175781,3587451
2023-05-18,80.80000305175781,82.30000305175781,79.19999694824219,79.5,1449010
2023-05-19,79.5,81.30000305175781,78.80000305175781,79.9000015258789,926157
2023-05-22,80.0,80.9000015258789,79.4000015258789,80.4000015258789,412000
2023-05-23,80.5,81.30000305175781,79.9000015258789,81.19999694824219,420100
2023-05-24,81.4000015258789,82.0999984741211,80.80000305175781,81.0999984741211,648068
2023-05-25,81.5,81.5,80.0,80.30000305175781,445100
2023-05-26,80.9000015258789,81.30000305175781,78.5999984741211,78.5999984741211,422000
2023-05-29,79.0999984741211,83.80000305175781,79.0999984741211,81.69999694824219,1785490
2023-05-30,81.5999984741211,85.5,81.5999984741211,84.0,2310200
2023-05-31,83.69999694824219,84.5999984741211,82.80000305175781,83.0999984741211,810050
2023-06-01,84.5,90.0,84.5,86.19999694824219,4814003
2023-06-02,87.69999694824219,87.9000015258789,85.0,86.5,1485100
2023-06-05,89.0,91.0,87.0,87.0,5154813
2023-06-06,85.0,85.0999984741211,80.80000305175781,81.30000305175781,4148100
2023-06-07,81.9000015258789,82.30000305175781,81.30000305175781,81.30000305175781,907000
2023-06-08,81.5,81.80000305175781,80.0,80.0999984741211,948000
2023-06-09,80.5,83.4000015258789,80.5,81.0999984741211,1435050
2023-06-12,81.30000305175781,81.30000305175781,80.0,80.0999984741211,757000
2023-06-13,81.0,82.5,80.30000305175781,80.30000305175781,786463
2023-06-14,80.5,81.19999694824219,79.5,79.5,837519
2023-06-15,80.0,80.0999984741211,77.80000305175781,78.0,1191035
2023-06-16,78.5999984741211,78.9000015258789,77.69999694824219,77.80000305175781,698730
2023-06-19,77.80000305175781,78.5999984741211,77.5,78.0999984741211,548064
2023-06-20,78.4000015258789,78.4000015258789,77.0,77.0999984741211,569250
2023-06-21,76.69999694824219,78.19999694824219,76.5999984741211,77.80000305175781,383036
2023-06-26,77.5,79.69999694824219,76.5999984741211,78.19999694824219,935000
2023-06-27,77.9000015258789,78.80000305175781,77.0,77.19999694824219,771319
2023-06-28,78.0,78.0,77.0,77.0999984741211,328000
2023-06-29,77.5999984741211,78.30000305175781,77.19999694824219,78.19999694824219,372045
2023-06-30,78.19999694824219,78.4000015258789,77.4000015258789,77.5999984741211,313000
2023-07-03,78.30000305175781,78.5999984741211,77.69999694824219,77.69999694824219,409100
2023-07-04,78.5,78.5999984741211,77.0,77.80000305175781,596500
2023-07-05,78.5999984741211,80.5999984741211,78.5,79.0999984741211,2488003
2023-07-06,79.5,81.30000305175781,79.0999984741211,79.19999694824219,1847050
2023-07-07,78.9000015258789,79.9000015258789,77.0,78.0,1159000
2023-07-10,78.5999984741211,82.9000015258789,74.80000305175781,78.0999984741211,4127000
2023-07-11,78.69999694824219,78.80000305175781,76.69999694824219,77.30000305175781,1155000
2023-07-12,78.30000305175781,78.5,75.4000015258789,75.5999984741211,932026
2023-07-13,76.80000305175781,76.80000305175781,74.5999984741211,74.69999694824219,1038600
2023-07-14,75.4000015258789,75.4000015258789,74.19999694824219,74.5999984741211,793041
2023-07-17,74.69999694824219,75.5,73.80000305175781,74.5,773002
2023-07-18,76.0,77.5,74.80000305175781,75.0999984741211,1807100
2023-07-19,75.9000015258789,77.30000305175781,75.0,75.19999694824219,1094075
2023-07-20,76.30000305175781,76.30000305175781,74.0,74.30000305175781,769017
2023-07-21,74.19999694824219,74.19999694824219,73.0,73.19999694824219,742387
2023-07-24,72.9000015258789,72.9000015258789,69.80000305175781,70.0,1382278
2023-07-25,70.5,71.5,70.0,70.9000015258789,648100
2023-07-26,71.0,71.0,69.5,69.5,589520
2023-07-27,70.5,71.0,70.19999694824219,70.30000305175781,391000
2023-07-28,70.5,70.5,69.0999984741211,69.5,594510
2023-07-31,68.5999984741211,68.5999984741211,66.4000015258789,67.69999694824219,1099010
2023-08-01,67.69999694824219,68.4000015258789,67.4000015258789,68.0,327567
2023-08-02,68.0,69.5,66.0999984741211,66.5,865044
2023-08-04,66.5,67.80000305175781,66.0999984741211,67.80000305175781,464000
2023-08-07,68.4000015258789,68.4000015258789,66.69999694824219,68.4000015258789,225000
2023-08-08,68.5,68.80000305175781,66.80000305175781,66.80000305175781,313035
2023-08-09,67.0999984741211,67.30000305175781,66.0,66.0,312000
2023-08-10,65.5,65.5,63.29999923706055,63.70000076293945,858021
2023-08-11,64.19999694824219,66.0,64.19999694824219,65.4000015258789,729003
2023-08-14,64.5999984741211,64.5999984741211,62.0,62.400001525878906,814889
2023-08-15,62.400001525878906,63.79999923706055,62.400001525878906,63.79999923706055,268103
2023-08-16,63.0,64.19999694824219,62.400001525878906,64.0,221075
2023-08-17,63.59999847412109,65.0,62.400001525878906,64.5,380116
2023-08-18,64.19999694824219,65.30000305175781,62.900001525878906,63.29999923706055,455000
2023-08-21,63.79999923706055,64.0,62.79999923706055,63.5,275030
2023-08-22,64.0,64.0,62.20000076293945,62.20000076293945,370068
2023-08-23,62.29999923706055,63.400001525878906,62.29999923706055,63.0,282000
2023-08-24,63.29999923706055,63.5,61.20000076293945,61.59999847412109,396034
2023-08-25,61.5,62.20000076293945,60.0,61.20000076293945,454000
2023-08-28,61.900001525878906,61.900001525878906,59.29999923706055,60.400001525878906,664152
2023-08-29,60.5,61.20000076293945,60.09999847412109,61.09999847412109,319121
2023-08-30,61.5,63.0,61.400001525878906,63.0,540033
2023-08-31,63.0,63.900001525878906,62.20000076293945,63.0,296052
2023-09-01,63.0,63.900001525878906,62.70000076293945,63.5,375010
2023-09-04,63.900001525878906,63.900001525878906,62.20000076293945,62.59999847412109,322000
2023-09-05,63.29999923706055,67.5,63.09999847412109,66.69999694824219,2014104
2023-09-06,66.69999694824219,67.4000015258789,65.19999694824219,65.80000305175781,888100
2023-09-07,65.80000305175781,66.19999694824219,64.30000305175781,64.5,369003
2023-09-08,64.4000015258789,64.80000305175781,63.59999847412109,64.0,292000
2023-09-11,64.5,64.69999694824219,62.59999847412109,62.59999847412109,437000
2023-09-12,62.59999847412109,63.09999847412109,62.20000076293945,62.70000076293945,356000
2023-09-13,62.59999847412109,64.69999694824219,62.5,64.0999984741211,481004
2023-09-14,64.19999694824219,65.4000015258789,64.0999984741211,65.4000015258789,486011
2023-09-15,65.9000015258789,65.9000015258789,64.0999984741211,64.5,397000
2023-09-18,64.0,65.69999694824219,64.0,64.69999694824219,269000
2023-09-19,65.19999694824219,65.30000305175781,63.79999923706055,63.79999923706055,297000
2023-09-20,64.30000305175781,65.0,63.70000076293945,64.19999694824219,279000
2023-09-21,64.19999694824219,65.5999984741211,63.79999923706055,64.69999694824219,528000
2023-09-22,64.0,64.0999984741211,62.70000076293945,63.09999847412109,616014
2023-09-25,63.09999847412109,63.79999923706055,63.0,63.70000076293945,153000
2023-09-26,63.79999923706055,63.900001525878906,62.20000076293945,62.400001525878906,276000
2023-09-27,63.400001525878906,63.400001525878906,61.5,61.59999847412109,391050
2023-09-28,61.79999923706055,62.5,61.70000076293945,61.70000076293945,148010
2023-10-02,62.20000076293945,63.20000076293945,61.900001525878906,63.09999847412109,228050
2023-10-03,63.20000076293945,63.59999847412109,62.29999923706055,62.29999923706055,145096
2023-10-04,61.79999923706055,61.900001525878906,61.0,61.29999923706055,239000
2023-10-05,61.59999847412109,63.900001525878906,61.59999847412109,63.0,471000
2023-10-06,63.29999923706055,63.59999847412109,62.29999923706055,62.70000076293945,128000
2023-10-11,63.900001525878906,63.900001525878906,60.5,60.5,520001
2023-10-12,61.5,61.79999923706055,60.79999923706055,61.59999847412109,310008
2023-10-13,61.20000076293945,62.29999923706055,60.59999847412109,60.79999923706055,254000
2023-10-16,60.79999923706055,61.0,59.900001525878906,60.0,295022
2023-10-17,60.70000076293945,61.29999923706055,59.900001525878906,60.0,306000
2023-10-18,60.0,60.09999847412109,58.900001525878906,59.09999847412109,523000
2023-10-19,58.59999847412109,59.400001525878906,58.400001525878906,59.29999923706055,222303
2023-10-20,59.20000076293945,59.20000076293945,56.70000076293945,57.20000076293945,570300
2023-10-23,56.70000076293945,58.20000076293945,56.29999923706055,57.29999923706055,253000
2023-10-24,57.79999923706055,57.79999923706055,56.70000076293945,57.29999923706055,272000
2023-10-25,57.59999847412109,58.900001525878906,57.59999847412109,58.5,415000
2023-10-26,58.0,58.0,56.79999923706055,56.79999923706055,247073
2023-10-27,57.20000076293945,57.59999847412109,56.59999847412109,56.59999847412109,170007
2023-10-30,56.900001525878906,57.79999923706055,56.70000076293945,56.79999923706055,296000
2023-10-31,57.0,58.5,54.0,55.0,538000
2023-11-01,55.900001525878906,56.0,55.0,55.70000076293945,263001
2023-11-02,56.59999847412109,56.79999923706055,56.09999847412109,56.20000076293945,210030
2023-11-03,56.59999847412109,57.400001525878906,56.29999923706055,57.20000076293945,333040
2023-11-06,57.79999923706055,59.5,57.79999923706055,59.0,488155
2023-11-07,59.0,59.79999923706055,58.400001525878906,59.70000076293945,291052
2023-11-08,59.70000076293945,59.70000076293945,58.59999847412109,58.70000076293945,394014
2023-11-09,58.79999923706055,58.79999923706055,57.79999923706055,58.400001525878906,247000
2023-11-10,57.900001525878906,58.29999923706055,57.400001525878906,57.59999847412109,207240
2023-11-13,58.400001525878906,58.400001525878906,57.59999847412109,57.900001525878906,161030
2023-11-14,58.0,59.20000076293945,58.0,59.0,269100
2023-11-15,59.5,60.09999847412109,59.09999847412109,60.0,280265
2023-11-16,60.09999847412109,61.20000076293945,59.900001525878906,61.20000076293945,498400
2023-11-17,61.59999847412109,62.5,61.29999923706055,62.20000076293945,543050
2023-11-20,64.69999694824219,68.4000015258789,64.69999694824219,68.4000015258789,2365151
2023-11-21,71.5999984741211,72.5,66.80000305175781,68.69999694824219,6979464
2023-11-22,68.0,70.69999694824219,67.4000015258789,68.80000305175781,3099500
2023-11-23,69.9000015258789,70.5,68.0,68.19999694824219,2122000
2023-11-24,68.30000305175781,69.19999694824219,67.30000305175781,67.5999984741211,845015
2023-11-27,67.5999984741211,68.0,66.0,66.0,769200
2023-11-28,66.0,67.30000305175781,66.0,67.0999984741211,511020
2023-11-29,68.0,68.5999984741211,67.0999984741211,67.19999694824219,654040
2023-11-30,67.80000305175781,67.80000305175781,66.4000015258789,66.5999984741211,402000
2023-12-01,66.69999694824219,67.69999694824219,66.4000015258789,67.0,645200
2023-12-04,67.80000305175781,67.80000305175781,66.19999694824219,66.19999694824219,528300
2023-12-05,66.0999984741211,66.5,65.0999984741211,65.0999984741211,471000
2023-12-06,66.0,67.19999694824219,65.5999984741211,65.80000305175781,585019
2023-12-07,66.5,66.9000015258789,65.0,65.0999984741211,441229
2023-12-08,66.0999984741211,66.19999694824219,65.30000305175781,65.5999984741211,343020
2023-12-11,66.69999694824219,66.69999694824219,64.80000305175781,64.9000015258789,378000
2023-12-12,65.0,67.30000305175781,64.9000015258789,65.19999694824219,1514990
2023-12-13,65.5,69.19999694824219,65.5,66.69999694824219,2830520
2023-12-14,67.69999694824219,69.4000015258789,66.69999694824219,66.9000015258789,2688062
2023-12-15,66.5999984741211,67.19999694824219,65.0,65.0,1106135
2023-12-18,65.0,65.0,63.20000076293945,64.0,773000
2023-12-19,64.30000305175781,64.5,62.5,63.400001525878906,579083
2023-12-20,63.79999923706055,64.9000015258789,63.5,63.79999923706055,367110
2023-12-21,63.29999923706055,64.5,62.70000076293945,64.5,279050
2023-12-22,64.9000015258789,64.9000015258789,63.900001525878906,64.0999984741211,253031
2023-12-25,64.5,66.19999694824219,64.5,65.0,767030
2023-12-26,65.4000015258789,68.80000305175781,65.30000305175781,68.5999984741211,1573250
2023-12-27,69.5,69.5,67.69999694824219,68.19999694824219,2109249
2023-12-28,68.19999694824219,68.5999984741211,66.9000015258789,67.30000305175781,622000
2023-12-29,67.9000015258789,68.0999984741211,67.0999984741211,67.5999984741211,654084
2024-01-02,69.5,72.5,68.30000305175781,68.69999694824219,5439075
2024-01-03,67.80000305175781,67.80000305175781,66.5,66.9000015258789,1113030
2024-01-04,66.9000015258789,68.80000305175781,66.19999694824219,66.5,1197030
2024-01-05,66.5,68.0999984741211,66.5,66.9000015258789,639000
2024-01-08,67.5,68.5,65.30000305175781,65.5999984741211,1105310
2024-01-09,67.0,67.0,64.30000305175781,64.69999694824219,652210
2024-01-10,64.5999984741211,65.19999694824219,64.19999694824219,65.19999694824219,433500
2024-01-11,65.5,66.4000015258789,65.19999694824219,65.80000305175781,338000
2024-01-12,65.80000305175781,67.0999984741211,65.5,66.0999984741211,723091
2024-01-15,67.0,67.0,65.69999694824219,66.69999694824219,466054
2024-01-16,66.69999694824219,66.69999694824219,65.30000305175781,65.5,529153
2024-01-17,65.5,66.0,64.69999694824219,64.69999694824219,351106
2024-01-18,63.900001525878906,64.9000015258789,63.59999847412109,64.0999984741211,277047
2024-01-19,64.9000015258789,67.0999984741211,64.0,66.69999694824219,1029086
2024-01-22,69.30000305175781,70.9000015258789,66.5999984741211,70.0,3839326
2024-01-23,70.0999984741211,72.4000015258789,69.0,70.80000305175781,5654264
2024-01-24,72.0,77.0,71.69999694824219,71.9000015258789,11661063
2024-01-25,72.5999984741211,72.80000305175781,69.5999984741211,69.9000015258789,2936210
2024-01-26,69.30000305175781,71.0,68.19999694824219,69.9000015258789,1606385
2024-01-29,70.4000015258789,71.9000015258789,69.5,69.5999984741211,1813068
2024-01-30,69.5999984741211,70.30000305175781,69.0999984741211,69.30000305175781,737022
2024-01-31,68.9000015258789,70.80000305175781,68.69999694824219,69.80000305175781,1058129
2024-02-01,69.69999694824219,70.5999984741211,68.5999984741211,68.69999694824219,869045
2024-02-02,70.0,72.4000015258789,69.5,71.9000015258789,2940500
2024-02-05,72.0,72.9000015258789,70.30000305175781,70.4000015258789,1755164
2024-02-15,70.4000015258789,70.5,68.69999694824219,68.80000305175781,1073430
2024-02-16,68.80000305175781,70.80000305175781,68.5999984741211,70.80000305175781,1347146
2024-02-19,70.5,76.5,70.4000015258789,74.0,6268110
2024-02-20,73.80000305175781,73.80000305175781,71.4000015258789,71.5,2439791
2024-02-21,71.5,73.0999984741211,71.0999984741211,71.80000305175781,943340
2024-02-22,72.4000015258789,73.5999984741211,71.30000305175781,71.4000015258789,1127339
2024-02-23,71.5,71.5999984741211,69.30000305175781,69.5999984741211,1476463
2024-02-26,64.30000305175781,66.30000305175781,63.20000076293945,65.19999694824219,3639115
2024-02-27,65.5,66.19999694824219,64.5,64.9000015258789,1071434
2024-02-29,64.69999694824219,66.19999694824219,64.69999694824219,65.9000015258789,731080
2024-03-01,66.5999984741211,66.5999984741211,65.5,65.69999694824219,489010
2024-03-04,66.30000305175781,66.30000305175781,65.5999984741211,65.5999984741211,545120
2024-03-05,66.0,66.30000305175781,65.0999984741211,65.19999694824219,525001
2024-03-06,65.0999984741211,65.80000305175781,64.4000015258789,64.5,466130
2024-03-07,65.0,66.5,63.0,63.0,860781
2024-03-08,63.09999847412109,63.29999923706055,60.59999847412109,60.79999923706055,995400
2024-03-11,59.5,61.400001525878906,59.5,61.09999847412109,411030
2024-03-12,61.79999923706055,62.20000076293945,60.900001525878906,61.0,372001
2024-03-13,61.20000076293945,61.20000076293945,59.29999923706055,59.5,803000
2024-03-14,59.70000076293945,60.79999923706055,59.5,59.5,369200
2024-03-15,59.5,59.70000076293945,58.20000076293945,58.79999923706055,430001
2024-03-18,59.09999847412109,59.70000076293945,58.900001525878906,59.09999847412109,247020
2024-03-19,59.29999923706055,59.79999923706055,58.79999923706055,58.900001525878906,248035
2024-03-20,59.29999923706055,63.0,58.29999923706055,61.0,1111717
2024-03-21,61.5,62.09999847412109,60.20000076293945,60.29999923706055,485060
2024-03-22,60.29999923706055,61.0,60.09999847412109,60.79999923706055,329000
2024-03-25,61.20000076293945,61.79999923706055,61.0,61.29999923706055,405000
2024-03-26,61.0,62.79999923706055,59.59999847412109,59.59999847412109,827019
2024-03-27,60.20000076293945,61.0,59.70000076293945,59.79999923706055,441290
2024-03-28,60.09999847412109,60.5,59.29999923706055,59.29999923706055,225250
2024-03-29,59.400001525878906,60.0,59.0,59.5,214000
2024-04-01,59.400001525878906,60.0,59.29999923706055,59.70000076293945,391000
2024-04-02,60.09999847412109,60.09999847412109,58.400001525878906,58.400001525878906,759813
2024-04-03,58.400001525878906,59.0,58.29999923706055,58.59999847412109,468100
2024-04-08,59.09999847412109,59.09999847412109,58.20000076293945,58.59999847412109,347007
2024-04-09,58.59999847412109,59.29999923706055,58.0,58.0,454376
2024-04-10,58.09999847412109,59.59999847412109,58.09999847412109,58.29999923706055,737330
2024-04-11,58.5,58.5,57.29999923706055,57.29999923706055,543191
2024-04-12,57.70000076293945,59.0,57.09999847412109,57.20000076293945,564140
2024-04-15,57.20000076293945,57.20000076293945,56.09999847412109,56.20000076293945,364177
2024-04-16,55.900001525878906,55.900001525878906,54.0,54.79999923706055,596005
2024-04-17,55.20000076293945,56.400001525878906,55.20000076293945,56.29999923706055,273035
2024-04-18,56.29999923706055,56.5,55.400001525878906,55.900001525878906,217191
2024-04-19,55.400001525878906,55.400001525878906,53.20000076293945,53.900001525878906,546162
2024-04-22,54.20000076293945,54.5,53.0,53.29999923706055,288000
2024-04-23,53.79999923706055,54.20000076293945,53.29999923706055,53.400001525878906,180000
2024-04-24,54.09999847412109,55.09999847412109,54.0,54.79999923706055,270011
2024-04-25,54.5,55.0,54.09999847412109,54.09999847412109,169045
2024-04-26,53.900001525878906,54.5,53.5,53.5,309000
2024-04-29,54.59999847412109,55.09999847412109,54.0,54.900001525878906,303000
2024-04-30,54.59999847412109,55.79999923706055,54.59999847412109,55.20000076293945,390142
2024-05-02,55.20000076293945,55.29999923706055,54.59999847412109,55.0,149000
2024-05-03,55.59999847412109,55.70000076293945,55.0,55.29999923706055,170040
2024-05-06,55.79999923706055,56.09999847412109,55.09999847412109,55.20000076293945,191000
2024-05-07,55.5,56.09999847412109,54.70000076293945,56.0,246018
2024-05-08,56.09999847412109,56.79999923706055,55.70000076293945,56.70000076293945,217035
2024-05-09,56.59999847412109,56.59999847412109,55.20000076293945,55.29999923706055,189225
2024-05-10,55.29999923706055,55.59999847412109,54.900001525878906,55.5,189050
2024-05-13,55.5,56.0,55.20000076293945,55.29999923706055,270005
2024-05-14,55.0,55.59999847412109,54.79999923706055,54.900001525878906,279000
2024-05-15,55.20000076293945,56.20000076293945,54.79999923706055,55.5,356885
2024-05-16,55.900001525878906,56.79999923706055,55.59999847412109,55.900001525878906,503200
2024-05-17,56.400001525878906,56.5,55.59999847412109,55.900001525878906,265000
2024-05-20,56.5,57.29999923706055,56.29999923706055,56.400001525878906,390072
2024-05-21,56.5,59.0,56.20000076293945,56.59999847412109,1057010
2024-05-22,56.79999923706055,58.0,56.70000076293945,57.20000076293945,413052
2024-05-23,57.400001525878906,57.59999847412109,56.70000076293945,57.0,275000
2024-05-24,56.400001525878906,57.20000076293945,55.70000076293945,57.0,278000
2024-05-27,57.400001525878906,57.59999847412109,56.70000076293945,57.20000076293945,297000
2024-05-28,57.5,58.29999923706055,57.29999923706055,58.20000076293945,387306
2024-05-29,58.5,60.79999923706055,57.900001525878906,59.70000076293945,1132290
2024-05-30,59.20000076293945,61.20000076293945,58.79999923706055,59.70000076293945,1101186
2024-05-31,60.400001525878906,60.400001525878906,58.900001525878906,58.900001525878906,527247
2024-06-03,59.09999847412109,59.29999923706055,58.400001525878906,59.0,251000
2024-06-04,58.5,60.400001525878906,58.29999923706055,58.29999923706055,343010
2024-06-05,58.400001525878906,59.09999847412109,57.5,58.5,329002
2024-06-06,58.900001525878906,59.29999923706055,57.400001525878906,57.400001525878906,332000
2024-06-07,58.0,61.20000076293945,58.0,59.0,1085017
2024-06-11,59.5,59.5,56.70000076293945,56.70000076293945,489544
2024-06-12,57.0,59.400001525878906,57.0,58.0,645010
2024-06-13,58.400001525878906,59.59999847412109,57.900001525878906,58.5,374206
2024-06-14,58.5,59.5,58.5,58.79999923706055,358024
2024-06-17,58.79999923706055,60.09999847412109,58.70000076293945,59.5,398000
2024-06-18,60.0,60.0,58.400001525878906,58.400001525878906,274040
2024-06-19,59.0,59.20000076293945,57.5,57.5,458002
2024-06-20,58.0,59.5,57.70000076293945,59.20000076293945,422205
2024-06-21,58.29999923706055,63.09999847412109,58.29999923706055,62.400001525878906,1925335
2024-06-24,63.5,64.0999984741211,62.400001525878906,62.400001525878906,1779075
2024-06-25,62.5,64.5,60.59999847412109,64.0999984741211,1367322
2024-06-26,65.0999984741211,65.80000305175781,63.5,63.5,1535120
2024-06-27,63.20000076293945,64.30000305175781,63.0,63.0,633038
2024-06-28,63.79999923706055,64.5999984741211,63.400001525878906,63.79999923706055,644031
2024-07-01,63.79999923706055,63.79999923706055,61.79999923706055,61.79999923706055,483170
2024-07-02,62.0,62.09999847412109,60.79999923706055,61.29999923706055,364000
2024-07-03,61.900001525878906,62.5,61.0,61.5,388360
2024-07-04,61.70000076293945,62.0,60.79999923706055,60.900001525878906,522184
2024-07-05,61.5,64.4000015258789,61.5,63.400001525878906,1349105
2024-07-08,63.5,64.0,62.29999923706055,63.0,539020
2024-07-09,63.59999847412109,63.59999847412109,60.09999847412109,61.29999923706055,578100
2024-07-10,61.29999923706055,62.400001525878906,61.29999923706055,61.900001525878906,270020
2024-07-11,62.0,63.5,62.0,62.5,507030
2024-07-12,62.09999847412109,63.0,61.70000076293945,61.70000076293945,230038
2024-07-15,62.5,64.30000305175781,61.29999923706055,61.29999923706055,712118
2024-07-16,62.0,62.29999923706055,60.70000076293945,60.79999923706055,358000
2024-07-17,61.59999847412109,61.70000076293945,60.59999847412109,61.0,262096
2024-07-18,60.5,60.5,59.0,59.29999923706055,632030
2024-07-19,59.09999847412109,59.09999847412109,57.09999847412109,57.09999847412109,827440
2024-07-22,57.09999847412109,57.29999923706055,55.400001525878906,55.79999923706055,381000
2024-07-23,56.5,57.400001525878906,56.20000076293945,56.59999847412109,137009
2024-07-26,55.0,55.400001525878906,54.0,55.0,339000
2024-07-29,56.79999923706055,56.79999923706055,54.0,54.0,375000
2024-07-30,54.0,55.20000076293945,53.20000076293945,55.20000076293945,315005
2024-07-31,54.20000076293945,56.0,54.20000076293945,55.59999847412109,125008
2024-08-01,56.400001525878906,57.20000076293945,56.0,56.70000076293945,212001
2024-08-02,56.0,56.09999847412109,55.0,55.0,396000
2024-08-05,53.5,53.5,49.5,49.5,860140
2024-08-06,49.5,50.29999923706055,45.29999923706055,47.59999847412109,985011
2024-08-07,48.150001525878906,51.79999923706055,48.150001525878906,51.20000076293945,289011
2024-08-08,50.0,52.29999923706055,50.0,51.400001525878906,217600
2024-08-09,52.5,52.5,51.79999923706055,51.79999923706055,166000
2024-08-12,52.29999923706055,53.400001525878906,52.29999923706055,52.900001525878906,161000
2024-08-13,53.0,54.0,52.09999847412109,53.79999923706055,313000
2024-08-14,54.79999923706055,54.79999923706055,53.900001525878906,54.09999847412109,133005
2024-08-15,54.5,55.59999847412109,54.20000076293945,55.0,241405
2024-08-16,56.0,56.0,54.900001525878906,55.29999923706055,138009
2024-08-19,55.79999923706055,56.59999847412109,55.79999923706055,56.09999847412109,274000
2024-08-20,56.79999923706055,57.0,56.20000076293945,56.79999923706055,211136
2024-08-21,56.79999923706055,57.0,55.900001525878906,56.29999923706055,139000
2024-08-22,56.5,56.59999847412109,56.0,56.400001525878906,112000
2024-08-23,56.0,56.79999923706055,55.400001525878906,56.79999923706055,151036
2024-08-26,57.0,58.5,56.70000076293945,57.79999923706055,333006
2024-08-27,57.900001525878906,58.20000076293945,57.400001525878906,57.900001525878906,60000
2024-08-28,57.29999923706055,57.400001525878906,57.0,57.09999847412109,72000
2024-08-29,56.5,60.29999923706055,56.400001525878906,59.20000076293945,459001
2024-08-30,59.79999923706055,59.79999923706055,58.5,58.59999847412109,161480
2024-09-02,59.09999847412109,59.29999923706055,58.29999923706055,58.59999847412109,172000
2024-09-03,59.400001525878906,59.59999847412109,58.20000076293945,58.400001525878906,175000
2024-09-04,56.20000076293945,56.400001525878906,54.59999847412109,55.0,360013
2024-09-05,55.59999847412109,56.400001525878906,54.59999847412109,54.59999847412109,189095
2024-09-06,54.900001525878906,55.400001525878906,54.0,54.5,118002
2024-09-09,52.400001525878906,54.0,52.400001525878906,53.59999847412109,136060
2024-09-10,53.0,54.09999847412109,51.09999847412109,51.70000076293945,311223
2024-09-11,51.79999923706055,52.5,51.400001525878906,52.0,124000
2024-09-12,52.20000076293945,53.20000076293945,52.20000076293945,53.0,86000
2024-09-13,52.900001525878906,54.0,52.900001525878906,53.79999923706055,114000
2024-09-16,53.900001525878906,54.70000076293945,53.79999923706055,54.400001525878906,70000
2024-09-18,54.0,54.400001525878906,53.29999923706055,53.29999923706055,123000
2024-09-19,53.59999847412109,54.79999923706055,53.400001525878906,54.79999923706055,145011
2024-09-20,56.0,56.0,53.79999923706055,53.79999923706055,155000
2024-09-23,54.59999847412109,54.70000076293945,54.09999847412109,54.400001525878906,63002
2024-09-24,55.5,55.5,53.59999847412109,53.900001525878906,123000
2024-09-25,54.20000076293945,55.20000076293945,53.900001525878906,54.0,191000
2024-09-26,54.5,55.0,53.5,53.5,163000
2024-09-27,54.59999847412109,56.79999923706055,54.29999923706055,54.900001525878906,548001
2024-09-30,54.400001525878906,54.79999923706055,53.900001525878906,54.59999847412109,129000
2024-10-01,55.09999847412109,57.400001525878906,54.400001525878906,57.20000076293945,463080
2024-10-04,57.20000076293945,57.20000076293945,56.09999847412109,56.5,274000
2024-10-07,57.0,57.0,56.29999923706055,56.59999847412109,113011
2024-10-08,56.59999847412109,57.0,55.79999923706055,57.0,188000
2024-10-09,57.400001525878906,57.5,55.70000076293945,56.0,179008
2024-10-11,56.09999847412109,56.29999923706055,55.29999923706055,55.79999923706055,113000
2024-10-14,56.70000076293945,56.70000076293945,54.79999923706055,56.0,156000
2024-10-15,56.0,57.0,56.0,56.20000076293945,129170
2024-10-16,56.0,56.29999923706055,55.70000076293945,56.29999923706055,87449
2024-10-17,56.09999847412109,57.29999923706055,56.09999847412109,56.59999847412109,112136
2024-10-18,56.59999847412109,56.70000076293945,55.59999847412109,55.70000076293945,126227
2024-10-21,55.59999847412109,56.70000076293945,55.59999847412109,56.400001525878906,102000
2024-10-22,56.20000076293945,59.900001525878906,56.0,58.0,590000
2024-10-23,59.0,59.0,57.0,57.29999923706055,613110
2024-10-24,57.29999923706055,57.900001525878906,56.79999923706055,57.20000076293945,165712
2024-10-25,57.900001525878906,58.0,56.900001525878906,57.20000076293945,110300
2024-10-28,57.70000076293945,57.79999923706055,56.0,56.900001525878906,136012
2024-10-29,56.20000076293945,57.0,55.5,56.0,157000
2024-10-30,56.09999847412109,56.29999923706055,55.09999847412109,55.5,169000
2024-11-01,54.5,56.59999847412109,54.5,56.59999847412109,83000
2024-11-04,57.0,59.400001525878906,56.400001525878906,57.70000076293945,553260
2024-11-05,58.5,59.79999923706055,57.900001525878906,59.09999847412109,494000
2024-11-06,59.20000076293945,60.70000076293945,59.20000076293945,60.5,799000
2024-11-07,61.0,63.09999847412109,60.09999847412109,62.29999923706055,863631
2024-11-08,61.79999923706055,62.0,59.59999847412109,60.70000076293945,550053
2024-11-11,60.79999923706055,61.79999923706055,60.29999923706055,61.59999847412109,273000
2024-11-12,60.79999923706055,61.400001525878906,59.900001525878906,60.5,288270
2024-11-13,60.59999847412109,61.5,60.20000076293945,61.20000076293945,159045
2024-11-14,61.09999847412109,61.09999847412109,59.5,59.5,300235
2024-11-15,60.0,60.400001525878906,59.29999923706055,59.70000076293945,120000
2024-11-18,59.900001525878906,59.900001525878906,57.0,57.20000076293945,328016
2024-11-19,57.5,57.59999847412109,56.5,57.0,160000
2024-11-20,56.20000076293945,56.20000076293945,56.20000076293945,56.20000076293945,163401
2024-11-21,56.09999847412109,56.900001525878906,55.79999923706055,56.900001525878906,83000
2024-11-22,56.400001525878906,58.29999923706055,56.400001525878906,56.79999923706055,98000
2024-11-25,57.400001525878906,59.20000076293945,57.09999847412109,58.900001525878906,188030
2024-11-26,58.900001525878906,59.70000076293945,58.20000076293945,59.29999923706055,165000
2024-11-27,59.70000076293945,59.70000076293945,58.29999923706055,58.29999923706055,236095
2024-11-28,58.09999847412109,58.09999847412109,55.900001525878906,56.29999923706055,307002
2024-11-29,55.59999847412109,56.79999923706055,55.400001525878906,56.09999847412109,67000
2024-12-02,57.0,57.0,55.400001525878906,56.29999923706055,154000
2024-12-03,56.70000076293945,56.70000076293945,55.59999847412109,56.09999847412109,150000
2024-12-04,56.59999847412109,57.5,56.09999847412109,57.09999847412109,164000
2024-12-05,57.59999847412109,57.59999847412109,56.5,56.5,92000
2024-12-06,56.29999923706055,57.0,56.09999847412109,56.20000076293945,64000
2024-12-09,56.29999923706055,56.400001525878906,55.5,55.70000076293945,122000
2024-12-10,56.09999847412109,56.20000076293945,55.5,56.20000076293945,75060
2024-12-11,56.09999847412109,56.59999847412109,55.29999923706055,55.400001525878906,106048
2024-12-12,55.29999923706055,55.79999923706055,55.0,55.0,114110
2024-12-13,55.0,55.0,53.0,53.20000076293945,248074
2024-12-16,53.20000076293945,53.29999923706055,50.79999923706055,51.0,328000
2024-12-17,51.400001525878906,53.400001525878906,51.29999923706055,52.5,147000
2024-12-18,52.09999847412109,54.79999923706055,52.09999847412109,53.400001525878906,288071
2024-12-19,52.400001525878906,53.79999923706055,52.29999923706055,53.70000076293945,199438
2024-12-20,53.59999847412109,54.20000076293945,52.5,52.5,150000
2024-12-23,52.79999923706055,55.09999847412109,52.79999923706055,54.09999847412109,387480
2024-12-24,54.900001525878906,56.900001525878906,54.09999847412109,54.79999923706055,582321
2024-12-25,55.70000076293945,60.20000076293945,55.70000076293945,60.20000076293945,1901852
2024-12-26,62.59999847412109,66.19999694824219,61.0,66.19999694824219,4604135
2024-12-27,66.0,66.80000305175781,61.5,64.0,7418015
2024-12-30,62.29999923706055,65.9000015258789,61.900001525878906,62.0,2426128
2024-12-31,62.0,65.30000305175781,61.09999847412109,61.79999923706055,3790156
2025-01-02,67.9000015258789,67.9000015258789,63.70000076293945,64.80000305175781,10100036
2025-01-03,66.19999694824219,66.5999984741211,62.29999923706055,64.0,3354020
2025-01-06,64.5,64.69999694824219,59.09999847412109,59.70000076293945,3607689
2025-01-07,59.29999923706055,62.20000076293945,59.0,60.900001525878906,2075000
2025-01-08,60.0,61.59999847412109,60.0,61.59999847412109,930090
2025-01-09,61.09999847412109,61.900001525878906,59.79999923706055,59.900001525878906,945500
2025-01-10,60.0,61.5,59.5,59.900001525878906,1177050
2025-01-13,59.400001525878906,59.400001525878906,57.09999847412109,57.70000076293945,833070
2025-01-14,57.900001525878906,58.20000076293945,56.59999847412109,58.20000076293945,457067
2025-01-15,58.29999923706055,62.0,58.0,60.400001525878906,1879151
2025-01-16,61.09999847412109,61.400001525878906,59.20000076293945,60.0,1788000
2025-01-17,60.0,61.0,59.29999923706055,59.79999923706055,761062
2025-01-20,60.5,61.5,59.5,60.5,1251022
2025-01-21,60.59999847412109,61.20000076293945,60.0,60.70000076293945,615013
2025-01-22,60.70000076293945,60.900001525878906,57.70000076293945,58.70000076293945,1836084
2025-02-03,58.400001525878906,58.79999923706055,56.59999847412109,57.79999923706055,549000
2025-02-04,58.0,59.20000076293945,56.900001525878906,58.900001525878906,819028
2025-02-05,58.900001525878906,60.09999847412109,58.900001525878906,60.0,386023
2025-02-06,60.400001525878906,62.70000076293945,60.400001525878906,62.5,1536577
2025-02-07,64.0,64.0,62.20000076293945,62.900001525878906,982358
2025-02-10,62.29999923706055,66.80000305175781,62.29999923706055,66.0,3657410
2025-02-11,66.4000015258789,69.19999694824219,65.30000305175781,67.9000015258789,4577357
2025-02-12,69.69999694824219,70.4000015258789,67.19999694824219,67.69999694824219,4828150
2025-02-13,67.69999694824219,68.4000015258789,66.30000305175781,66.9000015258789,1342680
2025-02-14,66.9000015258789,67.30000305175781,65.0999984741211,65.9000015258789,1256170
2025-02-17,68.69999694824219,72.4000015258789,68.69999694824219,72.4000015258789,9523050
2025-02-18,77.0,78.0,74.4000015258789,74.9000015258789,21215979
2025-02-19,74.5999984741211,75.4000015258789,72.69999694824219,72.9000015258789,5160126
2025-02-20,73.0,73.69999694824219,71.5,72.19999694824219,2247000
2025-02-21,71.9000015258789,73.5,70.69999694824219,71.69999694824219,2120668
2025-02-24,71.0,72.0999984741211,70.5,71.80000305175781,1010135
2025-02-25,71.80000305175781,72.0999984741211,69.0999984741211,69.30000305175781,1450605
2025-02-26,69.5,70.80000305175781,68.80000305175781,69.5,982657
2025-02-27,70.19999694824219,71.19999694824219,67.0,67.69999694824219,1396737
2025-03-03,66.9000015258789,67.0999984741211,64.30000305175781,64.30000305175781,1242153
2025-03-04,63.0,64.9000015258789,61.29999923706055,64.9000015258789,1013180
2025-03-05,65.0,65.5,64.19999694824219,65.0999984741211,699000
2025-03-06,65.4000015258789,65.80000305175781,62.09999847412109,62.400001525878906,1012035
2025-03-07,62.29999923706055,63.0,62.0,62.400001525878906,517300
2025-03-10,62.400001525878906,63.59999847412109,62.0,62.0,369000
2025-03-11,61.29999923706055,62.0,59.09999847412109,60.70000076293945,1184020
2025-03-12,60.59999847412109,61.59999847412109,60.29999923706055,60.59999847412109,554150
2025-03-13,61.59999847412109,62.20000076293945,59.0,59.09999847412109,820205
2025-03-14,59.5,59.79999923706055,58.29999923706055,59.79999923706055,517070
2025-03-17,60.400001525878906,61.20000076293945,60.0,60.0,482100
2025-03-18,60.400001525878906,60.900001525878906,60.20000076293945,60.29999923706055,281000
2025-03-19,60.5,61.400001525878906,59.900001525878906,60.0,434020
2025-03-20,60.5,61.29999923706055,60.09999847412109,61.09999847412109,505030
2025-03-21,61.400001525878906,61.400001525878906,60.20000076293945,60.20000076293945,322030
2025-03-24,60.5,62.400001525878906,60.09999847412109,60.20000076293945,562050
2025-03-25,61.09999847412109,62.20000076293945,59.79999923706055,59.79999923706055,551200
2025-03-26,60.0,60.79999923706055,59.59999847412109,60.09999847412109,307000
2025-03-27,59.59999847412109,60.0,58.09999847412109,59.59999847412109,549025
2025-03-28,59.79999923706055,59.79999923706055,56.79999923706055,57.20000076293945,786526
2025-03-31,55.5,56.29999923706055,52.70000076293945,52.79999923706055,1225520
2025-04-01,53.59999847412109,54.5,52.70000076293945,54.09999847412109,641025
2025-04-02,54.09999847412109,54.79999923706055,53.20000076293945,54.29999923706055,310000
2025-04-07,48.900001525878906,48.900001525878906,48.900001525878906,48.900001525878906,45014
2025-04-08,44.150001525878906,45.59999847412109,44.04999923706055,44.04999923706055,714580
2025-04-09,41.70000076293945,42.95000076293945,39.650001525878906,39.650001525878906,1243012
2025-04-10,43.54999923706055,43.59999847412109,42.650001525878906,43.59999847412109,517000
2025-04-11,41.79999923706055,43.59999847412109,40.59999847412109,43.54999923706055,687000
2025-04-14,44.04999923706055,45.95000076293945,43.54999923706055,43.650001525878906,603100
2025-04-15,44.5,46.25,44.5,45.84999847412109,627205
2025-04-16,45.75,45.900001525878906,44.0,44.0,369000
2025-04-17,44.45000076293945,44.79999923706055,43.29999923706055,44.34999847412109,245002
2025-04-18,44.29999923706055,44.95000076293945,43.54999923706055,43.79999923706055,195050
2025-04-21,44.150001525878906,44.150001525878906,42.04999923706055,42.04999923706055,298050
2025-04-22,41.400001525878906,42.650001525878906,41.25,41.34999847412109,260400
2025-04-23,42.5,43.54999923706055,42.04999923706055,43.0,328062
2025-04-24,42.900001525878906,43.900001525878906,42.900001525878906,43.0,202002
2025-04-25,44.09999847412109,44.5,43.59999847412109,43.95000076293945,227000
2025-04-28,44.29999923706055,45.75,44.29999923706055,44.900001525878906,456007
2025-04-29,45.400001525878906,45.900001525878906,45.0,45.70000076293945,295020
2025-04-30,47.150001525878906,47.79999923706055,44.25,44.34999847412109,584003
2025-05-02,45.0,45.59999847412109,45.0,45.45000076293945,251007
2025-05-05,46.34999847412109,46.34999847412109,42.59999847412109,43.59999847412109,482433
2025-05-06,43.45000076293945,44.400001525878906,43.400001525878906,43.79999923706055,146000
2025-05-07,44.04999923706055,44.04999923706055,43.20000076293945,43.54999923706055,156005
2025-05-08,43.95000076293945,45.59999847412109,43.900001525878906,44.900001525878906,432030
2025-05-09,45.59999847412109,45.59999847412109,44.150001525878906,45.150001525878906,223005
2025-05-12,46.09999847412109,48.150001525878906,46.0,47.5,728034
2025-05-13,49.79999923706055,49.79999923706055,47.5,47.79999923706055,590000
2025-05-14,47.95000076293945,48.79999923706055,47.900001525878906,48.79999923706055,312000
2025-05-15,48.54999923706055,49.34999847412109,48.20000076293945,48.20000076293945,300000
2025-05-16,48.59999847412109,49.20000076293945,48.5,48.70000076293945,355035
2025-05-19,48.79999923706055,48.79999923706055,47.09999847412109,47.29999923706055,242140
2025-05-20,47.59999847412109,47.79999923706055,47.04999923706055,47.20000076293945,193000
2025-05-21,48.20000076293945,49.75,47.75,49.20000076293945,740075
2025-05-22,48.5,48.900001525878906,48.34999847412109,48.45000076293945,207000
2025-05-23,48.54999923706055,51.400001525878906,48.54999923706055,49.20000076293945,799000
2025-05-26,49.20000076293945,49.20000076293945,48.150001525878906,48.45000076293945,260005
2025-05-27,48.900001525878906,50.29999923706055,47.650001525878906,47.650001525878906,367000
2025-05-28,48.59999847412109,48.59999847412109,47.0,47.150001525878906,185000
2025-05-29,48.09999847412109,48.09999847412109,47.09999847412109,47.70000076293945,107000
2025-06-02,47.20000076293945,47.20000076293945,44.900001525878906,45.45000076293945,357070
2025-06-03,45.84999847412109,46.20000076293945,45.34999847412109,45.34999847412109,124005
2025-06-04,45.900001525878906,47.29999923706055,45.900001525878906,46.900001525878906,257000
2025-06-05,47.09999847412109,47.29999923706055,46.59999847412109,46.75,84008
2025-06-06,46.84999847412109,46.95000076293945,46.04999923706055,46.29999923706055,108689
2025-06-09,46.59999847412109,47.0,45.59999847412109,45.75,98546
2025-06-10,45.79999923706055,46.70000076293945,45.79999923706055,46.04999923706055,155010
2025-06-11,46.79999923706055,47.0,46.04999923706055,46.79999923706055,208000
2025-06-12,46.79999923706055,47.5,46.09999847412109,46.59999847412109,276000
2025-06-13,46.20000076293945,46.20000076293945,45.0,45.0,361090
2025-06-16,44.79999923706055,45.400001525878906,44.09999847412109,45.20000076293945,169000
2025-06-17,45.29999923706055,46.400001525878906,45.09999847412109,45.20000076293945,157000
2025-06-18,45.20000076293945,46.34999847412109,45.20000076293945,46.04999923706055,161000
2025-06-19,46.5,46.5,44.84999847412109,45.95000076293945,284010
2025-06-20,45.650001525878906,46.400001525878906,44.5,45.75,376100
2025-06-23,45.84999847412109,45.84999847412109,43.5,44.29999923706055,199158
2025-06-24,45.0,47.45000076293945,45.0,46.75,452366
2025-06-25,47.75,48.20000076293945,46.59999847412109,46.79999923706055,206152
2025-06-26,47.09999847412109,47.45000076293945,46.400001525878906,46.5,139000
2025-06-27,46.70000076293945,46.79999923706055,46.09999847412109,46.150001525878906,130010
2025-06-30,46.5,47.59999847412109,46.0,46.04999923706055,217000
2025-07-01,46.54999923706055,47.20000076293945,45.79999923706055,46.20000076293945,157000
2025-07-02,46.29999923706055,47.0,46.20000076293945,46.29999923706055,113000
2025-07-03,46.25,47.20000076293945,46.25,46.59999847412109,168093
2025-07-04,46.59999847412109,46.650001525878906,45.34999847412109,45.400001525878906,213198
2025-07-07,44.54999923706055,44.75,44.150001525878906,44.59999847412109,100000
2025-07-08,45.0,45.25,43.75,44.5,176001
2025-07-09,44.54999923706055,44.900001525878906,44.29999923706055,44.79999923706055,87000
2025-07-10,44.900001525878906,46.150001525878906,44.900001525878906,45.20000076293945,126051
2025-07-11,45.45000076293945,46.45000076293945,45.400001525878906,46.400001525878906,158030
2025-07-14,46.400001525878906,46.400001525878906,45.75,45.79999923706055,42000
2025-07-15,46.0,46.09999847412109,45.34999847412109,46.09999847412109,85000
2025-07-16,46.25,47.45000076293945,46.25,46.79999923706055,262000
2025-07-17,47.5,48.25,47.45000076293945,47.75,330006
2025-07-18,48.29999923706055,48.29999923706055,47.25,47.650001525878906,226006
2025-07-21,48.20000076293945,50.70000076293945,48.20000076293945,48.29999923706055,608149
2025-07-22,48.04999923706055,48.79999923706055,46.70000076293945,47.20000076293945,283005
2025-07-23,47.0,49.70000076293945,47.0,49.45000076293945,632209
2025-07-24,49.59999847412109,51.20000076293945,49.34999847412109,49.900001525878906,704030
2025-07-25,50.09999847412109,51.0,49.5,50.20000076293945,714000
2025-07-28,51.20000076293945,53.0,49.650001525878906,52.20000076293945,937050
2025-07-29,52.70000076293945,53.29999923706055,51.09999847412109,51.400001525878906,573203
2025-07-30,51.400001525878906,54.70000076293945,51.400001525878906,52.09999847412109,1734400
2025-07-31,51.79999923706055,54.20000076293945,51.70000076293945,52.79999923706055,942500
2025-08-04,54.0,57.59999847412109,53.79999923706055,56.5,2273500
2025-08-05,57.0,58.09999847412109,56.400001525878906,57.29999923706055,1703547
2025-08-06,57.0,57.29999923706055,55.79999923706055,56.59999847412109,697110
2025-08-07,57.09999847412109,57.09999847412109,55.0,57.0,611110
2025-08-08,57.29999923706055,58.29999923706055,56.900001525878906,56.900001525878906,813050
2025-08-11,57.20000076293945,57.20000076293945,55.59999847412109,55.59999847412109,691085
2025-08-12,55.900001525878906,56.70000076293945,55.5,55.900001525878906,378000
2025-08-13,56.400001525878906,56.900001525878906,55.09999847412109,55.900001525878906,358211
2025-08-14,56.09999847412109,57.29999923706055,55.79999923706055,55.900001525878906,367055
2025-08-15,56.5,57.900001525878906,56.0,57.0,715021
2025-08-18,58.0,58.900001525878906,57.29999923706055,58.29999923706055,781466
2025-08-19,61.79999923706055,63.400001525878906,58.400001525878906,59.5,2620294
2025-08-20,59.5,59.5,56.29999923706055,56.70000076293945,1131300
2025-08-21,57.29999923706055,60.400001525878906,57.29999923706055,59.79999923706055,1214500
2025-08-22,60.20000076293945,60.20000076293945,57.70000076293945,57.70000076293945,747345
2025-08-25,58.29999923706055,59.20000076293945,57.900001525878906,58.59999847412109,442016
2025-08-26,58.59999847412109,60.5,58.09999847412109,60.5,752000
2025-08-27,60.5,61.79999923706055,59.79999923706055,61.09999847412109,861170
2025-08-28,61.5,61.5,59.400001525878906,59.70000076293945,567155
2025-08-29,60.59999847412109,60.59999847412109,58.5,59.400001525878906,393000
2025-09-01,59.400001525878906,60.400001525878906,58.0,58.09999847412109,367260
2025-09-02,58.79999923706055,59.20000076293945,56.70000076293945,58.09999847412109,351017
2025-09-03,58.900001525878906,63.5,58.400001525878906,62.5,2260109
2025-09-04,62.900001525878906,63.09999847412109,60.29999923706055,60.5,1127002
2025-09-05,61.0,61.5,60.70000076293945,61.20000076293945,358100
2025-09-08,61.29999923706055,61.5,60.29999923706055,61.29999923706055,362500
2025-09-09,61.5,61.79999923706055,59.59999847412109,59.900001525878906,386030
2025-09-10,59.900001525878906,61.5,59.20000076293945,61.0,571016
2025-09-11,61.29999923706055,61.400001525878906,59.5,59.5,384192
2025-09-12,59.59999847412109,60.400001525878906,58.29999923706055,58.400001525878906,396895
2025-09-15,58.79999923706055,58.79999923706055,56.59999847412109,57.400001525878906,393001
2025-09-16,57.400001525878906,59.29999923706055,57.29999923706055,59.0,263027
2025-09-17,60.0,62.5,60.0,61.59999847412109,1122250
2025-09-18,62.5,62.59999847412109,61.20000076293945,61.5,608000
2025-09-19,62.0,64.4000015258789,61.5,61.59999847412109,1388118
2025-09-22,62.0,63.0,61.5,62.900001525878906,456030
2025-09-23,64.0,65.4000015258789,62.09999847412109,62.09999847412109,1487050
2025-09-24,62.5,62.5,60.79999923706055,61.79999923706055,366000
2025-09-25,62.20000076293945,62.5,60.70000076293945,60.70000076293945,395030
2025-09-26,61.79999923706055,61.79999923706055,58.29999923706055,58.400001525878906,517168
2025-09-30,59.20000076293945,60.20000076293945,58.400001525878906,59.79999923706055,251036
2025-10-01,60.09999847412109,60.400001525878906,59.29999923706055,59.29999923706055,202021
2025-10-02,59.59999847412109,59.900001525878906,58.59999847412109,58.900001525878906,212070
2025-10-03,59.0,59.20000076293945,58.29999923706055,58.5,184001
2025-10-07,58.5,60.09999847412109,58.20000076293945,59.900001525878906,252000
2025-10-08,59.900001525878906,61.59999847412109,58.900001525878906,60.79999923706055,361036
2025-10-09,61.20000076293945,62.09999847412109,59.5,59.5,366056
2025-10-13,57.20000076293945,57.5,55.20000076293945,57.5,548000
2025-10-14,57.900001525878906,60.59999847412109,56.20000076293945,56.400001525878906,638050
2025-10-15,56.79999923706055,57.79999923706055,56.5,57.400001525878906,301000
2025-10-16,57.70000076293945,61.59999847412109,57.70000076293945,58.5,679020
2025-10-17,58.5,58.79999923706055,56.5,56.70000076293945,447031
2025-10-20,57.0,59.79999923706055,57.0,58.09999847412109,591002
2025-10-21,59.0,61.59999847412109,58.70000076293945,59.59999847412109,861025
2025-10-22,60.09999847412109,61.20000076293945,59.0,60.29999923706055,587010
2025-10-23,60.400001525878906,61.0,57.09999847412109,57.09999847412109,855010
2025-10-27,57.20000076293945,57.79999923706055,56.0,57.70000076293945,580159
2025-10-28,57.5,57.70000076293945,55.5,55.79999923706055,789077
2025-10-29,56.0,56.70000076293945,55.29999923706055,55.70000076293945,439000
2025-10-30,56.09999847412109,56.5,54.29999923706055,54.5,381061
2025-10-31,54.900001525878906,55.79999923706055,54.5,54.79999923706055,332000
2025-11-03,54.59999847412109,55.5,54.09999847412109,54.29999923706055,338000
2025-11-04,54.400001525878906,54.400001525878906,53.09999847412109,53.20000076293945,302011
2025-11-05,52.29999923706055,53.59999847412109,51.70000076293945,52.79999923706055,357283
2025-11-06,53.59999847412109,54.0,52.0,52.70000076293945,368010
2025-11-07,51.79999923706055,52.29999923706055,51.20000076293945,51.70000076293945,146000
2025-11-10,51.900001525878906,52.5,51.5,52.0,104000
2025-11-11,52.09999847412109,52.79999923706055,51.79999923706055,51.79999923706055,153000
2025-11-12,52.29999923706055,53.900001525878906,52.29999923706055,52.70000076293945,208000
2025-11-13,53.5,54.0,52.0,52.0,285043
2025-11-14,51.29999923706055,52.0,51.0,51.0,177110
2025-11-17,51.20000076293945,51.20000076293945,49.84999847412109,49.84999847412109,203110
2025-11-18,49.70000076293945,50.59999847412109,49.04999923706055,49.20000076293945,180000
2025-11-19,49.79999923706055,49.79999923706055,48.25,48.59999847412109,184000
2025-11-20,49.0,49.900001525878906,48.59999847412109,48.84999847412109,109000
2025-11-21,48.34999847412109,48.34999847412109,46.900001525878906,47.45000076293945,176000
2025-11-24,47.95000076293945,48.54999923706055,47.650001525878906,48.54999923706055,163000
2025-11-25,49.0,49.34999847412109,48.5,48.650001525878906,59000
2025-11-26,49.0,50.0,49.0,49.45000076293945,84001
2025-11-27,49.70000076293945,49.70000076293945,49.0,49.20000076293945,92000
2025-11-28,49.150001525878906,49.59999847412109,48.70000076293945,49.5,91003
2025-12-01,50.0,50.0,48.59999847412109,49.0,73000
2025-12-02,49.04999923706055,49.150001525878906,48.75,48.900001525878906,52000
2025-12-03,49.0,49.900001525878906,49.0,49.400001525878906,83079
2025-12-04,50.20000076293945,51.0,50.09999847412109,51.0,157221
2025-12-05,51.5,51.5,50.09999847412109,50.400001525878906,141036
2025-12-08,50.09999847412109,51.29999923706055,50.09999847412109,51.29999923706055,86080
2025-12-09,51.29999923706055,52.59999847412109,51.20000076293945,52.0,145080
2025-12-10,53.0,54.79999923706055,51.0,51.0,501010
2025-12-11,51.79999923706055,52.0,50.59999847412109,51.400001525878906,190000
2025-12-12,51.900001525878906,52.5,51.70000076293945,52.29999923706055,99000
2025-12-15,52.0,52.5,51.20000076293945,51.900001525878906,154003
2025-12-16,51.59999847412109,52.0,51.29999923706055,51.59999847412109,159000
2025-12-17,52.0,52.400001525878906,51.5,51.5,137000
2025-12-18,51.400001525878906,51.79999923706055,50.59999847412109,50.900001525878906,130100
2025-12-19,51.59999847412109,51.70000076293945,50.900001525878906,51.09999847412109,78006
2025-12-22,51.70000076293945,52.400001525878906,51.5,52.29999923706055,109010
2025-12-23,52.09999847412109,52.09999847412109,51.29999923706055,51.59999847412109,50000
2025-12-24,52.09999847412109,52.900001525878906,51.79999923706055,51.79999923706055,129000
2025-12-26,52.20000076293945,52.20000076293945,51.20000076293945,51.79999923706055,135052
2025-12-29,51.900001525878906,52.59999847412109,51.79999923706055,52.09999847412109,156000
2025-12-30,52.09999847412109,52.09999847412109,50.70000076293945,51.09999847412109,150003
2025-12-31,51.09999847412109,51.5,50.59999847412109,50.59999847412109,130176
2026-01-02,50.5,52.29999923706055,50.5,52.0,218200
2026-01-05,52.5,52.5,50.0,51.09999847412109,263001
2026-01-06,51.29999923706055,51.59999847412109,50.900001525878906,51.0,152010
2026-01-07,51.0,51.400001525878906,50.20000076293945,51.0,186010
2026-01-08,51.09999847412109,52.0,50.400001525878906,50.5,145000
2026-01-09,51.0,51.400001525878906,50.09999847412109,51.09999847412109,94000
2026-01-12,51.400001525878906,52.29999923706055,51.29999923706055,52.0,228120
2026-01-13,52.5,52.70000076293945,51.0,52.09999847412109,148015
2026-01-14,52.29999923706055,52.59999847412109,51.79999923706055,52.29999923706055,136000
2026-01-15,55.59999847412109,57.5,55.0,57.5,1919250
2026-01-16,56.900001525878906,57.29999923706055,55.09999847412109,55.5,1464527
2026-01-19,56.0,57.0,55.0,56.5,589095
2026-01-20,56.79999923706055,57.0,55.79999923706055,56.5,308010
2026-01-21,55.79999923706055,56.79999923706055,55.5,56.0,223000
2026-01-22,56.70000076293945,58.5,55.900001525878906,57.70000076293945,558010
2026-01-23,58.5,62.29999923706055,57.09999847412109,57.20000076293945,1582022
2026-01-26,57.400001525878906,59.5,57.20000076293945,58.29999923706055,700530
2026-01-27,59.0,59.0,56.29999923706055,56.400001525878906,433049
2026-01-28,56.5,57.0,56.0,56.59999847412109,257030
2026-01-29,56.70000076293945,57.400001525878906,55.20000076293945,55.900001525878906,276515
2026-01-30,56.59999847412109,56.59999847412109,53.70000076293945,54.20000076293945,358009
2026-02-02,53.79999923706055,54.0,52.59999847412109,52.70000076293945,218200
2026-02-03,53.59999847412109,54.20000076293945,52.79999923706055,54.0,281003
2026-02-04,54.5,56.20000076293945,54.09999847412109,54.70000076293945,228000
2026-02-05,55.0,55.09999847412109,54.09999847412109,54.400001525878906,113000
2026-02-06,54.09999847412109,54.09999847412109,51.400001525878906,53.400001525878906,265040
2026-02-09,54.0,57.900001525878906,54.0,55.29999923706055,826072
2026-02-10,55.5,55.5,53.79999923706055,54.400001525878906,181000
2026-02-11,54.59999847412109,54.59999847412109,53.400001525878906,53.79999923706055,233100
2026-02-23,53.400001525878906,55.5,53.400001525878906,55.20000076293945,213000
2026-02-24,55.79999923706055,60.70000076293945,55.5,60.70000076293945,1961223
2026-02-25,62.09999847412109,64.69999694824219,60.0,61.09999847412109,3708110
2026-02-26,61.09999847412109,65.69999694824219,60.70000076293945,64.5,3544493
2026-03-02,61.09999847412109,65.80000305175781,60.400001525878906,63.79999923706055,1958299
2026-03-03,64.5,66.30000305175781,61.900001525878906,63.79999923706055,3363047
2026-03-04,62.0,62.5,58.20000076293945,59.0,1204002
2026-03-05,60.79999923706055,62.20000076293945,59.59999847412109,60.5,750023
2026-03-06,60.5,61.59999847412109,59.0,60.5,500000
2026-03-09,55.79999923706055,56.59999847412109,54.70000076293945,55.79999923706055,925000
2026-03-10,56.70000076293945,57.29999923706055,54.20000076293945,54.59999847412109,564052
2026-03-11,54.900001525878906,57.29999923706055,54.900001525878906,56.900001525878906,448035
2026-03-12,56.59999847412109,57.79999923706055,56.09999847412109,57.0,409010
2026-03-13,57.20000076293945,58.70000076293945,56.20000076293945,58.09999847412109,380010
2026-03-16,58.09999847412109,59.79999923706055,57.400001525878906,59.5,413100
2026-03-17,61.29999923706055,61.70000076293945,59.09999847412109,59.400001525878906,1165105
2026-03-18,59.5,60.5,58.900001525878906,59.5,429105
2026-03-19,59.0,61.5,58.79999923706055,59.59999847412109,589000
2026-03-20,59.900001525878906,60.5,58.0,58.29999923706055,470167
2026-03-23,56.79999923706055,58.09999847412109,55.29999923706055,55.70000076293945,634300
2026-03-24,56.400001525878906,57.20000076293945,54.79999923706055,55.5,341095
2026-03-25,56.70000076293945,57.900001525878906,56.09999847412109,57.79999923706055,273500
2026-03-26,58.29999923706055,59.09999847412109,55.400001525878906,55.5,310209
2026-03-27,54.400001525878906,55.59999847412109,54.29999923706055,54.900001525878906,244003
2026-03-30,54.59999847412109,54.59999847412109,52.900001525878906,53.09999847412109,384128
2026-03-31,52.70000076293945,53.400001525878906,50.400001525878906,50.400001525878906,386340
2026-04-01,51.70000076293945,53.20000076293945,51.70000076293945,53.09999847412109,252000
2026-04-02,53.0,53.5,51.09999847412109,51.20000076293945,180100
2026-04-07,51.59999847412109,51.70000076293945,50.70000076293945,50.70000076293945,213010
2026-04-08,52.29999923706055,52.5,51.59999847412109,52.29999923706055,127500
2026-04-09,52.79999923706055,52.79999923706055,51.59999847412109,51.79999923706055,224347
2026-04-10,51.79999923706055,53.0,51.79999923706055,52.20000076293945,178000
2026-04-13,52.5,57.400001525878906,52.5,57.400001525878906,739112
2026-04-14,58.0,62.79999923706055,57.79999923706055,60.79999923706055,2457501
2026-04-15,60.59999847412109,62.79999923706055,60.400001525878906,61.0,1402500
2026-04-16,61.400001525878906,62.29999923706055,60.59999847412109,61.29999923706055,614005
2026-04-17,61.59999847412109,67.4000015258789,61.400001525878906,67.4000015258789,2354130
2026-04-20,67.4000015258789,73.30000305175781,66.9000015258789,71.5999984741211,6413111
2026-04-21,70.4000015258789,74.80000305175781,67.30000305175781,74.19999694824219,7100235
2026-04-22,74.0,74.0,71.0,72.30000305175781,3229312
2026-04-23,73.19999694824219,73.5,65.0999984741211,67.30000305175781,2984317
2026-04-24,67.5,72.19999694824219,66.0999984741211,66.30000305175781,2530278
2026-04-27,66.5,67.0,63.5,65.5999984741211,905211
2026-04-28,65.5999984741211,65.80000305175781,63.79999923706055,64.69999694824219,575100
2026-04-29,65.0999984741211,67.19999694824219,64.0,65.0,828063
2026-04-30,65.0999984741211,65.9000015258789,63.0,63.29999923706055,759028
2026-05-04,64.4000015258789,66.5999984741211,63.20000076293945,64.5,639010
2026-05-05,64.0,66.80000305175781,64.0,66.30000305175781,725130
2026-05-06,66.80000305175781,66.80000305175781,63.59999847412109,65.0,820002
2026-05-07,66.0,66.19999694824219,64.5,65.30000305175781,582194
2026-05-08,65.30000305175781,65.9000015258789,62.09999847412109,62.09999847412109,764024
2026-05-11,61.70000076293945,63.29999923706055,61.5,62.79999923706055,511105
2026-05-12,63.79999923706055,65.80000305175781,62.5,65.5999984741211,788033
2026-05-13,65.0,67.0999984741211,63.29999923706055,66.19999694824219,853190
2026-05-14,67.0,71.5,66.0,71.4000015258789,2673921
2026-05-15,71.9000015258789,78.5,70.4000015258789,77.30000305175781,10313781
2026-05-18,75.19999694824219,82.0,73.80000305175781,75.30000305175781,4933025
2026-05-19,75.30000305175781,81.5999984741211,75.30000305175781,78.19999694824219,5963775
2026-05-20,81.5,86.0,81.0,82.30000305175781,10710892
2026-05-21,83.5,90.0,83.5,85.80000305175781,7546635
2026-05-22,86.0999984741211,86.4000015258789,82.5,83.4000015258789,4107389
2026-05-25,83.4000015258789,85.5999984741211,82.5,82.69999694824219,3208646
2026-05-26,83.0999984741211,83.5,78.5,80.30000305175781,2204605
2026-05-27,81.0,81.0,77.4000015258789,77.5999984741211,1824902
2026-05-28,77.5999984741211,80.5999984741211,76.5,77.0999984741211,1678400
2026-05-29,78.0,78.9000015258789,77.0999984741211,77.80000305175781,986205
2026-06-01,78.19999694824219,80.80000305175781,78.19999694824219,78.4000015258789,1509246
2026-06-02,78.80000305175781,79.9000015258789,76.19999694824219,79.4000015258789,1668060
2026-06-03,80.0,83.9000015258789,78.4000015258789,83.69999694824219,3903251
2026-06-04,83.0,83.5999984741211,79.9000015258789,80.5,1862184
2026-06-05,81.30000305175781,84.0,79.5999984741211,80.9000015258789,3246025
2026-06-08,72.9000015258789,74.4000015258789,72.9000015258789,72.9000015258789,1382005
2026-06-09,75.0,80.0999984741211,73.5999984741211,80.0999984741211,2014450
2026-06-10,78.5,86.4000015258789,77.30000305175781,79.0,4766511
2026-06-11,77.5999984741211,80.0,73.9000015258789,75.80000305175781,1735388
2026-06-12,76.69999694824219,78.5999984741211,74.69999694824219,74.69999694824219,1074977
2026-06-15,76.80000305175781,82.0999984741211,76.69999694824219,82.0999984741211,2302063
2026-06-16,83.5,89.80000305175781,83.5,89.4000015258789,9097106
2026-06-17,89.5,97.8000030517578,85.5,86.5,15274710
2026-06-18,87.80000305175781,91.5,85.69999694824219,91.1999969482422,6047800
2026-06-22,92.4000015258789,92.8000030517578,87.9000015258789,91.5,4188260
2026-06-23,91.6999969482422,91.8000030517578,86.0999984741211,86.69999694824219,2602239
2026-06-24,86.0,89.5999984741211,85.0999984741211,87.80000305175781,1956040
2026-06-25,88.9000015258789,92.8000030517578,86.5999984741211,86.80000305175781,3637119
2026-06-26,86.80000305175781,87.0999984741211,82.30000305175781,82.4000015258789,1872487
2026-06-29,82.0,83.0999984741211,77.30000305175781,77.80000305175781,1530059
2026-06-30,78.5,81.9000015258789,78.0999984741211,80.19999694824219,1020134
2026-07-01,81.5999984741211,82.4000015258789,76.5999984741211,76.69999694824219,1022400
2026-07-02,76.5999984741211,79.5999984741211,75.80000305175781,78.5,600200
2026-07-03,78.19999694824219,80.4000015258789,77.0999984741211,78.5999984741211,526137
2026-07-06,79.5999984741211,80.9000015258789,77.5,78.19999694824219,647012
2026-07-07,78.30000305175781,78.69999694824219,73.0999984741211,73.4000015258789,827017
2026-07-08,73.69999694824219,75.19999694824219,72.69999694824219,74.4000015258789,588200
2026-07-09,74.9000015258789,81.80000305175781,74.69999694824219,81.80000305175781,1850661
2026-07-10,81.80000305175781,81.80000305175781,81.80000305175781,81.80000305175781,0
2026-07-13,80.0999984741211,82.9000015258789,74.69999694824219,76.4000015258789,3593120
2026-07-14,76.5999984741211,77.30000305175781,68.80000305175781,71.19999694824219,1384053
2026-07-15,72.80000305175781,72.80000305175781,69.0,69.19999694824219,1611340
2026-07-16,69.80000305175781,72.0,67.19999694824219,69.5999984741211,1039032
2026-07-17,68.30000305175781,68.5,63.59999847412109,64.0,764411
2026-07-20,64.69999694824219,64.69999694824219,60.0,62.20000076293945,859205
2026-07-21,62.09999847412109,63.900001525878906,62.09999847412109,63.09999847412109,429340
2026-07-22,64.4000015258789,66.30000305175781,64.19999694824219,64.4000015258789,681204
2026-07-23,64.69999694824219,66.80000305175781,63.59999847412109,64.69999694824219,729000
2026-07-24,63.900001525878906,64.5,61.70000076293945,62.09999847412109,436100
2026-07-27,63.29999923706055,68.30000305175781,62.900001525878906,65.0999984741211,2079100
2026-07-28,62.0,69.5,61.70000076293945,62.400001525878906,5476020
2026-07-29,63.0,68.5999984741211,62.400001525878906,68.5999984741211,6563969
2026-07-30,70.69999694824219,75.4000015258789,62.09999847412109,62.29999923706055,10746237
2026-07-31,66.80000305175781,68.5,65.4000015258789,68.5,2141208
2026-08-03,69.0,75.30000305175781,68.4000015258789,75.30000305175781,6059041
2026-08-04,76.30000305175781,80.30000305175781,73.5999984741211,78.19999694824219,9034110
2026-08-05,79.0999984741211,80.9000015258789,76.0999984741211,76.5,4060812
2026-08-06,76.0,78.4000015258789,73.19999694824219,77.0999984741211,1758523
2026-08-07,75.5999984741211,80.80000305175781,73.5999984741211,73.5999984741211,2469000
2026-08-10,74.0,75.69999694824219,73.30000305175781,73.9000015258789,816018
2026-08-11,73.5,74.5999984741211,73.0,73.5999984741211,468113
2026-08-12,73.5999984741211,78.0,73.5999984741211,76.0999984741211,1685050
2026-08-13,76.5999984741211,77.69999694824219,75.19999694824219,76.0,961050
2026-08-14,76.80000305175781,78.5,74.0,74.0999984741211,1219108
2026-08-17,74.19999694824219,80.5,74.19999694824219,79.0,2899063
2026-08-18,80.0,82.5,77.5999984741211,77.9000015258789,3786070
2026-08-19,76.0,81.5,75.4000015258789,78.4000015258789,1936082
2026-08-20,80.0,81.0999984741211,78.0999984741211,78.0999984741211,2444003
2026-08-21,78.4000015258789,80.80000305175781,76.9000015258789,79.69999694824219,2161440
2026-08-24,79.9000015258789,83.5,78.0,78.0,2654100
2026-08-25,77.5,81.69999694824219,77.4000015258789,80.69999694824219,1733032
2026-08-26,81.0,87.0,81.0,85.5999984741211,6991371
2026-08-27,89.0,94.0999984741211,87.30000305175781,94.0999984741211,10642311
2026-08-28,92.5,94.0,88.30000305175781,89.5,12064489
2026-08-31,87.69999694824219,93.3000030517578,86.30000305175781,90.3000030517578,6697211
2026-09-01,90.3000030517578,92.3000030517578,86.80000305175781,87.19999694824219,4289154
2026-09-02,86.5,95.3000030517578,86.30000305175781,94.3000030517578,9519907
2026-09-03,94.3000030517578,95.5999984741211,87.0999984741211,87.80000305175781,6800823
2026-09-04,88.4000015258789,90.3000030517578,85.5,89.69999694824219,3298692
2026-09-07,89.69999694824219,89.80000305175781,83.4000015258789,84.5,3211766
2026-09-08,84.5,86.0,82.5999984741211,83.19999694824219,1717050
2026-09-09,83.69999694824219,87.5,83.0999984741211,86.0,2587210
2026-09-10,85.5999984741211,86.19999694824219,83.5,83.9000015258789,1455655
2026-09-11,81.30000305175781,85.5999984741211,80.5999984741211,80.69999694824219,2331341
2026-09-14,79.5,82.0,77.30000305175781,78.0,1326246
2026-09-15,78.0999984741211,79.9000015258789,77.0,77.0,1408168
2026-09-16,78.5,82.0,78.30000305175781,80.5999984741211,1869100
2026-09-17,80.69999694824219,81.19999694824219,78.5999984741211,78.69999694824219,1179303
2026-09-18,79.69999694824219,81.30000305175781,79.19999694824219,80.5,1044614
2026-09-21,81.5,81.5999984741211,78.4000015258789,78.4000015258789,986271
2026-09-22,79.30000305175781,79.9000015258789,77.0999984741211,78.0,1293110
2026-09-23,78.30000305175781,80.69999694824219,77.80000305175781,78.0,1691030
2026-09-24,78.5,79.9000015258789,78.19999694824219,78.5,1066017
2026-09-29,78.4000015258789,80.0,77.69999694824219,79.5,619050
2026-09-30,79.80000305175781,80.5,79.0,79.0999984741211,680000
2026-10-01,79.19999694824219,81.80000305175781,79.19999694824219,80.19999694824219,1330050
2026-10-02,80.80000305175781,81.19999694824219,79.69999694824219,80.0999984741211,842012
2026-10-05,81.19999694824219,85.30000305175781,81.19999694824219,84.69999694824219,2590461
2026-10-06,85.4000015258789,87.19999694824219,82.30000305175781,82.5,1795022
