date,open,high,low,close,volume
2020-01-02,14.154658317565918,14.154658317565918,13.995616912841797,14.101643562316896,27839
2020-01-03,14.101643562316896,14.101643562316896,13.624521255493164,13.677535057067873,316391
2020-01-06,13.624521255493164,13.730547904968262,13.51849365234375,13.624521255493164,83576
2020-01-07,13.571507453918455,13.571507453918455,13.306439399719238,13.465479850769045,119293
2020-01-08,13.359452247619627,13.730547904968262,13.253424644470217,13.571507453918455,106577
2020-01-09,13.677535057067873,13.730547904968262,13.571507453918455,13.624521255493164,62813
2020-01-10,13.677535057067873,13.836576461791992,13.677535057067873,13.677535057067873,210630
2020-01-13,13.677535057067873,13.889589309692385,13.677535057067873,13.730547904968262,115054
2020-01-14,13.783561706542969,14.048630714416504,13.783561706542969,13.995616912841797,133056
2020-01-15,14.154658317565918,14.154658317565918,13.783561706542969,13.836576461791992,201723
2020-01-16,13.889589309692385,13.995616912841797,13.836576461791992,13.889589309692385,126021
2020-01-17,13.995616912841797,13.995616912841797,13.730547904968262,13.783561706542969,80603
2020-01-20,13.889589309692385,13.94260311126709,13.783561706542969,13.889589309692385,80203
2020-01-30,13.359452247619627,13.359452247619627,12.51123332977295,12.51123332977295,312091
2020-01-31,12.935342788696287,12.935342788696287,12.458219528198242,12.72328758239746,321544
2020-02-03,12.08712387084961,12.14013671875,11.503973007202148,11.769041061401367,431288
2020-02-04,13.412466049194336,13.465479850769045,11.981096267700195,11.981096267700195,185958
2020-02-05,11.928083419799805,12.24616527557373,11.928083419799805,12.24616527557373,204260
2020-02-06,12.29917812347412,12.352191925048828,12.193151473999023,12.352191925048828,89003
2020-02-07,12.352191925048828,12.352191925048828,11.981096267700195,12.034110069274902,101861
2020-02-10,11.981096267700195,12.08712387084961,11.87506866455078,12.08712387084961,110229
2020-02-11,12.08712387084961,12.29917812347412,12.08712387084961,12.14013671875,116794
2020-02-12,12.14013671875,12.24616527557373,11.928083419799805,12.24616527557373,57107
2020-02-13,12.24616527557373,12.352191925048828,12.24616527557373,12.29917812347412,112730
2020-02-14,12.29917812347412,12.617260932922363,12.193151473999023,12.405205726623535,130159
2020-02-17,12.405205726623535,12.405205726623535,12.24616527557373,12.352191925048828,62683
2020-02-18,12.352191925048828,12.935342788696287,12.29917812347412,12.935342788696287,131146
2020-02-19,12.829315185546877,12.935342788696287,12.617260932922363,12.617260932922363,63104
2020-02-20,12.405205726623535,12.564247131347656,12.352191925048828,12.458219528198242,110983
2020-02-21,12.564247131347656,12.829315185546877,12.51123332977295,12.617260932922363,316950
2020-02-24,12.617260932922363,12.670273780822754,12.24616527557373,12.29917812347412,92772
2020-02-25,11.928083419799805,12.29917812347412,11.928083419799805,12.14013671875,125452
2020-02-26,12.14013671875,12.14013671875,11.981096267700195,12.08712387084961,80521
2020-02-27,12.08712387084961,12.08712387084961,11.981096267700195,12.08712387084961,116152
2020-03-02,11.981096267700195,12.08712387084961,11.87506866455078,11.981096267700195,157518
2020-03-03,12.08712387084961,12.29917812347412,12.034110069274902,12.034110069274902,100297
2020-03-04,12.034110069274902,12.14013671875,11.928083419799805,12.034110069274902,78425
2020-03-05,12.193151473999023,12.29917812347412,12.08712387084961,12.14013671875,109631
2020-03-06,12.08712387084961,12.14013671875,11.981096267700195,12.08712387084961,107164
2020-03-09,11.981096267700195,11.981096267700195,11.822054862976074,11.822054862976074,222026
2020-03-10,11.66301441192627,11.87506866455078,11.45095920562744,11.822054862976074,257503
2020-03-11,11.822054862976074,11.928083419799805,11.66301441192627,11.66301441192627,68190
2020-03-12,11.66301441192627,11.66301441192627,10.655754089355469,10.655754089355469,527059
2020-03-13,10.125617027282717,10.125617027282717,9.59547996520996,9.754521369934082,681401
2020-03-16,9.754521369934082,9.818137168884276,9.24558925628662,9.24558925628662,260319
2020-03-17,8.694247245788574,9.128958702087402,8.545807838439941,8.768465995788574,379579
2020-03-18,8.821479797363281,8.980521202087402,8.747260093688965,8.863890647888184,141667
2020-03-19,8.323150634765625,8.556410789489746,7.98386287689209,8.0050687789917,1129034
2020-03-20,8.800273895263672,8.800273895263672,8.270136833190918,8.800273895263672,423279
2020-03-23,8.376164436340332,8.376164436340332,8.0050687789917,8.333752632141113,316628
2020-03-24,8.280739784240723,8.90630054473877,8.280739784240723,8.66243839263916,196370
2020-03-25,8.895698547363281,9.330410957336426,8.895698547363281,9.054739952087402,150589
2020-03-26,8.91690444946289,9.181973457336426,8.726055145263672,9.181973457336426,187787
2020-03-27,9.181973457336426,9.224384307861328,9.118355751037598,9.20317840576172,201849
2020-03-30,9.224384307861328,9.31980800628662,9.171369552612305,9.27739715576172,88285
2020-03-31,9.404629707336426,9.637890815734863,9.330410957336426,9.59547996520996,201370
2020-04-01,9.690903663635254,10.44369888305664,9.690903663635254,10.390685081481934,208438
2020-04-06,10.295260429382324,10.549725532531738,10.231643676757812,10.549725532531738,129984
2020-04-07,10.549725532531738,10.86780834197998,10.549725532531738,10.761780738830566,136991
2020-04-08,10.86780834197998,10.86780834197998,10.602740287780762,10.761780738830566,273527
2020-04-09,11.132877349853516,11.132877349853516,10.814794540405272,10.86780834197998,288607
2020-04-10,10.86780834197998,10.920822143554688,10.70876693725586,10.920822143554688,76396
2020-04-13,10.920822143554688,10.920822143554688,10.655754089355469,10.86780834197998,74510
2020-04-14,11.026849746704102,11.238903999328612,10.814794540405272,11.079862594604492,131965
2020-04-15,11.185891151428224,11.397945404052734,10.973835945129396,11.29191780090332,166719
2020-04-16,11.29191780090332,11.503973007202148,11.079862594604492,11.45095920562744,62135
2020-04-17,11.556986808776855,11.66301441192627,11.238903999328612,11.45095920562744,168875
2020-04-20,11.503973007202148,11.716028213500977,11.503973007202148,11.66301441192627,44762
2020-04-21,11.609999656677246,11.87506866455078,11.238903999328612,11.87506866455078,165994
2020-04-22,11.238903999328612,12.034110069274902,11.238903999328612,12.034110069274902,344791
2020-04-23,11.981096267700195,12.352191925048828,11.87506866455078,12.352191925048828,220436
2020-04-24,12.193151473999023,12.72328758239746,12.193151473999023,12.72328758239746,251491
2020-04-27,12.72328758239746,13.147397994995115,12.72328758239746,13.09438419342041,220145
2020-04-28,13.09438419342041,13.200410842895508,12.882328987121582,13.09438419342041,221883
2020-04-29,13.200410842895508,13.253424644470217,12.935342788696287,13.253424644470217,224706
2020-04-30,13.359452247619627,13.51849365234375,13.200410842895508,13.51849365234375,200292
2020-05-04,13.200410842895508,13.783561706542969,13.200410842895508,13.783561706542969,200033
2020-05-05,13.889589309692385,13.94260311126709,13.677535057067873,13.94260311126709,186272
2020-05-06,13.94260311126709,13.94260311126709,13.677535057067873,13.94260311126709,179112
2020-05-07,13.94260311126709,13.94260311126709,13.730547904968262,13.836576461791992,197286
2020-05-08,13.836576461791992,13.889589309692385,13.730547904968262,13.836576461791992,130365
2020-05-11,13.783561706542969,13.783561706542969,13.571507453918455,13.571507453918455,189225
2020-05-12,13.730547904968262,13.730547904968262,13.359452247619627,13.571507453918455,111407
2020-05-13,13.359452247619627,13.571507453918455,13.359452247619627,13.51849365234375,108934
2020-05-14,13.359452247619627,13.465479850769045,12.935342788696287,13.147397994995115,116479
2020-05-15,12.935342788696287,12.935342788696287,12.51123332977295,12.829315185546877,215794
2020-05-18,12.72328758239746,12.829315185546877,12.405205726623535,12.670273780822754,174605
2020-05-19,12.72328758239746,12.829315185546877,12.564247131347656,12.670273780822754,123691
2020-05-20,12.670273780822754,12.776302337646484,12.670273780822754,12.72328758239746,167975
2020-05-21,12.72328758239746,13.041370391845703,12.670273780822754,12.935342788696287,192643
2020-05-22,12.829315185546877,12.935342788696287,12.776302337646484,12.935342788696287,41089
2020-05-25,12.988356590270996,12.988356590270996,12.617260932922363,12.670273780822754,67955
2020-05-26,12.617260932922363,12.776302337646484,12.564247131347656,12.670273780822754,180973
2020-05-27,12.617260932922363,12.72328758239746,12.51123332977295,12.51123332977295,132629
2020-05-28,12.72328758239746,12.72328758239746,12.352191925048828,12.352191925048828,146356
2020-05-29,12.564247131347656,12.935342788696287,12.352191925048828,12.670273780822754,85551
2020-06-01,12.617260932922363,12.617260932922363,12.405205726623535,12.458219528198242,172691
2020-06-02,12.405205726623535,12.405205726623535,12.24616527557373,12.24616527557373,26409
2020-06-03,12.352191925048828,12.564247131347656,12.29917812347412,12.458219528198242,106324
2020-06-04,12.458219528198242,12.72328758239746,12.193151473999023,12.405205726623535,161070
2020-06-05,12.51123332977295,12.564247131347656,12.352191925048828,12.405205726623535,91775
2020-06-08,12.352191925048828,12.617260932922363,12.352191925048828,12.352191925048828,88182
2020-06-09,12.352191925048828,12.352191925048828,12.24616527557373,12.24616527557373,44030
2020-06-10,12.29917812347412,12.51123332977295,12.193151473999023,12.29917812347412,118267
2020-06-11,12.29917812347412,12.29917812347412,11.87506866455078,11.87506866455078,121761
2020-06-12,11.66301441192627,11.66301441192627,11.238903999328612,11.503973007202148,81790
2020-06-15,11.503973007202148,11.87506866455078,11.503973007202148,11.556986808776855,171654
2020-06-16,11.66301441192627,11.822054862976074,11.556986808776855,11.66301441192627,116008
2020-06-17,11.87506866455078,11.87506866455078,11.556986808776855,11.556986808776855,100708
2020-06-18,11.556986808776855,12.51123332977295,11.556986808776855,12.51123332977295,323538
2020-06-19,12.51123332977295,12.51123332977295,11.87506866455078,12.08712387084961,270402
2020-06-22,11.87506866455078,12.670273780822754,11.87506866455078,12.24616527557373,125773
2020-06-23,12.24616527557373,12.24616527557373,11.928083419799805,12.08712387084961,111399
2020-06-24,12.08712387084961,12.193151473999023,12.034110069274902,12.034110069274902,35828
2020-06-29,11.822054862976074,11.928083419799805,11.609999656677246,11.66301441192627,202309
2020-06-30,11.716028213500977,11.822054862976074,11.609999656677246,11.716028213500977,150369
2020-07-01,11.769041061401367,11.981096267700195,11.769041061401367,11.87506866455078,73682
2020-07-02,11.981096267700195,11.981096267700195,11.716028213500977,11.822054862976074,66370
2020-07-03,11.822054862976074,11.87506866455078,11.769041061401367,11.87506866455078,43667
2020-07-06,11.769041061401367,12.29917812347412,11.769041061401367,12.08712387084961,168354
2020-07-07,12.08712387084961,12.405205726623535,11.87506866455078,12.14013671875,116471
2020-07-08,11.981096267700195,12.51123332977295,11.87506866455078,12.458219528198242,283365
2020-07-09,12.458219528198242,13.677535057067873,12.458219528198242,13.147397994995115,1389633
2020-07-10,12.935342788696287,12.988356590270996,12.29917812347412,12.458219528198242,422870
2020-07-13,12.617260932922363,13.677535057067873,12.617260932922363,13.677535057067873,854139
2020-07-14,13.306439399719238,14.207672119140623,13.253424644470217,13.306439399719238,579884
2020-07-15,13.200410842895508,13.677535057067873,13.200410842895508,13.200410842895508,525677
2020-07-16,13.359452247619627,13.359452247619627,12.882328987121582,12.882328987121582,173254
2020-07-17,12.988356590270996,12.988356590270996,12.458219528198242,12.458219528198242,180143
2020-07-20,12.458219528198242,12.670273780822754,11.928083419799805,12.405205726623535,65313
2020-07-21,12.29917812347412,12.670273780822754,12.193151473999023,12.51123332977295,55322
2020-07-22,12.51123332977295,12.882328987121582,12.51123332977295,12.617260932922363,96470
2020-07-23,12.670273780822754,12.935342788696287,12.564247131347656,12.72328758239746,42585
2020-07-24,12.882328987121582,12.882328987121582,12.405205726623535,12.405205726623535,89794
2020-07-27,12.352191925048828,12.458219528198242,12.034110069274902,12.034110069274902,112431
2020-07-28,11.981096267700195,12.51123332977295,11.981096267700195,11.981096267700195,121732
2020-07-29,12.14013671875,12.193151473999023,11.928083419799805,11.928083419799805,263479
2020-07-30,12.14013671875,12.24616527557373,11.928083419799805,11.981096267700195,120852
2020-07-31,11.981096267700195,12.829315185546877,11.981096267700195,12.08712387084961,370902
2020-08-03,12.14013671875,12.352191925048828,12.034110069274902,12.08712387084961,154872
2020-08-04,11.981096267700195,12.24616527557373,11.928083419799805,12.08712387084961,84788
2020-08-05,12.08712387084961,12.24616527557373,12.08712387084961,12.08712387084961,158142
2020-08-06,12.29917812347412,12.29917812347412,11.981096267700195,11.981096267700195,191606
2020-08-07,12.14013671875,12.352191925048828,11.981096267700195,11.981096267700195,177704
2020-08-10,12.193151473999023,12.458219528198242,12.08712387084961,12.14013671875,143601
2020-08-11,12.29917812347412,12.405205726623535,12.034110069274902,12.08712387084961,262198
2020-08-12,12.08712387084961,12.405205726623535,12.08712387084961,12.29917812347412,138838
2020-08-13,12.352191925048828,12.617260932922363,12.352191925048828,12.405205726623535,137750
2020-08-14,12.24616527557373,12.405205726623535,12.034110069274902,12.24616527557373,193630
2020-08-17,12.405205726623535,12.776302337646484,12.405205726623535,12.72328758239746,314443
2020-08-18,12.829315185546877,12.882328987121582,12.405205726623535,12.458219528198242,193543
2020-08-19,12.670273780822754,12.776302337646484,12.29917812347412,12.458219528198242,277286
2020-08-20,12.352191925048828,12.352191925048828,11.556986808776855,11.716028213500977,293795
2020-08-21,11.822054862976074,12.193151473999023,11.822054862976074,12.08712387084961,136947
2020-08-24,12.034110069274902,12.14013671875,11.87506866455078,12.034110069274902,110998
2020-08-25,12.034110069274902,12.51123332977295,12.034110069274902,12.29917812347412,224941
2020-08-26,12.24616527557373,12.29917812347412,12.193151473999023,12.24616527557373,92773
2020-08-27,12.405205726623535,12.617260932922363,12.352191925048828,12.352191925048828,247593
2020-08-28,12.405205726623535,12.564247131347656,12.352191925048828,12.352191925048828,266565
2020-08-31,12.51123332977295,12.72328758239746,12.352191925048828,12.51123332977295,122448
2020-09-01,12.670273780822754,12.882328987121582,12.458219528198242,12.829315185546877,234135
2020-09-02,12.935342788696287,12.935342788696287,12.564247131347656,12.670273780822754,202435
2020-09-03,12.882328987121582,12.935342788696287,12.72328758239746,12.72328758239746,159529
2020-09-04,12.51123332977295,12.617260932922363,12.193151473999023,12.617260932922363,246304
2020-09-07,12.670273780822754,12.829315185546877,12.617260932922363,12.776302337646484,395950
2020-09-08,12.829315185546877,12.882328987121582,12.617260932922363,12.670273780822754,209269
2020-09-09,12.458219528198242,12.617260932922363,12.458219528198242,12.617260932922363,165200
2020-09-10,12.72328758239746,12.988356590270996,12.72328758239746,12.988356590270996,360915
2020-09-11,13.041370391845703,13.677535057067873,13.041370391845703,13.147397994995115,1216667
2020-09-14,13.359452247619627,13.624521255493164,13.253424644470217,13.306439399719238,682245
2020-09-15,13.465479850769045,13.465479850769045,13.147397994995115,13.253424644470217,242735
2020-09-16,13.253424644470217,13.253424644470217,12.882328987121582,12.935342788696287,205137
2020-09-17,12.935342788696287,13.041370391845703,12.776302337646484,12.776302337646484,191731
2020-09-18,12.829315185546877,13.041370391845703,12.776302337646484,12.935342788696287,126439
2020-09-21,12.988356590270996,13.253424644470217,12.988356590270996,13.200410842895508,355147
2020-09-22,13.041370391845703,13.253424644470217,12.776302337646484,12.935342788696287,253236
2020-09-23,13.041370391845703,13.253424644470217,12.935342788696287,13.041370391845703,360851
2020-09-24,12.829315185546877,12.935342788696287,12.352191925048828,12.458219528198242,411653
2020-09-25,12.458219528198242,12.617260932922363,11.609999656677246,11.981096267700195,209379
2020-09-28,12.352191925048828,12.352191925048828,11.716028213500977,12.034110069274902,335763
2020-09-29,12.08712387084961,12.08712387084961,11.66301441192627,11.822054862976074,235040
2020-09-30,11.822054862976074,12.034110069274902,11.822054862976074,11.928083419799805,115066
2020-10-05,11.928083419799805,12.14013671875,11.928083419799805,12.08712387084961,120267
2020-10-06,12.14013671875,12.458219528198242,12.14013671875,12.405205726623535,162527
2020-10-07,12.193151473999023,12.352191925048828,12.193151473999023,12.352191925048828,53403
2020-10-08,12.51123332977295,12.564247131347656,12.458219528198242,12.564247131347656,128943
2020-10-12,12.670273780822754,12.670273780822754,12.405205726623535,12.458219528198242,183169
2020-10-13,12.352191925048828,12.405205726623535,12.24616527557373,12.405205726623535,86770
2020-10-14,12.405205726623535,12.458219528198242,12.29917812347412,12.405205726623535,256558
2020-10-15,12.405205726623535,12.617260932922363,12.352191925048828,12.564247131347656,215603
2020-10-16,12.564247131347656,12.935342788696287,12.564247131347656,12.670273780822754,349324
2020-10-19,12.72328758239746,12.829315185546877,12.670273780822754,12.72328758239746,149112
2020-10-20,12.670273780822754,12.72328758239746,12.564247131347656,12.617260932922363,75767
2020-10-21,12.670273780822754,12.776302337646484,12.670273780822754,12.72328758239746,170399
2020-10-22,12.72328758239746,12.72328758239746,12.51123332977295,12.564247131347656,121760
2020-10-23,12.617260932922363,12.72328758239746,12.564247131347656,12.670273780822754,166088
2020-10-26,12.617260932922363,12.617260932922363,12.405205726623535,12.564247131347656,230324
2020-10-27,12.51123332977295,12.564247131347656,12.405205726623535,12.51123332977295,130172
2020-10-28,12.51123332977295,12.617260932922363,12.405205726623535,12.405205726623535,140671
2020-10-29,12.24616527557373,12.405205726623535,12.193151473999023,12.29917812347412,90173
2020-10-30,12.51123332977295,12.51123332977295,12.24616527557373,12.24616527557373,84928
2020-11-02,12.24616527557373,12.405205726623535,12.14013671875,12.193151473999023,79319
2020-11-03,12.24616527557373,12.405205726623535,12.14013671875,12.29917812347412,64283
2020-11-04,12.29917812347412,12.458219528198242,12.29917812347412,12.405205726623535,87202
2020-11-05,12.405205726623535,12.458219528198242,12.29917812347412,12.352191925048828,80171
2020-11-06,12.405205726623535,12.829315185546877,12.405205726623535,12.829315185546877,308653
2020-11-09,12.935342788696287,13.889589309692385,12.935342788696287,13.306439399719238,1496674
2020-11-10,13.041370391845703,13.412466049194336,12.617260932922363,13.09438419342041,306876
2020-11-11,13.09438419342041,13.253424644470217,12.935342788696287,13.041370391845703,221761
2020-11-12,13.041370391845703,13.412466049194336,13.041370391845703,13.09438419342041,274888
2020-11-13,13.200410842895508,13.412466049194336,12.935342788696287,13.412466049194336,399415
2020-11-16,13.677535057067873,13.836576461791992,13.253424644470217,13.465479850769045,538687
2020-11-17,13.465479850769045,13.571507453918455,13.359452247619627,13.51849365234375,265499
2020-11-18,13.359452247619627,13.730547904968262,13.359452247619627,13.677535057067873,550328
2020-11-19,13.783561706542969,14.048630714416504,13.677535057067873,13.889589309692385,1138055
2020-11-20,14.207672119140623,14.207672119140623,13.889589309692385,14.154658317565918,457161
2020-11-23,14.36671257019043,14.631780624389648,14.101643562316896,14.154658317565918,574820
2020-11-24,14.154658317565918,14.313698768615724,13.995616912841797,14.101643562316896,370029
2020-11-25,14.843835830688477,15.48000144958496,14.843835830688477,15.48000144958496,3636449
2020-11-26,15.48000144958496,16.222192764282227,15.214932441711426,15.320959091186523,3707792
2020-11-27,15.320959091186523,15.798083305358888,15.214932441711426,15.639041900634766,730097
2020-11-30,15.851096153259276,15.904109954833984,15.48000144958496,15.533014297485352,757565
2020-12-01,15.58602809906006,16.222192764282227,15.37397289276123,15.957123756408691,1243799
2020-12-02,16.169179916381836,16.858356475830078,16.06315040588379,16.434246063232422,1425696
2020-12-03,16.858356475830078,17.97164535522461,16.06315040588379,16.06315040588379,2199411
2020-12-04,16.116165161132812,16.9113712310791,16.06315040588379,16.699316024780273,945355
2020-12-07,16.964384078979492,17.017398834228516,16.169179916381836,16.59328842163086,589537
2020-12-08,16.59328842163086,17.017398834228516,16.32822036743164,16.54027557373047,343249
2020-12-09,16.9113712310791,16.9113712310791,16.32822036743164,16.32822036743164,361847
2020-12-10,16.32822036743164,16.32822036743164,16.06315040588379,16.116165161132812,365548
2020-12-11,16.38123321533203,16.487260818481445,15.48000144958496,16.0101375579834,550944
2020-12-14,16.116165161132812,16.964384078979492,16.116165161132812,16.805343627929688,510312
2020-12-15,16.805343627929688,17.070411682128906,16.06315040588379,16.222192764282227,460252
2020-12-16,16.222192764282227,16.9113712310791,16.222192764282227,16.59328842163086,507753
2020-12-17,16.752328872680664,16.858356475830078,16.487260818481445,16.752328872680664,215482
2020-12-18,16.805343627929688,16.964384078979492,16.59328842163086,16.699316024780273,324399
2020-12-21,16.964384078979492,17.282466888427734,16.434246063232422,16.54027557373047,495398
2020-12-22,16.275205612182617,16.699316024780273,15.692054748535156,15.904109954833984,782290
2020-12-23,15.904109954833984,16.434246063232422,15.851096153259276,16.169179916381836,317370
2020-12-24,16.275205612182617,16.434246063232422,16.06315040588379,16.06315040588379,345720
2020-12-25,16.116165161132812,16.32822036743164,15.904109954833984,16.06315040588379,216271
2020-12-28,16.169179916381836,16.964384078979492,16.169179916381836,16.752328872680664,682099
2020-12-29,16.964384078979492,18.39575386047364,16.964384078979492,18.39575386047364,3026561
2020-12-30,19.19095993041992,20.198219299316406,18.660823822021484,18.81986427307129,7048210
2020-12-31,18.925891876220703,20.675342559814453,18.660823822021484,20.46328926086425,5921066
2021-01-04,21.09945297241211,22.47780990600586,21.09945297241211,22.47780990600586,4229884
2021-01-05,24.70438575744629,24.70438575744629,22.47780990600586,23.53808212280273,13168973
2021-01-06,23.75013732910156,23.85616683959961,21.205480575561523,21.205480575561523,5553663
2021-01-07,21.788631439208984,22.26575469970703,20.410274505615234,21.04643821716309,2801941
2021-01-08,21.205480575561523,21.73561668395996,20.675342559814453,21.04643821716309,1884607
2021-01-11,21.205480575561523,21.73561668395996,20.51630210876465,20.940412521362305,1571489
2021-01-12,20.99342536926269,21.04643821716309,19.084932327270508,19.1379451751709,2784431
2021-01-13,19.615068435668945,20.940412521362305,19.243972778320312,20.622329711914062,1945826
2021-01-14,20.622329711914062,21.205480575561523,19.933151245117188,20.569316864013672,1202627
2021-01-15,21.152467727661133,21.152467727661133,19.40301513671875,19.827123641967773,1371917
2021-01-18,19.509042739868164,20.569316864013672,18.87287712097168,20.357261657714844,1272736
2021-01-19,20.88739776611328,21.41753578186035,20.46328926086425,21.152467727661133,2255297
2021-01-20,20.72835731506348,22.159727096557617,19.1379451751709,20.198219299316406,6483868
2021-01-21,20.569316864013672,20.88739776611328,19.19095993041992,19.296987533569336,2790008
2021-01-22,19.296987533569336,19.562055587768555,18.501781463623047,18.660823822021484,1356560
2021-01-25,18.713836669921875,18.925891876220703,17.97164535522461,18.60780906677246,932511
2021-01-26,19.084932327270508,19.509042739868164,18.39575386047364,18.713836669921875,1182308
2021-01-27,18.978904724121094,19.03191947937012,18.55479431152344,18.766849517822266,439652
2021-01-28,18.28972625732422,18.81986427307129,18.024658203125,18.28972625732422,465372
2021-01-29,18.34273910522461,18.60780906677246,17.97164535522461,17.97164535522461,384806
2021-02-01,17.653562545776367,17.918630599975586,17.17643928527832,17.547534942626953,505532
2021-02-02,17.44150733947754,18.501781463623047,17.44150733947754,17.812602996826172,350966
2021-02-03,18.501781463623047,19.1379451751709,18.13068580627441,18.13068580627441,950700
2021-02-04,18.07767105102539,18.55479431152344,17.812602996826172,18.28972625732422,409330
2021-02-05,18.55479431152344,18.60780906677246,18.07767105102539,18.236713409423828,401784
2021-02-17,18.236713409423828,19.19095993041992,18.236713409423828,18.978904724121094,633061
2021-02-18,19.296987533569336,20.675342559814453,18.978904724121094,20.357261657714844,1751631
2021-02-19,20.357261657714844,20.46328926086425,19.774110794067383,20.092193603515625,949830
2021-02-22,20.622329711914062,20.622329711914062,19.615068435668945,20.25123405456543,1033345
2021-02-23,20.25123405456543,20.46328926086425,19.98616409301757,20.357261657714844,456355
2021-02-24,20.25123405456543,20.569316864013672,19.615068435668945,19.721097946166992,592202
2021-02-25,20.0391788482666,20.357261657714844,19.774110794067383,20.092193603515625,567873
2021-02-26,20.0391788482666,20.25123405456543,19.615068435668945,20.198219299316406,397208
2021-03-02,21.04643821716309,21.04643821716309,19.827123641967773,19.827123641967773,471769
2021-03-03,19.827123641967773,21.09945297241211,19.827123641967773,20.622329711914062,1608831
2021-03-04,20.622329711914062,20.940412521362305,20.0391788482666,20.198219299316406,711300
2021-03-05,19.827123641967773,20.357261657714844,19.721097946166992,19.933151245117188,328229
2021-03-08,20.30424690246582,20.569316864013672,19.509042739868164,19.562055587768555,509435
2021-03-09,19.562055587768555,19.827123641967773,19.1379451751709,19.615068435668945,255601
2021-03-10,19.98616409301757,20.092193603515625,19.350000381469727,19.509042739868164,429329
2021-03-11,19.615068435668945,20.410274505615234,19.562055587768555,20.25123405456543,623767
2021-03-12,20.25123405456543,20.25123405456543,19.98616409301757,20.198219299316406,328549
2021-03-15,20.675342559814453,20.675342559814453,20.198219299316406,20.198219299316406,564984
2021-03-16,20.51630210876465,20.51630210876465,20.198219299316406,20.25123405456543,317930
2021-03-17,20.410274505615234,22.26575469970703,20.410274505615234,22.26575469970703,4180031
2021-03-18,22.84890556335449,23.96219253540039,22.21274185180664,22.47780990600586,7549982
2021-03-19,23.007946014404297,23.37904167175293,22.26575469970703,22.79589080810547,2987580
2021-03-22,23.32602882385254,23.32602882385254,22.053699493408203,22.47780990600586,1669099
2021-03-23,22.901918411254883,23.75013732910156,22.26575469970703,22.79589080810547,2059803
2021-03-24,22.79589080810547,23.59109687805176,22.371782302856445,23.1669864654541,1650788
2021-03-25,23.59109687805176,23.59109687805176,22.47780990600586,22.636850357055664,1136589
2021-03-26,23.06096076965332,23.85616683959961,22.74287796020508,23.06096076965332,2138315
2021-03-29,23.53808212280273,25.34054946899414,22.901918411254883,25.07548141479492,6342987
2021-03-30,24.916439056396484,26.029727935791016,24.386302947998047,25.0224666595459,5636797
2021-03-31,25.07548141479492,25.128494262695312,24.54534339904785,24.651371002197266,1652058
2021-04-01,24.863426208496094,27.0369873046875,24.54534339904785,26.40082359313965,7335907
2021-04-07,27.0369873046875,28.46835708618164,26.506851196289062,28.203289031982425,7668034
2021-04-08,28.203289031982425,28.521371841430664,27.62013816833496,27.673152923583984,4196021
2021-04-09,27.673152923583984,27.83219337463379,24.916439056396484,25.499589920043945,6637846
2021-04-12,25.499589920043945,25.499589920043945,24.01520729064941,24.22726058959961,3722893
2021-04-13,24.28027534484864,25.34054946899414,24.121234893798828,24.17424774169922,2540110
2021-04-14,24.386302947998047,24.863426208496094,22.318767547607425,23.37904167175293,2391882
2021-04-15,23.59109687805176,24.54534339904785,23.53808212280273,24.43931579589844,888124
2021-04-16,24.651371002197266,24.75739860534668,23.96219253540039,24.28027534484864,1111689
2021-04-19,24.333288192749023,24.59835624694824,23.59109687805176,24.068220138549805,1292460
2021-04-20,24.17424774169922,24.70438575744629,23.96219253540039,24.01520729064941,857920
2021-04-21,24.22726058959961,24.59835624694824,23.96219253540039,24.333288192749023,935892
2021-04-22,24.59835624694824,24.75739860534668,22.68986320495605,22.68986320495605,1392113
2021-04-23,22.84890556335449,23.96219253540039,22.47780990600586,23.69712448120117,1275482
2021-04-26,23.75013732910156,24.22726058959961,23.53808212280273,23.53808212280273,791915
2021-04-27,23.803152084350582,23.803152084350582,22.954933166503903,23.53808212280273,849087
2021-04-28,23.64411163330078,24.068220138549805,23.37904167175293,23.43205642700196,645393
2021-04-29,23.485069274902344,23.85616683959961,22.901918411254883,23.06096076965332,853894
2021-05-03,23.1669864654541,23.1669864654541,21.73561668395996,21.73561668395996,1258867
2021-05-04,21.73561668395996,22.00068664550781,19.827123641967773,21.205480575561523,1448257
2021-05-05,21.152467727661133,22.00068664550781,20.83438491821289,21.311508178710938,668696
2021-05-06,21.52356338500977,22.1067123413086,20.88739776611328,20.99342536926269,417158
2021-05-07,21.09945297241211,22.26575469970703,21.09945297241211,22.159727096557617,773453
2021-05-10,22.26575469970703,22.636850357055664,21.629589080810547,21.68260383605957,400886
2021-05-11,21.36452293395996,21.52356338500977,19.774110794067383,19.774110794067383,989812
2021-05-12,19.66808319091797,20.357261657714844,17.812602996826172,18.28972625732422,1370988
2021-05-13,17.070411682128906,18.766849517822266,17.017398834228516,18.13068580627441,768666
2021-05-14,19.03191947937012,19.933151245117188,18.81986427307129,19.40301513671875,1520837
2021-05-17,17.49452018737793,18.713836669921875,17.49452018737793,17.49452018737793,1439315
2021-05-18,17.97164535522461,19.084932327270508,17.706575393676758,19.03191947937012,542313
2021-05-19,19.03191947937012,19.509042739868164,18.713836669921875,19.19095993041992,375468
2021-05-20,19.562055587768555,19.827123641967773,18.87287712097168,18.87287712097168,259463
2021-05-21,19.40301513671875,19.774110794067383,19.19095993041992,19.40301513671875,226803
2021-05-24,19.40301513671875,20.145206451416016,19.19095993041992,19.98616409301757,183915
2021-05-25,20.198219299316406,20.99342536926269,20.198219299316406,20.410274505615234,272354
2021-05-26,20.410274505615234,20.88739776611328,20.145206451416016,20.675342559814453,283375
2021-05-27,20.675342559814453,20.781370162963867,20.30424690246582,20.675342559814453,133192
2021-05-28,20.72835731506348,20.940412521362305,20.622329711914062,20.72835731506348,235042
2021-05-31,20.99342536926269,21.57657623291016,20.99342536926269,21.470548629760746,676243
2021-06-01,21.629589080810547,21.788631439208984,21.36452293395996,21.629589080810547,248050
2021-06-02,21.788631439208984,21.84164428710937,20.781370162963867,20.83438491821289,323043
2021-06-03,21.04643821716309,21.57657623291016,21.04643821716309,21.09945297241211,305583
2021-06-04,21.41753578186035,21.41753578186035,20.83438491821289,20.88739776611328,164499
2021-06-07,21.36452293395996,21.36452293395996,20.357261657714844,20.622329711914062,211313
2021-06-08,20.675342559814453,20.940412521362305,20.569316864013672,20.569316864013672,119935
2021-06-09,20.569316864013672,20.99342536926269,20.357261657714844,20.357261657714844,99180
2021-06-10,20.88739776611328,20.88739776611328,20.357261657714844,20.675342559814453,122611
2021-06-11,20.72835731506348,20.83438491821289,20.46328926086425,20.51630210876465,90138
2021-06-15,20.569316864013672,20.83438491821289,20.51630210876465,20.675342559814453,194291
2021-06-16,20.675342559814453,20.83438491821289,20.092193603515625,20.30424690246582,356584
2021-06-17,20.357261657714844,20.569316864013672,20.30424690246582,20.410274505615234,210659
2021-06-18,20.46328926086425,20.99342536926269,20.410274505615234,20.51630210876465,272671
2021-06-21,20.46328926086425,20.46328926086425,19.615068435668945,19.774110794067383,464974
2021-06-22,20.145206451416016,20.357261657714844,19.827123641967773,19.827123641967773,331049
2021-06-23,20.0391788482666,20.675342559814453,20.0391788482666,20.622329711914062,665165
2021-06-24,20.83438491821289,21.152467727661133,20.781370162963867,20.99342536926269,373499
2021-06-25,20.99342536926269,21.41753578186035,20.622329711914062,20.675342559814453,1049822
2021-06-28,20.88739776611328,22.74287796020508,20.88739776611328,22.74287796020508,1930366
2021-06-29,22.26575469970703,22.42479515075684,21.152467727661133,21.152467727661133,2279412
2021-06-30,21.470548629760746,22.159727096557617,21.41753578186035,21.94767189025879,1115985
2021-07-01,22.318767547607425,24.068220138549805,22.159727096557617,22.53082275390625,2707329
2021-07-02,22.53082275390625,23.32602882385254,22.26575469970703,23.06096076965332,1320999
2021-07-05,23.32602882385254,24.333288192749023,23.1669864654541,23.32602882385254,2342191
2021-07-06,23.64411163330078,23.85616683959961,23.06096076965332,23.37904167175293,1564786
2021-07-07,23.85616683959961,23.85616683959961,23.1669864654541,23.43205642700196,1319706
2021-07-08,23.53808212280273,23.85616683959961,23.1669864654541,23.485069274902344,879312
2021-07-09,23.27301406860352,25.7646598815918,23.11397361755371,25.28753471374512,5746632
2021-07-12,25.60561752319336,27.77917861938477,24.75739860534668,27.0369873046875,14108289
2021-07-13,28.097261428833008,29.15753555297852,26.665891647338867,27.14301490783692,12418234
2021-07-14,28.1502742767334,29.84671401977539,27.249042510986328,29.84671401977539,24076393
2021-07-15,28.892467498779297,29.687673568725582,27.88520622253418,29.15753555297852,8747625
2021-07-16,29.26356315612793,30.32383728027344,28.362329483032227,29.47561836242676,6803326
2021-07-19,29.52863121032715,29.89972877502441,28.786439895629883,29.47561836242676,3434451
2021-07-20,29.210548400878903,29.210548400878903,26.559864044189453,26.665891647338867,8453691
2021-07-21,27.46109771728516,28.41534423828125,26.71890449523925,27.40808486938477,4248482
2021-07-22,27.83219337463379,28.892467498779297,27.72616577148437,27.83219337463379,3675237
2021-07-23,28.097261428833008,30.588905334472656,27.938220977783203,30.588905334472656,13694186
2021-07-26,31.49013900756836,33.39863204956055,30.641918182373047,30.747947692871094,20074234
2021-07-27,30.96000289916992,31.17205619812012,29.15753555297852,29.31657791137696,6712700
2021-07-28,29.31657791137696,29.52863121032715,26.40082359313965,27.46109771728516,6579436
2021-07-29,27.77917861938477,30.16479682922364,27.77917861938477,30.16479682922364,5859600
2021-07-30,30.11178207397461,30.96000289916992,29.0515079498291,29.210548400878903,6193557
2021-08-02,29.687673568725582,30.535892486572266,29.15753555297852,30.535892486572266,3571682
2021-08-03,30.48287773132324,31.702192306518555,30.005754470825195,30.641918182373047,5753508
2021-08-04,30.32383728027344,30.96000289916992,28.945480346679688,29.369590759277344,3910581
2021-08-05,29.793699264526367,30.69493293762207,29.15753555297852,29.42260360717773,3709609
2021-08-06,29.369590759277344,29.47561836242676,27.46109771728516,27.62013816833496,3467320
2021-08-09,27.62013816833496,28.57438468933105,27.09000015258789,27.62013816833496,2409022
2021-08-10,27.9912338256836,28.30931663513184,26.71890449523925,26.824932098388672,1575162
2021-08-11,27.0369873046875,27.249042510986328,25.181507110595703,25.711645126342773,2244986
2021-08-12,26.34781074523925,26.34781074523925,25.499589920043945,25.976713180541992,1244333
2021-08-13,25.65863037109375,26.082740783691406,23.9091796875,23.9091796875,2298363
2021-08-16,23.59109687805176,24.59835624694824,23.220001220703125,24.22726058959961,1766665
2021-08-17,24.22726058959961,24.22726058959961,24.22726058959961,24.22726058959961,0
2021-08-18,21.68260383605957,24.17424774169922,21.36452293395996,23.803152084350582,3884030
2021-08-19,23.32602882385254,23.803152084350582,22.53082275390625,22.74287796020508,2261930
2021-08-20,23.220001220703125,23.69712448120117,22.371782302856445,23.11397361755371,1552582
2021-08-23,23.43205642700196,24.333288192749023,22.901918411254883,23.96219253540039,1769408
2021-08-24,24.17424774169922,24.386302947998047,23.32602882385254,23.32602882385254,1229874
2021-08-25,23.64411163330078,25.181507110595703,23.53808212280273,24.386302947998047,2383938
2021-08-26,24.59835624694824,24.81041145324707,24.121234893798828,24.54534339904785,1147816
2021-08-27,24.54534339904785,25.28753471374512,24.386302947998047,24.49233055114746,1194030
2021-08-30,24.59835624694824,24.863426208496094,24.121234893798828,24.28027534484864,730096
2021-08-31,24.651371002197266,25.60561752319336,24.43931579589844,25.181507110595703,1583937
2021-09-01,25.181507110595703,26.71890449523925,25.181507110595703,26.294795989990234,2128891
2021-09-02,26.082740783691406,26.24178123474121,24.916439056396484,24.916439056396484,2045301
2021-09-03,25.446577072143555,25.711645126342773,24.81041145324707,25.34054946899414,981174
2021-09-06,25.128494262695312,25.128494262695312,23.37904167175293,23.59109687805176,2025618
2021-09-07,23.69712448120117,24.01520729064941,23.11397361755371,23.32602882385254,754522
2021-09-08,23.32602882385254,23.85616683959961,22.68986320495605,22.79589080810547,833774
2021-09-09,22.68986320495605,23.75013732910156,22.68986320495605,23.53808212280273,418588
2021-09-10,23.803152084350582,23.803152084350582,23.11397361755371,23.32602882385254,385548
2021-09-13,23.43205642700196,23.59109687805176,23.007946014404297,23.06096076965332,320279
2021-09-14,23.220001220703125,23.485069274902344,22.84890556335449,23.11397361755371,263206
2021-09-15,23.220001220703125,23.220001220703125,22.26575469970703,22.318767547607425,579189
2021-09-16,22.58383750915528,22.84890556335449,21.8946590423584,22.21274185180664,501009
2021-09-17,22.00068664550781,22.318767547607425,21.84164428710937,22.1067123413086,329162
2021-09-22,21.205480575561523,21.629589080810547,20.781370162963867,21.470548629760746,772733
2021-09-23,21.629589080810547,21.788631439208984,21.25849342346192,21.41753578186035,298130
2021-09-24,21.68260383605957,22.42479515075684,21.68260383605957,22.00068664550781,518090
2021-09-27,22.79589080810547,23.1669864654541,22.42479515075684,22.58383750915528,734112
2021-09-28,22.53082275390625,22.53082275390625,21.8946590423584,22.053699493408203,435137
2021-09-29,21.311508178710938,21.73561668395996,21.09945297241211,21.25849342346192,577553
2021-09-30,21.311508178710938,21.84164428710937,20.88739776611328,21.788631439208984,349161
2021-10-01,21.36452293395996,21.52356338500977,20.410274505615234,20.569316864013672,1166773
2021-10-04,20.675342559814453,20.83438491821289,19.615068435668945,19.774110794067383,1077080
2021-10-05,19.562055587768555,20.30424690246582,18.713836669921875,20.145206451416016,700763
2021-10-06,20.46328926086425,20.569316864013672,19.509042739868164,19.615068435668945,401833
2021-10-07,19.615068435668945,21.311508178710938,19.615068435668945,21.152467727661133,749476
2021-10-08,21.25849342346192,21.52356338500977,20.781370162963867,20.781370162963867,298133
2021-10-12,20.569316864013672,21.36452293395996,19.933151245117188,20.675342559814453,459315
2021-10-13,20.83438491821289,21.04643821716309,19.774110794067383,19.827123641967773,509671
2021-10-14,20.0391788482666,20.357261657714844,19.509042739868164,19.98616409301757,378263
2021-10-15,20.357261657714844,21.41753578186035,20.357261657714844,21.205480575561523,858456
2021-10-18,21.629589080810547,21.68260383605957,20.88739776611328,21.205480575561523,460309
2021-10-19,21.205480575561523,22.53082275390625,21.205480575561523,22.371782302856445,882557
2021-10-20,22.318767547607425,22.47780990600586,22.00068664550781,22.159727096557617,444226
2021-10-21,22.47780990600586,22.47780990600586,21.36452293395996,21.73561668395996,380910
2021-10-22,21.68260383605957,22.47780990600586,21.57657623291016,22.47780990600586,227394
2021-10-25,22.58383750915528,22.58383750915528,21.8946590423584,22.053699493408203,279125
2021-10-26,22.26575469970703,22.371782302856445,21.73561668395996,21.788631439208984,429606
2021-10-27,21.84164428710937,22.371782302856445,21.73561668395996,22.21274185180664,399047
2021-10-28,21.8946590423584,22.58383750915528,21.8946590423584,22.053699493408203,293367
2021-10-29,22.1067123413086,22.68986320495605,21.73561668395996,22.159727096557617,509585
2021-11-01,22.26575469970703,23.11397361755371,22.159727096557617,22.901918411254883,1127500
2021-11-02,23.1669864654541,24.17424774169922,22.318767547607425,22.79589080810547,2920943
2021-11-03,22.79589080810547,23.007946014404297,22.318767547607425,23.007946014404297,650963
2021-11-04,23.59109687805176,23.64411163330078,22.47780990600586,22.636850357055664,665917
2021-11-05,22.79589080810547,22.79589080810547,22.318767547607425,22.47780990600586,283888
2021-11-08,22.47780990600586,22.84890556335449,22.26575469970703,22.74287796020508,913167
2021-11-09,22.954933166503903,23.1669864654541,22.74287796020508,22.954933166503903,384994
2021-11-10,22.901918411254883,23.06096076965332,22.371782302856445,22.636850357055664,719075
2021-11-11,22.371782302856445,23.485069274902344,22.371782302856445,23.27301406860352,955130
2021-11-12,23.485069274902344,23.53808212280273,22.318767547607425,22.42479515075684,577728
2021-11-15,22.79589080810547,23.27301406860352,22.58383750915528,23.27301406860352,695574
2021-11-16,23.32602882385254,23.96219253540039,22.84890556335449,23.220001220703125,1111035
2021-11-17,23.007946014404297,23.43205642700196,22.68986320495605,23.43205642700196,704536
2021-11-18,23.59109687805176,23.59109687805176,22.954933166503903,23.1669864654541,321897
2021-11-19,23.27301406860352,24.01520729064941,23.06096076965332,23.32602882385254,1037885
2021-11-22,24.068220138549805,24.121234893798828,23.1669864654541,23.75013732910156,1248766
2021-11-23,23.96219253540039,25.87068557739257,23.485069274902344,23.64411163330078,5718014
2021-11-24,23.485069274902344,24.121234893798828,23.43205642700196,23.803152084350582,989414
2021-11-25,23.803152084350582,24.01520729064941,23.53808212280273,23.53808212280273,594320
2021-11-26,23.53808212280273,23.59109687805176,22.58383750915528,23.06096076965332,1054087
2021-11-29,22.68986320495605,23.485069274902344,22.053699493408203,23.27301406860352,911271
2021-11-30,23.485069274902344,24.70438575744629,23.485069274902344,24.28027534484864,1786555
2021-12-01,24.28027534484864,24.59835624694824,24.01520729064941,24.49233055114746,851760
2021-12-02,24.70438575744629,24.70438575744629,23.75013732910156,23.85616683959961,983236
2021-12-03,24.49233055114746,24.54534339904785,24.01520729064941,24.01520729064941,601078
2021-12-06,24.386302947998047,26.40082359313965,24.01520729064941,26.40082359313965,8682168
2021-12-07,28.945480346679688,28.99849510192871,28.41534423828125,28.99849510192871,16802627
2021-12-08,29.15753555297852,29.26356315612793,26.824932098388672,27.56712532043457,18859252
2021-12-09,27.77917861938477,27.83219337463379,26.61287879943848,26.77191925048828,7776774
2021-12-10,26.34781074523925,26.34781074523925,25.446577072143555,25.446577072143555,4482731
2021-12-13,25.60561752319336,26.18876838684082,24.916439056396484,25.976713180541992,4669581
2021-12-14,25.499589920043945,25.976713180541992,24.916439056396484,25.0224666595459,3511357
2021-12-15,25.07548141479492,25.39356231689453,24.70438575744629,25.0224666595459,1765628
2021-12-16,25.34054946899414,25.446577072143555,24.916439056396484,25.0224666595459,1425732
2021-12-17,24.916439056396484,25.0224666595459,24.17424774169922,24.17424774169922,1623461
2021-12-20,24.333288192749023,24.70438575744629,23.96219253540039,24.17424774169922,1127444
2021-12-21,24.28027534484864,24.70438575744629,23.75013732910156,24.70438575744629,1309291
2021-12-22,24.651371002197266,24.863426208496094,24.54534339904785,24.651371002197266,881995
2021-12-23,24.916439056396484,25.446577072143555,24.863426208496094,25.0224666595459,1527987
2021-12-24,25.28753471374512,25.34054946899414,24.916439056396484,24.969453811645508,675297
2021-12-27,25.28753471374512,25.60561752319336,25.07548141479492,25.39356231689453,1024406
2021-12-28,25.28753471374512,25.446577072143555,24.916439056396484,24.916439056396484,878074
2021-12-29,24.969453811645508,25.39356231689453,24.75739860534668,25.181507110595703,710679
2021-12-30,25.28753471374512,25.39356231689453,25.0224666595459,25.0224666595459,746194
2022-01-03,25.0224666595459,25.34054946899414,24.863426208496094,24.916439056396484,565278
2022-01-04,25.128494262695312,25.128494262695312,24.49233055114746,24.59835624694824,850117
2022-01-05,24.70438575744629,24.916439056396484,24.43931579589844,24.43931579589844,802687
2022-01-06,24.333288192749023,24.54534339904785,24.068220138549805,24.22726058959961,695585
2022-01-07,24.28027534484864,24.43931579589844,23.37904167175293,23.43205642700196,963606
2022-01-10,23.220001220703125,23.9091796875,23.220001220703125,23.59109687805176,495250
2022-01-11,23.803152084350582,24.01520729064941,22.84890556335449,23.11397361755371,873477
2022-01-12,23.59109687805176,23.9091796875,23.007946014404297,23.11397361755371,657377
2022-01-13,23.1669864654541,23.485069274902344,22.47780990600586,22.47780990600586,773541
2022-01-14,22.58383750915528,22.58383750915528,21.84164428710937,21.84164428710937,687563
2022-01-17,21.84164428710937,22.68986320495605,21.788631439208984,22.58383750915528,442729
2022-01-18,22.79589080810547,23.11397361755371,22.58383750915528,22.58383750915528,431118
2022-01-19,22.26575469970703,23.007946014404297,22.159727096557617,22.58383750915528,356513
2022-01-20,22.58383750915528,22.68986320495605,22.371782302856445,22.58383750915528,246258
2022-01-21,22.26575469970703,22.318767547607425,21.68260383605957,21.68260383605957,583401
2022-01-24,21.52356338500977,21.52356338500977,20.781370162963867,21.41753578186035,559290
2022-01-25,21.94767189025879,21.94767189025879,20.83438491821289,20.83438491821289,339534
2022-01-26,20.83438491821289,21.311508178710938,20.622329711914062,21.152467727661133,446112
2022-02-07,21.311508178710938,21.84164428710937,21.205480575561523,21.73561668395996,245789
2022-02-08,21.84164428710937,22.318767547607425,21.84164428710937,22.1067123413086,353261
2022-02-09,22.26575469970703,22.954933166503903,22.26575469970703,22.954933166503903,460004
2022-02-10,22.901918411254883,23.007946014404297,22.636850357055664,22.84890556335449,514162
2022-02-11,22.636850357055664,23.11397361755371,22.636850357055664,23.11397361755371,267875
2022-02-14,22.47780990600586,22.68986320495605,22.1067123413086,22.1067123413086,383863
2022-02-15,21.8946590423584,22.42479515075684,21.84164428710937,22.053699493408203,264520
2022-02-16,22.74287796020508,22.74287796020508,22.053699493408203,22.1067123413086,246339
2022-02-17,22.1067123413086,22.58383750915528,22.1067123413086,22.26575469970703,215165
2022-02-18,21.8946590423584,22.636850357055664,21.8946590423584,22.47780990600586,181141
2022-02-21,22.47780990600586,22.58383750915528,22.318767547607425,22.47780990600586,165055
2022-02-22,22.47780990600586,22.47780990600586,21.629589080810547,22.00068664550781,282448
2022-02-23,22.053699493408203,22.318767547607425,22.053699493408203,22.1067123413086,210972
2022-02-24,21.84164428710937,21.94767189025879,20.88739776611328,20.940412521362305,485394
2022-02-25,21.152467727661133,21.36452293395996,20.940412521362305,21.152467727661133,222424
2022-03-01,21.36452293395996,22.053699493408203,21.311508178710938,22.00068664550781,327293
2022-03-02,22.00068664550781,22.159727096557617,21.84164428710937,22.159727096557617,134924
2022-03-03,22.26575469970703,22.47780990600586,22.053699493408203,22.159727096557617,97227
2022-03-04,22.00068664550781,22.1067123413086,21.73561668395996,21.73561668395996,151872
2022-03-07,21.470548629760746,21.57657623291016,20.675342559814453,20.675342559814453,373496
2022-03-08,20.622329711914062,20.88739776611328,19.933151245117188,20.410274505615234,752921
2022-03-09,20.357261657714844,20.781370162963867,20.357261657714844,20.51630210876465,186041
2022-03-10,20.83438491821289,21.311508178710938,20.781370162963867,21.04643821716309,244333
2022-03-11,21.04643821716309,21.04643821716309,20.569316864013672,20.569316864013672,134892
2022-03-14,20.51630210876465,20.88739776611328,20.46328926086425,20.781370162963867,156571
2022-03-15,20.569316864013672,20.569316864013672,19.8801383972168,19.98616409301757,332935
2022-03-16,20.092193603515625,20.25123405456543,19.8801383972168,19.933151245117188,223404
2022-03-17,20.30424690246582,20.88739776611328,20.30424690246582,20.781370162963867,282951
2022-03-18,20.72835731506348,21.25849342346192,20.72835731506348,21.205480575561523,173689
2022-03-21,21.311508178710938,21.470548629760746,21.25849342346192,21.25849342346192,82998
2022-03-22,21.25849342346192,21.52356338500977,21.25849342346192,21.52356338500977,120018
2022-03-23,21.52356338500977,21.788631439208984,21.52356338500977,21.52356338500977,147180
2022-03-24,21.36452293395996,21.629589080810547,21.311508178710938,21.52356338500977,138089
2022-03-25,21.52356338500977,21.629589080810547,21.205480575561523,21.205480575561523,105012
2022-03-28,21.205480575561523,21.205480575561523,20.83438491821289,21.152467727661133,121279
2022-03-29,21.470548629760746,21.470548629760746,20.99342536926269,21.205480575561523,166938
2022-03-30,21.311508178710938,21.311508178710938,20.83438491821289,20.99342536926269,251101
2022-03-31,21.09945297241211,21.152467727661133,20.940412521362305,20.940412521362305,79420
2022-04-01,20.72835731506348,20.88739776611328,20.622329711914062,20.675342559814453,98283
2022-04-06,20.569316864013672,20.99342536926269,20.569316864013672,20.72835731506348,97173
2022-04-07,20.51630210876465,20.569316864013672,20.0391788482666,20.0391788482666,217055
2022-04-08,19.98616409301757,20.357261657714844,19.933151245117188,19.98616409301757,180149
2022-04-11,19.98616409301757,19.98616409301757,19.509042739868164,19.509042739868164,285887
2022-04-12,19.350000381469727,19.562055587768555,19.1379451751709,19.243972778320312,402760
2022-04-13,19.509042739868164,19.774110794067383,19.350000381469727,19.721097946166992,73670
2022-04-14,19.721097946166992,19.721097946166992,19.45602798461914,19.509042739868164,96205
2022-04-15,19.296987533569336,19.350000381469727,19.1379451751709,19.19095993041992,152798
2022-04-18,19.19095993041992,19.19095993041992,18.925891876220703,19.03191947937012,161308
2022-04-19,19.084932327270508,19.40301513671875,19.084932327270508,19.350000381469727,153929
2022-04-20,19.40301513671875,19.615068435668945,19.296987533569336,19.562055587768555,115215
2022-04-21,19.562055587768555,19.615068435668945,19.350000381469727,19.350000381469727,154103
2022-04-22,19.243972778320312,19.243972778320312,19.084932327270508,19.084932327270508,107613
2022-04-25,18.925891876220703,18.978904724121094,18.024658203125,18.39575386047364,369721
2022-04-26,18.55479431152344,18.60780906677246,18.236713409423828,18.236713409423828,132987
2022-04-27,17.812602996826172,17.812602996826172,17.123424530029297,17.282466888427734,394332
2022-04-28,17.600549697875977,18.07767105102539,17.49452018737793,17.49452018737793,350853
2022-04-29,17.75959014892578,17.865617752075195,17.49452018737793,17.547534942626953,223531
2022-05-03,17.335479736328125,17.600549697875977,17.17643928527832,17.600549697875977,118838
2022-05-04,17.335479736328125,17.812602996826172,17.335479736328125,17.49452018737793,105680
2022-05-05,17.865617752075195,17.918630599975586,17.600549697875977,17.653562545776367,102805
2022-05-06,17.22945213317871,17.547534942626953,17.17643928527832,17.335479736328125,455547
2022-05-09,17.282466888427734,17.335479736328125,16.54027557373047,16.54027557373047,407441
2022-05-10,16.32822036743164,16.9113712310791,16.222192764282227,16.805343627929688,262200
2022-05-11,16.964384078979492,16.964384078979492,16.434246063232422,16.54027557373047,171656
2022-05-12,16.964384078979492,16.964384078979492,16.0101375579834,16.06315040588379,244282
2022-05-13,16.116165161132812,16.858356475830078,16.116165161132812,16.858356475830078,275542
2022-05-16,17.017398834228516,17.17643928527832,16.805343627929688,16.964384078979492,265968
2022-05-17,16.858356475830078,17.22945213317871,16.858356475830078,17.17643928527832,119783
2022-05-18,17.17643928527832,17.49452018737793,17.17643928527832,17.38849449157715,112237
2022-05-19,17.070411682128906,17.44150733947754,16.9113712310791,17.38849449157715,124632
2022-05-20,17.44150733947754,18.81986427307129,17.44150733947754,18.34273910522461,667751
2022-05-23,18.34273910522461,18.448768615722656,18.183698654174805,18.236713409423828,233902
2022-05-24,18.28972625732422,18.34273910522461,17.653562545776367,17.75959014892578,187687
2022-05-25,17.865617752075195,18.024658203125,17.706575393676758,17.918630599975586,165994
2022-05-26,18.07767105102539,18.183698654174805,17.75959014892578,17.865617752075195,99974
2022-05-27,17.918630599975586,18.183698654174805,17.812602996826172,17.812602996826172,82997
2022-05-30,18.13068580627441,18.183698654174805,17.918630599975586,18.024658203125,87555
2022-05-31,18.07767105102539,18.13068580627441,17.918630599975586,18.07767105102539,90542
2022-06-01,17.865617752075195,19.19095993041992,17.812602996826172,18.236713409423828,1246849
2022-06-02,18.34273910522461,18.34273910522461,18.13068580627441,18.13068580627441,229191
2022-06-06,18.236713409423828,18.236713409423828,17.97164535522461,18.024658203125,116950
2022-06-07,17.75959014892578,17.97164535522461,17.75959014892578,17.812602996826172,174531
2022-06-08,18.024658203125,18.024658203125,17.75959014892578,17.75959014892578,70736
2022-06-09,17.75959014892578,17.918630599975586,17.600549697875977,17.653562545776367,126386
2022-06-10,17.547534942626953,17.865617752075195,17.49452018737793,17.865617752075195,132042
2022-06-13,17.812602996826172,17.812602996826172,17.44150733947754,17.44150733947754,169767
2022-06-14,17.38849449157715,17.38849449157715,16.858356475830078,17.123424530029297,283889
2022-06-15,17.17643928527832,17.335479736328125,17.017398834228516,17.17643928527832,93405
2022-06-16,17.335479736328125,17.38849449157715,16.275205612182617,16.275205612182617,253148
2022-06-17,16.06315040588379,16.32822036743164,16.0101375579834,16.222192764282227,219754
2022-06-20,16.38123321533203,16.54027557373047,15.533014297485352,15.58602809906006,387636
2022-06-21,15.533014297485352,16.169179916381836,15.533014297485352,16.116165161132812,120920
2022-06-22,16.06315040588379,16.169179916381836,15.48000144958496,15.639041900634766,204664
2022-06-23,15.692054748535156,16.06315040588379,15.37397289276123,15.904109954833984,162235
2022-06-24,16.116165161132812,16.64630126953125,16.06315040588379,16.222192764282227,277286
2022-06-27,16.38123321533203,16.699316024780273,16.38123321533203,16.54027557373047,158547
2022-06-28,16.59328842163086,16.59328842163086,16.32822036743164,16.434246063232422,55645
2022-06-29,16.275205612182617,16.699316024780273,16.275205612182617,16.64630126953125,102951
2022-06-30,16.858356475830078,16.9113712310791,16.116165161132812,16.222192764282227,211414
2022-07-01,16.06315040588379,16.222192764282227,15.37397289276123,15.58602809906006,283983
2022-07-04,15.58602809906006,16.06315040588379,15.37397289276123,15.533014297485352,103746
2022-07-05,16.0101375579834,16.0101375579834,15.533014297485352,15.692054748535156,177902
2022-07-06,15.798083305358888,15.798083305358888,14.79082202911377,14.843835830688477,420646
2022-07-07,14.843835830688477,15.37397289276123,14.843835830688477,15.320959091186523,212209
2022-07-08,15.320959091186523,15.798083305358888,15.320959091186523,15.533014297485352,119874
2022-07-11,15.533014297485352,15.58602809906006,15.214932441711426,15.48000144958496,157506
2022-07-12,15.320959091186523,15.37397289276123,13.94260311126709,13.94260311126709,656923
2022-07-13,13.995616912841797,14.313698768615724,13.200410842895508,13.571507453918455,2335246
2022-07-14,13.571507453918455,14.154658317565918,13.359452247619627,13.995616912841797,604560
2022-07-15,14.154658317565918,14.313698768615724,13.889589309692385,13.995616912841797,524393
2022-07-18,14.313698768615724,14.52575397491455,14.048630714416504,14.207672119140623,538540
2022-07-19,14.207672119140623,14.472740173339844,14.154658317565918,14.36671257019043,314113
2022-07-20,14.578767776489258,15.161917686462402,14.578767776489258,14.631780624389648,826295
2022-07-21,15.161917686462402,16.06315040588379,15.108904838562012,16.06315040588379,916745
2022-07-22,17.38849449157715,17.653562545776367,17.123424530029297,17.653562545776367,1971317
2022-07-25,17.38849449157715,17.653562545776367,16.858356475830078,16.964384078979492,3271155
2022-07-26,17.123424530029297,18.501781463623047,16.964384078979492,18.024658203125,5343906
2022-07-27,18.024658203125,18.236713409423828,17.49452018737793,18.13068580627441,2269225
2022-07-28,17.918630599975586,18.55479431152344,17.335479736328125,17.44150733947754,1875087
2022-07-29,17.44150733947754,17.706575393676758,17.22945213317871,17.44150733947754,962959
2022-08-01,17.706575393676758,19.1379451751709,17.282466888427734,19.1379451751709,5824060
2022-08-02,19.03191947937012,19.03191947937012,18.024658203125,18.024658203125,3830128
2022-08-03,17.812602996826172,19.45602798461914,17.812602996826172,18.34273910522461,4413556
2022-08-04,18.660823822021484,18.925891876220703,17.547534942626953,18.07767105102539,2563489
2022-08-05,18.501781463623047,19.827123641967773,18.236713409423828,19.1379451751709,6721469
2022-08-08,18.81986427307129,19.296987533569336,18.713836669921875,18.766849517822266,1811277
2022-08-09,18.660823822021484,18.978904724121094,18.448768615722656,18.501781463623047,875292
2022-08-10,18.236713409423828,19.084932327270508,18.236713409423828,18.448768615722656,926222
2022-08-11,18.766849517822266,18.81986427307129,18.236713409423828,18.448768615722656,890336
2022-08-12,18.34273910522461,19.40301513671875,18.34273910522461,19.1379451751709,2366840
2022-08-15,19.296987533569336,19.296987533569336,18.660823822021484,18.766849517822266,967862
2022-08-16,19.03191947937012,19.296987533569336,18.766849517822266,18.81986427307129,876190
2022-08-17,18.978904724121094,19.40301513671875,18.766849517822266,19.084932327270508,1082270
2022-08-18,19.296987533569336,19.509042739868164,19.03191947937012,19.509042739868164,1194126
2022-08-19,19.615068435668945,19.721097946166992,19.084932327270508,19.084932327270508,1040297
2022-08-22,19.03191947937012,19.03191947937012,18.766849517822266,18.87287712097168,266912
2022-08-23,18.87287712097168,19.40301513671875,18.55479431152344,19.084932327270508,1242243
2022-08-24,19.624744415283203,19.624744415283203,18.732709884643555,18.788461685180664,793871
2022-08-25,19.01147079467773,19.234479904174805,18.844213485717773,19.12297439575196,492801
2022-08-26,19.234479904174805,19.29023170471192,18.788461685180664,18.788461685180664,351646
2022-08-29,18.175188064575195,18.34244537353516,17.896427154541016,18.007932662963867,445959
2022-08-30,18.175188064575195,18.565454483032227,18.063684463500977,18.398197174072266,347072
2022-08-31,18.398197174072266,18.844213485717773,18.286693572998047,18.676958084106445,339414
2022-09-01,18.565454483032227,18.732709884643555,18.230941772460938,18.286693572998047,301334
2022-09-02,18.50970268249512,18.50970268249512,18.007932662963867,18.063684463500977,275325
2022-09-05,18.11943626403809,18.175188064575195,17.28315544128418,17.56191635131836,370389
2022-09-06,17.729171752929688,17.729171752929688,17.17165184020996,17.22740364074707,367699
2022-09-07,17.22740364074707,17.450410842895508,16.94864273071289,17.450410842895508,217929
2022-09-08,17.61766815185547,17.952180862426758,17.506162643432617,17.952180862426758,243043
2022-09-12,18.230941772460938,18.286693572998047,18.063684463500977,18.175188064575195,106722
2022-09-13,18.286693572998047,18.565454483032227,18.286693572998047,18.50970268249512,182101
2022-09-14,17.952180862426758,18.899965286254883,17.952180862426758,18.732709884643555,286089
2022-09-15,18.621206283569336,19.234479904174805,18.621206283569336,19.067222595214844,502319
2022-09-16,18.899965286254883,19.568992614746094,18.899965286254883,19.067222595214844,473526
2022-09-19,18.955717086791992,19.178726196289062,18.565454483032227,18.565454483032227,272208
2022-09-20,18.676958084106445,19.90350341796875,18.676958084106445,19.12297439575196,1033144
2022-09-21,19.12297439575196,19.45748710632324,18.732709884643555,19.178726196289062,455613
2022-09-22,18.844213485717773,19.178726196289062,18.621206283569336,18.844213485717773,292680
2022-09-23,19.01147079467773,19.01147079467773,18.621206283569336,18.844213485717773,279098
2022-09-26,18.50970268249512,18.676958084106445,18.007932662963867,18.286693572998047,509577
2022-09-27,18.11943626403809,18.45394897460937,17.784923553466797,18.230941772460938,382946
2022-09-28,18.286693572998047,18.286693572998047,17.3946590423584,17.784923553466797,441833
2022-09-29,17.840675354003906,18.844213485717773,17.840675354003906,18.565454483032227,695442
2022-09-30,18.34244537353516,18.732709884643555,18.230941772460938,18.565454483032227,226563
2022-10-03,18.286693572998047,18.732709884643555,18.230941772460938,18.676958084106445,210865
2022-10-04,18.844213485717773,19.234479904174805,18.732709884643555,19.067222595214844,481560
2022-10-05,19.178726196289062,19.178726196289062,18.175188064575195,18.175188064575195,493566
2022-10-06,18.230941772460938,18.34244537353516,17.896427154541016,17.896427154541016,224673
2022-10-07,17.896427154541016,17.952180862426758,17.450410842895508,17.450410842895508,250159
2022-10-11,16.223865509033203,16.39112091064453,15.72209644317627,15.833600044250488,725165
2022-10-12,15.77784824371338,15.833600044250488,15.387582778930664,15.72209644317627,269806
2022-10-13,15.610591888427734,15.666343688964844,14.662805557250977,14.662805557250977,456302
2022-10-14,15.16457462310791,16.056608200073242,15.16457462310791,15.77784824371338,456805
2022-10-17,15.610591888427734,16.000856399536133,15.331830978393556,16.000856399536133,161522
2022-10-18,16.168113708496094,16.223865509033203,15.833600044250488,15.833600044250488,189256
2022-10-19,16.000856399536133,16.168113708496094,15.833600044250488,16.000856399536133,179891
2022-10-20,15.77784824371338,15.77784824371338,15.387582778930664,15.666343688964844,155151
2022-10-21,15.889351844787598,15.889351844787598,15.1088228225708,15.1088228225708,172161
2022-10-24,15.554839134216309,16.223865509033203,15.554839134216309,15.945103645324709,339187
2022-10-25,15.945103645324709,16.000856399536133,15.610591888427734,16.000856399536133,118382
2022-10-26,16.000856399536133,16.000856399536133,15.554839134216309,15.554839134216309,233061
2022-10-27,15.945103645324709,16.000856399536133,15.666343688964844,15.889351844787598,140182
2022-10-28,15.833600044250488,15.833600044250488,15.331830978393556,15.331830978393556,131612
2022-10-31,15.4990873336792,15.72209644317627,15.4990873336792,15.554839134216309,104077
2022-11-01,15.77784824371338,15.889351844787598,15.443334579467772,15.72209644317627,198534
2022-11-02,15.72209644317627,16.279617309570312,15.72209644317627,16.279617309570312,292116
2022-11-03,16.279617309570312,16.279617309570312,16.112361907958984,16.223865509033203,122773
2022-11-04,16.223865509033203,16.223865509033203,15.945103645324709,16.223865509033203,124225
2022-11-07,16.39112091064453,16.78138542175293,16.168113708496094,16.66988182067871,249602
2022-11-08,16.83713722229004,16.83713722229004,16.279617309570312,16.279617309570312,128801
2022-11-09,16.39112091064453,16.6141300201416,16.39112091064453,16.50262451171875,115193
2022-11-10,16.50262451171875,16.6141300201416,16.335369110107422,16.50262451171875,96423
2022-11-11,16.94864273071289,17.06014633178711,16.44687271118164,16.44687271118164,235061
2022-11-14,16.66988182067871,16.72563362121582,16.44687271118164,16.6141300201416,155752
2022-11-15,16.72563362121582,16.78138542175293,16.55837631225586,16.6141300201416,108638
2022-11-16,16.6141300201416,16.78138542175293,16.50262451171875,16.50262451171875,106420
2022-11-17,16.50262451171875,16.78138542175293,16.50262451171875,16.6141300201416,128865
2022-11-18,16.94864273071289,16.94864273071289,16.6141300201416,16.66988182067871,117768
2022-11-21,16.66988182067871,16.72563362121582,16.39112091064453,16.39112091064453,53513
2022-11-22,16.50262451171875,17.00439453125,16.50262451171875,16.83713722229004,296370
2022-11-23,16.94864273071289,17.22740364074707,16.94864273071289,17.06014633178711,268443
2022-11-24,17.17165184020996,18.732709884643555,17.17165184020996,18.732709884643555,1917782
2022-11-25,18.398197174072266,18.955717086791992,18.34244537353516,18.398197174072266,1389723
2022-11-28,18.45394897460937,18.844213485717773,18.063684463500977,18.50970268249512,677521
2022-11-29,18.788461685180664,19.178726196289062,18.286693572998047,18.565454483032227,668652
2022-11-30,18.732709884643555,18.844213485717773,18.398197174072266,18.621206283569336,351556
2022-12-01,18.788461685180664,18.955717086791992,18.621206283569336,18.676958084106445,574257
2022-12-02,18.732709884643555,19.067222595214844,18.732709884643555,18.955717086791992,262056
2022-12-05,18.955717086791992,19.680496215820312,18.955717086791992,19.345983505249023,1026257
2022-12-06,19.178726196289062,19.45748710632324,18.732709884643555,18.732709884643555,398695
2022-12-07,18.732709884643555,19.067222595214844,18.230941772460938,18.230941772460938,370568
2022-12-08,18.230941772460938,18.676958084106445,18.230941772460938,18.676958084106445,122057
2022-12-09,18.676958084106445,18.844213485717773,18.565454483032227,18.676958084106445,203505
2022-12-12,18.45394897460937,18.50970268249512,18.286693572998047,18.34244537353516,187057
2022-12-13,18.398197174072266,18.955717086791992,18.398197174072266,18.788461685180664,253893
2022-12-14,18.955717086791992,19.29023170471192,18.899965286254883,19.178726196289062,341889
2022-12-15,19.345983505249023,19.345983505249023,18.844213485717773,18.899965286254883,229879
2022-12-16,18.732709884643555,18.732709884643555,18.398197174072266,18.45394897460937,174418
2022-12-19,18.50970268249512,18.50970268249512,18.230941772460938,18.286693572998047,223403
2022-12-20,18.286693572998047,18.50970268249512,17.506162643432617,17.506162643432617,278264
2022-12-21,17.673419952392578,17.952180862426758,17.506162643432617,17.506162643432617,93432
2022-12-22,17.673419952392578,17.840675354003906,17.61766815185547,17.61766815185547,79294
2022-12-23,17.28315544128418,17.673419952392578,17.28315544128418,17.506162643432617,154346
2022-12-26,17.56191635131836,17.673419952392578,17.506162643432617,17.61766815185547,110100
2022-12-27,17.673419952392578,17.896427154541016,17.61766815185547,17.673419952392578,148115
2022-12-28,17.450410842895508,17.673419952392578,17.3946590423584,17.3946590423584,71802
2022-12-29,17.33890724182129,17.506162643432617,17.06014633178711,17.33890724182129,131215
2022-12-30,17.3946590423584,17.506162643432617,17.33890724182129,17.450410842895508,33182
2023-01-03,17.28315544128418,17.33890724182129,16.94864273071289,17.33890724182129,244926
2023-01-04,17.3946590423584,17.673419952392578,17.3946590423584,17.673419952392578,71885
2023-01-05,17.784923553466797,18.621206283569336,17.729171752929688,18.063684463500977,259278
2023-01-06,18.175188064575195,18.621206283569336,18.175188064575195,18.286693572998047,205295
2023-01-09,18.398197174072266,19.01147079467773,18.398197174072266,18.398197174072266,715280
2023-01-10,18.398197174072266,18.45394897460937,18.175188064575195,18.175188064575195,571511
2023-01-11,18.175188064575195,18.844213485717773,18.175188064575195,18.45394897460937,651143
2023-01-12,18.45394897460937,18.45394897460937,18.175188064575195,18.286693572998047,524708
2023-01-13,18.565454483032227,18.621206283569336,18.175188064575195,18.45394897460937,656338
2023-01-16,18.45394897460937,19.234479904174805,18.45394897460937,18.621206283569336,605050
2023-01-17,18.788461685180664,19.345983505249023,18.732709884643555,19.234479904174805,605485
2023-01-30,19.624744415283203,20.4052734375,19.568992614746094,19.84775161743164,917019
2023-01-31,19.84775161743164,20.12651252746582,19.513240814208984,19.84775161743164,434706
2023-02-01,20.0150089263916,21.799076080322266,19.79199981689453,21.35305976867676,3544022
2023-02-02,21.130050659179688,21.74332427978516,21.01854705810547,21.35305976867676,913587
2023-02-03,21.35305976867676,22.245092391967773,21.1858024597168,21.631820678710938,1341533
2023-02-06,21.631820678710938,22.189340591430664,21.52031517028809,22.077836990356445,818638
2023-02-07,22.133588790893555,22.41234970092773,21.74332427978516,21.966333389282227,953710
2023-02-08,22.077836990356445,22.635358810424805,21.910579681396484,22.635358810424805,814945
2023-02-09,22.579605102539062,22.635358810424805,21.799076080322266,22.245092391967773,1086535
2023-02-10,23.137126922607425,24.307920455932617,22.746862411499023,24.14066505432129,4246970
2023-02-13,24.307920455932617,24.75393867492676,23.75040054321289,24.08491325378418,3605537
2023-02-14,23.86190414428711,23.91765785217285,23.24863052368164,23.52739143371582,1136843
2023-02-15,23.69464874267578,23.97340965270996,22.69111061096192,23.24863052368164,994500
2023-02-16,23.97340965270996,24.75393867492676,23.47163963317871,24.41942596435547,2493196
2023-02-17,24.41942596435547,24.530929565429688,23.75040054321289,24.14066505432129,1027963
2023-02-20,24.14066505432129,24.642433166503903,23.58314323425293,23.97340965270996,2405210
2023-02-21,24.642433166503903,24.642433166503903,23.47163963317871,23.58314323425293,1475228
2023-02-22,23.4158878326416,23.638896942138672,23.081375122070312,23.52739143371582,758095
2023-02-23,23.69464874267578,24.1964168548584,23.52739143371582,23.69464874267578,1060099
2023-02-24,24.1964168548584,24.41942596435547,23.638896942138672,23.69464874267578,925527
2023-03-01,23.69464874267578,24.36367416381836,23.47163963317871,24.14066505432129,706340
2023-03-02,24.14066505432129,24.14066505432129,23.52739143371582,24.08491325378418,583880
2023-03-03,24.252168655395508,24.530929565429688,23.97340965270996,24.14066505432129,1279816
2023-03-06,24.69818687438965,26.538005828857425,24.14066505432129,26.538005828857425,8261400
2023-03-07,26.426502227783203,26.64950942993164,25.645971298217773,26.036237716674805,4518208
2023-03-08,26.147741317749023,28.210569381713867,26.036237716674805,27.31853675842285,9694000
2023-03-09,27.43004035949707,27.9875602722168,26.314998626708984,26.426502227783203,4518659
2023-03-10,25.199954986572266,26.147741317749023,24.307920455932617,24.976947784423828,6788961
2023-03-13,24.69818687438965,24.809690475463867,23.30438232421875,23.91765785217285,3339917
2023-03-14,23.69464874267578,23.91765785217285,23.19287872314453,23.4158878326416,2147906
2023-03-15,23.86190414428711,24.976947784423828,23.80615234375,24.08491325378418,2637738
2023-03-16,23.80615234375,23.97340965270996,23.081375122070312,23.30438232421875,1424764
2023-03-17,23.638896942138672,24.36367416381836,23.638896942138672,24.1964168548584,1069980
2023-03-20,24.1964168548584,24.47517776489257,24.02916145324707,24.36367416381836,877332
2023-03-21,24.530929565429688,24.69818687438965,24.1964168548584,24.530929565429688,887621
2023-03-22,25.199954986572266,25.478715896606445,24.69818687438965,25.25570678710937,2622913
2023-03-23,25.311458587646484,25.645971298217773,24.809690475463867,25.367212295532227,1666616
2023-03-24,25.367212295532227,25.645971298217773,24.69818687438965,25.534467697143555,2090549
2023-03-27,25.757476806640625,26.370750427246094,24.92119407653809,25.032699584960938,2085840
2023-03-28,25.088451385498047,25.25570678710937,23.80615234375,23.91765785217285,1573135
2023-03-29,24.307920455932617,25.868980407714844,24.08491325378418,24.75393867492676,2305806
2023-03-30,24.75393867492676,25.032699584960938,24.41942596435547,24.5866813659668,742656
2023-03-31,24.5866813659668,25.701723098754883,24.530929565429688,25.25570678710937,1819237
2023-04-06,25.311458587646484,25.478715896606445,24.92119407653809,25.25570678710937,906736
2023-04-07,25.367212295532227,25.757476806640625,25.199954986572266,25.422964096069336,853108
2023-04-10,25.367212295532227,25.757476806640625,25.088451385498047,25.534467697143555,674039
2023-04-11,25.422964096069336,27.31853675842285,25.367212295532227,25.92473220825196,2658881
2023-04-12,25.92473220825196,27.31853675842285,25.757476806640625,26.92827033996582,3037714
2023-04-13,26.87251853942871,27.653047561645508,26.426502227783203,26.98402214050293,2318589
2023-04-14,27.31853675842285,27.9875602722168,26.59375762939453,27.9875602722168,4418618
2023-04-17,28.377826690673828,28.600833892822266,27.54154396057129,27.653047561645508,3105049
2023-04-18,27.87605667114257,29.49286842346192,27.87605667114257,28.377826690673828,7376243
2023-04-19,28.15481758117676,29.437116622924805,28.09906578063965,28.489330291748047,5447470
2023-04-20,28.489330291748047,28.489330291748047,26.87251853942871,27.15127944946289,3603582
2023-04-21,27.31853675842285,27.653047561645508,25.92473220825196,26.203493118286133,2804184
2023-04-24,26.314998626708984,26.538005828857425,25.868980407714844,26.314998626708984,878036
2023-04-25,26.538005828857425,26.64950942993164,25.478715896606445,25.81322860717773,1415411
2023-04-26,25.478715896606445,26.036237716674805,24.92119407653809,25.757476806640625,1265547
2023-04-27,25.757476806640625,26.036237716674805,25.25570678710937,25.868980407714844,508206
2023-04-28,26.203493118286133,26.426502227783203,25.701723098754883,25.701723098754883,499103
2023-05-02,25.868980407714844,26.98402214050293,25.757476806640625,26.76101493835449,1658749
2023-05-03,26.59375762939453,26.59375762939453,25.757476806640625,25.92473220825196,1299104
2023-05-04,26.09198951721192,26.147741317749023,25.311458587646484,26.09198951721192,1021033
2023-05-05,26.59375762939453,28.32207489013672,26.203493118286133,27.931808471679688,5818127
2023-05-08,27.9875602722168,29.046850204467773,27.87605667114257,28.489330291748047,6532712
2023-05-09,28.54508209228516,29.10260391235352,27.43004035949707,27.931808471679688,4724420
2023-05-10,27.653047561645508,28.600833892822266,27.48579216003418,27.9875602722168,2094648
2023-05-11,27.9875602722168,28.210569381713867,26.203493118286133,26.482254028320312,2021241
2023-05-12,25.98048591613769,26.314998626708984,25.478715896606445,25.757476806640625,2208979
2023-05-15,25.868980407714844,25.98048591613769,24.69818687438965,24.809690475463867,1741792
2023-05-16,25.088451385498047,26.64950942993164,24.92119407653809,25.81322860717773,2882715
2023-05-17,25.81322860717773,27.039775848388672,25.81322860717773,26.370750427246094,2968542
2023-05-18,26.76101493835449,27.37428855895996,26.538005828857425,27.039775848388672,2478426
2023-05-19,27.20703125,27.48579216003418,26.482254028320312,26.87251853942871,1744795
2023-05-22,26.98402214050293,27.5972957611084,26.98402214050293,27.48579216003418,1332868
2023-05-23,27.76455307006836,30.2176456451416,27.48579216003418,29.21410751342773,16676940
2023-05-24,29.38136482238769,30.27339744567871,28.489330291748047,28.935346603393555,7415490
2023-05-25,28.823843002319336,29.046850204467773,27.54154396057129,27.87605667114257,3755094
2023-05-26,28.377826690673828,28.377826690673828,26.64950942993164,26.64950942993164,2725552
2023-05-29,27.09552764892578,27.48579216003418,26.64950942993164,27.20703125,1787553
2023-05-30,27.43004035949707,27.708799362182617,27.15127944946289,27.48579216003418,1369391
2023-05-31,27.5972957611084,27.82030487060547,26.64950942993164,26.70526123046875,3219581
2023-06-01,26.76101493835449,27.039775848388672,26.538005828857425,26.87251853942871,1011429
2023-06-02,27.039775848388672,28.489330291748047,26.92827033996582,28.09906578063965,9436093
2023-06-05,28.043312072753903,29.66012382507324,27.54154396057129,28.600833892822266,7005392
2023-06-06,28.991098403930664,28.991098403930664,28.09906578063965,28.768091201782227,2195175
2023-06-07,29.21410751342773,30.10614013671875,28.768091201782227,28.823843002319336,4832718
2023-06-08,28.600833892822266,28.935346603393555,28.266321182250977,28.600833892822266,1941999
2023-06-09,28.600833892822266,28.935346603393555,27.9875602722168,28.712337493896484,2300685
2023-06-12,28.935346603393555,28.991098403930664,28.210569381713867,28.210569381713867,1103735
2023-06-13,28.266321182250977,28.600833892822266,28.210569381713867,28.210569381713867,1105341
2023-06-14,28.54508209228516,29.21410751342773,28.433578491210938,28.991098403930664,2438004
2023-06-15,29.38136482238769,29.38136482238769,28.266321182250977,28.54508209228516,1615733
2023-06-16,28.600833892822266,28.879594802856445,28.15481758117676,28.266321182250977,1080680
2023-06-19,28.210569381713867,28.600833892822266,28.09906578063965,28.210569381713867,975682
2023-06-20,28.266321182250977,28.712337493896484,27.48579216003418,28.433578491210938,1817077
2023-06-21,28.65658569335937,28.65658569335937,28.043312072753903,28.377826690673828,804007
2023-06-26,28.210569381713867,28.489330291748047,27.708799362182617,28.210569381713867,756391
2023-06-27,28.09906578063965,28.377826690673828,27.82030487060547,28.043312072753903,849855
2023-06-28,28.043312072753903,28.823843002319336,28.043312072753903,28.266321182250977,1153283
2023-06-29,28.489330291748047,30.05038833618164,28.489330291748047,30.05038833618164,3693869
2023-06-30,30.55215835571289,30.83091926574707,29.046850204467773,30.49640655517578,4796038
2023-07-03,30.60791015625,31.332687377929688,29.827381134033203,31.165430068969727,4509548
2023-07-04,31.22118377685547,31.55569648742676,30.440654754638672,30.83091926574707,2708221
2023-07-05,29.99463653564453,30.05038833618164,27.87605667114257,28.823843002319336,5177321
2023-07-06,28.54508209228516,29.49286842346192,28.433578491210938,29.046850204467773,1618413
2023-07-07,28.768091201782227,29.32561111450196,28.712337493896484,29.21410751342773,1142961
2023-07-10,28.991098403930664,29.21410751342773,28.54508209228516,28.823843002319336,827221
2023-07-11,28.991098403930664,29.269859313964844,28.991098403930664,28.991098403930664,647957
2023-07-12,28.991098403930664,29.269859313964844,28.377826690673828,28.65658569335937,1150436
2023-07-13,28.768091201782227,28.935346603393555,27.931808471679688,28.210569381713867,1860297
2023-07-14,28.266321182250977,28.712337493896484,27.9875602722168,28.266321182250977,1305982
2023-07-17,28.768091201782227,29.32561111450196,28.043312072753903,29.269859313964844,1540080
2023-07-18,29.66012382507324,29.66012382507324,28.32207489013672,28.935346603393555,1458471
2023-07-19,29.437116622924805,29.827381134033203,28.600833892822266,29.046850204467773,1170642
2023-07-20,29.437116622924805,29.715877532958984,28.991098403930664,29.32561111450196,1701523
2023-07-21,28.991098403930664,29.715877532958984,28.54508209228516,29.32561111450196,1148539
2023-07-24,29.715877532958984,29.715877532958984,28.768091201782227,28.991098403930664,1141798
2023-07-25,28.991098403930664,29.99463653564453,28.991098403930664,29.66012382507324,1138407
2023-07-26,29.604372024536133,29.883132934570312,28.991098403930664,29.269859313964844,881193
2023-07-27,29.269859313964844,29.715877532958984,28.823843002319336,28.879594802856445,1064305
2023-07-28,28.823843002319336,28.823843002319336,28.09906578063965,28.65658569335937,1278955
2023-07-31,28.768091201782227,30.77516746520996,28.768091201782227,30.440654754638672,5145569
2023-08-01,29.99463653564453,31.72295379638672,29.771629333496094,31.22118377685547,6995387
2023-08-02,30.77516746520996,31.22118377685547,28.54508209228516,29.158355712890625,5881440
2023-08-04,29.49286842346192,30.77516746520996,28.600833892822266,30.440654754638672,4021492
2023-08-07,30.88667106628418,30.94242286682129,29.10260391235352,30.440654754638672,3722666
2023-08-08,30.440654754638672,30.83091926574707,29.604372024536133,29.99463653564453,1528227
2023-08-09,29.604372024536133,30.27339744567871,29.437116622924805,29.827381134033203,1200875
2023-08-10,30.05038833618164,30.05038833618164,28.32207489013672,28.54508209228516,2890778
2023-08-11,28.768091201782227,29.046850204467773,27.09552764892578,27.15127944946289,3331135
2023-08-14,26.8167667388916,27.76455307006836,26.203493118286133,26.76101493835449,2232472
2023-08-15,26.76101493835449,27.37428855895996,26.482254028320312,26.87251853942871,885757
2023-08-16,26.76101493835449,26.76101493835449,25.92473220825196,26.370750427246094,1320440
2023-08-17,26.25924491882324,27.43004035949707,26.036237716674805,27.26278305053711,919488
2023-08-18,27.20703125,27.31853675842285,26.59375762939453,26.70526123046875,629467
2023-08-21,27.31853675842285,27.87605667114257,26.98402214050293,27.708799362182617,849525
2023-08-22,27.708799362182617,27.82030487060547,27.31853675842285,27.54154396057129,593418
2023-08-23,28.043312072753903,28.09906578063965,27.43004035949707,27.76455307006836,417996
2023-08-24,28.043312072753903,28.377826690673828,27.37428855895996,27.5972957611084,1639446
2023-08-25,27.5972957611084,27.87605667114257,27.09552764892578,27.76455307006836,394973
2023-08-28,27.87605667114257,27.87605667114257,27.039775848388672,27.43004035949707,639703
2023-08-29,27.708799362182617,27.708799362182617,27.15127944946289,27.43004035949707,347977
2023-08-30,27.43004035949707,27.76455307006836,27.43004035949707,27.708799362182617,376878
2023-08-31,27.87605667114257,27.87605667114257,27.26278305053711,27.82030487060547,336921
2023-09-01,27.54154396057129,28.043312072753903,27.54154396057129,27.708799362182617,216272
2023-09-04,27.708799362182617,27.708799362182617,27.09552764892578,27.43004035949707,401069
2023-09-05,27.43004035949707,27.708799362182617,27.31853675842285,27.54154396057129,158969
2023-09-06,28.54508209228516,28.991098403930664,27.708799362182617,27.708799362182617,1845633
2023-09-07,27.708799362182617,27.708799362182617,26.92827033996582,27.26278305053711,824363
2023-09-08,27.48579216003418,27.48579216003418,26.59375762939453,26.76101493835449,615409
2023-09-11,26.8167667388916,26.8167667388916,25.367212295532227,25.590219497680664,1791017
2023-09-12,25.534467697143555,25.645971298217773,24.92119407653809,25.478715896606445,836023
2023-09-13,25.478715896606445,25.757476806640625,25.14420318603516,25.534467697143555,652809
2023-09-14,25.590219497680664,26.370750427246094,25.590219497680664,26.203493118286133,554526
2023-09-15,26.036237716674805,26.203493118286133,25.645971298217773,25.98048591613769,584732
2023-09-18,25.92473220825196,25.98048591613769,25.590219497680664,25.757476806640625,310561
2023-09-19,25.534467697143555,25.92473220825196,25.311458587646484,25.590219497680664,423395
2023-09-20,25.534467697143555,25.590219497680664,24.92119407653809,25.199954986572266,658742
2023-09-21,25.367212295532227,25.367212295532227,24.530929565429688,24.75393867492676,593480
2023-09-22,24.642433166503903,25.032699584960938,24.02916145324707,25.032699584960938,508378
2023-09-25,24.976947784423828,25.367212295532227,24.865442276000977,24.976947784423828,261291
2023-09-26,24.976947784423828,24.976947784423828,24.530929565429688,24.809690475463867,269252
2023-09-27,24.75393867492676,25.199954986572266,24.69818687438965,24.976947784423828,181195
2023-09-28,24.976947784423828,25.311458587646484,24.865442276000977,24.976947784423828,299688
2023-10-02,25.199954986572266,25.199954986572266,24.92119407653809,24.976947784423828,284429
2023-10-03,24.976947784423828,25.032699584960938,24.642433166503903,24.642433166503903,392903
2023-10-04,25.199954986572266,26.036237716674805,24.5866813659668,24.5866813659668,2087140
2023-10-05,24.865442276000977,25.422964096069336,24.642433166503903,25.422964096069336,1044186
2023-10-06,25.422964096069336,26.147741317749023,25.367212295532227,25.757476806640625,946156
2023-10-11,25.98048591613769,25.98048591613769,25.199954986572266,25.422964096069336,714005
2023-10-12,25.757476806640625,25.98048591613769,25.478715896606445,25.701723098754883,274992
2023-10-13,25.701723098754883,25.81322860717773,25.367212295532227,25.590219497680664,270269
2023-10-16,25.478715896606445,25.590219497680664,25.199954986572266,25.367212295532227,251112
2023-10-17,25.311458587646484,25.422964096069336,25.088451385498047,25.088451385498047,208305
2023-10-18,24.865442276000977,25.088451385498047,24.642433166503903,25.032699584960938,387692
2023-10-19,24.809690475463867,25.25570678710937,24.809690475463867,24.976947784423828,236573
2023-10-20,24.92119407653809,25.868980407714844,24.5866813659668,25.478715896606445,557862
2023-10-23,25.311458587646484,25.757476806640625,25.311458587646484,25.367212295532227,352937
2023-10-24,25.422964096069336,26.59375762939453,25.422964096069336,26.147741317749023,1751968
2023-10-25,26.426502227783203,26.482254028320312,25.92473220825196,26.147741317749023,633194
2023-10-26,26.036237716674805,26.426502227783203,25.81322860717773,26.09198951721192,451195
2023-10-27,26.09198951721192,26.538005828857425,25.92473220825196,26.09198951721192,240912
2023-10-30,26.370750427246094,26.59375762939453,26.09198951721192,26.426502227783203,339323
2023-10-31,26.59375762939453,26.98402214050293,25.868980407714844,26.203493118286133,971265
2023-11-01,26.370750427246094,26.370750427246094,25.92473220825196,26.09198951721192,198200
2023-11-02,26.426502227783203,26.70526123046875,26.314998626708984,26.59375762939453,370813
2023-11-03,26.64950942993164,26.92827033996582,26.370750427246094,26.426502227783203,1650964
2023-11-06,26.482254028320312,26.482254028320312,26.147741317749023,26.370750427246094,422523
2023-11-07,26.59375762939453,26.98402214050293,26.426502227783203,26.8167667388916,670249
2023-11-08,26.8167667388916,27.039775848388672,26.70526123046875,26.87251853942871,248743
2023-11-09,26.538005828857425,26.8167667388916,26.314998626708984,26.538005828857425,511283
2023-11-10,26.482254028320312,26.59375762939453,26.09198951721192,26.370750427246094,393716
2023-11-13,26.64950942993164,26.8167667388916,25.98048591613769,26.147741317749023,1315646
2023-11-14,26.147741317749023,26.482254028320312,25.92473220825196,26.036237716674805,358731
2023-11-15,26.370750427246094,26.370750427246094,25.645971298217773,25.701723098754883,708591
2023-11-16,26.09198951721192,26.09198951721192,25.534467697143555,25.868980407714844,214811
2023-11-17,25.868980407714844,26.203493118286133,25.868980407714844,26.203493118286133,195059
2023-11-20,26.09198951721192,26.8167667388916,26.09198951721192,26.70526123046875,416396
2023-11-21,26.8167667388916,27.54154396057129,26.8167667388916,27.09552764892578,1005378
2023-11-22,27.09552764892578,27.26278305053711,26.87251853942871,27.09552764892578,214388
2023-11-23,27.15127944946289,27.48579216003418,27.039775848388672,27.20703125,486113
2023-11-24,27.37428855895996,27.48579216003418,27.20703125,27.37428855895996,253631
2023-11-27,27.31853675842285,27.31853675842285,26.538005828857425,26.92827033996582,579244
2023-11-28,26.98402214050293,27.09552764892578,26.76101493835449,27.09552764892578,275517
2023-11-29,27.31853675842285,27.37428855895996,27.09552764892578,27.26278305053711,159639
2023-11-30,27.43004035949707,27.87605667114257,27.20703125,27.20703125,352684
2023-12-01,27.26278305053711,27.54154396057129,27.20703125,27.48579216003418,227988
2023-12-04,27.708799362182617,27.708799362182617,27.37428855895996,27.54154396057129,185036
2023-12-05,27.82030487060547,28.210569381713867,27.48579216003418,27.76455307006836,600949
2023-12-06,27.87605667114257,28.043312072753903,27.54154396057129,27.708799362182617,320124
2023-12-07,27.653047561645508,27.87605667114257,27.48579216003418,27.708799362182617,1226425
2023-12-08,27.82030487060547,27.931808471679688,27.54154396057129,27.82030487060547,296276
2023-12-11,27.87605667114257,28.15481758117676,27.82030487060547,27.87605667114257,265598
2023-12-12,27.87605667114257,28.210569381713867,27.87605667114257,28.15481758117676,497269
2023-12-13,28.210569381713867,28.32207489013672,27.708799362182617,28.043312072753903,654926
2023-12-14,28.210569381713867,28.210569381713867,27.82030487060547,27.9875602722168,343491
2023-12-15,28.09906578063965,28.09906578063965,27.708799362182617,27.87605667114257,283491
2023-12-18,27.87605667114257,27.931808471679688,27.5972957611084,27.76455307006836,353443
2023-12-19,28.043312072753903,28.043312072753903,26.87251853942871,27.37428855895996,396535
2023-12-20,27.37428855895996,27.48579216003418,27.15127944946289,27.31853675842285,187548
2023-12-21,27.09552764892578,27.26278305053711,26.87251853942871,27.15127944946289,205483
2023-12-22,27.09552764892578,27.37428855895996,27.039775848388672,27.20703125,117659
2023-12-25,27.20703125,28.210569381713867,26.98402214050293,27.48579216003418,1342734
2023-12-26,27.48579216003418,27.5972957611084,27.31853675842285,27.5972957611084,202545
2023-12-27,27.5972957611084,27.5972957611084,27.20703125,27.48579216003418,286410
2023-12-28,27.54154396057129,27.54154396057129,26.98402214050293,27.26278305053711,287180
2023-12-29,27.09552764892578,27.26278305053711,26.92827033996582,27.20703125,209722
2024-01-02,26.98402214050293,27.26278305053711,26.92827033996582,27.15127944946289,151563
2024-01-03,27.31853675842285,27.31853675842285,26.8167667388916,27.09552764892578,235187
2024-01-04,27.15127944946289,27.15127944946289,26.8167667388916,27.039775848388672,301333
2024-01-05,27.09552764892578,27.09552764892578,26.8167667388916,27.039775848388672,174030
2024-01-08,27.039775848388672,27.20703125,26.92827033996582,26.98402214050293,95174
2024-01-09,26.98402214050293,27.5972957611084,26.87251853942871,27.09552764892578,483879
2024-01-10,27.039775848388672,27.76455307006836,26.64950942993164,27.20703125,470927
2024-01-11,27.26278305053711,27.54154396057129,27.039775848388672,27.54154396057129,303867
2024-01-12,27.653047561645508,27.87605667114257,27.26278305053711,27.43004035949707,610749
2024-01-15,27.48579216003418,27.82030487060547,27.37428855895996,27.76455307006836,329376
2024-01-16,27.76455307006836,27.76455307006836,27.31853675842285,27.43004035949707,174883
2024-01-17,27.20703125,27.48579216003418,26.92827033996582,27.15127944946289,418821
2024-01-18,27.09552764892578,27.31853675842285,26.76101493835449,27.15127944946289,466579
2024-01-19,27.26278305053711,27.48579216003418,26.92827033996582,27.48579216003418,316714
2024-01-22,27.5972957611084,27.9875602722168,27.43004035949707,27.931808471679688,725766
2024-01-23,27.9875602722168,28.043312072753903,27.82030487060547,27.9875602722168,240060
2024-01-24,28.09906578063965,28.991098403930664,27.9875602722168,28.712337493896484,1680827
2024-01-25,28.991098403930664,29.10260391235352,28.266321182250977,28.266321182250977,1373370
2024-01-26,28.65658569335937,28.712337493896484,28.210569381713867,28.32207489013672,884716
2024-01-29,28.600833892822266,28.600833892822266,27.87605667114257,27.9875602722168,706744
2024-01-30,28.210569381713867,28.210569381713867,27.653047561645508,27.82030487060547,258934
2024-01-31,27.82030487060547,28.266321182250977,27.54154396057129,28.15481758117676,598508
2024-02-01,28.15481758117676,28.210569381713867,27.76455307006836,28.15481758117676,139679
2024-02-02,27.82030487060547,28.377826690673828,27.48579216003418,27.9875602722168,722080
2024-02-05,28.54508209228516,29.99463653564453,27.931808471679688,27.931808471679688,1953008
2024-02-15,28.210569381713867,29.548620223999023,28.210569381713867,29.10260391235352,1907855
2024-02-16,29.21410751342773,29.771629333496094,28.991098403930664,29.38136482238769,995097
2024-02-19,29.66012382507324,29.715877532958984,29.10260391235352,29.32561111450196,432362
2024-02-20,29.32561111450196,30.2176456451416,28.879594802856445,30.2176456451416,1174843
2024-02-21,30.83091926574707,30.9981746673584,30.05038833618164,30.2176456451416,2243918
2024-02-22,30.27339744567871,30.27339744567871,29.604372024536133,30.05038833618164,912397
2024-02-23,30.32914924621582,31.49994468688965,30.32914924621582,30.32914924621582,2695137
2024-02-26,30.94242286682129,30.94242286682129,29.771629333496094,30.05038833618164,1122022
2024-02-27,30.05038833618164,30.05038833618164,29.21410751342773,29.771629333496094,980895
2024-02-29,29.827381134033203,30.83091926574707,29.437116622924805,30.66366195678711,1160588
2024-03-01,30.60791015625,30.9981746673584,30.27339744567871,30.60791015625,653790
2024-03-04,30.77516746520996,30.77516746520996,30.10614013671875,30.16189384460449,631500
2024-03-05,30.49640655517578,30.71941566467285,29.938884735107425,30.27339744567871,548839
2024-03-06,30.16189384460449,30.38490104675293,29.938884735107425,30.10614013671875,676484
2024-03-07,30.27339744567871,30.440654754638672,29.548620223999023,29.827381134033203,622006
2024-03-08,29.827381134033203,29.938884735107425,28.377826690673828,29.10260391235352,1000998
2024-03-11,29.10260391235352,29.66012382507324,28.991098403930664,28.991098403930664,330591
2024-03-12,29.10260391235352,29.10260391235352,28.54508209228516,28.768091201782227,685532
2024-03-13,28.712337493896484,28.935346603393555,28.09906578063965,28.433578491210938,731288
2024-03-14,28.433578491210938,28.433578491210938,28.043312072753903,28.210569381713867,239522
2024-03-15,28.210569381713867,28.54508209228516,27.931808471679688,28.09906578063965,615407
2024-03-18,28.09906578063965,28.489330291748047,27.87605667114257,28.433578491210938,341361
2024-03-19,28.768091201782227,28.768091201782227,28.043312072753903,28.210569381713867,304950
2024-03-20,28.210569381713867,28.266321182250977,27.931808471679688,28.09906578063965,455829
2024-03-21,28.377826690673828,28.377826690673828,27.708799362182617,27.87605667114257,636839
2024-03-22,28.09906578063965,28.768091201782227,27.708799362182617,28.768091201782227,335740
2024-03-25,29.10260391235352,29.10260391235352,28.489330291748047,28.712337493896484,217063
2024-03-26,28.54508209228516,28.600833892822266,28.09906578063965,28.54508209228516,423777
2024-03-27,28.433578491210938,28.65658569335937,28.266321182250977,28.377826690673828,345540
2024-03-28,28.266321182250977,28.377826690673828,28.09906578063965,28.09906578063965,218412
2024-03-29,28.210569381713867,28.489330291748047,27.87605667114257,27.87605667114257,200889
2024-04-01,28.09906578063965,28.489330291748047,28.09906578063965,28.433578491210938,136411
2024-04-02,28.266321182250977,28.768091201782227,28.266321182250977,28.489330291748047,229254
2024-04-03,28.54508209228516,28.600833892822266,28.210569381713867,28.600833892822266,444293
2024-04-08,28.600833892822266,29.10260391235352,28.600833892822266,28.768091201782227,615229
2024-04-09,28.768091201782227,28.935346603393555,28.600833892822266,28.65658569335937,328562
2024-04-10,28.489330291748047,28.768091201782227,28.32207489013672,28.65658569335937,448678
2024-04-11,28.489330291748047,28.54508209228516,28.210569381713867,28.54508209228516,434718
2024-04-12,28.54508209228516,28.54508209228516,28.043312072753903,28.210569381713867,471723
2024-04-15,28.210569381713867,28.489330291748047,28.043312072753903,28.043312072753903,132838
2024-04-16,27.82030487060547,27.87605667114257,26.538005828857425,26.98402214050293,985208
2024-04-17,26.8167667388916,27.31853675842285,26.8167667388916,27.15127944946289,500478
2024-04-18,27.09552764892578,27.20703125,26.8167667388916,27.039775848388672,191119
2024-04-19,26.92827033996582,27.039775848388672,25.422964096069336,26.09198951721192,804684
2024-04-22,26.09198951721192,26.09198951721192,25.367212295532227,25.478715896606445,512161
2024-04-23,25.14420318603516,25.757476806640625,25.14420318603516,25.701723098754883,198244
2024-04-24,25.98048591613769,26.64950942993164,25.92473220825196,26.203493118286133,430180
2024-04-25,26.203493118286133,26.203493118286133,25.757476806640625,26.09198951721192,167294
2024-04-26,26.314998626708984,26.59375762939453,26.09198951721192,26.09198951721192,252750
2024-04-29,26.370750427246094,26.426502227783203,25.98048591613769,26.314998626708984,259426
2024-04-30,26.482254028320312,26.8167667388916,26.203493118286133,26.76101493835449,242189
2024-05-02,27.09552764892578,27.09552764892578,26.538005828857425,26.59375762939453,174030
2024-05-03,26.59375762939453,27.31853675842285,26.09198951721192,27.26278305053711,798217
2024-05-06,27.76455307006836,27.82030487060547,26.8167667388916,27.20703125,894326
2024-05-07,27.48579216003418,27.54154396057129,27.15127944946289,27.48579216003418,309046
2024-05-08,27.708799362182617,27.708799362182617,27.26278305053711,27.48579216003418,194908
2024-05-09,27.43004035949707,27.43004035949707,26.87251853942871,27.15127944946289,206364
2024-05-10,27.15127944946289,27.43004035949707,26.87251853942871,27.26278305053711,553949
2024-05-13,27.26278305053711,27.54154396057129,27.26278305053711,27.48579216003418,324655
2024-05-14,27.43004035949707,27.48579216003418,27.09552764892578,27.26278305053711,291736
2024-05-15,27.37428855895996,27.5972957611084,27.039775848388672,27.26278305053711,311244
2024-05-16,27.37428855895996,27.37428855895996,27.09552764892578,27.20703125,373174
2024-05-17,27.31853675842285,27.76455307006836,27.20703125,27.26278305053711,390534
2024-05-20,27.37428855895996,27.82030487060547,27.37428855895996,27.708799362182617,479368
2024-05-21,27.87605667114257,27.87605667114257,27.37428855895996,27.54154396057129,295958
2024-05-22,27.5972957611084,27.653047561645508,27.31853675842285,27.43004035949707,170492
2024-05-23,27.653047561645508,27.708799362182617,27.15127944946289,27.31853675842285,430655
2024-05-24,27.31853675842285,27.48579216003418,26.98402214050293,27.31853675842285,309451
2024-05-27,27.43004035949707,27.54154396057129,27.15127944946289,27.37428855895996,376676
2024-05-28,27.54154396057129,28.54508209228516,27.37428855895996,28.266321182250977,1644969
2024-05-29,27.87605667114257,28.489330291748047,27.87605667114257,28.266321182250977,747029
2024-05-30,28.09906578063965,28.991098403930664,27.87605667114257,28.266321182250977,816353
2024-05-31,28.32207489013672,29.046850204467773,28.210569381713867,28.879594802856445,912187
2024-06-03,29.21410751342773,29.21410751342773,28.433578491210938,28.65658569335937,639529
2024-06-04,28.768091201782227,28.991098403930664,28.489330291748047,28.600833892822266,314084
2024-06-05,29.548620223999023,31.332687377929688,29.437116622924805,30.32914924621582,3735617
2024-06-06,30.71941566467285,30.9981746673584,29.938884735107425,29.99463653564453,1865705
2024-06-07,30.440654754638672,30.9981746673584,29.99463653564453,30.9981746673584,1289127
2024-06-11,30.94242286682129,30.94242286682129,30.2176456451416,30.71941566467285,1222019
2024-06-12,31.22118377685547,31.611448287963867,30.60791015625,31.22118377685547,1462945
2024-06-13,31.49994468688965,31.611448287963867,30.66366195678711,31.44419288635254,1220779
2024-06-14,31.778705596923828,34.56631088256836,31.72295379638672,34.45480728149414,8710917
2024-06-17,34.56631088256836,36.12736892700195,33.674278259277344,34.56631088256836,5878352
2024-06-18,34.23179626464844,35.012325286865234,33.674278259277344,35.012325286865234,2437978
2024-06-19,35.458343505859375,35.458343505859375,34.34330368041992,34.7893180847168,1624093
2024-06-20,35.06808090209961,35.569847106933594,34.45480728149414,35.012325286865234,1333222
2024-06-21,35.06808090209961,35.29108810424805,33.95303726196289,35.06808090209961,1663972
2024-06-24,35.458343505859375,35.458343505859375,33.73003005981445,34.0087890625,1714209
2024-06-25,34.51055908203125,34.51055908203125,31.611448287963867,33.33976364135742,1487230
2024-06-26,33.89728546142578,34.23179626464844,33.005252838134766,33.005252838134766,980882
2024-06-27,32.89374542236328,32.89374542236328,32.057464599609375,32.28047561645508,927643
2024-06-28,32.28047561645508,32.50348281860352,31.94596099853516,32.113216400146484,863015
2024-07-01,32.113216400146484,32.670738220214844,31.94596099853516,32.001712799072266,774986
2024-07-02,32.113216400146484,32.89374542236328,31.55569648742676,32.72649002075195,1294031
2024-07-03,32.94949722290039,35.960113525390625,32.559234619140625,35.23533630371094,10652141
2024-07-04,35.34683990478516,36.6291389465332,34.845069885253906,35.68135452270508,6245162
2024-07-05,36.18312072753906,37.24241256713867,35.17958450317383,35.514095306396484,4618965
2024-07-08,35.514095306396484,35.514095306396484,34.34330368041992,34.67781448364258,2285976
2024-07-09,34.900821685791016,35.06808090209961,33.89728546142578,34.28755187988281,1396772
2024-07-10,34.56631088256836,34.67781448364258,33.84153366088867,33.84153366088867,1398247
2024-07-11,34.0087890625,34.0087890625,33.172508239746094,33.89728546142578,1691032
2024-07-12,33.56277084350586,33.73003005981445,33.28401184082031,33.50701904296875,836299
2024-07-15,33.45126724243164,33.618526458740234,32.89374542236328,33.116756439208984,1213507
2024-07-16,33.33976364135742,33.50701904296875,31.778705596923828,32.94949722290039,2814530
2024-07-17,34.0087890625,34.73356628417969,33.061004638671875,33.50701904296875,2604093
2024-07-18,33.50701904296875,33.50701904296875,32.3919792175293,33.005252838134766,1216995
2024-07-19,33.56277084350586,33.56277084350586,32.001712799072266,32.168968200683594,1681603
2024-07-22,32.559234619140625,32.559234619140625,30.55215835571289,30.71941566467285,1533713
2024-07-23,31.053926467895508,31.44419288635254,30.38490104675293,30.60791015625,968758
2024-07-26,29.883132934570312,30.2176456451416,29.10260391235352,30.10614013671875,868159
2024-07-29,30.83091926574707,30.83091926574707,28.991098403930664,28.991098403930664,746186
2024-07-30,28.65658569335937,29.548620223999023,28.377826690673828,29.38136482238769,864586
2024-07-31,29.32561111450196,29.604372024536133,28.935346603393555,29.269859313964844,575855
2024-08-01,29.548620223999023,29.827381134033203,29.269859313964844,29.604372024536133,613717
2024-08-02,29.21410751342773,29.771629333496094,28.879594802856445,28.935346603393555,668136
2024-08-05,27.26278305053711,27.31853675842285,26.09198951721192,26.09198951721192,889653
2024-08-06,26.426502227783203,26.482254028320312,23.52739143371582,25.590219497680664,2126825
2024-08-07,25.757476806640625,27.26278305053711,25.757476806640625,26.92827033996582,919337
2024-08-08,26.59375762939453,27.31853675842285,26.25924491882324,26.76101493835449,457770
2024-08-09,27.26278305053711,28.489330291748047,27.15127944946289,27.26278305053711,902723
2024-08-12,27.43004035949707,27.87605667114257,27.26278305053711,27.76455307006836,381151
2024-08-13,28.043312072753903,28.433578491210938,27.54154396057129,27.5972957611084,372603
2024-08-14,27.87605667114257,27.9875602722168,27.20703125,27.26278305053711,256501
2024-08-15,27.31853675842285,27.76455307006836,26.8167667388916,27.5972957611084,619845
2024-08-16,28.043312072753903,28.09906578063965,27.37428855895996,27.76455307006836,673413
2024-08-19,28.210569381713867,28.210569381713867,27.48579216003418,27.76455307006836,442366
2024-08-20,27.82030487060547,28.210569381713867,27.76455307006836,27.87605667114257,323754
2024-08-21,27.82030487060547,28.043312072753903,27.5972957611084,27.87605667114257,320306
2024-08-22,27.87605667114257,27.9875602722168,27.48579216003418,27.76455307006836,268245
2024-08-23,27.5972957611084,28.09906578063965,27.09552764892578,28.09906578063965,360947
2024-08-26,28.210569381713867,28.266321182250977,27.9875602722168,28.043312072753903,305818
2024-08-27,28.043312072753903,28.65658569335937,28.043312072753903,28.489330291748047,348228
2024-08-28,28.712337493896484,30.2176456451416,28.712337493896484,29.437116622924805,1999690
2024-08-29,29.437116622924805,29.883132934570312,29.10260391235352,29.66012382507324,634103
2024-08-30,29.938884735107425,29.938884735107425,29.21410751342773,29.21410751342773,1016209
2024-09-02,29.046850204467773,29.32561111450196,28.54508209228516,28.712337493896484,635127
2024-09-03,28.768091201782227,28.991098403930664,28.32207489013672,28.54508209228516,461117
2024-09-04,26.76101493835449,28.09906578063965,26.370750427246094,27.708799362182617,838534
2024-09-05,27.87605667114257,28.043312072753903,26.76101493835449,26.76101493835449,962564
2024-09-06,26.87251853942871,27.37428855895996,26.59375762939453,27.039775848388672,620136
2024-09-09,26.538005828857425,27.039775848388672,26.314998626708984,26.98402214050293,343628
2024-09-10,26.98402214050293,27.708799362182617,26.314998626708984,26.70526123046875,474422
2024-09-11,26.76101493835449,27.31853675842285,26.59375762939453,26.64950942993164,374218
2024-09-12,26.98402214050293,26.98402214050293,26.482254028320312,26.538005828857425,282409
2024-09-13,26.76101493835449,26.8167667388916,26.538005828857425,26.64950942993164,158739
2024-09-16,26.98402214050293,27.26278305053711,26.76101493835449,26.92827033996582,372471
2024-09-18,26.8167667388916,27.09552764892578,26.482254028320312,26.538005828857425,318828
2024-09-19,26.64950942993164,26.87251853942871,26.538005828857425,26.76101493835449,286226
2024-09-20,26.92827033996582,27.15127944946289,26.538005828857425,26.59375762939453,314472
2024-09-23,26.64950942993164,26.98402214050293,26.59375762939453,26.87251853942871,189231
2024-09-24,26.8167667388916,26.87251853942871,26.538005828857425,26.70526123046875,224954
2024-09-25,26.92827033996582,27.37428855895996,26.87251853942871,27.31853675842285,487380
2024-09-26,27.43004035949707,27.54154396057129,26.87251853942871,26.92827033996582,344523
2024-09-27,27.26278305053711,27.31853675842285,26.92827033996582,27.039775848388672,220154
2024-09-30,26.98402214050293,27.31853675842285,26.76101493835449,27.31853675842285,319511
2024-10-01,27.37428855895996,28.879594802856445,27.26278305053711,27.48579216003418,1555192
2024-10-04,27.87605667114257,30.2176456451416,27.87605667114257,30.2176456451416,4450415
2024-10-07,33.2282600402832,33.2282600402832,31.667200088500977,32.33622741699219,28540189
2024-10-08,32.057464599609375,32.113216400146484,30.71941566467285,31.332687377929688,10109525
2024-10-09,31.778705596923828,32.670738220214844,31.55569648742676,31.55569648742676,13004305
2024-10-11,32.72649002075195,33.2282600402832,31.667200088500977,31.667200088500977,14766482
2024-10-14,31.667200088500977,31.890209197998047,30.10614013671875,31.611448287963867,7932255
2024-10-15,31.834457397460938,32.78224182128906,31.667200088500977,31.72295379638672,12352544
2024-10-16,31.667200088500977,32.614986419677734,30.94242286682129,32.001712799072266,11781623
2024-10-17,32.33622741699219,32.447731018066406,31.332687377929688,31.332687377929688,7153752
2024-10-18,31.55569648742676,31.611448287963867,29.604372024536133,29.99463653564453,5844862
2024-10-21,30.10614013671875,30.27339744567871,29.604372024536133,29.938884735107425,2773452
2024-10-22,30.10614013671875,30.60791015625,29.771629333496094,30.27339744567871,2649435
2024-10-23,30.49640655517578,30.71941566467285,29.883132934570312,29.883132934570312,1943373
2024-10-24,29.883132934570312,30.440654754638672,29.604372024536133,29.771629333496094,2751017
2024-10-25,30.10614013671875,30.66366195678711,29.269859313964844,29.938884735107425,3401710
2024-10-28,30.05038833618164,30.27339744567871,28.768091201782227,28.991098403930664,2276237
2024-10-29,28.991098403930664,28.991098403930664,27.931808471679688,28.823843002319336,2183116
2024-10-30,29.269859313964844,29.99463653564453,28.823843002319336,29.32561111450196,2083867
2024-11-01,28.768091201782227,29.10260391235352,28.433578491210938,29.046850204467773,914854
2024-11-04,29.10260391235352,29.10260391235352,28.09906578063965,28.09906578063965,1368852
2024-11-05,28.09906578063965,28.879594802856445,27.9875602722168,28.210569381713867,1099694
2024-11-06,28.489330291748047,28.489330291748047,27.54154396057129,27.9875602722168,1655650
2024-11-07,28.09906578063965,28.768091201782227,28.09906578063965,28.712337493896484,922927
2024-11-08,28.935346603393555,29.046850204467773,28.32207489013672,28.65658569335937,1107627
2024-11-11,28.65658569335937,28.823843002319336,28.15481758117676,28.15481758117676,989044
2024-11-12,27.9875602722168,28.266321182250977,27.26278305053711,27.54154396057129,1357930
2024-11-13,27.54154396057129,27.54154396057129,26.98402214050293,26.98402214050293,1064750
2024-11-14,27.26278305053711,28.210569381713867,27.039775848388672,27.37428855895996,1589222
2024-11-15,27.26278305053711,27.9875602722168,27.039775848388672,27.039775848388672,1144802
2024-11-18,27.09552764892578,27.37428855895996,26.76101493835449,26.76101493835449,1052920
2024-11-19,26.76101493835449,27.31853675842285,26.76101493835449,27.09552764892578,864631
2024-11-20,27.653047561645508,27.653047561645508,26.76101493835449,26.8167667388916,802436
2024-11-21,26.76101493835449,26.92827033996582,26.538005828857425,26.64950942993164,393752
2024-11-22,27.039775848388672,27.43004035949707,26.76101493835449,26.8167667388916,663799
2024-11-25,27.09552764892578,27.82030487060547,26.98402214050293,27.5972957611084,1379599
2024-11-26,27.5972957611084,27.5972957611084,26.98402214050293,27.09552764892578,583836
2024-11-27,27.26278305053711,27.26278305053711,26.64950942993164,26.8167667388916,983831
2024-11-28,28.65658569335937,29.49286842346192,28.489330291748047,28.712337493896484,17279297
2024-11-29,27.9875602722168,28.991098403930664,27.37428855895996,28.600833892822266,5409754
2024-12-02,28.823843002319336,28.935346603393555,28.09906578063965,28.15481758117676,3441589
2024-12-03,28.54508209228516,28.991098403930664,27.87605667114257,28.043312072753903,3247323
2024-12-04,28.879594802856445,29.938884735107425,28.433578491210938,29.604372024536133,12512791
2024-12-05,29.827381134033203,30.55215835571289,29.38136482238769,30.440654754638672,11718854
2024-12-06,31.053926467895508,31.27693557739257,29.938884735107425,30.2176456451416,15325738
2024-12-09,30.32914924621582,30.440654754638672,29.32561111450196,29.32561111450196,4393557
2024-12-10,29.548620223999023,29.883132934570312,29.046850204467773,29.604372024536133,3212171
2024-12-11,29.158355712890625,30.38490104675293,29.158355712890625,30.38490104675293,5640578
2024-12-12,30.38490104675293,30.440654754638672,29.548620223999023,30.10614013671875,4246525
2024-12-13,30.38490104675293,30.83091926574707,29.10260391235352,29.437116622924805,8386063
2024-12-16,29.046850204467773,29.32561111450196,27.653047561645508,27.708799362182617,3630447
2024-12-17,27.653047561645508,28.15481758117676,27.653047561645508,27.708799362182617,1058497
2024-12-18,27.653047561645508,28.09906578063965,27.15127944946289,27.9875602722168,1556874
2024-12-19,27.48579216003418,28.712337493896484,27.48579216003418,28.32207489013672,2531328
2024-12-20,28.433578491210938,28.991098403930664,27.931808471679688,28.043312072753903,2559188
2024-12-23,28.377826690673828,28.489330291748047,27.931808471679688,27.931808471679688,1139572
2024-12-24,28.15481758117676,28.712337493896484,27.9875602722168,28.043312072753903,1365956
2024-12-25,28.15481758117676,28.712337493896484,28.09906578063965,28.54508209228516,1396007
2024-12-26,28.65658569335937,29.548620223999023,28.54508209228516,28.991098403930664,2252067
2024-12-27,28.991098403930664,29.21410751342773,28.54508209228516,28.600833892822266,1357347
2024-12-30,28.712337493896484,29.49286842346192,28.433578491210938,29.10260391235352,2220722
2024-12-31,29.437116622924805,29.66012382507324,28.991098403930664,28.991098403930664,2923638
2025-01-02,28.823843002319336,29.10260391235352,28.043312072753903,28.266321182250977,1506887
2025-01-03,28.210569381713867,28.433578491210938,27.82030487060547,27.87605667114257,1231524
2025-01-06,27.87605667114257,28.65658569335937,27.82030487060547,28.377826690673828,1266551
2025-01-07,28.54508209228516,28.768091201782227,27.931808471679688,28.09906578063965,1131907
2025-01-08,28.210569381713867,28.433578491210938,27.54154396057129,27.87605667114257,1138129
2025-01-09,27.708799362182617,27.76455307006836,26.76101493835449,26.76101493835449,2136437
2025-01-10,26.59375762939453,27.26278305053711,26.59375762939453,26.64950942993164,941995
2025-01-13,26.314998626708984,26.370750427246094,25.199954986572266,25.645971298217773,1955320
2025-01-14,26.036237716674805,26.147741317749023,25.478715896606445,25.98048591613769,462904
2025-01-15,25.98048591613769,26.09198951721192,25.534467697143555,25.757476806640625,513974
2025-01-16,26.25924491882324,26.370750427246094,25.81322860717773,25.81322860717773,869045
2025-01-17,25.92473220825196,26.482254028320312,25.81322860717773,25.81322860717773,901091
2025-01-20,25.98048591613769,26.426502227783203,25.81322860717773,26.426502227783203,784457
2025-01-21,26.426502227783203,26.70526123046875,26.25924491882324,26.426502227783203,498521
2025-01-22,26.64950942993164,26.98402214050293,26.25924491882324,26.64950942993164,860083
2025-02-03,26.538005828857425,26.87251853942871,25.81322860717773,26.64950942993164,567739
2025-02-04,26.64950942993164,26.92827033996582,26.482254028320312,26.64950942993164,487811
2025-02-05,26.87251853942871,27.039775848388672,26.538005828857425,26.64950942993164,485197
2025-02-06,26.59375762939453,26.92827033996582,26.59375762939453,26.76101493835449,572267
2025-02-07,26.76101493835449,26.98402214050293,26.64950942993164,26.76101493835449,621514
2025-02-10,26.76101493835449,26.8167667388916,26.538005828857425,26.70526123046875,476224
2025-02-11,26.87251853942871,27.039775848388672,26.538005828857425,26.64950942993164,786050
2025-02-12,26.64950942993164,26.8167667388916,26.314998626708984,26.370750427246094,843465
2025-02-13,26.70526123046875,27.09552764892578,26.64950942993164,26.98402214050293,757908
2025-02-14,27.15127944946289,27.43004035949707,26.76101493835449,27.26278305053711,687355
2025-02-17,27.31853675842285,27.43004035949707,27.09552764892578,27.20703125,407251
2025-02-18,27.20703125,27.43004035949707,27.09552764892578,27.20703125,474793
2025-02-19,27.37428855895996,27.48579216003418,27.15127944946289,27.31853675842285,488816
2025-02-20,27.31853675842285,27.43004035949707,27.09552764892578,27.26278305053711,538363
2025-02-21,27.26278305053711,27.43004035949707,27.20703125,27.26278305053711,337432
2025-02-24,27.26278305053711,27.653047561645508,27.26278305053711,27.31853675842285,466444
2025-02-25,27.31853675842285,27.37428855895996,27.039775848388672,27.20703125,416310
2025-02-26,27.15127944946289,27.43004035949707,27.09552764892578,27.20703125,449674
2025-02-27,27.653047561645508,27.653047561645508,27.039775848388672,27.09552764892578,632264
2025-03-03,26.98402214050293,27.039775848388672,26.538005828857425,26.8167667388916,558815
2025-03-04,26.64950942993164,27.43004035949707,26.426502227783203,27.26278305053711,840373
2025-03-05,27.43004035949707,27.48579216003418,27.20703125,27.43004035949707,464415
2025-03-06,27.54154396057129,27.5972957611084,27.31853675842285,27.37428855895996,501520
2025-03-07,27.43004035949707,27.48579216003418,27.09552764892578,27.26278305053711,456597
2025-03-10,27.48579216003418,27.48579216003418,27.20703125,27.20703125,331227
2025-03-11,26.92827033996582,27.31853675842285,26.203493118286133,27.15127944946289,628082
2025-03-12,27.43004035949707,27.54154396057129,27.15127944946289,27.48579216003418,581327
2025-03-13,27.54154396057129,27.87605667114257,27.039775848388672,27.09552764892578,625998
2025-03-14,27.48579216003418,27.48579216003418,27.039775848388672,27.37428855895996,507229
2025-03-17,27.54154396057129,27.5972957611084,27.37428855895996,27.37428855895996,314100
2025-03-18,27.653047561645508,27.87605667114257,27.48579216003418,27.76455307006836,1161416
2025-03-19,27.87605667114257,28.377826690673828,27.653047561645508,27.708799362182617,947151
2025-03-20,27.9875602722168,27.9875602722168,27.54154396057129,27.5972957611084,372255
2025-03-21,27.76455307006836,27.87605667114257,27.54154396057129,27.653047561645508,584776
2025-03-24,27.82030487060547,28.09906578063965,27.653047561645508,27.708799362182617,482544
2025-03-25,28.15481758117676,30.16189384460449,27.5972957611084,29.66012382507324,7664068
2025-03-26,29.548620223999023,30.10614013671875,28.600833892822266,29.046850204467773,8284471
2025-03-27,28.823843002319336,29.437116622924805,28.600833892822266,29.38136482238769,11437124
2025-03-28,29.32561111450196,29.38136482238769,27.15127944946289,27.48579216003418,9255240
2025-03-31,26.203493118286133,26.76101493835449,24.75393867492676,24.75393867492676,3958603
2025-04-01,24.865442276000977,25.534467697143555,24.1964168548584,25.088451385498047,6414727
2025-04-02,25.199954986572266,25.757476806640625,24.976947784423828,25.645971298217773,2348877
2025-04-07,23.081375122070312,23.081375122070312,23.081375122070312,23.081375122070312,86099
2025-04-08,20.7955379486084,20.7955379486084,20.7955379486084,20.7955379486084,544843
2025-04-09,19.234479904174805,19.568992614746094,18.732709884643555,18.732709884643555,2138964
2025-04-10,19.680496215820312,20.57253074645996,19.178726196289062,20.57253074645996,8703157
2025-04-11,19.29023170471192,20.4052734375,18.621206283569336,19.90350341796875,2536541
2025-04-14,20.18226432800293,20.851289749145508,19.90350341796875,20.0150089263916,1821652
2025-04-15,20.23801612854004,21.85482788085937,20.23801612854004,21.35305976867676,3251103
2025-04-16,21.07429885864257,21.35305976867676,20.51677894592285,20.51677894592285,1419122
2025-04-17,20.4052734375,20.57253074645996,20.0150089263916,20.4052734375,875488
2025-04-18,20.46102523803711,21.07429885864257,20.29376983642578,20.51677894592285,730915
2025-04-21,20.62828254699707,20.62828254699707,19.84775161743164,20.0150089263916,618559
2025-04-22,19.624744415283203,20.29376983642578,19.568992614746094,19.90350341796875,465466
2025-04-23,20.4052734375,20.851289749145508,20.4052734375,20.57253074645996,618811
2025-04-24,20.73978614807129,21.01854705810547,20.46102523803711,20.57253074645996,414334
2025-04-25,20.907041549682617,21.464563369750977,20.7955379486084,21.1858024597168,682185
2025-04-28,21.464563369750977,22.41234970092773,21.1858024597168,21.74332427978516,1574865
2025-04-29,22.077836990356445,22.245092391967773,21.85482788085937,22.189340591430664,635409
2025-04-30,22.356597900390625,22.356597900390625,21.74332427978516,21.966333389282227,787656
2025-05-02,22.189340591430664,22.245092391967773,22.022085189819336,22.022085189819336,541776
2025-05-05,22.245092391967773,22.245092391967773,20.851289749145508,21.1858024597168,755274
2025-05-06,21.1858024597168,22.133588790893555,21.1858024597168,22.022085189819336,755562
2025-05-07,22.189340591430664,22.356597900390625,21.74332427978516,21.966333389282227,516653
2025-05-08,22.300844192504883,22.69111061096192,22.245092391967773,22.69111061096192,733623
2025-05-09,22.914119720458984,22.914119720458984,22.189340591430664,22.356597900390625,1257424
2025-05-12,22.52385330200196,22.635358810424805,22.356597900390625,22.635358810424805,623296
2025-05-13,22.85836601257324,23.081375122070312,22.635358810424805,22.69111061096192,565629
2025-05-14,22.914119720458984,23.47163963317871,22.914119720458984,23.36013412475586,729597
2025-05-15,23.638896942138672,23.75040054321289,23.19287872314453,23.19287872314453,551647
2025-05-16,23.30438232421875,23.4158878326416,22.635358810424805,22.746862411499023,600492
2025-05-19,22.52385330200196,23.025623321533203,22.356597900390625,22.41234970092773,377574
2025-05-20,22.579605102539062,22.579605102539062,22.189340591430664,22.579605102539062,715667
2025-05-21,22.635358810424805,23.24863052368164,22.52385330200196,22.746862411499023,505953
2025-05-22,22.69111061096192,22.69111061096192,22.356597900390625,22.635358810424805,258308
2025-05-23,22.635358810424805,22.69111061096192,22.356597900390625,22.468101501464844,326462
2025-05-26,22.579605102539062,22.85836601257324,22.356597900390625,22.635358810424805,392811
2025-05-27,22.802614212036133,23.137126922607425,22.41234970092773,22.41234970092773,367716
2025-05-28,22.635358810424805,22.969871520996094,22.245092391967773,22.300844192504883,489758
2025-05-29,22.52385330200196,22.85836601257324,22.245092391967773,22.356597900390625,398244
2025-06-02,22.300844192504883,22.300844192504883,21.35305976867676,21.85482788085937,523748
2025-06-03,21.966333389282227,22.300844192504883,21.52031517028809,21.687572479248047,360528
2025-06-04,21.85482788085937,22.189340591430664,21.799076080322266,22.022085189819336,240938
2025-06-05,21.799076080322266,21.799076080322266,21.1858024597168,21.52031517028809,794155
2025-06-06,21.408811569213867,21.52031517028809,21.07429885864257,21.35305976867676,511191
2025-06-09,21.35305976867676,21.52031517028809,20.907041549682617,21.07429885864257,458761
2025-06-10,21.130050659179688,21.576068878173828,21.130050659179688,21.408811569213867,415992
2025-06-11,21.52031517028809,21.966333389282227,21.35305976867676,21.85482788085937,516572
2025-06-12,21.687572479248047,22.133588790893555,21.576068878173828,21.631820678710938,343485
2025-06-13,21.408811569213867,21.687572479248047,21.130050659179688,21.1858024597168,403705
2025-06-16,21.1858024597168,21.1858024597168,20.7955379486084,21.07429885864257,377765
2025-06-17,21.297306060791016,21.297306060791016,20.851289749145508,20.851289749145508,179457
2025-06-18,20.96279525756836,21.01854705810547,20.73978614807129,20.907041549682617,243143
2025-06-19,20.96279525756836,20.96279525756836,20.34952163696289,20.4052734375,462863
2025-06-20,20.46102523803711,20.62828254699707,19.79199981689453,20.18226432800293,393814
2025-06-23,19.736248016357425,20.18226432800293,19.513240814208984,19.95925521850586,256643
2025-06-24,20.18226432800293,20.51677894592285,20.12651252746582,20.29376983642578,226015
2025-06-25,20.51677894592285,20.57253074645996,19.84775161743164,20.07076072692871,156232
2025-06-26,20.0150089263916,20.57253074645996,20.0150089263916,20.4052734375,176721
2025-06-27,20.57253074645996,20.68403434753418,20.34952163696289,20.57253074645996,133628
2025-06-30,20.46102523803711,20.57253074645996,20.18226432800293,20.46102523803711,176839
2025-07-01,20.57253074645996,20.73978614807129,20.12651252746582,20.4052734375,290727
2025-07-02,20.4052734375,20.51677894592285,20.23801612854004,20.29376983642578,297949
2025-07-03,19.84775161743164,20.0150089263916,19.680496215820312,19.680496215820312,331484
2025-07-04,19.84775161743164,19.84775161743164,19.345983505249023,19.680496215820312,248439
2025-07-07,19.345983505249023,19.680496215820312,19.067222595214844,19.29023170471192,209859
2025-07-08,19.12297439575196,19.513240814208984,18.788461685180664,18.955717086791992,561607
2025-07-09,18.899965286254883,19.178726196289062,18.788461685180664,19.178726196289062,220292
2025-07-10,18.955717086791992,19.178726196289062,18.788461685180664,19.01147079467773,380256
2025-07-11,19.01147079467773,19.45748710632324,19.01147079467773,19.45748710632324,142812
2025-07-14,19.568992614746094,19.568992614746094,19.29023170471192,19.401735305786133,98741
2025-07-15,19.29023170471192,19.513240814208984,19.178726196289062,19.401735305786133,128247
2025-07-16,19.345983505249023,19.90350341796875,19.345983505249023,19.736248016357425,265980
2025-07-17,19.79199981689453,20.07076072692871,19.79199981689453,19.90350341796875,113370
2025-07-18,20.12651252746582,20.12651252746582,19.624744415283203,19.90350341796875,95512
2025-07-21,19.79199981689453,20.07076072692871,19.736248016357425,19.736248016357425,90202
2025-07-22,20.0150089263916,20.0150089263916,19.178726196289062,19.401735305786133,299988
2025-07-23,19.45748710632324,19.84775161743164,19.45748710632324,19.736248016357425,195012
2025-07-24,19.680496215820312,19.95925521850586,19.568992614746094,19.736248016357425,92821
2025-07-25,19.624744415283203,19.84775161743164,19.624744415283203,19.736248016357425,72642
2025-07-28,19.736248016357425,19.84775161743164,19.624744415283203,19.736248016357425,91522
2025-07-29,19.736248016357425,19.95925521850586,19.45748710632324,19.568992614746094,248976
2025-07-30,19.624744415283203,19.680496215820312,19.234479904174805,19.624744415283203,237843
2025-07-31,19.45748710632324,19.568992614746094,19.234479904174805,19.513240814208984,191025
2025-08-04,19.513240814208984,19.84775161743164,19.234479904174805,19.79199981689453,186548
2025-08-05,19.90350341796875,20.4052734375,19.84775161743164,20.07076072692871,412730
2025-08-06,20.12651252746582,20.29376983642578,19.95925521850586,20.07076072692871,145659
2025-08-07,20.0150089263916,20.23801612854004,19.736248016357425,19.736248016357425,187076
2025-08-08,19.84775161743164,20.29376983642578,19.84775161743164,19.90350341796875,380677
2025-08-11,19.84775161743164,19.90350341796875,19.568992614746094,19.736248016357425,177130
2025-08-12,19.736248016357425,20.29376983642578,19.624744415283203,20.0150089263916,278089
2025-08-13,20.23801612854004,20.4052734375,19.95925521850586,20.07076072692871,358803
2025-08-14,20.07076072692871,20.29376983642578,20.0150089263916,20.29376983642578,238144
2025-08-15,20.62828254699707,21.07429885864257,20.4052734375,20.68403434753418,672003
2025-08-18,21.07429885864257,21.35305976867676,20.73978614807129,20.96279525756836,542172
2025-08-19,21.1858024597168,21.241554260253903,20.51677894592285,20.73978614807129,295963
2025-08-20,20.73978614807129,20.73978614807129,20.0150089263916,20.23801612854004,854227
2025-08-21,20.29376983642578,20.57253074645996,20.07076072692871,20.29376983642578,278966
2025-08-22,20.29376983642578,20.51677894592285,20.23801612854004,20.29376983642578,233992
2025-08-25,20.57253074645996,20.7955379486084,20.34952163696289,20.34952163696289,315109
2025-08-26,20.51677894592285,20.73978614807129,20.4052734375,20.51677894592285,191211
2025-08-27,20.34952163696289,20.7955379486084,20.34952163696289,20.46102523803711,146420
2025-08-28,20.34952163696289,20.62828254699707,20.18226432800293,20.57253074645996,269096
2025-08-29,20.57253074645996,22.077836990356445,20.4052734375,20.907041549682617,892623
2025-09-01,21.297306060791016,21.52031517028809,20.62828254699707,20.62828254699707,873592
2025-09-02,20.68403434753418,20.73978614807129,20.18226432800293,20.29376983642578,405124
2025-09-03,20.29376983642578,21.35305976867676,20.29376983642578,20.7955379486084,805653
2025-09-04,20.68403434753418,21.01854705810547,20.51677894592285,20.7955379486084,636747
2025-09-05,20.851289749145508,20.96279525756836,20.46102523803711,20.73978614807129,453982
2025-09-08,20.68403434753418,21.01854705810547,20.62828254699707,20.7955379486084,284383
2025-09-09,20.851289749145508,20.851289749145508,20.62828254699707,20.73978614807129,236123
2025-09-10,20.73978614807129,20.73978614807129,20.34952163696289,20.34952163696289,664872
2025-09-11,20.4052734375,20.96279525756836,19.736248016357425,20.07076072692871,873586
2025-09-12,20.23801612854004,20.96279525756836,19.84775161743164,20.18226432800293,459214
2025-09-15,20.18226432800293,20.4052734375,20.0150089263916,20.07076072692871,190221
2025-09-16,20.12651252746582,20.23801612854004,20.0150089263916,20.07076072692871,177114
2025-09-17,20.29376983642578,20.73978614807129,20.23801612854004,20.57253074645996,329136
2025-09-18,20.7955379486084,21.07429885864257,20.68403434753418,20.73978614807129,286754
2025-09-19,20.68403434753418,20.851289749145508,20.62828254699707,20.7955379486084,234976
2025-09-22,20.907041549682617,20.907041549682617,20.57253074645996,20.7955379486084,147976
2025-09-23,20.62828254699707,20.96279525756836,20.46102523803711,20.68403434753418,396397
2025-09-24,20.73978614807129,20.96279525756836,20.46102523803711,20.73978614807129,124843
2025-09-25,20.7955379486084,21.07429885864257,20.46102523803711,20.57253074645996,320212
2025-09-26,20.73978614807129,20.73978614807129,19.95925521850586,20.18226432800293,957811
2025-09-30,20.23801612854004,20.57253074645996,20.12651252746582,20.23801612854004,132159
2025-10-01,20.23801612854004,20.62828254699707,20.18226432800293,20.51677894592285,178957
2025-10-02,20.34952163696289,20.57253074645996,20.29376983642578,20.34952163696289,118010
2025-10-03,20.29376983642578,20.4052734375,20.07076072692871,20.34952163696289,249157
2025-10-07,20.29376983642578,20.4052734375,19.95925521850586,20.34952163696289,318187
2025-10-08,20.4052734375,20.4052734375,20.12651252746582,20.34952163696289,134698
2025-10-09,20.46102523803711,20.46102523803711,20.07076072692871,20.23801612854004,155474
2025-10-13,19.680496215820312,20.18226432800293,19.067222595214844,20.18226432800293,512697
2025-10-14,20.18226432800293,20.4052734375,19.624744415283203,19.624744415283203,592025
2025-10-15,19.90350341796875,20.29376983642578,19.345983505249023,19.513240814208984,319299
2025-10-16,19.680496215820312,20.07076072692871,19.568992614746094,19.680496215820312,149013
2025-10-17,19.513240814208984,20.0150089263916,19.513240814208984,19.680496215820312,153404
2025-10-20,20.0150089263916,20.34952163696289,19.79199981689453,19.95925521850586,223139
2025-10-21,20.12651252746582,20.23801612854004,19.79199981689453,19.95925521850586,197687
2025-10-22,20.07076072692871,20.12651252746582,19.90350341796875,19.90350341796875,136342
2025-10-23,19.736248016357425,19.90350341796875,19.568992614746094,19.624744415283203,229641
2025-10-27,19.680496215820312,19.90350341796875,19.45748710632324,19.79199981689453,241367
2025-10-28,19.736248016357425,20.07076072692871,19.513240814208984,20.0150089263916,311198
2025-10-29,19.95925521850586,20.51677894592285,19.95925521850586,20.34952163696289,382094
2025-10-30,20.29376983642578,20.57253074645996,19.84775161743164,20.29376983642578,221857
2025-10-31,20.18226432800293,20.23801612854004,19.95925521850586,19.95925521850586,275638
2025-11-03,19.95925521850586,20.07076072692871,19.79199981689453,20.0150089263916,167947
2025-11-04,19.84775161743164,20.0150089263916,19.680496215820312,19.79199981689453,207260
2025-11-05,19.79199981689453,20.34952163696289,19.401735305786133,19.95925521850586,433205
2025-11-06,19.95925521850586,20.23801612854004,19.95925521850586,20.12651252746582,128293
2025-11-07,20.07076072692871,20.23801612854004,19.95925521850586,20.18226432800293,215253
2025-11-10,19.95925521850586,20.18226432800293,19.79199981689453,20.07076072692871,217032
2025-11-11,20.12651252746582,20.18226432800293,19.95925521850586,20.0150089263916,147111
2025-11-12,20.0150089263916,20.29376983642578,20.0150089263916,20.23801612854004,630267
2025-11-13,20.23801612854004,20.96279525756836,20.07076072692871,20.96279525756836,598723
2025-11-14,20.907041549682617,21.1858024597168,20.46102523803711,20.46102523803711,503363
2025-11-17,20.46102523803711,20.57253074645996,20.0150089263916,20.4052734375,297970
2025-11-18,20.18226432800293,20.29376983642578,19.234479904174805,19.84775161743164,772168
2025-11-19,19.84775161743164,19.84775161743164,19.401735305786133,19.680496215820312,364111
2025-11-20,19.680496215820312,19.90350341796875,19.680496215820312,19.90350341796875,142887
2025-11-21,19.79199981689453,19.84775161743164,19.067222595214844,19.45748710632324,700422
2025-11-24,19.680496215820312,20.18226432800293,19.234479904174805,19.513240814208984,218124
2025-11-25,19.624744415283203,19.95925521850586,19.624744415283203,19.79199981689453,144424
2025-11-26,19.95925521850586,20.23801612854004,19.95925521850586,20.23801612854004,311997
2025-11-27,20.23801612854004,20.29376983642578,20.07076072692871,20.29376983642578,174857
2025-11-28,20.34952163696289,20.73978614807129,20.23801612854004,20.46102523803711,218826
2025-12-01,20.4052734375,20.57253074645996,20.23801612854004,20.4052734375,81229
2025-12-02,20.4052734375,20.62828254699707,20.29376983642578,20.4052734375,203651
2025-12-03,20.4052734375,20.7955379486084,20.4052734375,20.73978614807129,272804
2025-12-04,20.51677894592285,20.73978614807129,20.46102523803711,20.73978614807129,160594
2025-12-05,20.73978614807129,20.73978614807129,20.46102523803711,20.51677894592285,110312
2025-12-08,20.29376983642578,20.51677894592285,20.29376983642578,20.51677894592285,111207
2025-12-09,20.51677894592285,20.57253074645996,20.18226432800293,20.4052734375,323044
2025-12-10,20.4052734375,20.46102523803711,20.18226432800293,20.34952163696289,129148
2025-12-11,20.46102523803711,20.51677894592285,20.07076072692871,20.4052734375,173989
2025-12-12,20.4052734375,20.96279525756836,20.4052734375,20.73978614807129,451529
2025-12-15,20.73978614807129,21.464563369750977,20.51677894592285,21.1858024597168,569503
2025-12-16,21.74332427978516,21.74332427978516,20.73978614807129,21.1858024597168,336976
2025-12-17,21.408811569213867,21.464563369750977,20.96279525756836,21.130050659179688,330094
2025-12-18,20.96279525756836,21.1858024597168,20.73978614807129,21.07429885864257,188380
2025-12-19,21.130050659179688,21.130050659179688,20.7955379486084,20.851289749145508,156351
2025-12-22,20.96279525756836,21.01854705810547,20.62828254699707,20.62828254699707,185733
2025-12-23,20.7955379486084,20.907041549682617,20.62828254699707,20.7955379486084,176775
2025-12-24,20.62828254699707,20.73978614807129,20.4052734375,20.57253074645996,106074
2025-12-26,20.57253074645996,20.62828254699707,20.34952163696289,20.62828254699707,237219
2025-12-29,20.62828254699707,20.96279525756836,20.46102523803711,20.7955379486084,171673
2025-12-30,20.96279525756836,20.96279525756836,20.51677894592285,20.62828254699707,218830
2025-12-31,20.51677894592285,20.68403434753418,20.4052734375,20.51677894592285,126065
2026-01-02,20.51677894592285,20.96279525756836,20.46102523803711,20.57253074645996,144394
2026-01-05,20.57253074645996,20.57253074645996,19.736248016357425,20.23801612854004,483394
2026-01-06,19.95925521850586,20.23801612854004,19.95925521850586,20.18226432800293,211670
2026-01-07,20.29376983642578,20.96279525756836,20.29376983642578,20.51677894592285,325603
2026-01-08,20.62828254699707,20.62828254699707,20.12651252746582,20.46102523803711,208965
2026-01-09,20.29376983642578,20.4052734375,19.90350341796875,20.4052734375,169112
2026-01-12,20.4052734375,20.46102523803711,20.18226432800293,20.29376983642578,180662
2026-01-13,20.29376983642578,20.4052734375,19.84775161743164,20.18226432800293,279057
2026-01-14,20.29376983642578,21.130050659179688,20.29376983642578,20.68403434753418,691185
2026-01-15,20.7955379486084,22.746862411499023,20.62828254699707,22.746862411499023,1144020
2026-01-16,24.307920455932617,24.75393867492676,22.969871520996094,23.638896942138672,5977474
2026-01-19,23.91765785217285,24.1964168548584,23.19287872314453,23.80615234375,2557752
2026-01-20,23.52739143371582,23.52739143371582,22.914119720458984,23.025623321533203,809265
2026-01-21,22.969871520996094,22.969871520996094,22.189340591430664,22.245092391967773,864481
2026-01-22,22.69111061096192,22.914119720458984,22.189340591430664,22.300844192504883,426251
2026-01-23,22.189340591430664,22.41234970092773,21.910579681396484,22.356597900390625,429727
2026-01-26,22.356597900390625,23.025623321533203,22.133588790893555,22.85836601257324,598679
2026-01-27,22.969871520996094,23.081375122070312,22.245092391967773,22.746862411499023,710285
2026-01-28,22.746862411499023,22.85836601257324,22.189340591430664,22.189340591430664,361522
2026-01-29,22.41234970092773,22.41234970092773,21.799076080322266,22.022085189819336,540168
2026-01-30,21.799076080322266,21.910579681396484,21.241554260253903,21.408811569213867,891518
2026-02-02,21.1858024597168,21.1858024597168,20.851289749145508,21.1858024597168,286761
2026-02-03,21.408811569213867,21.408811569213867,20.96279525756836,21.07429885864257,194788
2026-02-04,20.96279525756836,21.631820678710938,20.96279525756836,21.52031517028809,279699
2026-02-05,21.52031517028809,21.910579681396484,21.35305976867676,21.576068878173828,271022
2026-02-06,21.576068878173828,21.910579681396484,20.68403434753418,21.408811569213867,430505
2026-02-09,21.408811569213867,21.910579681396484,21.07429885864257,21.297306060791016,414961
2026-02-10,21.07429885864257,21.35305976867676,20.96279525756836,21.297306060791016,195974
2026-02-11,21.297306060791016,21.464563369750977,21.07429885864257,21.408811569213867,204951
2026-02-23,21.464563369750977,21.85482788085937,21.464563369750977,21.799076080322266,219770
2026-02-24,21.910579681396484,22.077836990356445,21.52031517028809,21.687572479248047,233973
2026-02-25,21.687572479248047,21.799076080322266,21.297306060791016,21.464563369750977,304162
2026-02-26,21.408811569213867,21.408811569213867,20.73978614807129,21.01854705810547,827207
2026-03-02,20.73978614807129,20.907041549682617,20.18226432800293,20.7955379486084,611107
2026-03-03,20.68403434753418,20.7955379486084,20.23801612854004,20.34952163696289,292828
2026-03-04,20.07076072692871,20.12651252746582,18.788461685180664,19.45748710632324,546173
2026-03-05,19.568992614746094,19.84775161743164,19.401735305786133,19.680496215820312,256519
2026-03-06,19.401735305786133,19.736248016357425,19.29023170471192,19.513240814208984,125227
2026-03-09,18.955717086791992,19.513240814208984,18.230941772460938,19.067222595214844,626898
2026-03-10,19.234479904174805,19.234479904174805,18.844213485717773,19.067222595214844,273598
2026-03-11,19.067222595214844,20.29376983642578,19.067222595214844,20.29376983642578,492416
2026-03-12,19.90350341796875,20.7955379486084,19.90350341796875,20.4052734375,255874
2026-03-13,20.4052734375,22.41234970092773,20.07076072692871,22.41234970092773,1983310
2026-03-16,23.69464874267578,23.97340965270996,22.245092391967773,22.52385330200196,3473691
2026-03-17,22.300844192504883,22.969871520996094,22.189340591430664,22.52385330200196,1217539
2026-03-18,22.579605102539062,22.635358810424805,21.910579681396484,22.300844192504883,621507
2026-03-19,22.802614212036133,24.530929565429688,22.356597900390625,24.530929565429688,11470443
2026-03-20,25.088451385498047,25.088451385498047,23.47163963317871,23.75040054321289,12210397
2026-03-23,22.41234970092773,23.24863052368164,22.300844192504883,22.300844192504883,2034010
2026-03-24,23.4158878326416,24.36367416381836,21.85482788085937,23.4158878326416,7256324
2026-03-25,23.80615234375,24.41942596435547,23.36013412475586,23.36013412475586,3293216
2026-03-26,23.30438232421875,24.642433166503903,22.85836601257324,23.58314323425293,5385555
2026-03-27,23.4158878326416,23.4158878326416,22.41234970092773,22.635358810424805,1854069
2026-03-30,22.356597900390625,22.914119720458984,22.077836990356445,22.52385330200196,1070902
2026-03-31,22.52385330200196,22.746862411499023,21.631820678710938,22.022085189819336,1590078
2026-04-01,22.41234970092773,23.69464874267578,22.41234970092773,22.914119720458984,3370639
2026-04-02,23.025623321533203,24.5866813659668,22.468101501464844,23.75040054321289,6640505
2026-04-07,24.02916145324707,24.92119407653809,23.36013412475586,23.91765785217285,10044479
2026-04-08,23.97340965270996,25.032699584960938,23.91765785217285,24.865442276000977,8200506
2026-04-09,24.5866813659668,26.09198951721192,24.41942596435547,25.032699584960938,5995424
2026-04-10,25.14420318603516,25.590219497680664,24.36367416381836,24.809690475463867,3236275
2026-04-13,24.642433166503903,25.757476806640625,24.47517776489257,25.422964096069336,3117666
2026-04-14,26.203493118286133,26.314998626708984,25.032699584960938,25.311458587646484,2518621
2026-04-15,25.757476806640625,27.5972957611084,25.534467697143555,26.8167667388916,7113412
2026-04-16,27.09552764892578,27.26278305053711,26.314998626708984,26.426502227783203,3485356
2026-04-17,26.25924491882324,27.82030487060547,26.203493118286133,27.5972957611084,5095158
2026-04-20,29.046850204467773,30.32914924621582,29.046850204467773,30.32914924621582,3708010
2026-04-21,33.33976364135742,33.33976364135742,28.09906578063965,28.210569381713867,23517008
2026-04-22,28.433578491210938,28.54508209228516,27.48579216003418,28.210569381713867,5770337
2026-04-23,28.266321182250977,28.489330291748047,25.422964096069336,26.426502227783203,6373036
2026-04-24,26.70526123046875,26.92827033996582,25.701723098754883,25.81322860717773,2126567
2026-04-27,25.98048591613769,25.98048591613769,24.307920455932617,24.865442276000977,3556053
2026-04-28,25.088451385498047,25.757476806640625,24.5866813659668,25.25570678710937,1420090
2026-04-29,25.422964096069336,26.92827033996582,24.92119407653809,26.09198951721192,4082420
2026-04-30,26.09198951721192,26.87251853942871,25.757476806640625,26.036237716674805,1549240
2026-05-04,26.036237716674805,26.70526123046875,25.92473220825196,26.147741317749023,1336364
2026-05-05,26.538005828857425,28.210569381713867,26.370750427246094,27.37428855895996,3202156
2026-05-06,28.043312072753903,28.043312072753903,26.64950942993164,27.48579216003418,3045026
2026-05-07,27.87605667114257,27.87605667114257,26.76101493835449,27.20703125,1978120
2026-05-08,26.98402214050293,27.5972957611084,25.25570678710937,26.314998626708984,2304579
2026-05-11,26.314998626708984,26.92827033996582,25.92473220825196,25.98048591613769,1449288
2026-05-12,26.09198951721192,27.653047561645508,25.81322860717773,27.37428855895996,2472119
2026-05-13,26.92827033996582,27.15127944946289,25.868980407714844,26.426502227783203,1899601
2026-05-14,26.8167667388916,27.039775848388672,26.036237716674805,26.426502227783203,1135339
2026-05-15,26.92827033996582,27.26278305053711,26.036237716674805,26.59375762939453,1222454
2026-05-18,26.70526123046875,27.76455307006836,26.036237716674805,27.43004035949707,1333813
2026-05-19,27.43004035949707,29.21410751342773,27.20703125,28.712337493896484,4506710
2026-05-20,28.991098403930664,29.38136482238769,28.266321182250977,28.879594802856445,3375068
2026-05-21,29.32561111450196,29.938884735107425,28.712337493896484,28.991098403930664,2851281
2026-05-22,29.32561111450196,30.16189384460449,29.046850204467773,29.827381134033203,3455007
2026-05-25,30.440654754638672,30.440654754638672,29.38136482238769,29.548620223999023,2946520
2026-05-26,29.548620223999023,29.604372024536133,28.65658569335937,28.879594802856445,2018666
2026-05-27,29.32561111450196,29.32561111450196,28.043312072753903,28.433578491210938,1576281
2026-05-28,28.489330291748047,29.938884735107425,28.433578491210938,29.046850204467773,2278069
2026-05-29,29.269859313964844,29.49286842346192,28.712337493896484,28.935346603393555,1417885
2026-06-01,29.269859313964844,29.771629333496094,28.768091201782227,28.823843002319336,1227733
2026-06-02,28.879594802856445,28.879594802856445,26.59375762939453,27.76455307006836,2342790
2026-06-03,27.54154396057129,28.433578491210938,27.31853675842285,27.653047561645508,1587506
2026-06-04,27.653047561645508,27.931808471679688,27.039775848388672,27.43004035949707,1279861
2026-06-05,26.8167667388916,27.82030487060547,26.538005828857425,27.039775848388672,1071856
2026-06-08,24.41942596435547,26.25924491882324,24.41942596435547,25.81322860717773,1076204
2026-06-09,25.92473220825196,26.426502227783203,25.590219497680664,25.590219497680664,691735
2026-06-10,25.14420318603516,26.036237716674805,24.530929565429688,24.5866813659668,742579
2026-06-11,24.5866813659668,24.92119407653809,23.80615234375,24.865442276000977,664548
2026-06-12,25.590219497680664,26.036237716674805,25.367212295532227,25.367212295532227,434965
2026-06-15,25.81322860717773,26.25924491882324,25.757476806640625,25.92473220825196,375770
2026-06-16,26.25924491882324,26.426502227783203,25.25570678710937,25.25570678710937,412540
2026-06-17,25.25570678710937,25.98048591613769,25.088451385498047,25.81322860717773,340795
2026-06-18,26.314998626708984,27.43004035949707,25.92473220825196,26.70526123046875,1303198
2026-06-22,26.98402214050293,29.32561111450196,26.98402214050293,28.935346603393555,2552786
2026-06-23,29.604372024536133,31.778705596923828,28.433578491210938,30.71941566467285,10364287
2026-06-24,30.9981746673584,32.33622741699219,30.38490104675293,30.440654754638672,18117862
2026-06-25,30.440654754638672,30.88667106628418,29.66012382507324,30.38490104675293,4419931
2026-06-26,30.10614013671875,31.053926467895508,29.38136482238769,29.49286842346192,2723280
2026-06-29,29.715877532958984,30.83091926574707,29.21410751342773,29.21410751342773,1544617
2026-06-30,29.827381134033203,30.2176456451416,29.10260391235352,29.10260391235352,1581419
2026-07-01,29.32561111450196,29.827381134033203,28.54508209228516,28.712337493896484,1406226
2026-07-02,28.32207489013672,29.715877532958984,27.931808471679688,29.38136482238769,1663457
2026-07-03,31.22118377685547,32.22472381591797,30.71941566467285,31.49994468688965,9560716
2026-07-06,31.49994468688965,32.001712799072266,29.938884735107425,30.10614013671875,3929188
2026-07-07,30.440654754638672,30.66366195678711,28.768091201782227,29.046850204467773,1701339
2026-07-08,29.269859313964844,29.269859313964844,28.32207489013672,29.10260391235352,1437613
2026-07-09,29.21410751342773,29.32561111450196,28.489330291748047,28.489330291748047,1103814
2026-07-10,28.489330291748047,28.489330291748047,28.489330291748047,28.489330291748047,0
2026-07-13,28.935346603393555,29.32561111450196,27.31853675842285,27.31853675842285,1341155
2026-07-14,27.708799362182617,27.76455307006836,25.81322860717773,26.92827033996582,1421370
2026-07-15,27.15127944946289,27.31853675842285,26.70526123046875,26.92827033996582,656925
2026-07-16,26.87251853942871,26.87251853942871,25.701723098754883,26.036237716674805,1235057
2026-07-17,25.422964096069336,25.422964096069336,23.52739143371582,23.69464874267578,1387000
2026-07-20,23.80615234375,23.80615234375,22.300844192504883,23.025623321533203,1374836
2026-07-21,23.80615234375,23.86190414428711,23.30438232421875,23.36013412475586,637799
2026-07-22,23.80615234375,24.36367416381836,23.47163963317871,23.69464874267578,688318
2026-07-23,23.80615234375,23.86190414428711,22.746862411499023,23.081375122070312,1349289
2026-07-24,22.914119720458984,23.80615234375,22.579605102539062,23.52739143371582,730915
2026-07-27,23.52739143371582,23.75040054321289,22.579605102539062,22.914119720458984,1078887
2026-07-28,22.300844192504883,22.356597900390625,21.576068878173828,21.910579681396484,825753
2026-07-29,21.910579681396484,22.133588790893555,20.07076072692871,20.62828254699707,1192779
2026-07-30,20.4052734375,20.907041549682617,20.07076072692871,20.12651252746582,810776
2026-07-31,21.01854705810547,22.133588790893555,21.01854705810547,22.133588790893555,935391
2026-08-03,21.910579681396484,22.635358810424805,21.74332427978516,22.133588790893555,605406
2026-08-04,22.245092391967773,22.969871520996094,21.85482788085937,22.802614212036133,679854
2026-08-05,25.032699584960938,25.032699584960938,25.032699584960938,25.032699584960938,956511
2026-08-06,24.5866813659668,24.642433166503903,23.30438232421875,24.08491325378418,2188260
2026-08-07,24.08491325378418,24.08491325378418,23.4158878326416,23.638896942138672,694144
2026-08-10,23.97340965270996,24.530929565429688,23.75040054321289,24.1964168548584,483539
2026-08-11,24.08491325378418,24.530929565429688,23.75040054321289,23.91765785217285,364112
2026-08-12,23.69464874267578,24.08491325378418,23.58314323425293,23.69464874267578,629107
2026-08-13,23.75040054321289,24.02916145324707,23.36013412475586,23.36013412475586,515184
2026-08-14,23.36013412475586,23.36013412475586,22.802614212036133,22.914119720458984,391305
2026-08-17,22.969871520996094,23.19287872314453,22.85836601257324,22.969871520996094,214266
2026-08-18,22.969871520996094,23.081375122070312,22.356597900390625,22.85836601257324,315830
2026-08-19,22.189340591430664,22.85836601257324,22.189340591430664,22.85836601257324,1083697
2026-08-20,22.85836601257324,22.969871520996094,22.52385330200196,22.746862411499023,331029
2026-08-21,22.52385330200196,23.52739143371582,22.52385330200196,23.081375122070312,359425
2026-08-24,23.52739143371582,24.41942596435547,23.19287872314453,23.86190414428711,531143
2026-08-25,23.638896942138672,24.307920455932617,23.19287872314453,24.307920455932617,566990
2026-08-26,24.36367416381836,25.478715896606445,24.36367416381836,24.75393867492676,921673
2026-08-27,24.530929565429688,25.25570678710937,24.530929565429688,24.75393867492676,431306
2026-08-28,25.14420318603516,25.14420318603516,24.530929565429688,24.75393867492676,313104
2026-08-31,24.5866813659668,24.92119407653809,24.41942596435547,24.865442276000977,219776
2026-09-01,24.865442276000977,25.98048591613769,24.809690475463867,25.311458587646484,1391896
2026-09-02,25.032699584960938,25.534467697143555,25.032699584960938,25.199954986572266,554733
2026-09-03,25.98048591613769,27.039775848388672,25.14420318603516,25.311458587646484,1254015
2026-09-04,25.478715896606445,27.82030487060547,24.75393867492676,27.76455307006836,4697972
2026-09-07,26.76101493835449,27.09552764892578,25.868980407714844,26.314998626708984,3217567
2026-09-08,26.370750427246094,26.538005828857425,25.757476806640625,26.09198951721192,871978
2026-09-09,26.09198951721192,26.76101493835449,25.645971298217773,26.370750427246094,1140861
2026-09-10,26.370750427246094,26.370750427246094,26.370750427246094,26.370750427246094,0
2026-09-11,26.370750427246094,26.370750427246094,26.370750427246094,26.370750427246094,0
2026-09-14,26.370750427246094,26.370750427246094,26.370750427246094,26.370750427246094,0
2026-09-15,26.370750427246094,26.370750427246094,26.370750427246094,26.370750427246094,0
2026-09-16,26.370750427246094,26.370750427246094,26.370750427246094,26.370750427246094,0
2026-09-17,26.370750427246094,26.370750427246094,26.370750427246094,26.370750427246094,0
2026-09-18,26.370750427246094,26.370750427246094,26.370750427246094,26.370750427246094,0
2026-09-21,27.64999961853028,27.700000762939453,25.200000762939453,25.850000381469727,12283862
2026-09-22,25.299999237060547,25.350000381469727,23.299999237060547,24.350000381469727,5292350
2026-09-23,24.0,25.549999237060547,24.0,24.600000381469727,1578169
2026-09-24,24.200000762939453,25.25,24.200000762939453,24.64999961853028,1100855
2026-09-29,24.399999618530273,26.799999237060547,24.350000381469727,26.399999618530273,1638112
2026-09-30,26.450000762939453,27.799999237060547,26.450000762939453,27.450000762939453,2294299
2026-10-01,27.549999237060547,28.200000762939453,26.700000762939453,26.899999618530273,1343936
2026-10-02,27.0,28.600000381469727,26.899999618530273,28.299999237060547,1752328
2026-10-05,28.5,29.649999618530273,27.700000762939453,27.799999237060547,2102016
