date,open,high,low,close,volume
2020-01-02,17.86770248413086,17.944717407226562,17.86770248413086,17.86770248413086,118535
2020-01-03,17.829193115234375,17.944717407226562,17.752178192138672,17.944717407226562,133389
2020-01-06,17.944717407226562,17.944717407226562,17.790685653686523,17.790685653686523,106860
2020-01-07,17.790685653686523,17.790685653686523,17.55963897705078,17.675161361694336,92796
2020-01-08,17.675161361694336,17.675161361694336,17.405607223510742,17.598146438598633,74140
2020-01-09,17.598146438598633,17.675161361694336,17.52113151550293,17.636653900146484,100563
2020-01-10,17.636653900146484,17.636653900146484,17.36709976196289,17.55963897705078,110709
2020-01-13,17.636653900146484,17.636653900146484,17.36709976196289,17.482622146606445,104523
2020-01-14,17.482622146606445,17.482622146606445,17.405607223510742,17.405607223510742,158881
2020-01-15,17.482622146606445,17.52113151550293,17.328590393066406,17.328590393066406,111927
2020-01-16,17.328590393066406,17.405607223510742,17.328590393066406,17.328590393066406,109327
2020-01-17,17.328590393066406,17.36709976196289,17.290082931518555,17.328590393066406,154902
2020-01-20,17.328590393066406,17.482622146606445,17.328590393066406,17.482622146606445,79439
2020-01-30,17.328590393066406,17.328590393066406,16.2503662109375,16.519922256469727,375258
2020-01-31,16.519922256469727,16.943510055541992,16.519922256469727,16.7509708404541,206710
2020-02-03,16.7509708404541,16.7509708404541,15.788270950317385,16.21185874938965,201484
2020-02-04,17.405607223510742,17.405607223510742,16.2503662109375,16.2503662109375,169532
2020-02-05,16.21185874938965,16.327383041381836,16.05782699584961,16.2503662109375,88576
2020-02-06,16.327383041381836,16.481414794921875,16.173351287841797,16.481414794921875,157941
2020-02-07,16.327383041381836,16.327383041381836,16.173351287841797,16.2503662109375,108051
2020-02-10,16.173351287841797,16.173351287841797,15.55722427368164,15.942302703857422,120299
2020-02-11,15.865286827087402,16.019319534301758,15.788270950317385,16.019319534301758,109925
2020-02-12,16.09633445739746,16.288875579833984,16.05782699584961,16.2503662109375,92397
2020-02-13,16.2503662109375,16.288875579833984,16.09633445739746,16.21185874938965,149319
2020-02-14,16.288875579833984,16.288875579833984,16.09633445739746,16.173351287841797,53421
2020-02-17,16.173351287841797,16.173351287841797,16.05782699584961,16.09633445739746,90070
2020-02-18,16.09633445739746,16.173351287841797,16.019319534301758,16.09633445739746,138084
2020-02-19,16.019319534301758,16.134843826293945,16.019319534301758,16.134843826293945,94266
2020-02-20,16.09633445739746,16.173351287841797,16.09633445739746,16.173351287841797,152565
2020-02-21,16.173351287841797,16.288875579833984,16.134843826293945,16.288875579833984,139451
2020-02-24,16.173351287841797,16.173351287841797,15.788270950317385,16.173351287841797,166001
2020-02-25,15.788270950317385,16.09633445739746,15.403191566467283,15.98081111907959,103007
2020-02-26,16.05782699584961,16.09633445739746,15.942302703857422,15.942302703857422,188792
2020-02-27,15.865286827087402,15.90379524230957,15.672746658325195,15.788270950317385,230243
2020-03-02,15.634239196777344,15.672746658325195,15.55722427368164,15.595731735229492,69297
2020-03-03,15.672746658325195,15.711255073547363,15.595731735229492,15.711255073547363,155682
2020-03-04,15.711255073547363,15.788270950317385,15.711255073547363,15.788270950317385,71204
2020-03-05,15.788270950317385,15.98081111907959,15.788270950317385,15.98081111907959,47392
2020-03-06,15.942302703857422,15.942302703857422,15.634239196777344,15.90379524230957,109994
2020-03-09,15.403191566467283,15.711255073547363,15.403191566467283,15.403191566467283,390354
2020-03-10,15.403191566467283,15.788270950317385,15.018112182617188,15.788270950317385,183110
2020-03-11,15.788270950317385,15.942302703857422,15.749762535095217,15.942302703857422,70212
2020-03-12,15.865286827087402,15.865286827087402,15.210652351379396,15.326175689697266,226775
2020-03-13,14.363475799560549,14.363475799560549,13.862872123718262,14.247952461242676,605295
2020-03-16,14.247952461242676,14.401984214782717,13.785856246948242,13.862872123718262,240307
2020-03-17,13.092713356018066,13.554808616638184,12.97718906402588,13.246745109558104,231250
2020-03-18,13.246745109558104,13.477792739868164,12.861664772033691,13.246745109558104,183598
2020-03-19,12.861664772033691,12.861664772033691,11.93747329711914,12.01448917388916,777760
2020-03-20,12.1685209274292,13.131220817565918,12.1685209274292,13.054204940795898,184360
2020-03-23,12.052996635437012,12.97718906402588,12.052996635437012,12.938680648803713,94305
2020-03-24,13.131220817565918,13.747347831726074,13.131220817565918,13.516301155090332,188949
2020-03-25,13.93988800048828,14.363475799560549,13.93988800048828,14.324968338012695,252700
2020-03-26,14.324968338012695,14.517507553100586,14.247952461242676,14.324968338012695,167144
2020-03-27,14.633031845092772,14.864080429077148,14.479000091552734,14.633031845092772,164900
2020-03-30,14.594524383544922,14.594524383544922,13.901379585266112,14.401984214782717,61920
2020-03-31,14.401984214782717,14.594524383544922,14.363475799560549,14.440491676330566,144303
2020-04-01,14.479000091552734,14.594524383544922,14.440491676330566,14.479000091552734,56351
2020-04-06,14.556015968322754,14.556015968322754,14.247952461242676,14.479000091552734,103874
2020-04-07,14.517507553100586,14.864080429077148,14.517507553100586,14.710047721862791,127246
2020-04-08,14.710047721862791,15.249159812927246,14.594524383544922,14.97960376739502,288544
2020-04-09,15.018112182617188,15.095128059387209,14.594524383544922,14.82557201385498,208438
2020-04-10,14.787063598632812,14.97960376739502,14.633031845092772,14.864080429077148,48074
2020-04-13,14.97960376739502,14.97960376739502,14.787063598632812,14.82557201385498,97382
2020-04-14,14.902587890625,14.97960376739502,14.82557201385498,14.97960376739502,60068
2020-04-15,15.249159812927246,15.249159812927246,14.902587890625,15.05661964416504,91547
2020-04-16,14.941096305847168,15.095128059387209,14.710047721862791,15.018112182617188,144737
2020-04-17,15.210652351379396,15.249159812927246,15.018112182617188,15.05661964416504,63623
2020-04-20,15.172143936157228,15.249159812927246,15.018112182617188,15.249159812927246,57780
2020-04-21,15.018112182617188,15.210652351379396,14.517507553100586,14.82557201385498,155941
2020-04-22,14.941096305847168,14.941096305847168,14.67154026031494,14.710047721862791,117949
2020-04-23,15.05661964416504,15.05661964416504,14.864080429077148,15.018112182617188,115383
2020-04-24,15.05661964416504,15.095128059387209,14.787063598632812,14.941096305847168,37866
2020-04-27,14.941096305847168,15.249159812927246,14.941096305847168,15.210652351379396,118417
2020-04-28,15.210652351379396,15.210652351379396,15.095128059387209,15.133636474609377,54682
2020-04-29,15.210652351379396,15.403191566467283,15.133636474609377,15.364684104919434,102421
2020-04-30,15.441699981689451,15.634239196777344,15.441699981689451,15.595731735229492,142697
2020-05-04,15.518715858459473,15.55722427368164,15.133636474609377,15.287668228149414,161524
2020-05-05,15.287668228149414,15.364684104919434,15.172143936157228,15.326175689697266,40883
2020-05-06,15.287668228149414,15.441699981689451,15.210652351379396,15.403191566467283,102576
2020-05-07,15.518715858459473,15.595731735229492,15.403191566467283,15.595731735229492,58226
2020-05-08,15.595731735229492,15.634239196777344,15.518715858459473,15.55722427368164,46289
2020-05-11,15.634239196777344,16.019319534301758,15.634239196777344,15.942302703857422,119092
2020-05-12,15.98081111907959,15.98081111907959,15.55722427368164,15.595731735229492,108317
2020-05-13,15.403191566467283,15.634239196777344,15.403191566467283,15.55722427368164,20037
2020-05-14,15.403191566467283,15.48020839691162,15.326175689697266,15.403191566467283,63162
2020-05-15,15.48020839691162,15.48020839691162,15.287668228149414,15.403191566467283,27720
2020-05-18,15.441699981689451,15.441699981689451,15.326175689697266,15.403191566467283,50246
2020-05-19,15.48020839691162,15.48020839691162,15.326175689697266,15.48020839691162,81393
2020-05-20,15.364684104919434,15.48020839691162,15.364684104919434,15.48020839691162,43736
2020-05-21,15.48020839691162,15.55722427368164,15.48020839691162,15.518715858459473,79334
2020-05-22,15.518715858459473,15.55722427368164,15.326175689697266,15.326175689697266,63406
2020-05-25,15.788270950317385,15.788270950317385,15.364684104919434,15.595731735229492,30232
2020-05-26,15.711255073547363,15.749762535095217,15.634239196777344,15.749762535095217,45445
2020-05-27,15.749762535095217,15.749762535095217,15.441699981689451,15.634239196777344,107058
2020-05-28,15.634239196777344,15.672746658325195,15.55722427368164,15.55722427368164,29558
2020-05-29,15.55722427368164,15.634239196777344,15.55722427368164,15.634239196777344,25189
2020-06-01,15.672746658325195,15.788270950317385,15.672746658325195,15.788270950317385,84398
2020-06-02,15.788270950317385,15.788270950317385,15.672746658325195,15.788270950317385,43237
2020-06-03,15.788270950317385,15.788270950317385,15.711255073547363,15.788270950317385,63271
2020-06-04,15.749762535095217,15.865286827087402,15.711255073547363,15.82677936553955,62080
2020-06-05,15.788270950317385,16.019319534301758,15.788270950317385,16.019319534301758,66226
2020-06-08,16.09633445739746,16.404399871826172,16.09633445739746,16.404399871826172,151128
2020-06-09,16.404399871826172,16.519922256469727,16.404399871826172,16.442907333374023,39312
2020-06-10,16.481414794921875,16.481414794921875,16.327383041381836,16.481414794921875,40683
2020-06-11,16.481414794921875,16.55843162536621,16.09633445739746,16.09633445739746,113353
2020-06-12,15.403191566467283,15.98081111907959,15.403191566467283,15.942302703857422,57394
2020-06-15,15.749762535095217,15.942302703857422,15.749762535095217,15.865286827087402,49968
2020-06-16,15.865286827087402,16.173351287841797,15.865286827087402,16.173351287841797,82580
2020-06-17,16.134843826293945,16.327383041381836,16.134843826293945,16.327383041381836,40420
2020-06-18,16.2503662109375,16.365890502929688,16.2503662109375,16.327383041381836,28818
2020-06-19,16.327383041381836,16.404399871826172,16.173351287841797,16.173351287841797,28565
2020-06-22,16.2503662109375,16.481414794921875,16.2503662109375,16.481414794921875,99223
2020-06-23,16.481414794921875,16.481414794921875,16.365890502929688,16.442907333374023,61026
2020-06-24,16.365890502929688,16.442907333374023,16.327383041381836,16.327383041381836,65116
2020-06-29,16.404399871826172,16.827987670898438,16.327383041381836,16.327383041381836,102582
2020-06-30,16.2503662109375,16.596939086914062,16.019319534301758,16.596939086914062,66890
2020-07-01,16.596939086914062,16.596939086914062,16.404399871826172,16.55843162536621,51807
2020-07-02,16.55843162536621,16.596939086914062,16.481414794921875,16.519922256469727,38049
2020-07-03,16.481414794921875,16.596939086914062,16.481414794921875,16.55843162536621,57780
2020-07-06,16.635446548461914,16.86649513244629,16.596939086914062,16.789478302001953,199570
2020-07-07,16.6739559173584,16.789478302001953,16.596939086914062,16.71246337890625,83959
2020-07-08,16.71246337890625,16.789478302001953,16.71246337890625,16.789478302001953,57917
2020-07-09,16.789478302001953,16.86649513244629,16.789478302001953,16.789478302001953,63363
2020-07-10,16.71246337890625,16.71246337890625,16.519922256469727,16.596939086914062,63493
2020-07-13,16.596939086914062,16.86649513244629,16.596939086914062,16.789478302001953,225301
2020-07-14,16.789478302001953,16.827987670898438,16.481414794921875,16.635446548461914,70948
2020-07-15,16.71246337890625,16.789478302001953,16.635446548461914,16.71246337890625,68816
2020-07-16,16.71246337890625,16.86649513244629,16.6739559173584,16.7509708404541,54612
2020-07-17,16.86649513244629,16.943510055541992,16.71246337890625,16.789478302001953,116346
2020-07-20,16.789478302001953,16.943510055541992,16.55843162536621,16.789478302001953,183403
2020-07-21,16.789478302001953,17.020526885986328,16.71246337890625,16.943510055541992,214516
2020-07-22,17.05903434753418,17.05903434753418,16.90500259399414,16.90500259399414,35206
2020-07-23,16.90500259399414,17.05903434753418,16.90500259399414,17.05903434753418,140964
2020-07-24,16.943510055541992,16.943510055541992,16.789478302001953,16.86649513244629,116209
2020-07-27,16.827987670898438,17.020526885986328,16.789478302001953,16.943510055541992,114980
2020-07-28,16.943510055541992,16.982019424438477,16.635446548461914,16.789478302001953,76904
2020-07-29,16.71246337890625,16.943510055541992,16.71246337890625,16.90500259399414,40666
2020-07-30,16.55843162536621,16.943510055541992,16.2503662109375,16.827987670898438,84426
2020-07-31,16.943510055541992,16.943510055541992,16.635446548461914,16.943510055541992,55053
2020-08-03,16.789478302001953,16.86649513244629,16.7509708404541,16.86649513244629,46878
2020-08-04,16.943510055541992,17.020526885986328,16.827987670898438,16.86649513244629,54534
2020-08-05,16.86649513244629,16.90500259399414,16.827987670898438,16.90500259399414,56806
2020-08-06,16.90500259399414,16.943510055541992,16.827987670898438,16.86649513244629,66677
2020-08-07,16.827987670898438,16.90500259399414,16.827987670898438,16.86649513244629,57516
2020-08-10,17.05903434753418,17.05903434753418,16.827987670898438,16.827987670898438,71525
2020-08-11,16.943510055541992,16.943510055541992,16.86649513244629,16.943510055541992,55472
2020-08-12,16.90500259399414,16.943510055541992,16.827987670898438,16.86649513244629,35775
2020-08-13,17.05903434753418,17.05903434753418,16.86649513244629,16.943510055541992,41331
2020-08-14,16.943510055541992,16.943510055541992,16.71246337890625,16.90500259399414,121000
2020-08-17,16.90500259399414,16.90500259399414,16.71246337890625,16.86649513244629,193449
2020-08-18,16.86649513244629,16.943510055541992,16.86649513244629,16.943510055541992,108156
2020-08-19,16.943510055541992,16.943510055541992,16.943510055541992,16.943510055541992,169685
2020-08-20,16.943510055541992,16.943510055541992,16.71246337890625,16.827987670898438,109124
2020-08-21,16.90500259399414,16.943510055541992,16.789478302001953,16.86649513244629,102600
2020-08-24,16.943510055541992,16.943510055541992,16.86649513244629,16.943510055541992,79388
2020-08-25,16.943510055541992,17.174558639526367,16.90500259399414,17.136051177978516,218691
2020-08-26,17.136051177978516,17.290082931518555,17.020526885986328,17.290082931518555,202419
2020-08-27,16.92656707763672,17.384042739868164,16.884979248046875,17.09292221069336,188122
2020-08-28,17.00974464416504,17.217687606811523,16.92656707763672,17.17609977722168,64954
2020-08-31,17.259275436401367,17.799928665161133,17.259275436401367,17.75834083557129,124731
2020-09-01,17.75834083557129,17.841516494750977,17.633573532104492,17.75834083557129,62565
2020-09-02,17.883106231689453,17.924694061279297,17.633573532104492,17.675161361694336,52899
2020-09-03,17.46721839904785,17.59198570251465,17.425630569458008,17.46721839904785,165429
2020-09-04,17.46721839904785,18.17422676086425,17.46721839904785,18.007871627807617,83831
2020-09-07,18.2158145904541,18.2158145904541,17.675161361694336,17.883106231689453,86948
2020-09-08,18.2158145904541,18.2158145904541,17.75834083557129,17.841516494750977,82359
2020-09-09,18.007871627807617,18.007871627807617,17.716751098632812,17.924694061279297,76272
2020-09-10,17.883106231689453,17.966283798217773,17.883106231689453,17.924694061279297,33274
2020-09-11,17.924694061279297,17.924694061279297,17.799928665161133,17.799928665161133,34543
2020-09-14,17.799928665161133,17.924694061279297,17.633573532104492,17.924694061279297,143909
2020-09-15,17.924694061279297,17.966283798217773,17.924694061279297,17.966283798217773,37466
2020-09-16,17.966283798217773,18.04945945739746,17.966283798217773,18.007871627807617,95579
2020-09-17,17.966283798217773,18.091049194335938,17.924694061279297,18.04945945739746,44875
2020-09-18,17.924694061279297,18.04945945739746,17.799928665161133,17.799928665161133,127467
2020-09-21,17.799928665161133,17.883106231689453,17.46721839904785,17.883106231689453,160981
2020-09-22,17.841516494750977,17.966283798217773,17.75834083557129,17.841516494750977,22373
2020-09-23,17.633573532104492,17.841516494750977,17.633573532104492,17.841516494750977,66491
2020-09-24,17.550397872924805,17.59198570251465,17.134510040283203,17.259275436401367,178309
2020-09-25,17.051332473754883,17.300865173339844,17.051332473754883,17.259275436401367,80671
2020-09-28,17.134510040283203,17.342453002929688,17.134510040283203,17.217687606811523,70605
2020-09-29,17.134510040283203,17.259275436401367,17.134510040283203,17.259275436401367,40996
2020-09-30,17.134510040283203,17.300865173339844,17.134510040283203,17.259275436401367,46046
2020-10-05,17.17609977722168,17.259275436401367,17.134510040283203,17.217687606811523,68844
2020-10-06,17.17609977722168,17.259275436401367,17.17609977722168,17.217687606811523,181059
2020-10-07,17.217687606811523,17.425630569458008,17.09292221069336,17.425630569458008,91002
2020-10-08,17.425630569458008,17.675161361694336,17.300865173339844,17.675161361694336,99195
2020-10-12,17.75834083557129,17.75834083557129,17.46721839904785,17.633573532104492,92046
2020-10-13,17.633573532104492,17.633573532104492,17.425630569458008,17.633573532104492,74780
2020-10-14,17.633573532104492,17.966283798217773,17.550397872924805,17.966283798217773,117262
2020-10-15,17.883106231689453,18.298992156982425,17.799928665161133,18.298992156982425,237978
2020-10-16,18.298992156982425,18.63170051574707,17.883106231689453,18.298992156982425,102754
2020-10-19,18.2158145904541,18.298992156982425,18.091049194335938,18.2158145904541,201771
2020-10-20,18.13263702392578,18.2158145904541,18.13263702392578,18.2158145904541,49537
2020-10-21,18.382169723510746,18.382169723510746,18.13263702392578,18.2158145904541,183622
2020-10-22,18.2158145904541,18.2158145904541,18.04945945739746,18.2158145904541,61445
2020-10-23,18.2158145904541,18.2158145904541,18.13263702392578,18.2158145904541,32316
2020-10-26,18.257402420043945,18.298992156982425,18.04945945739746,18.2158145904541,96540
2020-10-27,18.13263702392578,18.17422676086425,18.04945945739746,18.091049194335938,44401
2020-10-28,18.13263702392578,18.17422676086425,18.091049194335938,18.091049194335938,48426
2020-10-29,17.966283798217773,18.04945945739746,17.924694061279297,18.04945945739746,38657
2020-10-30,18.04945945739746,18.04945945739746,17.799928665161133,17.799928665161133,74973
2020-11-02,17.841516494750977,18.257402420043945,17.75834083557129,17.841516494750977,75286
2020-11-03,17.841516494750977,17.924694061279297,17.799928665161133,17.799928665161133,74683
2020-11-04,17.799928665161133,17.883106231689453,17.75834083557129,17.841516494750977,51119
2020-11-05,17.966283798217773,17.966283798217773,17.799928665161133,17.883106231689453,45416
2020-11-06,17.883106231689453,17.924694061279297,17.799928665161133,17.799928665161133,37303
2020-11-09,17.966283798217773,17.966283798217773,17.841516494750977,17.883106231689453,54534
2020-11-10,17.966283798217773,17.966283798217773,17.841516494750977,17.841516494750977,42697
2020-11-11,17.883106231689453,17.883106231689453,17.75834083557129,17.799928665161133,122794
2020-11-12,17.799928665161133,17.799928665161133,17.716751098632812,17.75834083557129,73746
2020-11-13,17.75834083557129,17.799928665161133,17.633573532104492,17.799928665161133,69341
2020-11-16,17.716751098632812,17.799928665161133,17.716751098632812,17.716751098632812,79912
2020-11-17,17.75834083557129,17.841516494750977,17.675161361694336,17.799928665161133,51100
2020-11-18,17.716751098632812,17.841516494750977,17.633573532104492,17.799928665161133,127229
2020-11-19,17.675161361694336,17.841516494750977,17.633573532104492,17.799928665161133,103028
2020-11-20,17.716751098632812,17.799928665161133,17.59198570251465,17.716751098632812,123649
2020-11-23,17.716751098632812,17.841516494750977,17.716751098632812,17.841516494750977,143910
2020-11-24,17.841516494750977,17.841516494750977,17.716751098632812,17.841516494750977,83314
2020-11-25,17.841516494750977,17.841516494750977,17.716751098632812,17.799928665161133,98512
2020-11-26,17.75834083557129,17.883106231689453,17.75834083557129,17.883106231689453,131646
2020-11-27,17.883106231689453,18.007871627807617,17.841516494750977,18.007871627807617,113383
2020-11-30,18.007871627807617,18.091049194335938,17.841516494750977,17.966283798217773,179048
2020-12-01,18.007871627807617,18.091049194335938,17.966283798217773,18.091049194335938,190773
2020-12-02,18.091049194335938,18.257402420043945,18.04945945739746,18.04945945739746,191112
2020-12-03,17.966283798217773,18.13263702392578,17.966283798217773,18.04945945739746,94542
2020-12-04,18.298992156982425,18.298992156982425,18.13263702392578,18.2158145904541,146434
2020-12-07,18.2158145904541,18.2158145904541,18.091049194335938,18.091049194335938,125996
2020-12-08,17.716751098632812,18.007871627807617,17.675161361694336,18.007871627807617,108729
2020-12-09,17.883106231689453,18.091049194335938,17.716751098632812,18.091049194335938,214648
2020-12-10,17.799928665161133,18.13263702392578,17.799928665161133,18.091049194335938,76781
2020-12-11,18.04945945739746,18.13263702392578,17.924694061279297,18.13263702392578,61526
2020-12-14,18.04945945739746,18.091049194335938,17.841516494750977,18.007871627807617,83242
2020-12-15,18.007871627807617,18.007871627807617,17.716751098632812,17.841516494750977,121678
2020-12-16,18.007871627807617,18.007871627807617,17.841516494750977,17.924694061279297,82702
2020-12-17,17.966283798217773,17.966283798217773,17.75834083557129,17.966283798217773,72790
2020-12-18,17.966283798217773,17.966283798217773,17.799928665161133,17.966283798217773,204310
2020-12-21,18.007871627807617,18.007871627807617,17.799928665161133,17.883106231689453,74150
2020-12-22,17.883106231689453,18.298992156982425,17.883106231689453,18.007871627807617,121722
2020-12-23,18.091049194335938,18.091049194335938,18.007871627807617,18.04945945739746,137008
2020-12-24,18.04945945739746,18.257402420043945,18.04945945739746,18.17422676086425,51294
2020-12-25,18.17422676086425,18.17422676086425,18.091049194335938,18.17422676086425,43818
2020-12-28,18.17422676086425,18.298992156982425,18.13263702392578,18.298992156982425,132420
2020-12-29,18.382169723510746,18.382169723510746,18.13263702392578,18.17422676086425,94685
2020-12-30,18.17422676086425,18.2158145904541,18.13263702392578,18.17422676086425,47789
2020-12-31,18.2158145904541,18.340579986572266,17.924694061279297,18.257402420043945,125014
2021-01-04,18.257402420043945,18.382169723510746,18.257402420043945,18.340579986572266,128075
2021-01-05,18.257402420043945,18.340579986572266,18.257402420043945,18.298992156982425,75288
2021-01-06,18.298992156982425,18.382169723510746,18.2158145904541,18.257402420043945,98165
2021-01-07,18.298992156982425,18.298992156982425,18.17422676086425,18.2158145904541,88999
2021-01-08,18.2158145904541,18.2158145904541,18.17422676086425,18.2158145904541,72736
2021-01-11,18.2158145904541,18.2158145904541,17.966283798217773,18.091049194335938,94173
2021-01-12,18.007871627807617,18.091049194335938,17.966283798217773,18.091049194335938,175596
2021-01-13,17.966283798217773,18.298992156982425,17.966283798217773,18.2158145904541,105537
2021-01-14,18.2158145904541,18.2158145904541,17.966283798217773,18.2158145904541,39441
2021-01-15,18.007871627807617,18.04945945739746,17.924694061279297,18.04945945739746,125933
2021-01-18,17.966283798217773,17.966283798217773,17.841516494750977,17.924694061279297,59362
2021-01-19,17.883106231689453,18.298992156982425,17.883106231689453,18.298992156982425,110287
2021-01-20,17.924694061279297,17.966283798217773,17.883106231689453,17.924694061279297,79348
2021-01-21,17.924694061279297,18.2158145904541,17.924694061279297,18.04945945739746,46352
2021-01-22,18.2158145904541,18.2158145904541,17.966283798217773,18.007871627807617,40991
2021-01-25,17.966283798217773,18.091049194335938,17.883106231689453,17.966283798217773,56693
2021-01-26,18.2158145904541,18.2158145904541,17.883106231689453,17.966283798217773,44743
2021-01-27,18.04945945739746,18.04945945739746,17.966283798217773,18.007871627807617,25391
2021-01-28,17.59198570251465,18.04945945739746,17.59198570251465,17.924694061279297,48462
2021-01-29,17.633573532104492,17.966283798217773,17.550397872924805,17.841516494750977,142109
2021-02-01,17.46721839904785,17.966283798217773,17.425630569458008,17.966283798217773,206619
2021-02-02,17.633573532104492,18.091049194335938,17.633573532104492,17.924694061279297,69733
2021-02-03,17.924694061279297,18.04945945739746,17.883106231689453,17.966283798217773,25487
2021-02-04,17.716751098632812,17.883106231689453,17.716751098632812,17.883106231689453,22842
2021-02-05,17.883106231689453,18.007871627807617,17.841516494750977,17.966283798217773,48349
2021-02-17,18.257402420043945,18.257402420043945,18.007871627807617,18.091049194335938,107036
2021-02-18,18.13263702392578,18.2158145904541,18.04945945739746,18.2158145904541,45115
2021-02-19,18.04945945739746,18.2158145904541,18.04945945739746,18.13263702392578,33439
2021-02-22,18.17422676086425,18.17422676086425,18.007871627807617,18.13263702392578,164011
2021-02-23,18.13263702392578,18.2158145904541,18.13263702392578,18.2158145904541,96380
2021-02-24,18.17422676086425,18.257402420043945,18.091049194335938,18.13263702392578,146193
2021-02-25,18.2158145904541,18.2158145904541,18.091049194335938,18.13263702392578,65162
2021-02-26,18.13263702392578,18.13263702392578,17.924694061279297,18.007871627807617,92108
2021-03-02,18.13263702392578,18.13263702392578,17.924694061279297,17.924694061279297,90773
2021-03-03,18.17422676086425,18.17422676086425,17.966283798217773,17.966283798217773,71341
2021-03-04,17.924694061279297,18.091049194335938,17.841516494750977,18.04945945739746,120315
2021-03-05,17.966283798217773,18.04945945739746,17.966283798217773,18.04945945739746,45685
2021-03-08,18.04945945739746,18.04945945739746,17.966283798217773,18.007871627807617,32605
2021-03-09,18.091049194335938,18.091049194335938,17.924694061279297,17.966283798217773,84362
2021-03-10,18.091049194335938,18.091049194335938,17.924694061279297,17.924694061279297,36067
2021-03-11,17.924694061279297,18.13263702392578,17.924694061279297,18.091049194335938,81332
2021-03-12,18.091049194335938,18.13263702392578,18.007871627807617,18.04945945739746,38141
2021-03-15,18.007871627807617,18.007871627807617,17.883106231689453,17.924694061279297,83437
2021-03-16,17.924694061279297,18.04945945739746,17.924694061279297,18.007871627807617,64737
2021-03-17,18.007871627807617,18.007871627807617,17.883106231689453,17.966283798217773,87526
2021-03-18,17.924694061279297,17.966283798217773,17.883106231689453,17.966283798217773,102193
2021-03-19,17.966283798217773,17.966283798217773,17.799928665161133,17.841516494750977,160840
2021-03-22,17.841516494750977,18.091049194335938,17.841516494750977,18.091049194335938,242007
2021-03-23,18.091049194335938,18.13263702392578,18.091049194335938,18.13263702392578,191053
2021-03-24,18.17422676086425,19.62982749938965,18.13263702392578,19.546649932861328,878857
2021-03-25,19.546649932861328,19.920948028564453,19.38029670715332,19.837770462036133,878007
2021-03-26,19.837770462036133,20.877485275268555,19.837770462036133,20.3784236907959,1022240
2021-03-29,20.461599349975582,20.75271987915039,20.3784236907959,20.461599349975582,450573
2021-03-30,20.461599349975582,20.66954231262207,20.3784236907959,20.503189086914062,261792
2021-03-31,20.794309616088867,21.626081466674805,20.794309616088867,21.542903900146484,1306861
2021-04-01,21.501314163208008,21.501314163208008,21.12701797485352,21.41813850402832,686378
2021-04-07,21.16860580444336,21.293371200561523,20.960662841796875,21.043840408325195,475678
2021-04-08,20.960662841796875,20.960662841796875,20.66954231262207,20.877485275268555,407273
2021-04-09,20.794309616088867,20.794309616088867,20.420011520385746,20.586366653442383,555422
2021-04-12,20.586366653442383,20.794309616088867,20.461599349975582,20.586366653442383,297258
2021-04-13,20.586366653442383,20.586366653442383,20.3784236907959,20.503189086914062,233787
2021-04-14,20.420011520385746,20.503189086914062,20.336833953857425,20.3784236907959,225255
2021-04-15,20.3784236907959,20.544776916503903,20.3784236907959,20.503189086914062,106675
2021-04-16,20.420011520385746,20.544776916503903,20.420011520385746,20.503189086914062,150577
2021-04-19,20.503189086914062,20.544776916503903,20.420011520385746,20.461599349975582,214128
2021-04-20,20.420011520385746,20.544776916503903,20.336833953857425,20.503189086914062,298350
2021-04-21,20.503189086914062,20.544776916503903,20.3784236907959,20.3784236907959,186867
2021-04-22,20.336833953857425,20.503189086914062,20.21206855773925,20.21206855773925,255098
2021-04-23,20.2536563873291,20.2536563873291,19.962535858154297,20.17048072814941,149136
2021-04-26,20.2536563873291,20.3784236907959,20.045713424682617,20.295244216918945,325039
2021-04-27,20.295244216918945,20.66954231262207,20.21206855773925,20.66954231262207,276968
2021-04-28,20.627954483032227,21.501314163208008,20.627954483032227,21.08542823791504,381715
2021-04-29,20.877485275268555,21.25178337097168,20.877485275268555,20.960662841796875,138949
2021-05-03,20.960662841796875,20.960662841796875,20.503189086914062,20.586366653442383,237206
2021-05-04,20.586366653442383,20.586366653442383,20.336833953857425,20.420011520385746,244479
2021-05-05,20.461599349975582,20.794309616088867,20.420011520385746,20.66954231262207,95639
2021-05-06,20.66954231262207,20.75271987915039,20.586366653442383,20.627954483032227,140199
2021-05-07,20.627954483032227,21.21019554138184,20.627954483032227,21.08542823791504,306442
2021-05-10,21.16860580444336,21.37655067443848,21.08542823791504,21.25178337097168,294383
2021-05-11,21.21019554138184,21.21019554138184,20.66954231262207,21.00225257873535,317889
2021-05-12,20.960662841796875,21.00225257873535,19.588239669799805,20.21206855773925,449263
2021-05-13,20.21206855773925,20.3784236907959,19.588239669799805,19.79618263244629,486568
2021-05-14,19.79618263244629,20.045713424682617,19.67141532897949,19.75459289550781,239109
2021-05-17,19.546649932861328,20.336833953857425,19.421884536743164,19.463472366333008,434016
2021-05-18,20.128890991210938,20.794309616088867,19.962535858154297,20.75271987915039,569605
2021-05-19,22.4162654876709,22.457853317260746,20.66954231262207,20.66954231262207,3093965
2021-05-20,20.66954231262207,20.66954231262207,20.128890991210938,20.420011520385746,505171
2021-05-21,20.420011520385746,20.877485275268555,20.295244216918945,20.627954483032227,261023
2021-05-24,20.3784236907959,20.66954231262207,20.3784236907959,20.627954483032227,145568
2021-05-25,20.711132049560547,20.794309616088867,20.544776916503903,20.544776916503903,109404
2021-05-26,20.586366653442383,20.586366653442383,20.420011520385746,20.503189086914062,67422
2021-05-27,20.503189086914062,20.586366653442383,20.420011520385746,20.586366653442383,118358
2021-05-28,20.586366653442383,20.66954231262207,20.503189086914062,20.503189086914062,146674
2021-05-31,20.503189086914062,20.503189086914062,20.128890991210938,20.503189086914062,252237
2021-06-01,20.586366653442383,20.586366653442383,20.336833953857425,20.420011520385746,85202
2021-06-02,21.12701797485352,21.12701797485352,20.420011520385746,20.420011520385746,72255
2021-06-03,20.66954231262207,20.66954231262207,20.2536563873291,20.420011520385746,68624
2021-06-04,20.3784236907959,20.627954483032227,20.336833953857425,20.420011520385746,59815
2021-06-07,20.75271987915039,20.75271987915039,20.17048072814941,20.420011520385746,59791
2021-06-08,20.66954231262207,20.66954231262207,20.336833953857425,20.461599349975582,21717
2021-06-09,20.627954483032227,20.627954483032227,20.21206855773925,20.2536563873291,145954
2021-06-10,20.461599349975582,20.461599349975582,20.295244216918945,20.336833953857425,31811
2021-06-11,20.711132049560547,20.711132049560547,20.295244216918945,20.503189086914062,91371
2021-06-15,20.627954483032227,20.627954483032227,20.461599349975582,20.627954483032227,114757
2021-06-16,20.627954483032227,20.711132049560547,20.544776916503903,20.711132049560547,170448
2021-06-17,20.794309616088867,21.00225257873535,20.711132049560547,21.00225257873535,275865
2021-06-18,21.00225257873535,21.542903900146484,21.00225257873535,21.21019554138184,321780
2021-06-21,21.21019554138184,21.21019554138184,20.83589744567871,20.960662841796875,233357
2021-06-22,21.21019554138184,21.21019554138184,20.83589744567871,20.83589744567871,113591
2021-06-23,20.960662841796875,20.960662841796875,20.794309616088867,20.960662841796875,76811
2021-06-24,20.960662841796875,20.960662841796875,20.877485275268555,20.960662841796875,49674
2021-06-25,20.91907501220703,21.00225257873535,20.83589744567871,20.877485275268555,87638
2021-06-28,20.877485275268555,21.21019554138184,20.83589744567871,20.91907501220703,78152
2021-06-29,21.043840408325195,21.043840408325195,20.83589744567871,20.83589744567871,265706
2021-06-30,20.877485275268555,21.00225257873535,20.794309616088867,20.83589744567871,464357
2021-07-01,20.83589744567871,20.877485275268555,20.711132049560547,20.794309616088867,146674
2021-07-02,21.043840408325195,21.043840408325195,20.711132049560547,20.75271987915039,376999
2021-07-05,20.794309616088867,20.83589744567871,20.75271987915039,20.75271987915039,143104
2021-07-06,20.83589744567871,20.83589744567871,20.75271987915039,20.794309616088867,43634
2021-07-07,20.794309616088867,20.794309616088867,20.66954231262207,20.711132049560547,232034
2021-07-08,20.711132049560547,20.960662841796875,20.586366653442383,20.877485275268555,477294
2021-07-09,20.877485275268555,20.877485275268555,20.586366653442383,20.75271987915039,175658
2021-07-12,20.877485275268555,21.00225257873535,20.420011520385746,20.627954483032227,226046
2021-07-13,20.544776916503903,20.794309616088867,20.544776916503903,20.711132049560547,356467
2021-07-14,20.711132049560547,20.711132049560547,20.544776916503903,20.711132049560547,373140
2021-07-15,20.711132049560547,20.794309616088867,20.627954483032227,20.794309616088867,47565
2021-07-16,20.586366653442383,20.877485275268555,20.586366653442383,20.794309616088867,91755
2021-07-19,20.586366653442383,20.960662841796875,20.586366653442383,20.794309616088867,57072
2021-07-20,20.794309616088867,20.794309616088867,20.66954231262207,20.711132049560547,103393
2021-07-21,20.794309616088867,20.794309616088867,20.627954483032227,20.66954231262207,53923
2021-07-22,20.794309616088867,20.877485275268555,20.711132049560547,20.794309616088867,53500
2021-07-23,20.877485275268555,20.877485275268555,20.75271987915039,20.83589744567871,74076
2021-07-26,20.83589744567871,20.83589744567871,20.75271987915039,20.75271987915039,86797
2021-07-27,20.794309616088867,20.877485275268555,20.711132049560547,20.794309616088867,72218
2021-07-28,20.83589744567871,20.83589744567871,20.627954483032227,20.75271987915039,73337
2021-07-29,20.627954483032227,20.83589744567871,20.627954483032227,20.794309616088867,37659
2021-07-30,20.794309616088867,20.877485275268555,20.66954231262207,20.794309616088867,57958
2021-08-02,20.83589744567871,20.83589744567871,20.66954231262207,20.794309616088867,106615
2021-08-03,20.794309616088867,20.794309616088867,20.711132049560547,20.794309616088867,27651
2021-08-04,20.794309616088867,20.794309616088867,20.711132049560547,20.794309616088867,69730
2021-08-05,20.75271987915039,20.75271987915039,20.711132049560547,20.75271987915039,39510
2021-08-06,20.75271987915039,20.75271987915039,20.711132049560547,20.75271987915039,37269
2021-08-09,20.711132049560547,20.75271987915039,20.66954231262207,20.75271987915039,115598
2021-08-10,20.75271987915039,20.75271987915039,20.711132049560547,20.75271987915039,71125
2021-08-11,20.75271987915039,20.75271987915039,20.586366653442383,20.66954231262207,143067
2021-08-12,20.711132049560547,20.75271987915039,20.66954231262207,20.75271987915039,39827
2021-08-13,20.75271987915039,20.794309616088867,20.544776916503903,20.66954231262207,139478
2021-08-16,20.711132049560547,20.711132049560547,20.503189086914062,20.503189086914062,119028
2021-08-17,20.503189086914062,20.503189086914062,20.503189086914062,20.503189086914062,0
2021-08-18,20.461599349975582,20.66954231262207,20.3784236907959,20.66954231262207,99786
2021-08-19,20.66954231262207,20.66954231262207,20.21206855773925,20.544776916503903,117820
2021-08-20,20.544776916503903,20.627954483032227,20.2536563873291,20.586366653442383,100628
2021-08-23,20.586366653442383,20.627954483032227,20.586366653442383,20.627954483032227,76944
2021-08-24,20.627954483032227,20.711132049560547,20.503189086914062,20.627954483032227,90770
2021-08-25,20.66954231262207,20.711132049560547,20.295244216918945,20.544776916503903,143067
2021-08-26,20.420011520385746,20.544776916503903,20.420011520385746,20.544776916503903,119305
2021-08-27,20.544776916503903,20.586366653442383,20.503189086914062,20.544776916503903,85359
2021-08-30,20.544776916503903,20.544776916503903,20.503189086914062,20.544776916503903,55303
2021-08-31,20.544776916503903,20.586366653442383,20.503189086914062,20.586366653442383,87764
2021-09-01,20.503189086914062,20.544776916503903,20.503189086914062,20.544776916503903,102191
2021-09-02,20.544776916503903,20.627954483032227,20.503189086914062,20.544776916503903,154489
2021-09-03,20.66954231262207,20.66954231262207,20.586366653442383,20.66954231262207,115972
2021-09-06,20.627954483032227,20.627954483032227,20.586366653442383,20.586366653442383,99786
2021-09-07,20.627954483032227,20.627954483032227,20.586366653442383,20.586366653442383,110607
2021-09-08,20.627954483032227,20.66954231262207,20.503189086914062,20.544776916503903,212638
2021-09-09,20.627954483032227,20.627954483032227,20.586366653442383,20.586366653442383,44613
2021-09-10,20.711132049560547,20.75271987915039,20.586366653442383,20.711132049560547,112926
2021-09-13,20.877485275268555,20.877485275268555,20.627954483032227,20.794309616088867,163557
2021-09-14,20.91907501220703,21.293371200561523,20.83589744567871,21.043840408325195,283010
2021-09-15,21.043840408325195,21.21019554138184,20.91907501220703,21.21019554138184,96300
2021-09-16,21.41813850402832,21.41813850402832,21.043840408325195,21.043840408325195,138820
2021-09-17,20.711132049560547,21.12701797485352,20.711132049560547,21.043840408325195,159589
2021-09-22,20.91907501220703,21.00225257873535,20.794309616088867,20.877485275268555,162953
2021-09-23,20.877485275268555,21.792436599731445,20.877485275268555,21.459726333618164,271577
2021-09-24,21.459726333618164,21.58449363708496,21.37655067443848,21.459726333618164,149377
2021-09-27,21.459726333618164,22.2914981842041,21.459726333618164,21.958789825439453,293884
2021-09-28,21.958789825439453,22.374675750732425,21.958789825439453,22.374675750732425,271282
2021-09-29,22.2914981842041,22.33308792114257,21.958789825439453,22.2914981842041,181475
2021-09-30,22.24991035461425,22.87373924255371,22.20832252502441,22.790563583374023,335168
2021-10-01,22.748973846435547,22.998506546020508,22.541030883789062,22.541030883789062,259556
2021-10-04,22.624208450317383,22.624208450317383,22.2914981842041,22.4162654876709,228403
2021-10-05,22.374675750732425,22.4162654876709,22.2914981842041,22.374675750732425,73252
2021-10-06,22.457853317260746,22.457853317260746,22.166732788085938,22.374675750732425,107879
2021-10-07,22.374675750732425,23.41439247131348,22.374675750732425,23.206449508666992,421257
2021-10-08,23.206449508666992,23.206449508666992,22.998506546020508,23.123271942138672,53384
2021-10-12,23.123271942138672,23.123271942138672,22.87373924255371,22.95691680908203,103393
2021-10-13,23.123271942138672,23.206449508666992,22.87373924255371,22.95691680908203,188481
2021-10-14,22.95691680908203,23.04009437561035,22.915327072143555,22.998506546020508,60931
2021-10-15,23.24803733825684,23.24803733825684,22.95691680908203,22.998506546020508,88372
2021-10-18,23.123271942138672,23.206449508666992,23.081682205200195,23.123271942138672,136864
2021-10-19,23.16485977172852,23.206449508666992,23.123271942138672,23.123271942138672,97382
2021-10-20,23.16485977172852,23.16485977172852,22.998506546020508,23.123271942138672,80549
2021-10-21,23.081682205200195,23.123271942138672,22.915327072143555,23.04009437561035,81753
2021-10-22,23.16485977172852,23.206449508666992,22.998506546020508,23.16485977172852,86201
2021-10-25,22.95691680908203,23.16485977172852,22.95691680908203,23.123271942138672,47561
2021-10-26,23.123271942138672,23.41439247131348,23.123271942138672,23.33121490478516,169189
2021-10-27,23.33121490478516,23.372802734375,23.206449508666992,23.28962516784668,62515
2021-10-28,23.16485977172852,23.45598030090332,23.16485977172852,23.206449508666992,87763
2021-10-29,23.206449508666992,23.24803733825684,23.04009437561035,23.206449508666992,59006
2021-11-01,23.206449508666992,23.28962516784668,23.04009437561035,23.28962516784668,69770
2021-11-02,23.206449508666992,23.206449508666992,23.081682205200195,23.206449508666992,95882
2021-11-03,23.206449508666992,23.206449508666992,23.04009437561035,23.04009437561035,81454
2021-11-04,23.04009437561035,23.123271942138672,22.95691680908203,22.998506546020508,78943
2021-11-05,22.998506546020508,22.998506546020508,22.87373924255371,22.915327072143555,117460
2021-11-08,22.70738410949707,22.87373924255371,22.70738410949707,22.87373924255371,60316
2021-11-09,22.998506546020508,22.998506546020508,22.87373924255371,22.87373924255371,69730
2021-11-10,22.87373924255371,23.33121490478516,22.832151412963867,23.24803733825684,206865
2021-11-11,23.206449508666992,23.28962516784668,23.206449508666992,23.28962516784668,128975
2021-11-12,23.16485977172852,23.33121490478516,23.16485977172852,23.28962516784668,101775
2021-11-15,23.24803733825684,23.45598030090332,23.206449508666992,23.33121490478516,367595
2021-11-16,23.45598030090332,23.70551109313965,23.45598030090332,23.663923263549805,416476
2021-11-17,23.663923263549805,24.28775215148925,23.663923263549805,24.20457649230957,378334
2021-11-18,24.20457649230957,24.4541072845459,23.95504379272461,24.32934188842773,315072
2021-11-19,24.32934188842773,24.495695114135746,24.32934188842773,24.37092971801757,144382
2021-11-22,24.37092971801757,24.37092971801757,24.079809188842773,24.32934188842773,190418
2021-11-23,24.079809188842773,24.20457649230957,23.996631622314453,24.03822135925293,208590
2021-11-24,24.079809188842773,24.079809188842773,23.95504379272461,24.03822135925293,96996
2021-11-25,24.162986755371094,24.162986755371094,24.03822135925293,24.03822135925293,69730
2021-11-26,24.03822135925293,24.03822135925293,23.830278396606445,23.95504379272461,126236
2021-11-29,23.78868865966797,23.996631622314453,23.663923263549805,23.747100830078125,114574
2021-11-30,23.830278396606445,24.03822135925293,23.747100830078125,23.747100830078125,99786
2021-12-01,23.747100830078125,23.996631622314453,23.747100830078125,23.996631622314453,50982
2021-12-02,23.87186622619629,23.996631622314453,23.78868865966797,23.87186622619629,72408
2021-12-03,23.78868865966797,23.913454055786133,23.747100830078125,23.913454055786133,82955
2021-12-06,23.913454055786133,23.996631622314453,23.87186622619629,23.996631622314453,43691
2021-12-07,23.913454055786133,23.95504379272461,23.830278396606445,23.87186622619629,103058
2021-12-08,23.95504379272461,23.996631622314453,23.78868865966797,23.87186622619629,82695
2021-12-09,23.87186622619629,23.95504379272461,23.830278396606445,23.913454055786133,44492
2021-12-10,23.913454055786133,23.996631622314453,23.87186622619629,23.913454055786133,72976
2021-12-13,23.95504379272461,23.95504379272461,23.87186622619629,23.95504379272461,64320
2021-12-14,23.70551109313965,23.78868865966797,23.62233543395996,23.663923263549805,138258
2021-12-15,23.747100830078125,23.747100830078125,23.53915786743164,23.53915786743164,84572
2021-12-16,23.95504379272461,23.996631622314453,23.663923263549805,23.830278396606445,92212
2021-12-17,23.95504379272461,23.95504379272461,23.53915786743164,23.62233543395996,117830
2021-12-20,23.62233543395996,23.62233543395996,23.45598030090332,23.53915786743164,67535
2021-12-21,23.45598030090332,23.497568130493164,23.206449508666992,23.45598030090332,156426
2021-12-22,23.33121490478516,23.372802734375,23.28962516784668,23.28962516784668,99498
2021-12-23,23.28962516784668,23.45598030090332,23.28962516784668,23.45598030090332,48090
2021-12-24,23.372802734375,23.53915786743164,23.372802734375,23.497568130493164,32520
2021-12-27,23.45598030090332,23.53915786743164,23.372802734375,23.53915786743164,52985
2021-12-28,23.580745697021484,23.62233543395996,23.53915786743164,23.62233543395996,50494
2021-12-29,23.33121490478516,23.62233543395996,23.33121490478516,23.53915786743164,55672
2021-12-30,23.53915786743164,23.580745697021484,23.33121490478516,23.53915786743164,93833
2022-01-03,23.70551109313965,23.70551109313965,23.33121490478516,23.33121490478516,60112
2022-01-04,23.28962516784668,23.33121490478516,22.832151412963867,23.24803733825684,219245
2022-01-05,22.915327072143555,23.24803733825684,22.87373924255371,23.206449508666992,66123
2022-01-06,23.206449508666992,23.206449508666992,23.04009437561035,23.123271942138672,52899
2022-01-07,23.206449508666992,23.206449508666992,22.95691680908203,23.04009437561035,91707
2022-01-10,23.04009437561035,23.123271942138672,23.04009437561035,23.123271942138672,28238
2022-01-11,22.70738410949707,23.081682205200195,22.70738410949707,22.95691680908203,44810
2022-01-12,22.95691680908203,22.95691680908203,22.748973846435547,22.832151412963867,79097
2022-01-13,22.790563583374023,22.832151412963867,22.665796279907227,22.790563583374023,108202
2022-01-14,22.70738410949707,22.87373924255371,22.457853317260746,22.624208450317383,63719
2022-01-17,22.457853317260746,22.541030883789062,21.958789825439453,22.374675750732425,236843
2022-01-18,22.87373924255371,22.87373924255371,22.20832252502441,22.4162654876709,67719
2022-01-19,22.4162654876709,22.499441146850582,22.20832252502441,22.2914981842041,78146
2022-01-20,22.2914981842041,22.457853317260746,22.20832252502441,22.457853317260746,37042
2022-01-21,22.2914981842041,22.2914981842041,22.166732788085938,22.24991035461425,44483
2022-01-24,22.166732788085938,22.166732788085938,21.75084686279297,22.00037956237793,109620
2022-01-25,21.875612258911133,21.875612258911133,21.3349609375,21.626081466674805,262090
2022-01-26,21.70925712585449,21.83402442932129,21.542903900146484,21.626081466674805,56505
2022-02-07,21.626081466674805,22.041967391967773,21.626081466674805,21.958789825439453,131532
2022-02-08,21.626081466674805,21.91720199584961,21.626081466674805,21.875612258911133,62517
2022-02-09,21.626081466674805,22.790563583374023,21.626081466674805,22.541030883789062,169140
2022-02-10,22.20832252502441,22.582618713378903,22.20832252502441,22.541030883789062,85840
2022-02-11,22.125144958496094,22.832151412963867,22.125144958496094,22.665796279907227,42078
2022-02-14,22.624208450317383,22.624208450317383,22.2914981842041,22.624208450317383,66353
2022-02-15,22.832151412963867,22.832151412963867,22.499441146850582,22.541030883789062,39802
2022-02-16,22.915327072143555,22.915327072143555,22.582618713378903,22.624208450317383,62517
2022-02-17,22.832151412963867,23.04009437561035,22.790563583374023,22.790563583374023,150305
2022-02-18,22.998506546020508,22.998506546020508,22.790563583374023,22.998506546020508,67969
2022-02-21,22.374675750732425,22.915327072143555,22.33308792114257,22.832151412963867,135860
2022-02-22,22.374675750732425,22.70738410949707,22.2914981842041,22.541030883789062,145417
2022-02-23,22.166732788085938,22.624208450317383,22.166732788085938,22.541030883789062,34467
2022-02-24,22.24991035461425,22.541030883789062,22.20832252502441,22.20832252502441,89724
2022-02-25,22.166732788085938,22.665796279907227,22.166732788085938,22.4162654876709,63072
2022-03-01,22.832151412963867,22.832151412963867,22.2914981842041,22.457853317260746,87764
2022-03-02,22.457853317260746,22.457853317260746,22.2914981842041,22.457853317260746,36067
2022-03-03,22.70738410949707,22.70738410949707,22.24991035461425,22.457853317260746,49292
2022-03-04,22.041967391967773,22.457853317260746,21.792436599731445,22.457853317260746,19238
2022-03-07,21.83402442932129,22.083555221557617,21.83402442932129,22.083555221557617,69778
2022-03-08,22.041967391967773,22.24991035461425,21.75084686279297,21.83402442932129,27651
2022-03-09,22.374675750732425,22.457853317260746,21.958789825439453,22.20832252502441,51861
2022-03-10,21.958789825439453,22.665796279907227,21.958789825439453,22.499441146850582,90220
2022-03-11,22.499441146850582,22.541030883789062,22.374675750732425,22.541030883789062,31258
2022-03-14,22.541030883789062,22.541030883789062,22.374675750732425,22.541030883789062,28854
2022-03-15,22.499441146850582,22.499441146850582,21.958789825439453,22.374675750732425,122629
2022-03-16,21.792436599731445,22.4162654876709,21.792436599731445,22.4162654876709,50494
2022-03-17,22.624208450317383,22.624208450317383,22.041967391967773,22.457853317260746,75197
2022-03-18,22.2914981842041,22.2914981842041,21.626081466674805,21.91720199584961,120676
2022-03-21,21.91720199584961,21.958789825439453,21.293371200561523,21.875612258911133,143339
2022-03-22,21.792436599731445,22.20832252502441,21.75084686279297,22.166732788085938,62517
2022-03-23,22.20832252502441,22.457853317260746,22.20832252502441,22.457853317260746,106158
2022-03-24,22.33308792114257,22.457853317260746,22.2914981842041,22.374675750732425,56505
2022-03-25,22.2914981842041,22.4162654876709,22.20832252502441,22.374675750732425,50715
2022-03-28,21.70925712585449,22.374675750732425,21.626081466674805,22.374675750732425,52899
2022-03-29,22.00037956237793,22.541030883789062,22.00037956237793,22.499441146850582,102792
2022-03-30,22.582618713378903,22.624208450317383,22.374675750732425,22.499441146850582,62517
2022-03-31,22.499441146850582,22.499441146850582,22.4162654876709,22.4162654876709,28854
2022-04-01,22.4162654876709,22.4162654876709,22.24991035461425,22.24991035461425,75741
2022-04-06,22.24991035461425,22.87373924255371,22.24991035461425,22.541030883789062,139461
2022-04-07,22.24991035461425,22.624208450317383,22.24991035461425,22.541030883789062,77170
2022-04-08,22.374675750732425,22.95691680908203,22.374675750732425,22.915327072143555,371757
2022-04-11,23.04009437561035,23.123271942138672,22.457853317260746,22.541030883789062,245259
2022-04-12,22.499441146850582,22.748973846435547,22.374675750732425,22.499441146850582,80423
2022-04-13,22.541030883789062,22.70738410949707,22.457853317260746,22.541030883789062,111809
2022-04-14,22.832151412963867,22.832151412963867,22.457853317260746,22.541030883789062,111990
2022-04-15,22.457853317260746,22.457853317260746,22.2914981842041,22.33308792114257,47068
2022-04-18,22.2914981842041,22.457853317260746,22.041967391967773,22.166732788085938,70176
2022-04-19,22.083555221557617,22.2914981842041,22.083555221557617,22.24991035461425,31626
2022-04-20,22.457853317260746,22.499441146850582,22.20832252502441,22.457853317260746,41000
2022-04-21,22.374675750732425,22.457853317260746,22.125144958496094,22.4162654876709,59511
2022-04-22,22.374675750732425,22.374675750732425,22.166732788085938,22.2914981842041,61314
2022-04-25,22.24991035461425,22.24991035461425,21.626081466674805,21.875612258911133,93030
2022-04-26,21.91720199584961,21.958789825439453,21.70925712585449,21.91720199584961,28854
2022-04-27,21.459726333618164,21.542903900146484,21.043840408325195,21.293371200561523,76944
2022-04-28,21.37655067443848,21.542903900146484,21.043840408325195,21.3349609375,121439
2022-04-29,21.043840408325195,21.626081466674805,21.043840408325195,21.41813850402832,28854
2022-05-03,21.459726333618164,21.501314163208008,21.16860580444336,21.41813850402832,33663
2022-05-04,21.41813850402832,21.626081466674805,21.41813850402832,21.626081466674805,46889
2022-05-05,21.66766929626465,22.20832252502441,21.66766929626465,21.792436599731445,70932
2022-05-06,21.58449363708496,21.70925712585449,21.58449363708496,21.626081466674805,32460
2022-05-09,21.3349609375,21.66766929626465,21.25178337097168,21.626081466674805,30058
2022-05-10,21.875612258911133,21.875612258911133,21.501314163208008,21.83402442932129,111809
2022-05-11,21.21019554138184,21.459726333618164,20.75271987915039,21.043840408325195,343633
2022-05-12,20.711132049560547,20.711132049560547,20.08730125427246,20.2536563873291,145472
2022-05-13,20.295244216918945,20.586366653442383,20.295244216918945,20.503189086914062,51453
2022-05-16,20.503189086914062,20.503189086914062,20.295244216918945,20.3784236907959,26457
2022-05-17,20.3784236907959,20.627954483032227,20.3784236907959,20.544776916503903,46905
2022-05-18,20.17048072814941,20.877485275268555,20.17048072814941,20.794309616088867,95279
2022-05-19,20.544776916503903,20.627954483032227,20.295244216918945,20.461599349975582,46117
2022-05-20,20.586366653442383,20.586366653442383,20.461599349975582,20.544776916503903,40876
2022-05-23,20.420011520385746,20.627954483032227,20.420011520385746,20.627954483032227,19827
2022-05-24,20.17048072814941,20.544776916503903,20.17048072814941,20.544776916503903,27164
2022-05-25,20.461599349975582,20.711132049560547,20.461599349975582,20.711132049560547,41102
2022-05-26,20.627954483032227,20.711132049560547,20.627954483032227,20.711132049560547,23455
2022-05-27,20.586366653442383,20.711132049560547,20.586366653442383,20.627954483032227,55667
2022-05-30,20.627954483032227,20.960662841796875,20.544776916503903,20.91907501220703,91371
2022-05-31,20.794309616088867,20.877485275268555,20.794309616088867,20.83589744567871,21295
2022-06-01,20.711132049560547,20.711132049560547,20.544776916503903,20.711132049560547,31710
2022-06-02,20.66954231262207,20.711132049560547,20.627954483032227,20.627954483032227,8415
2022-06-06,20.627954483032227,20.711132049560547,20.586366653442383,20.711132049560547,43112
2022-06-07,20.461599349975582,20.66954231262207,20.461599349975582,20.544776916503903,14535
2022-06-08,20.627954483032227,20.627954483032227,20.544776916503903,20.586366653442383,17336
2022-06-09,20.420011520385746,20.627954483032227,20.420011520385746,20.627954483032227,30056
2022-06-10,20.21206855773925,20.420011520385746,20.21206855773925,20.420011520385746,37269
2022-06-13,20.128890991210938,20.128890991210938,19.79618263244629,19.837770462036133,94147
2022-06-14,19.62982749938965,19.837770462036133,19.546649932861328,19.837770462036133,88966
2022-06-15,19.75459289550781,19.75459289550781,19.588239669799805,19.588239669799805,102598
2022-06-16,19.62982749938965,19.837770462036133,19.38029670715332,19.463472366333008,99786
2022-06-17,19.297119140625,19.38029670715332,19.21394157409668,19.338706970214844,33663
2022-06-20,19.338706970214844,19.338706970214844,18.96441078186035,19.005998611450195,121465
2022-06-21,19.13076400756836,19.21394157409668,19.005998611450195,19.21394157409668,159899
2022-06-22,19.04758644104004,19.04758644104004,18.96441078186035,19.005998611450195,82955
2022-06-23,19.04758644104004,19.13076400756836,18.54852294921875,19.04758644104004,111891
2022-06-24,18.71487808227539,19.04758644104004,18.71487808227539,19.005998611450195,67326
2022-06-27,19.04758644104004,19.837770462036133,19.04758644104004,19.62982749938965,104595
2022-06-28,19.421884536743164,19.505062103271484,19.297119140625,19.421884536743164,30947
2022-06-29,19.17235374450684,19.879358291625977,19.17235374450684,19.546649932861328,55303
2022-06-30,19.21394157409668,19.297119140625,18.79805564880371,19.13076400756836,38472
2022-07-01,19.505062103271484,19.505062103271484,18.922821044921875,19.297119140625,101141
2022-07-04,19.62982749938965,19.71300506591797,19.505062103271484,19.546649932861328,22842
2022-07-05,19.920948028564453,20.336833953857425,19.71300506591797,20.004125595092773,45685
2022-07-06,20.17048072814941,20.17048072814941,19.463472366333008,19.879358291625977,32463
2022-07-07,20.2536563873291,20.2536563873291,19.79618263244629,19.837770462036133,31258
2022-07-08,19.79618263244629,20.045713424682617,19.79618263244629,19.879358291625977,32460
2022-07-11,19.962535858154297,19.962535858154297,19.505062103271484,19.75459289550781,31258
2022-07-12,19.75459289550781,19.75459289550781,19.297119140625,19.463472366333008,40876
2022-07-13,19.962535858154297,20.128890991210938,19.71300506591797,19.962535858154297,48090
2022-07-14,19.67141532897949,20.004125595092773,19.67141532897949,19.920948028564453,13224
2022-07-15,19.62982749938965,19.879358291625977,19.255529403686523,19.62982749938965,33663
2022-07-18,19.338706970214844,19.962535858154297,19.338706970214844,19.505062103271484,23348
2022-07-19,19.62982749938965,19.71300506591797,19.62982749938965,19.71300506591797,13286
2022-07-20,19.463472366333008,19.79618263244629,19.17235374450684,19.338706970214844,97382
2022-07-21,19.546649932861328,19.546649932861328,19.297119140625,19.38029670715332,33134
2022-07-22,20.045713424682617,20.045713424682617,19.255529403686523,19.255529403686523,34938
2022-07-25,19.463472366333008,19.463472366333008,19.21394157409668,19.297119140625,34865
2022-07-26,19.338706970214844,19.79618263244629,19.297119140625,19.79618263244629,43220
2022-07-27,19.79618263244629,19.879358291625977,19.71300506591797,19.837770462036133,26746
2022-07-28,19.79618263244629,19.79618263244629,19.463472366333008,19.463472366333008,27651
2022-07-29,19.62982749938965,19.62982749938965,19.463472366333008,19.546649932861328,18110
2022-08-01,19.62982749938965,19.71300506591797,19.62982749938965,19.71300506591797,16831
2022-08-02,19.62982749938965,19.67141532897949,19.463472366333008,19.67141532897949,16831
2022-08-03,19.297119140625,19.588239669799805,19.255529403686523,19.588239669799805,54101
2022-08-04,19.546649932861328,19.588239669799805,19.38029670715332,19.588239669799805,21640
2022-08-05,19.62982749938965,19.79618263244629,19.588239669799805,19.62982749938965,25247
2022-08-08,19.546649932861328,19.62982749938965,19.421884536743164,19.62982749938965,17320
2022-08-09,19.71300506591797,20.794309616088867,19.71300506591797,20.503189086914062,149091
2022-08-10,20.128890991210938,20.503189086914062,20.004125595092773,20.21206855773925,72751
2022-08-11,20.21206855773925,20.586366653442383,20.21206855773925,20.3784236907959,24646
2022-08-12,20.420011520385746,20.420011520385746,20.21206855773925,20.3784236907959,28854
2022-08-15,20.128890991210938,20.3784236907959,19.962535858154297,20.08730125427246,79122
2022-08-16,20.17048072814941,20.461599349975582,20.128890991210938,20.295244216918945,40327
2022-08-17,20.295244216918945,20.461599349975582,20.004125595092773,20.295244216918945,36067
2022-08-18,20.295244216918945,20.336833953857425,20.128890991210938,20.128890991210938,23333
2022-08-19,20.045713424682617,20.295244216918945,20.045713424682617,20.2536563873291,18770
2022-08-22,20.295244216918945,20.336833953857425,20.128890991210938,20.21206855773925,21640
2022-08-23,20.128890991210938,20.128890991210938,19.837770462036133,19.920948028564453,34865
2022-08-24,20.045713424682617,20.045713424682617,19.920948028564453,20.045713424682617,33105
2022-08-25,20.08730125427246,20.128890991210938,19.962535858154297,20.045713424682617,31586
2022-08-26,20.128890991210938,20.128890991210938,19.962535858154297,19.962535858154297,36404
2022-08-29,19.962535858154297,19.962535858154297,19.71300506591797,19.837770462036133,37269
2022-08-30,19.338706970214844,19.920948028564453,19.338706970214844,19.879358291625977,31370
2022-08-31,19.79618263244629,19.962535858154297,19.71300506591797,19.920948028564453,17248
2022-09-01,19.79618263244629,19.79618263244629,19.38029670715332,19.62982749938965,90168
2022-09-02,19.71300506591797,19.79618263244629,19.62982749938965,19.79618263244629,18244
2022-09-05,19.71300506591797,19.962535858154297,19.71300506591797,19.962535858154297,21847
2022-09-06,20.045713424682617,20.045713424682617,19.79618263244629,19.962535858154297,13344
2022-09-07,19.79618263244629,19.837770462036133,19.71300506591797,19.837770462036133,21640
2022-09-08,19.837770462036133,19.920948028564453,19.837770462036133,19.920948028564453,27060
2022-09-12,19.920948028564453,20.045713424682617,19.920948028564453,19.962535858154297,23068
2022-09-13,19.962535858154297,19.962535858154297,19.879358291625977,19.920948028564453,78146
2022-09-14,19.879358291625977,19.962535858154297,19.79618263244629,19.79618263244629,37404
2022-09-15,19.79618263244629,19.920948028564453,19.75459289550781,19.79618263244629,32984
2022-09-16,19.62982749938965,19.879358291625977,19.62982749938965,19.879358291625977,55303
2022-09-19,19.962535858154297,19.962535858154297,19.67141532897949,19.837770462036133,30554
2022-09-20,19.962535858154297,19.962535858154297,19.79618263244629,19.962535858154297,24045
2022-09-21,20.295244216918945,20.295244216918945,20.128890991210938,20.128890991210938,52990
2022-09-22,20.128890991210938,20.128890991210938,19.879358291625977,19.920948028564453,74539
2022-09-23,19.962535858154297,20.004125595092773,19.79618263244629,19.962535858154297,97310
2022-09-26,19.962535858154297,19.962535858154297,19.71300506591797,19.79618263244629,143067
2022-09-27,19.879358291625977,20.711132049560547,19.879358291625977,20.544776916503903,168964
2022-09-28,20.503189086914062,21.043840408325195,19.962535858154297,20.420011520385746,260888
2022-09-29,20.21206855773925,20.711132049560547,20.21206855773925,20.711132049560547,69742
2022-09-30,20.586366653442383,20.877485275268555,20.544776916503903,20.794309616088867,179616
2022-10-03,20.711132049560547,20.877485275268555,20.336833953857425,20.336833953857425,114859
2022-10-04,20.2536563873291,20.960662841796875,20.21206855773925,20.586366653442383,63719
2022-10-05,20.3784236907959,20.91907501220703,20.3784236907959,20.627954483032227,97382
2022-10-06,20.75271987915039,20.75271987915039,20.461599349975582,20.711132049560547,57708
2022-10-07,20.627954483032227,20.75271987915039,20.586366653442383,20.75271987915039,114213
2022-10-11,20.627954483032227,20.627954483032227,20.295244216918945,20.295244216918945,30056
2022-10-12,20.295244216918945,20.627954483032227,20.295244216918945,20.461599349975582,18033
2022-10-13,20.627954483032227,20.627954483032227,19.920948028564453,20.17048072814941,46887
2022-10-14,20.627954483032227,20.627954483032227,20.3784236907959,20.461599349975582,33663
2022-10-17,20.503189086914062,20.503189086914062,20.045713424682617,20.21206855773925,18033
2022-10-18,20.128890991210938,20.2536563873291,20.08730125427246,20.21206855773925,69256
2022-10-19,20.17048072814941,20.295244216918945,20.08730125427246,20.17048072814941,79355
2022-10-20,19.962535858154297,20.128890991210938,19.67141532897949,19.962535858154297,72959
2022-10-21,19.879358291625977,19.879358291625977,19.79618263244629,19.879358291625977,15629
2022-10-24,19.962535858154297,20.128890991210938,19.837770462036133,19.837770462036133,57708
2022-10-25,20.336833953857425,20.336833953857425,19.79618263244629,19.962535858154297,51699
2022-10-26,19.879358291625977,19.962535858154297,19.71300506591797,19.962535858154297,37498
2022-10-27,19.71300506591797,19.920948028564453,19.71300506591797,19.879358291625977,44535
2022-10-28,20.08730125427246,20.08730125427246,19.75459289550781,19.837770462036133,18033
2022-10-31,19.837770462036133,19.962535858154297,19.75459289550781,19.79618263244629,32316
2022-11-01,19.79618263244629,19.962535858154297,19.546649932861328,19.920948028564453,39674
2022-11-02,19.879358291625977,20.045713424682617,19.62982749938965,19.71300506591797,48635
2022-11-03,19.75459289550781,19.75459289550781,19.62982749938965,19.71300506591797,14427
2022-11-04,19.546649932861328,19.67141532897949,19.463472366333008,19.67141532897949,46887
2022-11-07,19.62982749938965,19.75459289550781,19.62982749938965,19.71300506591797,30056
2022-11-08,19.79618263244629,19.920948028564453,19.62982749938965,19.75459289550781,34865
2022-11-09,19.879358291625977,19.879358291625977,19.546649932861328,19.546649932861328,55063
2022-11-10,19.588239669799805,19.62982749938965,19.588239669799805,19.62982749938965,7213
2022-11-11,19.71300506591797,19.75459289550781,19.421884536743164,19.75459289550781,66123
2022-11-14,19.920948028564453,19.920948028564453,19.79618263244629,19.879358291625977,18033
2022-11-15,19.62982749938965,19.920948028564453,19.62982749938965,19.920948028564453,72289
2022-11-16,19.920948028564453,19.962535858154297,19.71300506591797,19.71300506591797,51582
2022-11-17,19.67141532897949,19.75459289550781,19.62982749938965,19.75459289550781,21640
2022-11-18,19.62982749938965,19.71300506591797,19.463472366333008,19.67141532897949,55806
2022-11-21,19.62982749938965,19.71300506591797,19.62982749938965,19.67141532897949,18289
2022-11-22,19.71300506591797,19.71300506591797,19.546649932861328,19.588239669799805,75741
2022-11-23,19.62982749938965,19.62982749938965,19.588239669799805,19.62982749938965,46063
2022-11-24,19.75459289550781,20.21206855773925,19.588239669799805,20.128890991210938,94977
2022-11-25,20.17048072814941,20.17048072814941,19.879358291625977,20.128890991210938,34865
2022-11-28,19.962535858154297,19.962535858154297,19.71300506591797,19.837770462036133,48090
2022-11-29,19.879358291625977,19.879358291625977,19.75459289550781,19.837770462036133,32460
2022-11-30,19.837770462036133,19.837770462036133,19.67141532897949,19.837770462036133,107240
2022-12-01,19.75459289550781,19.837770462036133,19.75459289550781,19.837770462036133,28369
2022-12-02,19.837770462036133,19.837770462036133,19.79618263244629,19.837770462036133,20890
2022-12-05,19.79618263244629,19.79618263244629,19.67141532897949,19.67141532897949,107000
2022-12-06,19.67141532897949,19.71300506591797,19.62982749938965,19.71300506591797,38472
2022-12-07,19.79618263244629,19.79618263244629,19.588239669799805,19.71300506591797,26467
2022-12-08,19.588239669799805,19.62982749938965,19.588239669799805,19.62982749938965,44483
2022-12-09,19.62982749938965,19.62982749938965,19.546649932861328,19.546649932861328,42672
2022-12-12,19.546649932861328,19.62982749938965,19.546649932861328,19.546649932861328,28854
2022-12-13,19.79618263244629,19.79618263244629,19.546649932861328,19.62982749938965,21652
2022-12-14,19.62982749938965,19.75459289550781,19.588239669799805,19.62982749938965,51696
2022-12-15,19.71300506591797,19.71300506591797,19.62982749938965,19.67141532897949,56505
2022-12-16,19.62982749938965,19.67141532897949,19.62982749938965,19.67141532897949,21640
2022-12-19,19.67141532897949,20.461599349975582,19.67141532897949,20.420011520385746,350389
2022-12-20,20.711132049560547,21.043840408325195,20.21206855773925,20.420011520385746,201980
2022-12-21,20.877485275268555,20.877485275268555,20.544776916503903,20.66954231262207,27651
2022-12-22,20.627954483032227,20.66954231262207,20.544776916503903,20.66954231262207,20738
2022-12-23,20.627954483032227,20.66954231262207,20.544776916503903,20.627954483032227,24808
2022-12-26,20.627954483032227,20.794309616088867,20.627954483032227,20.711132049560547,74929
2022-12-27,20.794309616088867,20.794309616088867,20.627954483032227,20.66954231262207,58311
2022-12-28,20.627954483032227,20.794309616088867,20.586366653442383,20.794309616088867,113890
2022-12-29,20.627954483032227,20.66954231262207,20.461599349975582,20.66954231262207,22361
2022-12-30,20.544776916503903,20.627954483032227,20.461599349975582,20.586366653442383,48090
2023-01-03,20.627954483032227,20.627954483032227,20.420011520385746,20.420011520385746,74675
2023-01-04,20.586366653442383,20.586366653442383,20.420011520385746,20.461599349975582,18033
2023-01-05,20.503189086914062,20.544776916503903,20.420011520385746,20.503189086914062,33663
2023-01-06,20.544776916503903,20.544776916503903,20.503189086914062,20.544776916503903,52899
2023-01-09,20.66954231262207,20.66954231262207,20.503189086914062,20.503189086914062,56505
2023-01-10,20.503189086914062,20.544776916503903,20.420011520385746,20.503189086914062,29758
2023-01-11,20.544776916503903,20.544776916503903,20.3784236907959,20.420011520385746,54143
2023-01-12,20.420011520385746,20.420011520385746,19.962535858154297,20.21206855773925,93775
2023-01-13,20.21206855773925,20.3784236907959,20.21206855773925,20.336833953857425,25247
2023-01-16,20.295244216918945,20.503189086914062,20.295244216918945,20.3784236907959,39073
2023-01-17,20.2536563873291,20.2536563873291,19.962535858154297,20.128890991210938,108227
2023-01-30,20.2536563873291,20.3784236907959,20.128890991210938,20.128890991210938,37269
2023-01-31,20.128890991210938,20.336833953857425,20.128890991210938,20.336833953857425,57488
2023-02-01,20.17048072814941,20.336833953857425,20.128890991210938,20.336833953857425,43281
2023-02-02,20.3784236907959,20.3784236907959,20.17048072814941,20.2536563873291,96205
2023-02-03,20.17048072814941,20.3784236907959,20.17048072814941,20.3784236907959,28854
2023-02-06,20.3784236907959,20.3784236907959,20.295244216918945,20.3784236907959,26449
2023-02-07,20.295244216918945,20.336833953857425,20.2536563873291,20.295244216918945,27651
2023-02-08,20.17048072814941,20.2536563873291,20.17048072814941,20.21206855773925,64921
2023-02-09,20.17048072814941,20.420011520385746,20.17048072814941,20.295244216918945,113071
2023-02-10,20.17048072814941,20.2536563873291,20.08730125427246,20.21206855773925,98584
2023-02-13,20.045713424682617,20.045713424682617,19.879358291625977,20.004125595092773,103408
2023-02-14,19.962535858154297,20.2536563873291,19.920948028564453,20.2536563873291,98584
2023-02-15,20.2536563873291,20.2536563873291,19.962535858154297,20.21206855773925,74765
2023-02-16,20.17048072814941,20.2536563873291,20.128890991210938,20.2536563873291,44483
2023-02-17,20.128890991210938,20.21206855773925,20.004125595092773,20.21206855773925,213750
2023-02-20,20.21206855773925,20.21206855773925,20.004125595092773,20.17048072814941,143067
2023-02-21,20.128890991210938,20.128890991210938,20.004125595092773,20.08730125427246,110608
2023-02-22,20.045713424682617,20.128890991210938,19.962535858154297,20.128890991210938,38472
2023-02-23,20.21206855773925,20.2536563873291,20.21206855773925,20.2536563873291,63719
2023-02-24,20.336833953857425,20.336833953857425,20.128890991210938,20.295244216918945,43281
2023-03-01,20.21206855773925,20.21206855773925,19.962535858154297,20.004125595092773,214052
2023-03-02,19.962535858154297,20.045713424682617,19.962535858154297,20.045713424682617,49328
2023-03-03,20.004125595092773,20.17048072814941,20.004125595092773,20.128890991210938,19236
2023-03-06,20.21206855773925,20.2536563873291,20.128890991210938,20.2536563873291,29080
2023-03-07,20.2536563873291,20.3784236907959,20.2536563873291,20.295244216918945,50013
2023-03-08,20.295244216918945,20.794309616088867,20.21206855773925,20.794309616088867,177934
2023-03-09,20.794309616088867,20.794309616088867,20.420011520385746,20.503189086914062,127438
2023-03-10,20.420011520385746,20.420011520385746,20.2536563873291,20.336833953857425,63719
2023-03-13,20.295244216918945,20.3784236907959,20.21206855773925,20.3784236907959,26449
2023-03-14,20.295244216918945,20.3784236907959,20.2536563873291,20.336833953857425,20697
2023-03-15,20.3784236907959,20.75271987915039,20.3784236907959,20.627954483032227,198371
2023-03-16,20.877485275268555,21.37655067443848,20.711132049560547,20.75271987915039,475127
2023-03-17,20.75271987915039,21.043840408325195,20.75271987915039,20.83589744567871,37363
2023-03-20,21.08542823791504,21.08542823791504,20.83589744567871,20.91907501220703,119624
2023-03-21,21.043840408325195,21.08542823791504,21.00225257873535,21.043840408325195,115416
2023-03-22,21.08542823791504,21.08542823791504,21.00225257873535,21.043840408325195,116862
2023-03-23,21.08542823791504,22.374675750732425,21.08542823791504,21.958789825439453,362070
2023-03-24,22.041967391967773,22.624208450317383,22.00037956237793,22.4162654876709,352903
2023-03-27,22.457853317260746,22.457853317260746,22.20832252502441,22.20832252502441,99786
2023-03-28,22.33308792114257,22.33308792114257,21.75084686279297,22.166732788085938,165910
2023-03-29,22.166732788085938,22.166732788085938,22.041967391967773,22.166732788085938,91371
2023-03-30,22.24991035461425,22.33308792114257,22.24991035461425,22.33308792114257,138721
2023-03-31,22.24991035461425,22.374675750732425,22.24991035461425,22.33308792114257,105810
2023-04-06,22.33308792114257,22.748973846435547,22.2914981842041,22.748973846435547,271086
2023-04-07,22.748973846435547,22.790563583374023,22.665796279907227,22.70738410949707,154248
2023-04-10,22.499441146850582,22.70738410949707,22.33308792114257,22.33308792114257,148090
2023-04-11,22.374675750732425,22.4162654876709,22.24991035461425,22.4162654876709,133449
2023-04-12,22.499441146850582,22.665796279907227,22.457853317260746,22.582618713378903,217927
2023-04-13,22.582618713378903,22.624208450317383,22.499441146850582,22.582618713378903,91371
2023-04-14,22.582618713378903,22.582618713378903,22.33308792114257,22.457853317260746,75881
2023-04-17,22.457853317260746,22.457853317260746,22.24991035461425,22.2914981842041,169517
2023-04-18,22.2914981842041,22.374675750732425,22.20832252502441,22.24991035461425,92573
2023-04-19,22.20832252502441,22.33308792114257,22.20832252502441,22.33308792114257,35323
2023-04-20,22.24991035461425,22.24991035461425,22.041967391967773,22.125144958496094,122201
2023-04-21,22.125144958496094,22.125144958496094,21.70925712585449,21.70925712585449,91383
2023-04-24,21.70925712585449,22.24991035461425,21.70925712585449,22.24991035461425,56505
2023-04-25,22.20832252502441,22.457853317260746,22.041967391967773,22.041967391967773,94076
2023-04-26,22.2914981842041,22.374675750732425,22.125144958496094,22.2914981842041,50494
2023-04-27,22.24991035461425,22.374675750732425,21.91720199584961,22.125144958496094,85359
2023-04-28,22.125144958496094,22.374675750732425,22.125144958496094,22.33308792114257,71258
2023-05-02,22.33308792114257,22.4162654876709,22.041967391967773,22.4162654876709,97382
2023-05-03,22.20832252502441,22.541030883789062,22.125144958496094,22.499441146850582,111821
2023-05-04,22.166732788085938,22.582618713378903,22.166732788085938,22.499441146850582,96228
2023-05-05,22.582618713378903,22.582618713378903,22.33308792114257,22.374675750732425,88971
2023-05-08,22.499441146850582,22.541030883789062,22.2914981842041,22.499441146850582,102665
2023-05-09,22.499441146850582,22.499441146850582,22.2914981842041,22.374675750732425,70932
2023-05-10,22.374675750732425,22.4162654876709,22.33308792114257,22.4162654876709,26930
2023-05-11,22.457853317260746,22.457853317260746,22.125144958496094,22.20832252502441,51701
2023-05-12,22.24991035461425,22.24991035461425,22.20832252502441,22.24991035461425,58448
2023-05-15,21.958789825439453,22.24991035461425,21.958789825439453,22.24991035461425,15773
2023-05-16,22.20832252502441,22.499441146850582,22.20832252502441,22.374675750732425,153888
2023-05-17,22.374675750732425,22.665796279907227,22.2914981842041,22.4162654876709,126236
2023-05-18,22.665796279907227,22.665796279907227,22.4162654876709,22.457853317260746,90168
2023-05-19,22.457853317260746,22.499441146850582,22.4162654876709,22.457853317260746,125156
2023-05-22,22.457853317260746,22.582618713378903,22.457853317260746,22.499441146850582,73340
2023-05-23,22.541030883789062,22.582618713378903,22.457853317260746,22.499441146850582,85359
2023-05-24,22.499441146850582,22.87373924255371,22.4162654876709,22.70738410949707,123165
2023-05-25,22.70738410949707,22.70738410949707,22.2914981842041,22.541030883789062,70182
2023-05-26,22.457853317260746,22.541030883789062,22.33308792114257,22.541030883789062,65025
2023-05-29,22.541030883789062,22.541030883789062,22.4162654876709,22.4162654876709,33735
2023-05-30,22.4162654876709,22.457853317260746,22.4162654876709,22.457853317260746,44532
2023-05-31,22.457853317260746,22.541030883789062,22.4162654876709,22.499441146850582,48882
2023-06-01,22.457853317260746,22.582618713378903,22.457853317260746,22.541030883789062,61475
2023-06-02,22.457853317260746,22.541030883789062,22.457853317260746,22.457853317260746,72303
2023-06-05,22.457853317260746,22.624208450317383,22.457853317260746,22.541030883789062,76991
2023-06-06,22.582618713378903,22.70738410949707,22.582618713378903,22.665796279907227,154906
2023-06-07,22.70738410949707,22.748973846435547,22.665796279907227,22.70738410949707,127747
2023-06-08,22.790563583374023,22.790563583374023,22.541030883789062,22.582618713378903,181540
2023-06-09,22.790563583374023,22.790563583374023,22.582618713378903,22.665796279907227,107018
2023-06-12,22.624208450317383,22.665796279907227,22.457853317260746,22.665796279907227,102191
2023-06-13,22.665796279907227,22.665796279907227,22.457853317260746,22.582618713378903,126308
2023-06-14,22.624208450317383,22.624208450317383,22.457853317260746,22.499441146850582,173196
2023-06-15,22.499441146850582,22.541030883789062,22.4162654876709,22.541030883789062,102191
2023-06-16,22.499441146850582,22.499441146850582,22.33308792114257,22.4162654876709,156292
2023-06-19,22.374675750732425,22.457853317260746,22.2914981842041,22.457853317260746,54221
2023-06-20,22.541030883789062,22.541030883789062,22.4162654876709,22.499441146850582,24045
2023-06-21,22.457853317260746,22.748973846435547,22.374675750732425,22.748973846435547,100989
2023-06-26,22.665796279907227,22.665796279907227,22.125144958496094,22.4162654876709,354664
2023-06-27,22.33308792114257,22.33308792114257,22.24991035461425,22.24991035461425,55447
2023-06-28,22.2914981842041,22.2914981842041,22.125144958496094,22.166732788085938,115416
2023-06-29,22.166732788085938,22.33308792114257,22.125144958496094,22.166732788085938,50494
2023-06-30,22.166732788085938,22.20832252502441,22.083555221557617,22.20832252502441,40876
2023-07-03,22.125144958496094,22.24991035461425,22.125144958496094,22.20832252502441,165917
2023-07-04,22.4162654876709,22.4162654876709,22.166732788085938,22.2914981842041,70932
2023-07-05,22.20832252502441,22.2914981842041,22.125144958496094,22.20832252502441,63945
2023-07-06,22.20832252502441,22.2914981842041,22.083555221557617,22.125144958496094,78574
2023-07-07,22.125144958496094,22.125144958496094,21.958789825439453,22.083555221557617,23399
2023-07-10,22.374675750732425,22.374675750732425,21.958789825439453,22.083555221557617,73346
2023-07-11,22.33308792114257,22.33308792114257,22.083555221557617,22.125144958496094,45877
2023-07-12,21.958789825439453,22.125144958496094,21.958789825439453,22.083555221557617,38472
2023-07-13,22.20832252502441,22.20832252502441,22.083555221557617,22.125144958496094,42176
2023-07-14,22.20832252502441,22.20832252502441,22.125144958496094,22.166732788085938,35948
2023-07-17,22.166732788085938,22.166732788085938,21.958789825439453,22.00037956237793,86802
2023-07-18,21.875612258911133,22.00037956237793,21.875612258911133,21.875612258911133,86706
2023-07-19,21.875612258911133,22.083555221557617,21.875612258911133,21.91720199584961,36259
2023-07-20,21.958789825439453,21.958789825439453,21.83402442932129,21.875612258911133,47176
2023-07-21,22.166732788085938,22.166732788085938,21.83402442932129,21.875612258911133,61002
2023-07-24,21.83402442932129,21.83402442932129,21.501314163208008,21.626081466674805,288540
2023-07-25,21.66766929626465,21.792436599731445,21.626081466674805,21.70925712585449,77449
2023-07-26,21.626081466674805,21.66766929626465,21.501314163208008,21.58449363708496,182851
2023-07-27,21.626081466674805,21.70925712585449,21.58449363708496,21.626081466674805,105148
2023-07-28,21.626081466674805,21.66766929626465,21.542903900146484,21.66766929626465,138648
2023-07-31,21.70925712585449,21.70925712585449,21.501314163208008,21.626081466674805,158841
2023-08-01,21.70925712585449,21.70925712585449,21.58449363708496,21.626081466674805,83215
2023-08-02,21.626081466674805,21.626081466674805,21.501314163208008,21.501314163208008,152866
2023-08-04,21.501314163208008,21.626081466674805,21.459726333618164,21.501314163208008,109404
2023-08-07,21.41813850402832,21.542903900146484,21.41813850402832,21.542903900146484,90426
2023-08-08,21.459726333618164,21.626081466674805,21.41813850402832,21.542903900146484,115416
2023-08-09,21.626081466674805,21.66766929626465,21.459726333618164,21.542903900146484,185327
2023-08-10,21.66766929626465,22.24991035461425,21.501314163208008,21.792436599731445,425777
2023-08-11,22.041967391967773,22.041967391967773,21.66766929626465,21.66766929626465,144606
2023-08-14,22.041967391967773,22.041967391967773,21.626081466674805,21.75084686279297,119383
2023-08-15,21.70925712585449,21.875612258911133,21.58449363708496,21.626081466674805,122778
2023-08-16,21.58449363708496,21.70925712585449,21.459726333618164,21.66766929626465,121607
2023-08-17,21.626081466674805,21.75084686279297,21.459726333618164,21.58449363708496,77250
2023-08-18,21.626081466674805,21.792436599731445,21.626081466674805,21.70925712585449,108611
2023-08-21,21.83402442932129,21.91720199584961,21.75084686279297,21.83402442932129,93366
2023-08-22,21.83402442932129,21.83402442932129,21.626081466674805,21.792436599731445,156473
2023-08-23,21.875612258911133,21.875612258911133,21.70925712585449,21.792436599731445,83255
2023-08-24,21.875612258911133,22.083555221557617,21.875612258911133,22.041967391967773,234888
2023-08-25,20.71944808959961,20.8076171875,20.322694778442383,20.63128089904785,216745
2023-08-28,20.675365447998047,20.93986892700196,20.63128089904785,20.8076171875,77352
2023-08-29,21.072120666503903,21.60112762451172,20.93986892700196,21.33662414550781,99810
2023-08-30,21.42479133605957,21.68929672241211,21.380708694458008,21.46887588500977,66984
2023-08-31,21.51296043395996,21.68929672241211,21.51296043395996,21.60112762451172,23828
2023-09-01,21.60112762451172,21.777463912963867,21.60112762451172,21.64521217346192,38810
2023-09-04,21.60112762451172,22.041967391967773,21.60112762451172,21.953800201416016,150962
2023-09-05,21.90971565246582,21.99788284301757,21.733379364013672,21.953800201416016,64800
2023-09-06,21.90971565246582,21.90971565246582,21.733379364013672,21.777463912963867,62381
2023-09-07,21.99788284301757,21.99788284301757,21.733379364013672,21.777463912963867,56720
2023-09-08,21.64521217346192,22.041967391967773,21.64521217346192,21.953800201416016,26222
2023-09-11,22.482807159423828,22.61505889892578,22.30647087097168,22.526891708374023,322180
2023-09-12,22.61505889892578,22.61505889892578,22.30647087097168,22.482807159423828,76418
2023-09-13,22.570974349975582,22.570974349975582,22.350555419921875,22.350555419921875,79394
2023-09-14,22.350555419921875,22.39463806152344,22.21830368041992,22.39463806152344,54555
2023-09-15,22.39463806152344,22.39463806152344,22.21830368041992,22.39463806152344,42169
2023-09-18,22.39463806152344,22.39463806152344,22.174219131469727,22.262386322021484,191770
2023-09-19,22.08605194091797,22.350555419921875,22.08605194091797,22.262386322021484,74671
2023-09-20,22.262386322021484,22.39463806152344,22.262386322021484,22.30647087097168,119091
2023-09-21,22.21830368041992,22.21830368041992,22.13013458251953,22.174219131469727,41012
2023-09-22,22.174219131469727,22.174219131469727,21.865631103515625,22.13013458251953,93004
2023-09-25,22.041967391967773,22.08605194091797,21.90971565246582,22.041967391967773,37726
2023-09-26,22.041967391967773,22.041967391967773,21.90971565246582,22.041967391967773,52263
2023-09-27,22.041967391967773,22.08605194091797,21.99788284301757,22.041967391967773,35250
2023-09-28,22.08605194091797,22.08605194091797,21.953800201416016,21.99788284301757,32997
2023-10-02,22.041967391967773,22.08605194091797,22.041967391967773,22.041967391967773,30623
2023-10-03,21.99788284301757,22.13013458251953,21.99788284301757,22.08605194091797,53307
2023-10-04,22.13013458251953,22.174219131469727,21.99788284301757,22.041967391967773,69276
2023-10-05,22.041967391967773,22.13013458251953,22.041967391967773,22.041967391967773,121534
2023-10-06,22.041967391967773,22.13013458251953,21.99788284301757,22.041967391967773,60571
2023-10-11,22.041967391967773,22.08605194091797,21.953800201416016,22.041967391967773,105100
2023-10-12,22.08605194091797,22.08605194091797,21.90971565246582,22.08605194091797,56258
2023-10-13,21.777463912963867,22.041967391967773,21.777463912963867,22.041967391967773,40150
2023-10-16,21.99788284301757,21.99788284301757,21.865631103515625,21.953800201416016,26307
2023-10-17,21.953800201416016,22.041967391967773,21.865631103515625,22.041967391967773,46032
2023-10-18,21.953800201416016,21.99788284301757,21.865631103515625,21.953800201416016,121132
2023-10-19,21.821548461914062,21.865631103515625,21.68929672241211,21.821548461914062,77198
2023-10-20,21.68929672241211,21.865631103515625,21.160289764404297,21.777463912963867,48997
2023-10-23,21.777463912963867,21.777463912963867,21.60112762451172,21.64521217346192,24952
2023-10-24,21.46887588500977,21.733379364013672,21.33662414550781,21.68929672241211,74074
2023-10-25,21.68929672241211,21.821548461914062,21.68929672241211,21.821548461914062,19450
2023-10-26,21.68929672241211,21.821548461914062,21.60112762451172,21.821548461914062,35216
2023-10-27,21.865631103515625,21.865631103515625,21.821548461914062,21.865631103515625,15034
2023-10-30,21.865631103515625,21.865631103515625,21.68929672241211,21.865631103515625,37323
2023-10-31,21.777463912963867,21.865631103515625,21.733379364013672,21.777463912963867,14812
2023-11-01,21.68929672241211,21.733379364013672,21.557043075561523,21.68929672241211,89624
2023-11-02,21.865631103515625,21.953800201416016,21.821548461914062,21.865631103515625,45559
2023-11-03,21.953800201416016,21.953800201416016,21.865631103515625,21.90971565246582,14744
2023-11-06,21.99788284301757,21.99788284301757,21.953800201416016,21.953800201416016,63515
2023-11-07,21.953800201416016,21.99788284301757,21.865631103515625,21.90971565246582,43190
2023-11-08,21.99788284301757,22.30647087097168,21.99788284301757,22.21830368041992,282839
2023-11-09,22.30647087097168,22.61505889892578,22.21830368041992,22.30647087097168,259788
2023-11-10,22.526891708374023,22.61505889892578,22.262386322021484,22.350555419921875,360347
2023-11-13,22.43872261047364,22.526891708374023,22.350555419921875,22.43872261047364,189590
2023-11-14,22.482807159423828,22.482807159423828,22.350555419921875,22.43872261047364,194095
2023-11-15,22.659143447875977,22.659143447875977,22.482807159423828,22.570974349975582,196983
2023-11-16,22.70322608947754,23.0999813079834,22.570974349975582,22.923646926879883,358087
2023-11-17,23.01181411743164,23.18815040588379,22.967729568481445,23.0999813079834,318065
2023-11-20,23.18815040588379,23.23223304748535,23.01181411743164,23.1440658569336,242946
2023-11-21,23.276317596435547,23.320402145385746,23.18815040588379,23.23223304748535,299703
2023-11-22,23.276317596435547,23.45265388488769,23.23223304748535,23.320402145385746,247700
2023-11-23,23.320402145385746,23.4085693359375,23.18815040588379,23.320402145385746,213660
2023-11-24,23.364484786987305,23.4085693359375,23.320402145385746,23.364484786987305,154364
2023-11-27,23.364484786987305,23.540821075439453,23.320402145385746,23.364484786987305,131216
2023-11-28,23.364484786987305,23.364484786987305,23.23223304748535,23.23223304748535,264270
2023-11-29,23.276317596435547,23.276317596435547,22.923646926879883,23.05589866638184,338082
2023-11-30,23.0999813079834,23.18815040588379,23.05589866638184,23.18815040588379,120744
2023-12-01,23.320402145385746,23.364484786987305,23.01181411743164,23.23223304748535,225478
2023-12-04,23.364484786987305,23.364484786987305,23.18815040588379,23.276317596435547,164572
2023-12-05,23.276317596435547,23.276317596435547,23.18815040588379,23.18815040588379,71533
2023-12-06,23.23223304748535,23.320402145385746,23.1440658569336,23.23223304748535,195161
2023-12-07,23.0999813079834,23.320402145385746,23.0999813079834,23.0999813079834,147706
2023-12-08,23.18815040588379,23.18815040588379,22.967729568481445,23.05589866638184,148217
2023-12-11,23.0999813079834,23.0999813079834,22.791393280029297,22.923646926879883,177236
2023-12-12,22.923646926879883,22.967729568481445,22.74731063842773,22.923646926879883,163776
2023-12-13,22.923646926879883,22.967729568481445,22.74731063842773,22.923646926879883,162404
2023-12-14,23.05589866638184,23.05589866638184,22.83547782897949,22.923646926879883,237811
2023-12-15,22.923646926879883,22.967729568481445,22.791393280029297,22.967729568481445,428560
2023-12-18,23.1440658569336,23.18815040588379,22.83547782897949,22.879562377929688,309114
2023-12-19,22.879562377929688,23.0999813079834,22.70322608947754,23.0999813079834,257576
2023-12-20,23.0999813079834,23.1440658569336,22.879562377929688,22.923646926879883,172602
2023-12-21,22.83547782897949,23.0999813079834,22.83547782897949,22.923646926879883,168522
2023-12-22,22.967729568481445,23.01181411743164,22.923646926879883,23.01181411743164,108299
2023-12-25,23.0999813079834,23.0999813079834,22.923646926879883,23.05589866638184,152162
2023-12-26,23.05589866638184,23.0999813079834,22.967729568481445,23.05589866638184,111280
2023-12-27,23.05589866638184,23.18815040588379,23.01181411743164,23.18815040588379,190157
2023-12-28,23.276317596435547,23.4085693359375,23.1440658569336,23.4085693359375,303238
2023-12-29,23.23223304748535,23.540821075439453,23.23223304748535,23.49673652648925,337440
2024-01-02,23.49673652648925,24.157995223999023,23.49673652648925,24.157995223999023,581830
2024-01-03,24.157995223999023,24.24616432189941,23.937576293945312,24.24616432189941,318197
2024-01-04,24.42250061035156,24.42250061035156,24.025745391845703,24.157995223999023,382565
2024-01-05,24.29024887084961,24.29024887084961,24.025745391845703,24.025745391845703,272208
2024-01-08,24.069828033447266,25.17192649841309,24.069828033447266,24.73108673095703,539982
2024-01-09,24.95150756835937,25.083759307861328,24.466583251953125,24.55475234985352,288095
2024-01-10,24.24616432189941,24.64291954040528,24.11391258239746,24.11391258239746,409843
2024-01-11,23.89349365234375,24.33433151245117,23.673072814941406,24.29024887084961,195536
2024-01-12,24.025745391845703,24.24616432189941,23.937576293945312,23.981660842895508,148580
2024-01-15,24.069828033447266,24.069828033447266,23.937576293945312,23.981660842895508,195309
2024-01-16,23.981660842895508,23.981660842895508,23.673072814941406,23.673072814941406,270153
2024-01-17,23.49673652648925,23.49673652648925,23.1440658569336,23.1440658569336,302910
2024-01-18,23.1440658569336,23.45265388488769,23.1440658569336,23.364484786987305,73802
2024-01-19,23.364484786987305,23.62898826599121,23.364484786987305,23.49673652648925,111151
2024-01-22,23.540821075439453,23.7612419128418,23.49673652648925,23.62898826599121,152096
2024-01-23,23.58490562438965,23.62898826599121,23.45265388488769,23.45265388488769,73723
2024-01-24,23.4085693359375,23.981660842895508,23.4085693359375,23.80532455444336,203021
2024-01-25,23.80532455444336,23.981660842895508,23.673072814941406,23.849409103393555,112773
2024-01-26,23.49673652648925,24.819255828857425,23.49673652648925,24.64291954040528,470832
2024-01-29,24.29024887084961,24.819255828857425,24.29024887084961,24.64291954040528,203021
2024-01-30,24.68700408935547,24.73108673095703,24.51066780090332,24.64291954040528,88671
2024-01-31,24.51066780090332,24.59883689880371,24.42250061035156,24.466583251953125,62131
2024-02-01,24.29024887084961,24.68700408935547,24.29024887084961,24.51066780090332,163324
2024-02-02,24.33433151245117,24.64291954040528,24.33433151245117,24.64291954040528,105208
2024-02-05,24.33433151245117,24.64291954040528,24.33433151245117,24.55475234985352,178069
2024-02-15,24.51066780090332,24.68700408935547,24.33433151245117,24.59883689880371,142931
2024-02-16,24.73108673095703,24.73108673095703,24.55475234985352,24.64291954040528,78265
2024-02-19,24.64291954040528,24.64291954040528,24.51066780090332,24.64291954040528,127030
2024-02-20,24.73108673095703,24.819255828857425,24.51066780090332,24.59883689880371,149029
2024-02-21,24.59883689880371,24.68700408935547,24.55475234985352,24.64291954040528,125021
2024-02-22,24.64291954040528,24.64291954040528,24.42250061035156,24.59883689880371,216859
2024-02-23,24.51066780090332,24.51066780090332,24.33433151245117,24.466583251953125,138004
2024-02-26,24.42250061035156,24.51066780090332,24.20207977294922,24.24616432189941,201162
2024-02-27,24.20207977294922,24.24616432189941,24.069828033447266,24.24616432189941,143435
2024-02-29,24.42250061035156,24.42250061035156,24.33433151245117,24.378416061401367,56710
2024-03-01,24.378416061401367,24.819255828857425,24.378416061401367,24.64291954040528,263472
2024-03-04,24.59883689880371,24.863338470458984,24.59883689880371,24.863338470458984,304101
2024-03-05,24.68700408935547,25.127843856811523,24.68700408935547,25.039674758911133,327750
2024-03-06,25.039674758911133,26.53852844238281,25.039674758911133,26.3181095123291,915041
2024-03-07,26.626697540283203,26.89119911193848,26.18585777282715,26.40627670288086,737252
2024-03-08,26.09769058227539,26.40627670288086,25.877269744873047,26.14177322387696,351755
2024-03-11,26.053606033325195,26.626697540283203,26.053606033325195,26.362192153930664,378598
2024-03-12,26.362192153930664,26.626697540283203,26.274024963378903,26.40627670288086,375420
2024-03-13,26.45036125183105,26.75894927978516,26.22994041442871,26.40627670288086,273410
2024-03-14,26.626697540283203,28.03738212585449,26.274024963378903,27.772878646850582,1478869
2024-03-15,27.94921493530273,27.94921493530273,27.11161994934082,27.11161994934082,558253
2024-03-18,27.11161994934082,27.72879409790039,26.935283660888672,27.552459716796875,412190
2024-03-19,27.243871688842773,27.90513038635254,27.155704498291016,27.90513038635254,433264
2024-03-20,27.94921493530273,28.03738212585449,27.64062690734864,27.64062690734864,253027
2024-03-21,27.64062690734864,28.21371841430664,27.59654235839844,28.169633865356445,465637
2024-03-22,28.125551223754883,28.69864273071289,28.125551223754883,28.69864273071289,415642
2024-03-25,28.69864273071289,28.9190616607666,28.125551223754883,28.3459701538086,361903
2024-03-26,28.43413734436035,28.478221893310547,27.81696319580078,28.125551223754883,293757
2024-03-27,28.169633865356445,28.65455818176269,28.081466674804688,28.3018856048584,197350
2024-03-28,28.3018856048584,28.566389083862305,28.3018856048584,28.43413734436035,162655
2024-03-29,28.478221893310547,28.6104736328125,28.43413734436035,28.478221893310547,66917
2024-04-01,28.39005470275879,28.6104736328125,28.257801055908203,28.478221893310547,198598
2024-04-02,28.3018856048584,28.39005470275879,28.257801055908203,28.3459701538086,185010
2024-04-03,28.3459701538086,28.3459701538086,27.94921493530273,28.125551223754883,207634
2024-04-08,28.125551223754883,30.77058792114257,28.125551223754883,30.065244674682617,978288
2024-04-09,30.10932731628418,30.682418823242188,29.977075576782227,30.32974624633789,457088
2024-04-10,30.32974624633789,30.32974624633789,29.71257209777832,29.88890838623047,393635
2024-04-11,29.71257209777832,30.19749641418457,29.71257209777832,29.88890838623047,350490
2024-04-12,29.88890838623047,30.59425163269043,29.88890838623047,30.50608253479004,265021
2024-04-15,30.32974624633789,30.77058792114257,30.15341186523437,30.32974624633789,450712
2024-04-16,29.932992935180664,30.021160125732425,28.830894470214844,29.271732330322266,1197726
2024-04-17,29.183565139770508,30.241579055786133,29.183565139770508,30.241579055786133,222396
2024-04-18,30.021160125732425,31.65226554870605,30.021160125732425,31.38776206970215,587382
2024-04-19,31.03508949279785,31.91676902770996,30.59425163269043,31.5200138092041,498019
2024-04-22,31.65226554870605,33.062950134277344,31.5200138092041,31.65226554870605,1035537
2024-04-23,31.74043273925781,32.1812744140625,31.475929260253903,31.784517288208008,239493
2024-04-24,32.09310531616211,32.754364013671875,31.96085357666016,32.754364013671875,362623
2024-04-25,32.754364013671875,33.239288330078125,32.53394317626953,33.1952018737793,436784
2024-04-26,33.1952018737793,33.76829528808594,32.93069839477539,33.59196090698242,429430
2024-04-29,33.90054702758789,35.22306442260742,33.90054702758789,34.473636627197266,989658
2024-04-30,34.64997482299805,35.13489532470703,33.28337097167969,34.51771926879883,722806
2024-05-02,34.385467529296875,35.53165054321289,34.385467529296875,35.22306442260742,637730
2024-05-03,35.443485260009766,36.50149917602539,34.95856094360352,36.10474395751953,642117
2024-05-06,36.23699569702149,36.54558181762695,34.91447830200195,36.01657485961914,590500
2024-05-07,35.752071380615234,36.01657485961914,34.120967864990234,35.09081268310547,1183877
2024-05-08,34.032798767089844,35.17898178100586,32.88661575317383,33.10703659057617,1116422
2024-05-09,33.01886749267578,33.50379180908203,32.445777893066406,32.445777893066406,554063
2024-05-10,32.1812744140625,32.754364013671875,31.74043273925781,32.1812744140625,393850
2024-05-13,31.87268447875977,32.62211227416992,30.946922302246094,32.269439697265625,372017
2024-05-14,32.269439697265625,32.71028137207031,30.065244674682617,30.32974624633789,841950
2024-05-15,30.726503372192383,30.726503372192383,29.80073928833008,30.065244674682617,594320
2024-05-16,30.41791534423828,31.03508949279785,30.241579055786133,30.858755111694336,399639
2024-05-17,31.29959487915039,31.564098358154297,30.59425163269043,31.12325859069824,426649
2024-05-20,31.65226554870605,31.96085357666016,31.03508949279785,31.21142578125,240450
2024-05-21,31.12325859069824,31.38776206970215,30.946922302246094,31.167341232299805,83930
2024-05-22,31.079174041748047,31.5200138092041,31.079174041748047,31.38776206970215,138488
2024-05-23,31.12325859069824,31.255510330200195,30.37383079528809,30.50608253479004,363730
2024-05-24,30.37383079528809,30.77058792114257,30.065244674682617,30.682418823242188,109019
2024-05-27,30.81467056274414,30.946922302246094,30.682418823242188,30.726503372192383,74972
2024-05-28,30.858755111694336,31.38776206970215,30.81467056274414,31.21142578125,225091
2024-05-29,31.21142578125,31.5200138092041,30.77058792114257,31.431846618652344,413983
2024-05-30,31.34367752075196,31.431846618652344,31.167341232299805,31.38776206970215,69303
2024-05-31,31.38776206970215,32.48986053466797,31.38776206970215,32.1812744140625,191751
2024-06-03,32.357608795166016,32.88661575317383,32.09310531616211,32.62211227416992,262567
2024-06-04,32.79844665527344,33.062950134277344,32.269439697265625,32.754364013671875,173532
2024-06-05,33.062950134277344,33.062950134277344,32.357608795166016,32.40169143676758,162304
2024-06-06,32.445777893066406,32.48986053466797,31.74043273925781,32.269439697265625,198485
2024-06-07,32.357608795166016,33.151119232177734,32.269439697265625,32.842533111572266,172556
2024-06-11,32.62211227416992,32.62211227416992,32.09310531616211,32.13718795776367,160112
2024-06-12,32.09310531616211,32.09310531616211,31.38776206970215,31.5200138092041,167883
2024-06-13,31.5200138092041,31.74043273925781,31.255510330200195,31.564098358154297,118241
2024-06-14,31.74043273925781,32.48986053466797,31.74043273925781,32.00493621826172,134556
2024-06-17,32.88661575317383,32.88661575317383,31.34367752075196,31.34367752075196,177126
2024-06-18,31.60818099975586,31.784517288208008,31.38776206970215,31.74043273925781,84460
2024-06-19,31.74043273925781,32.62211227416992,31.696348190307617,32.1812744140625,172511
2024-06-20,31.74043273925781,32.357608795166016,31.74043273925781,32.22535705566406,86922
2024-06-21,32.22535705566406,32.22535705566406,31.784517288208008,31.784517288208008,119279
2024-06-24,31.696348190307617,31.96085357666016,31.65226554870605,31.828601837158203,81662
2024-06-25,32.1812744140625,32.1812744140625,31.65226554870605,32.04902267456055,93013
2024-06-26,32.04902267456055,32.48986053466797,31.784517288208008,32.269439697265625,78259
2024-06-27,31.96085357666016,32.445777893066406,31.87268447875977,32.357608795166016,82807
2024-06-28,32.357608795166016,33.41562271118164,32.357608795166016,32.57802963256836,249445
2024-07-01,32.57802963256836,33.10703659057617,32.57802963256836,32.97478485107422,164684
2024-07-02,32.79844665527344,33.28337097167969,32.22535705566406,33.01886749267578,232766
2024-07-03,33.01886749267578,33.32745361328125,33.01886749267578,33.1952018737793,250794
2024-07-04,33.1952018737793,33.90054702758789,33.062950134277344,33.72420883178711,398480
2024-07-05,33.68012619018555,33.68012619018555,33.062950134277344,33.151119232177734,165873
2024-07-08,33.062950134277344,33.062950134277344,32.79844665527344,33.01886749267578,97654
2024-07-09,32.88661575317383,32.88661575317383,32.1812744140625,32.79844665527344,180648
2024-07-10,33.50379180908203,34.1650505065918,33.1952018737793,34.032798767089844,487453
2024-07-11,34.473636627197266,36.413330078125,33.988712310791016,35.31123352050781,696636
2024-07-12,35.31123352050781,35.663902282714844,34.82630920410156,35.17898178100586,299570
2024-07-15,35.17898178100586,35.443485260009766,34.91447830200195,35.31123352050781,266650
2024-07-16,35.97249221801758,36.0606575012207,35.39939880371094,35.88432312011719,269555
2024-07-17,36.14882659912109,36.81008529663086,35.88432312011719,36.14882659912109,474051
2024-07-18,35.09081268310547,35.70798873901367,34.473636627197266,35.31123352050781,166727
2024-07-19,34.82630920410156,34.82630920410156,33.50379180908203,34.032798767089844,438254
2024-07-22,34.032798767089844,34.29730224609375,32.88661575317383,34.25321960449219,271130
2024-07-23,34.1650505065918,35.70798873901367,34.1650505065918,34.7822265625,246121
2024-07-26,34.385467529296875,35.70798873901367,34.385467529296875,35.267147064208984,190556
2024-07-29,35.92840576171875,37.0305061340332,35.61981964111328,36.677833557128906,742458
2024-07-30,36.32516479492188,40.33679962158203,35.267147064208984,40.33679962158203,1951612
2024-07-31,40.072296142578125,40.29271697998047,38.00035095214844,39.23470306396485,1694092
2024-08-01,39.80779266357422,41.57115173339844,38.52935791015625,40.248634338378906,1185950
2024-08-02,39.14653396606445,39.94004440307617,37.3831787109375,37.95626831054688,814710
2024-08-05,35.97249221801758,36.0606575012207,34.1650505065918,34.1650505065918,861084
2024-08-06,34.385467529296875,34.60588836669922,30.946922302246094,32.57802963256836,754273
2024-08-07,32.269439697265625,34.076881408691406,32.269439697265625,33.68012619018555,462139
2024-08-08,33.151119232177734,33.68012619018555,32.22535705566406,33.41562271118164,250687
2024-08-09,33.72420883178711,35.09081268310547,33.72420883178711,34.076881408691406,213636
2024-08-12,33.1952018737793,35.61981964111328,33.1952018737793,34.25321960449219,355034
2024-08-13,34.20913314819336,34.385467529296875,33.72420883178711,34.076881408691406,242809
2024-08-14,33.8123779296875,35.13489532470703,33.8123779296875,34.95856094360352,248717
2024-08-15,35.752071380615234,36.98642349243164,35.09081268310547,36.10474395751953,418818
2024-08-16,36.72191619873047,38.26485443115234,36.413330078125,37.33909225463867,355201
2024-08-19,36.94233703613281,38.04443740844727,36.85417175292969,37.51543045043945,249948
2024-08-20,36.98642349243164,37.779930114746094,35.53165054321289,35.57573699951172,447368
2024-08-21,35.267147064208984,36.32516479492188,34.69405746459961,36.10474395751953,331213
2024-08-22,34.64997482299805,35.443485260009766,33.94462966918945,34.473636627197266,969814
2024-08-23,34.032798767089844,34.561805725097656,33.50379180908203,34.561805725097656,347292
2024-08-26,34.561805725097656,36.10474395751953,34.561805725097656,35.267147064208984,186478
2024-08-27,34.82630920410156,36.413330078125,34.82630920410156,36.32516479492188,372187
2024-08-28,35.51401901245117,36.4485969543457,35.51401901245117,36.30841064453125,217086
2024-08-29,36.49532699584961,36.49532699584961,35.32710266113281,35.654205322265625,217558
2024-08-30,35.654205322265625,36.35514068603516,35.654205322265625,36.07476425170898,140304
2024-09-02,36.49532699584961,36.49532699584961,35.280372619628906,35.280372619628906,185388
2024-09-03,35.280372619628906,35.32710266113281,34.579437255859375,34.67289733886719,167102
2024-09-04,32.80373764038086,33.50467300415039,31.77569961547852,32.663551330566406,574793
2024-09-05,32.663551330566406,33.59812927246094,32.24298858642578,32.42990493774414,286587
2024-09-06,32.42990493774414,32.42990493774414,31.35514068603516,31.77569961547852,303195
2024-09-09,31.77569961547852,32.00934600830078,30.88784980773925,31.682241439819336,388902
2024-09-10,31.682241439819336,32.3831787109375,30.841121673583984,30.98130798339844,251450
2024-09-11,30.98130798339844,31.962615966796875,30.7009334564209,31.02803611755371,153777
2024-09-12,31.12149429321289,31.72897148132324,31.02803611755371,31.58878517150879,137144
2024-09-13,30.934579849243164,32.28971862792969,30.934579849243164,32.24298858642578,87822
2024-09-16,32.24298858642578,33.55139923095703,32.05607223510742,33.084110260009766,234092
2024-09-18,33.59812927246094,33.644859313964844,32.850467681884766,33.644859313964844,100580
2024-09-19,33.7850456237793,34.20560836791992,33.7850456237793,34.158878326416016,131610
2024-09-20,32.47663497924805,32.47663497924805,30.747663497924805,31.49532699584961,1191318
2024-09-23,31.1682243347168,31.30841064453125,30.093456268310547,30.467288970947266,400180
2024-09-24,30.467288970947266,31.1682243347168,30.093456268310547,30.23364448547364,182033
2024-09-25,30.51401710510254,31.682241439819336,30.51401710510254,31.261682510375977,309283
2024-09-26,31.261682510375977,31.635513305664062,30.186914443969727,30.934579849243164,279719
2024-09-27,31.448598861694336,31.72897148132324,31.261682510375977,31.72897148132324,136960
2024-09-30,31.77569961547852,32.19626235961914,31.49532699584961,31.682241439819336,79180
2024-10-01,31.448598861694336,31.86915779113769,30.934579849243164,31.074766159057617,135997
2024-10-04,30.934579849243164,30.934579849243164,30.420560836791992,30.79439163208008,71690
2024-10-07,31.49532699584961,31.49532699584961,30.88784980773925,31.40186882019043,43870
2024-10-08,31.21495246887207,31.21495246887207,30.88784980773925,30.934579849243164,56710
2024-10-09,31.542055130004883,31.542055130004883,30.654205322265625,30.934579849243164,186809
2024-10-11,30.88784980773925,31.21495246887207,30.560747146606445,30.88784980773925,141454
2024-10-14,30.560747146606445,31.12149429321289,30.560747146606445,30.841121673583984,66710
2024-10-15,30.88784980773925,31.12149429321289,30.88784980773925,30.98130798339844,49220
2024-10-16,30.98130798339844,31.074766159057617,30.560747146606445,30.747663497924805,126668
2024-10-17,30.747663497924805,31.12149429321289,30.51401710510254,30.60747528076172,104239
2024-10-18,30.654205322265625,30.841121673583984,30.32710266113281,30.32710266113281,147846
2024-10-21,31.12149429321289,31.12149429321289,29.953271865844727,29.953271865844727,72566
2024-10-22,29.90654182434082,30.32710266113281,29.579439163208008,29.859813690185547,77500
2024-10-23,29.859813690185547,30.0,29.672897338867188,29.766355514526367,51552
2024-10-24,29.439252853393555,29.90654182434082,29.158878326416016,29.439252853393555,127064
2024-10-25,29.01869010925293,29.766355514526367,28.03738212585449,29.252336502075195,385663
2024-10-28,29.439252853393555,30.280372619628903,29.439252853393555,29.579439163208008,86145
2024-10-29,29.158878326416016,29.672897338867188,29.06542015075684,29.158878326416016,40670
2024-10-30,29.20560646057129,29.81308364868164,29.158878326416016,29.39252281188965,32705
2024-11-01,28.971961975097656,30.37383079528809,28.971961975097656,30.32710266113281,95230
2024-11-04,30.23364448547364,30.747663497924805,29.953271865844727,30.0,135900
2024-11-05,30.093456268310547,30.51401710510254,29.71962547302246,29.71962547302246,96310
2024-11-06,29.71962547302246,30.140186309814453,29.579439163208008,29.579439163208008,81320
2024-11-07,29.34579467773437,31.02803611755371,29.34579467773437,30.934579849243164,161950
2024-11-08,30.98130798339844,32.05607223510742,30.98130798339844,31.448598861694336,207159
2024-11-11,31.448598861694336,32.149532318115234,31.40186882019043,31.962615966796875,108070
2024-11-12,32.42990493774414,33.13084030151367,32.10280227661133,32.80373764038086,480540
2024-11-13,33.644859313964844,33.644859313964844,31.542055130004883,31.542055130004883,213058
2024-11-14,31.542055130004883,32.28971862792969,30.37383079528809,30.37383079528809,155920
2024-11-15,30.420560836791992,31.77569961547852,30.420560836791992,31.30841064453125,92445
2024-11-18,31.261682510375977,31.35514068603516,30.7009334564209,30.841121673583984,47401
2024-11-19,31.58878517150879,31.635513305664062,30.560747146606445,31.58878517150879,99928
2024-11-20,31.448598861694336,31.49532699584961,31.1682243347168,31.35514068603516,41405
2024-11-21,31.12149429321289,31.86915779113769,30.934579849243164,31.72897148132324,84530
2024-11-22,32.05607223510742,32.6168212890625,31.77569961547852,32.10280227661133,88617
2024-11-25,32.149532318115234,33.224300384521484,32.149532318115234,32.89719772338867,225449
2024-11-26,33.457942962646484,33.457942962646484,32.42990493774414,32.570091247558594,78963
2024-11-27,32.24298858642578,32.28971862792969,31.77569961547852,32.28971862792969,115900
2024-11-28,32.24298858642578,32.24298858642578,31.86915779113769,31.86915779113769,19260
2024-11-29,31.77569961547852,32.19626235961914,31.682241439819336,32.00934600830078,39781
2024-12-02,32.71028137207031,32.71028137207031,31.72897148132324,32.149532318115234,52230
2024-12-03,31.822429656982425,32.42990493774414,31.822429656982425,32.42990493774414,59920
2024-12-04,32.6168212890625,32.6168212890625,32.149532318115234,32.336448669433594,44643
2024-12-05,32.24298858642578,32.24298858642578,31.86915779113769,32.149532318115234,51459
2024-12-06,32.149532318115234,32.71028137207031,32.10280227661133,32.47663497924805,50470
2024-12-09,32.28971862792969,32.28971862792969,31.962615966796875,32.149532318115234,33170
2024-12-10,32.149532318115234,32.149532318115234,31.72897148132324,32.05607223510742,62060
2024-12-11,31.448598861694336,31.635513305664062,30.7009334564209,30.841121673583984,247703
2024-12-12,30.841121673583984,31.261682510375977,30.841121673583984,30.841121673583984,101927
2024-12-13,31.12149429321289,31.261682510375977,30.841121673583984,30.841121673583984,70727
2024-12-16,31.30841064453125,31.72897148132324,30.841121673583984,30.841121673583984,35327
2024-12-17,31.30841064453125,31.40186882019043,30.747663497924805,30.88784980773925,56770
2024-12-18,30.560747146606445,30.934579849243164,30.51401710510254,30.60747528076172,83406
2024-12-19,30.0,30.467288970947266,29.90654182434082,30.093456268310547,158360
2024-12-20,29.953271865844727,30.37383079528809,29.39252281188965,29.439252853393555,208721
2024-12-23,29.5327091217041,30.04672813415528,29.5327091217041,29.953271865844727,70993
2024-12-24,29.953271865844727,30.04672813415528,29.5327091217041,29.953271865844727,56710
2024-12-25,29.953271865844727,30.654205322265625,29.953271865844727,30.186914443969727,81320
2024-12-26,30.37383079528809,30.37383079528809,30.0,30.32710266113281,43870
2024-12-27,30.140186309814453,30.280372619628903,30.04672813415528,30.140186309814453,32100
2024-12-30,30.37383079528809,30.841121673583984,30.093456268310547,30.23364448547364,50397
2024-12-31,30.093456268310547,30.140186309814453,29.71962547302246,29.90654182434082,71690
2025-01-02,29.62616729736328,30.32710266113281,29.62616729736328,29.90654182434082,93895
2025-01-03,30.186914443969727,30.186914443969727,29.579439163208008,29.766355514526367,35804
2025-01-06,29.672897338867188,30.186914443969727,29.672897338867188,29.859813690185547,55640
2025-01-07,29.859813690185547,30.0,29.439252853393555,29.71962547302246,63210
2025-01-08,29.62616729736328,29.766355514526367,29.252336502075195,29.672897338867188,26750
2025-01-09,29.62616729736328,29.62616729736328,28.971961975097656,29.34579467773437,96300
2025-01-10,29.06542015075684,29.20560646057129,28.50467109680176,28.598129272460938,74822
2025-01-13,27.757009506225582,28.41121482849121,27.52336311340332,28.31775665283203,131610
2025-01-14,28.41121482849121,28.69158744812012,28.03738212585449,28.644859313964844,34240
2025-01-15,28.0841121673584,28.69158744812012,27.757009506225582,28.644859313964844,38573
2025-01-16,28.971961975097656,29.20560646057129,28.69158744812012,28.831775665283203,63130
2025-01-17,28.69158744812012,28.69158744812012,28.31775665283203,28.457942962646484,41730
2025-01-20,28.457942962646484,28.598129272460938,28.31775665283203,28.598129272460938,40660
2025-01-21,28.41121482849121,28.598129272460938,28.41121482849121,28.598129272460938,31064
2025-01-22,28.971961975097656,28.971961975097656,28.17757034301757,28.50467109680176,68480
2025-02-03,28.50467109680176,28.50467109680176,28.0841121673584,28.17757034301757,57160
2025-02-04,28.0841121673584,28.22429847717285,27.89719581604004,28.17757034301757,77040
2025-02-05,28.27102851867676,28.50467109680176,28.17757034301757,28.364484786987305,51372
2025-02-06,28.644859313964844,28.925233840942383,28.50467109680176,28.598129272460938,42800
2025-02-07,28.598129272460938,28.598129272460938,28.03738212585449,28.50467109680176,25680
2025-02-10,28.130840301513672,28.69158744812012,28.0841121673584,28.50467109680176,63451
2025-02-11,28.50467109680176,28.50467109680176,28.22429847717285,28.41121482849121,47092
2025-02-12,28.22429847717285,28.87850379943848,28.17757034301757,28.41121482849121,40767
2025-02-13,28.69158744812012,29.06542015075684,28.50467109680176,29.06542015075684,55640
2025-02-14,29.11214828491211,29.34579467773437,29.11214828491211,29.158878326416016,26750
2025-02-17,29.11214828491211,29.859813690185547,29.11214828491211,29.579439163208008,39590
2025-02-18,29.62616729736328,30.093456268310547,29.579439163208008,29.766355514526367,51360
2025-02-19,29.859813690185547,30.280372619628903,29.672897338867188,29.672897338867188,41731
2025-02-20,29.71962547302246,30.0,29.71962547302246,29.90654182434082,38621
2025-02-21,29.90654182434082,30.420560836791992,29.90654182434082,30.186914443969727,65797
2025-02-24,29.90654182434082,30.23364448547364,29.62616729736328,30.093456268310547,48413
2025-02-25,29.81308364868164,30.23364448547364,29.81308364868164,29.953271865844727,46459
2025-02-26,29.81308364868164,30.04672813415528,29.81308364868164,29.953271865844727,25080
2025-02-27,30.140186309814453,30.140186309814453,29.766355514526367,29.81308364868164,49327
2025-03-03,29.5327091217041,29.672897338867188,29.158878326416016,29.439252853393555,87073
2025-03-04,29.252336502075195,29.5327091217041,28.971961975097656,29.439252853393555,98541
2025-03-05,29.39252281188965,30.186914443969727,29.34579467773437,30.186914443969727,41829
2025-03-06,30.186914443969727,31.30841064453125,30.186914443969727,30.934579849243164,140874
2025-03-07,30.841121673583984,30.841121673583984,30.560747146606445,30.7009334564209,38617
2025-03-10,30.60747528076172,30.747663497924805,30.37383079528809,30.467288970947266,46108
2025-03-11,30.23364448547364,30.841121673583984,29.859813690185547,30.841121673583984,143565
2025-03-12,30.467288970947266,31.35514068603516,30.467288970947266,31.21495246887207,76243
2025-03-13,31.21495246887207,31.40186882019043,30.60747528076172,30.934579849243164,53500
2025-03-14,30.934579849243164,31.21495246887207,30.841121673583984,31.21495246887207,51360
2025-03-17,31.30841064453125,31.30841064453125,31.12149429321289,31.1682243347168,45368
2025-03-18,31.261682510375977,31.35514068603516,31.1682243347168,31.35514068603516,47080
2025-03-19,31.35514068603516,31.448598861694336,30.88784980773925,31.12149429321289,161891
2025-03-20,31.35514068603516,31.635513305664062,31.1682243347168,31.542055130004883,82443
2025-03-21,31.1682243347168,32.05607223510742,31.12149429321289,31.822429656982425,124505
2025-03-24,31.77569961547852,32.19626235961914,31.77569961547852,32.19626235961914,68480
2025-03-25,32.19626235961914,32.19626235961914,31.682241439819336,32.10280227661133,98440
2025-03-26,32.10280227661133,32.71028137207031,32.00934600830078,32.42990493774414,151940
2025-03-27,32.570091247558594,32.80373764038086,32.336448669433594,32.6168212890625,79180
2025-03-28,32.336448669433594,32.89719772338867,31.822429656982425,32.10280227661133,154080
2025-03-31,31.72897148132324,31.72897148132324,31.12149429321289,31.40186882019043,142310
2025-04-01,31.40186882019043,31.86915779113769,31.30841064453125,31.72897148132324,54623
2025-04-02,31.682241439819336,31.682241439819336,31.30841064453125,31.635513305664062,51367
2025-04-07,28.50467109680176,28.50467109680176,28.50467109680176,28.50467109680176,46545
2025-04-08,25.79439163208008,28.03738212585449,25.79439163208008,26.261682510375977,413555
2025-04-09,26.448598861694336,26.822429656982425,24.439252853393555,24.5327091217041,315781
2025-04-10,26.962615966796875,26.962615966796875,26.9158878326416,26.962615966796875,63130
2025-04-11,27.00934410095215,28.130840301513672,26.72897148132324,28.130840301513672,92020
2025-04-14,28.130840301513672,28.31775665283203,27.6168212890625,27.71027946472168,140473
2025-04-15,28.03738212585449,28.69158744812012,27.85046768188477,28.69158744812012,88724
2025-04-16,28.69158744812012,28.69158744812012,28.03738212585449,28.03738212585449,62060
2025-04-17,28.03738212585449,28.22429847717285,27.80373764038086,28.22429847717285,35310
2025-04-18,28.22429847717285,28.41121482849121,28.130840301513672,28.27102851867676,33170
2025-04-21,28.27102851867676,28.31775665283203,27.52336311340332,28.03738212585449,64200
2025-04-22,27.757009506225582,27.943925857543945,27.757009506225582,27.943925857543945,58227
2025-04-23,28.03738212585449,28.50467109680176,28.03738212585449,28.22429847717285,48150
2025-04-24,28.50467109680176,28.50467109680176,27.89719581604004,27.99065399169922,68480
2025-04-25,28.130840301513672,28.41121482849121,28.130840301513672,28.31775665283203,52431
2025-04-28,28.31775665283203,28.87850379943848,28.31775665283203,28.87850379943848,52430
2025-04-29,28.87850379943848,29.439252853393555,28.785045623779297,29.439252853393555,41730
2025-04-30,29.11214828491211,29.252336502075195,28.738317489624023,29.158878326416016,71690
2025-05-02,29.158878326416016,30.654205322265625,29.158878326416016,30.32710266113281,49577
2025-05-05,30.654205322265625,31.074766159057617,29.953271865844727,30.7009334564209,141563
2025-05-06,30.79439163208008,30.98130798339844,30.467288970947266,30.79439163208008,41730
2025-05-07,30.79439163208008,30.79439163208008,30.0,30.32710266113281,37470
2025-05-08,30.37383079528809,30.37383079528809,29.859813690185547,29.90654182434082,51727
2025-05-09,29.953271865844727,30.186914443969727,29.859813690185547,29.90654182434082,48150
2025-05-12,30.841121673583984,30.841121673583984,29.90654182434082,30.186914443969727,29853
2025-05-13,29.953271865844727,30.560747146606445,29.953271865844727,30.186914443969727,44940
2025-05-14,30.420560836791992,30.88784980773925,30.420560836791992,30.7009334564209,79180
2025-05-15,30.841121673583984,30.841121673583984,30.51401710510254,30.51401710510254,27263
2025-05-16,30.467288970947266,30.841121673583984,30.37383079528809,30.841121673583984,42834
2025-05-19,30.51401710510254,30.60747528076172,30.51401710510254,30.560747146606445,38520
2025-05-20,30.04672813415528,30.98130798339844,30.04672813415528,30.98130798339844,46297
2025-05-21,30.7009334564209,31.02803611755371,30.7009334564209,30.98130798339844,44940
2025-05-22,30.98130798339844,30.98130798339844,30.7009334564209,30.747663497924805,23540
2025-05-23,30.654205322265625,30.7009334564209,30.560747146606445,30.560747146606445,33695
2025-05-26,30.37383079528809,30.934579849243164,30.37383079528809,30.934579849243164,40693
2025-05-27,30.934579849243164,30.934579849243164,30.420560836791992,30.747663497924805,35536
2025-05-28,30.747663497924805,30.79439163208008,30.280372619628903,30.560747146606445,40660
2025-05-29,30.747663497924805,30.747663497924805,30.37383079528809,30.60747528076172,22470
2025-06-02,30.37383079528809,30.467288970947266,29.439252853393555,30.140186309814453,59954
2025-06-03,30.140186309814453,30.420560836791992,29.859813690185547,30.093456268310547,151940
2025-06-04,30.467288970947266,30.747663497924805,30.280372619628903,30.37383079528809,60367
2025-06-05,30.37383079528809,30.467288970947266,30.32710266113281,30.420560836791992,41730
2025-06-06,30.420560836791992,30.467288970947266,30.32710266113281,30.420560836791992,54570
2025-06-09,30.467288970947266,30.841121673583984,30.37383079528809,30.79439163208008,29568
2025-06-10,30.747663497924805,31.074766159057617,30.467288970947266,30.88784980773925,79180
2025-06-11,30.654205322265625,30.654205322265625,30.560747146606445,30.654205322265625,67410
2025-06-12,30.51401710510254,30.7009334564209,30.467288970947266,30.654205322265625,74900
2025-06-13,30.467288970947266,30.51401710510254,30.186914443969727,30.186914443969727,64200
2025-06-16,30.186914443969727,30.747663497924805,30.186914443969727,30.60747528076172,100580
2025-06-17,30.467288970947266,30.841121673583984,30.467288970947266,30.79439163208008,56710
2025-06-18,30.60747528076172,31.02803611755371,30.60747528076172,30.88784980773925,72808
2025-06-19,30.88784980773925,30.88784980773925,30.0,30.093456268310547,134960
2025-06-20,30.186914443969727,30.747663497924805,29.90654182434082,30.654205322265625,79404
2025-06-23,29.06542015075684,30.140186309814453,29.06542015075684,30.140186309814453,55882
2025-06-24,30.186914443969727,30.841121673583984,30.186914443969727,30.841121673583984,57780
2025-06-25,30.747663497924805,30.841121673583984,30.467288970947266,30.747663497924805,27820
2025-06-26,30.747663497924805,31.261682510375977,30.7009334564209,30.98130798339844,70620
2025-06-27,31.1682243347168,31.1682243347168,30.467288970947266,30.747663497924805,48182
2025-06-30,30.560747146606445,30.560747146606445,30.186914443969727,30.560747146606445,39590
2025-07-01,30.560747146606445,31.542055130004883,30.51401710510254,30.98130798339844,73830
2025-07-02,30.841121673583984,30.841121673583984,30.7009334564209,30.7009334564209,28488
2025-07-03,30.88784980773925,30.88784980773925,30.7009334564209,30.88784980773925,22470
2025-07-04,30.747663497924805,30.88784980773925,30.747663497924805,30.841121673583984,13966
2025-07-07,30.841121673583984,30.841121673583984,30.37383079528809,30.60747528076172,14980
2025-07-08,30.186914443969727,30.51401710510254,30.186914443969727,30.51401710510254,29960
2025-07-09,30.654205322265625,30.79439163208008,30.467288970947266,30.60747528076172,59920
2025-07-10,30.37383079528809,30.7009334564209,30.37383079528809,30.7009334564209,11770
2025-07-11,30.747663497924805,30.79439163208008,30.60747528076172,30.79439163208008,23896
2025-07-14,30.747663497924805,30.747663497924805,30.04672813415528,30.420560836791992,65270
2025-07-15,30.093456268310547,30.186914443969727,29.90654182434082,30.186914443969727,50290
2025-07-16,29.766355514526367,30.747663497924805,29.766355514526367,30.467288970947266,41730
2025-07-17,30.654205322265625,30.654205322265625,30.280372619628903,30.280372619628903,58850
2025-07-18,30.560747146606445,30.560747146606445,30.37383079528809,30.467288970947266,24674
2025-07-21,30.467288970947266,30.467288970947266,30.093456268310547,30.37383079528809,36380
2025-07-22,30.04672813415528,30.280372619628903,29.158878326416016,29.62616729736328,2222785
2025-07-23,29.62616729736328,30.140186309814453,29.5327091217041,29.90654182434082,52008
2025-07-24,29.62616729736328,29.90654182434082,29.439252853393555,29.672897338867188,43324
2025-07-25,29.90654182434082,30.0,29.672897338867188,29.71962547302246,14980
2025-07-28,29.62616729736328,29.766355514526367,29.579439163208008,29.71962547302246,19260
2025-07-29,29.859813690185547,29.859813690185547,29.29906463623047,29.439252853393555,20330
2025-07-30,29.34579467773437,29.672897338867188,29.11214828491211,29.39252281188965,25478
2025-07-31,29.34579467773437,29.5327091217041,29.158878326416016,29.439252853393555,39719
2025-08-04,28.457942962646484,29.439252853393555,28.457942962646484,29.34579467773437,22444
2025-08-05,29.06542015075684,29.439252853393555,29.06542015075684,29.29906463623047,39590
2025-08-06,29.29906463623047,29.439252853393555,29.252336502075195,29.439252853393555,23353
2025-08-07,28.971961975097656,29.34579467773437,28.971961975097656,29.252336502075195,50290
2025-08-08,28.831775665283203,29.252336502075195,28.831775665283203,29.252336502075195,34240
2025-08-11,28.971961975097656,29.252336502075195,28.87850379943848,29.20560646057129,37450
2025-08-12,29.20560646057129,29.34579467773437,28.971961975097656,29.252336502075195,47437
2025-08-13,29.29906463623047,29.34579467773437,29.01869010925293,29.252336502075195,34240
2025-08-14,29.252336502075195,29.34579467773437,29.06542015075684,29.29906463623047,23002
2025-08-15,29.34579467773437,29.39252281188965,29.06542015075684,29.29906463623047,25680
2025-08-18,29.29906463623047,29.29906463623047,29.11214828491211,29.29906463623047,18404
2025-08-19,29.06542015075684,29.11214828491211,28.69158744812012,29.11214828491211,82570
2025-08-20,29.11214828491211,29.11214828491211,28.831775665283203,28.971961975097656,32100
2025-08-21,28.971961975097656,29.20560646057129,28.87850379943848,29.06542015075684,59932
2025-08-22,28.50467109680176,29.06542015075684,28.50467109680176,28.87850379943848,45508
2025-08-25,28.971961975097656,29.252336502075195,28.87850379943848,28.971961975097656,54891
2025-08-26,28.738317489624023,29.01869010925293,28.738317489624023,28.785045623779297,47181
2025-08-27,28.0841121673584,29.439252853393555,28.0841121673584,29.252336502075195,139290
2025-08-28,29.549999237060547,29.549999237060547,29.200000762939453,29.299999237060547,73000
2025-08-29,29.049999237060547,29.5,28.950000762939453,29.100000381469727,61021
2025-09-01,29.100000381469727,29.299999237060547,28.89999961853028,29.100000381469727,39310
2025-09-02,29.100000381469727,29.14999961853028,29.0,29.100000381469727,23230
2025-09-03,29.100000381469727,29.299999237060547,29.0,29.299999237060547,25000
2025-09-04,29.299999237060547,31.700000762939453,29.200000762939453,30.89999961853028,189132
2025-09-05,31.25,31.25,30.299999237060547,30.700000762939453,52000
2025-09-08,30.700000762939453,30.700000762939453,30.200000762939453,30.549999237060547,85102
2025-09-09,30.299999237060547,31.0,30.299999237060547,30.799999237060547,48100
2025-09-10,30.799999237060547,30.950000762939453,30.450000762939453,30.799999237060547,47000
2025-09-11,30.049999237060547,31.0,30.049999237060547,30.799999237060547,38000
2025-09-12,31.0,31.200000762939453,30.950000762939453,31.049999237060547,46000
2025-09-15,31.0,31.0,30.350000381469727,30.450000762939453,52063
2025-09-16,30.450000762939453,30.700000762939453,30.450000762939453,30.5,88000
2025-09-17,30.5,30.549999237060547,30.25,30.25,62000
2025-09-18,30.25,30.5,30.14999961853028,30.299999237060547,53000
2025-09-19,30.25,30.25,28.350000381469727,28.350000381469727,697001
2025-09-22,28.600000381469727,29.0,28.450000762939453,28.850000381469727,264000
2025-09-23,29.0,29.0,28.5,28.850000381469727,75000
2025-09-24,28.799999237060547,28.850000381469727,28.700000762939453,28.850000381469727,57000
2025-09-25,28.850000381469727,28.950000762939453,28.600000381469727,28.75,45025
2025-09-26,28.799999237060547,28.799999237060547,28.299999237060547,28.549999237060547,49000
2025-09-30,28.5,28.5,28.25,28.39999961853028,69123
2025-10-01,28.39999961853028,28.5,28.200000762939453,28.5,24539
2025-10-02,28.14999961853028,28.39999961853028,28.14999961853028,28.350000381469727,23212
2025-10-03,28.350000381469727,28.600000381469727,28.299999237060547,28.600000381469727,45241
2025-10-07,28.600000381469727,28.799999237060547,28.299999237060547,28.299999237060547,42143
2025-10-08,28.299999237060547,28.64999961853028,28.200000762939453,28.350000381469727,65035
2025-10-09,28.39999961853028,28.549999237060547,28.350000381469727,28.5,27800
2025-10-13,28.350000381469727,28.450000762939453,27.799999237060547,28.39999961853028,107000
2025-10-14,28.100000381469727,28.549999237060547,28.0,28.350000381469727,60000
2025-10-15,28.299999237060547,28.39999961853028,27.75,27.75,49001
2025-10-16,27.799999237060547,29.100000381469727,27.75,28.5,150140
2025-10-17,28.350000381469727,28.5,28.200000762939453,28.39999961853028,27000
2025-10-20,28.39999961853028,28.5,28.0,28.350000381469727,48198
2025-10-21,28.39999961853028,28.64999961853028,27.950000762939453,28.100000381469727,96710
2025-10-22,28.200000762939453,28.350000381469727,28.0,28.25,54899
2025-10-23,28.0,28.25,28.0,28.25,41100
2025-10-27,28.200000762939453,28.200000762939453,27.850000381469727,28.049999237060547,84260
2025-10-28,28.100000381469727,28.14999961853028,27.89999961853028,28.100000381469727,32600
2025-10-29,28.100000381469727,28.14999961853028,27.799999237060547,28.100000381469727,36964
2025-10-30,28.100000381469727,28.350000381469727,28.049999237060547,28.200000762939453,33285
2025-10-31,28.0,28.350000381469727,28.0,28.200000762939453,39210
2025-11-03,28.049999237060547,28.39999961853028,28.049999237060547,28.25,34458
2025-11-04,28.200000762939453,28.25,28.0,28.049999237060547,31120
2025-11-05,27.799999237060547,28.25,27.799999237060547,28.100000381469727,43000
2025-11-06,28.25,28.5,28.14999961853028,28.5,48016
2025-11-07,28.39999961853028,28.450000762939453,28.200000762939453,28.299999237060547,17030
2025-11-10,28.350000381469727,28.350000381469727,28.100000381469727,28.25,17000
2025-11-11,28.299999237060547,28.299999237060547,27.75,28.25,74911
2025-11-12,28.299999237060547,28.350000381469727,28.049999237060547,28.299999237060547,45850
2025-11-13,28.299999237060547,28.350000381469727,28.200000762939453,28.350000381469727,22000
2025-11-14,28.299999237060547,28.299999237060547,28.049999237060547,28.25,48464
2025-11-17,28.049999237060547,28.299999237060547,28.0,28.14999961853028,49070
2025-11-18,28.0,28.0,27.799999237060547,28.0,31427
2025-11-19,28.100000381469727,28.100000381469727,27.700000762939453,28.0,22000
2025-11-20,28.100000381469727,28.14999961853028,28.049999237060547,28.100000381469727,14000
2025-11-21,28.200000762939453,28.200000762939453,27.700000762939453,28.100000381469727,25154
2025-11-24,28.299999237060547,28.299999237060547,28.0,28.200000762939453,17000
2025-11-25,28.25,28.299999237060547,28.0,28.25,23000
2025-11-26,28.299999237060547,28.450000762939453,28.14999961853028,28.450000762939453,54000
2025-11-27,28.200000762939453,28.5,28.200000762939453,28.5,23009
2025-11-28,28.450000762939453,28.700000762939453,28.450000762939453,28.700000762939453,74000
2025-12-01,28.600000381469727,28.600000381469727,28.200000762939453,28.39999961853028,15000
2025-12-02,28.25,28.5,28.14999961853028,28.450000762939453,43000
2025-12-03,28.450000762939453,28.549999237060547,28.299999237060547,28.5,42040
2025-12-04,28.5,28.600000381469727,28.39999961853028,28.5,48000
2025-12-05,28.549999237060547,28.64999961853028,28.39999961853028,28.5,26016
2025-12-08,28.600000381469727,28.600000381469727,28.450000762939453,28.549999237060547,24000
2025-12-09,28.5,28.5,28.25,28.350000381469727,21000
2025-12-10,28.39999961853028,28.450000762939453,28.25,28.450000762939453,40000
2025-12-11,28.299999237060547,28.450000762939453,28.200000762939453,28.299999237060547,25124
2025-12-12,28.299999237060547,29.0,28.299999237060547,28.75,157030
2025-12-15,28.75,28.89999961853028,28.39999961853028,28.700000762939453,58000
2025-12-16,28.450000762939453,28.5,28.049999237060547,28.450000762939453,169000
2025-12-17,28.5,28.600000381469727,28.350000381469727,28.350000381469727,41000
2025-12-18,28.39999961853028,28.5,28.299999237060547,28.39999961853028,43000
2025-12-19,28.299999237060547,28.5,28.14999961853028,28.39999961853028,179003
2025-12-22,28.5,28.5,27.950000762939453,28.200000762939453,104000
2025-12-23,28.200000762939453,28.299999237060547,27.89999961853028,28.14999961853028,157000
2025-12-24,28.100000381469727,28.39999961853028,28.0,28.350000381469727,245104
2025-12-26,28.39999961853028,28.39999961853028,28.100000381469727,28.25,78000
2025-12-29,28.39999961853028,28.39999961853028,28.100000381469727,28.25,150000
2025-12-30,28.299999237060547,28.299999237060547,27.950000762939453,28.25,52004
2025-12-31,28.200000762939453,28.25,27.950000762939453,28.25,56000
2026-01-02,28.299999237060547,28.299999237060547,27.950000762939453,28.100000381469727,109000
2026-01-05,28.049999237060547,28.049999237060547,27.700000762939453,27.89999961853028,68000
2026-01-06,27.89999961853028,28.0,27.799999237060547,27.89999961853028,54287
2026-01-07,27.950000762939453,27.950000762939453,27.600000381469727,27.799999237060547,53000
2026-01-08,27.799999237060547,28.0,27.799999237060547,28.0,63011
2026-01-09,28.0,28.0,27.75,27.950000762939453,26788
2026-01-12,27.89999961853028,27.89999961853028,27.0,27.14999961853028,193484
2026-01-13,27.25,27.350000381469727,27.100000381469727,27.25,74268
2026-01-14,27.299999237060547,27.5,27.200000762939453,27.450000762939453,63136
2026-01-15,27.450000762939453,27.5,27.200000762939453,27.5,53000
2026-01-16,27.25,27.350000381469727,26.5,26.700000762939453,168256
2026-01-19,26.549999237060547,26.950000762939453,26.450000762939453,26.549999237060547,109272
2026-01-20,26.350000381469727,26.600000381469727,26.200000762939453,26.5,89134
2026-01-21,26.5,26.5,25.89999961853028,26.0,107877
2026-01-22,25.600000381469727,26.600000381469727,25.600000381469727,26.200000762939453,123930
2026-01-23,26.200000762939453,26.200000762939453,25.850000381469727,25.89999961853028,73229
2026-01-26,26.100000381469727,26.100000381469727,25.5,25.75,91826
2026-01-27,25.700000762939453,25.850000381469727,25.5,25.75,105000
2026-01-28,25.75,25.799999237060547,25.600000381469727,25.64999961853028,73100
2026-01-29,25.600000381469727,25.75,25.39999961853028,25.700000762939453,92090
2026-01-30,25.700000762939453,25.700000762939453,25.450000762939453,25.700000762939453,50000
2026-02-02,25.700000762939453,25.799999237060547,25.14999961853028,25.299999237060547,86000
2026-02-03,25.299999237060547,25.350000381469727,25.14999961853028,25.299999237060547,67185
2026-02-04,25.299999237060547,25.450000762939453,25.200000762939453,25.450000762939453,73175
2026-02-05,25.39999961853028,25.64999961853028,25.39999961853028,25.600000381469727,37210
2026-02-06,25.600000381469727,25.64999961853028,25.5,25.549999237060547,29128
2026-02-09,25.549999237060547,25.600000381469727,25.299999237060547,25.600000381469727,62715
2026-02-10,25.700000762939453,26.14999961853028,25.700000762939453,26.100000381469727,55500
2026-02-11,25.950000762939453,26.5,25.850000381469727,26.100000381469727,128000
2026-02-23,26.700000762939453,26.75,26.0,26.600000381469727,177060
2026-02-24,26.75,26.75,26.25,26.350000381469727,64227
2026-02-25,26.350000381469727,26.350000381469727,26.0,26.350000381469727,74648
2026-02-26,26.450000762939453,26.450000762939453,26.14999961853028,26.39999961853028,63009
2026-03-02,26.350000381469727,26.350000381469727,25.850000381469727,26.350000381469727,61130
2026-03-03,26.049999237060547,26.14999961853028,25.850000381469727,26.14999961853028,38181
2026-03-04,25.89999961853028,25.89999961853028,24.75,25.200000762939453,110000
2026-03-05,25.200000762939453,25.75,25.049999237060547,25.39999961853028,51000
2026-03-06,25.14999961853028,25.25,24.850000381469727,25.14999961853028,39000
2026-03-09,24.700000762939453,24.700000762939453,24.049999237060547,24.350000381469727,172000
2026-03-10,24.39999961853028,24.799999237060547,24.39999961853028,24.799999237060547,64000
2026-03-11,25.0,25.5,25.0,25.299999237060547,68001
2026-03-12,24.700000762939453,25.14999961853028,24.700000762939453,24.89999961853028,74000
2026-03-13,24.350000381469727,24.950000762939453,24.350000381469727,24.549999237060547,117295
2026-03-16,24.64999961853028,24.700000762939453,24.25,24.39999961853028,95050
2026-03-17,24.39999961853028,25.0,24.39999961853028,25.0,73354
2026-03-18,25.049999237060547,25.799999237060547,25.0,25.75,55489
2026-03-19,25.299999237060547,25.700000762939453,25.25,25.450000762939453,85437
2026-03-20,25.600000381469727,26.799999237060547,25.600000381469727,25.89999961853028,99060
2026-03-23,25.0,25.39999961853028,24.600000381469727,25.14999961853028,68000
2026-03-24,25.39999961853028,25.950000762939453,25.100000381469727,25.299999237060547,37587
2026-03-25,25.64999961853028,25.64999961853028,25.5,25.64999961853028,43100
2026-03-26,25.700000762939453,25.799999237060547,25.549999237060547,25.64999961853028,30231
2026-03-27,25.5,25.700000762939453,25.14999961853028,25.700000762939453,52000
2026-03-30,25.200000762939453,25.299999237060547,25.0,25.100000381469727,32000
2026-03-31,24.75,25.0,24.549999237060547,24.75,29517
2026-04-01,25.100000381469727,25.200000762939453,24.450000762939453,24.75,46000
2026-04-02,24.950000762939453,25.100000381469727,24.600000381469727,24.600000381469727,48044
2026-04-07,25.0,25.0,24.5,24.549999237060547,42000
2026-04-08,24.600000381469727,25.39999961853028,24.600000381469727,25.299999237060547,83000
2026-04-09,25.299999237060547,25.350000381469727,25.0,25.14999961853028,36274
2026-04-10,25.100000381469727,25.39999961853028,25.100000381469727,25.299999237060547,44262
2026-04-13,25.299999237060547,25.450000762939453,25.25,25.350000381469727,92192
2026-04-14,25.350000381469727,25.39999961853028,25.049999237060547,25.25,149009
2026-04-15,25.25,25.39999961853028,25.049999237060547,25.299999237060547,96115
2026-04-16,25.14999961853028,25.39999961853028,25.049999237060547,25.200000762939453,83361
2026-04-17,25.200000762939453,25.25,24.89999961853028,25.25,60001
2026-04-20,25.049999237060547,25.200000762939453,24.850000381469727,24.89999961853028,92642
2026-04-21,24.950000762939453,25.100000381469727,24.950000762939453,25.0,34001
2026-04-22,25.100000381469727,25.100000381469727,24.600000381469727,24.799999237060547,36283
2026-04-23,24.700000762939453,24.700000762939453,23.950000762939453,24.200000762939453,147000
2026-04-24,24.299999237060547,24.299999237060547,23.5,23.850000381469727,153876
2026-04-27,23.5,23.5,22.89999961853028,23.14999961853028,138000
2026-04-28,23.14999961853028,23.25,23.049999237060547,23.200000762939453,84405
2026-04-29,23.200000762939453,23.5,23.0,23.5,85939
2026-04-30,23.200000762939453,23.5,22.850000381469727,23.0,99135
2026-05-04,23.0,23.299999237060547,22.950000762939453,23.100000381469727,62045
2026-05-05,23.299999237060547,23.299999237060547,22.89999961853028,23.100000381469727,63200
2026-05-06,23.200000762939453,23.200000762939453,23.0,23.14999961853028,71473
2026-05-07,23.049999237060547,23.25,22.89999961853028,23.14999961853028,108000
2026-05-08,23.14999961853028,23.5,23.100000381469727,23.5,88000
2026-05-11,23.600000381469727,23.600000381469727,22.89999961853028,23.39999961853028,40000
2026-05-12,23.39999961853028,23.39999961853028,23.049999237060547,23.299999237060547,57721
2026-05-13,23.049999237060547,23.049999237060547,22.5,23.0,146000
2026-05-14,22.75,23.200000762939453,22.700000762939453,23.0,187691
2026-05-15,23.0,23.0,22.39999961853028,22.64999961853028,148010
2026-05-18,22.600000381469727,22.600000381469727,22.25,22.600000381469727,114000
2026-05-19,22.39999961853028,22.600000381469727,22.350000381469727,22.549999237060547,68000
2026-05-20,22.549999237060547,22.549999237060547,22.14999961853028,22.39999961853028,84900
2026-05-21,22.25,22.450000762939453,22.14999961853028,22.299999237060547,86008
2026-05-22,22.14999961853028,22.299999237060547,21.549999237060547,21.700000762939453,287315
2026-05-25,21.700000762939453,21.700000762939453,20.450000762939453,21.0,293469
2026-05-26,20.89999961853028,21.25,20.89999961853028,21.200000762939453,97100
2026-05-27,21.0,21.350000381469727,20.549999237060547,21.0,457456
2026-05-28,21.0,21.100000381469727,20.64999961853028,21.100000381469727,210500
2026-05-29,21.100000381469727,21.200000762939453,20.75,21.14999961853028,133000
2026-06-01,21.14999961853028,21.89999961853028,20.850000381469727,21.799999237060547,135268
2026-06-02,21.799999237060547,21.799999237060547,21.299999237060547,21.799999237060547,96000
2026-06-03,21.799999237060547,21.950000762939453,21.600000381469727,21.89999961853028,92078
2026-06-04,22.0,22.64999961853028,21.850000381469727,22.14999961853028,218000
2026-06-05,22.100000381469727,22.799999237060547,22.100000381469727,22.799999237060547,146000
2026-06-08,22.549999237060547,22.600000381469727,21.850000381469727,21.950000762939453,105046
2026-06-09,21.350000381469727,21.64999961853028,21.299999237060547,21.549999237060547,236086
2026-06-10,21.299999237060547,22.75,21.25,22.299999237060547,384000
2026-06-11,22.5,22.5,21.600000381469727,22.100000381469727,166136
2026-06-12,22.450000762939453,22.450000762939453,21.89999961853028,22.299999237060547,86010
2026-06-15,22.600000381469727,22.600000381469727,22.049999237060547,22.299999237060547,136000
2026-06-16,22.549999237060547,22.549999237060547,22.049999237060547,22.200000762939453,91003
2026-06-17,22.100000381469727,22.5,22.100000381469727,22.5,179076
2026-06-18,22.600000381469727,22.799999237060547,22.299999237060547,22.549999237060547,187000
2026-06-22,22.5,22.5,21.5,21.799999237060547,397640
2026-06-23,21.89999961853028,21.89999961853028,21.5,21.700000762939453,74000
2026-06-24,21.600000381469727,22.0,21.549999237060547,21.89999961853028,92000
2026-06-25,21.850000381469727,22.0,21.850000381469727,21.89999961853028,97000
2026-06-26,21.600000381469727,21.950000762939453,21.5,21.600000381469727,71000
2026-06-29,21.549999237060547,21.700000762939453,21.39999961853028,21.39999961853028,105359
2026-06-30,21.5,21.549999237060547,21.450000762939453,21.549999237060547,76000
2026-07-01,21.700000762939453,21.700000762939453,21.350000381469727,21.600000381469727,151000
2026-07-02,21.64999961853028,21.64999961853028,21.350000381469727,21.450000762939453,98914
2026-07-03,21.450000762939453,21.799999237060547,21.450000762939453,21.799999237060547,72010
2026-07-06,21.799999237060547,22.100000381469727,21.799999237060547,21.850000381469727,79000
2026-07-07,21.950000762939453,21.950000762939453,21.5,21.700000762939453,106350
2026-07-08,21.89999961853028,21.89999961853028,21.64999961853028,21.799999237060547,63000
2026-07-09,21.600000381469727,21.89999961853028,21.5,21.850000381469727,169100
2026-07-10,21.850000381469727,21.850000381469727,21.850000381469727,21.850000381469727,0
2026-07-13,22.100000381469727,22.5,21.850000381469727,22.200000762939453,140000
2026-07-14,22.350000381469727,22.350000381469727,21.700000762939453,22.049999237060547,126001
2026-07-15,22.25,22.25,21.600000381469727,22.100000381469727,188013
2026-07-16,22.14999961853028,22.14999961853028,21.5,22.14999961853028,101100
2026-07-17,21.799999237060547,22.100000381469727,21.5,21.799999237060547,99100
2026-07-20,21.950000762939453,22.799999237060547,21.799999237060547,22.64999961853028,258064
2026-07-21,22.799999237060547,23.89999961853028,22.799999237060547,23.299999237060547,691000
2026-07-22,23.299999237060547,23.549999237060547,22.89999961853028,23.200000762939453,218043
2026-07-23,23.39999961853028,23.39999961853028,22.600000381469727,23.0,111100
2026-07-24,23.0,23.100000381469727,22.64999961853028,23.100000381469727,217000
2026-07-27,23.100000381469727,23.14999961853028,22.850000381469727,22.850000381469727,140841
2026-07-28,22.799999237060547,22.799999237060547,22.5,22.75,122010
2026-07-29,22.950000762939453,23.350000381469727,22.64999961853028,23.049999237060547,307000
2026-07-30,23.14999961853028,23.14999961853028,22.549999237060547,22.700000762939453,90000
2026-07-31,23.0,23.049999237060547,22.75,23.0,66198
2026-08-03,23.299999237060547,23.299999237060547,22.799999237060547,23.049999237060547,85000
2026-08-04,22.799999237060547,23.299999237060547,22.799999237060547,23.0,185556
2026-08-05,23.200000762939453,23.299999237060547,22.700000762939453,23.25,235341
2026-08-06,22.0,22.0,21.25,21.75,230028
2026-08-07,21.5,22.100000381469727,21.5,22.049999237060547,109045
2026-08-10,22.049999237060547,22.200000762939453,22.0,22.049999237060547,61000
2026-08-11,22.049999237060547,22.14999961853028,21.799999237060547,22.049999237060547,65000
2026-08-12,21.850000381469727,22.0,21.700000762939453,21.75,82354
2026-08-13,21.850000381469727,22.700000762939453,21.700000762939453,21.850000381469727,171000
2026-08-14,22.0,22.0,21.75,21.850000381469727,61596
2026-08-17,21.850000381469727,22.0,21.600000381469727,22.0,71010
2026-08-18,21.799999237060547,22.100000381469727,21.75,21.75,66000
2026-08-19,21.75,21.950000762939453,21.700000762939453,21.850000381469727,50000
2026-08-20,22.100000381469727,22.299999237060547,21.89999961853028,22.299999237060547,114000
2026-08-21,22.25,22.799999237060547,22.14999961853028,22.549999237060547,185014
2026-08-24,22.600000381469727,22.64999961853028,22.25,22.350000381469727,46000
2026-08-25,22.299999237060547,22.549999237060547,22.14999961853028,22.14999961853028,61219
2026-08-26,22.450000762939453,22.450000762939453,22.0,22.100000381469727,71179
2026-08-27,22.299999237060547,22.450000762939453,22.14999961853028,22.14999961853028,83100
2026-08-28,22.39999961853028,22.39999961853028,22.0,22.14999961853028,68000
2026-08-31,22.14999961853028,22.299999237060547,21.799999237060547,21.950000762939453,135000
2026-09-01,21.89999961853028,22.049999237060547,21.850000381469727,21.850000381469727,71781
2026-09-02,21.89999961853028,22.049999237060547,21.850000381469727,22.0,32100
2026-09-03,22.049999237060547,22.14999961853028,21.850000381469727,22.0,123000
2026-09-04,21.950000762939453,22.299999237060547,21.950000762939453,22.14999961853028,117000
2026-09-07,22.200000762939453,22.25,22.0,22.25,100605
2026-09-08,22.25,22.25,22.049999237060547,22.200000762939453,79044
2026-09-09,22.200000762939453,22.200000762939453,22.049999237060547,22.200000762939453,43268
2026-09-10,22.14999961853028,22.14999961853028,22.049999237060547,22.14999961853028,37000
2026-09-11,22.049999237060547,22.100000381469727,21.799999237060547,21.950000762939453,56000
2026-09-14,21.89999961853028,21.89999961853028,21.700000762939453,21.850000381469727,113860
2026-09-15,21.799999237060547,21.89999961853028,21.700000762939453,21.700000762939453,84000
2026-09-16,21.75,22.14999961853028,21.75,21.75,41057
2026-09-17,21.799999237060547,22.0,21.799999237060547,21.89999961853028,37000
2026-09-18,22.200000762939453,22.450000762939453,22.14999961853028,22.25,108000
2026-09-21,22.299999237060547,22.799999237060547,22.299999237060547,22.5,229000
2026-09-22,22.850000381469727,22.850000381469727,22.399999618530273,22.549999237060547,150000
2026-09-23,22.350000381469727,22.5,22.200000762939453,22.200000762939453,52064
2026-09-24,22.100000381469727,22.299999237060547,21.799999237060547,22.0,132162
2026-09-29,22.0,22.0,21.799999237060547,21.950000762939453,53030
2026-09-30,21.950000762939453,22.0,21.850000381469727,22.0,66000
