date,open,high,low,close,volume
2020-01-02,24.44444465637207,24.55555534362793,24.11111068725586,24.16666603088379,1426499
2020-01-03,24.27777671813965,24.44444465637207,23.388887405395508,23.5,1333983
2020-01-06,23.388887405395508,23.388887405395508,22.77777671813965,22.77777671813965,967590
2020-01-07,22.94444465637207,23.66666603088379,22.66666603088379,23.44444465637207,1566149
2020-01-08,23.22222137451172,23.388887405395508,22.94444465637207,23.0,765900
2020-01-09,23.11111068725586,23.61111068725586,23.11111068725586,23.16666603088379,617880
2020-01-10,23.333332061767575,23.333332061767575,23.0,23.11111068725586,381639
2020-01-13,23.333332061767575,23.72222137451172,23.0,23.44444465637207,413280
2020-01-14,23.55555534362793,24.0,23.44444465637207,23.833332061767575,772081
2020-01-15,24.0,24.0,23.5,23.55555534362793,414326
2020-01-16,23.55555534362793,23.72222137451172,23.388887405395508,23.44444465637207,301500
2020-01-17,23.888887405395508,23.94444465637207,23.388887405395508,23.77777671813965,887402
2020-01-20,24.05555534362793,24.11111068725586,23.61111068725586,23.66666603088379,669600
2020-01-30,21.66666603088379,22.22222137451172,21.333332061767575,21.333332061767575,1808343
2020-01-31,21.16666603088379,21.66666603088379,20.333332061767575,20.55555534362793,1320309
2020-02-03,19.44444465637207,19.94444465637207,18.5,19.66666603088379,1178244
2020-02-04,24.77777671813965,24.833332061767575,20.61111068725586,20.61111068725586,773685
2020-02-05,20.66666603088379,21.11111068725586,20.388887405395508,20.77777671813965,387000
2020-02-06,21.16666603088379,21.388887405395508,20.94444465637207,21.27777671813965,426612
2020-02-07,21.16666603088379,21.333332061767575,20.22222137451172,20.27777671813965,840606
2020-02-10,19.55555534362793,20.333332061767575,19.5,20.16666603088379,386148
2020-02-11,20.27777671813965,20.5,20.11111068725586,20.11111068725586,381934
2020-02-12,20.333332061767575,20.66666603088379,20.333332061767575,20.5,550351
2020-02-13,20.77777671813965,20.77777671813965,20.16666603088379,20.22222137451172,437508
2020-02-14,20.333332061767575,20.44444465637207,20.16666603088379,20.388887405395508,222331
2020-02-17,20.388887405395508,20.388887405395508,19.94444465637207,20.0,566158
2020-02-18,20.0,20.66666603088379,20.0,20.11111068725586,816318
2020-02-19,20.22222137451172,20.44444465637207,20.05555534362793,20.388887405395508,291962
2020-02-20,20.44444465637207,20.5,20.16666603088379,20.16666603088379,247829
2020-02-21,20.333332061767575,20.44444465637207,20.05555534362793,20.11111068725586,269245
2020-02-24,20.0,20.11111068725586,19.66666603088379,19.77777671813965,484200
2020-02-25,19.27777671813965,19.72222137451172,19.11111068725586,19.5,471156
2020-02-26,19.44444465637207,19.888887405395508,19.333332061767575,19.55555534362793,256500
2020-02-27,19.55555534362793,19.77777671813965,18.833332061767575,19.0,948609
2020-03-02,18.333332061767575,19.11111068725586,17.94444465637207,18.77777671813965,468008
2020-03-03,19.16666603088379,19.66666603088379,19.11111068725586,19.11111068725586,353718
2020-03-04,19.11111068725586,21.0,18.94444465637207,21.0,4160808
2020-03-05,20.94444465637207,21.72222137451172,20.833332061767575,21.11111068725586,6868022
2020-03-06,20.72222137451172,20.888887405395508,20.22222137451172,20.22222137451172,1416645
2020-03-09,20.11111068725586,20.22222137451172,19.16666603088379,19.16666603088379,1090913
2020-03-10,18.11111068725586,19.333332061767575,18.11111068725586,19.333332061767575,1028717
2020-03-11,19.55555534362793,19.77777671813965,18.66666603088379,18.66666603088379,705600
2020-03-12,18.333332061767575,18.44444465637207,16.833332061767578,17.16666603088379,2829600
2020-03-13,15.61111068725586,16.888887405395508,15.55555534362793,16.66666603088379,2225721
2020-03-16,16.44444465637207,17.333332061767578,16.05555534362793,16.05555534362793,1313137
2020-03-17,15.0,16.55555534362793,15.0,15.444443702697754,1476090
2020-03-18,15.944443702697754,16.05555534362793,15.444443702697754,15.444443702697754,936051
2020-03-19,15.388888359069824,15.444443702697754,13.944443702697754,13.944443702697754,2462400
2020-03-20,14.444443702697754,15.333333015441896,14.333333015441896,15.0,1613097
2020-03-23,14.222222328186035,14.222222328186035,13.5,13.777776718139648,1022274
2020-03-24,14.388888359069824,15.11111068725586,14.222222328186035,15.11111068725586,924300
2020-03-25,15.61111068725586,15.944443702697754,15.333333015441896,15.55555534362793,990180
2020-03-26,15.666666030883787,17.05555534362793,15.666666030883787,16.388887405395508,2988900
2020-03-27,16.44444465637207,16.94444465637207,16.05555534362793,16.44444465637207,2147416
2020-03-30,16.388887405395508,17.55555534362793,16.05555534362793,16.94444465637207,3925524
2020-03-31,17.0,17.333332061767578,16.5,16.66666603088379,1342828
2020-04-01,16.72222137451172,16.94444465637207,16.55555534362793,16.77777671813965,677748
2020-04-06,17.0,17.0,16.55555534362793,16.94444465637207,775800
2020-04-07,17.333332061767578,17.94444465637207,17.11111068725586,17.66666603088379,2210400
2020-04-08,17.77777671813965,17.94444465637207,17.55555534362793,17.94444465637207,1431940
2020-04-09,18.0,18.333332061767575,17.72222137451172,18.0,1359000
2020-04-10,18.05555534362793,18.05555534362793,17.833332061767578,17.888887405395508,654328
2020-04-13,18.11111068725586,18.11111068725586,17.55555534362793,17.66666603088379,724465
2020-04-14,17.72222137451172,18.61111068725586,17.72222137451172,18.22222137451172,1557716
2020-04-15,18.66666603088379,20.0,18.66666603088379,20.0,7062835
2020-04-16,19.94444465637207,20.44444465637207,19.61111068725586,19.94444465637207,3579480
2020-04-17,20.16666603088379,20.5,19.388887405395508,19.388887405395508,2319300
2020-04-20,19.55555534362793,20.16666603088379,19.22222137451172,19.61111068725586,1725300
2020-04-21,19.55555534362793,20.22222137451172,19.44444465637207,20.16666603088379,3558668
2020-04-22,20.16666603088379,20.27777671813965,19.833332061767575,20.0,4517852
2020-04-23,20.11111068725586,20.22222137451172,19.66666603088379,19.66666603088379,1318940
2020-04-24,19.55555534362793,20.5,19.55555534362793,20.22222137451172,3737701
2020-04-27,20.44444465637207,20.44444465637207,20.05555534362793,20.16666603088379,2112494
2020-04-28,20.333332061767575,20.333332061767575,20.0,20.0,1171527
2020-04-29,20.05555534362793,20.333332061767575,20.05555534362793,20.22222137451172,880200
2020-04-30,20.27777671813965,21.05555534362793,20.16666603088379,20.55555534362793,2054286
2020-05-04,20.388887405395508,21.55555534362793,20.05555534362793,21.55555534362793,3553929
2020-05-05,21.72222137451172,22.72222137451172,21.5,22.22222137451172,7841340
2020-05-06,22.05555534362793,22.27777671813965,21.27777671813965,21.333332061767575,2489400
2020-05-07,21.55555534362793,22.11111068725586,21.388887405395508,21.72222137451172,2808737
2020-05-08,21.77777671813965,21.94444465637207,21.11111068725586,21.16666603088379,2073240
2020-05-11,21.333332061767575,21.333332061767575,20.888887405395508,20.94444465637207,1059503
2020-05-12,21.11111068725586,21.22222137451172,20.77777671813965,20.77777671813965,899100
2020-05-13,20.77777671813965,21.11111068725586,20.66666603088379,21.11111068725586,773118
2020-05-14,20.77777671813965,21.05555534362793,19.388887405395508,19.388887405395508,1932217
2020-05-15,19.61111068725586,20.11111068725586,19.11111068725586,19.27777671813965,1018315
2020-05-18,19.333332061767575,19.44444465637207,18.72222137451172,18.72222137451172,780300
2020-05-19,19.05555534362793,19.22222137451172,18.833332061767575,19.0,534606
2020-05-20,19.11111068725586,19.27777671813965,19.11111068725586,19.11111068725586,405005
2020-05-21,19.22222137451172,20.333332061767575,19.22222137451172,20.333332061767575,1366393
2020-05-22,20.5,20.55555534362793,19.44444465637207,19.55555534362793,1514526
2020-05-25,19.833332061767575,19.888887405395508,19.44444465637207,19.72222137451172,423900
2020-05-26,19.833332061767575,20.05555534362793,19.333332061767575,19.55555534362793,1318500
2020-05-27,19.61111068725586,19.72222137451172,19.388887405395508,19.44444465637207,447125
2020-05-28,19.55555534362793,19.833332061767575,19.333332061767575,19.388887405395508,622800
2020-05-29,19.333332061767575,19.61111068725586,19.333332061767575,19.388887405395508,363483
2020-06-01,19.5,19.94444465637207,19.5,19.77777671813965,616644
2020-06-02,19.833332061767575,20.44444465637207,19.66666603088379,20.388887405395508,1518260
2020-06-03,20.55555534362793,20.833332061767575,20.333332061767575,20.44444465637207,3572714
2020-06-04,20.5,20.61111068725586,20.11111068725586,20.22222137451172,896400
2020-06-05,20.27777671813965,20.72222137451172,20.22222137451172,20.5,928144
2020-06-08,20.55555534362793,20.72222137451172,20.22222137451172,20.22222137451172,632700
2020-06-09,20.333332061767575,20.44444465637207,20.16666603088379,20.16666603088379,517770
2020-06-10,20.16666603088379,20.333332061767575,19.888887405395508,20.22222137451172,736310
2020-06-11,20.22222137451172,20.388887405395508,19.44444465637207,19.5,840249
2020-06-12,18.44444465637207,19.55555534362793,18.44444465637207,19.5,531935
2020-06-15,19.72222137451172,19.77777671813965,19.388887405395508,19.44444465637207,331200
2020-06-16,19.77777671813965,20.27777671813965,19.72222137451172,20.16666603088379,668704
2020-06-17,20.333332061767575,20.5,20.0,20.0,567090
2020-06-18,19.94444465637207,20.333332061767575,19.888887405395508,20.11111068725586,391500
2020-06-19,20.333332061767575,21.0,20.16666603088379,20.888887405395508,2052027
2020-06-22,20.94444465637207,21.66666603088379,20.833332061767575,20.94444465637207,6523707
2020-06-23,20.77777671813965,20.94444465637207,20.16666603088379,20.388887405395508,1793796
2020-06-24,20.388887405395508,20.5,20.11111068725586,20.333332061767575,549000
2020-06-29,20.0,20.22222137451172,19.94444465637207,19.94444465637207,362700
2020-06-30,20.16666603088379,20.44444465637207,20.0,20.22222137451172,386109
2020-07-01,20.44444465637207,21.22222137451172,20.333332061767575,20.72222137451172,1350910
2020-07-02,20.888887405395508,21.0,20.66666603088379,20.66666603088379,473191
2020-07-03,20.833332061767575,21.55555534362793,20.72222137451172,21.11111068725586,2159442
2020-07-06,21.27777671813965,21.5,20.94444465637207,21.11111068725586,1153965
2020-07-07,21.22222137451172,21.888887405395508,21.0,21.66666603088379,3116988
2020-07-08,21.72222137451172,21.833332061767575,21.333332061767575,21.44444465637207,1548196
2020-07-09,21.888887405395508,21.888887405395508,21.11111068725586,21.11111068725586,964800
2020-07-10,21.11111068725586,21.11111068725586,20.388887405395508,20.55555534362793,652500
2020-07-13,21.0,21.61111068725586,20.72222137451172,21.44444465637207,1316943
2020-07-14,21.55555534362793,22.16666603088379,20.55555534362793,20.833332061767575,2349095
2020-07-15,21.16666603088379,22.0,21.0,21.61111068725586,2619180
2020-07-16,21.94444465637207,21.94444465637207,21.27777671813965,21.61111068725586,1085139
2020-07-17,21.66666603088379,21.77777671813965,21.11111068725586,21.11111068725586,1385100
2020-07-20,21.22222137451172,22.333332061767575,21.16666603088379,21.66666603088379,3393638
2020-07-21,21.888887405395508,23.5,21.77777671813965,23.333332061767575,6511861
2020-07-22,23.5,24.94444465637207,22.94444465637207,24.11111068725586,9954870
2020-07-23,23.888887405395508,23.888887405395508,22.833332061767575,23.05555534362793,2404749
2020-07-24,22.833332061767575,23.0,21.61111068725586,21.888887405395508,1831035
2020-07-27,22.22222137451172,22.55555534362793,21.11111068725586,21.16666603088379,1295109
2020-07-28,21.0,21.44444465637207,20.0,20.05555534362793,1474425
2020-07-29,20.22222137451172,20.72222137451172,20.05555534362793,20.61111068725586,398027
2020-07-30,20.94444465637207,21.0,20.61111068725586,20.94444465637207,387109
2020-07-31,20.94444465637207,21.11111068725586,20.77777671813965,21.0,368731
2020-08-03,21.05555534362793,21.16666603088379,20.77777671813965,20.833332061767575,374227
2020-08-04,20.94444465637207,21.16666603088379,20.888887405395508,21.0,455211
2020-08-05,21.11111068725586,21.72222137451172,21.11111068725586,21.44444465637207,1055986
2020-08-06,21.77777671813965,22.16666603088379,21.333332061767575,21.77777671813965,1072891
2020-08-07,21.94444465637207,22.55555534362793,21.888887405395508,22.0,1322191
2020-08-10,22.55555534362793,22.55555534362793,21.66666603088379,21.72222137451172,953102
2020-08-11,22.05555534362793,22.388887405395508,21.833332061767575,21.888887405395508,942301
2020-08-12,22.05555534362793,23.22222137451172,21.66666603088379,22.94444465637207,1954260
2020-08-13,23.16666603088379,23.22222137451172,22.44444465637207,22.5,1645210
2020-08-14,22.888887405395508,23.888887405395508,22.55555534362793,23.66666603088379,2905328
2020-08-17,24.0,24.22222137451172,23.388887405395508,23.833332061767575,2301004
2020-08-18,24.0,24.05555534362793,23.5,23.55555534362793,1444572
2020-08-19,23.94444465637207,24.66666603088379,23.61111068725586,23.66666603088379,1991345
2020-08-20,23.72222137451172,24.05555534362793,21.94444465637207,23.11111068725586,2520045
2020-08-21,23.66666603088379,24.77777671813965,23.388887405395508,24.0,2765746
2020-08-24,24.55555534362793,26.388887405395508,24.333332061767575,26.388887405395508,10166139
2020-08-25,25.94444465637207,27.27777671813965,25.333332061767575,26.888887405395508,7741379
2020-08-26,26.44444465637207,26.833332061767575,26.0,26.388887405395508,2966735
2020-08-27,26.44444465637207,28.22222137451172,26.11111068725586,27.22222137451172,6695135
2020-08-28,27.11111068725586,28.22222137451172,26.888887405395508,27.5,5080129
2020-08-31,27.833332061767575,28.77777671813965,27.05555534362793,27.27777671813965,4851761
2020-09-01,27.77777671813965,28.333332061767575,27.11111068725586,27.72222137451172,3253275
2020-09-02,28.16666603088379,30.44444465637207,28.16666603088379,30.16666603088379,12320335
2020-09-03,30.333332061767575,32.0,29.66666603088379,31.0,7987039
2020-09-04,29.888887405395508,31.44444465637207,29.77777671813965,30.66666603088379,3930725
2020-09-07,31.16666603088379,32.0555534362793,28.94444465637207,29.44444465637207,6421680
2020-09-08,29.5,30.11111068725586,28.55555534362793,29.61111068725586,2496423
2020-09-09,29.11111068725586,30.11111068725586,28.77777671813965,29.22222137451172,1639800
2020-09-10,29.888887405395508,29.888887405395508,27.77777671813965,28.61111068725586,2857050
2020-09-11,28.72222137451172,29.05555534362793,26.833332061767575,26.888887405395508,3217979
2020-09-14,27.72222137451172,29.5,27.388887405395508,29.27777671813965,4907461
2020-09-15,29.27777671813965,29.27777671813965,28.388887405395508,28.888887405395508,2435566
2020-09-16,28.888887405395508,29.333332061767575,28.55555534362793,28.55555534362793,1232283
2020-09-17,28.888887405395508,29.11111068725586,28.16666603088379,28.333332061767575,1155709
2020-09-18,28.388887405395508,30.0,28.0,28.888887405395508,2644470
2020-09-21,30.388887405395508,31.44444465637207,28.61111068725586,28.61111068725586,6979192
2020-09-22,28.44444465637207,29.22222137451172,27.388887405395508,29.0,2996867
2020-09-23,29.0,29.44444465637207,27.61111068725586,28.0,2585303
2020-09-24,27.77777671813965,28.44444465637207,27.05555534362793,27.11111068725586,2287908
2020-09-25,27.888887405395508,27.888887405395508,25.44444465637207,26.388887405395508,2675943
2020-09-28,26.72222137451172,27.5,26.55555534362793,26.77777671813965,548100
2020-09-29,27.16666603088379,27.16666603088379,26.27777671813965,26.5,450908
2020-09-30,26.833332061767575,27.22222137451172,26.388887405395508,27.11111068725586,541800
2020-10-05,27.11111068725586,27.55555534362793,26.94444465637207,27.5,488700
2020-10-06,27.61111068725586,27.833332061767575,27.388887405395508,27.55555534362793,433945
2020-10-07,27.5,28.11111068725586,27.333332061767575,27.888887405395508,696889
2020-10-08,28.11111068725586,28.5,27.888887405395508,28.16666603088379,865370
2020-10-12,28.27777671813965,28.55555534362793,27.333332061767575,28.05555534362793,873533
2020-10-13,28.22222137451172,29.22222137451172,27.833332061767575,29.11111068725586,2559034
2020-10-14,29.11111068725586,29.833332061767575,28.22222137451172,29.44444465637207,3735103
2020-10-15,29.66666603088379,29.66666603088379,28.888887405395508,29.05555534362793,2938817
2020-10-16,29.11111068725586,29.388887405395508,28.5,28.61111068725586,1070234
2020-10-19,28.888887405395508,30.11111068725586,28.833332061767575,29.388887405395508,2327837
2020-10-20,30.0,31.11111068725586,29.77777671813965,30.16666603088379,4530020
2020-10-21,30.55555534362793,30.61111068725586,29.888887405395508,30.27777671813965,1836158
2020-10-22,30.27777671813965,30.333332061767575,29.5,29.77777671813965,1390551
2020-10-23,29.22222137451172,30.888887405395508,29.22222137451172,30.16666603088379,2400660
2020-10-26,30.5,30.5,29.66666603088379,29.833332061767575,602100
2020-10-27,29.55555534362793,30.27777671813965,29.5,29.72222137451172,814446
2020-10-28,30.0,30.05555534362793,28.72222137451172,28.888887405395508,885735
2020-10-29,28.888887405395508,29.77777671813965,27.888887405395508,29.55555534362793,1349197
2020-10-30,29.77777671813965,30.833332061767575,29.0,29.0,3131586
2020-11-02,29.66666603088379,30.94444465637207,29.55555534362793,29.77777671813965,5897880
2020-11-03,29.55555534362793,30.888887405395508,29.16666603088379,30.833332061767575,4158382
2020-11-04,30.833332061767575,31.27777671813965,29.55555534362793,29.888887405395508,4004379
2020-11-05,29.61111068725586,30.05555534362793,29.55555534362793,29.833332061767575,874045
2020-11-06,30.11111068725586,30.66666603088379,29.66666603088379,29.66666603088379,1416150
2020-11-09,30.0,31.44444465637207,29.888887405395508,31.44444465637207,4648320
2020-11-10,31.11111068725586,31.11111068725586,29.72222137451172,30.5,4001400
2020-11-11,30.72222137451172,30.72222137451172,30.0,30.0,1282626
2020-11-12,30.5,32.72222137451172,30.333332061767575,31.44444465637207,13030650
2020-11-13,31.11111068725586,33.16666412353516,30.77777671813965,33.16666412353516,7974629
2020-11-16,33.0555534362793,35.5,32.5,35.22222137451172,12854086
2020-11-17,34.94444274902344,35.38888931274414,33.27777862548828,33.66666412353516,6578753
2020-11-18,33.66666412353516,34.94444274902344,32.61111068725586,33.11111068725586,5442696
2020-11-19,33.11111068725586,33.5555534362793,32.66666412353516,32.66666412353516,2906485
2020-11-20,33.11111068725586,33.11111068725586,31.833332061767575,31.94444465637207,3165542
2020-11-23,32.16666412353516,32.66666412353516,31.66666603088379,31.833332061767575,2506693
2020-11-24,32.0,32.44444274902344,31.5,31.94444465637207,2414894
2020-11-25,32.33333206176758,32.33333206176758,31.5,31.61111068725586,2053197
2020-11-26,31.66666603088379,33.94444274902344,31.66666603088379,33.38888931274414,8185911
2020-11-27,33.0555534362793,33.38888931274414,32.5,32.72222137451172,2970415
2020-11-30,33.11111068725586,33.16666412353516,32.22222137451172,32.38888931274414,2091078
2020-12-01,32.5,32.94444274902344,32.33333206176758,32.5555534362793,2244794
2020-12-02,32.77777862548828,32.88888931274414,32.33333206176758,32.5,1409913
2020-12-03,32.77777862548828,33.44444274902344,32.61111068725586,32.77777862548828,2558970
2020-12-04,33.16666412353516,34.16666412353516,32.83333206176758,34.0,5220949
2020-12-07,34.88888931274414,34.88888931274414,33.11111068725586,33.22222137451172,5589084
2020-12-08,33.22222137451172,33.44444274902344,32.88888931274414,33.11111068725586,1703178
2020-12-09,33.22222137451172,33.83333206176758,32.83333206176758,33.66666412353516,2198004
2020-12-10,33.5,33.5555534362793,32.88888931274414,33.0555534362793,1281663
2020-12-11,32.72222137451172,33.0,31.388887405395508,32.0,3260865
2020-12-14,32.0,32.5555534362793,31.888887405395508,32.11111068725586,803700
2020-12-15,32.22222137451172,32.33333206176758,30.888887405395508,31.05555534362793,1457840
2020-12-16,31.55555534362793,32.11111068725586,31.11111068725586,31.72222137451172,697914
2020-12-17,31.72222137451172,31.94444465637207,31.44444465637207,31.61111068725586,428690
2020-12-18,31.888887405395508,32.0,31.44444465637207,31.5,592354
2020-12-21,31.55555534362793,31.55555534362793,30.16666603088379,30.94444465637207,1440900
2020-12-22,31.0,32.0555534362793,30.833332061767575,30.833332061767575,987299
2020-12-23,30.94444465637207,31.833332061767575,30.833332061767575,31.66666603088379,753284
2020-12-24,31.888887405395508,32.5555534362793,31.888887405395508,32.0,772216
2020-12-25,32.16666412353516,32.38888931274414,31.77777671813965,32.0555534362793,622142
2020-12-28,32.22222137451172,32.61111068725586,32.0555534362793,32.27777862548828,753590
2020-12-29,32.33333206176758,33.61111068725586,32.33333206176758,32.77777862548828,2189222
2020-12-30,33.33333206176758,34.0555534362793,32.22222137451172,32.33333206176758,4575426
2020-12-31,32.33333206176758,32.33333206176758,31.77777671813965,31.888887405395508,844650
2021-01-04,31.888887405395508,32.83333206176758,31.77777671813965,32.77777862548828,1282770
2021-01-05,32.66666412353516,34.16666412353516,32.5,33.94444274902344,5504479
2021-01-06,34.38888931274414,36.88888931274414,34.0,36.61111068725586,19789437
2021-01-07,36.77777862548828,38.0555534362793,35.16666412353516,36.11111068725586,8788950
2021-01-08,36.0,36.0,34.33333206176758,34.5,3476246
2021-01-11,34.83333206176758,35.66666412353516,34.44444274902344,35.5555534362793,2018790
2021-01-12,35.5555534362793,36.5555534362793,34.44444274902344,34.83333206176758,4012031
2021-01-13,35.0,35.5555534362793,34.5555534362793,34.66666412353516,1436400
2021-01-14,34.77777862548828,35.33333206176758,34.5,35.0555534362793,1320304
2021-01-15,35.38888931274414,35.44444274902344,34.0555534362793,34.11111068725586,1584363
2021-01-18,33.77777862548828,33.88888931274414,31.888887405395508,33.5,1708204
2021-01-19,34.33333206176758,35.11111068725586,34.0555534362793,34.27777862548828,1494677
2021-01-20,34.27777862548828,34.72222137451172,31.77777671813965,32.27777862548828,2161098
2021-01-21,32.77777862548828,32.88888931274414,31.44444465637207,31.833332061767575,1292690
2021-01-22,31.66666603088379,32.77777862548828,31.66666603088379,32.61111068725586,860400
2021-01-25,32.77777862548828,32.77777862548828,31.66666603088379,32.5,695700
2021-01-26,32.5,33.22222137451172,31.94444465637207,32.16666412353516,907200
2021-01-27,32.5,32.61111068725586,32.11111068725586,32.33333206176758,465759
2021-01-28,31.388887405395508,32.11111068725586,31.388887405395508,31.55555534362793,762318
2021-01-29,31.94444465637207,32.0,30.72222137451172,30.77777671813965,954926
2021-02-01,30.77777671813965,31.16666603088379,29.61111068725586,30.833332061767575,768843
2021-02-02,31.11111068725586,31.388887405395508,30.888887405395508,31.22222137451172,268200
2021-02-03,31.333332061767575,31.44444465637207,30.66666603088379,30.77777671813965,468306
2021-02-04,30.888887405395508,31.22222137451172,30.66666603088379,30.833332061767575,229501
2021-02-05,30.888887405395508,31.05555534362793,30.27777671813965,30.61111068725586,675091
2021-02-17,31.55555534362793,32.77777862548828,31.05555534362793,32.66666412353516,1220544
2021-02-18,32.66666412353516,34.66666412353516,32.22222137451172,34.66666412353516,1686917
2021-02-19,34.44444274902344,34.88888931274414,33.77777862548828,34.88888931274414,1351086
2021-02-22,35.22222137451172,36.61111068725586,35.11111068725586,36.0,2865816
2021-02-23,36.5555534362793,39.27777862548828,36.44444274902344,38.66666412353516,9172651
2021-02-24,38.66666412353516,38.88888931274414,36.88888931274414,37.44444274902344,2724991
2021-02-25,37.77777862548828,38.11111068725586,36.38888931274414,37.0,1701956
2021-02-26,36.16666412353516,37.94444274902344,36.16666412353516,37.27777862548828,2026172
2021-03-02,38.0,38.11111068725586,35.44444274902344,35.5555534362793,2012850
2021-03-03,35.5555534362793,35.83333206176758,34.66666412353516,35.27777862548828,747450
2021-03-04,35.44444274902344,35.5555534362793,34.61111068725586,34.66666412353516,501707
2021-03-05,34.66666412353516,35.16666412353516,34.22222137451172,34.44444274902344,460142
2021-03-08,34.77777862548828,34.94444274902344,33.61111068725586,33.61111068725586,1137427
2021-03-09,33.33333206176758,33.61111068725586,32.83333206176758,33.38888931274414,927413
2021-03-10,33.5,34.66666412353516,33.5,33.77777862548828,955627
2021-03-11,34.22222137451172,34.22222137451172,33.72222137451172,34.16666412353516,1030500
2021-03-12,34.33333206176758,34.44444274902344,33.77777862548828,34.22222137451172,864072
2021-03-15,34.33333206176758,34.88888931274414,34.33333206176758,34.66666412353516,873000
2021-03-16,34.88888931274414,34.94444274902344,34.0555534362793,34.0555534362793,868888
2021-03-17,34.22222137451172,36.61111068725586,34.22222137451172,36.38888931274414,2950337
2021-03-18,36.11111068725586,37.27777862548828,35.66666412353516,36.88888931274414,2642031
2021-03-19,36.66666412353516,37.22222137451172,36.0,36.22222137451172,1513260
2021-03-22,36.33333206176758,36.33333206176758,35.61111068725586,35.61111068725586,1113323
2021-03-23,35.94444274902344,35.94444274902344,35.11111068725586,35.44444274902344,1056690
2021-03-24,35.33333206176758,36.44444274902344,35.22222137451172,35.72222137451172,1117800
2021-03-25,36.0,36.66666412353516,35.72222137451172,35.77777862548828,1483937
2021-03-26,36.11111068725586,36.5,36.0555534362793,36.27777862548828,604404
2021-03-29,37.0555534362793,37.5,36.5,36.5555534362793,1808111
2021-03-30,36.5555534362793,37.94444274902344,36.27777862548828,37.22222137451172,3594237
2021-03-31,37.72222137451172,38.22222137451172,36.66666412353516,36.94444274902344,1512914
2021-04-01,37.11111068725586,37.16666412353516,36.16666412353516,36.22222137451172,1028286
2021-04-07,37.5555534362793,38.11111068725586,37.0,37.83333206176758,1615680
2021-04-08,38.11111068725586,40.5,37.61111068725586,39.5555534362793,6397494
2021-04-09,39.33333206176758,39.44444274902344,37.77777862548828,38.11111068725586,2403936
2021-04-12,38.77777862548828,39.94444274902344,38.38888931274414,39.22222137451172,2829719
2021-04-13,38.83333206176758,39.27777862548828,37.83333206176758,38.5555534362793,1413558
2021-04-14,38.61111068725586,39.16666412353516,36.11111068725586,38.38888931274414,1788345
2021-04-15,38.38888931274414,39.11111068725586,37.61111068725586,38.88888931274414,916751
2021-04-16,39.11111068725586,40.27777862548828,38.61111068725586,39.16666412353516,1710642
2021-04-19,39.88888931274414,41.0555534362793,38.88888931274414,39.11111068725586,1629642
2021-04-20,39.11111068725586,40.77777862548828,38.88888931274414,40.5555534362793,2195306
2021-04-21,40.88888931274414,40.94444274902344,39.61111068725586,39.72222137451172,2089083
2021-04-22,39.88888931274414,40.0555534362793,37.22222137451172,37.72222137451172,2216949
2021-04-23,37.94444274902344,38.0,37.0555534362793,37.44444274902344,715608
2021-04-26,38.66666412353516,38.66666412353516,37.0,37.16666412353516,1429933
2021-04-27,37.33333206176758,37.72222137451172,37.0555534362793,37.38888931274414,477899
2021-04-28,37.38888931274414,38.66666412353516,37.38888931274414,38.44444274902344,1394270
2021-04-29,38.72222137451172,39.83333206176758,37.77777862548828,38.16666412353516,3528900
2021-05-03,37.77777862548828,37.83333206176758,35.61111068725586,35.61111068725586,2201402
2021-05-04,35.61111068725586,36.11111068725586,32.38888931274414,33.16666412353516,1899130
2021-05-05,33.11111068725586,33.72222137451172,32.5,32.5555534362793,831849
2021-05-06,32.66666412353516,33.11111068725586,32.0555534362793,32.5555534362793,935460
2021-05-07,33.66666412353516,33.88888931274414,32.83333206176758,33.88888931274414,541237
2021-05-10,33.88888931274414,33.88888931274414,32.27777862548828,32.5,848699
2021-05-11,32.11111068725586,32.22222137451172,29.94444465637207,30.5,1410300
2021-05-12,30.11111068725586,30.94444465637207,27.5,28.0,1729805
2021-05-13,27.27777671813965,29.22222137451172,26.66666603088379,28.66666603088379,981041
2021-05-14,29.22222137451172,29.833332061767575,28.0,28.66666603088379,630936
2021-05-17,26.66666603088379,28.16666603088379,25.888887405395508,26.05555534362793,1161905
2021-05-18,26.5,28.61111068725586,26.5,28.61111068725586,914441
2021-05-19,29.11111068725586,29.44444465637207,28.22222137451172,29.16666603088379,606600
2021-05-20,29.11111068725586,29.77777671813965,28.333332061767575,28.44444465637207,346505
2021-05-21,29.0,29.55555534362793,28.72222137451172,29.11111068725586,242535
2021-05-24,28.66666603088379,29.94444465637207,28.66666603088379,29.66666603088379,235800
2021-05-25,30.22222137451172,31.11111068725586,29.833332061767575,30.72222137451172,542700
2021-05-26,31.05555534362793,31.05555534362793,30.0,30.333332061767575,213745
2021-05-27,30.333332061767575,30.94444465637207,29.833332061767575,30.44444465637207,350100
2021-05-28,30.5,30.833332061767575,30.22222137451172,30.5,350100
2021-05-31,30.66666603088379,30.94444465637207,30.333332061767575,30.61111068725586,409680
2021-06-01,30.77777671813965,31.66666603088379,30.77777671813965,31.27777671813965,653400
2021-06-02,31.44444465637207,31.44444465637207,30.55555534362793,30.888887405395508,299745
2021-06-03,30.72222137451172,31.0,30.61111068725586,30.72222137451172,216900
2021-06-04,30.77777671813965,31.333332061767575,30.5,30.61111068725586,477900
2021-06-07,30.66666603088379,30.66666603088379,29.72222137451172,30.333332061767575,218700
2021-06-08,30.66666603088379,31.5,30.333332061767575,31.388887405395508,423956
2021-06-09,31.05555534362793,31.55555534362793,30.77777671813965,30.833332061767575,338340
2021-06-10,31.0,31.27777671813965,30.72222137451172,30.888887405395508,161203
2021-06-11,31.05555534362793,31.27777671813965,30.833332061767575,31.0,246600
2021-06-15,31.333332061767575,31.44444465637207,30.833332061767575,31.05555534362793,217965
2021-06-16,31.0,31.05555534362793,30.388887405395508,30.55555534362793,233100
2021-06-17,30.55555534362793,31.11111068725586,30.55555534362793,31.05555534362793,192697
2021-06-18,31.11111068725586,31.16666603088379,30.833332061767575,30.888887405395508,192600
2021-06-21,30.77777671813965,31.16666603088379,30.11111068725586,30.27777671813965,368100
2021-06-22,30.388887405395508,31.22222137451172,30.22222137451172,31.05555534362793,593110
2021-06-23,31.22222137451172,32.16666412353516,31.11111068725586,32.11111068725586,1053000
2021-06-24,32.11111068725586,32.5,31.72222137451172,32.11111068725586,365400
2021-06-25,32.11111068725586,32.22222137451172,31.61111068725586,31.61111068725586,453611
2021-06-28,31.66666603088379,32.5555534362793,31.66666603088379,32.27777862548828,660609
2021-06-29,32.38888931274414,32.44444274902344,31.333332061767575,31.44444465637207,356712
2021-06-30,31.44444465637207,32.0,31.388887405395508,32.0,373500
2021-07-01,32.16666412353516,33.0555534362793,31.72222137451172,31.94444465637207,811980
2021-07-02,32.27777862548828,32.38888931274414,31.94444465637207,32.11111068725586,243004
2021-07-05,32.22222137451172,32.77777862548828,32.11111068725586,32.5,585171
2021-07-06,32.77777862548828,32.83333206176758,32.22222137451172,32.22222137451172,186589
2021-07-07,32.44444274902344,32.44444274902344,31.44444465637207,31.66666603088379,422280
2021-07-08,31.77777671813965,32.22222137451172,31.72222137451172,31.888887405395508,400500
2021-07-09,32.0555534362793,33.0555534362793,31.833332061767575,32.83333206176758,1009544
2021-07-12,33.27777862548828,33.27777862548828,32.11111068725586,32.44444274902344,1066542
2021-07-13,32.5555534362793,32.61111068725586,31.94444465637207,32.0,792000
2021-07-14,31.94444465637207,32.33333206176758,31.16666603088379,31.333332061767575,553503
2021-07-15,31.5,31.888887405395508,31.333332061767575,31.66666603088379,216000
2021-07-16,31.66666603088379,32.22222137451172,31.66666603088379,32.16666412353516,271044
2021-07-19,32.22222137451172,32.22222137451172,31.61111068725586,31.61111068725586,204303
2021-07-20,31.61111068725586,31.61111068725586,30.0,30.27777671813965,960473
2021-07-21,30.44444465637207,30.833332061767575,29.72222137451172,29.833332061767575,397822
2021-07-22,30.0,30.5,29.77777671813965,29.833332061767575,315000
2021-07-23,30.0,30.888887405395508,29.833332061767575,30.11111068725586,496170
2021-07-26,30.44444465637207,31.66666603088379,30.16666603088379,31.16666603088379,490500
2021-07-27,31.5,31.55555534362793,30.55555534362793,30.66666603088379,193500
2021-07-28,30.72222137451172,30.72222137451172,29.333332061767575,30.0,273600
2021-07-29,30.11111068725586,30.27777671813965,29.72222137451172,30.22222137451172,208800
2021-07-30,30.27777671813965,30.27777671813965,29.55555534362793,29.77777671813965,275400
2021-08-02,29.77777671813965,30.0,29.44444465637207,29.77777671813965,146700
2021-08-03,30.0,30.22222137451172,29.833332061767575,29.94444465637207,213302
2021-08-04,30.05555534362793,30.22222137451172,29.833332061767575,30.0,190833
2021-08-05,30.11111068725586,30.388887405395508,30.0,30.22222137451172,248400
2021-08-06,30.333332061767575,30.5,30.11111068725586,30.22222137451172,135000
2021-08-09,30.22222137451172,30.27777671813965,29.72222137451172,29.72222137451172,228600
2021-08-10,29.77777671813965,29.77777671813965,29.05555534362793,29.22222137451172,223202
2021-08-11,28.888887405395508,29.11111068725586,27.55555534362793,27.888887405395508,369173
2021-08-12,28.05555534362793,28.388887405395508,27.94444465637207,28.22222137451172,108000
2021-08-13,28.22222137451172,28.22222137451172,27.22222137451172,27.22222137451172,308898
2021-08-16,27.22222137451172,27.27777671813965,26.16666603088379,26.55555534362793,272833
2021-08-17,26.55555534362793,26.55555534362793,26.55555534362793,26.55555534362793,0
2021-08-18,25.55555534362793,27.22222137451172,25.27777671813965,27.05555534362793,221400
2021-08-19,27.22222137451172,27.22222137451172,25.94444465637207,26.11111068725586,193680
2021-08-20,26.16666603088379,26.388887405395508,25.66666603088379,26.11111068725586,138600
2021-08-23,26.388887405395508,27.44444465637207,26.388887405395508,27.388887405395508,133497
2021-08-24,27.5,27.5,27.05555534362793,27.333332061767575,107100
2021-08-25,27.333332061767575,28.16666603088379,27.333332061767575,27.77777671813965,145801
2021-08-26,28.22222137451172,28.72222137451172,27.833332061767575,28.72222137451172,207018
2021-08-27,28.72222137451172,28.72222137451172,28.333332061767575,28.72222137451172,85500
2021-08-30,28.94444465637207,28.94444465637207,28.55555534362793,28.55555534362793,55897
2021-08-31,28.61111068725586,28.61111068725586,28.11111068725586,28.333332061767575,41400
2021-09-01,28.333332061767575,28.77777671813965,28.333332061767575,28.72222137451172,60390
2021-09-02,28.61111068725586,28.72222137451172,28.333332061767575,28.61111068725586,69300
2021-09-03,28.5,28.833332061767575,28.44444465637207,28.833332061767575,99090
2021-09-06,28.888887405395508,28.888887405395508,28.44444465637207,28.55555534362793,153090
2021-09-07,28.55555534362793,28.61111068725586,28.0,28.05555534362793,189900
2021-09-08,27.888887405395508,27.888887405395508,27.0,27.0,165603
2021-09-09,26.888887405395508,27.333332061767575,26.77777671813965,27.11111068725586,104401
2021-09-10,27.27777671813965,27.44444465637207,27.0,27.0,63900
2021-09-13,27.333332061767575,27.333332061767575,27.05555534362793,27.11111068725586,40549
2021-09-14,27.333332061767575,27.333332061767575,26.94444465637207,27.05555534362793,85501
2021-09-15,26.888887405395508,27.0,26.833332061767575,26.94444465637207,81051
2021-09-16,26.833332061767575,27.388887405395508,26.77777671813965,26.888887405395508,82800
2021-09-17,26.833332061767575,27.16666603088379,26.66666603088379,27.16666603088379,98550
2021-09-22,26.61111068725586,27.11111068725586,26.27777671813965,26.5,128189
2021-09-23,26.66666603088379,26.94444465637207,26.5,26.66666603088379,51300
2021-09-24,26.833332061767575,26.888887405395508,26.77777671813965,26.833332061767575,59400
2021-09-27,26.55555534362793,26.77777671813965,26.5,26.66666603088379,92700
2021-09-28,26.66666603088379,26.66666603088379,26.22222137451172,26.333332061767575,183599
2021-09-29,26.66666603088379,26.66666603088379,25.833332061767575,25.888887405395508,140545
2021-09-30,25.77777671813965,25.888887405395508,25.5,25.72222137451172,116100
2021-10-01,25.61111068725586,25.61111068725586,24.44444465637207,24.55555534362793,434825
2021-10-04,24.55555534362793,24.55555534362793,22.94444465637207,24.333332061767575,455807
2021-10-05,23.55555534362793,25.05555534362793,23.5,24.72222137451172,163800
2021-10-06,24.72222137451172,24.72222137451172,24.333332061767575,24.44444465637207,117918
2021-10-07,24.44444465637207,25.44444465637207,24.44444465637207,25.388887405395508,155700
2021-10-08,25.5,26.11111068725586,25.333332061767575,25.77777671813965,166950
2021-10-12,25.888887405395508,25.888887405395508,25.44444465637207,25.61111068725586,70483
2021-10-13,25.61111068725586,25.66666603088379,25.44444465637207,25.61111068725586,100800
2021-10-14,25.44444465637207,25.55555534362793,25.388887405395508,25.55555534362793,77497
2021-10-15,25.833332061767575,26.388887405395508,25.833332061767575,26.05555534362793,81290
2021-10-18,26.05555534362793,26.05555534362793,25.55555534362793,25.833332061767575,65705
2021-10-19,25.833332061767575,26.333332061767575,25.833332061767575,26.27777671813965,106200
2021-10-20,26.44444465637207,26.44444465637207,25.888887405395508,25.888887405395508,42302
2021-10-21,26.11111068725586,26.11111068725586,25.77777671813965,26.11111068725586,73800
2021-10-22,26.0,26.11111068725586,25.77777671813965,25.888887405395508,35100
2021-10-25,25.94444465637207,26.05555534362793,25.55555534362793,26.05555534362793,57600
2021-10-26,26.11111068725586,26.388887405395508,26.05555534362793,26.388887405395508,66906
2021-10-27,26.16666603088379,27.44444465637207,26.16666603088379,27.27777671813965,581481
2021-10-28,27.333332061767575,27.833332061767575,27.16666603088379,27.388887405395508,403497
2021-10-29,27.61111068725586,27.61111068725586,27.388887405395508,27.55555534362793,108396
2021-11-01,27.55555534362793,27.61111068725586,27.5,27.61111068725586,82890
2021-11-02,27.61111068725586,27.833332061767575,27.333332061767575,27.333332061767575,99900
2021-11-03,27.11111068725586,27.44444465637207,26.888887405395508,27.27777671813965,76500
2021-11-04,27.16666603088379,27.72222137451172,27.16666603088379,27.66666603088379,360917
2021-11-05,27.888887405395508,28.61111068725586,27.833332061767575,28.0,622800
2021-11-08,28.333332061767575,28.333332061767575,27.94444465637207,28.05555534362793,372664
2021-11-09,28.11111068725586,28.333332061767575,27.94444465637207,28.11111068725586,148711
2021-11-10,28.11111068725586,28.22222137451172,27.888887405395508,28.16666603088379,59400
2021-11-11,28.27777671813965,28.333332061767575,27.888887405395508,28.0,115441
2021-11-12,28.0,28.11111068725586,27.94444465637207,28.05555534362793,54001
2021-11-15,28.22222137451172,29.55555534362793,28.22222137451172,29.27777671813965,457368
2021-11-16,29.333332061767575,29.61111068725586,29.0,29.388887405395508,299700
2021-11-17,29.44444465637207,30.22222137451172,29.388887405395508,30.05555534362793,424816
2021-11-18,30.16666603088379,30.16666603088379,29.833332061767575,30.0,159435
2021-11-19,30.0,30.11111068725586,29.61111068725586,29.66666603088379,163000
2021-11-22,29.55555534362793,29.55555534362793,28.94444465637207,29.388887405395508,154909
2021-11-23,29.44444465637207,29.66666603088379,29.16666603088379,29.16666603088379,191790
2021-11-24,29.22222137451172,29.333332061767575,29.16666603088379,29.27777671813965,65700
2021-11-25,29.22222137451172,30.22222137451172,29.22222137451172,29.61111068725586,375440
2021-11-26,29.77777671813965,29.833332061767575,28.888887405395508,29.61111068725586,207291
2021-11-29,29.333332061767575,29.333332061767575,28.61111068725586,29.22222137451172,228020
2021-11-30,29.05555534362793,29.77777671813965,29.05555534362793,29.44444465637207,180900
2021-12-01,29.44444465637207,29.77777671813965,29.11111068725586,29.61111068725586,189100
2021-12-02,29.66666603088379,30.22222137451172,29.5,29.61111068725586,215119
2021-12-03,29.66666603088379,29.66666603088379,29.44444465637207,29.61111068725586,125128
2021-12-06,29.72222137451172,29.72222137451172,29.388887405395508,29.55555534362793,75760
2021-12-07,29.55555534362793,29.61111068725586,29.5,29.55555534362793,69300
2021-12-08,29.833332061767575,29.833332061767575,29.333332061767575,29.55555534362793,129771
2021-12-09,29.72222137451172,29.72222137451172,29.333332061767575,29.388887405395508,96300
2021-12-10,29.333332061767575,29.5,29.22222137451172,29.333332061767575,106200
2021-12-13,29.55555534362793,29.61111068725586,29.22222137451172,29.333332061767575,219708
2021-12-14,29.22222137451172,29.5,29.0,29.333332061767575,195332
2021-12-15,29.388887405395508,29.94444465637207,29.22222137451172,29.833332061767575,283097
2021-12-16,29.833330154418945,29.833330154418945,29.833330154418945,29.833330154418945,0
2021-12-17,29.833330154418945,29.833330154418945,29.833330154418945,29.833330154418945,0
2021-12-20,29.833330154418945,29.833330154418945,29.833330154418945,29.833330154418945,0
2021-12-21,29.833330154418945,29.833330154418945,29.833330154418945,29.833330154418945,0
2021-12-22,29.833330154418945,29.833330154418945,29.833330154418945,29.833330154418945,0
2021-12-23,29.833330154418945,29.833330154418945,29.833330154418945,29.833330154418945,0
2021-12-24,29.833330154418945,29.833330154418945,29.833330154418945,29.833330154418945,0
2021-12-27,29.549999237060547,31.549999237060547,29.5,31.549999237060547,3318528
2021-12-28,31.549999237060547,33.0,30.049999237060547,32.20000076293945,3936128
2021-12-29,32.20000076293945,32.79999923706055,31.899999618530277,32.0,865190
2021-12-30,32.45000076293945,32.45000076293945,31.700000762939453,31.799999237060547,579258
2022-01-03,31.899999618530277,32.099998474121094,31.0,31.100000381469727,513196
2022-01-04,31.299999237060547,31.5,30.799999237060547,30.799999237060547,329464
2022-01-05,30.549999237060547,30.75,30.25,30.549999237060547,280996
2022-01-06,30.149999618530277,31.399999618530277,30.149999618530277,30.549999237060547,318900
2022-01-07,30.549999237060547,30.600000381469727,29.850000381469727,30.0,334450
2022-01-10,30.0,30.399999618530277,30.0,30.049999237060547,106900
2022-01-11,30.100000381469727,30.149999618530277,29.899999618530277,29.899999618530277,177200
2022-01-12,30.0,30.0,29.450000762939453,29.450000762939453,221346
2022-01-13,29.450000762939453,29.75,29.350000381469727,29.549999237060547,118594
2022-01-14,29.700000762939453,29.700000762939453,28.100000381469727,28.549999237060547,259500
2022-01-17,28.549999237060547,29.350000381469727,28.549999237060547,29.149999618530277,98470
2022-01-18,29.5,29.950000762939453,29.5,29.5,133922
2022-01-19,29.5,29.5,29.149999618530277,29.25,64850
2022-01-20,29.25,29.25,28.799999237060547,29.100000381469727,58030
2022-01-21,28.899999618530277,28.899999618530277,28.299999237060547,28.350000381469727,214508
2022-01-24,27.950000762939453,28.649999618530277,27.5,28.600000381469727,93948
2022-01-25,28.600000381469727,28.600000381469727,28.0,28.149999618530277,81300
2022-01-26,28.0,28.200000762939453,27.850000381469727,27.899999618530277,119700
2022-02-07,27.899999618530277,28.399999618530277,27.5,27.700000762939453,86500
2022-02-08,27.899999618530277,28.600000381469727,27.799999237060547,28.25,68300
2022-02-09,28.25,28.600000381469727,27.899999618530277,28.5,101400
2022-02-10,28.399999618530277,28.399999618530277,28.049999237060547,28.049999237060547,68701
2022-02-11,28.049999237060547,28.600000381469727,27.5,27.649999618530277,186901
2022-02-14,27.799999237060547,27.799999237060547,27.399999618530277,27.600000381469727,51300
2022-02-15,27.649999618530277,28.049999237060547,27.600000381469727,27.850000381469727,105873
2022-02-16,28.0,28.200000762939453,27.850000381469727,27.899999618530277,74301
2022-02-17,28.0,28.200000762939453,27.899999618530277,27.950000762939453,62998
2022-02-18,27.700000762939453,28.200000762939453,27.700000762939453,27.950000762939453,39529
2022-02-21,27.950000762939453,28.0,27.850000381469727,27.899999618530277,32000
2022-02-22,27.75,27.75,27.399999618530277,27.600000381469727,123154
2022-02-23,27.899999618530277,28.0,27.799999237060547,27.899999618530277,71900
2022-02-24,27.649999618530277,27.799999237060547,27.399999618530277,27.399999618530277,111700
2022-02-25,27.399999618530277,27.899999618530277,27.299999237060547,27.799999237060547,50700
2022-03-01,27.799999237060547,28.0,27.799999237060547,27.899999618530277,81100
2022-03-02,27.899999618530277,27.899999618530277,27.600000381469727,27.850000381469727,40188
2022-03-03,27.850000381469727,27.950000762939453,27.649999618530277,27.649999618530277,72000
2022-03-04,27.549999237060547,28.200000762939453,27.5,27.799999237060547,146377
2022-03-07,27.799999237060547,27.850000381469727,26.899999618530277,27.149999618530277,118000
2022-03-08,27.600000381469727,27.600000381469727,26.950000762939453,26.950000762939453,48000
2022-03-09,26.899999618530277,27.450000762939453,26.899999618530277,27.299999237060547,80000
2022-03-10,27.600000381469727,27.799999237060547,27.600000381469727,27.799999237060547,80100
2022-03-11,27.899999618530277,27.950000762939453,27.75,27.75,41200
2022-03-14,27.700000762939453,27.950000762939453,27.600000381469727,27.799999237060547,26000
2022-03-15,27.600000381469727,27.850000381469727,27.450000762939453,27.549999237060547,62179
2022-03-16,27.5,27.75,27.450000762939453,27.75,108721
2022-03-17,27.799999237060547,28.299999237060547,27.799999237060547,28.100000381469727,199500
2022-03-18,28.25,28.5,28.049999237060547,28.100000381469727,78009
2022-03-21,28.0,28.149999618530277,28.0,28.149999618530277,42900
2022-03-22,28.299999237060547,28.299999237060547,28.0,28.100000381469727,74350
2022-03-23,28.200000762939453,28.299999237060547,28.049999237060547,28.200000762939453,32599
2022-03-24,28.0,28.149999618530277,27.950000762939453,28.0,45389
2022-03-25,28.100000381469727,28.100000381469727,27.899999618530277,27.899999618530277,37400
2022-03-28,27.899999618530277,27.899999618530277,27.649999618530277,27.700000762939453,28000
2022-03-29,27.950000762939453,27.950000762939453,27.700000762939453,27.75,83200
2022-03-30,27.899999618530277,27.950000762939453,27.200000762939453,27.200000762939453,108401
2022-03-31,27.5,27.600000381469727,27.350000381469727,27.350000381469727,45100
2022-04-01,27.450000762939453,27.899999618530277,27.200000762939453,27.5,66000
2022-04-06,27.350000381469727,27.450000762939453,27.100000381469727,27.299999237060547,33900
2022-04-07,27.5,27.5,27.049999237060547,27.100000381469727,54999
2022-04-08,27.049999237060547,27.399999618530277,27.0,27.350000381469727,79552
2022-04-11,27.399999618530277,27.450000762939453,27.100000381469727,27.350000381469727,52000
2022-04-12,27.549999237060547,27.549999237060547,27.299999237060547,27.299999237060547,101001
2022-04-13,27.450000762939453,27.549999237060547,27.149999618530277,27.549999237060547,92448
2022-04-14,27.5,27.649999618530277,27.450000762939453,27.600000381469727,26150
2022-04-15,27.299999237060547,27.600000381469727,27.25,27.5,28180
2022-04-18,27.5,28.0,27.5,27.799999237060547,120030
2022-04-19,27.950000762939453,28.0,27.649999618530277,27.649999618530277,61300
2022-04-20,27.75,27.75,27.5,27.600000381469727,38600
2022-04-21,27.5,27.75,27.200000762939453,27.25,82200
2022-04-22,27.100000381469727,27.5,27.100000381469727,27.200000762939453,25229
2022-04-25,26.899999618530277,27.100000381469727,26.299999237060547,26.600000381469727,179000
2022-04-26,26.5,27.0,26.350000381469727,26.399999618530277,48381
2022-04-27,26.049999237060547,26.049999237060547,25.100000381469727,25.799999237060547,140500
2022-04-28,25.899999618530277,25.899999618530277,25.450000762939453,25.799999237060547,27000
2022-04-29,25.600000381469727,26.149999618530277,25.600000381469727,25.899999618530277,36000
2022-05-03,25.899999618530277,25.899999618530277,25.450000762939453,25.600000381469727,28285
2022-05-04,25.649999618530277,25.700000762939453,25.399999618530277,25.549999237060547,45583
2022-05-05,25.549999237060547,25.649999618530277,24.799999237060547,25.5,91000
2022-05-06,25.149999618530277,25.149999618530277,24.850000381469727,25.0,44100
2022-05-09,25.0,25.0,24.5,24.649999618530277,59185
2022-05-10,24.350000381469727,24.350000381469727,24.0,24.350000381469727,37100
2022-05-11,24.399999618530277,24.399999618530277,24.049999237060547,24.049999237060547,54000
2022-05-12,23.299999237060547,23.75,22.100000381469727,23.700000762939453,530516
2022-05-13,23.850000381469727,24.200000762939453,23.0,23.200000762939453,292371
2022-05-16,23.450000762939453,23.450000762939453,22.899999618530277,23.25,152464
2022-05-17,23.350000381469727,23.350000381469727,23.0,23.200000762939453,118500
2022-05-18,23.200000762939453,23.450000762939453,23.0,23.350000381469727,214100
2022-05-19,22.850000381469727,23.350000381469727,22.5,23.049999237060547,480600
2022-05-20,23.149999618530277,23.149999618530277,22.399999618530277,22.899999618530277,853500
2022-05-23,22.950000762939453,22.950000762939453,22.75,22.799999237060547,57999
2022-05-24,22.899999618530277,22.899999618530277,22.700000762939453,22.75,40999
2022-05-25,22.700000762939453,23.200000762939453,22.700000762939453,23.200000762939453,112300
2022-05-26,23.100000381469727,23.299999237060547,23.0,23.200000762939453,103100
2022-05-27,23.200000762939453,23.75,23.049999237060547,23.549999237060547,388000
2022-05-30,23.549999237060547,23.799999237060547,23.399999618530277,23.600000381469727,276900
2022-05-31,23.600000381469727,23.899999618530277,23.549999237060547,23.899999618530277,176000
2022-06-01,23.850000381469727,24.100000381469727,23.5,24.100000381469727,136100
2022-06-02,24.299999237060547,24.299999237060547,23.850000381469727,23.850000381469727,162000
2022-06-06,23.899999618530277,24.25,23.799999237060547,24.0,70000
2022-06-07,23.850000381469727,24.149999618530277,23.700000762939453,23.850000381469727,85000
2022-06-08,23.799999237060547,24.049999237060547,23.799999237060547,23.850000381469727,54400
2022-06-09,23.850000381469727,24.049999237060547,23.850000381469727,23.899999618530277,55100
2022-06-10,23.700000762939453,24.0,23.700000762939453,23.899999618530277,67800
2022-06-13,23.5,23.850000381469727,23.5,23.75,49999
2022-06-14,23.75,23.799999237060547,23.399999618530277,23.649999618530277,154999
2022-06-15,23.75,23.850000381469727,23.549999237060547,23.700000762939453,70741
2022-06-16,23.850000381469727,23.850000381469727,23.5,23.600000381469727,90700
2022-06-17,23.549999237060547,23.549999237060547,23.0,23.450000762939453,252000
2022-06-20,23.149999618530277,23.649999618530277,22.799999237060547,22.850000381469727,155800
2022-06-21,23.350000381469727,23.350000381469727,22.899999618530277,23.149999618530277,61000
2022-06-22,23.25,23.25,22.899999618530277,23.0,37330
2022-06-23,22.950000762939453,23.0,22.799999237060547,22.950000762939453,154400
2022-06-24,23.350000381469727,23.350000381469727,23.0,23.25,51002
2022-06-27,23.5,23.5,23.299999237060547,23.350000381469727,32000
2022-06-28,23.049999237060547,23.5,22.950000762939453,23.049999237060547,56199
2022-06-29,22.899999618530277,23.25,22.899999618530277,23.0,27501
2022-06-30,23.0,23.0,22.299999237060547,22.799999237060547,97300
2022-07-01,22.549999237060547,22.799999237060547,21.899999618530277,22.799999237060547,144000
2022-07-04,22.549999237060547,22.799999237060547,22.399999618530277,22.799999237060547,65001
2022-07-05,22.850000381469727,23.100000381469727,22.700000762939453,22.950000762939453,34000
2022-07-06,22.75,23.0,22.649999618530277,22.899999618530277,12000
2022-07-07,22.899999618530277,22.950000762939453,22.600000381469727,22.799999237060547,50000
2022-07-08,22.850000381469727,22.899999618530277,22.600000381469727,22.75,346000
2022-07-11,22.700000762939453,22.75,22.549999237060547,22.75,43200
2022-07-12,22.549999237060547,22.75,22.25,22.700000762939453,110402
2022-07-13,22.200000762939453,22.799999237060547,21.899999618530277,22.799999237060547,82900
2022-07-14,22.5,23.0,22.5,22.899999618530277,45590
2022-07-15,23.0,23.0,22.649999618530277,22.850000381469727,29616
2022-07-18,22.549999237060547,23.0,22.549999237060547,22.950000762939453,119900
2022-07-19,22.75,23.950000762939453,22.75,23.299999237060547,100900
2022-07-20,23.450000762939453,23.5,23.0,23.200000762939453,70100
2022-07-21,23.25,23.25,23.049999237060547,23.149999618530277,13900
2022-07-22,23.25,23.450000762939453,23.149999618530277,23.299999237060547,34745
2022-07-25,23.25,23.299999237060547,23.100000381469727,23.149999618530277,21000
2022-07-26,23.149999618530277,23.649999618530277,22.899999618530277,23.649999618530277,86000
2022-07-27,23.600000381469727,23.600000381469727,23.0,23.149999618530277,67000
2022-07-28,23.350000381469727,23.350000381469727,22.950000762939453,23.200000762939453,72100
2022-07-29,23.350000381469727,23.350000381469727,23.200000762939453,23.200000762939453,5000
2022-08-01,23.200000762939453,23.200000762939453,23.0,23.049999237060547,53800
2022-08-02,22.899999618530277,23.100000381469727,22.899999618530277,22.950000762939453,28000
2022-08-03,22.950000762939453,22.950000762939453,22.950000762939453,22.950000762939453,5101
2022-08-04,22.549999237060547,22.75,22.299999237060547,22.75,68000
2022-08-05,22.350000381469727,23.0,22.350000381469727,22.899999618530277,49000
2022-08-08,22.700000762939453,22.899999618530277,22.450000762939453,22.850000381469727,35000
2022-08-09,22.899999618530277,23.0,22.799999237060547,22.850000381469727,57000
2022-08-10,22.549999237060547,23.100000381469727,22.549999237060547,23.100000381469727,73500
2022-08-11,23.0,23.899999618530277,22.799999237060547,23.649999618530277,371000
2022-08-12,23.899999618530277,24.399999618530277,23.75,24.100000381469727,802500
2022-08-15,24.350000381469727,25.0,24.200000762939453,24.200000762939453,956404
2022-08-16,24.200000762939453,24.549999237060547,24.049999237060547,24.100000381469727,358406
2022-08-17,24.100000381469727,24.350000381469727,23.899999618530277,23.899999618530277,210370
2022-08-18,23.850000381469727,24.0,23.549999237060547,23.600000381469727,218372
2022-08-19,23.649999618530277,23.950000762939453,23.5,23.700000762939453,221010
2022-08-22,23.700000762939453,23.950000762939453,23.600000381469727,23.75,52000
2022-08-23,23.399999618530277,23.399999618530277,23.0,23.100000381469727,109100
2022-08-24,23.25,23.25,23.0,23.100000381469727,93200
2022-08-25,23.049999237060547,23.299999237060547,23.049999237060547,23.200000762939453,107900
2022-08-26,23.25,23.600000381469727,23.100000381469727,23.25,156673
2022-08-29,22.5,23.25,22.399999618530277,23.0,74673
2022-08-30,22.899999618530277,23.100000381469727,22.899999618530277,22.950000762939453,56400
2022-08-31,22.899999618530277,23.799999237060547,22.899999618530277,23.600000381469727,345948
2022-09-01,23.600000381469727,23.899999618530277,23.350000381469727,23.350000381469727,261301
2022-09-02,23.649999618530277,23.649999618530277,23.100000381469727,23.100000381469727,147800
2022-09-05,23.0,23.700000762939453,23.0,23.200000762939453,374757
2022-09-06,24.350000381469727,24.350000381469727,23.0,23.0,415093
2022-09-07,23.0,23.350000381469727,22.600000381469727,22.850000381469727,194000
2022-09-08,23.0,23.299999237060547,22.799999237060547,22.899999618530277,141449
2022-09-12,22.899999618530277,23.299999237060547,22.700000762939453,22.799999237060547,148900
2022-09-13,23.0,23.0,22.649999618530277,22.799999237060547,63500
2022-09-14,22.5,22.850000381469727,22.399999618530277,22.799999237060547,138000
2022-09-15,22.600000381469727,22.75,22.549999237060547,22.75,66317
2022-09-16,22.5,22.899999618530277,22.25,22.25,157500
2022-09-19,22.25,22.25,21.5,21.649999618530277,113000
2022-09-20,21.700000762939453,21.700000762939453,21.5,21.700000762939453,57673
2022-09-21,21.799999237060547,22.350000381469727,21.700000762939453,21.700000762939453,129300
2022-09-22,21.549999237060547,22.200000762939453,21.399999618530277,21.649999618530277,80227
2022-09-23,21.75,21.799999237060547,21.5,21.649999618530277,47000
2022-09-26,21.649999618530277,21.649999618530277,21.049999237060547,21.549999237060547,135000
2022-09-27,21.5,21.950000762939453,21.450000762939453,21.799999237060547,71100
2022-09-28,21.950000762939453,21.950000762939453,21.200000762939453,21.399999618530277,82003
2022-09-29,21.399999618530277,21.450000762939453,21.200000762939453,21.200000762939453,81000
2022-09-30,21.200000762939453,21.200000762939453,20.350000381469727,20.75,146004
2022-10-03,20.700000762939453,20.700000762939453,20.200000762939453,20.399999618530277,93030
2022-10-04,20.5,20.5,20.149999618530277,20.25,84200
2022-10-05,20.25,20.399999618530277,20.100000381469727,20.200000762939453,223670
2022-10-06,20.399999618530277,20.399999618530277,20.100000381469727,20.200000762939453,81200
2022-10-07,19.600000381469727,20.200000762939453,19.600000381469727,20.0,53000
2022-10-11,19.850000381469727,19.850000381469727,18.0,18.0,532001
2022-10-12,17.350000381469727,17.450000762939453,16.5,17.399999618530273,754205
2022-10-13,17.399999618530273,17.649999618530273,16.700000762939453,17.149999618530273,208295
2022-10-14,17.149999618530273,17.700000762939453,17.149999618530273,17.549999237060547,144596
2022-10-17,17.350000381469727,17.450000762939453,16.899999618530273,17.399999618530273,92000
2022-10-18,17.5,17.950000762939453,17.399999618530273,17.950000762939453,69000
2022-10-19,19.200000762939453,19.200000762939453,18.049999237060547,18.399999618530277,239000
2022-10-20,18.600000381469727,18.600000381469727,17.950000762939453,18.399999618530277,72000
2022-10-21,18.399999618530277,18.399999618530277,18.0,18.399999618530277,89735
2022-10-24,18.600000381469727,18.899999618530277,18.399999618530277,18.899999618530277,111700
2022-10-25,18.899999618530277,19.149999618530277,18.600000381469727,19.0,58200
2022-10-26,19.149999618530277,19.149999618530277,18.700000762939453,19.0,82000
2022-10-27,19.149999618530277,19.549999237060547,19.149999618530277,19.549999237060547,109800
2022-10-28,19.549999237060547,19.549999237060547,19.350000381469727,19.5,75496
2022-10-31,19.600000381469727,19.799999237060547,19.5,19.649999618530277,100169
2022-11-01,19.549999237060547,19.799999237060547,19.549999237060547,19.799999237060547,109000
2022-11-02,19.549999237060547,19.850000381469727,19.549999237060547,19.799999237060547,27000
2022-11-03,19.799999237060547,19.799999237060547,19.100000381469727,19.600000381469727,65700
2022-11-04,19.350000381469727,19.600000381469727,19.299999237060547,19.600000381469727,20100
2022-11-07,19.600000381469727,19.799999237060547,19.450000762939453,19.600000381469727,30477
2022-11-08,19.5,19.799999237060547,19.450000762939453,19.600000381469727,49000
2022-11-09,19.649999618530277,19.649999618530277,19.149999618530277,19.25,60200
2022-11-10,19.25,19.399999618530277,19.149999618530277,19.299999237060547,18003
2022-11-11,19.200000762939453,19.350000381469727,19.049999237060547,19.299999237060547,48000
2022-11-14,19.100000381469727,19.399999618530277,19.100000381469727,19.399999618530277,53000
2022-11-15,19.149999618530277,19.399999618530277,19.149999618530277,19.399999618530277,65900
2022-11-16,19.200000762939453,19.5,19.149999618530277,19.25,91135
2022-11-17,19.149999618530277,19.25,18.950000762939453,19.149999618530277,68100
2022-11-18,19.049999237060547,19.200000762939453,18.899999618530277,18.950000762939453,30006
2022-11-21,19.0,19.0,18.950000762939453,19.0,7400
2022-11-22,19.200000762939453,19.200000762939453,18.799999237060547,19.100000381469727,22200
2022-11-23,19.100000381469727,19.5,18.75,19.5,88000
2022-11-24,19.450000762939453,19.450000762939453,19.100000381469727,19.200000762939453,23040
2022-11-25,19.299999237060547,19.299999237060547,19.149999618530277,19.149999618530277,2000
2022-11-28,18.799999237060547,19.200000762939453,18.799999237060547,19.149999618530277,23001
2022-11-29,19.149999618530277,19.5,18.600000381469727,19.5,183400
2022-11-30,19.25,19.299999237060547,19.200000762939453,19.299999237060547,42627
2022-12-01,19.450000762939453,19.5,19.200000762939453,19.450000762939453,26900
2022-12-02,19.450000762939453,19.450000762939453,19.0,19.049999237060547,67700
2022-12-05,19.200000762939453,19.5,19.200000762939453,19.399999618530277,53000
2022-12-06,19.5,19.5,19.200000762939453,19.399999618530277,29000
2022-12-07,19.350000381469727,19.399999618530277,19.200000762939453,19.299999237060547,21008
2022-12-08,19.299999237060547,19.450000762939453,19.299999237060547,19.399999618530277,24034
2022-12-09,19.450000762939453,19.450000762939453,19.299999237060547,19.299999237060547,47000
2022-12-12,19.100000381469727,20.549999237060547,19.100000381469727,20.25,897201
2022-12-13,20.200000762939453,21.799999237060547,19.899999618530277,21.149999618530277,1581800
2022-12-14,20.899999618530277,20.950000762939453,20.25,20.950000762939453,183403
2022-12-15,21.25,21.25,20.350000381469727,20.649999618530277,2038846
2022-12-16,20.350000381469727,20.450000762939453,19.799999237060547,20.0,93304
2022-12-19,19.850000381469727,20.200000762939453,19.5,19.75,33900
2022-12-20,20.350000381469727,20.350000381469727,19.200000762939453,19.649999618530277,69000
2022-12-21,19.5,19.899999618530277,19.25,19.5,31400
2022-12-22,19.399999618530277,19.600000381469727,18.950000762939453,19.399999618530277,53596
2022-12-23,19.049999237060547,19.299999237060547,19.0,19.200000762939453,130000
2022-12-26,19.049999237060547,19.5,19.049999237060547,19.5,72000
2022-12-27,19.350000381469727,19.549999237060547,19.25,19.25,42000
2022-12-28,19.25,19.450000762939453,19.149999618530277,19.350000381469727,59000
2022-12-29,19.75,19.75,18.950000762939453,19.049999237060547,84200
2022-12-30,18.850000381469727,19.0,18.700000762939453,19.0,78079
2023-01-03,19.049999237060547,19.100000381469727,18.799999237060547,19.100000381469727,55855
2023-01-04,19.100000381469727,19.149999618530277,18.899999618530277,19.149999618530277,14100
2023-01-05,19.100000381469727,19.149999618530277,18.899999618530277,19.149999618530277,26000
2023-01-06,19.0,19.049999237060547,18.899999618530277,19.0,16000
2023-01-09,19.0,19.0,19.0,19.0,18193
2023-01-10,19.0,19.0,18.899999618530277,19.0,28500
2023-01-11,18.950000762939453,19.0,18.850000381469727,19.0,13000
2023-01-12,18.950000762939453,19.0,18.799999237060547,19.0,16000
2023-01-13,18.799999237060547,18.950000762939453,18.799999237060547,18.899999618530277,8000
2023-01-16,18.850000381469727,18.950000762939453,18.649999618530277,18.950000762939453,33192
2023-01-17,18.899999618530277,19.399999618530277,18.899999618530277,19.399999618530277,46066
2023-01-30,19.299999237060547,19.299999237060547,19.149999618530277,19.200000762939453,25843
2023-01-31,19.200000762939453,19.25,19.149999618530277,19.200000762939453,46200
2023-02-01,19.200000762939453,19.299999237060547,19.200000762939453,19.299999237060547,39900
2023-02-02,19.350000381469727,19.399999618530277,19.350000381469727,19.399999618530277,21800
2023-02-03,19.299999237060547,19.299999237060547,19.149999618530277,19.299999237060547,16700
2023-02-06,19.049999237060547,19.200000762939453,19.049999237060547,19.200000762939453,10000
2023-02-07,19.049999237060547,19.25,19.049999237060547,19.25,19390
2023-02-08,19.299999237060547,19.5,19.299999237060547,19.299999237060547,11220
2023-02-09,19.399999618530277,19.399999618530277,19.299999237060547,19.399999618530277,10500
2023-02-10,19.399999618530277,19.399999618530277,19.200000762939453,19.200000762939453,17000
2023-02-13,19.149999618530277,19.200000762939453,19.149999618530277,19.200000762939453,13111
2023-02-14,19.100000381469727,19.450000762939453,19.100000381469727,19.299999237060547,17000
2023-02-15,19.25,19.399999618530277,19.200000762939453,19.299999237060547,22255
2023-02-16,19.299999237060547,19.399999618530277,19.299999237060547,19.399999618530277,15848
2023-02-17,19.200000762939453,19.399999618530277,19.100000381469727,19.399999618530277,24500
2023-02-20,19.450000762939453,20.649999618530277,19.299999237060547,19.75,164416
2023-02-21,19.75,19.799999237060547,19.700000762939453,19.75,25000
2023-02-22,19.450000762939453,19.799999237060547,19.450000762939453,19.649999618530277,13020
2023-02-23,19.649999618530277,19.649999618530277,19.549999237060547,19.549999237060547,14101
2023-02-24,19.649999618530277,19.799999237060547,19.649999618530277,19.700000762939453,51000
2023-03-01,19.75,19.899999618530277,19.700000762939453,19.899999618530277,51800
2023-03-02,19.950000762939453,19.950000762939453,19.799999237060547,19.799999237060547,19000
2023-03-03,19.899999618530277,19.899999618530277,19.700000762939453,19.700000762939453,17999
2023-03-06,19.75,19.75,19.649999618530277,19.75,33400
2023-03-07,19.75,19.799999237060547,19.75,19.799999237060547,29200
2023-03-08,19.799999237060547,19.799999237060547,19.600000381469727,19.700000762939453,48800
2023-03-09,20.350000381469727,20.350000381469727,19.600000381469727,19.649999618530277,86993
2023-03-10,19.75,19.75,19.100000381469727,19.25,57000
2023-03-13,19.149999618530277,19.350000381469727,19.0,19.200000762939453,26007
2023-03-14,19.350000381469727,19.350000381469727,19.200000762939453,19.200000762939453,5000
2023-03-15,19.25,19.25,19.0,19.100000381469727,28258
2023-03-16,18.799999237060547,19.0,18.700000762939453,18.799999237060547,34003
2023-03-17,19.149999618530277,19.450000762939453,18.700000762939453,19.0,31000
2023-03-20,18.700000762939453,19.0,18.649999618530277,19.0,20000
2023-03-21,19.299999237060547,19.299999237060547,18.850000381469727,19.0,72000
2023-03-22,18.850000381469727,19.149999618530277,18.850000381469727,19.0,17010
2023-03-23,18.899999618530277,19.100000381469727,18.899999618530277,19.0,39000
2023-03-24,19.049999237060547,19.100000381469727,18.950000762939453,19.049999237060547,22112
2023-03-27,19.049999237060547,19.049999237060547,18.899999618530277,19.0,13844
2023-03-28,19.100000381469727,19.100000381469727,19.0,19.049999237060547,37000
2023-03-29,18.850000381469727,19.049999237060547,18.850000381469727,19.0,27100
2023-03-30,18.899999618530277,19.0,18.700000762939453,18.899999618530277,66044
2023-03-31,19.149999618530277,19.149999618530277,18.950000762939453,18.950000762939453,24189
2023-04-06,19.0,19.0,18.950000762939453,18.950000762939453,3000
2023-04-07,19.049999237060547,19.100000381469727,18.899999618530277,18.950000762939453,80097
2023-04-10,18.950000762939453,19.049999237060547,18.950000762939453,18.950000762939453,22000
2023-04-11,19.100000381469727,19.100000381469727,18.799999237060547,19.0,58800
2023-04-12,19.049999237060547,19.049999237060547,18.899999618530277,18.950000762939453,51900
2023-04-13,19.0,19.0,18.799999237060547,18.899999618530277,32100
2023-04-14,18.899999618530277,18.899999618530277,18.799999237060547,18.850000381469727,16800
2023-04-17,18.850000381469727,18.950000762939453,18.799999237060547,18.899999618530277,59410
2023-04-18,18.799999237060547,18.950000762939453,18.799999237060547,18.799999237060547,52806
2023-04-19,18.799999237060547,18.899999618530277,18.799999237060547,18.799999237060547,26000
2023-04-20,18.799999237060547,18.899999618530277,18.700000762939453,18.75,33100
2023-04-21,18.799999237060547,18.850000381469727,18.600000381469727,18.75,90100
2023-04-24,18.700000762939453,18.700000762939453,18.25,18.5,123600
2023-04-25,18.299999237060547,18.5,18.0,18.5,125000
2023-04-26,18.5,18.5,18.25,18.350000381469727,15146
2023-04-27,18.299999237060547,18.399999618530277,18.200000762939453,18.399999618530277,27500
2023-04-28,18.25,18.450000762939453,18.25,18.399999618530277,19000
2023-05-02,18.25,18.399999618530277,18.100000381469727,18.399999618530277,109486
2023-05-03,18.149999618530277,18.350000381469727,18.149999618530277,18.200000762939453,21000
2023-05-04,18.200000762939453,18.200000762939453,18.049999237060547,18.149999618530277,30000
2023-05-05,18.100000381469727,18.25,18.049999237060547,18.200000762939453,34100
2023-05-08,18.200000762939453,18.200000762939453,18.049999237060547,18.200000762939453,31100
2023-05-09,18.049999237060547,18.200000762939453,18.049999237060547,18.200000762939453,16232
2023-05-10,18.200000762939453,18.200000762939453,18.100000381469727,18.100000381469727,7000
2023-05-11,18.0,18.149999618530277,18.0,18.0,38000
2023-05-12,18.100000381469727,18.100000381469727,18.0,18.0,10400
2023-05-15,17.899999618530273,17.899999618530273,17.299999237060547,17.600000381469727,132800
2023-05-16,17.5,17.899999618530273,17.5,17.799999237060547,21004
2023-05-17,17.850000381469727,17.850000381469727,17.600000381469727,17.649999618530273,88000
2023-05-18,17.649999618530273,17.799999237060547,17.600000381469727,17.700000762939453,53400
2023-05-19,17.600000381469727,17.75,17.549999237060547,17.600000381469727,33097
2023-05-22,17.700000762939453,18.299999237060547,17.600000381469727,17.600000381469727,62121
2023-05-23,17.600000381469727,17.799999237060547,17.600000381469727,17.649999618530273,23000
2023-05-24,17.649999618530273,17.700000762939453,17.549999237060547,17.649999618530273,46201
2023-05-25,17.600000381469727,17.600000381469727,17.149999618530273,17.5,117700
2023-05-26,17.5,17.799999237060547,17.450000762939453,17.5,70000
2023-05-29,17.75,17.75,17.350000381469727,17.649999618530273,77600
2023-05-30,17.649999618530273,17.799999237060547,17.5,17.549999237060547,30999
2023-05-31,17.700000762939453,17.700000762939453,17.549999237060547,17.600000381469727,21200
2023-06-01,17.649999618530273,17.799999237060547,17.600000381469727,17.649999618530273,58000
2023-06-02,17.649999618530273,17.700000762939453,17.600000381469727,17.649999618530273,21241
2023-06-05,17.649999618530273,17.649999618530273,17.5,17.600000381469727,39660
2023-06-06,17.549999237060547,17.549999237060547,17.5,17.5,29700
2023-06-07,17.600000381469727,17.600000381469727,17.549999237060547,17.549999237060547,13100
2023-06-08,17.5,17.600000381469727,17.5,17.5,20600
2023-06-09,17.450000762939453,17.600000381469727,17.450000762939453,17.549999237060547,50000
2023-06-12,17.350000381469727,17.5,17.350000381469727,17.450000762939453,53000
2023-06-13,17.399999618530273,17.5,17.200000762939453,17.5,77100
2023-06-14,17.5,17.5,17.299999237060547,17.450000762939453,32993
2023-06-15,17.5,17.549999237060547,17.399999618530273,17.549999237060547,31280
2023-06-16,17.450000762939453,17.549999237060547,17.450000762939453,17.5,28397
2023-06-19,17.399999618530273,17.549999237060547,17.399999618530273,17.399999618530273,35400
2023-06-20,17.399999618530273,17.5,17.350000381469727,17.5,27117
2023-06-21,17.5,17.549999237060547,17.350000381469727,17.549999237060547,57224
2023-06-26,17.549999237060547,18.200000762939453,17.549999237060547,18.0,252183
2023-06-27,17.950000762939453,18.049999237060547,17.700000762939453,17.899999618530273,112000
2023-06-28,17.899999618530273,17.899999618530273,17.649999618530273,17.799999237060547,46000
2023-06-29,17.799999237060547,17.850000381469727,17.75,17.75,45000
2023-06-30,17.950000762939453,17.950000762939453,17.649999618530273,17.700000762939453,18072
2023-07-03,17.649999618530273,17.75,17.600000381469727,17.649999618530273,58000
2023-07-04,17.649999618530273,17.649999618530273,17.549999237060547,17.549999237060547,57000
2023-07-05,17.549999237060547,17.799999237060547,17.549999237060547,17.549999237060547,50000
2023-07-06,17.549999237060547,17.600000381469727,17.5,17.549999237060547,18000
2023-07-07,17.549999237060547,17.549999237060547,17.399999618530273,17.549999237060547,32800
2023-07-10,17.549999237060547,17.649999618530273,17.549999237060547,17.549999237060547,32000
2023-07-11,17.649999618530273,17.649999618530273,17.5,17.5,40005
2023-07-12,17.5,17.5,17.399999618530273,17.5,52000
2023-07-13,17.600000381469727,17.600000381469727,17.5,17.549999237060547,39226
2023-07-14,17.399999618530273,17.600000381469727,17.299999237060547,17.399999618530273,34000
2023-07-17,17.350000381469727,17.549999237060547,17.350000381469727,17.549999237060547,16800
2023-07-18,17.5,17.5,17.350000381469727,17.5,73400
2023-07-19,17.5,17.5,17.350000381469727,17.5,21000
2023-07-20,17.299999237060547,17.5,17.299999237060547,17.5,24000
2023-07-21,17.5,17.5,17.299999237060547,17.5,41000
2023-07-24,17.350000381469727,17.5,17.200000762939453,17.5,100000
2023-07-25,17.5,17.5,17.200000762939453,17.5,67400
2023-07-26,17.350000381469727,17.5,17.299999237060547,17.450000762939453,106032
2023-07-27,17.450000762939453,17.450000762939453,17.299999237060547,17.399999618530273,84500
2023-07-28,17.450000762939453,17.450000762939453,17.399999618530273,17.399999618530273,71100
2023-07-31,17.299999237060547,17.399999618530273,17.299999237060547,17.350000381469727,21016
2023-08-01,17.399999618530273,17.450000762939453,17.350000381469727,17.399999618530273,69873
2023-08-02,17.399999618530273,17.399999618530273,17.299999237060547,17.299999237060547,25127
2023-08-04,17.299999237060547,17.450000762939453,17.049999237060547,17.25,163000
2023-08-07,17.200000762939453,17.299999237060547,17.149999618530273,17.25,60000
2023-08-08,17.149999618530273,17.149999618530273,17.049999237060547,17.100000381469727,47900
2023-08-09,17.100000381469727,17.200000762939453,17.100000381469727,17.100000381469727,16900
2023-08-10,17.100000381469727,17.200000762939453,17.0,17.100000381469727,81000
2023-08-11,17.399999618530273,17.399999618530273,17.100000381469727,17.100000381469727,13000
2023-08-14,17.100000381469727,17.149999618530273,17.0,17.100000381469727,40000
2023-08-15,17.0,17.100000381469727,17.0,17.049999237060547,19288
2023-08-16,17.100000381469727,17.100000381469727,17.0,17.049999237060547,9001
2023-08-17,16.899999618530273,17.0,16.549999237060547,17.0,39700
2023-08-18,17.049999237060547,17.049999237060547,16.700000762939453,17.0,66999
2023-08-21,16.799999237060547,16.950000762939453,16.399999618530273,16.950000762939453,279000
2023-08-22,17.0,17.100000381469727,16.75,17.0,130000
2023-08-23,17.149999618530273,17.149999618530273,16.700000762939453,16.850000381469727,179000
2023-08-24,16.899999618530273,17.049999237060547,16.549999237060547,16.700000762939453,156243
2023-08-25,16.649999618530273,17.350000381469727,16.649999618530273,17.350000381469727,113025
2023-08-28,17.350000381469727,17.350000381469727,16.799999237060547,17.0,140486
2023-08-29,17.200000762939453,17.200000762939453,16.799999237060547,17.049999237060547,10900
2023-08-30,17.0,17.0,16.799999237060547,16.799999237060547,55893
2023-08-31,16.799999237060547,16.850000381469727,16.799999237060547,16.850000381469727,28000
2023-09-01,16.649999618530273,16.950000762939453,16.649999618530273,16.75,62000
2023-09-04,16.700000762939453,17.0,16.649999618530273,17.0,73000
2023-09-05,16.950000762939453,17.0,16.799999237060547,16.850000381469727,36897
2023-09-06,17.0,17.0,16.75,16.850000381469727,71060
2023-09-07,16.799999237060547,16.950000762939453,16.75,16.950000762939453,26000
2023-09-08,17.0,17.049999237060547,16.850000381469727,16.950000762939453,14000
2023-09-11,17.049999237060547,17.399999618530273,16.950000762939453,17.100000381469727,116327
2023-09-12,17.0,17.100000381469727,16.950000762939453,17.049999237060547,112000
2023-09-13,17.049999237060547,17.100000381469727,16.899999618530273,16.950000762939453,48433
2023-09-14,17.0,17.100000381469727,16.950000762939453,17.0,43845
2023-09-15,17.100000381469727,17.100000381469727,16.950000762939453,17.0,74289
2023-09-18,16.850000381469727,17.100000381469727,16.850000381469727,17.049999237060547,96065
2023-09-19,17.049999237060547,17.149999618530273,16.899999618530273,17.100000381469727,204689
2023-09-20,17.149999618530273,17.200000762939453,17.049999237060547,17.100000381469727,96000
2023-09-21,17.0,17.0,16.899999618530273,17.0,68900
2023-09-22,17.049999237060547,17.049999237060547,17.0,17.0,39000
2023-09-25,16.950000762939453,17.049999237060547,16.950000762939453,17.049999237060547,52718
2023-09-26,16.950000762939453,17.049999237060547,16.950000762939453,17.0,12000
2023-09-27,17.049999237060547,17.049999237060547,16.899999618530273,17.049999237060547,25500
2023-09-28,17.0,17.25,17.0,17.100000381469727,19000
2023-10-02,17.049999237060547,17.049999237060547,17.0,17.0,32900
2023-10-03,17.0,17.0,17.0,17.0,2000
2023-10-04,17.0,17.100000381469727,16.799999237060547,16.899999618530273,23000
2023-10-05,17.0,17.0,16.850000381469727,16.899999618530273,29210
2023-10-06,17.0,17.049999237060547,16.75,16.75,40400
2023-10-11,16.75,16.950000762939453,16.700000762939453,16.799999237060547,30000
2023-10-12,16.950000762939453,17.0,16.899999618530273,17.0,31700
2023-10-13,17.100000381469727,17.100000381469727,16.850000381469727,17.0,30000
2023-10-16,17.049999237060547,17.049999237060547,16.899999618530273,17.0,28289
2023-10-17,16.899999618530273,16.899999618530273,16.75,16.799999237060547,19004
2023-10-18,16.700000762939453,16.899999618530273,16.649999618530273,16.899999618530273,55000
2023-10-19,16.700000762939453,16.850000381469727,16.700000762939453,16.799999237060547,10580
2023-10-20,16.700000762939453,17.299999237060547,16.649999618530273,16.799999237060547,44091
2023-10-23,16.799999237060547,16.950000762939453,16.75,16.799999237060547,24000
2023-10-24,16.700000762939453,16.899999618530273,16.700000762939453,16.75,22628
2023-10-25,16.75,16.850000381469727,16.700000762939453,16.799999237060547,35700
2023-10-26,16.700000762939453,17.149999618530273,16.700000762939453,16.700000762939453,52000
2023-10-27,16.850000381469727,16.850000381469727,16.75,16.75,4000
2023-10-30,16.799999237060547,16.799999237060547,16.649999618530273,16.700000762939453,49000
2023-10-31,16.75,16.799999237060547,16.600000381469727,16.799999237060547,23000
2023-11-01,16.850000381469727,16.850000381469727,16.799999237060547,16.799999237060547,8100
2023-11-02,16.799999237060547,16.799999237060547,16.649999618530273,16.799999237060547,18150
2023-11-03,16.850000381469727,16.850000381469727,16.549999237060547,16.700000762939453,55152
2023-11-06,16.799999237060547,16.799999237060547,16.700000762939453,16.700000762939453,22100
2023-11-07,16.700000762939453,16.700000762939453,16.649999618530273,16.649999618530273,33100
2023-11-08,16.75,16.75,16.600000381469727,16.600000381469727,21061
2023-11-09,16.600000381469727,16.700000762939453,16.299999237060547,16.549999237060547,169000
2023-11-10,16.549999237060547,16.549999237060547,16.450000762939453,16.450000762939453,6600
2023-11-13,16.299999237060547,16.450000762939453,16.049999237060547,16.350000381469727,172205
2023-11-14,16.200000762939453,16.200000762939453,16.0,16.200000762939453,115486
2023-11-15,16.149999618530273,16.200000762939453,16.0,16.0,250100
2023-11-16,16.100000381469727,16.100000381469727,15.5,15.949999809265137,411100
2023-11-17,15.850000381469728,15.899999618530272,15.75,15.899999618530272,28267
2023-11-20,15.899999618530272,16.0,15.800000190734863,16.0,108004
2023-11-21,16.0,16.399999618530273,15.949999809265137,16.200000762939453,260000
2023-11-22,16.100000381469727,16.299999237060547,16.100000381469727,16.299999237060547,125000
2023-11-23,16.299999237060547,16.5,16.25,16.299999237060547,152000
2023-11-24,16.299999237060547,16.299999237060547,16.200000762939453,16.299999237060547,35400
2023-11-27,16.299999237060547,16.299999237060547,16.149999618530273,16.149999618530273,32000
2023-11-28,16.0,16.200000762939453,16.0,16.200000762939453,27296
2023-11-29,16.200000762939453,16.25,16.0,16.100000381469727,15000
2023-11-30,16.200000762939453,16.200000762939453,16.0,16.0,29067
2023-12-01,16.049999237060547,16.200000762939453,15.949999809265137,16.049999237060547,84000
2023-12-04,16.149999618530273,16.149999618530273,15.899999618530272,16.049999237060547,39300
2023-12-05,15.899999618530272,16.0,15.899999618530272,16.0,40000
2023-12-06,16.049999237060547,16.25,16.0,16.149999618530273,118371
2023-12-07,16.149999618530273,16.25,16.149999618530273,16.149999618530273,99000
2023-12-08,16.200000762939453,16.200000762939453,16.100000381469727,16.149999618530273,40500
2023-12-11,16.200000762939453,16.299999237060547,16.0,16.0,228307
2023-12-12,16.200000762939453,16.200000762939453,16.100000381469727,16.200000762939453,56800
2023-12-13,16.299999237060547,16.299999237060547,16.100000381469727,16.25,76193
2023-12-14,16.25,16.299999237060547,16.200000762939453,16.299999237060547,40800
2023-12-15,16.299999237060547,16.350000381469727,16.100000381469727,16.100000381469727,60408
2023-12-18,16.200000762939453,16.200000762939453,16.100000381469727,16.200000762939453,56599
2023-12-19,16.200000762939453,16.25,16.0,16.149999618530273,51000
2023-12-20,16.049999237060547,16.149999618530273,16.049999237060547,16.149999618530273,11600
2023-12-21,16.0,16.25,16.0,16.049999237060547,59000
2023-12-22,16.100000381469727,16.149999618530273,16.100000381469727,16.100000381469727,46800
2023-12-25,16.100000381469727,16.25,16.100000381469727,16.100000381469727,63900
2023-12-26,16.100000381469727,16.25,16.0,16.200000762939453,120500
2023-12-27,16.149999618530273,16.950000762939453,16.149999618530273,16.450000762939453,668000
2023-12-28,16.450000762939453,16.549999237060547,16.25,16.350000381469727,223100
2023-12-29,16.299999237060547,16.5,16.299999237060547,16.450000762939453,243000
2024-01-02,16.450000762939453,16.5,16.299999237060547,16.350000381469727,258000
2024-01-03,16.350000381469727,16.399999618530273,16.200000762939453,16.399999618530273,92000
2024-01-04,16.299999237060547,16.549999237060547,16.299999237060547,16.450000762939453,114000
2024-01-05,16.549999237060547,17.600000381469727,16.450000762939453,17.049999237060547,401697
2024-01-08,17.100000381469727,17.25,17.049999237060547,17.149999618530273,166000
2024-01-09,17.149999618530273,17.799999237060547,17.0,17.149999618530273,409100
2024-01-10,17.0,17.149999618530273,17.0,17.149999618530273,83900
2024-01-11,17.200000762939453,17.5,17.100000381469727,17.100000381469727,393106
2024-01-12,17.350000381469727,17.350000381469727,17.100000381469727,17.200000762939453,96007
2024-01-15,17.399999618530273,17.399999618530273,17.100000381469727,17.149999618530273,150100
2024-01-16,17.200000762939453,17.200000762939453,16.75,16.799999237060547,161000
2024-01-17,16.700000762939453,16.700000762939453,16.399999618530273,16.549999237060547,187256
2024-01-18,16.549999237060547,16.75,16.399999618530273,16.450000762939453,69100
2024-01-19,16.450000762939453,16.799999237060547,16.450000762939453,16.600000381469727,41150
2024-01-22,16.75,16.75,16.549999237060547,16.700000762939453,42891
2024-01-23,16.700000762939453,16.700000762939453,16.5,16.549999237060547,21100
2024-01-24,16.75,16.75,16.450000762939453,16.5,83395
2024-01-25,16.5,16.700000762939453,16.5,16.649999618530273,79000
2024-01-26,16.549999237060547,16.75,16.549999237060547,16.649999618530273,51200
2024-01-29,16.649999618530273,16.649999618530273,16.450000762939453,16.600000381469727,95130
2024-01-30,16.649999618530273,16.649999618530273,16.5,16.5,43000
2024-01-31,16.600000381469727,16.600000381469727,16.450000762939453,16.450000762939453,48000
2024-02-01,16.5,16.600000381469727,16.450000762939453,16.549999237060547,36900
2024-02-02,16.549999237060547,16.600000381469727,16.399999618530273,16.450000762939453,61000
2024-02-05,16.399999618530273,16.549999237060547,16.350000381469727,16.5,52000
2024-02-15,16.450000762939453,16.600000381469727,16.350000381469727,16.399999618530273,114900
2024-02-16,16.5,16.850000381469727,16.5,16.799999237060547,160160
2024-02-19,16.950000762939453,18.450000762939453,16.950000762939453,18.450000762939453,1860447
2024-02-20,19.0,19.100000381469727,17.850000381469727,17.850000381469727,2769201
2024-02-21,18.0,18.200000762939453,17.75,17.950000762939453,1394518
2024-02-22,18.0,18.299999237060547,17.850000381469727,18.200000762939453,3367731
2024-02-23,18.299999237060547,19.450000762939453,18.100000381469727,19.350000381469727,8910679
2024-02-26,19.600000381469727,19.700000762939453,19.049999237060547,19.25,3437100
2024-02-27,19.25,20.450000762939453,18.899999618530277,20.0,5003310
2024-02-29,20.200000762939453,22.0,20.200000762939453,22.0,5402383
2024-03-01,22.0,22.100000381469727,21.049999237060547,21.25,5872919
2024-03-04,21.100000381469727,21.700000762939453,21.100000381469727,21.200000762939453,1731264
2024-03-05,21.200000762939453,21.799999237060547,21.200000762939453,21.799999237060547,1965010
2024-03-06,22.399999618530277,22.600000381469727,21.399999618530277,21.450000762939453,3303899
2024-03-07,21.5,21.5,20.100000381469727,20.100000381469727,2496397
2024-03-08,20.25,20.350000381469727,19.350000381469727,19.700000762939453,1382833
2024-03-11,19.700000762939453,20.299999237060547,19.700000762939453,20.100000381469727,553498
2024-03-12,20.100000381469727,20.299999237060547,20.049999237060547,20.149999618530277,356743
2024-03-13,20.100000381469727,20.100000381469727,19.299999237060547,19.600000381469727,843700
2024-03-14,19.700000762939453,19.850000381469727,19.350000381469727,19.649999618530277,376000
2024-03-15,19.350000381469727,19.899999618530277,19.350000381469727,19.549999237060547,357247
2024-03-18,19.75,19.75,19.549999237060547,19.600000381469727,258050
2024-03-19,19.600000381469727,19.700000762939453,19.549999237060547,19.600000381469727,357524
2024-03-20,19.549999237060547,19.549999237060547,18.700000762939453,18.700000762939453,907486
2024-03-21,18.799999237060547,18.950000762939453,18.549999237060547,18.600000381469727,381115
2024-03-22,18.549999237060547,19.0,18.5,18.5,393839
2024-03-25,18.600000381469727,18.799999237060547,18.5,18.700000762939453,461720
2024-03-26,18.700000762939453,18.700000762939453,18.100000381469727,18.149999618530277,586170
2024-03-27,18.200000762939453,18.350000381469727,18.149999618530277,18.25,286000
2024-03-28,18.350000381469727,18.399999618530277,18.149999618530277,18.200000762939453,180187
2024-03-29,18.299999237060547,18.299999237060547,17.850000381469727,17.850000381469727,365000
2024-04-01,18.299999237060547,18.299999237060547,18.0,18.25,342336
2024-04-02,18.200000762939453,18.600000381469727,18.200000762939453,18.25,338800
2024-04-03,18.100000381469727,18.149999618530277,17.799999237060547,18.0,248000
2024-04-08,18.0,18.100000381469727,17.700000762939453,17.850000381469727,186310
2024-04-09,17.850000381469727,17.950000762939453,17.75,17.799999237060547,193350
2024-04-10,18.0,18.299999237060547,17.850000381469727,18.100000381469727,216000
2024-04-11,19.0,19.25,18.600000381469727,18.899999618530277,1471500
2024-04-12,18.649999618530277,18.700000762939453,18.399999618530277,18.700000762939453,360064
2024-04-15,18.700000762939453,18.700000762939453,18.350000381469727,18.399999618530277,313000
2024-04-16,18.299999237060547,18.299999237060547,17.850000381469727,17.950000762939453,501208
2024-04-17,18.0,18.350000381469727,18.0,18.100000381469727,369130
2024-04-18,18.200000762939453,18.25,17.799999237060547,18.100000381469727,440400
2024-04-19,18.100000381469727,18.100000381469727,17.5,17.950000762939453,443160
2024-04-22,18.049999237060547,18.5,17.850000381469727,17.850000381469727,600000
2024-04-23,17.899999618530273,17.950000762939453,17.600000381469727,17.700000762939453,252012
2024-04-24,17.75,17.75,17.549999237060547,17.649999618530273,191791
2024-04-25,17.700000762939453,17.700000762939453,17.049999237060547,17.100000381469727,364000
2024-04-26,17.149999618530273,17.350000381469727,17.0,17.100000381469727,425000
2024-04-29,17.100000381469727,17.299999237060547,17.0,17.100000381469727,473210
2024-04-30,17.100000381469727,17.25,17.049999237060547,17.100000381469727,954400
2024-05-02,17.100000381469727,17.149999618530273,16.649999618530273,17.049999237060547,473000
2024-05-03,17.0,17.200000762939453,16.899999618530273,16.950000762939453,236010
2024-05-06,17.0,17.049999237060547,16.950000762939453,16.950000762939453,302000
2024-05-07,17.149999618530273,18.600000381469727,17.049999237060547,18.600000381469727,2393932
2024-05-08,18.350000381469727,19.200000762939453,18.0,18.399999618530277,1546389
2024-05-09,18.399999618530277,18.899999618530277,18.149999618530277,18.399999618530277,536050
2024-05-10,18.5,18.5,18.149999618530277,18.200000762939453,313900
2024-05-13,17.700000762939453,17.700000762939453,16.850000381469727,17.100000381469727,954300
2024-05-14,17.149999618530273,17.299999237060547,16.899999618530273,17.0,490120
2024-05-15,17.0,17.0,16.399999618530273,16.450000762939453,1100038
2024-05-16,16.5,16.649999618530273,16.350000381469727,16.649999618530273,518151
2024-05-17,16.649999618530273,16.75,16.399999618530273,16.649999618530273,297145
2024-05-20,16.600000381469727,16.649999618530273,16.399999618530273,16.5,287500
2024-05-21,16.5,16.600000381469727,16.450000762939453,16.600000381469727,186181
2024-05-22,16.700000762939453,17.049999237060547,16.5,16.899999618530273,327000
2024-05-23,16.799999237060547,16.799999237060547,16.450000762939453,16.649999618530273,280868
2024-05-24,16.5,16.899999618530273,16.450000762939453,16.850000381469727,260000
2024-05-27,16.799999237060547,16.950000762939453,16.649999618530273,16.850000381469727,209000
2024-05-28,16.950000762939453,17.399999618530273,16.950000762939453,17.399999618530273,511376
2024-05-29,17.399999618530273,17.399999618530273,17.0,17.049999237060547,316000
2024-05-30,17.25,17.25,17.0,17.0,123082
2024-05-31,17.0,17.049999237060547,16.850000381469727,16.850000381469727,208500
2024-06-03,16.950000762939453,16.950000762939453,16.600000381469727,16.850000381469727,281002
2024-06-04,16.799999237060547,16.950000762939453,16.700000762939453,16.75,99000
2024-06-05,16.75,17.100000381469727,16.700000762939453,16.799999237060547,175044
2024-06-06,16.75,16.799999237060547,16.5,16.600000381469727,274486
2024-06-07,16.5,16.799999237060547,16.5,16.799999237060547,191000
2024-06-11,16.649999618530273,16.75,16.450000762939453,16.549999237060547,188185
2024-06-12,16.75,16.75,16.200000762939453,16.200000762939453,293000
2024-06-13,16.299999237060547,16.299999237060547,15.899999618530272,16.200000762939453,178100
2024-06-14,16.200000762939453,16.5,16.0,16.25,244000
2024-06-17,16.25,16.700000762939453,16.25,16.399999618530273,215586
2024-06-18,16.549999237060547,16.549999237060547,16.200000762939453,16.299999237060547,115100
2024-06-19,16.5,16.5,16.049999237060547,16.100000381469727,273009
2024-06-20,16.100000381469727,16.75,16.049999237060547,16.549999237060547,388000
2024-06-21,16.600000381469727,16.600000381469727,16.399999618530273,16.399999618530273,143010
2024-06-24,16.25,16.799999237060547,16.25,16.600000381469727,240535
2024-06-25,16.799999237060547,16.799999237060547,16.299999237060547,16.450000762939453,128610
2024-06-26,16.450000762939453,16.5,16.200000762939453,16.350000381469727,202125
2024-06-27,16.200000762939453,16.399999618530273,16.149999618530273,16.25,139261
2024-06-28,16.25,16.450000762939453,16.25,16.450000762939453,135000
2024-07-01,16.450000762939453,16.649999618530273,16.299999237060547,16.600000381469727,181000
2024-07-02,16.700000762939453,16.700000762939453,16.399999618530273,16.399999618530273,181089
2024-07-03,16.600000381469727,17.200000762939453,16.600000381469727,17.049999237060547,427500
2024-07-04,17.049999237060547,17.700000762939453,17.049999237060547,17.399999618530273,580029
2024-07-05,17.700000762939453,18.299999237060547,17.5,17.899999618530273,845948
2024-07-08,18.299999237060547,18.350000381469727,17.600000381469727,18.049999237060547,332216
2024-07-09,18.049999237060547,18.049999237060547,17.149999618530273,17.600000381469727,314080
2024-07-10,17.100000381469727,17.899999618530273,17.100000381469727,17.600000381469727,141800
2024-07-11,17.399999618530273,17.75,17.149999618530273,17.350000381469727,231112
2024-07-12,17.399999618530273,17.399999618530273,17.200000762939453,17.350000381469727,141101
2024-07-15,17.200000762939453,17.399999618530273,17.049999237060547,17.100000381469727,165290
2024-07-16,17.200000762939453,17.399999618530273,17.200000762939453,17.200000762939453,70000
2024-07-17,17.350000381469727,17.899999618530273,17.25,17.399999618530273,277079
2024-07-18,17.399999618530273,17.399999618530273,17.149999618530273,17.200000762939453,90131
2024-07-19,17.399999618530273,17.399999618530273,16.899999618530273,16.950000762939453,226500
2024-07-22,16.850000381469727,16.899999618530273,16.299999237060547,16.600000381469727,217100
2024-07-23,16.700000762939453,16.950000762939453,16.600000381469727,16.649999618530273,138016
2024-07-26,16.600000381469727,17.0,16.299999237060547,16.700000762939453,154500
2024-07-29,16.549999237060547,16.75,16.299999237060547,16.450000762939453,162200
2024-07-30,16.450000762939453,16.5,16.200000762939453,16.450000762939453,54000
2024-07-31,16.5,16.700000762939453,16.25,16.450000762939453,176100
2024-08-01,16.5,16.799999237060547,16.299999237060547,16.799999237060547,136500
2024-08-02,16.700000762939453,16.700000762939453,16.25,16.25,174272
2024-08-05,16.049999237060547,16.049999237060547,14.649999618530272,14.649999618530272,654072
2024-08-06,14.0,14.399999618530272,13.300000190734863,14.350000381469728,500020
2024-08-07,14.350000381469728,15.300000190734863,14.350000381469728,14.699999809265137,362000
2024-08-08,14.649999618530272,15.149999618530272,14.350000381469728,14.600000381469728,235307
2024-08-09,14.75,14.800000190734863,14.550000190734863,14.550000190734863,197700
2024-08-12,14.550000190734863,14.800000190734863,14.5,14.550000190734863,132337
2024-08-13,14.550000190734863,14.850000381469728,14.399999618530272,14.75,113005
2024-08-14,14.800000190734863,14.899999618530272,14.550000190734863,14.600000381469728,153150
2024-08-15,14.699999809265137,14.949999809265137,14.600000381469728,14.850000381469728,112750
2024-08-16,15.0,15.100000381469728,14.75,14.75,225800
2024-08-19,14.649999618530272,14.800000190734863,14.100000381469728,14.100000381469728,560458
2024-08-20,14.149999618530272,14.600000381469728,14.149999618530272,14.550000190734863,252225
2024-08-21,14.550000190734863,14.75,14.350000381469728,14.550000190734863,159948
2024-08-22,14.550000190734863,14.649999618530272,14.399999618530272,14.550000190734863,101900
2024-08-23,14.399999618530272,14.649999618530272,14.25,14.350000381469728,98031
2024-08-26,14.350000381469728,14.5,14.25,14.399999618530272,125600
2024-08-27,14.300000190734863,14.550000190734863,14.25,14.399999618530272,66500
2024-08-28,14.399999618530272,14.550000190734863,14.300000190734863,14.449999809265137,116900
2024-08-29,14.449999809265137,14.5,14.100000381469728,14.25,243897
2024-08-30,14.25,14.350000381469728,14.149999618530272,14.25,98800
2024-09-02,14.300000190734863,14.350000381469728,14.100000381469728,14.149999618530272,131060
2024-09-03,14.149999618530272,14.199999809265137,14.0,14.149999618530272,110700
2024-09-04,13.800000190734863,14.050000190734863,13.300000190734863,13.300000190734863,426102
2024-09-05,13.300000190734863,13.649999618530272,13.149999618530272,13.449999809265137,228000
2024-09-06,13.25,13.399999618530272,13.050000190734863,13.300000190734863,213000
2024-09-09,13.0,13.300000190734863,13.0,13.25,81200
2024-09-10,13.25,13.399999618530272,13.0,13.149999618530272,229373
2024-09-11,13.050000190734863,13.25,13.050000190734863,13.149999618530272,106310
2024-09-12,13.149999618530272,13.300000190734863,13.149999618530272,13.149999618530272,86700
2024-09-13,13.149999618530272,13.300000190734863,13.149999618530272,13.300000190734863,59800
2024-09-16,13.350000381469728,14.25,13.25,14.100000381469728,422901
2024-09-18,14.100000381469728,14.300000190734863,14.050000190734863,14.100000381469728,191000
2024-09-19,14.149999618530272,14.199999809265137,14.0,14.149999618530272,70030
2024-09-20,14.199999809265137,14.300000190734863,14.100000381469728,14.100000381469728,118369
2024-09-23,14.199999809265137,14.25,14.050000190734863,14.050000190734863,53000
2024-09-24,14.149999618530272,14.300000190734863,14.050000190734863,14.050000190734863,117000
2024-09-25,14.25,14.5,14.050000190734863,14.25,221000
2024-09-26,14.350000381469728,14.399999618530272,14.100000381469728,14.100000381469728,134200
2024-09-27,14.199999809265137,14.399999618530272,14.0,14.100000381469728,205937
2024-09-30,14.0,14.149999618530272,13.850000381469728,13.850000381469728,138122
2024-10-01,13.949999809265137,14.0,13.850000381469728,13.949999809265137,61100
2024-10-04,13.850000381469728,13.949999809265137,13.699999809265137,13.949999809265137,97120
2024-10-07,14.0,14.0,13.850000381469728,13.850000381469728,75001
2024-10-08,13.899999618530272,13.899999618530272,13.699999809265137,13.699999809265137,93100
2024-10-09,13.699999809265137,13.800000190734863,13.449999809265137,13.5,252500
2024-10-11,13.550000190734863,13.550000190734863,13.350000381469728,13.449999809265137,86464
2024-10-14,13.449999809265137,13.449999809265137,13.0,13.199999809265137,275106
2024-10-15,13.25,13.25,13.100000381469728,13.199999809265137,89000
2024-10-16,13.199999809265137,13.199999809265137,12.850000381469728,13.199999809265137,588000
2024-10-17,13.199999809265137,13.25,13.149999618530272,13.199999809265137,57251
2024-10-18,13.149999618530272,13.149999618530272,12.899999618530272,13.149999618530272,185000
2024-10-21,13.050000190734863,13.300000190734863,13.0,13.199999809265137,81000
2024-10-22,13.199999809265137,13.350000381469728,13.149999618530272,13.350000381469728,114000
2024-10-23,13.350000381469728,13.399999618530272,13.25,13.300000190734863,70048
2024-10-24,13.399999618530272,13.399999618530272,13.25,13.300000190734863,34100
2024-10-25,13.25,13.350000381469728,13.25,13.350000381469728,63822
2024-10-28,13.300000190734863,13.300000190734863,13.050000190734863,13.149999618530272,94000
2024-10-29,13.149999618530272,13.199999809265137,12.949999809265137,13.0,79010
2024-10-30,13.0,13.25,13.0,13.050000190734863,69100
2024-11-01,13.050000190734863,13.100000381469728,12.600000381469728,13.100000381469728,95000
2024-11-04,13.100000381469728,13.199999809265137,13.050000190734863,13.050000190734863,63700
2024-11-05,13.050000190734863,13.300000190734863,13.050000190734863,13.300000190734863,102900
2024-11-06,13.300000190734863,13.449999809265137,13.25,13.25,224000
2024-11-07,13.100000381469728,13.300000190734863,13.100000381469728,13.25,87700
2024-11-08,13.149999618530272,13.199999809265137,13.0,13.050000190734863,69241
2024-11-11,13.050000190734863,13.050000190734863,12.899999618530272,13.0,90290
2024-11-12,12.649999618530272,13.0,12.649999618530272,13.0,111800
2024-11-13,12.800000190734863,13.0,12.800000190734863,13.0,94080
2024-11-14,12.899999618530272,12.949999809265137,12.699999809265137,12.850000381469728,93001
2024-11-15,12.850000381469728,12.899999618530272,12.699999809265137,12.850000381469728,136900
2024-11-18,12.850000381469728,12.850000381469728,12.600000381469728,12.75,149300
2024-11-19,12.649999618530272,12.75,12.649999618530272,12.649999618530272,114010
2024-11-20,12.600000381469728,12.600000381469728,12.600000381469728,12.600000381469728,218683
2024-11-21,12.5,12.5,12.25,12.449999809265137,277748
2024-11-22,12.399999618530272,12.5,12.100000381469728,12.5,356900
2024-11-25,12.5,12.550000190734863,12.25,12.550000190734863,242100
2024-11-26,12.399999618530272,12.550000190734863,12.300000190734863,12.550000190734863,199900
2024-11-27,12.399999618530272,12.399999618530272,12.149999618530272,12.399999618530272,263035
2024-11-28,12.399999618530272,12.399999618530272,12.100000381469728,12.300000190734863,167004
2024-11-29,12.149999618530272,12.300000190734863,12.100000381469728,12.300000190734863,169000
2024-12-02,12.449999809265137,12.600000381469728,12.25,12.5,304067
2024-12-03,12.350000381469728,12.5,12.25,12.5,241000
2024-12-04,12.399999618530272,12.550000190734863,12.350000381469728,12.550000190734863,260100
2024-12-05,12.5,13.800000190734863,12.5,13.800000190734863,1105500
2024-12-06,13.899999618530272,15.149999618530272,13.800000190734863,15.149999618530272,3132900
2024-12-09,15.449999809265137,16.5,15.149999618530272,15.199999809265137,6409176
2024-12-10,15.600000381469728,15.600000381469728,14.399999618530272,15.100000381469728,1731120
2024-12-11,15.0,15.0,14.449999809265137,14.649999618530272,756000
2024-12-12,14.649999618530272,14.649999618530272,13.699999809265137,14.050000190734863,886900
2024-12-13,14.050000190734863,14.050000190734863,13.649999618530272,14.050000190734863,707001
2024-12-16,14.149999618530272,14.149999618530272,13.649999618530272,14.050000190734863,427351
2024-12-17,14.149999618530272,14.600000381469728,13.649999618530272,14.25,626100
2024-12-18,14.25,14.25,13.949999809265137,14.25,284035
2024-12-19,14.300000190734863,14.350000381469728,13.899999618530272,14.100000381469728,367014
2024-12-20,14.0,14.100000381469728,13.850000381469728,14.050000190734863,186002
2024-12-23,14.199999809265137,14.449999809265137,14.050000190734863,14.300000190734863,412039
2024-12-24,14.300000190734863,14.449999809265137,14.050000190734863,14.300000190734863,334008
2024-12-25,14.149999618530272,14.25,14.050000190734863,14.199999809265137,262030
2024-12-26,14.25,15.300000190734863,14.149999618530272,15.0,1167002
2024-12-27,16.5,16.5,16.5,16.5,1439600
2024-12-30,16.850000381469727,18.149999618530277,16.75,16.850000381469727,11519357
2024-12-31,16.700000762939453,17.25,15.75,15.800000190734863,4171150
2025-01-02,16.0,17.350000381469727,15.899999618530272,17.350000381469727,4788006
2025-01-03,17.600000381469727,18.700000762939453,16.399999618530273,16.399999618530273,12438110
2025-01-06,16.399999618530273,16.450000762939453,15.899999618530272,16.149999618530273,2249414
2025-01-07,16.299999237060547,17.75,16.200000762939453,16.799999237060547,7466089
2025-01-08,16.5,17.25,16.399999618530273,16.899999618530273,3274723
2025-01-09,16.850000381469727,17.450000762939453,16.450000762939453,16.950000762939453,2338200
2025-01-10,16.799999237060547,17.049999237060547,16.399999618530273,16.399999618530273,1527100
2025-01-13,16.25,16.25,14.800000190734863,14.800000190734863,2130343
2025-01-14,15.0,15.399999618530272,14.699999809265137,15.050000190734863,1199501
2025-01-15,14.949999809265137,15.149999618530272,14.399999618530272,14.649999618530272,932160
2025-01-16,15.0,15.199999809265137,14.649999618530272,14.649999618530272,798120
2025-01-17,14.899999618530272,15.25,14.649999618530272,14.649999618530272,777000
2025-01-20,14.699999809265137,14.699999809265137,14.300000190734863,14.300000190734863,605110
2025-01-21,14.300000190734863,14.350000381469728,13.949999809265137,13.949999809265137,814160
2025-01-22,14.199999809265137,14.25,13.850000381469728,14.100000381469728,641700
2025-02-03,13.899999618530272,14.25,13.5,14.050000190734863,396000
2025-02-04,14.100000381469728,14.25,13.949999809265137,14.149999618530272,253000
2025-02-05,14.300000190734863,15.550000190734863,14.25,15.199999809265137,1605867
2025-02-06,15.899999618530272,16.700000762939453,15.800000190734863,15.800000190734863,4896300
2025-02-07,15.649999618530272,17.299999237060547,15.649999618530272,16.700000762939453,4872920
2025-02-10,16.850000381469727,17.049999237060547,16.399999618530273,16.549999237060547,2261431
2025-02-11,16.450000762939453,16.5,16.0,16.149999618530273,1507100
2025-02-12,16.25,16.350000381469727,15.75,15.899999618530272,1129000
2025-02-13,15.899999618530272,16.049999237060547,15.399999618530272,15.800000190734863,1957040
2025-02-14,15.800000190734863,16.0,15.199999809265137,15.25,1080145
2025-02-17,15.149999618530272,15.449999809265137,15.050000190734863,15.25,576000
2025-02-18,15.300000190734863,15.399999618530272,15.050000190734863,15.100000381469728,490000
2025-02-19,15.100000381469728,15.300000190734863,15.0,15.0,702800
2025-02-20,15.050000190734863,15.199999809265137,14.699999809265137,15.100000381469728,1057000
2025-02-21,15.25,16.600000381469727,15.050000190734863,16.600000381469727,5498510
2025-02-24,16.149999618530273,17.0,16.0,16.5,4839500
2025-02-25,16.299999237060547,16.649999618530273,16.100000381469727,16.25,1517020
2025-02-26,16.200000762939453,17.350000381469727,16.200000762939453,16.600000381469727,3967362
2025-02-27,16.899999618530273,17.100000381469727,15.699999809265137,15.699999809265137,3717227
2025-03-03,15.350000381469728,15.600000381469728,15.25,15.5,902000
2025-03-04,15.449999809265137,15.949999809265137,15.100000381469728,15.75,634150
2025-03-05,15.899999618530272,16.5,15.5,16.200000762939453,1037163
2025-03-06,16.450000762939453,16.450000762939453,15.649999618530272,15.649999618530272,1048000
2025-03-07,15.600000381469728,15.699999809265137,15.25,15.300000190734863,499018
2025-03-10,15.199999809265137,15.600000381469728,15.100000381469728,15.149999618530272,377010
2025-03-11,14.800000190734863,15.399999618530272,14.199999809265137,15.25,1081100
2025-03-12,15.300000190734863,15.600000381469728,15.050000190734863,15.100000381469728,427000
2025-03-13,15.100000381469728,15.300000190734863,14.5,14.600000381469728,779030
2025-03-14,14.699999809265137,14.75,14.449999809265137,14.449999809265137,444080
2025-03-17,14.550000190734863,14.75,14.399999618530272,14.449999809265137,315000
2025-03-18,14.649999618530272,14.800000190734863,14.5,14.600000381469728,344000
2025-03-19,14.699999809265137,14.850000381469728,14.399999618530272,14.449999809265137,355000
2025-03-20,15.0,15.0,14.600000381469728,14.699999809265137,383000
2025-03-21,14.75,14.850000381469728,14.5,14.5,330000
2025-03-24,14.649999618530272,15.0,14.100000381469728,14.199999809265137,709545
2025-03-25,14.25,14.300000190734863,14.0,14.149999618530272,231000
2025-03-26,14.300000190734863,14.399999618530272,14.100000381469728,14.149999618530272,231000
2025-03-27,14.149999618530272,14.149999618530272,13.899999618530272,13.949999809265137,228000
2025-03-28,13.949999809265137,13.949999809265137,13.0,13.149999618530272,1061000
2025-03-31,12.449999809265137,12.850000381469728,12.25,12.350000381469728,883010
2025-04-01,12.5,12.699999809265137,12.300000190734863,12.550000190734863,315800
2025-04-02,12.899999618530272,12.899999618530272,12.300000190734863,12.449999809265137,299836
2025-04-07,11.25,11.25,11.25,11.25,43003
2025-04-08,10.149999618530272,10.149999618530272,10.149999618530272,10.149999618530272,412022
2025-04-09,9.170000076293944,9.399999618530272,9.140000343322754,9.140000343322754,656014
2025-04-10,9.3100004196167,10.050000190734863,9.3100004196167,9.93000030517578,1426000
2025-04-11,9.449999809265137,9.449999809265137,8.9399995803833,9.279999732971191,1045900
2025-04-14,9.31999969482422,9.989999771118164,9.31999969482422,9.520000457763672,604146
2025-04-15,9.880000114440918,9.93000030517578,9.65999984741211,9.8100004196167,538201
2025-04-16,9.869999885559082,9.899999618530272,9.350000381469728,9.449999809265137,430068
2025-04-17,9.199999809265137,9.399999618530272,9.010000228881836,9.399999618530272,518010
2025-04-18,9.3100004196167,9.399999618530272,9.06999969482422,9.359999656677246,307030
2025-04-21,9.100000381469728,9.100000381469728,8.430000305175781,9.0,1010051
2025-04-22,9.0,9.0,8.239999771118164,8.850000381469727,740845
2025-04-23,8.800000190734863,8.850000381469727,8.3100004196167,8.850000381469727,952030
2025-04-24,8.8100004196167,8.829999923706055,8.420000076293945,8.829999923706055,782786
2025-04-25,8.84000015258789,9.1899995803833,8.699999809265137,9.0,599038
2025-04-28,9.15999984741211,9.699999809265137,9.0,9.380000114440918,437510
2025-04-29,9.210000038146973,9.5,9.149999618530272,9.43000030517578,256000
2025-04-30,9.43000030517578,9.449999809265137,9.170000076293944,9.270000457763672,266012
2025-05-02,9.300000190734863,9.350000381469728,9.130000114440918,9.270000457763672,324000
2025-05-05,9.34000015258789,9.359999656677246,8.800000190734863,9.1899995803833,321000
2025-05-06,9.149999618530272,9.279999732971191,9.109999656677246,9.199999809265137,98001
2025-05-07,9.25,9.25,9.010000228881836,9.199999809265137,71000
2025-05-08,9.199999809265137,10.100000381469728,9.199999809265137,9.56999969482422,818000
2025-05-09,9.399999618530272,9.479999542236328,9.170000076293944,9.449999809265137,512000
2025-05-12,9.460000038146973,9.739999771118164,9.130000114440918,9.720000267028809,177000
2025-05-13,9.880000114440918,9.960000038146973,9.699999809265137,9.760000228881836,303900
2025-05-14,9.979999542236328,9.979999542236328,9.56999969482422,9.600000381469728,296000
2025-05-15,9.600000381469728,10.5,9.59000015258789,10.25,898614
2025-05-16,10.75,10.75,10.199999809265137,10.199999809265137,579050
2025-05-19,10.25,11.100000381469728,10.199999809265137,10.600000381469728,747174
2025-05-20,10.75,11.5,10.5,11.199999809265137,1212043
2025-05-21,11.350000381469728,11.75,11.050000190734863,11.449999809265137,1127207
2025-05-22,11.350000381469728,12.0,11.199999809265137,11.800000190734863,905000
2025-05-23,11.899999618530272,11.949999809265137,11.399999618530272,11.699999809265137,1099010
2025-05-26,11.899999618530272,12.399999618530272,11.600000381469728,11.949999809265137,1596002
2025-05-27,12.0,12.0,11.25,11.300000190734863,719052
2025-05-28,11.399999618530272,11.699999809265137,11.300000190734863,11.350000381469728,504000
2025-05-29,11.550000190734863,11.899999618530272,11.5,11.649999618530272,770000
2025-06-02,11.899999618530272,11.899999618530272,11.149999618530272,11.350000381469728,486000
2025-06-03,11.399999618530272,11.850000381469728,11.25,11.649999618530272,711400
2025-06-04,11.649999618530272,11.899999618530272,11.5,11.649999618530272,270100
2025-06-05,11.649999618530272,11.649999618530272,11.25,11.5,490100
2025-06-06,11.5,11.5,11.25,11.300000190734863,318192
2025-06-09,11.399999618530272,11.699999809265137,11.149999618530272,11.399999618530272,632010
2025-06-10,11.550000190734863,11.75,11.449999809265137,11.600000381469728,548100
2025-06-11,11.5,11.75,11.100000381469728,11.600000381469728,777800
2025-06-12,11.5,11.75,11.350000381469728,11.5,340001
2025-06-13,11.449999809265137,11.550000190734863,10.850000381469728,11.050000190734863,645050
2025-06-16,10.899999618530272,12.149999618530272,10.800000190734863,12.149999618530272,1897992
2025-06-17,13.350000381469728,13.350000381469728,13.350000381469728,13.350000381469728,1198003
2025-06-18,14.649999618530272,14.649999618530272,14.649999618530272,14.649999618530272,1020972
2025-06-19,16.100000381469727,16.100000381469727,13.550000190734863,13.600000381469728,8836257
2025-06-20,13.5,13.850000381469728,12.800000190734863,13.300000190734863,3121000
2025-06-23,12.699999809265137,13.699999809265137,12.699999809265137,13.100000381469728,2388471
2025-06-24,13.300000190734863,13.300000190734863,12.699999809265137,12.850000381469728,1578486
2025-06-25,13.0,13.100000381469728,12.649999618530272,13.050000190734863,1326250
2025-06-26,13.100000381469728,13.199999809265137,12.399999618530272,12.449999809265137,1273101
2025-06-27,12.699999809265137,12.899999618530272,12.449999809265137,12.449999809265137,1108000
2025-06-30,12.5,12.550000190734863,12.050000190734863,12.100000381469728,618300
2025-07-01,12.300000190734863,12.600000381469728,12.100000381469728,12.100000381469728,1086200
2025-07-02,12.199999809265137,12.550000190734863,11.949999809265137,12.199999809265137,947044
2025-07-03,12.350000381469728,12.449999809265137,12.050000190734863,12.050000190734863,865306
2025-07-04,12.050000190734863,13.25,12.050000190734863,12.600000381469728,9071347
2025-07-07,12.699999809265137,12.699999809265137,12.050000190734863,12.25,2314098
2025-07-08,12.100000381469728,12.100000381469728,11.050000190734863,11.25,3354412
2025-07-09,11.300000190734863,11.550000190734863,11.149999618530272,11.5,695800
2025-07-10,11.300000190734863,11.949999809265137,11.300000190734863,11.649999618530272,1268200
2025-07-11,11.75,12.399999618530272,11.5,12.399999618530272,1944940
2025-07-14,12.399999618530272,12.449999809265137,11.899999618530272,11.949999809265137,928200
2025-07-15,11.949999809265137,12.800000190734863,11.899999618530272,12.300000190734863,2076100
2025-07-16,12.399999618530272,13.350000381469728,12.199999809265137,12.449999809265137,2937347
2025-07-17,12.649999618530272,13.149999618530272,12.5,12.800000190734863,2900015
2025-07-18,13.0,13.0,12.399999618530272,12.550000190734863,1305000
2025-07-21,12.550000190734863,12.550000190734863,12.199999809265137,12.25,725445
2025-07-22,12.300000190734863,12.449999809265137,11.75,11.850000381469728,1191129
2025-07-23,11.949999809265137,12.850000381469728,11.949999809265137,12.800000190734863,2077010
2025-07-24,12.899999618530272,13.050000190734863,12.5,12.800000190734863,1428001
2025-07-25,12.850000381469728,12.850000381469728,12.5,12.600000381469728,475500
2025-07-28,12.600000381469728,13.300000190734863,12.399999618530272,13.100000381469728,1890090
2025-07-29,13.199999809265137,13.850000381469728,12.899999618530272,13.600000381469728,3637700
2025-07-30,13.800000190734863,13.800000190734863,13.399999618530272,13.600000381469728,2390000
2025-07-31,13.699999809265137,14.649999618530272,13.550000190734863,14.550000190734863,7390111
2025-08-04,14.649999618530272,14.649999618530272,14.050000190734863,14.100000381469728,3304356
2025-08-05,14.399999618530272,14.399999618530272,13.75,13.899999618530272,2472531
2025-08-06,14.0,14.25,13.699999809265137,13.800000190734863,2141003
2025-08-07,13.949999809265137,13.949999809265137,13.5,13.5,1819002
2025-08-08,13.649999618530272,14.699999809265137,13.399999618530272,14.149999618530272,4727313
2025-08-11,14.199999809265137,14.350000381469728,13.850000381469728,14.0,1591001
2025-08-12,13.449999809265137,13.600000381469728,12.649999618530272,12.850000381469728,4282020
2025-08-13,12.899999618530272,13.199999809265137,12.600000381469728,13.0,1901100
2025-08-14,13.300000190734863,14.300000190734863,13.149999618530272,14.300000190734863,5761095
2025-08-15,15.0,15.399999618530272,14.5,14.800000190734863,12045219
2025-08-18,14.899999618530272,15.149999618530272,14.449999809265137,14.600000381469728,4020000
2025-08-19,14.600000381469728,14.699999809265137,13.850000381469728,13.949999809265137,2546999
2025-08-20,14.0,14.0,13.300000190734863,13.399999618530272,1337403
2025-08-21,13.600000381469728,13.899999618530272,13.449999809265137,13.5,925069
2025-08-22,13.300000190734863,13.350000381469728,13.050000190734863,13.100000381469728,917002
2025-08-25,13.199999809265137,13.300000190734863,12.850000381469728,12.899999618530272,1154801
2025-08-26,12.75,13.0,12.75,12.850000381469728,487900
2025-08-27,13.0,13.149999618530272,12.899999618530272,13.100000381469728,781369
2025-08-28,13.100000381469728,13.25,13.050000190734863,13.149999618530272,634000
2025-08-29,13.199999809265137,13.850000381469728,13.199999809265137,13.550000190734863,882179
2025-09-01,13.600000381469728,13.600000381469728,12.899999618530272,13.100000381469728,840000
2025-09-02,13.100000381469728,13.149999618530272,12.800000190734863,12.850000381469728,441000
2025-09-03,12.850000381469728,12.899999618530272,12.75,12.850000381469728,362237
2025-09-04,12.899999618530272,12.899999618530272,12.649999618530272,12.649999618530272,377100
2025-09-05,12.649999618530272,12.649999618530272,12.5,12.550000190734863,366800
2025-09-08,12.550000190734863,12.75,12.399999618530272,12.75,408000
2025-09-09,12.75,12.75,12.399999618530272,12.600000381469728,278000
2025-09-10,12.600000381469728,12.899999618530272,12.449999809265137,12.850000381469728,489800
2025-09-11,12.850000381469728,12.850000381469728,12.399999618530272,12.399999618530272,442000
2025-09-12,12.399999618530272,12.550000190734863,12.399999618530272,12.449999809265137,283900
2025-09-15,12.399999618530272,12.399999618530272,12.199999809265137,12.25,241252
2025-09-16,12.199999809265137,12.699999809265137,12.100000381469728,12.600000381469728,286000
2025-09-17,12.449999809265137,12.850000381469728,12.449999809265137,12.5,178001
2025-09-18,12.5,12.75,12.5,12.699999809265137,284779
2025-09-19,12.75,12.800000190734863,12.5,12.550000190734863,211000
2025-09-22,12.550000190734863,12.550000190734863,12.350000381469728,12.399999618530272,248350
2025-09-23,12.449999809265137,12.449999809265137,12.100000381469728,12.149999618530272,357500
2025-09-24,12.149999618530272,12.149999618530272,12.0,12.0,283000
2025-09-25,12.050000190734863,12.350000381469728,12.050000190734863,12.199999809265137,227301
2025-09-26,12.149999618530272,12.199999809265137,11.800000190734863,12.199999809265137,306110
2025-09-30,12.25,12.25,11.850000381469728,12.0,103000
2025-10-01,12.0,12.100000381469728,11.899999618530272,11.949999809265137,181000
2025-10-02,11.850000381469728,11.949999809265137,11.75,11.899999618530272,227800
2025-10-03,11.899999618530272,11.949999809265137,11.449999809265137,11.899999618530272,281000
2025-10-07,11.949999809265137,12.199999809265137,11.850000381469728,12.100000381469728,267301
2025-10-08,12.0,12.199999809265137,12.0,12.149999618530272,147000
2025-10-09,12.149999618530272,12.350000381469728,12.050000190734863,12.149999618530272,179200
2025-10-13,11.5,12.050000190734863,11.5,12.0,137000
2025-10-14,12.050000190734863,12.100000381469728,11.649999618530272,11.649999618530272,301002
2025-10-15,11.75,11.75,11.149999618530272,11.300000190734863,359000
2025-10-16,11.300000190734863,11.600000381469728,11.25,11.550000190734863,255000
2025-10-17,11.649999618530272,11.649999618530272,11.399999618530272,11.399999618530272,127001
2025-10-20,11.399999618530272,11.399999618530272,11.100000381469728,11.25,176000
2025-10-21,11.399999618530272,12.25,11.350000381469728,12.199999809265137,503000
2025-10-22,12.100000381469728,12.199999809265137,11.75,12.100000381469728,422000
2025-10-23,12.0,12.0,11.899999618530272,11.899999618530272,111045
2025-10-27,11.850000381469728,11.850000381469728,11.5,11.649999618530272,175900
2025-10-28,11.649999618530272,11.649999618530272,11.449999809265137,11.449999809265137,118000
2025-10-29,11.449999809265137,11.699999809265137,11.300000190734863,11.600000381469728,224000
2025-10-30,11.600000381469728,11.699999809265137,11.350000381469728,11.399999618530272,203900
2025-10-31,11.5,12.399999618530272,11.449999809265137,12.0,334601
2025-11-03,11.899999618530272,11.949999809265137,11.649999618530272,11.699999809265137,135538
2025-11-04,11.699999809265137,11.75,11.350000381469728,11.350000381469728,135800
2025-11-05,11.300000190734863,11.449999809265137,11.100000381469728,11.399999618530272,152048
2025-11-06,11.449999809265137,11.449999809265137,11.25,11.399999618530272,60700
2025-11-07,11.300000190734863,11.300000190734863,11.100000381469728,11.199999809265137,141250
2025-11-10,11.149999618530272,11.5,11.0,11.25,96268
2025-11-11,11.149999618530272,11.350000381469728,11.100000381469728,11.149999618530272,76292
2025-11-12,11.149999618530272,11.550000190734863,11.149999618530272,11.5,157163
2025-11-13,11.949999809265137,11.949999809265137,11.5,11.699999809265137,196000
2025-11-14,11.5,11.850000381469728,11.5,11.550000190734863,129198
2025-11-17,11.600000381469728,11.600000381469728,11.199999809265137,11.550000190734863,120000
2025-11-18,11.5,11.5,11.0,11.050000190734863,222023
2025-11-19,11.050000190734863,11.050000190734863,10.399999618530272,10.399999618530272,327000
2025-11-20,10.649999618530272,10.649999618530272,10.350000381469728,10.399999618530272,159000
2025-11-21,10.149999618530272,10.5,10.149999618530272,10.449999809265137,90000
2025-11-24,10.5,10.550000190734863,10.25,10.25,52450
2025-11-25,10.350000381469728,10.800000190734863,10.350000381469728,10.600000381469728,145100
2025-11-26,10.600000381469728,11.0,10.600000381469728,10.75,106001
2025-11-27,10.75,11.399999618530272,10.649999618530272,11.25,210063
2025-11-28,11.300000190734863,11.300000190734863,11.100000381469728,11.25,141000
2025-12-01,11.300000190734863,11.300000190734863,10.800000190734863,10.949999809265137,107000
2025-12-02,11.0,11.0,10.75,10.949999809265137,97000
2025-12-03,11.0,11.199999809265137,10.899999618530272,10.949999809265137,136050
2025-12-04,11.0,11.350000381469728,11.0,11.300000190734863,265000
2025-12-05,11.149999618530272,11.199999809265137,10.949999809265137,11.050000190734863,187005
2025-12-08,10.949999809265137,10.949999809265137,10.75,10.850000381469728,95000
2025-12-09,10.850000381469728,10.899999618530272,10.699999809265137,10.850000381469728,131000
2025-12-10,10.850000381469728,11.050000190734863,10.800000190734863,10.800000190734863,103000
2025-12-11,10.850000381469728,11.0,10.75,10.800000190734863,182000
2025-12-12,10.75,11.100000381469728,10.75,10.899999618530272,124000
2025-12-15,10.800000190734863,11.600000381469728,10.399999618530272,11.600000381469728,465200
2025-12-16,11.600000381469728,11.600000381469728,11.100000381469728,11.199999809265137,283033
2025-12-17,11.199999809265137,11.25,11.0,11.100000381469728,114000
2025-12-18,11.100000381469728,11.100000381469728,11.0,11.050000190734863,30000
2025-12-19,11.0,11.300000190734863,11.0,11.25,214000
2025-12-22,11.199999809265137,11.5,11.199999809265137,11.25,187150
2025-12-23,11.199999809265137,11.199999809265137,11.050000190734863,11.149999618530272,86400
2025-12-24,11.149999618530272,11.149999618530272,11.0,11.0,125104
2025-12-26,10.949999809265137,11.0,10.850000381469728,10.850000381469728,245000
2025-12-29,10.899999618530272,11.050000190734863,10.75,10.949999809265137,232435
2025-12-30,10.949999809265137,10.949999809265137,10.600000381469728,10.850000381469728,68001
2025-12-31,10.75,10.800000190734863,10.5,10.600000381469728,259000
2026-01-02,10.5,10.5,10.350000381469728,10.5,314700
2026-01-05,10.300000190734863,10.5,10.199999809265137,10.350000381469728,191398
2026-01-06,10.199999809265137,10.5,10.199999809265137,10.449999809265137,153350
2026-01-07,10.449999809265137,10.699999809265137,10.449999809265137,10.699999809265137,181000
2026-01-08,10.899999618530272,11.75,10.75,11.75,1108900
2026-01-09,11.75,12.25,11.5,12.100000381469728,1743359
2026-01-12,12.199999809265137,12.350000381469728,11.949999809265137,12.100000381469728,497800
2026-01-13,11.949999809265137,12.0,11.5,11.699999809265137,291801
2026-01-14,11.699999809265137,11.699999809265137,11.5,11.550000190734863,371083
2026-01-15,11.550000190734863,11.899999618530272,11.5,11.699999809265137,227000
2026-01-16,11.899999618530272,11.949999809265137,11.550000190734863,11.649999618530272,281002
2026-01-19,11.75,11.949999809265137,11.699999809265137,11.850000381469728,363900
2026-01-20,11.949999809265137,11.949999809265137,11.550000190734863,11.600000381469728,286400
2026-01-21,11.5,11.649999618530272,11.350000381469728,11.649999618530272,214000
2026-01-22,11.800000190734863,12.100000381469728,11.75,12.0,656200
2026-01-23,12.0,12.0,11.550000190734863,11.699999809265137,287594
2026-01-26,11.800000190734863,12.0,11.699999809265137,11.899999618530272,398014
2026-01-27,11.899999618530272,11.949999809265137,11.699999809265137,11.699999809265137,222020
2026-01-28,11.699999809265137,11.949999809265137,11.600000381469728,11.850000381469728,261000
2026-01-29,12.0,12.0,11.449999809265137,11.449999809265137,238000
2026-01-30,11.449999809265137,11.449999809265137,11.149999618530272,11.199999809265137,276010
2026-02-02,11.199999809265137,11.199999809265137,10.899999618530272,10.899999618530272,236200
2026-02-03,10.949999809265137,11.050000190734863,10.800000190734863,10.949999809265137,175000
2026-02-04,10.850000381469728,11.199999809265137,10.850000381469728,11.149999618530272,253925
2026-02-05,11.100000381469728,11.300000190734863,10.949999809265137,11.100000381469728,77000
2026-02-06,10.899999618530272,10.899999618530272,10.699999809265137,10.699999809265137,224000
2026-02-09,11.0,11.0,10.600000381469728,10.600000381469728,195300
2026-02-10,10.600000381469728,10.75,10.550000190734863,10.649999618530272,82321
2026-02-11,10.899999618530272,10.899999618530272,10.5,10.699999809265137,211900
2026-02-23,10.699999809265137,11.25,10.699999809265137,11.149999618530272,290500
2026-02-24,11.149999618530272,11.300000190734863,11.100000381469728,11.25,305900
2026-02-25,11.350000381469728,11.350000381469728,11.149999618530272,11.300000190734863,387098
2026-02-26,11.199999809265137,12.399999618530272,11.199999809265137,12.399999618530272,1506000
2026-03-02,13.0,13.600000381469728,13.0,13.600000381469728,2341002
2026-03-03,14.949999809265137,14.949999809265137,14.949999809265137,14.949999809265137,1779600
2026-03-04,16.399999618530273,16.399999618530273,16.399999618530273,16.399999618530273,4051900
2026-03-05,18.0,18.0,18.0,18.0,2319345
2026-03-06,18.5,18.5,16.600000381469727,17.950000762939453,12036658
2026-03-09,16.899999618530273,16.899999618530273,16.700000762939453,16.799999237060547,2714791
2026-03-10,17.549999237060547,18.149999618530277,17.450000762939453,17.799999237060547,2050303
2026-03-11,17.5,18.299999237060547,17.5,18.100000381469727,1793377
2026-03-12,18.0,18.200000762939453,17.700000762939453,18.200000762939453,1845700
2026-03-13,18.049999237060547,20.0,18.0,20.0,4021533
2026-03-16,21.899999618530277,22.0,21.899999618530277,22.0,2660920
2026-03-17,24.200000762939453,24.200000762939453,24.200000762939453,24.200000762939453,1304537
2026-03-18,26.600000381469727,26.600000381469727,24.200000762939453,26.0,7840007
2026-03-19,25.25,28.549999237060547,25.0,28.299999237060547,4142745
2026-03-20,27.0,27.0,25.5,25.950000762939453,1974700
2026-03-23,23.399999618530277,23.399999618530277,23.399999618530277,23.399999618530277,1145172
2026-03-24,23.0,23.0,21.100000381469727,21.100000381469727,1215025
2026-03-25,21.100000381469727,23.0,19.799999237060547,23.0,2856412
2026-03-26,21.75,22.399999618530277,21.25,21.399999618530277,1434905
2026-03-27,20.0,22.299999237060547,20.0,22.100000381469727,757000
2026-03-30,20.899999618530277,22.100000381469727,20.899999618530277,21.799999237060547,625834
2026-03-31,21.200000762939453,21.200000762939453,19.649999618530277,19.799999237060547,928151
2026-04-01,20.5,21.25,20.200000762939453,20.899999618530277,819075
2026-04-02,21.299999237060547,21.299999237060547,20.5,20.950000762939453,563215
2026-04-07,19.5,21.700000762939453,19.5,19.950000762939453,2374655
2026-04-08,19.75,21.899999618530277,19.100000381469727,21.899999618530277,2201910
2026-04-09,23.350000381469727,24.049999237060547,22.5,24.049999237060547,3411100
2026-04-10,25.299999237060547,25.450000762939453,23.100000381469727,24.100000381469727,3761302
2026-04-13,24.100000381469727,25.350000381469727,23.450000762939453,23.549999237060547,2780002
2026-04-14,23.549999237060547,24.5,23.399999618530277,23.5,2004085
2026-04-15,23.5,25.850000381469727,23.25,25.850000381469727,2716826
2026-04-16,28.399999618530277,28.399999618530277,28.399999618530277,28.399999618530277,1862734
2026-04-17,31.200000762939453,31.200000762939453,31.200000762939453,31.200000762939453,6673573
2026-04-20,34.29999923706055,34.29999923706055,31.399999618530277,34.29999923706055,10650344
2026-04-21,36.34999847412109,37.400001525878906,34.5,34.95000076293945,6830940
2026-04-22,32.29999923706055,33.900001525878906,31.899999618530277,33.04999923706055,1483249
2026-04-23,32.900001525878906,32.900001525878906,29.75,30.350000381469727,1854540
2026-04-24,32.95000076293945,32.95000076293945,30.350000381469727,30.899999618530277,654984
2026-04-27,30.850000381469727,30.850000381469727,29.799999237060547,30.75,613670
2026-04-28,29.350000381469727,31.600000381469727,29.350000381469727,31.549999237060547,454300
2026-04-29,33.25,33.25,30.399999618530277,32.0,333368
2026-04-30,33.20000076293945,33.20000076293945,32.349998474121094,32.5,536787
2026-05-04,33.5,35.0,33.5,35.0,1096295
2026-05-05,36.79999923706055,37.0,35.79999923706055,36.70000076293945,1161600
2026-05-06,37.0,38.0,34.0,35.70000076293945,916800
2026-05-07,36.5,39.0,36.09999847412109,36.5,3688023
2026-05-08,33.29999923706055,36.0,32.849998474121094,33.099998474121094,2760515
2026-05-11,33.099998474121094,34.5,31.450000762939453,33.25,1377599
2026-05-12,34.0,34.20000076293945,31.600000381469727,31.700000762939453,1728505
2026-05-13,28.549999237060547,28.549999237060547,28.549999237060547,28.549999237060547,1572009
2026-05-14,25.700000762939453,25.700000762939453,25.700000762939453,25.700000762939453,987900
2026-05-15,23.149999618530277,28.25,23.149999618530277,28.25,7282615
2026-05-18,31.049999237060547,31.049999237060547,31.049999237060547,31.049999237060547,1446133
2026-05-19,34.150001525878906,34.150001525878906,34.150001525878906,34.150001525878906,4091997
2026-05-20,34.900001525878906,37.29999923706055,33.099998474121094,34.5,6614116
2026-05-21,33.0,34.5,31.5,34.0,3391841
2026-05-22,33.79999923706055,36.5,33.29999923706055,34.0,2531301
2026-05-25,34.0,34.0,31.600000381469727,32.5,3433058
2026-05-26,32.95000076293945,35.75,32.5,35.75,5080277
2026-05-27,39.25,39.29999923706055,37.54999923706055,39.29999923706055,6848850
2026-05-28,41.95000076293945,43.20000076293945,41.900001525878906,43.20000076293945,4139822
2026-05-29,44.20000076293945,47.45000076293945,42.20000076293945,46.0,9845253
2026-06-01,46.04999923706055,46.04999923706055,41.400001525878906,44.400001525878906,7172034
2026-06-02,42.09999847412109,42.45000076293945,40.04999923706055,40.34999847412109,3710550
2026-06-03,40.34999847412109,41.70000076293945,39.75,40.0,2549020
2026-06-04,40.0,40.20000076293945,39.20000076293945,39.400001525878906,1450962
2026-06-05,38.09999847412109,40.5,37.79999923706055,38.5,2179000
2026-06-08,34.650001525878906,36.54999923706055,34.650001525878906,35.5,1498626
2026-06-09,35.5,36.09999847412109,34.099998474121094,35.099998474121094,1261802
2026-06-10,35.0,36.0,32.0,32.5,1660500
2026-06-11,32.599998474121094,32.599998474121094,30.0,31.600000381469727,1865356
2026-06-12,32.5,33.0,31.5,32.04999923706055,1262012
2026-06-15,35.25,35.25,35.25,35.25,356602
2026-06-16,38.75,38.75,35.5,35.599998474121094,2965202
2026-06-17,34.25,36.400001525878906,33.54999923706055,35.099998474121094,1631505
2026-06-18,35.099998474121094,35.5,34.20000076293945,34.849998474121094,1167510
2026-06-22,36.20000076293945,37.150001525878906,35.349998474121094,35.599998474121094,1345100
2026-06-23,37.29999923706055,37.29999923706055,34.70000076293945,35.25,1211000
2026-06-24,35.0,38.75,35.0,38.75,2677991
2026-06-25,41.45000076293945,42.59999847412109,39.29999923706055,42.29999923706055,7189932
2026-06-26,42.95000076293945,42.95000076293945,39.0,39.0,1835497
2026-06-29,38.34999847412109,40.0,38.0,38.25,768730
2026-06-30,38.0,38.59999847412109,38.0,38.59999847412109,516100
2026-07-01,39.59999847412109,39.59999847412109,38.5,39.29999923706055,588687
2026-07-02,39.79999923706055,39.79999923706055,38.54999923706055,38.84999847412109,308103
2026-07-03,37.70000076293945,38.20000076293945,37.70000076293945,37.75,420200
2026-07-06,37.95000076293945,38.650001525878906,37.29999923706055,37.5,389000
2026-07-07,37.5,38.59999847412109,35.0,35.0,660167
2026-07-08,34.900001525878906,35.650001525878906,34.400001525878906,35.5,421500
2026-07-09,35.599998474121094,39.04999923706055,35.599998474121094,39.04999923706055,1676226
2026-07-10,39.04999923706055,39.04999923706055,39.04999923706055,39.04999923706055,0
2026-07-13,39.20000076293945,40.5,37.0,38.04999923706055,1789189
2026-07-14,38.20000076293945,38.54999923706055,34.25,36.20000076293945,1790077
2026-07-15,36.5,39.79999923706055,36.150001525878906,39.79999923706055,1559410
2026-07-16,39.59999847412109,43.75,38.5,43.75,7216255
2026-07-17,42.0,44.0,40.59999847412109,40.70000076293945,4359566
2026-07-20,40.0,40.5,37.04999923706055,37.70000076293945,1710559
2026-07-21,38.5,38.95000076293945,37.34999847412109,38.54999923706055,814030
2026-07-22,39.84999847412109,42.400001525878906,37.5,42.0,1744716
2026-07-23,43.84999847412109,46.20000076293945,39.29999923706055,42.900001525878906,8504271
2026-07-24,41.0,41.0,38.650001525878906,38.650001525878906,2499104
2026-07-27,36.04999923706055,37.59999847412109,34.79999923706055,34.95000076293945,4674204
2026-07-28,32.70000076293945,33.650001525878906,31.799999237060547,32.5,1655000
2026-07-29,32.45000076293945,32.70000076293945,29.25,30.700000762939453,2214100
2026-07-30,27.700000762939453,31.049999237060547,27.700000762939453,29.25,1388000
2026-07-31,31.0,31.0,29.049999237060547,30.100000381469727,2035100
2026-08-03,30.100000381469727,31.299999237060547,29.049999237060547,30.399999618530277,851000
2026-08-04,30.399999618530277,33.400001525878906,30.149999618530277,33.400001525878906,1185005
2026-08-05,34.79999923706055,36.70000076293945,34.45000076293945,35.45000076293945,1961800
2026-08-06,34.0,35.099998474121094,34.0,34.400001525878906,926101
2026-08-07,34.400001525878906,35.54999923706055,33.650001525878906,34.099998474121094,854300
2026-08-10,34.099998474121094,35.400001525878906,34.099998474121094,34.70000076293945,624754
2026-08-11,35.29999923706055,35.29999923706055,33.900001525878906,34.650001525878906,528000
2026-08-12,35.349998474121094,37.09999847412109,35.0,36.900001525878906,1264910
2026-08-13,36.0,37.59999847412109,34.900001525878906,36.59999847412109,1148301
2026-08-14,36.150001525878906,36.900001525878906,34.54999923706055,35.0,953257
2026-08-17,35.29999923706055,38.5,34.900001525878906,38.5,2040307
2026-08-18,39.20000076293945,42.34999847412109,39.20000076293945,41.25,7730635
2026-08-19,39.0,45.34999847412109,39.0,44.5,7746524
2026-08-20,44.04999923706055,45.79999923706055,41.900001525878906,43.95000076293945,5482155
2026-08-21,43.25,46.79999923706055,42.29999923706055,45.400001525878906,5174456
2026-08-24,45.79999923706055,47.25,43.04999923706055,46.04999923706055,4819250
2026-08-25,44.84999847412109,46.25,42.59999847412109,45.84999847412109,3814793
2026-08-26,46.0,50.400001525878906,45.20000076293945,50.400001525878906,7077616
2026-08-27,53.5,55.400001525878906,50.0,54.900001525878906,7769837
2026-08-28,54.0,59.5,53.70000076293945,58.20000076293945,7421896
2026-08-31,58.09999847412109,59.5,55.09999847412109,58.900001525878906,5197663
2026-09-01,58.900001525878906,59.900001525878906,57.20000076293945,58.0,3551198
2026-09-02,57.79999923706055,58.70000076293945,54.09999847412109,54.79999923706055,4605249
2026-09-03,55.0,56.20000076293945,51.5,51.70000076293945,4432388
2026-09-04,54.0,54.0,50.59999847412109,52.5,2368270
2026-09-07,51.5,52.900001525878906,51.29999923706055,51.900001525878906,2263002
2026-09-08,51.5,51.59999847412109,48.79999923706055,49.400001525878906,3026754
2026-09-09,49.04999923706055,52.900001525878906,49.04999923706055,50.5,2231115
2026-09-10,50.400001525878906,55.5,50.400001525878906,55.400001525878906,5097256
2026-09-11,53.400001525878906,54.29999923706055,51.0,51.0,4187703
2026-09-14,48.70000076293945,49.900001525878906,47.79999923706055,48.79999923706055,2188520
2026-09-15,48.79999923706055,50.0,48.20000076293945,48.34999847412109,1496022
2026-09-16,48.25,50.79999923706055,48.20000076293945,49.900001525878906,1227325
2026-09-17,50.59999847412109,51.400001525878906,48.5,49.5,1454115
2026-09-18,50.0,50.79999923706055,49.04999923706055,49.84999847412109,1504510
2026-09-21,49.849998474121094,49.849998474121094,48.400001525878906,49.0,1333298
2026-09-22,49.95000076293945,53.79999923706055,49.29999923706055,50.79999923706055,3403026
2026-09-23,53.5,54.400001525878906,51.0,51.79999923706055,3152040
2026-09-24,51.70000076293945,52.70000076293945,50.79999923706055,51.79999923706055,1727985
