date,open,high,low,close,volume
2020-01-02,29.100000381469727,29.200000762939453,29.049999237060547,29.049999237060547,27000
2020-01-03,29.14999961853028,29.14999961853028,28.39999961853028,29.0,83000
2020-01-06,28.850000381469727,29.14999961853028,28.850000381469727,29.100000381469727,16000
2020-01-07,28.700000762939453,28.75,28.14999961853028,28.200000762939453,59000
2020-01-08,28.0,28.549999237060547,28.0,28.549999237060547,20050
2020-01-09,29.600000381469727,29.600000381469727,28.549999237060547,28.600000381469727,23050
2020-01-10,28.25,28.700000762939453,28.25,28.700000762939453,8000
2020-01-13,28.850000381469727,29.0,28.700000762939453,29.0,17000
2020-01-14,29.0,29.100000381469727,28.850000381469727,28.850000381469727,50080
2020-01-15,28.850000381469727,29.049999237060547,28.600000381469727,29.049999237060547,8000
2020-01-16,29.0,29.100000381469727,28.950000762939453,29.100000381469727,15000
2020-01-17,29.39999961853028,29.39999961853028,29.0,29.0,9080
2020-01-20,29.049999237060547,29.200000762939453,29.0,29.14999961853028,42100
2020-01-30,27.049999237060547,29.299999237060547,27.049999237060547,28.350000381469727,107072
2020-01-31,27.39999961853028,28.350000381469727,27.39999961853028,28.350000381469727,24000
2020-02-03,28.0,28.350000381469727,27.0,28.299999237060547,52000
2020-02-04,28.299999237060547,28.299999237060547,27.14999961853028,27.700000762939453,34050
2020-02-05,27.549999237060547,28.0,27.549999237060547,28.0,9000
2020-02-06,28.0,29.100000381469727,28.0,28.0,57125
2020-02-07,28.0,28.0,27.5,27.549999237060547,41000
2020-02-10,27.549999237060547,27.549999237060547,27.0,27.0,51000
2020-02-11,27.14999961853028,27.299999237060547,27.14999961853028,27.200000762939453,35073
2020-02-12,27.25,27.600000381469727,27.25,27.350000381469727,54049
2020-02-13,27.39999961853028,27.39999961853028,27.299999237060547,27.299999237060547,23000
2020-02-14,27.39999961853028,27.39999961853028,27.350000381469727,27.350000381469727,21000
2020-02-17,27.350000381469727,27.450000762939453,27.350000381469727,27.450000762939453,11000
2020-02-18,27.350000381469727,27.39999961853028,27.14999961853028,27.39999961853028,25000
2020-02-19,27.39999961853028,27.39999961853028,27.14999961853028,27.200000762939453,33000
2020-02-20,27.299999237060547,27.350000381469727,27.200000762939453,27.350000381469727,23000
2020-02-21,27.5,27.75,27.450000762939453,27.64999961853028,35000
2020-02-24,27.700000762939453,27.75,27.299999237060547,27.700000762939453,44000
2020-02-25,27.700000762939453,27.700000762939453,27.0,27.299999237060547,110701
2020-02-26,27.39999961853028,27.39999961853028,26.89999961853028,26.89999961853028,65000
2020-02-27,27.0,27.100000381469727,26.100000381469727,26.100000381469727,45297
2020-03-02,26.100000381469727,26.100000381469727,25.14999961853028,25.350000381469727,57000
2020-03-03,26.0,26.299999237060547,25.450000762939453,25.450000762939453,40000
2020-03-04,25.799999237060547,25.950000762939453,25.450000762939453,25.75,31000
2020-03-05,25.799999237060547,25.950000762939453,25.5,25.799999237060547,29006
2020-03-06,25.799999237060547,25.799999237060547,25.39999961853028,25.700000762939453,15000
2020-03-09,25.600000381469727,25.600000381469727,24.5,24.5,49000
2020-03-10,23.5,24.950000762939453,23.5,24.950000762939453,20000
2020-03-11,24.350000381469727,24.350000381469727,23.950000762939453,24.100000381469727,48000
2020-03-12,24.200000762939453,24.200000762939453,21.799999237060547,22.75,109020
2020-03-13,21.700000762939453,22.0,20.5,21.5,168518
2020-03-16,23.450000762939453,23.450000762939453,19.350000381469727,19.350000381469727,173318
2020-03-17,17.600000381469727,18.64999961853028,17.450000762939453,17.450000762939453,145000
2020-03-18,17.350000381469727,17.450000762939453,17.0,17.25,78050
2020-03-19,16.5,16.700000762939453,15.550000190734863,15.600000381469728,103000
2020-03-20,16.450000762939453,17.0,16.450000762939453,16.600000381469727,69000
2020-03-23,16.100000381469727,16.399999618530273,15.5,16.200000762939453,58000
2020-03-24,16.399999618530273,16.850000381469727,16.399999618530273,16.700000762939453,38046
2020-03-25,17.5,17.799999237060547,17.200000762939453,17.25,73000
2020-03-26,17.899999618530273,18.950000762939453,17.399999618530273,18.799999237060547,134000
2020-03-27,19.0,19.200000762939453,18.100000381469727,18.549999237060547,89000
2020-03-30,18.39999961853028,18.549999237060547,18.200000762939453,18.549999237060547,37000
2020-03-31,18.549999237060547,18.700000762939453,18.350000381469727,18.700000762939453,39000
2020-04-01,19.0,19.5,18.700000762939453,19.5,68000
2020-04-06,19.5,19.5,18.75,19.39999961853028,16025
2020-04-07,19.600000381469727,19.89999961853028,19.14999961853028,19.549999237060547,57000
2020-04-08,19.600000381469727,20.299999237060547,19.600000381469727,20.0,36000
2020-04-09,19.700000762939453,20.0,19.700000762939453,19.75,34000
2020-04-10,19.89999961853028,20.14999961853028,19.75,20.14999961853028,23000
2020-04-13,20.14999961853028,20.14999961853028,19.75,19.950000762939453,10001
2020-04-14,20.0,21.200000762939453,20.0,20.950000762939453,30015
2020-04-15,21.600000381469727,21.600000381469727,21.0,21.450000762939453,52000
2020-04-16,21.450000762939453,21.700000762939453,20.600000381469727,21.700000762939453,57000
2020-04-17,22.049999237060547,22.39999961853028,21.299999237060547,21.700000762939453,84000
2020-04-20,21.799999237060547,21.89999961853028,21.299999237060547,21.299999237060547,23050
2020-04-21,21.14999961853028,21.799999237060547,20.5,21.5,31060
2020-04-22,21.100000381469727,21.600000381469727,21.100000381469727,21.600000381469727,32050
2020-04-23,21.600000381469727,21.799999237060547,21.100000381469727,21.799999237060547,46060
2020-04-24,21.799999237060547,22.25,21.299999237060547,22.25,42050
2020-04-27,22.39999961853028,22.549999237060547,21.799999237060547,22.549999237060547,28000
2020-04-28,22.549999237060547,22.950000762939453,22.549999237060547,22.850000381469727,39000
2020-04-29,22.64999961853028,22.950000762939453,22.600000381469727,22.950000762939453,28000
2020-04-30,23.049999237060547,25.0,22.950000762939453,24.950000762939453,78000
2020-05-04,24.950000762939453,24.950000762939453,24.200000762939453,24.450000762939453,42000
2020-05-05,24.5,25.39999961853028,24.5,25.350000381469727,94999
2020-05-06,25.64999961853028,25.89999961853028,24.700000762939453,25.0,34140
2020-05-07,24.89999961853028,25.39999961853028,24.75,25.200000762939453,18000
2020-05-08,25.450000762939453,25.549999237060547,25.0,25.25,23336
2020-05-11,25.5,25.5,24.5,25.200000762939453,39039
2020-05-12,24.799999237060547,24.799999237060547,24.600000381469727,24.799999237060547,13000
2020-05-13,25.14999961853028,25.14999961853028,25.0,25.0,2420
2020-05-14,25.0,25.450000762939453,24.5,25.0,38015
2020-05-15,24.450000762939453,24.5,23.600000381469727,23.799999237060547,56020
2020-05-18,23.64999961853028,24.0,23.350000381469727,23.39999961853028,31000
2020-05-19,23.799999237060547,23.799999237060547,23.39999961853028,23.600000381469727,23084
2020-05-20,23.39999961853028,23.799999237060547,23.0,23.450000762939453,66000
2020-05-21,23.5,24.0,23.5,23.799999237060547,27431
2020-05-22,24.0,24.100000381469727,23.14999961853028,23.600000381469727,43000
2020-05-25,23.600000381469727,23.64999961853028,23.39999961853028,23.64999961853028,9000
2020-05-26,23.89999961853028,24.39999961853028,23.89999961853028,24.299999237060547,32000
2020-05-27,24.600000381469727,25.0,24.14999961853028,24.5,44000
2020-05-28,25.0,25.0,24.100000381469727,24.700000762939453,38000
2020-05-29,24.64999961853028,24.64999961853028,24.200000762939453,24.5,16550
2020-06-01,24.700000762939453,25.0,24.600000381469727,24.850000381469727,39057
2020-06-02,25.0,25.0,24.799999237060547,24.799999237060547,13000
2020-06-03,24.450000762939453,25.0,24.200000762939453,24.75,58000
2020-06-04,24.75,24.950000762939453,24.350000381469727,24.850000381469727,41045
2020-06-05,24.89999961853028,24.89999961853028,24.600000381469727,24.89999961853028,13000
2020-06-08,25.89999961853028,26.0,24.89999961853028,26.0,114000
2020-06-09,26.0,26.100000381469727,25.799999237060547,26.0,32000
2020-06-10,26.0,26.049999237060547,25.850000381469727,25.950000762939453,9001
2020-06-11,26.14999961853028,26.14999961853028,26.14999961853028,26.14999961853028,1000
2020-06-12,26.14999961853028,26.200000762939453,26.0,26.0,83000
2020-06-15,26.299999237060547,26.299999237060547,25.049999237060547,25.200000762939453,45000
2020-06-16,25.5,25.5,24.200000762939453,24.75,162050
2020-06-17,24.89999961853028,25.0,24.39999961853028,24.89999961853028,32000
2020-06-18,24.600000381469727,24.89999961853028,24.549999237060547,24.89999961853028,18000
2020-06-19,24.75,25.39999961853028,24.600000381469727,25.25,49000
2020-06-22,25.25,25.25,25.100000381469727,25.25,25000
2020-06-23,25.0,25.200000762939453,24.64999961853028,25.100000381469727,67430
2020-06-24,25.100000381469727,25.39999961853028,24.850000381469727,24.89999961853028,32000
2020-06-29,24.850000381469727,24.850000381469727,24.700000762939453,24.75,45000
2020-06-30,25.39999961853028,25.89999961853028,25.299999237060547,25.89999961853028,68060
2020-07-01,26.299999237060547,27.5,26.299999237060547,26.64999961853028,110041
2020-07-02,27.0,27.100000381469727,26.64999961853028,26.89999961853028,43000
2020-07-03,26.89999961853028,29.549999237060547,26.299999237060547,29.549999237060547,581422
2020-07-06,31.600000381469727,32.5,30.5,32.5,1030000
2020-07-07,35.70000076293945,35.75,34.5,35.75,1247277
2020-07-08,35.849998474121094,38.70000076293945,34.5,37.75,1302130
2020-07-09,38.09999847412109,38.09999847412109,36.20000076293945,36.20000076293945,654700
2020-07-10,36.45000076293945,36.45000076293945,32.599998474121094,33.599998474121094,396015
2020-07-13,33.04999923706055,33.04999923706055,31.89999961853028,32.5,154070
2020-07-14,32.5,32.5,30.600000381469727,30.950000762939453,166015
2020-07-15,30.950000762939453,31.5,30.950000762939453,31.100000381469727,62300
2020-07-16,31.200000762939453,32.95000076293945,31.200000762939453,32.95000076293945,160325
2020-07-17,32.79999923706055,32.79999923706055,31.5,32.29999923706055,107016
2020-07-20,31.5,31.5,27.950000762939453,30.75,35050
2020-07-21,30.5,31.39999961853028,30.5,31.350000381469727,66020
2020-07-22,31.350000381469727,32.20000076293945,30.799999237060547,31.549999237060547,35025
2020-07-23,31.89999961853028,31.89999961853028,31.5,31.89999961853028,44000
2020-07-24,31.89999961853028,31.89999961853028,29.799999237060547,30.100000381469727,78296
2020-07-27,30.049999237060547,30.5,29.049999237060547,29.049999237060547,53000
2020-07-28,29.049999237060547,29.14999961853028,28.100000381469727,29.0,54000
2020-07-29,28.950000762939453,30.5,28.5,30.25,31000
2020-07-30,30.39999961853028,31.299999237060547,29.600000381469727,29.799999237060547,44000
2020-07-31,30.0,30.0,29.39999961853028,30.0,16000
2020-08-03,30.0,30.0,29.0,30.0,34000
2020-08-04,30.0,30.600000381469727,29.600000381469727,29.850000381469727,22000
2020-08-05,29.600000381469727,30.0,29.5,29.89999961853028,53000
2020-08-06,29.89999961853028,29.950000762939453,28.600000381469727,29.25,71100
2020-08-07,28.600000381469727,30.0,28.600000381469727,29.799999237060547,39454
2020-08-10,32.70000076293945,32.70000076293945,30.700000762939453,32.29999923706055,141407
2020-08-11,32.29999923706055,32.29999923706055,29.799999237060547,30.0,144100
2020-08-12,30.450000762939453,30.450000762939453,30.100000381469727,30.39999961853028,17300
2020-08-13,30.5,31.350000381469727,30.0,30.64999961853028,45000
2020-08-14,30.64999961853028,31.200000762939453,29.799999237060547,30.950000762939453,39000
2020-08-17,30.950000762939453,31.25,30.200000762939453,30.350000381469727,44000
2020-08-18,30.350000381469727,30.850000381469727,30.25,30.75,19000
2020-08-19,30.799999237060547,30.799999237060547,29.200000762939453,30.200000762939453,70000
2020-08-20,29.549999237060547,29.549999237060547,27.299999237060547,28.0,78100
2020-08-21,28.950000762939453,28.950000762939453,27.64999961853028,28.39999961853028,39000
2020-08-24,28.0,28.450000762939453,27.600000381469727,27.600000381469727,51000
2020-08-25,28.049999237060547,28.049999237060547,27.75,27.850000381469727,17000
2020-08-26,27.850000381469727,28.299999237060547,27.850000381469727,27.850000381469727,11007
2020-08-27,28.299999237060547,29.25,28.0,28.0,43000
2020-08-28,28.049999237060547,28.200000762939453,27.850000381469727,28.200000762939453,26000
2020-08-31,28.0,28.0,27.799999237060547,27.950000762939453,8000
2020-09-01,27.450000762939453,28.299999237060547,27.450000762939453,28.299999237060547,19000
2020-09-02,28.5,29.600000381469727,28.5,29.14999961853028,80000
2020-09-03,30.100000381469727,30.200000762939453,29.200000762939453,29.549999237060547,25000
2020-09-04,28.5,30.0,28.5,28.75,48043
2020-09-07,28.600000381469727,28.600000381469727,28.0,28.549999237060547,39048
2020-09-08,27.700000762939453,28.5,27.700000762939453,28.350000381469727,26150
2020-09-09,28.350000381469727,28.350000381469727,28.350000381469727,28.350000381469727,1000
2020-09-10,28.799999237060547,28.850000381469727,27.89999961853028,28.25,39000
2020-09-11,27.89999961853028,28.0,27.350000381469727,28.0,59300
2020-09-14,28.0,28.0,27.450000762939453,28.0,34000
2020-09-15,28.100000381469727,28.100000381469727,27.64999961853028,27.700000762939453,51000
2020-09-16,28.25,28.25,27.600000381469727,27.89999961853028,29000
2020-09-17,28.100000381469727,28.14999961853028,27.850000381469727,27.950000762939453,32000
2020-09-18,27.950000762939453,28.100000381469727,27.950000762939453,28.100000381469727,40000
2020-09-21,27.799999237060547,27.799999237060547,27.600000381469727,27.700000762939453,22100
2020-09-22,27.89999961853028,27.89999961853028,25.89999961853028,27.700000762939453,40000
2020-09-23,27.64999961853028,28.5,27.0,27.350000381469727,136000
2020-09-24,27.0,27.0,26.200000762939453,26.25,39100
2020-09-25,26.299999237060547,26.350000381469727,25.100000381469727,25.700000762939453,45047
2020-09-28,25.700000762939453,26.5,25.5,25.700000762939453,56000
2020-09-29,26.549999237060547,26.549999237060547,25.39999961853028,25.799999237060547,44000
2020-09-30,25.850000381469727,26.0,25.549999237060547,25.799999237060547,8050
2020-10-05,27.200000762939453,27.200000762939453,26.14999961853028,26.39999961853028,15200
2020-10-06,26.450000762939453,27.0,26.299999237060547,27.0,16000
2020-10-07,26.89999961853028,27.299999237060547,26.89999961853028,27.299999237060547,12000
2020-10-08,27.39999961853028,27.5,27.299999237060547,27.5,19000
2020-10-12,28.0,28.350000381469727,27.5,27.700000762939453,23000
2020-10-13,28.799999237060547,28.799999237060547,27.5,27.5,12150
2020-10-14,27.600000381469727,27.600000381469727,27.100000381469727,27.299999237060547,21100
2020-10-15,27.39999961853028,28.0,27.39999961853028,27.64999961853028,21000
2020-10-16,27.700000762939453,28.0,27.5,28.0,71000
2020-10-19,28.75,28.75,28.0,28.100000381469727,14350
2020-10-20,28.5,28.600000381469727,28.14999961853028,28.14999961853028,28000
2020-10-21,28.39999961853028,29.0,28.25,28.89999961853028,46000
2020-10-22,29.0,29.0,28.299999237060547,28.89999961853028,25198
2020-10-23,28.850000381469727,29.25,28.850000381469727,29.200000762939453,33000
2020-10-26,29.0,29.0,28.100000381469727,28.89999961853028,19000
2020-10-27,28.799999237060547,29.25,28.600000381469727,28.89999961853028,19000
2020-10-28,29.850000381469727,29.850000381469727,28.5,29.0,45000
2020-10-29,28.5,28.700000762939453,28.0,28.5,29000
2020-10-30,28.350000381469727,28.350000381469727,27.799999237060547,27.799999237060547,31000
2020-11-02,28.5,28.5,27.950000762939453,27.950000762939453,4000
2020-11-03,28.100000381469727,28.200000762939453,27.89999961853028,28.200000762939453,28000
2020-11-04,27.950000762939453,28.200000762939453,27.950000762939453,28.200000762939453,8000
2020-11-05,28.0,28.200000762939453,27.799999237060547,28.200000762939453,13000
2020-11-06,28.100000381469727,28.14999961853028,28.0,28.14999961853028,7000
2020-11-09,28.5,28.600000381469727,28.0,28.25,24000
2020-11-10,28.39999961853028,28.39999961853028,27.850000381469727,27.950000762939453,19000
2020-11-11,28.0,28.200000762939453,28.0,28.14999961853028,46040
2020-11-12,28.14999961853028,28.39999961853028,28.0,28.25,43000
2020-11-13,29.75,29.75,28.25,28.450000762939453,50000
2020-11-16,28.350000381469727,28.600000381469727,28.299999237060547,28.450000762939453,27000
2020-11-17,28.850000381469727,30.25,28.350000381469727,30.25,59000
2020-11-18,30.350000381469727,33.099998474121094,30.350000381469727,32.70000076293945,414120
2020-11-19,33.0,34.0,31.600000381469727,32.79999923706055,217050
2020-11-20,33.20000076293945,33.45000076293945,32.349998474121094,32.75,143000
2020-11-23,32.900001525878906,33.900001525878906,32.900001525878906,33.45000076293945,181000
2020-11-24,32.900001525878906,34.29999923706055,32.900001525878906,33.400001525878906,102082
2020-11-25,33.54999923706055,33.95000076293945,33.20000076293945,33.5,115000
2020-11-26,33.849998474121094,33.849998474121094,33.099998474121094,33.5,58000
2020-11-27,33.5,34.0,32.0,32.900001525878906,66000
2020-11-30,32.95000076293945,35.25,31.75,34.75,555145
2020-12-01,36.0,38.150001525878906,35.099998474121094,37.5,1786025
2020-12-02,37.45000076293945,38.09999847412109,36.29999923706055,36.34999847412109,504005
2020-12-03,36.20000076293945,36.34999847412109,34.29999923706055,34.400001525878906,380005
2020-12-04,34.25,34.79999923706055,33.5,34.099998474121094,193100
2020-12-07,33.95000076293945,34.849998474121094,33.20000076293945,33.599998474121094,121200
2020-12-08,33.599998474121094,35.0,33.5,34.5,157300
2020-12-09,34.5,35.400001525878906,33.599998474121094,34.0,103000
2020-12-10,33.5,34.0,32.79999923706055,33.45000076293945,74000
2020-12-11,32.95000076293945,33.900001525878906,32.0,32.150001525878906,126000
2020-12-14,31.25,31.549999237060547,31.049999237060547,31.100000381469727,139092
2020-12-15,31.0,31.89999961853028,30.799999237060547,31.200000762939453,66000
2020-12-16,31.850000381469727,32.5,31.5,31.89999961853028,100790
2020-12-17,32.25,32.25,31.75,32.0,24000
2020-12-18,32.0,32.5,31.89999961853028,31.89999961853028,31000
2020-12-21,30.850000381469727,32.150001525878906,30.850000381469727,31.850000381469727,9000
2020-12-22,31.850000381469727,32.04999923706055,31.350000381469727,31.39999961853028,59000
2020-12-23,32.599998474121094,32.599998474121094,31.0,31.299999237060547,142000
2020-12-24,31.5,31.549999237060547,31.299999237060547,31.299999237060547,39000
2020-12-25,31.350000381469727,32.0,31.350000381469727,31.89999961853028,56100
2020-12-28,32.20000076293945,32.20000076293945,31.799999237060547,31.950000762939453,46000
2020-12-29,32.25,32.25,31.549999237060547,32.0,43000
2020-12-30,31.850000381469727,32.099998474121094,31.799999237060547,32.099998474121094,47000
2020-12-31,32.150001525878906,32.150001525878906,31.799999237060547,32.099998474121094,24000
2021-01-04,33.20000076293945,33.20000076293945,32.20000076293945,32.45000076293945,76000
2021-01-05,32.5,32.5,32.0,32.099998474121094,56000
2021-01-06,32.20000076293945,32.45000076293945,31.100000381469727,31.5,80000
2021-01-07,31.299999237060547,31.549999237060547,30.0,30.5,138000
2021-01-08,30.5,30.89999961853028,30.0,30.450000762939453,45132
2021-01-11,30.950000762939453,30.950000762939453,30.299999237060547,30.299999237060547,43000
2021-01-12,30.299999237060547,30.89999961853028,30.299999237060547,30.299999237060547,35265
2021-01-13,30.299999237060547,30.799999237060547,30.299999237060547,30.600000381469727,25150
2021-01-14,31.0,31.0,30.100000381469727,30.600000381469727,40000
2021-01-15,30.600000381469727,30.600000381469727,30.0,30.299999237060547,54100
2021-01-18,30.299999237060547,31.350000381469727,29.200000762939453,30.5,59000
2021-01-19,31.39999961853028,31.39999961853028,30.0,30.5,15000
2021-01-20,30.450000762939453,30.450000762939453,29.0,29.049999237060547,77485
2021-01-21,29.950000762939453,29.950000762939453,28.450000762939453,28.850000381469727,92200
2021-01-22,29.0,29.39999961853028,28.850000381469727,29.39999961853028,24000
2021-01-25,29.39999961853028,29.700000762939453,28.75,29.100000381469727,45001
2021-01-26,29.100000381469727,29.25,28.89999961853028,29.100000381469727,9000
2021-01-27,30.049999237060547,30.450000762939453,29.200000762939453,29.200000762939453,26045
2021-01-28,29.799999237060547,29.799999237060547,29.5,29.5,32001
2021-01-29,29.5,29.950000762939453,29.049999237060547,29.049999237060547,16002
2021-02-01,28.5,29.5,28.39999961853028,28.950000762939453,26011
2021-02-02,29.0,30.0,29.0,29.0,23000
2021-02-03,28.89999961853028,29.39999961853028,28.89999961853028,29.350000381469727,9001
2021-02-04,29.0,29.299999237060547,29.0,29.100000381469727,5001
2021-02-05,29.100000381469727,29.5,28.799999237060547,29.350000381469727,31002
2021-02-17,29.39999961853028,29.950000762939453,29.39999961853028,29.950000762939453,16000
2021-02-18,30.0,30.600000381469727,29.89999961853028,30.14999961853028,45000
2021-02-19,30.049999237060547,30.850000381469727,30.0,30.700000762939453,54000
2021-02-22,31.700000762939453,31.700000762939453,31.0,31.25,68000
2021-02-23,31.600000381469727,34.349998474121094,31.299999237060547,34.349998474121094,342005
2021-02-24,35.5,36.09999847412109,33.70000076293945,34.45000076293945,306164
2021-02-25,34.349998474121094,34.349998474121094,33.5,33.70000076293945,89311
2021-02-26,33.599998474121094,33.599998474121094,32.400001525878906,32.95000076293945,79000
2021-03-02,33.099998474121094,33.20000076293945,31.700000762939453,31.700000762939453,63000
2021-03-03,31.14999961853028,32.45000076293945,30.89999961853028,31.850000381469727,23000
2021-03-04,32.900001525878906,32.900001525878906,31.350000381469727,31.64999961853028,61000
2021-03-05,31.549999237060547,31.850000381469727,31.25,31.799999237060547,41000
2021-03-08,32.349998474121094,32.349998474121094,31.5,31.700000762939453,40000
2021-03-09,31.850000381469727,31.850000381469727,31.0,31.049999237060547,35001
2021-03-10,31.600000381469727,32.099998474121094,31.299999237060547,31.600000381469727,25000
2021-03-11,31.950000762939453,31.950000762939453,31.5,31.89999961853028,41000
2021-03-12,32.349998474121094,32.349998474121094,31.89999961853028,32.150001525878906,45000
2021-03-15,32.75,32.75,32.150001525878906,32.400001525878906,52000
2021-03-16,32.75,32.75,32.0,32.400001525878906,56002
2021-03-17,32.54999923706055,32.54999923706055,31.700000762939453,32.29999923706055,51000
2021-03-18,32.54999923706055,32.849998474121094,32.0,32.599998474121094,147127
2021-03-19,33.20000076293945,33.20000076293945,32.599998474121094,33.0,106000
2021-03-22,32.70000076293945,34.650001525878906,32.70000076293945,34.0,159000
2021-03-23,34.400001525878906,34.5,33.349998474121094,33.599998474121094,54000
2021-03-24,33.599998474121094,33.599998474121094,33.25,33.400001525878906,8000
2021-03-25,33.849998474121094,33.849998474121094,33.150001525878906,33.29999923706055,19000
2021-03-26,32.900001525878906,33.75,32.849998474121094,33.45000076293945,52000
2021-03-29,33.45000076293945,36.75,32.849998474121094,36.75,516045
2021-03-30,40.0,40.400001525878906,39.09999847412109,40.400001525878906,1822694
2021-03-31,41.70000076293945,44.400001525878906,41.70000076293945,44.400001525878906,3333000
2021-04-01,45.0,45.0,42.0,42.25,2377515
2021-04-07,42.25,42.25,40.0,40.0,997338
2021-04-08,40.0,41.45000076293945,40.0,40.5,473000
2021-04-09,41.34999847412109,42.5,39.95000076293945,40.400001525878906,445030
2021-04-12,40.29999923706055,41.29999923706055,40.04999923706055,40.150001525878906,238250
2021-04-13,40.20000076293945,40.79999923706055,38.34999847412109,38.34999847412109,295325
2021-04-14,38.29999923706055,38.79999923706055,35.29999923706055,35.95000076293945,506251
2021-04-15,36.34999847412109,39.0,35.95000076293945,37.75,252050
2021-04-16,38.45000076293945,38.75,38.04999923706055,38.29999923706055,123015
2021-04-19,38.29999923706055,38.650001525878906,37.5,37.5,123004
2021-04-20,37.5,38.20000076293945,37.5,37.79999923706055,110000
2021-04-21,37.79999923706055,37.79999923706055,37.0,37.0,77480
2021-04-22,37.25,37.25,35.5,35.5,164009
2021-04-23,35.0,37.0,34.099998474121094,37.0,235500
2021-04-26,37.54999923706055,40.0,37.54999923706055,38.5,887200
2021-04-27,39.0,39.09999847412109,37.20000076293945,37.5,139003
2021-04-28,36.79999923706055,37.5,36.79999923706055,36.900001525878906,97100
2021-04-29,36.900001525878906,37.29999923706055,36.400001525878906,36.650001525878906,98005
2021-05-03,36.5,39.95000076293945,34.75,38.650001525878906,554329
2021-05-04,39.25,39.59999847412109,35.70000076293945,35.79999923706055,680002
2021-05-05,35.79999923706055,35.900001525878906,34.849998474121094,35.099998474121094,115000
2021-05-06,35.20000076293945,35.25,33.54999923706055,33.54999923706055,126002
2021-05-07,33.70000076293945,34.349998474121094,33.150001525878906,33.70000076293945,118200
2021-05-10,33.849998474121094,33.849998474121094,32.20000076293945,32.25,163015
2021-05-11,31.700000762939453,31.700000762939453,29.049999237060547,29.049999237060547,227353
2021-05-12,29.049999237060547,29.049999237060547,26.14999961853028,26.14999961853028,415010
2021-05-13,25.799999237060547,26.14999961853028,23.700000762939453,25.0,184105
2021-05-14,26.75,27.5,25.5,25.75,380090
2021-05-17,24.89999961853028,25.64999961853028,23.39999961853028,23.799999237060547,165015
2021-05-18,24.0,26.14999961853028,24.0,26.14999961853028,102000
2021-05-19,26.5,26.700000762939453,25.549999237060547,26.700000762939453,77001
2021-05-20,26.0,27.0,26.0,26.450000762939453,68000
2021-05-21,26.89999961853028,27.600000381469727,26.5,26.600000381469727,68000
2021-05-24,26.600000381469727,27.299999237060547,26.549999237060547,27.100000381469727,31000
2021-05-25,27.850000381469727,28.600000381469727,27.39999961853028,28.0,122004
2021-05-26,27.799999237060547,28.200000762939453,27.75,28.0,50000
2021-05-27,28.39999961853028,28.5,27.700000762939453,28.5,58000
2021-05-28,28.950000762939453,29.5,28.549999237060547,29.0,49000
2021-05-31,29.5,29.5,28.89999961853028,29.200000762939453,49000
2021-06-01,29.200000762939453,29.5,29.0,29.200000762939453,35000
2021-06-02,29.549999237060547,29.700000762939453,29.200000762939453,29.200000762939453,28000
2021-06-03,29.299999237060547,30.100000381469727,29.25,29.5,31000
2021-06-04,29.350000381469727,29.350000381469727,29.049999237060547,29.049999237060547,29000
2021-06-07,28.89999961853028,29.100000381469727,28.14999961853028,28.5,32001
2021-06-08,28.450000762939453,28.700000762939453,28.200000762939453,28.450000762939453,31000
2021-06-09,28.049999237060547,28.299999237060547,27.5,27.75,61000
2021-06-10,27.600000381469727,28.200000762939453,27.600000381469727,28.200000762939453,35000
2021-06-11,27.850000381469727,28.200000762939453,27.700000762939453,27.89999961853028,32000
2021-06-15,28.0,28.299999237060547,28.0,28.14999961853028,22000
2021-06-16,28.299999237060547,28.39999961853028,28.14999961853028,28.200000762939453,48000
2021-06-17,28.350000381469727,28.549999237060547,28.049999237060547,28.5,41000
2021-06-18,28.5,28.549999237060547,28.100000381469727,28.549999237060547,62000
2021-06-21,28.39999961853028,28.39999961853028,27.850000381469727,28.39999961853028,55300
2021-06-22,28.100000381469727,28.299999237060547,27.89999961853028,28.299999237060547,51001
2021-06-23,28.39999961853028,28.39999961853028,27.850000381469727,28.39999961853028,93000
2021-06-24,28.25,28.350000381469727,27.950000762939453,28.200000762939453,109000
2021-06-25,28.049999237060547,28.39999961853028,28.049999237060547,28.39999961853028,69102
2021-06-28,28.200000762939453,28.39999961853028,28.100000381469727,28.25,17000
2021-06-29,28.25,28.299999237060547,27.950000762939453,28.14999961853028,72000
2021-06-30,28.14999961853028,28.200000762939453,28.0,28.049999237060547,34000
2021-07-01,28.049999237060547,28.100000381469727,27.850000381469727,28.0,59000
2021-07-02,27.64999961853028,28.200000762939453,27.64999961853028,28.200000762939453,21000
2021-07-05,28.200000762939453,28.549999237060547,28.0,28.549999237060547,50000
2021-07-06,28.64999961853028,31.39999961853028,28.64999961853028,31.39999961853028,339007
2021-07-07,31.39999961853028,32.20000076293945,30.299999237060547,31.64999961853028,379007
2021-07-08,31.89999961853028,31.89999961853028,30.950000762939453,30.950000762939453,59000
2021-07-09,30.950000762939453,31.100000381469727,30.100000381469727,30.64999961853028,114008
2021-07-12,30.950000762939453,31.5,29.89999961853028,30.350000381469727,155000
2021-07-13,30.299999237060547,30.299999237060547,29.799999237060547,29.89999961853028,74000
2021-07-14,29.64999961853028,30.299999237060547,29.5,29.89999961853028,17003
2021-07-15,29.89999961853028,30.25,29.39999961853028,30.25,64000
2021-07-16,30.450000762939453,30.450000762939453,30.200000762939453,30.25,21000
2021-07-19,30.350000381469727,30.350000381469727,30.049999237060547,30.200000762939453,7000
2021-07-20,29.950000762939453,29.950000762939453,29.450000762939453,29.450000762939453,37007
2021-07-21,29.450000762939453,29.5,28.700000762939453,28.700000762939453,79011
2021-07-22,28.700000762939453,29.299999237060547,28.700000762939453,29.100000381469727,37000
2021-07-23,29.200000762939453,29.25,28.75,29.100000381469727,31000
2021-07-26,28.799999237060547,29.100000381469727,28.549999237060547,29.100000381469727,24000
2021-07-27,29.25,29.25,28.25,29.200000762939453,89000
2021-07-28,28.5,29.100000381469727,28.450000762939453,28.89999961853028,5000
2021-07-29,28.5,28.89999961853028,28.39999961853028,28.850000381469727,11000
2021-07-30,28.950000762939453,29.0,28.64999961853028,28.950000762939453,11000
2021-08-02,28.950000762939453,28.950000762939453,28.950000762939453,28.950000762939453,0
2021-08-03,28.89999961853028,28.89999961853028,28.450000762939453,28.850000381469727,9000
2021-08-04,28.950000762939453,29.0,28.5,28.850000381469727,20000
2021-08-05,28.64999961853028,28.89999961853028,28.64999961853028,28.89999961853028,15000
2021-08-06,28.850000381469727,28.850000381469727,28.450000762939453,28.850000381469727,8000
2021-08-09,28.5,28.89999961853028,28.100000381469727,28.299999237060547,17002
2021-08-10,28.600000381469727,28.600000381469727,28.600000381469727,28.600000381469727,1000
2021-08-11,27.89999961853028,28.5,27.89999961853028,27.89999961853028,13000
2021-08-12,27.89999961853028,27.89999961853028,27.600000381469727,27.850000381469727,10000
2021-08-13,27.600000381469727,27.89999961853028,27.25,27.89999961853028,14000
2021-08-16,27.200000762939453,27.75,26.950000762939453,27.100000381469727,22000
2021-08-17,27.200000762939453,27.600000381469727,26.799999237060547,27.299999237060547,13000
2021-08-18,26.799999237060547,27.0,25.200000762939453,27.0,27001
2021-08-19,26.14999961853028,26.89999961853028,26.0,26.799999237060547,20000
2021-08-20,26.799999237060547,26.799999237060547,26.799999237060547,26.799999237060547,3000
2021-08-23,26.799999237060547,27.0,26.799999237060547,27.0,16000
2021-08-24,26.799999237060547,26.799999237060547,26.049999237060547,26.700000762939453,21000
2021-08-25,26.64999961853028,26.64999961853028,25.700000762939453,26.200000762939453,98050
2021-08-26,26.200000762939453,26.64999961853028,26.200000762939453,26.64999961853028,21005
2021-08-27,26.39999961853028,26.549999237060547,26.0,26.39999961853028,29000
2021-08-30,26.600000381469727,26.89999961853028,26.549999237060547,26.89999961853028,15000
2021-08-31,26.89999961853028,27.299999237060547,26.600000381469727,27.299999237060547,7000
2021-09-01,27.299999237060547,27.75,27.299999237060547,27.700000762939453,14000
2021-09-02,27.700000762939453,27.850000381469727,27.5,27.850000381469727,19000
2021-09-03,28.0,28.049999237060547,27.75,28.0,12001
2021-09-06,28.0,28.200000762939453,27.600000381469727,28.200000762939453,15000
2021-09-07,27.700000762939453,28.200000762939453,27.600000381469727,28.200000762939453,29000
2021-09-08,28.350000381469727,28.350000381469727,27.200000762939453,28.200000762939453,42000
2021-09-09,28.299999237060547,28.299999237060547,28.200000762939453,28.200000762939453,3184
2021-09-10,28.299999237060547,28.299999237060547,27.600000381469727,28.200000762939453,24000
2021-09-13,28.299999237060547,28.299999237060547,27.64999961853028,28.200000762939453,25000
2021-09-14,28.200000762939453,28.200000762939453,28.0,28.14999961853028,24001
2021-09-15,27.600000381469727,27.89999961853028,27.5,27.799999237060547,16050
2021-09-16,27.299999237060547,28.0,27.299999237060547,27.89999961853028,7000
2021-09-17,27.950000762939453,27.950000762939453,27.600000381469727,27.950000762939453,13000
2021-09-22,27.39999961853028,27.850000381469727,27.39999961853028,27.600000381469727,8000
2021-09-23,27.89999961853028,27.89999961853028,27.39999961853028,27.75,8000
2021-09-24,28.100000381469727,28.100000381469727,28.100000381469727,28.100000381469727,1000
2021-09-27,28.0,28.0,27.799999237060547,28.0,5000
2021-09-28,27.700000762939453,28.049999237060547,27.700000762939453,28.049999237060547,12050
2021-09-29,28.14999961853028,28.14999961853028,27.25,27.299999237060547,26000
2021-09-30,27.700000762939453,27.700000762939453,27.299999237060547,27.600000381469727,3000
2021-10-01,27.700000762939453,27.700000762939453,27.0,27.25,48000
2021-10-04,27.700000762939453,27.700000762939453,26.200000762939453,26.950000762939453,33000
2021-10-05,26.299999237060547,26.75,26.25,26.299999237060547,24015
2021-10-06,26.75,26.75,26.200000762939453,26.200000762939453,5000
2021-10-07,26.799999237060547,26.799999237060547,26.5,26.5,8159
2021-10-08,26.64999961853028,27.75,26.600000381469727,27.600000381469727,23015
2021-10-12,27.799999237060547,28.049999237060547,27.25,28.0,63040
2021-10-13,28.049999237060547,28.100000381469727,27.39999961853028,28.100000381469727,14000
2021-10-14,28.0,28.100000381469727,28.0,28.100000381469727,22000
2021-10-15,28.100000381469727,28.450000762939453,28.0,28.450000762939453,23000
2021-10-18,28.549999237060547,29.200000762939453,28.25,29.200000762939453,71071
2021-10-19,29.0,29.5,29.0,29.299999237060547,9000
2021-10-20,29.5,29.5,28.75,29.450000762939453,48000
2021-10-21,29.39999961853028,29.5,29.100000381469727,29.5,13000
2021-10-22,29.0,29.39999961853028,29.0,29.39999961853028,5000
2021-10-25,29.5,29.5,29.0,29.200000762939453,10000
2021-10-26,29.200000762939453,29.350000381469727,28.75,29.200000762939453,16000
2021-10-27,29.25,29.25,29.14999961853028,29.25,19000
2021-10-28,29.14999961853028,29.350000381469727,29.14999961853028,29.25,11000
2021-10-29,29.299999237060547,29.5,28.75,29.350000381469727,31000
2021-11-01,29.549999237060547,29.700000762939453,29.0,29.700000762939453,214000
2021-11-02,29.850000381469727,29.950000762939453,29.5,29.89999961853028,69000
2021-11-03,30.100000381469727,30.100000381469727,29.600000381469727,29.850000381469727,27000
2021-11-04,30.100000381469727,30.100000381469727,29.100000381469727,29.700000762939453,27006
2021-11-05,29.700000762939453,29.799999237060547,29.600000381469727,29.799999237060547,7000
2021-11-08,29.700000762939453,29.850000381469727,29.200000762939453,29.850000381469727,22000
2021-11-09,29.850000381469727,29.950000762939453,29.5,29.950000762939453,17000
2021-11-10,29.799999237060547,30.14999961853028,29.600000381469727,29.600000381469727,26000
2021-11-11,29.850000381469727,30.049999237060547,29.700000762939453,30.049999237060547,40000
2021-11-12,30.100000381469727,30.100000381469727,29.700000762939453,29.950000762939453,9005
2021-11-15,30.049999237060547,30.049999237060547,29.64999961853028,29.89999961853028,18000
2021-11-16,29.89999961853028,30.0,29.850000381469727,29.950000762939453,26000
2021-11-17,30.049999237060547,30.14999961853028,29.950000762939453,30.14999961853028,79000
2021-11-18,30.25,30.39999961853028,30.14999961853028,30.25,20000
2021-11-19,30.39999961853028,30.950000762939453,29.799999237060547,30.89999961853028,74080
2021-11-22,31.0,31.200000762939453,30.5,31.200000762939453,36000
2021-11-23,31.25,31.25,30.100000381469727,31.0,36000
2021-11-24,31.049999237060547,31.049999237060547,30.350000381469727,30.89999961853028,32000
2021-11-25,30.5,30.700000762939453,30.14999961853028,30.14999961853028,15000
2021-11-26,29.950000762939453,30.14999961853028,29.299999237060547,30.14999961853028,37000
2021-11-29,30.100000381469727,30.350000381469727,30.100000381469727,30.350000381469727,3000
2021-11-30,30.600000381469727,30.600000381469727,29.950000762939453,30.25,8057
2021-12-01,30.25,30.25,29.600000381469727,30.100000381469727,22000
2021-12-02,29.700000762939453,29.700000762939453,28.799999237060547,29.0,82200
2021-12-03,29.39999961853028,29.39999961853028,28.75,29.200000762939453,14000
2021-12-06,28.799999237060547,29.299999237060547,28.600000381469727,29.299999237060547,5000
2021-12-07,29.25,29.600000381469727,28.799999237060547,29.5,31000
2021-12-08,29.850000381469727,30.25,29.350000381469727,30.25,55000
2021-12-09,30.450000762939453,31.299999237060547,29.89999961853028,31.299999237060547,72192
2021-12-10,31.25,31.5,30.299999237060547,31.5,69000
2021-12-13,31.549999237060547,31.600000381469727,31.200000762939453,31.5,58015
2021-12-14,31.049999237060547,31.39999961853028,30.700000762939453,30.850000381469727,23000
2021-12-15,31.450000762939453,31.450000762939453,30.299999237060547,31.350000381469727,24037
2021-12-16,31.350000381469727,31.75,31.200000762939453,31.39999961853028,13000
2021-12-17,31.64999961853028,31.64999961853028,31.0,31.350000381469727,17000
2021-12-20,31.450000762939453,31.450000762939453,30.200000762939453,30.700000762939453,24000
2021-12-21,30.700000762939453,30.950000762939453,30.700000762939453,30.950000762939453,8000
2021-12-22,30.600000381469727,31.0,30.5,30.950000762939453,19000
2021-12-23,31.0,31.299999237060547,30.799999237060547,30.799999237060547,8000
2021-12-24,31.100000381469727,31.100000381469727,30.89999961853028,30.89999961853028,5000
2021-12-27,30.89999961853028,30.89999961853028,30.5,30.89999961853028,18008
2021-12-28,31.850000381469727,31.850000381469727,31.0,31.25,7000
2021-12-29,31.200000762939453,31.549999237060547,31.0,31.450000762939453,28000
2021-12-30,31.600000381469727,31.600000381469727,30.75,31.299999237060547,31030
2022-01-03,31.350000381469727,31.799999237060547,30.850000381469727,31.350000381469727,47000
2022-01-04,31.600000381469727,34.400001525878906,31.299999237060547,33.0,184040
2022-01-05,32.95000076293945,33.349998474121094,32.04999923706055,33.0,115199
2022-01-06,33.0,33.150001525878906,32.599998474121094,32.900001525878906,26073
2022-01-07,33.150001525878906,33.150001525878906,32.0,32.400001525878906,42443
2022-01-10,32.25,32.95000076293945,32.20000076293945,32.95000076293945,106000
2022-01-11,32.25,33.29999923706055,32.25,32.849998474121094,112000
2022-01-12,32.45000076293945,32.900001525878906,31.600000381469727,32.04999923706055,35000
2022-01-13,32.099998474121094,32.45000076293945,31.799999237060547,32.349998474121094,17000
2022-01-14,32.45000076293945,32.45000076293945,30.64999961853028,31.450000762939453,35248
2022-01-17,31.450000762939453,31.549999237060547,31.450000762939453,31.549999237060547,21000
2022-01-18,31.700000762939453,31.700000762939453,31.14999961853028,31.600000381469727,12000
2022-01-19,31.0,31.549999237060547,31.0,31.200000762939453,11000
2022-01-20,31.89999961853028,31.89999961853028,31.850000381469727,31.850000381469727,2000
2022-01-21,32.25,32.25,31.950000762939453,31.950000762939453,5000
2022-01-24,31.89999961853028,31.89999961853028,30.25,31.0,21100
2022-01-25,30.850000381469727,31.200000762939453,29.89999961853028,30.25,26000
2022-01-26,29.64999961853028,30.299999237060547,29.600000381469727,30.0,32000
2022-02-07,30.0,30.700000762939453,30.0,30.700000762939453,36000
2022-02-08,30.799999237060547,31.350000381469727,30.549999237060547,30.799999237060547,43000
2022-02-09,30.850000381469727,31.25,30.850000381469727,31.14999961853028,10000
2022-02-10,31.25,31.25,30.5,30.799999237060547,20000
2022-02-11,30.700000762939453,30.700000762939453,30.100000381469727,30.14999961853028,28000
2022-02-14,30.100000381469727,30.75,29.75,29.75,24000
2022-02-15,30.299999237060547,30.299999237060547,30.14999961853028,30.14999961853028,3000
2022-02-16,30.14999961853028,30.64999961853028,29.799999237060547,30.350000381469727,24000
2022-02-17,30.299999237060547,30.5,30.0,30.5,25000
2022-02-18,30.049999237060547,30.200000762939453,29.950000762939453,30.100000381469727,14000
2022-02-21,29.350000381469727,30.100000381469727,29.350000381469727,30.0,18000
2022-02-22,29.39999961853028,30.049999237060547,29.39999961853028,29.700000762939453,21001
2022-02-23,30.200000762939453,30.200000762939453,30.200000762939453,30.200000762939453,1000
2022-02-24,29.350000381469727,29.850000381469727,29.0,29.25,38000
2022-02-25,29.25,30.600000381469727,29.0,30.600000381469727,71001
2022-03-01,30.850000381469727,31.100000381469727,30.100000381469727,31.0,67000
2022-03-02,31.25,31.25,30.5,31.14999961853028,15000
2022-03-03,31.39999961853028,31.39999961853028,30.700000762939453,31.39999961853028,16050
2022-03-04,31.39999961853028,31.64999961853028,30.5,30.75,35000
2022-03-07,30.299999237060547,30.799999237060547,29.75,29.799999237060547,42000
2022-03-08,30.299999237060547,30.299999237060547,29.0,29.25,37001
2022-03-09,29.799999237060547,29.799999237060547,29.299999237060547,29.5,20000
2022-03-10,30.200000762939453,30.700000762939453,29.5,29.950000762939453,25000
2022-03-11,29.950000762939453,29.950000762939453,29.950000762939453,29.950000762939453,0
2022-03-14,29.799999237060547,30.14999961853028,29.5,30.100000381469727,16000
2022-03-15,30.299999237060547,30.299999237060547,29.600000381469727,29.799999237060547,4000
2022-03-16,29.950000762939453,30.450000762939453,29.5,29.89999961853028,23000
2022-03-17,29.89999961853028,30.75,29.75,30.39999961853028,22000
2022-03-18,30.799999237060547,30.799999237060547,30.0,30.450000762939453,6000
2022-03-21,30.950000762939453,30.950000762939453,30.39999961853028,30.5,11000
2022-03-22,30.64999961853028,30.64999961853028,30.600000381469727,30.64999961853028,9050
2022-03-23,30.700000762939453,30.89999961853028,30.299999237060547,30.600000381469727,7000
2022-03-24,30.600000381469727,30.600000381469727,30.299999237060547,30.299999237060547,3000
2022-03-25,30.75,30.75,30.049999237060547,30.350000381469727,11000
2022-03-28,30.350000381469727,30.75,30.200000762939453,30.39999961853028,12000
2022-03-29,30.39999961853028,30.39999961853028,30.200000762939453,30.299999237060547,27000
2022-03-30,29.299999237060547,30.14999961853028,29.299999237060547,29.89999961853028,18200
2022-03-31,30.25,30.25,30.25,30.25,1000
2022-04-01,29.64999961853028,30.0,29.0,29.0,75200
2022-04-06,29.299999237060547,29.299999237060547,28.299999237060547,28.5,14000
2022-04-07,28.75,28.75,27.799999237060547,27.799999237060547,40000
2022-04-08,28.200000762939453,28.200000762939453,26.600000381469727,27.049999237060547,46000
2022-04-11,26.850000381469727,27.200000762939453,26.850000381469727,26.89999961853028,22000
2022-04-12,27.39999961853028,27.450000762939453,27.0,27.299999237060547,10000
2022-04-13,27.64999961853028,27.700000762939453,27.100000381469727,27.700000762939453,21000
2022-04-14,28.5,28.5,27.350000381469727,27.89999961853028,9152
2022-04-15,27.200000762939453,27.700000762939453,26.700000762939453,27.299999237060547,13000
2022-04-18,27.39999961853028,27.39999961853028,27.39999961853028,27.39999961853028,1000
2022-04-19,27.549999237060547,27.549999237060547,27.100000381469727,27.450000762939453,6000
2022-04-20,27.700000762939453,28.350000381469727,27.64999961853028,28.200000762939453,18001
2022-04-21,28.799999237060547,29.25,28.200000762939453,28.850000381469727,41001
2022-04-22,28.950000762939453,28.950000762939453,28.049999237060547,28.200000762939453,9000
2022-04-25,28.0,29.39999961853028,28.0,29.39999961853028,40000
2022-04-26,29.39999961853028,29.5,29.100000381469727,29.39999961853028,35000
2022-04-27,27.850000381469727,28.64999961853028,27.850000381469727,28.600000381469727,8010
2022-04-28,28.5,29.450000762939453,28.5,29.350000381469727,42000
2022-04-29,28.950000762939453,29.799999237060547,28.950000762939453,29.700000762939453,64000
2022-05-03,29.5,29.5,28.89999961853028,29.350000381469727,7000
2022-05-04,29.39999961853028,29.549999237060547,28.75,29.200000762939453,11000
2022-05-05,29.450000762939453,29.450000762939453,28.600000381469727,29.100000381469727,9000
2022-05-06,29.049999237060547,29.049999237060547,29.049999237060547,29.049999237060547,1000
2022-05-09,28.950000762939453,28.950000762939453,28.100000381469727,28.950000762939453,7000
2022-05-10,29.049999237060547,29.049999237060547,26.600000381469727,28.100000381469727,26000
2022-05-11,28.25,28.25,28.25,28.25,1000
2022-05-12,28.049999237060547,28.049999237060547,27.100000381469727,27.850000381469727,3000
2022-05-13,26.950000762939453,28.100000381469727,26.950000762939453,28.100000381469727,27000
2022-05-16,28.299999237060547,28.299999237060547,28.299999237060547,28.299999237060547,1000
2022-05-17,28.0,28.350000381469727,28.0,28.350000381469727,2000
2022-05-18,28.25,28.850000381469727,27.89999961853028,28.200000762939453,19000
2022-05-19,28.350000381469727,28.350000381469727,27.350000381469727,28.0,6000
2022-05-20,28.0,28.450000762939453,27.600000381469727,28.14999961853028,13000
2022-05-23,28.14999961853028,28.14999961853028,27.5,28.14999961853028,4000
2022-05-24,27.600000381469727,28.100000381469727,27.200000762939453,28.0,10000
2022-05-25,27.450000762939453,28.100000381469727,27.39999961853028,27.89999961853028,7000
2022-05-26,28.25,28.25,27.5,27.700000762939453,18000
2022-05-27,27.89999961853028,27.89999961853028,27.799999237060547,27.799999237060547,2000
2022-05-30,28.350000381469727,28.350000381469727,27.700000762939453,28.299999237060547,17000
2022-05-31,27.700000762939453,28.350000381469727,27.700000762939453,27.89999961853028,9000
2022-06-01,27.549999237060547,28.14999961853028,27.549999237060547,28.14999961853028,8000
2022-06-02,27.700000762939453,28.700000762939453,27.700000762939453,28.200000762939453,35000
2022-06-06,28.200000762939453,28.39999961853028,28.200000762939453,28.39999961853028,3000
2022-06-07,27.700000762939453,28.14999961853028,27.64999961853028,27.799999237060547,10001
2022-06-08,27.799999237060547,28.350000381469727,27.799999237060547,28.14999961853028,26000
2022-06-09,28.350000381469727,28.350000381469727,28.350000381469727,28.350000381469727,1000
2022-06-10,28.25,28.25,28.25,28.25,2000
2022-06-13,28.0,28.0,28.0,28.0,1000
2022-06-14,28.39999961853028,28.39999961853028,27.700000762939453,27.75,14000
2022-06-15,28.350000381469727,28.350000381469727,27.549999237060547,28.200000762939453,42123
2022-06-16,28.299999237060547,28.299999237060547,27.950000762939453,28.100000381469727,28000
2022-06-17,28.25,28.25,27.700000762939453,28.0,22000
2022-06-20,28.25,28.25,27.89999961853028,28.100000381469727,21000
2022-06-21,28.700000762939453,28.700000762939453,28.0,28.25,28000
2022-06-22,28.350000381469727,28.350000381469727,27.89999961853028,27.89999961853028,16000
2022-06-23,28.0,28.0,27.799999237060547,27.950000762939453,12000
2022-06-24,28.299999237060547,28.299999237060547,27.89999961853028,28.100000381469727,19000
2022-06-27,28.100000381469727,28.14999961853028,27.89999961853028,28.049999237060547,23000
2022-06-28,28.0,28.049999237060547,28.0,28.049999237060547,15000
2022-06-29,27.799999237060547,28.14999961853028,27.799999237060547,28.100000381469727,13000
2022-06-30,28.100000381469727,28.100000381469727,27.700000762939453,28.0,20000
2022-07-01,28.450000762939453,28.450000762939453,27.75,27.89999961853028,23000
2022-07-04,26.200000762939453,27.950000762939453,26.200000762939453,27.89999961853028,10000
2022-07-05,28.100000381469727,28.100000381469727,27.049999237060547,27.89999961853028,42000
2022-07-06,28.049999237060547,28.049999237060547,27.600000381469727,27.950000762939453,6000
2022-07-07,27.600000381469727,27.950000762939453,27.549999237060547,27.950000762939453,19000
2022-07-08,28.0,28.850000381469727,27.700000762939453,27.950000762939453,15000
2022-07-11,27.600000381469727,28.049999237060547,27.600000381469727,27.89999961853028,3000
2022-07-12,27.5,27.950000762939453,27.39999961853028,27.799999237060547,7000
2022-07-13,28.0,28.14999961853028,27.39999961853028,27.89999961853028,8000
2022-07-14,27.5,27.89999961853028,27.299999237060547,27.450000762939453,20036
2022-07-15,27.700000762939453,27.700000762939453,27.100000381469727,27.5,10000
2022-07-18,27.100000381469727,27.850000381469727,27.100000381469727,27.549999237060547,18000
2022-07-19,27.799999237060547,27.799999237060547,27.799999237060547,27.799999237060547,1000
2022-07-20,27.850000381469727,27.850000381469727,27.299999237060547,27.799999237060547,17000
2022-07-21,27.799999237060547,27.799999237060547,27.799999237060547,27.799999237060547,0
2022-07-22,27.200000762939453,27.549999237060547,27.0,27.0,36000
2022-07-25,27.600000381469727,27.600000381469727,26.799999237060547,27.299999237060547,8012
2022-07-26,26.549999237060547,27.39999961853028,26.549999237060547,27.39999961853028,14000
2022-07-27,27.549999237060547,27.549999237060547,27.5,27.5,2000
2022-07-28,27.549999237060547,27.549999237060547,26.299999237060547,26.299999237060547,24000
2022-07-29,27.14999961853028,27.14999961853028,26.299999237060547,26.5,4000
2022-08-01,26.450000762939453,26.799999237060547,26.450000762939453,26.600000381469727,10000
2022-08-02,26.850000381469727,26.850000381469727,26.5,26.700000762939453,5000
2022-08-03,26.600000381469727,26.600000381469727,26.0,26.350000381469727,26000
2022-08-04,25.799999237060547,26.450000762939453,25.5,25.600000381469727,20000
2022-08-05,25.850000381469727,26.700000762939453,25.850000381469727,26.200000762939453,19000
2022-08-08,26.64999961853028,26.75,26.200000762939453,26.75,25000
2022-08-09,26.75,26.75,26.200000762939453,26.600000381469727,19000
2022-08-10,26.600000381469727,26.89999961853028,26.600000381469727,26.89999961853028,14000
2022-08-11,26.350000381469727,26.89999961853028,26.350000381469727,26.850000381469727,7000
2022-08-12,27.14999961853028,27.14999961853028,26.89999961853028,27.100000381469727,7000
2022-08-15,27.0,27.5,27.0,27.450000762939453,11000
2022-08-16,27.75,27.75,27.75,27.75,1000
2022-08-17,27.950000762939453,27.950000762939453,27.450000762939453,27.450000762939453,12000
2022-08-18,27.799999237060547,27.799999237060547,27.049999237060547,27.600000381469727,7000
2022-08-19,27.950000762939453,27.950000762939453,27.950000762939453,27.950000762939453,1000
2022-08-22,28.0,28.0,27.5,27.75,4000
2022-08-23,27.700000762939453,27.700000762939453,26.89999961853028,27.299999237060547,18000
2022-08-24,27.850000381469727,27.850000381469727,27.0,27.39999961853028,4000
2022-08-25,27.549999237060547,27.549999237060547,27.549999237060547,27.549999237060547,1000
2022-08-26,27.549999237060547,27.549999237060547,27.549999237060547,27.549999237060547,0
2022-08-29,26.799999237060547,27.450000762939453,26.799999237060547,27.14999961853028,8000
2022-08-30,26.75,27.299999237060547,26.75,27.299999237060547,19000
2022-08-31,27.350000381469727,27.549999237060547,27.0,27.549999237060547,9000
2022-09-01,27.299999237060547,27.549999237060547,26.799999237060547,27.299999237060547,29000
2022-09-02,27.549999237060547,27.549999237060547,27.549999237060547,27.549999237060547,1000
2022-09-05,27.0,27.299999237060547,26.75,27.200000762939453,16000
2022-09-06,27.299999237060547,27.299999237060547,26.64999961853028,27.0,13000
2022-09-07,27.0,27.049999237060547,27.0,27.049999237060547,3000
2022-09-08,26.700000762939453,27.25,26.700000762939453,27.25,5000
2022-09-12,28.0,28.0,27.64999961853028,27.64999961853028,2000
2022-09-13,27.89999961853028,27.89999961853028,27.100000381469727,27.299999237060547,6000
2022-09-14,26.799999237060547,27.64999961853028,26.799999237060547,27.5,4000
2022-09-15,27.950000762939453,27.950000762939453,27.0,27.200000762939453,23000
2022-09-16,26.799999237060547,27.049999237060547,25.799999237060547,26.39999961853028,40000
2022-09-19,25.700000762939453,26.299999237060547,25.5,26.299999237060547,5000
2022-09-20,25.600000381469727,26.049999237060547,25.25,26.049999237060547,24000
2022-09-21,25.5,25.64999961853028,25.0,25.299999237060547,19000
2022-09-22,25.549999237060547,25.549999237060547,25.549999237060547,25.549999237060547,1000
2022-09-23,25.950000762939453,25.950000762939453,25.799999237060547,25.89999961853028,3000
2022-09-26,25.89999961853028,25.89999961853028,25.89999961853028,25.89999961853028,0
2022-09-27,26.049999237060547,26.049999237060547,24.549999237060547,25.450000762939453,16000
2022-09-28,25.64999961853028,25.64999961853028,24.14999961853028,24.25,31000
2022-09-29,24.75,24.75,23.799999237060547,24.049999237060547,26000
2022-09-30,23.850000381469727,23.850000381469727,23.5,23.600000381469727,12001
2022-10-03,23.600000381469727,23.600000381469727,22.5,23.25,60000
2022-10-04,24.0,24.0,23.700000762939453,23.700000762939453,4000
2022-10-05,23.600000381469727,24.5,23.39999961853028,24.299999237060547,25000
2022-10-06,24.64999961853028,24.64999961853028,24.450000762939453,24.450000762939453,3000
2022-10-07,24.450000762939453,24.75,24.39999961853028,24.75,36000
2022-10-11,24.5,24.5,23.799999237060547,24.39999961853028,4000
2022-10-12,23.89999961853028,24.350000381469727,23.39999961853028,23.64999961853028,15000
2022-10-13,23.799999237060547,23.799999237060547,21.89999961853028,22.64999961853028,14000
2022-10-14,22.799999237060547,23.64999961853028,22.799999237060547,23.64999961853028,8000
2022-10-17,24.049999237060547,24.049999237060547,21.950000762939453,22.799999237060547,18000
2022-10-18,23.14999961853028,23.14999961853028,22.0,22.39999961853028,16000
2022-10-19,22.700000762939453,22.700000762939453,22.200000762939453,22.299999237060547,12000
2022-10-20,22.89999961853028,22.89999961853028,21.25,22.100000381469727,18000
2022-10-21,22.700000762939453,22.700000762939453,21.75,22.049999237060547,5000
2022-10-24,22.0,22.75,22.0,22.200000762939453,7000
2022-10-25,22.0,22.549999237060547,21.39999961853028,21.950000762939453,12000
2022-10-26,22.350000381469727,22.350000381469727,21.299999237060547,21.64999961853028,6000
2022-10-27,21.950000762939453,21.950000762939453,21.100000381469727,21.75,23029
2022-10-28,21.950000762939453,21.950000762939453,21.0,21.299999237060547,20000
2022-10-31,21.89999961853028,21.89999961853028,20.850000381469727,21.39999961853028,18000
2022-11-01,21.850000381469727,21.850000381469727,21.350000381469727,21.450000762939453,9000
2022-11-02,21.39999961853028,21.64999961853028,21.0,21.299999237060547,5000
2022-11-03,21.299999237060547,21.450000762939453,21.299999237060547,21.39999961853028,6000
2022-11-04,22.0,22.25,21.799999237060547,21.89999961853028,15000
2022-11-07,22.14999961853028,22.200000762939453,21.5,22.200000762939453,25000
2022-11-08,22.75,22.75,21.75,21.950000762939453,9000
2022-11-09,22.350000381469727,22.350000381469727,21.700000762939453,22.100000381469727,11000
2022-11-10,22.75,22.75,22.75,22.75,1000
2022-11-11,22.75,22.75,21.700000762939453,22.200000762939453,26000
2022-11-14,22.549999237060547,22.549999237060547,21.700000762939453,22.200000762939453,10000
2022-11-15,22.549999237060547,22.549999237060547,21.89999961853028,22.299999237060547,19000
2022-11-16,22.14999961853028,22.14999961853028,21.850000381469727,21.950000762939453,9000
2022-11-17,22.100000381469727,22.100000381469727,21.600000381469727,22.049999237060547,5000
2022-11-18,21.64999961853028,21.950000762939453,21.600000381469727,21.950000762939453,12000
2022-11-21,22.700000762939453,22.700000762939453,21.89999961853028,22.14999961853028,9000
2022-11-22,22.549999237060547,22.549999237060547,21.89999961853028,22.0,7000
2022-11-23,22.39999961853028,22.39999961853028,22.0,22.25,3000
2022-11-24,22.600000381469727,22.600000381469727,22.049999237060547,22.5,10000
2022-11-25,22.0,22.39999961853028,22.0,22.39999961853028,2000
2022-11-28,22.600000381469727,22.950000762939453,22.600000381469727,22.700000762939453,5000
2022-11-29,22.200000762939453,22.700000762939453,22.200000762939453,22.549999237060547,5000
2022-11-30,22.600000381469727,22.600000381469727,22.200000762939453,22.549999237060547,6000
2022-12-01,23.299999237060547,23.299999237060547,22.39999961853028,22.64999961853028,20052
2022-12-02,22.700000762939453,22.700000762939453,22.39999961853028,22.600000381469727,13000
2022-12-05,22.75,22.75,22.549999237060547,22.75,15000
2022-12-06,23.450000762939453,23.450000762939453,23.0,23.100000381469727,5002
2022-12-07,23.25,23.5,23.0,23.5,32000
2022-12-08,24.200000762939453,24.200000762939453,23.0,23.89999961853028,25000
2022-12-09,23.89999961853028,23.89999961853028,23.299999237060547,23.700000762939453,8000
2022-12-12,23.850000381469727,23.850000381469727,23.5,23.700000762939453,19000
2022-12-13,23.950000762939453,23.950000762939453,23.14999961853028,23.700000762939453,4000
2022-12-14,24.0,24.799999237060547,24.0,24.549999237060547,45000
2022-12-15,24.549999237060547,24.75,24.549999237060547,24.75,19015
2022-12-16,24.75,24.950000762939453,24.0,24.950000762939453,16000
2022-12-19,25.14999961853028,25.14999961853028,24.049999237060547,24.950000762939453,46000
2022-12-20,25.0,25.450000762939453,24.600000381469727,24.700000762939453,10000
2022-12-21,25.14999961853028,25.14999961853028,24.39999961853028,25.100000381469727,10000
2022-12-22,25.25,25.25,24.549999237060547,24.799999237060547,5000
2022-12-23,24.799999237060547,25.64999961853028,24.799999237060547,25.39999961853028,32409
2022-12-26,25.39999961853028,25.850000381469727,25.200000762939453,25.450000762939453,9000
2022-12-27,25.450000762939453,25.549999237060547,24.89999961853028,25.450000762939453,16830
2022-12-28,25.450000762939453,25.450000762939453,25.450000762939453,25.450000762939453,0
2022-12-29,25.350000381469727,25.850000381469727,25.049999237060547,25.700000762939453,27000
2022-12-30,25.950000762939453,25.950000762939453,25.299999237060547,25.700000762939453,12000
2023-01-03,25.600000381469727,26.350000381469727,25.600000381469727,26.299999237060547,24509
2023-01-04,26.850000381469727,26.850000381469727,25.950000762939453,26.100000381469727,67000
2023-01-05,26.549999237060547,26.549999237060547,25.600000381469727,26.5,13075
2023-01-06,25.75,26.5,25.700000762939453,26.5,39000
2023-01-09,26.049999237060547,26.14999961853028,25.850000381469727,26.14999961853028,13000
2023-01-10,26.100000381469727,26.100000381469727,25.549999237060547,26.0,12000
2023-01-11,25.5,26.200000762939453,25.5,26.200000762939453,58000
2023-01-12,25.75,25.799999237060547,25.64999961853028,25.799999237060547,6000
2023-01-13,25.5,25.799999237060547,25.5,25.799999237060547,8000
2023-01-16,25.89999961853028,25.89999961853028,24.799999237060547,24.850000381469727,34030
2023-01-17,24.799999237060547,24.799999237060547,24.200000762939453,24.75,16000
2023-01-30,24.5,25.049999237060547,24.5,25.049999237060547,30000
2023-01-31,25.25,25.25,25.0,25.25,3000
2023-02-01,24.799999237060547,25.350000381469727,24.799999237060547,25.299999237060547,18000
2023-02-02,25.75,25.75,24.89999961853028,25.64999961853028,10004
2023-02-03,25.850000381469727,26.5,25.5,26.0,35000
2023-02-06,26.14999961853028,26.14999961853028,26.14999961853028,26.14999961853028,1000
2023-02-07,26.200000762939453,26.450000762939453,26.200000762939453,26.25,5000
2023-02-08,26.25,26.450000762939453,26.0,26.0,8000
2023-02-09,26.200000762939453,26.350000381469727,26.200000762939453,26.350000381469727,2000
2023-02-10,26.350000381469727,26.350000381469727,25.299999237060547,25.75,25000
2023-02-13,26.0,26.200000762939453,25.5,26.100000381469727,10000
2023-02-14,26.200000762939453,26.25,26.0,26.100000381469727,15000
2023-02-15,26.100000381469727,26.600000381469727,26.100000381469727,26.549999237060547,47083
2023-02-16,26.549999237060547,26.700000762939453,26.100000381469727,26.549999237060547,11000
2023-02-17,26.75,26.75,26.100000381469727,26.700000762939453,4000
2023-02-20,26.200000762939453,26.950000762939453,26.0,26.850000381469727,40000
2023-02-21,26.950000762939453,27.049999237060547,26.799999237060547,27.049999237060547,21000
2023-02-22,27.0,27.200000762939453,26.200000762939453,27.200000762939453,32000
2023-02-23,27.200000762939453,27.25,26.39999961853028,27.25,27000
2023-02-24,27.200000762939453,27.350000381469727,26.700000762939453,27.350000381469727,13000
2023-03-01,27.350000381469727,27.75,27.299999237060547,27.450000762939453,8000
2023-03-02,27.5,27.600000381469727,27.299999237060547,27.549999237060547,10006
2023-03-03,27.64999961853028,27.700000762939453,27.299999237060547,27.64999961853028,9050
2023-03-06,27.64999961853028,27.850000381469727,26.700000762939453,27.75,43200
2023-03-07,27.950000762939453,28.049999237060547,27.89999961853028,28.049999237060547,14000
2023-03-08,28.25,28.25,28.0,28.100000381469727,7000
2023-03-09,28.299999237060547,28.299999237060547,28.0,28.200000762939453,13000
2023-03-10,28.14999961853028,28.14999961853028,27.200000762939453,27.799999237060547,30000
2023-03-13,27.89999961853028,27.89999961853028,27.89999961853028,27.89999961853028,1000
2023-03-14,27.75,27.850000381469727,27.75,27.850000381469727,2000
2023-03-15,27.700000762939453,27.850000381469727,26.89999961853028,26.89999961853028,16000
2023-03-16,26.850000381469727,26.89999961853028,26.0,26.600000381469727,21000
2023-03-17,26.600000381469727,26.600000381469727,25.89999961853028,26.14999961853028,68000
2023-03-20,26.350000381469727,26.39999961853028,26.049999237060547,26.39999961853028,53000
2023-03-21,26.600000381469727,26.600000381469727,26.0,26.549999237060547,88000
2023-03-22,26.75,27.450000762939453,26.700000762939453,27.450000762939453,80000
2023-03-23,27.5,27.549999237060547,27.200000762939453,27.450000762939453,22000
2023-03-24,27.5,27.799999237060547,27.0,27.799999237060547,53000
2023-03-27,27.200000762939453,27.600000381469727,27.200000762939453,27.600000381469727,4000
2023-03-28,27.89999961853028,27.89999961853028,27.5,27.850000381469727,3000
2023-03-29,27.799999237060547,27.799999237060547,27.200000762939453,27.799999237060547,8000
2023-03-30,27.799999237060547,28.950000762939453,27.799999237060547,28.600000381469727,28000
2023-03-31,28.75,28.75,28.75,28.75,1000
2023-04-06,29.5,29.5,28.14999961853028,28.850000381469727,24000
2023-04-07,28.89999961853028,29.100000381469727,28.0,28.14999961853028,20001
2023-04-10,28.200000762939453,28.39999961853028,28.200000762939453,28.39999961853028,2000
2023-04-11,28.39999961853028,28.5,28.100000381469727,28.350000381469727,6000
2023-04-12,28.350000381469727,28.75,28.200000762939453,28.75,6000
2023-04-13,28.700000762939453,28.850000381469727,28.0,28.25,19000
2023-04-14,28.200000762939453,28.450000762939453,27.89999961853028,28.100000381469727,14000
2023-04-17,28.100000381469727,28.100000381469727,28.100000381469727,28.100000381469727,0
2023-04-18,28.25,28.299999237060547,28.200000762939453,28.299999237060547,22000
2023-04-19,28.350000381469727,28.350000381469727,28.049999237060547,28.14999961853028,3000
2023-04-20,28.14999961853028,28.450000762939453,27.5,28.14999961853028,11000
2023-04-21,28.299999237060547,28.299999237060547,27.25,27.75,8000
2023-04-24,27.75,28.049999237060547,27.75,27.950000762939453,6000
2023-04-25,28.25,28.25,27.350000381469727,28.100000381469727,16000
2023-04-26,27.39999961853028,28.450000762939453,26.89999961853028,28.350000381469727,61001
2023-04-27,28.14999961853028,28.14999961853028,27.0,27.89999961853028,146000
2023-04-28,28.350000381469727,28.350000381469727,28.350000381469727,28.350000381469727,1000
2023-05-02,28.450000762939453,28.450000762939453,27.39999961853028,27.5,33000
2023-05-03,27.39999961853028,28.100000381469727,27.39999961853028,27.799999237060547,4000
2023-05-04,27.75,28.049999237060547,27.700000762939453,28.049999237060547,28000
2023-05-05,28.14999961853028,28.14999961853028,27.549999237060547,27.600000381469727,23490
2023-05-08,27.39999961853028,28.0,27.0,27.600000381469727,16000
2023-05-09,27.64999961853028,27.64999961853028,26.950000762939453,27.64999961853028,9000
2023-05-10,26.799999237060547,27.799999237060547,26.799999237060547,27.64999961853028,33000
2023-05-11,27.799999237060547,27.799999237060547,27.64999961853028,27.700000762939453,3000
2023-05-12,27.75,27.75,27.75,27.75,1000
2023-05-15,27.75,27.850000381469727,27.25,27.850000381469727,25001
2023-05-16,27.89999961853028,27.950000762939453,27.39999961853028,27.450000762939453,10000
2023-05-17,27.850000381469727,28.39999961853028,27.600000381469727,28.14999961853028,38000
2023-05-18,27.75,28.25,27.75,28.049999237060547,18000
2023-05-19,28.14999961853028,28.200000762939453,28.0,28.100000381469727,7000
2023-05-22,28.200000762939453,28.200000762939453,27.75,27.89999961853028,10002
2023-05-23,28.100000381469727,28.100000381469727,27.600000381469727,27.700000762939453,9000
2023-05-24,27.950000762939453,28.64999961853028,27.89999961853028,28.299999237060547,69000
2023-05-25,28.450000762939453,28.450000762939453,28.450000762939453,28.450000762939453,1000
2023-05-26,28.549999237060547,28.850000381469727,27.850000381469727,28.850000381469727,36450
2023-05-29,29.75,29.75,28.850000381469727,29.299999237060547,3000
2023-05-30,29.39999961853028,29.39999961853028,28.14999961853028,29.350000381469727,33000
2023-05-31,29.39999961853028,29.5,28.5,29.39999961853028,41000
2023-06-01,28.799999237060547,29.299999237060547,28.700000762939453,28.700000762939453,26000
2023-06-02,28.700000762939453,28.89999961853028,28.39999961853028,28.850000381469727,26000
2023-06-05,28.89999961853028,28.950000762939453,28.39999961853028,28.950000762939453,38000
2023-06-06,29.0,29.049999237060547,28.5,28.89999961853028,36000
2023-06-07,28.600000381469727,28.75,28.5,28.5,11000
2023-06-08,28.64999961853028,28.950000762939453,28.600000381469727,28.600000381469727,3395
2023-06-09,28.950000762939453,28.950000762939453,28.299999237060547,28.850000381469727,19000
2023-06-12,28.25,28.850000381469727,28.200000762939453,28.850000381469727,11000
2023-06-13,28.89999961853028,28.89999961853028,28.89999961853028,28.89999961853028,1000
2023-06-14,28.850000381469727,28.850000381469727,28.39999961853028,28.39999961853028,13000
2023-06-15,28.64999961853028,28.799999237060547,28.100000381469727,28.75,40000
2023-06-16,28.799999237060547,29.049999237060547,28.5,28.89999961853028,17000
2023-06-19,28.89999961853028,28.89999961853028,28.350000381469727,28.5,39080
2023-06-20,28.64999961853028,29.5,28.5,29.049999237060547,72000
2023-06-21,29.14999961853028,29.14999961853028,28.5,29.14999961853028,63200
2023-06-26,29.100000381469727,29.25,28.5,28.64999961853028,50000
2023-06-27,28.600000381469727,28.950000762939453,28.600000381469727,28.799999237060547,8000
2023-06-28,28.89999961853028,28.950000762939453,28.89999961853028,28.950000762939453,2000
2023-06-29,28.950000762939453,29.25,28.89999961853028,29.100000381469727,23000
2023-06-30,29.450000762939453,29.450000762939453,28.600000381469727,28.799999237060547,47000
2023-07-03,28.75,29.100000381469727,28.600000381469727,29.100000381469727,41000
2023-07-04,29.200000762939453,29.299999237060547,28.600000381469727,29.299999237060547,51010
2023-07-05,29.39999961853028,29.450000762939453,29.100000381469727,29.350000381469727,30000
2023-07-06,29.450000762939453,29.450000762939453,28.89999961853028,29.0,13011
2023-07-07,29.14999961853028,29.200000762939453,28.850000381469727,29.200000762939453,36000
2023-07-10,29.100000381469727,29.200000762939453,28.799999237060547,28.950000762939453,13000
2023-07-11,29.0,29.14999961853028,28.39999961853028,29.14999961853028,26000
2023-07-12,29.200000762939453,29.200000762939453,29.200000762939453,29.200000762939453,1000
2023-07-13,29.350000381469727,29.350000381469727,28.5,28.549999237060547,54000
2023-07-14,28.700000762939453,29.0,28.549999237060547,29.0,25000
2023-07-17,29.350000381469727,29.350000381469727,29.0,29.049999237060547,3000
2023-07-18,29.14999961853028,29.14999961853028,28.64999961853028,29.0,25000
2023-07-19,28.75,28.950000762939453,28.299999237060547,28.549999237060547,22000
2023-07-20,28.5,28.700000762939453,28.5,28.64999961853028,12000
2023-07-21,28.5,28.75,28.5,28.75,3000
2023-07-24,28.75,28.75,28.049999237060547,28.700000762939453,27000
2023-07-25,28.600000381469727,28.75,28.5,28.5,8000
2023-07-26,28.5,28.5,28.25,28.25,2000
2023-07-27,28.39999961853028,28.39999961853028,28.0,28.299999237060547,14000
2023-07-28,28.450000762939453,28.450000762939453,28.100000381469727,28.25,6000
2023-07-31,28.25,28.450000762939453,28.25,28.25,9001
2023-08-01,28.5,28.5,28.049999237060547,28.450000762939453,18000
2023-08-02,28.450000762939453,28.450000762939453,28.049999237060547,28.299999237060547,17001
2023-08-04,28.39999961853028,28.39999961853028,28.049999237060547,28.25,7000
2023-08-07,28.25,28.39999961853028,28.049999237060547,28.299999237060547,11000
2023-08-08,28.299999237060547,28.299999237060547,28.0,28.14999961853028,7000
2023-08-09,28.100000381469727,28.100000381469727,27.799999237060547,27.799999237060547,7000
2023-08-10,27.700000762939453,28.299999237060547,27.700000762939453,28.100000381469727,8000
2023-08-11,28.200000762939453,28.200000762939453,28.200000762939453,28.200000762939453,1000
2023-08-14,28.200000762939453,28.200000762939453,27.850000381469727,28.0,6000
2023-08-15,28.0,28.14999961853028,27.950000762939453,28.14999961853028,3000
2023-08-16,27.799999237060547,28.0,27.799999237060547,28.0,3000
2023-08-17,27.89999961853028,27.89999961853028,27.549999237060547,27.850000381469727,12000
2023-08-18,27.950000762939453,27.950000762939453,27.600000381469727,27.75,7000
2023-08-21,27.75,27.75,27.0,27.350000381469727,16000
2023-08-22,27.25,27.25,26.200000762939453,26.75,21000
2023-08-23,26.100000381469727,26.5,26.0,26.100000381469727,14000
2023-08-24,25.950000762939453,26.950000762939453,25.950000762939453,26.89999961853028,4832
2023-08-25,26.049999237060547,26.64999961853028,26.049999237060547,26.299999237060547,10000
2023-08-28,26.89999961853028,26.89999961853028,26.89999961853028,26.89999961853028,1000
2023-08-29,26.89999961853028,26.89999961853028,26.89999961853028,26.89999961853028,0
2023-08-30,27.350000381469727,27.350000381469727,26.299999237060547,26.950000762939453,7000
2023-08-31,26.950000762939453,26.950000762939453,26.600000381469727,26.600000381469727,4000
2023-09-01,26.600000381469727,26.799999237060547,26.200000762939453,26.5,7000
2023-09-04,26.700000762939453,26.75,26.700000762939453,26.75,2000
2023-09-05,26.75,27.100000381469727,26.25,27.049999237060547,23000
2023-09-06,27.14999961853028,28.25,26.89999961853028,27.299999237060547,37000
2023-09-07,27.350000381469727,27.350000381469727,26.5,27.14999961853028,3000
2023-09-08,27.049999237060547,27.049999237060547,27.049999237060547,27.049999237060547,1000
2023-09-11,27.049999237060547,27.549999237060547,26.700000762939453,26.700000762939453,6092
2023-09-12,27.549999237060547,27.549999237060547,26.299999237060547,26.299999237060547,6616
2023-09-13,26.700000762939453,27.0,26.350000381469727,26.850000381469727,7000
2023-09-14,26.850000381469727,26.950000762939453,26.850000381469727,26.850000381469727,3000
2023-09-15,27.25,27.25,26.450000762939453,27.049999237060547,5000
2023-09-18,27.350000381469727,27.350000381469727,26.5,26.75,4960
2023-09-19,26.75,26.75,26.200000762939453,26.549999237060547,8000
2023-09-20,26.600000381469727,26.600000381469727,26.450000762939453,26.450000762939453,5000
2023-09-21,26.64999961853028,27.100000381469727,26.600000381469727,27.100000381469727,61000
2023-09-22,27.100000381469727,27.100000381469727,26.89999961853028,27.100000381469727,6000
2023-09-25,27.75,27.75,27.75,27.75,1000
2023-09-26,27.600000381469727,27.600000381469727,26.700000762939453,27.549999237060547,6000
2023-09-27,27.549999237060547,27.549999237060547,27.549999237060547,27.549999237060547,10000
2023-09-28,27.75,27.75,27.75,27.75,1004
2023-10-02,27.75,27.75,27.0,27.25,16000
2023-10-03,27.600000381469727,27.600000381469727,26.64999961853028,26.700000762939453,10000
2023-10-04,26.549999237060547,26.950000762939453,26.549999237060547,26.950000762939453,5000
2023-10-05,26.89999961853028,27.14999961853028,26.89999961853028,27.14999961853028,2000
2023-10-06,27.100000381469727,27.75,27.0,27.0,8000
2023-10-11,27.950000762939453,27.950000762939453,26.700000762939453,27.0,10000
2023-10-12,27.049999237060547,27.350000381469727,27.049999237060547,27.200000762939453,4000
2023-10-13,26.75,27.049999237060547,26.75,27.049999237060547,5000
2023-10-16,27.049999237060547,27.049999237060547,27.049999237060547,27.049999237060547,0
2023-10-17,27.14999961853028,27.14999961853028,26.700000762939453,26.950000762939453,44000
2023-10-18,26.600000381469727,27.299999237060547,26.600000381469727,27.200000762939453,10000
2023-10-19,26.64999961853028,27.100000381469727,26.64999961853028,27.100000381469727,5000
2023-10-20,27.14999961853028,27.14999961853028,27.049999237060547,27.049999237060547,2000
2023-10-23,26.39999961853028,26.75,26.39999961853028,26.75,4000
2023-10-24,26.39999961853028,26.950000762939453,26.299999237060547,26.950000762939453,96000
2023-10-25,27.14999961853028,27.14999961853028,26.450000762939453,26.450000762939453,14000
2023-10-26,26.299999237060547,26.64999961853028,26.200000762939453,26.549999237060547,5000
2023-10-27,26.5,26.549999237060547,26.5,26.549999237060547,5000
2023-10-30,26.75,26.75,26.39999961853028,26.700000762939453,9104
2023-10-31,27.350000381469727,27.350000381469727,26.549999237060547,27.0,12000
2023-11-01,27.100000381469727,27.100000381469727,26.5,26.549999237060547,7000
2023-11-02,26.549999237060547,26.64999961853028,26.299999237060547,26.350000381469727,10000
2023-11-03,26.450000762939453,26.700000762939453,26.39999961853028,26.700000762939453,8000
2023-11-06,26.850000381469727,26.850000381469727,26.299999237060547,26.39999961853028,9010
2023-11-07,26.299999237060547,26.39999961853028,26.299999237060547,26.39999961853028,3000
2023-11-08,26.39999961853028,26.39999961853028,26.39999961853028,26.39999961853028,0
2023-11-09,26.049999237060547,26.350000381469727,26.0,26.0,3135
2023-11-10,25.950000762939453,26.200000762939453,25.700000762939453,26.200000762939453,7000
2023-11-13,26.299999237060547,26.299999237060547,25.799999237060547,26.200000762939453,14000
2023-11-14,26.14999961853028,26.549999237060547,26.14999961853028,26.549999237060547,7000
2023-11-15,27.0,27.0,26.14999961853028,26.39999961853028,4000
2023-11-16,26.549999237060547,26.549999237060547,26.049999237060547,26.5,10000
2023-11-17,26.64999961853028,26.64999961853028,26.64999961853028,26.64999961853028,1000
2023-11-20,26.600000381469727,26.600000381469727,26.25,26.600000381469727,4001
2023-11-21,26.700000762939453,26.850000381469727,26.049999237060547,26.799999237060547,30000
2023-11-22,26.25,26.549999237060547,26.25,26.549999237060547,3000
2023-11-23,26.25,26.549999237060547,26.25,26.549999237060547,4000
2023-11-24,26.200000762939453,26.450000762939453,26.200000762939453,26.450000762939453,2000
2023-11-27,26.5,26.75,26.200000762939453,26.75,9000
2023-11-28,26.14999961853028,26.450000762939453,26.14999961853028,26.200000762939453,6000
2023-11-29,26.450000762939453,26.450000762939453,26.14999961853028,26.200000762939453,17000
2023-11-30,26.350000381469727,26.350000381469727,26.0,26.200000762939453,10000
2023-12-01,26.350000381469727,26.600000381469727,26.299999237060547,26.5,8000
2023-12-04,26.89999961853028,26.89999961853028,26.0,26.64999961853028,12000
2023-12-05,26.64999961853028,26.64999961853028,26.64999961853028,26.64999961853028,1000
2023-12-06,26.850000381469727,26.850000381469727,26.100000381469727,26.299999237060547,12000
2023-12-07,26.350000381469727,26.350000381469727,26.350000381469727,26.350000381469727,1027
2023-12-08,26.350000381469727,26.600000381469727,26.100000381469727,26.299999237060547,23000
2023-12-11,26.5,26.5,26.200000762939453,26.39999961853028,10000
2023-12-12,26.39999961853028,26.39999961853028,26.14999961853028,26.25,9000
2023-12-13,26.25,26.39999961853028,26.049999237060547,26.049999237060547,8000
2023-12-14,26.200000762939453,26.200000762939453,25.600000381469727,25.600000381469727,13000
2023-12-15,25.5,26.5,25.5,26.299999237060547,24000
2023-12-18,26.299999237060547,26.299999237060547,26.200000762939453,26.200000762939453,3000
2023-12-19,26.350000381469727,26.350000381469727,25.799999237060547,26.100000381469727,7000
2023-12-20,26.100000381469727,26.100000381469727,26.100000381469727,26.100000381469727,2000
2023-12-21,25.850000381469727,26.100000381469727,25.799999237060547,26.0,24000
2023-12-22,25.950000762939453,25.950000762939453,25.799999237060547,25.950000762939453,5001
2023-12-25,26.100000381469727,26.100000381469727,26.0,26.100000381469727,9000
2023-12-26,26.25,26.25,26.100000381469727,26.100000381469727,3000
2023-12-27,26.299999237060547,26.64999961853028,26.049999237060547,26.64999961853028,35000
2023-12-28,26.75,27.5,26.64999961853028,27.299999237060547,46000
2023-12-29,27.799999237060547,27.799999237060547,26.700000762939453,27.39999961853028,54000
2024-01-02,27.049999237060547,27.850000381469727,26.799999237060547,27.850000381469727,17000
2024-01-03,27.049999237060547,27.549999237060547,27.0,27.100000381469727,13000
2024-01-04,27.049999237060547,27.14999961853028,27.049999237060547,27.100000381469727,3000
2024-01-05,27.14999961853028,27.200000762939453,26.89999961853028,27.14999961853028,8000
2024-01-08,27.950000762939453,27.950000762939453,27.0,27.049999237060547,23000
2024-01-09,27.600000381469727,27.600000381469727,26.950000762939453,26.950000762939453,19000
2024-01-10,27.5,27.5,26.799999237060547,27.14999961853028,15000
2024-01-11,27.350000381469727,27.350000381469727,26.799999237060547,27.100000381469727,9000
2024-01-12,27.39999961853028,27.39999961853028,26.850000381469727,27.14999961853028,3000
2024-01-15,27.350000381469727,27.350000381469727,26.5,26.5,18000
2024-01-16,26.700000762939453,27.25,26.450000762939453,26.450000762939453,40000
2024-01-17,26.5,27.049999237060547,26.200000762939453,26.700000762939453,27000
2024-01-18,26.600000381469727,26.89999961853028,26.600000381469727,26.799999237060547,4000
2024-01-19,26.89999961853028,26.950000762939453,26.700000762939453,26.850000381469727,5000
2024-01-22,26.89999961853028,26.89999961853028,26.799999237060547,26.799999237060547,2000
2024-01-23,26.799999237060547,26.799999237060547,26.799999237060547,26.799999237060547,0
2024-01-24,26.600000381469727,26.950000762939453,26.600000381469727,26.89999961853028,11080
2024-01-25,26.950000762939453,27.799999237060547,26.64999961853028,27.049999237060547,29006
2024-01-26,27.14999961853028,27.14999961853028,26.89999961853028,27.0,13000
2024-01-29,27.200000762939453,27.75,26.950000762939453,27.200000762939453,12013
2024-01-30,26.75,27.299999237060547,26.75,27.299999237060547,9000
2024-01-31,27.350000381469727,27.350000381469727,26.89999961853028,27.100000381469727,9000
2024-02-01,27.350000381469727,27.350000381469727,27.0,27.299999237060547,21000
2024-02-02,27.350000381469727,27.350000381469727,27.0,27.299999237060547,10000
2024-02-05,27.350000381469727,27.549999237060547,26.600000381469727,27.39999961853028,30000
2024-02-15,27.350000381469727,27.549999237060547,26.799999237060547,27.5,52000
2024-02-16,27.5,27.5,26.89999961853028,26.89999961853028,21025
2024-02-19,26.850000381469727,26.950000762939453,26.799999237060547,26.89999961853028,12000
2024-02-20,26.950000762939453,27.350000381469727,26.700000762939453,26.950000762939453,25000
2024-02-21,26.64999961853028,26.799999237060547,26.14999961853028,26.600000381469727,60003
2024-02-22,26.549999237060547,26.549999237060547,25.950000762939453,26.049999237060547,60000
2024-02-23,26.450000762939453,26.450000762939453,25.700000762939453,25.75,22000
2024-02-26,25.799999237060547,25.950000762939453,25.0,25.100000381469727,56090
2024-02-27,24.950000762939453,24.950000762939453,23.89999961853028,24.200000762939453,43000
2024-02-29,24.25,26.200000762939453,24.200000762939453,26.100000381469727,53000
2024-03-01,26.450000762939453,26.700000762939453,26.100000381469727,26.299999237060547,59000
2024-03-04,26.14999961853028,26.299999237060547,25.799999237060547,26.049999237060547,26000
2024-03-05,26.600000381469727,26.600000381469727,25.700000762939453,26.049999237060547,17000
2024-03-06,25.950000762939453,26.25,25.700000762939453,26.25,20000
2024-03-07,26.200000762939453,26.299999237060547,25.64999961853028,25.700000762939453,16000
2024-03-08,26.450000762939453,26.450000762939453,25.850000381469727,25.850000381469727,3000
2024-03-11,24.950000762939453,25.64999961853028,24.950000762939453,25.049999237060547,16000
2024-03-12,25.350000381469727,25.350000381469727,25.200000762939453,25.200000762939453,2000
2024-03-13,24.600000381469727,24.850000381469727,24.549999237060547,24.850000381469727,7000
2024-03-14,24.5,24.600000381469727,24.25,24.350000381469727,13000
2024-03-15,24.0,24.25,24.0,24.049999237060547,19000
2024-03-18,23.700000762939453,23.950000762939453,23.299999237060547,23.299999237060547,16000
2024-03-19,23.25,23.549999237060547,23.200000762939453,23.5,7000
2024-03-20,23.64999961853028,23.64999961853028,22.89999961853028,22.89999961853028,23000
2024-03-21,22.950000762939453,23.100000381469727,22.75,22.950000762939453,20000
2024-03-22,23.100000381469727,23.450000762939453,22.700000762939453,23.100000381469727,17000
2024-03-25,23.200000762939453,23.39999961853028,23.14999961853028,23.39999961853028,11000
2024-03-26,23.200000762939453,23.450000762939453,23.100000381469727,23.100000381469727,23000
2024-03-27,22.950000762939453,23.600000381469727,22.799999237060547,23.600000381469727,43000
2024-03-28,23.549999237060547,25.950000762939453,23.549999237060547,25.700000762939453,44320
2024-03-29,25.64999961853028,25.64999961853028,24.950000762939453,25.100000381469727,6000
2024-04-01,25.299999237060547,25.299999237060547,24.850000381469727,25.299999237060547,7000
2024-04-02,24.950000762939453,26.0,23.799999237060547,25.64999961853028,92000
2024-04-03,25.64999961853028,26.5,25.64999961853028,26.5,5000
2024-04-08,26.64999961853028,26.64999961853028,25.89999961853028,26.14999961853028,4072
2024-04-09,26.200000762939453,26.25,25.5,25.75,8000
2024-04-10,25.75,25.75,25.39999961853028,25.700000762939453,5000
2024-04-11,25.549999237060547,25.549999237060547,25.549999237060547,25.549999237060547,1000
2024-04-12,25.799999237060547,26.049999237060547,24.799999237060547,25.299999237060547,21000
2024-04-15,25.450000762939453,25.450000762939453,25.450000762939453,25.450000762939453,1000
2024-04-16,25.450000762939453,25.450000762939453,24.549999237060547,24.64999961853028,8000
2024-04-17,25.0,25.450000762939453,24.600000381469727,24.850000381469727,8000
2024-04-18,25.450000762939453,25.450000762939453,24.600000381469727,24.75,11000
2024-04-19,24.14999961853028,24.450000762939453,24.100000381469727,24.39999961853028,14000
2024-04-22,24.450000762939453,25.14999961853028,24.450000762939453,25.100000381469727,5000
2024-04-23,25.25,25.299999237060547,24.64999961853028,24.75,13000
2024-04-24,24.75,24.75,24.299999237060547,24.350000381469727,24000
2024-04-25,24.25,24.450000762939453,24.100000381469727,24.299999237060547,4000
2024-04-26,24.100000381469727,24.100000381469727,23.850000381469727,23.850000381469727,15000
2024-04-29,23.64999961853028,24.049999237060547,23.5,24.049999237060547,54000
2024-04-30,23.64999961853028,23.89999961853028,23.64999961853028,23.64999961853028,24000
2024-05-02,23.64999961853028,23.64999961853028,23.64999961853028,23.64999961853028,1000
2024-05-03,23.600000381469727,23.799999237060547,23.600000381469727,23.799999237060547,7010
2024-05-06,23.89999961853028,24.100000381469727,23.600000381469727,24.0,21000
2024-05-07,24.0,24.200000762939453,24.0,24.100000381469727,8000
2024-05-08,23.950000762939453,24.299999237060547,23.700000762939453,24.0,9000
2024-05-09,23.700000762939453,24.0,23.5,23.5,23010
2024-05-10,23.450000762939453,24.0,23.25,23.350000381469727,11000
2024-05-13,23.350000381469727,23.64999961853028,23.14999961853028,23.5,8001
2024-05-14,23.75,23.75,23.75,23.75,1000
2024-05-15,23.950000762939453,23.950000762939453,23.25,23.350000381469727,18000
2024-05-16,23.350000381469727,23.5,23.200000762939453,23.350000381469727,9009
2024-05-17,23.049999237060547,23.549999237060547,23.049999237060547,23.299999237060547,23000
2024-05-20,23.75,23.75,23.5,23.5,6000
2024-05-21,23.950000762939453,23.950000762939453,23.25,23.450000762939453,9000
2024-05-22,23.14999961853028,23.549999237060547,23.14999961853028,23.549999237060547,18079
2024-05-23,23.850000381469727,23.850000381469727,23.299999237060547,23.799999237060547,9000
2024-05-24,23.299999237060547,23.75,23.299999237060547,23.350000381469727,32000
2024-05-27,23.549999237060547,23.549999237060547,23.100000381469727,23.14999961853028,27000
2024-05-28,23.200000762939453,23.39999961853028,23.100000381469727,23.299999237060547,17000
2024-05-29,23.299999237060547,24.049999237060547,23.299999237060547,24.0,42000
2024-05-30,24.549999237060547,24.950000762939453,24.049999237060547,24.600000381469727,77000
2024-05-31,24.700000762939453,24.700000762939453,24.14999961853028,24.39999961853028,23000
2024-06-03,24.549999237060547,24.75,24.450000762939453,24.549999237060547,14000
2024-06-04,24.75,27.0,24.75,27.0,159734
2024-06-05,29.64999961853028,29.700000762939453,29.0,29.700000762939453,180830
2024-06-06,29.700000762939453,30.600000381469727,27.5,28.100000381469727,408020
2024-06-07,27.799999237060547,30.89999961853028,27.700000762939453,29.100000381469727,627000
2024-06-11,28.950000762939453,28.950000762939453,27.049999237060547,28.25,102000
2024-06-12,28.25,28.25,27.600000381469727,27.75,26000
2024-06-13,27.75,27.75,26.89999961853028,27.049999237060547,125000
2024-06-14,27.200000762939453,29.200000762939453,27.200000762939453,27.350000381469727,150000
2024-06-17,28.25,28.25,27.14999961853028,27.75,35000
2024-06-18,28.549999237060547,28.549999237060547,27.299999237060547,27.600000381469727,50000
2024-06-19,27.25,27.450000762939453,27.14999961853028,27.299999237060547,66000
2024-06-20,27.450000762939453,29.299999237060547,27.450000762939453,28.0,129000
2024-06-21,27.950000762939453,28.39999961853028,27.450000762939453,27.600000381469727,57000
2024-06-24,27.950000762939453,27.950000762939453,27.350000381469727,27.549999237060547,41000
2024-06-25,27.89999961853028,28.5,27.5,28.0,75000
2024-06-26,28.299999237060547,28.350000381469727,27.5,27.600000381469727,60000
2024-06-27,27.5,28.0,26.850000381469727,28.0,50000
2024-06-28,27.950000762939453,27.950000762939453,27.450000762939453,27.5,36000
2024-07-01,27.5,27.950000762939453,27.5,27.5,31000
2024-07-02,28.0,28.0,26.950000762939453,26.950000762939453,58000
2024-07-03,27.850000381469727,27.850000381469727,26.799999237060547,27.049999237060547,42072
2024-07-04,27.350000381469727,27.350000381469727,26.799999237060547,27.0,54000
2024-07-05,27.0,27.5,26.799999237060547,27.200000762939453,67000
2024-07-08,27.700000762939453,27.700000762939453,26.450000762939453,26.75,75000
2024-07-09,27.600000381469727,27.600000381469727,26.14999961853028,26.299999237060547,44000
2024-07-10,26.450000762939453,26.75,26.0,26.049999237060547,38000
2024-07-11,26.200000762939453,26.950000762939453,26.200000762939453,26.64999961853028,29000
2024-07-12,26.850000381469727,27.14999961853028,26.299999237060547,26.350000381469727,29000
2024-07-15,26.5,26.5,26.200000762939453,26.450000762939453,38000
2024-07-16,27.14999961853028,27.14999961853028,26.450000762939453,26.549999237060547,33000
2024-07-17,26.700000762939453,27.100000381469727,26.700000762939453,27.100000381469727,37000
2024-07-18,26.600000381469727,26.799999237060547,26.200000762939453,26.200000762939453,48000
2024-07-19,26.299999237060547,27.299999237060547,25.850000381469727,26.0,45000
2024-07-22,26.799999237060547,26.799999237060547,25.450000762939453,26.0,23000
2024-07-23,26.0,26.450000762939453,26.0,26.299999237060547,18000
2024-07-26,26.299999237060547,26.5,26.100000381469727,26.450000762939453,18000
2024-07-29,27.14999961853028,27.14999961853028,26.100000381469727,26.600000381469727,17200
2024-07-30,26.600000381469727,26.799999237060547,26.350000381469727,26.549999237060547,37000
2024-07-31,26.549999237060547,26.75,26.549999237060547,26.700000762939453,27000
2024-08-01,26.700000762939453,26.950000762939453,26.5,26.700000762939453,32000
2024-08-02,26.100000381469727,26.100000381469727,25.350000381469727,25.39999961853028,26100
2024-08-05,24.0,25.0,22.950000762939453,23.299999237060547,50100
2024-08-06,23.0,24.0,23.0,23.700000762939453,13000
2024-08-07,23.14999961853028,24.89999961853028,23.14999961853028,24.75,9000
2024-08-08,24.700000762939453,24.700000762939453,24.600000381469727,24.600000381469727,2000
2024-08-09,23.950000762939453,24.600000381469727,23.89999961853028,24.600000381469727,40000
2024-08-12,25.14999961853028,25.64999961853028,24.350000381469727,24.64999961853028,14000
2024-08-13,24.0,25.049999237060547,24.0,24.75,32000
2024-08-14,24.700000762939453,25.450000762939453,24.14999961853028,24.200000762939453,18000
2024-08-15,24.14999961853028,24.450000762939453,24.14999961853028,24.25,10000
2024-08-16,24.25,24.89999961853028,24.25,24.89999961853028,33000
2024-08-19,24.700000762939453,24.700000762939453,24.39999961853028,24.600000381469727,5000
2024-08-20,24.600000381469727,25.0,24.299999237060547,24.600000381469727,18000
2024-08-21,25.450000762939453,25.450000762939453,24.299999237060547,24.5,24000
2024-08-22,24.850000381469727,24.850000381469727,24.350000381469727,24.5,17000
2024-08-23,24.850000381469727,25.100000381469727,24.39999961853028,25.100000381469727,31000
2024-08-26,25.049999237060547,25.049999237060547,24.850000381469727,25.0,7000
2024-08-27,25.049999237060547,25.25,24.799999237060547,25.0,6000
2024-08-28,24.299999237060547,24.75,24.299999237060547,24.5,51000
2024-08-29,25.350000381469727,25.350000381469727,24.299999237060547,24.299999237060547,18005
2024-08-30,24.89999961853028,24.89999961853028,24.5,24.64999961853028,5010
2024-09-02,25.100000381469727,25.100000381469727,24.25,24.299999237060547,9000
2024-09-03,24.100000381469727,24.200000762939453,24.100000381469727,24.100000381469727,13000
2024-09-04,23.299999237060547,23.5,23.200000762939453,23.299999237060547,28000
2024-09-05,23.950000762939453,23.950000762939453,23.350000381469727,23.350000381469727,4000
2024-09-06,24.049999237060547,25.64999961853028,24.0,25.64999961853028,96000
2024-09-09,27.0,27.049999237060547,25.39999961853028,25.600000381469727,203000
2024-09-10,25.64999961853028,25.850000381469727,24.450000762939453,24.799999237060547,77000
2024-09-11,25.049999237060547,25.049999237060547,24.0,24.0,17000
2024-09-12,24.0,25.0,23.64999961853028,24.5,21000
2024-09-13,24.950000762939453,25.0,24.64999961853028,24.64999961853028,8010
2024-09-16,24.950000762939453,24.950000762939453,24.600000381469727,24.64999961853028,16000
2024-09-18,25.350000381469727,25.350000381469727,23.850000381469727,24.450000762939453,24000
2024-09-19,24.850000381469727,24.850000381469727,24.200000762939453,24.5,11000
2024-09-20,25.200000762939453,25.299999237060547,24.5,24.89999961853028,20000
2024-09-23,25.200000762939453,25.200000762939453,24.850000381469727,25.0,7000
2024-09-24,25.14999961853028,26.0,25.0,25.39999961853028,7000
2024-09-25,25.5,25.64999961853028,25.450000762939453,25.5,16000
2024-09-26,25.0,25.39999961853028,24.89999961853028,25.350000381469727,19000
2024-09-27,25.600000381469727,25.89999961853028,25.350000381469727,25.89999961853028,23000
2024-09-30,26.450000762939453,26.450000762939453,25.75,25.950000762939453,13000
2024-10-01,25.89999961853028,25.89999961853028,24.89999961853028,25.25,14000
2024-10-04,25.850000381469727,25.850000381469727,24.950000762939453,24.950000762939453,8000
2024-10-07,25.450000762939453,26.299999237060547,25.0,25.89999961853028,47000
2024-10-08,25.89999961853028,25.89999961853028,24.89999961853028,24.89999961853028,25000
2024-10-09,24.850000381469727,25.850000381469727,24.850000381469727,25.200000762939453,4000
2024-10-11,26.0,26.0,24.64999961853028,24.64999961853028,32000
2024-10-14,25.049999237060547,25.049999237060547,24.5,24.950000762939453,9000
2024-10-15,25.39999961853028,25.39999961853028,24.450000762939453,24.450000762939453,11000
2024-10-16,24.299999237060547,24.950000762939453,24.0,24.5,26000
2024-10-17,24.5,24.75,24.5,24.75,2000
2024-10-18,24.600000381469727,24.600000381469727,24.450000762939453,24.450000762939453,5000
2024-10-21,25.299999237060547,25.299999237060547,24.25,24.850000381469727,5000
2024-10-22,24.850000381469727,25.64999961853028,24.549999237060547,24.600000381469727,17000
2024-10-23,25.549999237060547,25.549999237060547,25.0,25.100000381469727,9000
2024-10-24,25.39999961853028,25.39999961853028,24.39999961853028,24.700000762939453,18000
2024-10-25,24.700000762939453,24.799999237060547,24.299999237060547,24.64999961853028,6000
2024-10-28,24.850000381469727,24.850000381469727,24.350000381469727,24.64999961853028,9000
2024-10-29,25.049999237060547,25.049999237060547,24.049999237060547,24.5,21000
2024-10-30,25.299999237060547,25.299999237060547,24.5,24.850000381469727,3010
2024-11-01,25.299999237060547,25.299999237060547,25.299999237060547,25.299999237060547,1000
2024-11-04,25.299999237060547,25.549999237060547,25.0,25.25,5000
2024-11-05,24.799999237060547,25.14999961853028,24.700000762939453,24.700000762939453,6000
2024-11-06,25.299999237060547,25.299999237060547,24.549999237060547,24.89999961853028,24000
2024-11-07,25.350000381469727,25.350000381469727,24.850000381469727,24.89999961853028,10000
2024-11-08,24.89999961853028,25.450000762939453,24.600000381469727,25.049999237060547,10000
2024-11-11,25.049999237060547,25.299999237060547,24.799999237060547,25.100000381469727,16000
2024-11-12,25.299999237060547,25.600000381469727,24.350000381469727,24.5,39000
2024-11-13,24.950000762939453,25.25,23.850000381469727,23.89999961853028,31252
2024-11-14,24.299999237060547,26.25,24.299999237060547,26.25,239039
2024-11-15,26.25,28.14999961853028,26.0,27.350000381469727,699050
2024-11-18,27.049999237060547,28.75,26.700000762939453,27.5,328050
2024-11-19,27.5,27.950000762939453,27.0,27.700000762939453,98000
2024-11-20,29.5,29.5,29.5,29.5,854300
2024-11-21,29.600000381469727,32.45000076293945,29.14999961853028,31.75,3434000
2024-11-22,31.700000762939453,31.700000762939453,29.14999961853028,30.200000762939453,1011560
2024-11-25,29.89999961853028,30.450000762939453,28.0,28.299999237060547,605157
2024-11-26,28.799999237060547,30.200000762939453,27.600000381469727,28.600000381469727,765205
2024-11-27,28.64999961853028,29.100000381469727,27.64999961853028,27.64999961853028,393000
2024-11-28,27.64999961853028,28.5,26.799999237060547,28.0,329004
2024-11-29,28.450000762939453,29.39999961853028,27.700000762939453,27.700000762939453,297000
2024-12-02,28.0,28.350000381469727,27.200000762939453,27.549999237060547,137000
2024-12-03,28.0,29.450000762939453,28.0,28.049999237060547,298000
2024-12-04,28.14999961853028,29.850000381469727,28.14999961853028,29.700000762939453,438006
2024-12-05,29.700000762939453,30.299999237060547,27.14999961853028,27.14999961853028,514005
2024-12-06,26.450000762939453,27.39999961853028,26.200000762939453,26.450000762939453,344000
2024-12-09,26.950000762939453,26.950000762939453,24.25,24.450000762939453,366033
2024-12-10,24.5,24.75,24.450000762939453,24.549999237060547,63000
2024-12-11,24.700000762939453,24.850000381469727,24.299999237060547,24.549999237060547,73000
2024-12-12,25.0,25.0,24.39999961853028,24.549999237060547,56000
2024-12-13,24.75,25.0,24.200000762939453,24.450000762939453,160000
2024-12-16,24.850000381469727,24.850000381469727,24.450000762939453,24.549999237060547,74000
2024-12-17,25.5,25.5,23.75,23.75,188000
2024-12-18,24.600000381469727,26.100000381469727,23.850000381469727,24.450000762939453,841005
2024-12-19,23.75,24.850000381469727,23.75,24.100000381469727,109000
2024-12-20,24.350000381469727,24.64999961853028,24.0,24.0,80000
2024-12-23,24.049999237060547,24.25,23.950000762939453,24.100000381469727,63000
2024-12-24,24.100000381469727,24.5,23.950000762939453,24.200000762939453,51000
2024-12-25,24.799999237060547,24.799999237060547,23.850000381469727,23.950000762939453,84000
2024-12-26,24.14999961853028,24.25,23.89999961853028,24.0,13000
2024-12-27,24.299999237060547,24.64999961853028,24.0,24.25,40000
2024-12-30,24.5,24.5,24.049999237060547,24.25,24000
2024-12-31,24.600000381469727,24.600000381469727,23.89999961853028,23.89999961853028,24000
2025-01-02,24.200000762939453,24.200000762939453,23.5,23.5,37000
2025-01-03,23.75,23.75,23.200000762939453,23.200000762939453,46060
2025-01-06,23.200000762939453,23.89999961853028,23.200000762939453,23.5,23000
2025-01-07,23.799999237060547,23.799999237060547,23.25,23.25,23000
2025-01-08,23.200000762939453,23.549999237060547,23.049999237060547,23.450000762939453,20076
2025-01-09,23.450000762939453,23.5,22.850000381469727,23.049999237060547,60015
2025-01-10,23.200000762939453,23.200000762939453,22.549999237060547,22.950000762939453,24010
2025-01-13,22.100000381469727,23.049999237060547,21.600000381469727,22.100000381469727,72000
2025-01-14,22.350000381469727,23.25,22.0,22.5,20000
2025-01-15,22.799999237060547,22.799999237060547,22.14999961853028,22.350000381469727,16000
2025-01-16,22.5,22.600000381469727,21.450000762939453,22.299999237060547,45000
2025-01-17,22.450000762939453,22.450000762939453,22.049999237060547,22.350000381469727,19000
2025-01-20,22.549999237060547,22.64999961853028,22.350000381469727,22.64999961853028,12000
2025-01-21,22.299999237060547,22.89999961853028,22.299999237060547,22.600000381469727,12000
2025-01-22,22.39999961853028,23.950000762939453,22.39999961853028,23.700000762939453,42000
2025-02-03,23.700000762939453,23.799999237060547,23.39999961853028,23.64999961853028,16000
2025-02-04,23.799999237060547,23.799999237060547,23.5,23.600000381469727,24000
2025-02-05,23.600000381469727,23.600000381469727,23.450000762939453,23.600000381469727,11000
2025-02-06,23.600000381469727,24.5,23.600000381469727,24.100000381469727,28000
2025-02-07,23.950000762939453,24.299999237060547,23.950000762939453,24.200000762939453,29000
2025-02-10,24.0,24.049999237060547,23.700000762939453,23.850000381469727,7000
2025-02-11,23.950000762939453,24.450000762939453,23.600000381469727,23.89999961853028,15000
2025-02-12,24.0,24.39999961853028,23.799999237060547,24.14999961853028,66000
2025-02-13,24.299999237060547,25.200000762939453,24.14999961853028,25.0,112000
2025-02-14,25.0,25.5,24.5,24.5,77000
2025-02-17,24.39999961853028,24.64999961853028,24.25,24.39999961853028,44032
2025-02-18,24.950000762939453,24.950000762939453,24.200000762939453,24.450000762939453,9000
2025-02-19,24.5,24.5,24.0,24.14999961853028,33010
2025-02-20,24.0,24.200000762939453,23.75,24.200000762939453,24000
2025-02-21,24.299999237060547,24.75,24.25,24.39999961853028,17000
2025-02-24,24.75,24.89999961853028,24.0,24.0,48000
2025-02-25,24.25,24.25,23.549999237060547,23.950000762939453,27000
2025-02-26,24.0,24.450000762939453,23.600000381469727,23.600000381469727,24000
2025-02-27,23.600000381469727,24.200000762939453,23.600000381469727,24.0,38000
2025-03-03,23.100000381469727,24.14999961853028,23.100000381469727,23.700000762939453,5000
2025-03-04,24.25,24.25,24.14999961853028,24.14999961853028,2000
2025-03-05,24.950000762939453,24.950000762939453,23.950000762939453,24.100000381469727,21000
2025-03-06,24.25,24.25,22.950000762939453,23.950000762939453,77000
2025-03-07,23.5,23.850000381469727,23.299999237060547,23.5,11000
2025-03-10,23.5,23.950000762939453,23.5,23.700000762939453,13000
2025-03-11,23.950000762939453,23.950000762939453,23.049999237060547,23.600000381469727,20000
2025-03-12,23.700000762939453,23.700000762939453,23.100000381469727,23.450000762939453,16000
2025-03-13,24.0,24.0,23.25,23.39999961853028,12000
2025-03-14,23.5,24.25,23.450000762939453,23.450000762939453,5000
2025-03-17,23.5,23.850000381469727,23.200000762939453,23.799999237060547,5000
2025-03-18,24.75,24.75,23.5,23.850000381469727,15000
2025-03-19,24.049999237060547,24.049999237060547,23.299999237060547,23.700000762939453,3000
2025-03-20,23.350000381469727,23.64999961853028,23.100000381469727,23.64999961853028,41000
2025-03-21,23.700000762939453,23.700000762939453,23.299999237060547,23.450000762939453,8000
2025-03-24,23.600000381469727,23.600000381469727,23.200000762939453,23.5,3000
2025-03-25,23.600000381469727,23.600000381469727,23.0,23.549999237060547,14000
2025-03-26,23.200000762939453,23.549999237060547,23.0,23.5,24000
2025-03-27,23.049999237060547,23.25,23.049999237060547,23.049999237060547,18000
2025-03-28,22.39999961853028,22.950000762939453,22.39999961853028,22.450000762939453,16000
2025-03-31,21.700000762939453,22.25,20.5,20.89999961853028,71000
2025-04-01,21.0,21.0,20.5,20.950000762939453,57000
2025-04-02,21.14999961853028,21.14999961853028,20.600000381469727,21.0,34000
2025-04-07,18.89999961853028,18.89999961853028,18.89999961853028,18.89999961853028,29000
2025-04-08,17.049999237060547,18.049999237060547,17.049999237060547,17.049999237060547,84000
2025-04-09,15.449999809265137,16.0,15.350000381469728,15.350000381469728,72000
2025-04-10,16.799999237060547,16.850000381469727,15.649999618530272,16.799999237060547,73000
2025-04-11,15.449999809265137,16.600000381469727,15.399999618530272,16.5,17000
2025-04-14,17.0,17.649999618530273,16.299999237060547,16.299999237060547,12000
2025-04-15,16.75,17.450000762939453,16.25,16.950000762939453,42000
2025-04-16,17.5,17.5,16.75,16.850000381469727,8000
2025-04-17,17.200000762939453,17.5,16.950000762939453,16.950000762939453,4000
2025-04-18,17.5,17.5,16.600000381469727,17.5,10000
2025-04-21,17.25,17.399999618530273,17.25,17.350000381469727,3000
2025-04-22,17.0,17.200000762939453,17.0,17.200000762939453,2000
2025-04-23,17.450000762939453,17.450000762939453,16.899999618530273,16.899999618530273,7000
2025-04-24,17.350000381469727,17.350000381469727,16.899999618530273,17.100000381469727,7000
2025-04-25,17.700000762939453,18.200000762939453,17.350000381469727,17.399999618530273,27000
2025-04-28,18.0,19.100000381469727,17.5,19.100000381469727,86069
2025-04-29,20.950000762939453,21.0,20.0,20.850000381469727,250000
2025-04-30,20.25,21.39999961853028,19.14999961853028,21.200000762939453,125100
2025-05-02,21.600000381469727,23.299999237060547,20.799999237060547,23.200000762939453,233000
2025-05-05,23.75,24.700000762939453,23.14999961853028,23.350000381469727,295000
2025-05-06,23.350000381469727,23.950000762939453,23.25,23.450000762939453,73000
2025-05-07,24.0,24.0,22.64999961853028,22.799999237060547,35000
2025-05-08,22.350000381469727,23.14999961853028,22.350000381469727,22.850000381469727,24000
2025-05-09,23.5,23.950000762939453,23.0,23.950000762939453,55000
2025-05-12,24.700000762939453,24.700000762939453,23.39999961853028,23.64999961853028,29000
2025-05-13,23.950000762939453,23.950000762939453,22.450000762939453,22.5,59000
2025-05-14,22.5,22.850000381469727,21.450000762939453,21.700000762939453,92050
2025-05-15,21.950000762939453,22.299999237060547,21.64999961853028,22.14999961853028,45000
2025-05-16,22.549999237060547,22.600000381469727,21.0,21.950000762939453,84000
2025-05-19,21.950000762939453,22.200000762939453,21.350000381469727,21.549999237060547,18000
2025-05-20,22.14999961853028,22.14999961853028,21.0,21.25,16000
2025-05-21,21.049999237060547,21.049999237060547,19.89999961853028,20.950000762939453,108000
2025-05-22,21.200000762939453,21.200000762939453,20.799999237060547,20.799999237060547,13000
2025-05-23,21.25,21.450000762939453,20.450000762939453,20.600000381469727,48000
2025-05-26,20.39999961853028,20.39999961853028,19.75,20.0,27020
2025-05-27,20.0,20.299999237060547,19.700000762939453,19.75,18000
2025-05-28,20.100000381469727,21.25,19.5,19.600000381469727,213000
2025-05-29,20.5,21.549999237060547,20.5,21.549999237060547,199000
2025-06-02,22.600000381469727,23.700000762939453,22.549999237060547,23.700000762939453,285000
2025-06-03,25.25,26.049999237060547,24.100000381469727,24.100000381469727,2049015
2025-06-04,24.600000381469727,24.799999237060547,23.0,23.89999961853028,566000
2025-06-05,24.200000762939453,26.25,24.0,26.25,652000
2025-06-06,27.600000381469727,28.850000381469727,26.549999237060547,26.600000381469727,2970000
2025-06-09,26.450000762939453,26.5,25.450000762939453,26.39999961853028,532000
2025-06-10,26.0,26.89999961853028,24.89999961853028,26.350000381469727,795000
2025-06-11,26.350000381469727,26.39999961853028,25.299999237060547,25.5,249000
2025-06-12,25.299999237060547,28.049999237060547,25.299999237060547,28.049999237060547,1604001
2025-06-13,28.89999961853028,29.89999961853028,27.200000762939453,27.5,2371000
2025-06-16,27.049999237060547,27.64999961853028,26.5,27.350000381469727,427051
2025-06-17,27.600000381469727,28.25,26.64999961853028,26.850000381469727,358000
2025-06-18,26.850000381469727,27.700000762939453,26.450000762939453,26.5,571030
2025-06-19,26.5,26.5,25.299999237060547,25.450000762939453,194047
2025-06-20,25.39999961853028,27.450000762939453,24.549999237060547,27.0,463020
2025-06-23,26.39999961853028,26.64999961853028,25.39999961853028,26.25,180000
2025-06-24,26.700000762939453,27.39999961853028,26.25,27.049999237060547,214000
2025-06-25,27.200000762939453,27.850000381469727,26.25,26.75,223010
2025-06-26,26.950000762939453,26.950000762939453,26.5,26.75,94000
2025-06-27,27.100000381469727,27.850000381469727,26.5,26.89999961853028,390000
2025-06-30,27.100000381469727,27.200000762939453,25.600000381469727,26.25,219000
2025-07-01,26.25,27.0,25.5,26.350000381469727,234010
2025-07-02,26.799999237060547,26.799999237060547,26.100000381469727,26.5,95000
2025-07-03,26.39999961853028,26.950000762939453,25.700000762939453,26.5,184000
2025-07-04,26.5,26.75,25.450000762939453,25.850000381469727,116103
2025-07-07,25.549999237060547,25.75,25.049999237060547,25.64999961853028,64000
2025-07-08,25.600000381469727,26.450000762939453,25.100000381469727,25.350000381469727,190000
2025-07-09,25.200000762939453,25.549999237060547,24.75,25.049999237060547,74000
2025-07-10,24.549999237060547,25.350000381469727,24.299999237060547,25.100000381469727,90098
2025-07-11,25.549999237060547,26.950000762939453,25.5,26.100000381469727,216010
2025-07-14,26.200000762939453,26.450000762939453,25.549999237060547,26.450000762939453,65000
2025-07-15,27.14999961853028,28.799999237060547,26.5,27.299999237060547,797050
2025-07-16,27.100000381469727,29.64999961853028,27.049999237060547,27.850000381469727,902213
2025-07-17,28.950000762939453,28.950000762939453,27.5,28.25,183001
2025-07-18,28.450000762939453,29.200000762939453,27.549999237060547,28.5,436000
2025-07-21,28.5,28.64999961853028,26.850000381469727,26.850000381469727,323000
2025-07-22,26.850000381469727,28.950000762939453,26.450000762939453,26.5,435000
2025-07-23,26.89999961853028,27.850000381469727,26.75,27.14999961853028,158000
2025-07-24,27.350000381469727,27.799999237060547,25.600000381469727,26.100000381469727,351000
2025-07-25,25.950000762939453,26.700000762939453,25.700000762939453,26.600000381469727,136351
2025-07-28,27.0,27.0,26.299999237060547,26.64999961853028,49000
2025-07-29,26.700000762939453,27.200000762939453,26.299999237060547,27.0,190000
2025-07-30,26.799999237060547,29.700000762939453,26.799999237060547,27.100000381469727,665001
2025-07-31,27.100000381469727,27.5,26.5,26.850000381469727,235010
2025-08-04,28.950000762939453,28.950000762939453,27.350000381469727,27.799999237060547,251109
2025-08-05,27.950000762939453,28.39999961853028,27.64999961853028,27.700000762939453,149000
2025-08-06,27.64999961853028,27.89999961853028,24.950000762939453,27.450000762939453,929100
2025-08-07,27.799999237060547,28.299999237060547,26.450000762939453,26.75,252000
2025-08-08,26.600000381469727,27.5,26.549999237060547,27.299999237060547,112000
2025-08-11,26.89999961853028,29.5,26.89999961853028,28.950000762939453,438000
2025-08-12,29.200000762939453,30.799999237060547,28.75,29.049999237060547,602000
2025-08-13,29.100000381469727,30.25,28.350000381469727,30.25,408150
2025-08-14,30.799999237060547,31.200000762939453,29.5,29.5,431000
2025-08-15,29.299999237060547,29.950000762939453,28.39999961853028,28.39999961853028,245000
2025-08-18,28.14999961853028,28.450000762939453,26.600000381469727,27.64999961853028,631005
2025-08-19,27.75,28.5,25.600000381469727,28.5,673150
2025-08-20,27.700000762939453,27.700000762939453,26.850000381469727,27.700000762939453,160000
2025-08-21,27.600000381469727,28.75,27.450000762939453,28.450000762939453,257000
2025-08-22,28.799999237060547,28.799999237060547,27.25,27.299999237060547,140003
2025-08-25,27.350000381469727,27.700000762939453,26.950000762939453,26.950000762939453,75070
2025-08-26,26.89999961853028,26.89999961853028,25.39999961853028,25.549999237060547,484009
2025-08-27,25.600000381469727,26.0,25.100000381469727,25.200000762939453,133040
2025-08-28,25.299999237060547,25.299999237060547,24.100000381469727,24.200000762939453,534045
2025-08-29,24.549999237060547,24.950000762939453,23.549999237060547,23.549999237060547,292050
2025-09-01,23.549999237060547,23.700000762939453,22.549999237060547,22.799999237060547,224000
2025-09-02,22.5,22.799999237060547,21.799999237060547,21.799999237060547,158045
2025-09-03,21.89999961853028,22.39999961853028,21.700000762939453,21.89999961853028,84000
2025-09-04,22.14999961853028,23.200000762939453,21.75,21.950000762939453,254000
2025-09-05,22.450000762939453,22.64999961853028,21.549999237060547,21.549999237060547,169000
2025-09-08,21.25,21.450000762939453,20.299999237060547,21.25,188000
2025-09-09,21.549999237060547,21.549999237060547,20.89999961853028,21.200000762939453,56000
2025-09-10,21.200000762939453,21.75,21.200000762939453,21.549999237060547,54000
2025-09-11,22.39999961853028,23.700000762939453,22.200000762939453,23.700000762939453,576000
2025-09-12,22.799999237060547,22.850000381469727,21.39999961853028,21.39999961853028,829010
2025-09-15,21.299999237060547,21.299999237060547,20.350000381469727,20.350000381469727,179000
2025-09-16,20.350000381469727,20.799999237060547,20.350000381469727,20.5,66000
2025-09-17,20.450000762939453,20.549999237060547,20.350000381469727,20.5,35000
2025-09-18,20.950000762939453,20.950000762939453,20.5,20.5,34000
2025-09-19,20.39999961853028,20.950000762939453,20.299999237060547,20.600000381469727,75000
2025-09-22,20.600000381469727,21.0,20.549999237060547,20.89999961853028,29000
2025-09-23,21.0,21.14999961853028,20.700000762939453,21.100000381469727,71000
2025-09-24,21.450000762939453,22.700000762939453,21.200000762939453,21.5,391000
2025-09-25,21.850000381469727,22.200000762939453,21.5,21.549999237060547,103000
2025-09-26,22.049999237060547,22.700000762939453,20.75,21.25,180000
2025-09-30,21.89999961853028,21.89999961853028,21.100000381469727,21.850000381469727,56000
2025-10-01,22.299999237060547,22.299999237060547,21.39999961853028,21.39999961853028,17000
2025-10-02,22.100000381469727,22.100000381469727,21.14999961853028,21.25,27001
2025-10-03,21.549999237060547,21.549999237060547,20.950000762939453,21.100000381469727,38000
2025-10-07,21.14999961853028,21.14999961853028,20.75,20.950000762939453,30000
2025-10-08,21.0,21.700000762939453,20.799999237060547,21.0,34000
2025-10-09,21.299999237060547,21.299999237060547,20.850000381469727,21.14999961853028,26000
2025-10-13,21.0,21.799999237060547,20.600000381469727,21.299999237060547,41000
2025-10-14,21.549999237060547,21.549999237060547,20.700000762939453,20.700000762939453,16000
2025-10-15,20.5,21.0,20.5,20.89999961853028,14000
2025-10-16,21.14999961853028,21.14999961853028,20.64999961853028,21.0,13000
2025-10-17,20.700000762939453,21.14999961853028,20.700000762939453,20.799999237060547,11000
2025-10-20,21.14999961853028,21.14999961853028,20.049999237060547,20.200000762939453,106000
2025-10-21,20.200000762939453,20.799999237060547,20.049999237060547,20.549999237060547,59000
2025-10-22,20.89999961853028,22.0,20.64999961853028,20.799999237060547,128000
2025-10-23,21.350000381469727,22.850000381469727,20.350000381469727,20.39999961853028,513000
2025-10-27,20.350000381469727,20.75,20.350000381469727,20.450000762939453,42000
2025-10-28,20.700000762939453,20.700000762939453,20.25,20.350000381469727,24000
2025-10-29,20.799999237060547,20.799999237060547,20.0,20.200000762939453,34000
2025-10-30,20.64999961853028,21.600000381469727,20.5,21.25,115000
2025-10-31,21.25,21.75,20.75,20.75,65010
2025-11-03,21.75,22.799999237060547,21.600000381469727,22.799999237060547,1757023
2025-11-04,21.950000762939453,22.049999237060547,20.950000762939453,20.950000762939453,672000
2025-11-05,20.75,21.39999961853028,20.25,21.100000381469727,120000
2025-11-06,20.89999961853028,21.799999237060547,20.549999237060547,20.700000762939453,126502
2025-11-07,21.0,21.100000381469727,20.5,20.700000762939453,62000
2025-11-10,20.89999961853028,21.200000762939453,20.450000762939453,20.549999237060547,105100
2025-11-11,20.600000381469727,20.950000762939453,20.5,20.950000762939453,55300
2025-11-12,21.200000762939453,21.25,20.700000762939453,21.25,94000
2025-11-13,21.549999237060547,21.549999237060547,21.049999237060547,21.200000762939453,38000
2025-11-14,21.0,21.14999961853028,20.89999961853028,21.100000381469727,29000
2025-11-17,21.299999237060547,21.299999237060547,20.75,21.0,35000
2025-11-18,20.64999961853028,21.549999237060547,20.64999961853028,20.850000381469727,40000
2025-11-19,20.64999961853028,20.950000762939453,20.600000381469727,20.600000381469727,14000
2025-11-20,20.64999961853028,20.89999961853028,20.5,20.64999961853028,57000
2025-11-21,20.549999237060547,21.049999237060547,20.14999961853028,20.299999237060547,48000
2025-11-24,20.299999237060547,21.0,20.0,20.25,74050
2025-11-25,20.39999961853028,20.799999237060547,20.14999961853028,20.25,50000
2025-11-26,20.299999237060547,21.14999961853028,20.049999237060547,20.549999237060547,48016
2025-11-27,20.5,21.25,20.299999237060547,20.299999237060547,47000
2025-11-28,20.350000381469727,20.75,20.350000381469727,20.450000762939453,15000
2025-12-01,20.350000381469727,20.75,20.25,20.450000762939453,34000
2025-12-02,20.299999237060547,20.89999961853028,20.299999237060547,20.600000381469727,16000
2025-12-03,20.549999237060547,21.100000381469727,20.39999961853028,20.549999237060547,36200
2025-12-04,20.549999237060547,20.950000762939453,20.450000762939453,20.5,24000
2025-12-05,20.5,20.600000381469727,20.39999961853028,20.549999237060547,24000
2025-12-08,20.5,20.5,20.350000381469727,20.350000381469727,24000
2025-12-09,20.64999961853028,20.64999961853028,20.25,20.450000762939453,22000
2025-12-10,20.549999237060547,20.549999237060547,20.39999961853028,20.549999237060547,23000
2025-12-11,20.450000762939453,20.549999237060547,20.200000762939453,20.200000762939453,37000
2025-12-12,20.450000762939453,20.450000762939453,20.100000381469727,20.14999961853028,16005
2025-12-15,20.25,20.25,19.89999961853028,20.049999237060547,80000
2025-12-16,20.200000762939453,20.200000762939453,19.700000762939453,19.850000381469727,56000
2025-12-17,19.75,20.0,19.75,19.799999237060547,22000
2025-12-18,19.950000762939453,19.950000762939453,19.799999237060547,19.799999237060547,3000
2025-12-19,19.75,20.0,19.700000762939453,19.700000762939453,28000
2025-12-22,19.75,19.850000381469727,19.600000381469727,19.850000381469727,19000
2025-12-23,19.89999961853028,20.299999237060547,19.89999961853028,20.0,33000
2025-12-24,20.0,20.799999237060547,20.0,20.700000762939453,93007
2025-12-26,21.200000762939453,21.200000762939453,20.350000381469727,20.350000381469727,67000
2025-12-29,20.549999237060547,21.14999961853028,20.25,20.25,44000
2025-12-30,20.100000381469727,20.89999961853028,20.049999237060547,20.5,47005
2025-12-31,20.100000381469727,20.89999961853028,20.100000381469727,20.64999961853028,40000
2026-01-02,20.600000381469727,21.049999237060547,20.39999961853028,20.700000762939453,23000
2026-01-05,20.700000762939453,20.700000762939453,20.299999237060547,20.299999237060547,30000
2026-01-06,20.64999961853028,20.64999961853028,19.64999961853028,20.0,62000
2026-01-07,20.350000381469727,20.5,19.600000381469727,19.600000381469727,65000
2026-01-08,19.799999237060547,20.049999237060547,19.75,19.950000762939453,40000
2026-01-09,19.700000762939453,20.0,19.64999961853028,19.950000762939453,27000
2026-01-12,19.75,20.299999237060547,19.75,20.0,29000
2026-01-13,20.0,20.200000762939453,19.950000762939453,20.14999961853028,32000
2026-01-14,20.700000762939453,22.14999961853028,20.700000762939453,22.14999961853028,733000
2026-01-15,21.600000381469727,21.75,20.700000762939453,21.299999237060547,397005
2026-01-16,21.0,21.39999961853028,20.75,20.75,100000
2026-01-19,20.700000762939453,21.950000762939453,20.5,21.950000762939453,184000
2026-01-20,21.799999237060547,21.850000381469727,21.100000381469727,21.100000381469727,116000
2026-01-21,21.200000762939453,21.549999237060547,20.850000381469727,21.100000381469727,72000
2026-01-22,21.25,21.299999237060547,20.850000381469727,21.14999961853028,76000
2026-01-23,21.299999237060547,21.39999961853028,20.700000762939453,21.049999237060547,80000
2026-01-26,21.299999237060547,21.299999237060547,20.75,20.950000762939453,24000
2026-01-27,21.200000762939453,21.200000762939453,20.700000762939453,20.700000762939453,29000
2026-01-28,20.700000762939453,20.700000762939453,20.100000381469727,20.25,102000
2026-01-29,20.25,20.39999961853028,20.0,20.100000381469727,55000
2026-01-30,20.299999237060547,20.299999237060547,19.850000381469727,20.100000381469727,37000
2026-02-02,20.25,20.25,19.950000762939453,19.950000762939453,8000
2026-02-03,20.39999961853028,20.39999961853028,19.950000762939453,20.049999237060547,26000
2026-02-04,19.950000762939453,20.350000381469727,19.950000762939453,20.299999237060547,23000
2026-02-05,20.100000381469727,20.200000762939453,20.0,20.0,26000
2026-02-06,19.850000381469727,20.049999237060547,19.75,19.799999237060547,54000
2026-02-09,20.14999961853028,20.39999961853028,19.89999961853028,19.89999961853028,6000
2026-02-10,19.850000381469727,20.049999237060547,19.600000381469727,19.950000762939453,23000
2026-02-11,20.100000381469727,20.100000381469727,19.700000762939453,20.0,28030
2026-02-23,19.850000381469727,20.14999961853028,19.75,20.100000381469727,38000
2026-02-24,20.100000381469727,20.200000762939453,19.89999961853028,19.950000762939453,40200
2026-02-25,20.0,20.0,19.799999237060547,20.0,27000
2026-02-26,20.100000381469727,20.100000381469727,20.0,20.049999237060547,33000
2026-03-02,20.200000762939453,20.200000762939453,19.600000381469727,20.0,23000
2026-03-03,19.799999237060547,20.100000381469727,19.600000381469727,19.700000762939453,24000
2026-03-04,19.799999237060547,19.799999237060547,17.75,18.700000762939453,58000
2026-03-05,18.200000762939453,19.5,18.200000762939453,19.200000762939453,48000
2026-03-06,19.14999961853028,19.450000762939453,19.0,19.299999237060547,9000
2026-03-09,19.350000381469727,19.350000381469727,18.299999237060547,18.75,21001
2026-03-10,18.89999961853028,18.89999961853028,18.350000381469727,18.799999237060547,30000
2026-03-11,18.799999237060547,18.850000381469727,18.600000381469727,18.600000381469727,7000
2026-03-12,18.5,18.89999961853028,18.39999961853028,18.39999961853028,15000
2026-03-13,18.25,18.5,18.049999237060547,18.14999961853028,15000
2026-03-16,18.450000762939453,18.5,18.100000381469727,18.25,28000
2026-03-17,18.600000381469727,19.200000762939453,18.25,19.0,52000
2026-03-18,19.25,19.5,19.200000762939453,19.39999961853028,34000
2026-03-19,19.39999961853028,19.450000762939453,18.89999961853028,19.049999237060547,21000
2026-03-20,19.200000762939453,19.200000762939453,18.850000381469727,19.14999961853028,9000
2026-03-23,18.549999237060547,18.549999237060547,18.049999237060547,18.200000762939453,31000
2026-03-24,18.39999961853028,18.39999961853028,18.049999237060547,18.049999237060547,22000
2026-03-25,18.350000381469727,18.850000381469727,18.100000381469727,18.100000381469727,20000
2026-03-26,18.100000381469727,18.350000381469727,17.950000762939453,18.100000381469727,24000
2026-03-27,18.600000381469727,18.600000381469727,18.350000381469727,18.350000381469727,6000
2026-03-30,18.0,18.350000381469727,18.0,18.049999237060547,11000
2026-03-31,18.299999237060547,18.5,18.0,18.0,8000
2026-04-01,18.100000381469727,18.450000762939453,17.799999237060547,17.799999237060547,17000
2026-04-02,18.049999237060547,18.350000381469727,17.899999618530273,18.049999237060547,12000
2026-04-07,18.25,18.25,17.850000381469727,17.850000381469727,7000
2026-04-08,17.75,18.549999237060547,17.75,18.350000381469727,42000
2026-04-09,18.549999237060547,19.14999961853028,18.450000762939453,18.450000762939453,39000
2026-04-10,18.299999237060547,18.850000381469727,18.299999237060547,18.700000762939453,11000
2026-04-13,18.89999961853028,19.100000381469727,18.549999237060547,19.0,25000
2026-04-14,19.100000381469727,19.100000381469727,18.700000762939453,19.049999237060547,26000
2026-04-15,19.200000762939453,19.5,19.200000762939453,19.200000762939453,32000
2026-04-16,19.450000762939453,19.450000762939453,19.0,19.0,48000
2026-04-17,19.049999237060547,19.200000762939453,19.0,19.0,25000
2026-04-20,19.25,19.25,18.850000381469727,18.850000381469727,21000
2026-04-21,20.700000762939453,20.700000762939453,19.39999961853028,19.89999961853028,136000
2026-04-22,19.64999961853028,20.0,19.0,19.049999237060547,175000
2026-04-23,19.299999237060547,19.299999237060547,18.299999237060547,18.450000762939453,81000
2026-04-24,18.350000381469727,18.600000381469727,18.100000381469727,18.39999961853028,21000
2026-04-27,18.14999961853028,18.39999961853028,18.049999237060547,18.39999961853028,21000
2026-04-28,18.5,19.14999961853028,18.5,19.100000381469727,49000
2026-04-29,19.049999237060547,19.049999237060547,18.64999961853028,18.89999961853028,10220
2026-04-30,19.100000381469727,19.100000381469727,18.64999961853028,18.64999961853028,13000
2026-05-04,18.850000381469727,18.850000381469727,18.450000762939453,18.600000381469727,18000
2026-05-05,18.450000762939453,18.600000381469727,18.450000762939453,18.5,19000
2026-05-06,18.549999237060547,18.600000381469727,18.299999237060547,18.299999237060547,20000
2026-05-07,18.549999237060547,18.64999961853028,18.450000762939453,18.549999237060547,23000
2026-05-08,18.5,18.5,18.200000762939453,18.39999961853028,19000
2026-05-11,18.25,18.299999237060547,18.049999237060547,18.100000381469727,17000
2026-05-12,18.350000381469727,18.450000762939453,17.899999618530273,17.899999618530273,33000
2026-05-13,17.850000381469727,17.850000381469727,17.200000762939453,17.399999618530273,70000
2026-05-14,17.5,17.5,17.200000762939453,17.200000762939453,22000
2026-05-15,17.200000762939453,18.0,17.200000762939453,17.700000762939453,42000
2026-05-18,17.299999237060547,17.5,16.850000381469727,16.950000762939453,79000
2026-05-19,17.0,17.25,16.850000381469727,16.850000381469727,34000
2026-05-20,17.200000762939453,17.200000762939453,16.850000381469727,16.899999618530273,18000
2026-05-21,16.899999618530273,17.049999237060547,16.850000381469727,16.850000381469727,76000
2026-05-22,17.149999618530273,17.950000762939453,16.950000762939453,17.600000381469727,71000
2026-05-25,17.600000381469727,18.25,17.600000381469727,18.049999237060547,80010
2026-05-26,18.100000381469727,18.450000762939453,17.899999618530273,18.450000762939453,47000
2026-05-27,18.450000762939453,18.450000762939453,17.950000762939453,17.950000762939453,25000
2026-05-28,17.850000381469727,18.200000762939453,17.850000381469727,18.049999237060547,24000
2026-05-29,18.299999237060547,18.299999237060547,17.899999618530273,18.200000762939453,28000
2026-06-01,18.299999237060547,18.5,17.649999618530273,18.14999961853028,87000
2026-06-02,18.25,18.350000381469727,17.799999237060547,18.049999237060547,57000
2026-06-03,18.14999961853028,18.850000381469727,17.850000381469727,18.450000762939453,98000
2026-06-04,18.64999961853028,18.64999961853028,17.950000762939453,18.450000762939453,36000
2026-06-05,18.549999237060547,18.600000381469727,18.049999237060547,18.39999961853028,29000
2026-06-08,16.649999618530273,18.0,16.649999618530273,17.200000762939453,44000
2026-06-09,17.299999237060547,17.700000762939453,17.0,17.549999237060547,25000
2026-06-10,17.600000381469727,17.600000381469727,17.25,17.450000762939453,20000
2026-06-11,16.950000762939453,17.549999237060547,16.950000762939453,17.149999618530273,15010
2026-06-12,17.149999618530273,17.5,17.149999618530273,17.200000762939453,10000
2026-06-15,17.450000762939453,17.450000762939453,17.200000762939453,17.350000381469727,16000
2026-06-16,17.5,17.5,17.299999237060547,17.299999237060547,23500
2026-06-17,17.450000762939453,18.14999961853028,17.25,18.0,50000
2026-06-18,18.100000381469727,18.100000381469727,17.399999618530273,17.450000762939453,28000
2026-06-22,17.600000381469727,17.600000381469727,17.0,17.399999618530273,39000
2026-06-23,17.450000762939453,17.649999618530273,17.399999618530273,17.649999618530273,19000
2026-06-24,17.649999618530273,17.649999618530273,17.049999237060547,17.149999618530273,15000
2026-06-25,17.350000381469727,17.350000381469727,17.0,17.25,10000
2026-06-26,17.25,17.350000381469727,16.850000381469727,17.149999618530273,27000
2026-06-29,17.200000762939453,17.200000762939453,17.0,17.100000381469727,10009
2026-06-30,16.899999618530273,17.299999237060547,16.899999618530273,17.299999237060547,40000
2026-07-01,17.0,17.149999618530273,16.850000381469727,17.149999618530273,70000
2026-07-02,16.850000381469727,17.0,16.799999237060547,16.850000381469727,36100
2026-07-03,16.850000381469727,17.25,16.850000381469727,17.0,19000
2026-07-06,17.049999237060547,17.149999618530273,16.899999618530273,17.100000381469727,15000
2026-07-07,16.899999618530273,17.100000381469727,16.700000762939453,16.899999618530273,24000
2026-07-08,17.0,17.299999237060547,16.600000381469727,16.850000381469727,40047
2026-07-09,16.850000381469727,16.950000762939453,16.600000381469727,16.799999237060547,13000
2026-07-10,16.799999237060547,16.799999237060547,16.799999237060547,16.799999237060547,0
2026-07-13,16.600000381469727,16.700000762939453,16.100000381469727,16.399999618530273,53000
2026-07-14,16.399999618530273,16.450000762939453,15.899999618530272,16.350000381469727,45000
2026-07-15,16.399999618530273,16.399999618530273,15.800000190734863,16.049999237060547,73524
2026-07-16,16.049999237060547,16.950000762939453,16.049999237060547,16.899999618530273,76000
2026-07-17,16.649999618530273,16.799999237060547,15.850000381469728,15.949999809265137,54000
2026-07-20,16.200000762939453,16.25,15.899999618530272,16.100000381469727,21000
2026-07-21,16.299999237060547,16.299999237060547,16.200000762939453,16.299999237060547,14000
2026-07-22,16.399999618530273,16.600000381469727,16.0,16.200000762939453,30000
2026-07-23,16.25,16.350000381469727,16.049999237060547,16.049999237060547,17000
2026-07-24,15.949999809265137,16.149999618530273,15.550000190734863,16.0,35000
2026-07-27,16.049999237060547,16.049999237060547,15.600000381469728,15.949999809265137,13000
2026-07-28,15.5,15.75,15.5,15.649999618530272,8000
2026-07-29,15.850000381469728,15.850000381469728,14.5,15.850000381469728,61000
2026-07-30,15.449999809265137,15.949999809265137,15.25,15.300000190734863,17000
2026-07-31,15.800000190734863,15.800000190734863,15.199999809265137,15.350000381469728,32000
2026-08-03,15.350000381469728,15.600000381469728,15.199999809265137,15.399999618530272,5000
2026-08-04,15.149999618530272,15.449999809265137,15.050000190734863,15.449999809265137,12000
2026-08-05,15.449999809265137,15.699999809265137,15.300000190734863,15.399999618530272,24016
2026-08-06,15.550000190734863,15.550000190734863,15.149999618530272,15.5,10000
2026-08-07,15.199999809265137,15.25,15.0,15.25,14000
2026-08-10,15.5,15.5,14.850000381469728,15.149999618530272,37000
2026-08-11,15.199999809265137,15.25,15.0,15.25,7000
2026-08-12,15.449999809265137,15.449999809265137,15.300000190734863,15.300000190734863,8000
2026-08-13,15.300000190734863,15.300000190734863,15.050000190734863,15.050000190734863,7000
2026-08-14,15.199999809265137,15.199999809265137,14.850000381469728,14.850000381469728,16000
2026-08-17,14.850000381469728,15.100000381469728,14.600000381469728,14.649999618530272,27000
2026-08-18,15.0,15.0,14.550000190734863,14.75,24000
2026-08-19,14.850000381469728,14.850000381469728,14.300000190734863,14.649999618530272,25000
2026-08-20,15.0,16.100000381469727,15.0,16.100000381469727,156000
2026-08-21,16.100000381469727,17.450000762939453,16.0,16.299999237060547,230080
2026-08-24,16.5,17.700000762939453,16.5,16.799999237060547,159060
2026-08-25,16.799999237060547,17.200000762939453,16.100000381469727,16.299999237060547,89000
2026-08-26,16.75,17.049999237060547,16.200000762939453,16.200000762939453,112000
2026-08-27,16.450000762939453,16.450000762939453,15.899999618530272,16.0,37000
2026-08-28,16.149999618530273,16.149999618530273,15.949999809265137,16.0,17000
2026-08-31,16.049999237060547,16.049999237060547,15.649999618530272,15.800000190734863,29000
2026-09-01,15.800000190734863,15.800000190734863,15.800000190734863,15.800000190734863,3000
2026-09-02,15.949999809265137,16.0,15.699999809265137,15.899999618530272,10000
2026-09-03,15.899999618530272,15.899999618530272,15.649999618530272,15.800000190734863,3000
2026-09-04,15.899999618530272,16.100000381469727,15.5,15.649999618530272,34000
2026-09-07,16.100000381469727,17.200000762939453,16.100000381469727,16.5,292000
2026-09-08,16.5,16.649999618530273,16.149999618530273,16.149999618530273,22000
2026-09-09,16.149999618530273,16.450000762939453,16.100000381469727,16.100000381469727,16000
2026-09-10,16.100000381469727,16.149999618530273,16.0,16.0,14000
2026-09-11,15.899999618530272,16.049999237060547,15.800000190734863,15.800000190734863,13000
2026-09-14,16.0,16.0,15.800000190734863,15.899999618530272,5000
2026-09-15,15.75,15.899999618530272,15.600000381469728,15.600000381469728,4000
2026-09-16,15.75,16.100000381469727,15.75,15.949999809265137,3000
2026-09-17,15.75,15.800000190734863,15.649999618530272,15.649999618530272,14103
2026-09-18,15.699999809265137,15.800000190734863,15.449999809265137,15.800000190734863,16000
2026-09-21,17.350000381469727,17.350000381469727,17.350000381469727,17.350000381469727,75019
2026-09-22,18.450000762939453,18.5,18.14999961853028,18.200000762939453,3421020
2026-09-23,18.200000762939453,18.39999961853028,18.200000762939453,18.39999961853028,677000
2026-09-24,18.350000381469727,18.39999961853028,18.299999237060547,18.350000381469727,199400
2026-09-29,18.350000381469727,18.350000381469727,18.25,18.25,326000
2026-09-30,18.299999237060547,18.399999618530277,18.25,18.25,145000
2026-10-01,18.350000381469727,18.350000381469727,18.299999237060547,18.350000381469727,183000
2026-10-02,18.299999237060547,18.350000381469727,18.25,18.350000381469727,85000
2026-10-05,18.350000381469727,18.350000381469727,18.25,18.299999237060547,93000
2026-10-06,18.299999237060547,18.299999237060547,18.25,18.25,88000
