date,open,high,low,close,volume
2020-01-07,78.0952377319336,95.23809814453124,77.14286041259766,87.38095092773438,505838
2020-01-08,86.57142639160156,87.61904907226562,82.85713958740234,83.98094940185547,213096
2020-01-09,81.9047622680664,81.9047622680664,78.57142639160156,80.0,242831
2020-01-10,80.94285583496094,82.85713958740234,80.94285583496094,81.9047622680664,106050
2020-01-13,81.42857360839844,83.33333587646484,80.95237731933594,82.20952606201172,94542
2020-01-14,81.42857360839844,82.84761810302734,81.0952377319336,82.81904602050781,36015
2020-01-15,81.9047622680664,84.47618865966797,81.67619323730469,82.85713958740234,55129
2020-01-16,84.14286041259766,84.14286041259766,82.19047546386719,82.85713958740234,54919
2020-01-17,83.76190185546875,83.76190185546875,82.1047592163086,82.80952453613281,53387
2020-01-20,82.84761810302734,82.84761810302734,81.5999984741211,82.38095092773438,17477
2020-01-30,83.80952453613281,81.66666412353516,78.80952453613281,78.80952453613281,54127
2020-01-31,80.95237731933594,80.95237731933594,79.04762268066406,79.81904602050781,103005
2020-02-03,79.81904602050781,84.76190185546875,79.81904602050781,83.80952453613281,74733
2020-02-04,81.47618865966797,84.76190185546875,81.47618865966797,81.4857177734375,9628
2020-02-05,82.38095092773438,82.80952453613281,80.47618865966797,80.95237731933594,105443
2020-02-06,82.38095092773438,82.80952453613281,80.47618865966797,80.95237731933594,105443
2020-02-07,80.95237731933594,81.61904907226562,80.04762268066406,80.95237731933594,64102
2020-02-10,80.0952377319336,81.04762268066406,79.71428680419922,79.75238037109375,56125
2020-02-11,80.94285583496094,81.33333587646484,80.0,80.15238189697266,55944
2020-02-12,81.26666259765625,81.42857360839844,79.72380828857422,79.74285888671875,10605
2020-02-13,80.85713958740234,80.85713958740234,80.0,80.47618865966797,54652
2020-02-14,80.85713958740234,80.85713958740234,80.0,80.85713958740234,54673
2020-02-17,80.85713958740234,81.33333587646484,79.85713958740234,80.0,32602
2020-02-18,80.26666259765625,80.5904769897461,79.76190185546875,80.46666717529297,39900
2020-02-19,80.94285583496094,80.94285583496094,79.62857055664062,80.47618865966797,17851
2020-02-20,80.0,81.33333587646484,79.71428680419922,80.95237731933594,26533
2020-02-21,80.57142639160156,80.61904907226562,79.71428680419922,80.61904907226562,19057
2020-02-24,79.57142639160156,80.0,79.04762268066406,80.0,40005
2020-02-25,80.0,80.33333587646484,79.04762268066406,79.04762268066406,16905
2020-02-26,79.95237731933594,80.47618865966797,78.0952377319336,80.0,27615
2020-02-27,80.28571319580078,80.28571319580078,77.61904907226562,77.61904907226562,1156
2020-03-02,77.61904907226562,79.04762268066406,77.61904907226562,79.04762268066406,24570
2020-03-03,79.95237731933594,80.0,78.71428680419922,78.76190185546875,48300
2020-03-04,79.52381134033203,79.52381134033203,77.61904907226562,77.61904907226562,2100
2020-03-05,78.1047592163086,79.52381134033203,78.1047592163086,79.52381134033203,3150
2020-03-06,79.47618865966797,79.47618865966797,77.61904907226562,78.11428833007812,25252
2020-03-09,77.33333587646484,79.0,76.19047546386719,79.0,64102
2020-03-10,77.02857208251953,77.25714111328125,75.9047622680664,76.19047546386719,54652
2020-03-11,76.0,77.52381134033203,75.71428680419922,77.52381134033203,10447
2020-03-12,75.23809814453125,75.23809814453125,71.47618865966797,73.33333587646484,69405
2020-03-13,73.33333587646484,73.33333587646484,73.33333587646484,73.33333587646484,0
2020-03-16,68.57142639160156,68.57142639160156,65.80952453613281,68.57142639160156,21052
2020-03-17,67.61904907226562,68.57142639160156,65.52381134033203,68.57142639160156,16873
2020-03-18,68.57142639160156,68.57142639160156,65.33333587646484,68.0952377319336,23415
2020-03-19,65.33333587646484,66.66666412353516,58.36190414428711,61.61904525756836,138337
2020-03-20,61.42856979370117,62.9523811340332,59.523807525634766,62.85714340209961,54663
2020-03-23,61.0476188659668,61.33333206176758,59.80952453613281,60.9523811340332,50400
2020-03-24,61.238094329833984,61.80952453613281,60.19047546386719,61.80952453613281,12610
2020-03-25,61.80952453613281,62.380950927734375,61.42856979370117,61.42856979370117,35721
2020-03-26,62.47618865966797,62.47618865966797,60.47618865966797,61.61904525756836,19110
2020-03-27,61.904762268066406,62.85714340209961,60.66666412353516,62.85714340209961,8410
2020-03-30,62.85714340209961,62.85714340209961,62.85714340209961,62.85714340209961,0
2020-03-31,62.85714340209961,62.85714340209961,62.85714340209961,62.85714340209961,0
2020-04-01,62.85714340209961,62.85714340209961,62.85714340209961,62.85714340209961,0
2020-04-06,67.04762268066406,67.04762268066406,65.04762268066406,67.04762268066406,25200
2020-04-07,67.04762268066406,67.04762268066406,65.23809814453125,67.04762268066406,5250
2020-04-08,66.66666412353516,67.23809814453125,66.66666412353516,67.14286041259766,17010
2020-04-09,68.57142639160156,68.66666412353516,67.61904907226562,68.57142639160156,10710
2020-04-10,68.66666412353516,69.52381134033203,67.61904907226562,69.52381134033203,22155
2020-04-13,69.52381134033203,71.42857360839844,69.04762268066406,71.42857360839844,25830
2020-04-14,71.42857360839844,71.42857360839844,68.0952377319336,70.0,100800
2020-04-15,70.0,71.33333587646484,69.61904907226562,70.66666412353516,22207
2020-04-16,71.42857360839844,73.14286041259766,70.28571319580078,73.14286041259766,27415
2020-04-17,72.38095092773438,75.04762268066406,72.38095092773438,75.04762268066406,37527
2020-04-20,72.38095092773438,75.04762268066406,72.38095092773438,75.04762268066406,13655
2020-04-21,75.04762268066406,75.04762268066406,72.76190185546875,73.04762268066406,41307
2020-04-22,74.57142639160156,74.57142639160156,74.57142639160156,74.57142639160156,1155
2020-04-23,74.57142639160156,74.57142639160156,74.57142639160156,74.57142639160156,0
2020-04-24,74.57142639160156,74.57142639160156,74.57142639160156,74.57142639160156,0
2020-04-27,74.57142639160156,74.57142639160156,74.57142639160156,74.57142639160156,0
2020-04-28,74.57142639160156,74.57142639160156,74.57142639160156,74.57142639160156,0
2020-04-29,74.57142639160156,74.57142639160156,74.57142639160156,74.57142639160156,0
2020-04-30,74.57142639160156,74.57142639160156,74.57142639160156,74.57142639160156,0
2020-05-04,74.57142639160156,74.57142639160156,74.57142639160156,74.57142639160156,0
2020-05-05,74.57142639160156,74.57142639160156,74.57142639160156,74.57142639160156,0
2020-05-06,74.57142639160156,74.57142639160156,74.57142639160156,74.57142639160156,0
2020-05-07,74.57142639160156,74.57142639160156,74.57142639160156,74.57142639160156,0
2020-05-08,74.57142639160156,74.57142639160156,74.57142639160156,74.57142639160156,0
2020-05-11,74.57142639160156,74.57142639160156,74.57142639160156,74.57142639160156,0
2020-05-12,74.57142639160156,74.57142639160156,74.57142639160156,74.57142639160156,0
2020-05-13,74.57142639160156,74.57142639160156,74.57142639160156,74.57142639160156,0
2020-05-14,74.57142639160156,74.57142639160156,74.57142639160156,74.57142639160156,0
2020-05-15,74.57142639160156,74.57142639160156,74.57142639160156,74.57142639160156,0
2020-05-18,74.57142639160156,74.57142639160156,74.57142639160156,74.57142639160156,0
2020-05-19,74.57142639160156,74.57142639160156,74.57142639160156,74.57142639160156,0
2020-05-20,74.57142639160156,74.57142639160156,74.57142639160156,74.57142639160156,0
2020-05-21,74.57142639160156,74.57142639160156,74.57142639160156,74.57142639160156,0
2020-05-22,74.57142639160156,74.57142639160156,74.57142639160156,74.57142639160156,0
2020-05-25,74.57142639160156,74.57142639160156,74.57142639160156,74.57142639160156,0
2020-05-26,74.57142639160156,74.57142639160156,74.57142639160156,74.57142639160156,0
2020-05-27,74.57142639160156,74.57142639160156,74.57142639160156,74.57142639160156,0
2020-05-28,74.57142639160156,74.57142639160156,74.57142639160156,74.57142639160156,0
2020-05-29,74.57142639160156,74.57142639160156,74.57142639160156,74.57142639160156,0
2020-06-01,74.57142639160156,74.57142639160156,74.57142639160156,74.57142639160156,0
2020-06-02,74.57142639160156,74.57142639160156,74.57142639160156,74.57142639160156,0
2020-06-03,74.57142639160156,74.57142639160156,74.57142639160156,74.57142639160156,0
2020-06-04,74.57142639160156,74.57142639160156,74.57142639160156,74.57142639160156,0
2020-06-05,74.57142639160156,74.57142639160156,74.57142639160156,74.57142639160156,0
2020-06-08,74.57142639160156,74.57142639160156,74.57142639160156,74.57142639160156,0
2020-06-09,74.57142639160156,74.57142639160156,74.57142639160156,74.57142639160156,0
2020-06-10,74.57142639160156,74.57142639160156,74.57142639160156,74.57142639160156,0
2020-06-11,74.57142639160156,74.57142639160156,74.57142639160156,74.57142639160156,0
2020-06-12,74.57142639160156,74.57142639160156,74.57142639160156,74.57142639160156,0
2020-06-15,74.57142639160156,74.57142639160156,74.57142639160156,74.57142639160156,0
2020-06-16,74.57142639160156,74.57142639160156,74.57142639160156,74.57142639160156,0
2020-06-17,74.57142639160156,74.57142639160156,74.57142639160156,74.57142639160156,0
2020-06-18,74.57142639160156,74.57142639160156,74.57142639160156,74.57142639160156,0
2020-06-19,74.57142639160156,74.57142639160156,74.57142639160156,74.57142639160156,0
2020-06-22,74.57142639160156,74.57142639160156,74.57142639160156,74.57142639160156,0
2020-06-23,74.57142639160156,74.57142639160156,74.57142639160156,74.57142639160156,0
2020-06-24,74.57142639160156,74.57142639160156,74.57142639160156,74.57142639160156,0
2020-06-29,74.57142639160156,74.57142639160156,74.57142639160156,74.57142639160156,0
2020-06-30,74.57142639160156,74.57142639160156,74.57142639160156,74.57142639160156,0
2020-07-01,74.57142639160156,74.57142639160156,74.57142639160156,74.57142639160156,0
2020-07-02,74.57142639160156,74.57142639160156,74.57142639160156,74.57142639160156,0
2020-07-03,74.57142639160156,74.57142639160156,74.57142639160156,74.57142639160156,0
2020-07-06,74.57142639160156,74.57142639160156,74.57142639160156,74.57142639160156,0
2020-07-07,74.57142639160156,74.57142639160156,74.57142639160156,74.57142639160156,0
2020-07-08,74.57142639160156,74.57142639160156,74.57142639160156,74.57142639160156,0
2020-07-09,74.57142639160156,74.57142639160156,74.57142639160156,74.57142639160156,0
2020-07-10,74.57142639160156,74.57142639160156,74.57142639160156,74.57142639160156,0
2020-07-13,74.57142639160156,74.57142639160156,74.57142639160156,74.57142639160156,0
2020-07-14,74.57142639160156,74.57142639160156,74.57142639160156,74.57142639160156,0
2020-07-15,74.57142639160156,74.57142639160156,74.57142639160156,74.57142639160156,0
2020-07-16,74.57142639160156,74.57142639160156,74.57142639160156,74.57142639160156,0
2020-07-17,74.57142639160156,74.57142639160156,74.57142639160156,74.57142639160156,0
2020-07-20,74.57142639160156,74.57142639160156,74.57142639160156,74.57142639160156,0
2020-07-21,74.57142639160156,74.57142639160156,74.57142639160156,74.57142639160156,0
2020-07-22,74.57142639160156,74.57142639160156,74.57142639160156,74.57142639160156,0
2020-07-23,74.57142639160156,74.57142639160156,74.57142639160156,74.57142639160156,0
2020-07-24,74.57142639160156,74.57142639160156,74.57142639160156,74.57142639160156,0
2020-07-27,74.57142639160156,74.57142639160156,74.57142639160156,74.57142639160156,0
2020-07-28,81.5,81.5,80.0,81.30000305175781,36555
2020-07-29,79.69999694824219,81.9000015258789,79.69999694824219,81.0,28180
2020-07-30,80.0999984741211,81.4000015258789,80.0,80.0,23000
2020-07-31,80.0,81.0,80.0,81.0,15050
2020-08-03,80.19999694824219,80.5,80.0999984741211,80.0999984741211,11425
2020-08-04,80.4000015258789,81.30000305175781,80.0999984741211,81.0,8520
2020-08-05,81.0,81.0,80.0,80.9000015258789,31722
2020-08-06,80.9000015258789,80.9000015258789,80.0,80.69999694824219,18700
2020-08-07,80.80000305175781,81.0,79.69999694824219,79.69999694824219,47000
2020-08-10,80.0,81.30000305175781,80.0,80.5,23000
2020-08-11,80.5,80.80000305175781,79.5,80.4000015258789,40310
2020-08-12,79.5999984741211,80.30000305175781,78.69999694824219,79.4000015258789,63200
2020-08-13,78.80000305175781,79.0999984741211,77.9000015258789,78.5,53600
2020-08-14,78.0,78.0999984741211,76.0999984741211,77.0,93700
2020-08-17,76.80000305175781,76.9000015258789,75.0,76.30000305175781,44400
2020-08-18,75.80000305175781,77.5,75.0,77.5,42203
2020-08-19,76.0,79.30000305175781,76.0,77.80000305175781,20955
2020-08-20,80.0,80.5,78.0,80.4000015258789,17050
2020-08-21,79.30000305175781,80.69999694824219,79.30000305175781,80.4000015258789,23235
2020-08-24,80.0,80.9000015258789,79.69999694824219,80.30000305175781,24531
2020-08-25,80.5,81.30000305175781,80.0,80.5,45110
2020-08-26,80.5,81.19999694824219,80.4000015258789,80.5999984741211,9250
2020-08-27,80.19999694824219,80.69999694824219,80.0999984741211,80.5,9200
2020-08-28,79.5,80.5,79.4000015258789,80.19999694824219,11950
2020-08-31,78.0,79.9000015258789,77.69999694824219,79.5,14060
2020-09-01,79.5,79.80000305175781,77.80000305175781,78.80000305175781,12270
2020-09-02,77.5,77.9000015258789,77.0,77.9000015258789,30100
2020-09-03,77.9000015258789,77.9000015258789,77.0,77.80000305175781,11150
2020-09-04,76.80000305175781,77.0,75.69999694824219,77.0,41200
2020-09-07,77.0999984741211,77.9000015258789,77.0999984741211,77.80000305175781,30400
2020-09-08,77.80000305175781,77.80000305175781,76.80000305175781,77.0,9555
2020-09-09,77.0,77.30000305175781,76.0,77.30000305175781,7900
2020-09-10,76.5,77.0,76.5,77.0,3500
2020-09-11,77.5,77.5,76.0,76.30000305175781,29205
2020-09-14,76.5999984741211,77.0,76.5999984741211,77.0,7005
2020-09-15,76.80000305175781,78.5,76.69999694824219,77.0999984741211,26880
2020-09-16,77.9000015258789,78.30000305175781,77.0,77.5999984741211,13108
2020-09-17,77.0,77.5,77.0,77.5,3021
2020-09-18,77.5,77.80000305175781,76.69999694824219,76.69999694824219,18620
2020-09-21,77.0,77.0,76.19999694824219,76.5,19600
2020-09-22,76.0999984741211,76.9000015258789,76.0,76.0,13000
2020-09-23,76.0,76.9000015258789,75.69999694824219,76.0,22071
2020-09-24,76.69999694824219,76.69999694824219,75.0,75.5,30102
2020-09-25,74.69999694824219,75.4000015258789,74.0,74.80000305175781,21504
2020-09-28,74.80000305175781,74.80000305175781,74.80000305175781,74.80000305175781,0
2020-09-29,74.80000305175781,74.80000305175781,74.80000305175781,74.80000305175781,0
2020-09-30,75.4000015258789,75.4000015258789,75.4000015258789,75.4000015258789,1005
2020-10-05,75.19999694824219,75.5,74.69999694824219,74.69999694824219,16015
2020-10-06,74.80000305175781,75.5,74.19999694824219,75.30000305175781,25329
2020-10-07,74.69999694824219,75.19999694824219,74.5999984741211,75.0,8000
2020-10-08,74.69999694824219,75.4000015258789,74.69999694824219,75.4000015258789,5105
2020-10-12,74.0999984741211,75.0,73.69999694824219,74.19999694824219,16000
2020-10-13,74.0,75.0,74.0,74.19999694824219,13000
2020-10-14,74.80000305175781,75.0,74.0,74.0999984741211,13680
2020-10-15,75.4000015258789,75.4000015258789,74.0999984741211,74.9000015258789,23750
2020-10-16,74.9000015258789,74.9000015258789,74.0,74.69999694824219,11200
2020-10-19,74.9000015258789,74.9000015258789,73.80000305175781,74.5,4400
2020-10-20,74.80000305175781,74.80000305175781,73.69999694824219,74.30000305175781,12650
2020-10-21,74.19999694824219,74.19999694824219,73.30000305175781,73.30000305175781,15200
2020-10-22,73.5,74.0,73.19999694824219,74.0,4200
2020-10-23,73.4000015258789,74.30000305175781,73.4000015258789,74.19999694824219,6955
2020-10-26,74.0999984741211,74.0999984741211,73.19999694824219,73.9000015258789,9050
2020-10-27,73.30000305175781,74.80000305175781,73.0,74.80000305175781,28215
2020-10-28,74.19999694824219,74.19999694824219,72.69999694824219,72.69999694824219,200
2020-10-29,73.0,73.5,71.5,72.69999694824219,38320
2020-10-30,71.69999694824219,73.0,71.19999694824219,71.5999984741211,25471
2020-11-02,71.5,72.30000305175781,71.0,71.0,34100
2020-11-03,70.5999984741211,71.9000015258789,70.5999984741211,71.80000305175781,17600
2020-11-04,72.0,72.69999694824219,72.0,72.69999694824219,2100
2020-11-05,72.69999694824219,73.0,71.69999694824219,72.4000015258789,12350
2020-11-06,72.4000015258789,73.5,71.19999694824219,72.69999694824219,25000
2020-11-09,72.69999694824219,73.0,71.69999694824219,72.4000015258789,16500
2020-11-10,72.0999984741211,72.19999694824219,72.0,72.19999694824219,14000
2020-11-11,72.19999694824219,72.5,71.5,72.4000015258789,12000
2020-11-12,71.9000015258789,72.30000305175781,71.9000015258789,72.30000305175781,3400
2020-11-13,71.80000305175781,72.30000305175781,71.0999984741211,71.5999984741211,13403
2020-11-16,71.5999984741211,72.9000015258789,71.0999984741211,72.9000015258789,16950
2020-11-17,72.9000015258789,72.9000015258789,72.9000015258789,72.9000015258789,200
2020-11-18,72.9000015258789,73.5,71.0999984741211,73.5,5950
2020-11-19,71.0999984741211,71.69999694824219,70.80000305175781,71.19999694824219,96120
2020-11-20,71.19999694824219,73.0,71.19999694824219,72.0,18600
2020-11-23,72.69999694824219,72.69999694824219,71.30000305175781,72.19999694824219,6200
2020-11-24,72.19999694824219,73.0,71.30000305175781,72.0,18155
2020-11-25,73.0,73.0,71.5999984741211,72.30000305175781,13360
2020-11-26,71.4000015258789,72.0,71.4000015258789,72.0,9100
2020-11-27,71.4000015258789,72.0,71.30000305175781,71.30000305175781,6075
2020-11-30,71.0,72.5,71.0,72.5,19735
2020-12-01,71.0,71.4000015258789,70.80000305175781,70.80000305175781,10000
2020-12-02,71.5,71.5,71.0,71.0,8000
2020-12-03,70.80000305175781,73.0,70.69999694824219,72.80000305175781,24550
2020-12-04,72.80000305175781,72.80000305175781,72.80000305175781,72.80000305175781,3010
2020-12-07,72.30000305175781,72.30000305175781,71.0,72.0,27405
2020-12-08,70.9000015258789,72.0,70.9000015258789,72.0,12100
2020-12-09,71.30000305175781,71.5,70.69999694824219,70.69999694824219,20050
2020-12-10,71.19999694824219,72.0,70.80000305175781,71.30000305175781,17600
2020-12-11,72.0,72.0,71.0,71.69999694824219,19050
2020-12-14,72.0,72.0,72.0,72.0,50
2020-12-15,70.80000305175781,71.0,70.69999694824219,71.0,15250
2020-12-16,71.19999694824219,71.19999694824219,70.69999694824219,71.19999694824219,3850
2020-12-17,71.19999694824219,71.19999694824219,70.19999694824219,71.0,20250
2020-12-18,70.9000015258789,71.0,70.9000015258789,71.0,5665
2020-12-21,71.9000015258789,71.9000015258789,70.5,70.5,2365
2020-12-22,70.5,71.80000305175781,70.19999694824219,71.5,25110
2020-12-23,71.19999694824219,72.5,70.5999984741211,71.0,20966
2020-12-24,72.4000015258789,72.4000015258789,71.19999694824219,71.19999694824219,10022
2020-12-25,70.5,71.5,70.30000305175781,70.9000015258789,32700
2020-12-28,70.5,71.0,70.0,70.69999694824219,17250
2020-12-29,70.0,70.80000305175781,70.0,70.80000305175781,7020
2020-12-30,71.19999694824219,71.19999694824219,70.0999984741211,71.19999694824219,1210
2020-12-31,70.5,72.0,70.5,72.0,6110
2021-01-04,72.0,72.9000015258789,71.69999694824219,72.4000015258789,21250
2021-01-05,72.19999694824219,72.30000305175781,72.0,72.30000305175781,8000
2021-01-06,72.0,72.30000305175781,71.30000305175781,71.4000015258789,77330
2021-01-07,71.80000305175781,71.9000015258789,70.0999984741211,71.80000305175781,11820
2021-01-08,70.69999694824219,72.19999694824219,70.69999694824219,72.0,24452
2021-01-11,71.5,72.19999694824219,70.5999984741211,72.19999694824219,16000
2021-01-12,71.0999984741211,72.30000305175781,71.0999984741211,71.19999694824219,19010
2021-01-13,72.0,72.30000305175781,70.0,71.69999694824219,75170
2021-01-14,71.69999694824219,71.69999694824219,71.5999984741211,71.69999694824219,3110
2021-01-15,71.5999984741211,71.69999694824219,71.0,71.5,13703
2021-01-18,71.0,71.4000015258789,69.5,71.4000015258789,14027
2021-01-19,69.69999694824219,72.9000015258789,69.69999694824219,72.9000015258789,18030
2021-01-20,72.80000305175781,72.80000305175781,71.0,71.0999984741211,18000
2021-01-21,71.5,72.0,71.0,71.9000015258789,14020
2021-01-22,71.9000015258789,72.5,71.5,72.4000015258789,23010
2021-01-25,71.5,71.9000015258789,69.5,71.5,46010
2021-01-26,70.5999984741211,71.69999694824219,70.0,71.69999694824219,15720
2021-01-27,69.5999984741211,71.5999984741211,69.5999984741211,71.0,7710
2021-01-28,71.0,71.30000305175781,70.80000305175781,70.80000305175781,5000
2021-01-29,70.0,72.4000015258789,70.0,72.4000015258789,9010
2021-02-01,71.69999694824219,71.69999694824219,71.69999694824219,71.69999694824219,3000
2021-02-02,71.19999694824219,71.80000305175781,71.0,71.80000305175781,13000
2021-02-03,71.0,71.9000015258789,71.0,71.9000015258789,6970
2021-02-04,71.80000305175781,71.80000305175781,70.0999984741211,70.5,19700
2021-02-05,71.0,71.80000305175781,70.0,70.0,10020
2021-02-17,71.80000305175781,71.80000305175781,70.0,70.4000015258789,15021
2021-02-18,70.5999984741211,71.30000305175781,70.0,70.4000015258789,12410
2021-02-19,71.0,71.19999694824219,69.69999694824219,71.19999694824219,9210
2021-02-22,71.19999694824219,72.0,70.5,70.5,16980
2021-02-23,70.5,71.19999694824219,70.0999984741211,70.0999984741211,23529
2021-02-24,71.0,71.0,70.4000015258789,70.80000305175781,8160
2021-02-25,70.30000305175781,71.19999694824219,70.30000305175781,70.4000015258789,14010
2021-02-26,70.4000015258789,70.80000305175781,69.5,70.30000305175781,44560
2021-03-02,70.30000305175781,71.5,70.0,70.0,31310
2021-03-03,71.30000305175781,71.30000305175781,71.30000305175781,71.30000305175781,1010
2021-03-04,71.30000305175781,71.69999694824219,70.0,71.69999694824219,3040
2021-03-05,71.0,71.0,70.0,71.0,12112
2021-03-08,70.0,71.0,70.0,71.0,5010
2021-03-09,70.0999984741211,70.9000015258789,70.0,70.0,15010
2021-03-10,70.0,71.0,70.0,71.0,20027
2021-03-11,69.69999694824219,71.0,69.69999694824219,69.80000305175781,2137
2021-03-12,71.0,71.0,69.80000305175781,69.80000305175781,25030
2021-03-15,69.69999694824219,70.80000305175781,69.69999694824219,70.5,58426
2021-03-16,69.9000015258789,70.69999694824219,69.80000305175781,70.0999984741211,37010
2021-03-17,70.4000015258789,70.4000015258789,69.69999694824219,69.80000305175781,30546
2021-03-18,70.19999694824219,70.19999694824219,69.5,70.0999984741211,26000
2021-03-19,69.5,70.0,69.4000015258789,70.0,31180
2021-03-22,69.9000015258789,70.0,68.0999984741211,69.5,35790
2021-03-23,69.4000015258789,69.69999694824219,68.0,69.0,20320
2021-03-24,69.19999694824219,69.5,69.19999694824219,69.5,2010
2021-03-25,69.5,69.5,66.5,69.0,37420
2021-03-26,68.9000015258789,69.0,67.30000305175781,68.9000015258789,101011
2021-03-29,68.9000015258789,69.5,68.30000305175781,69.5,18510
2021-03-30,69.5,70.4000015258789,69.0,70.4000015258789,38010
2021-03-31,69.80000305175781,72.4000015258789,69.80000305175781,72.0,110025
2021-04-01,71.69999694824219,72.5,71.5,71.80000305175781,73962
2021-04-07,71.69999694824219,72.9000015258789,71.69999694824219,72.0,24500
2021-04-08,72.5,73.0,72.0,72.69999694824219,35210
2021-04-09,73.30000305175781,74.0,72.69999694824219,72.9000015258789,67270
2021-04-12,74.0999984741211,75.4000015258789,73.80000305175781,74.9000015258789,66370
2021-04-13,74.9000015258789,75.4000015258789,74.0999984741211,74.19999694824219,37600
2021-04-14,74.80000305175781,74.80000305175781,72.0,74.80000305175781,15255
2021-04-15,75.19999694824219,76.9000015258789,75.0,76.30000305175781,43010
2021-04-16,74.80000305175781,76.19999694824219,74.80000305175781,75.9000015258789,39760
2021-04-19,74.80000305175781,77.19999694824219,74.80000305175781,76.30000305175781,43105
2021-04-20,75.69999694824219,77.4000015258789,75.69999694824219,75.69999694824219,5105
2021-04-21,77.0,77.0,75.80000305175781,76.69999694824219,6020
2021-04-22,76.5999984741211,76.5999984741211,75.0999984741211,75.0999984741211,34075
2021-04-23,76.0999984741211,76.0999984741211,75.19999694824219,76.0999984741211,1365
2021-04-26,76.0999984741211,76.0999984741211,76.0999984741211,76.0999984741211,3000
2021-04-27,75.5,77.5,74.19999694824219,77.4000015258789,48065
2021-04-28,76.30000305175781,77.30000305175781,75.69999694824219,77.0,19000
2021-04-29,77.80000305175781,78.0,75.69999694824219,77.0,27221
2021-05-03,75.5999984741211,78.30000305175781,75.5999984741211,77.5,19584
2021-05-04,75.5999984741211,77.0,75.0,77.0,16062
2021-05-05,75.0999984741211,77.30000305175781,75.0999984741211,76.30000305175781,17010
2021-05-06,77.30000305175781,77.30000305175781,76.0,77.30000305175781,23600
2021-05-07,77.9000015258789,77.9000015258789,76.0,76.5,13070
2021-05-10,77.69999694824219,77.69999694824219,77.69999694824219,77.69999694824219,10
2021-05-11,75.9000015258789,77.69999694824219,75.9000015258789,77.30000305175781,8110
2021-05-12,76.19999694824219,76.9000015258789,73.4000015258789,76.0,32100
2021-05-13,75.0,75.30000305175781,73.69999694824219,75.30000305175781,17035
2021-05-14,75.30000305175781,75.80000305175781,73.5,75.0,40860
2021-05-17,73.5,75.0,69.4000015258789,71.5,43090
2021-05-18,71.5,73.30000305175781,71.0,73.30000305175781,48001
2021-05-19,73.30000305175781,73.30000305175781,71.5,73.0,25030
2021-05-20,73.0,73.5,72.19999694824219,73.0,53360
2021-05-21,73.30000305175781,74.5999984741211,73.0,73.19999694824219,12030
2021-05-24,73.19999694824219,73.19999694824219,73.19999694824219,73.19999694824219,0
2021-05-25,73.19999694824219,73.19999694824219,73.19999694824219,73.19999694824219,0
2021-05-26,73.19999694824219,73.19999694824219,73.19999694824219,73.19999694824219,0
2021-05-27,73.19999694824219,73.19999694824219,73.19999694824219,73.19999694824219,0
2021-05-28,73.19999694824219,73.19999694824219,73.19999694824219,73.19999694824219,0
2021-05-31,73.19999694824219,73.19999694824219,73.19999694824219,73.19999694824219,0
2021-06-01,73.19999694824219,73.19999694824219,73.19999694824219,73.19999694824219,0
2021-06-02,73.19999694824219,73.19999694824219,73.19999694824219,73.19999694824219,0
2021-06-03,73.19999694824219,73.19999694824219,73.19999694824219,73.19999694824219,0
2021-06-04,73.19999694824219,73.19999694824219,73.19999694824219,73.19999694824219,0
2021-06-07,73.19999694824219,73.19999694824219,73.19999694824219,73.19999694824219,0
2021-06-08,74.5,74.9000015258789,73.5,74.0,18060
2021-06-09,73.5,74.5,73.0,73.5,72000
2021-06-10,74.5,74.5,72.69999694824219,73.5,34420
2021-06-11,74.5,74.9000015258789,74.0,74.0,26060
2021-06-15,74.0,74.5,74.0,74.5,18440
2021-06-16,73.69999694824219,74.69999694824219,73.5,74.5,15150
2021-06-17,74.5,75.0,73.9000015258789,73.9000015258789,16030
2021-06-18,74.0,75.5,73.9000015258789,75.5,14130
2021-06-21,74.0,75.0,74.0,74.0,17000
2021-06-22,74.0,74.69999694824219,73.80000305175781,74.5,17020
2021-06-23,73.69999694824219,74.5999984741211,73.69999694824219,74.5,14210
2021-06-24,74.80000305175781,74.80000305175781,74.80000305175781,74.80000305175781,2020
2021-06-25,73.19999694824219,74.4000015258789,73.19999694824219,74.4000015258789,5580
2021-06-28,74.4000015258789,74.4000015258789,74.4000015258789,74.4000015258789,0
2021-06-29,73.30000305175781,74.0,73.19999694824219,74.0,28510
2021-06-30,73.5,74.0,72.80000305175781,73.0,56150
2021-07-01,73.0,73.5999984741211,72.9000015258789,73.5999984741211,11450
2021-07-02,73.0,73.9000015258789,73.0,73.30000305175781,14260
2021-07-05,73.5,73.5999984741211,73.0,73.0999984741211,26110
2021-07-06,73.69999694824219,75.5999984741211,72.0,73.9000015258789,59410
2021-07-07,73.9000015258789,73.9000015258789,72.0,73.9000015258789,18320
2021-07-08,74.0,74.0,73.30000305175781,73.5,12020
2021-07-09,74.5,74.5999984741211,72.0999984741211,74.5,18570
2021-07-12,74.0,74.30000305175781,72.19999694824219,74.0,13320
2021-07-13,74.0,74.0,72.5999984741211,72.5999984741211,1025
2021-07-14,72.5999984741211,74.0,72.5999984741211,73.80000305175781,2520
2021-07-15,73.80000305175781,73.80000305175781,73.0,73.0,5005
2021-07-16,74.5,74.5,72.69999694824219,74.5,2015
2021-07-19,74.5,74.5,72.69999694824219,73.19999694824219,5007
2021-07-20,73.0,73.19999694824219,72.5,72.5,20000
2021-07-21,73.0,73.30000305175781,72.30000305175781,72.80000305175781,12012
2021-07-22,73.30000305175781,73.5999984741211,72.30000305175781,72.80000305175781,21681
2021-07-23,72.5,73.30000305175781,71.69999694824219,73.30000305175781,32851
2021-07-26,73.30000305175781,73.5,72.5,72.80000305175781,20211
2021-07-27,72.0999984741211,73.0,72.0999984741211,73.0,20182
2021-07-28,72.5,72.5999984741211,71.69999694824219,72.0,36200
2021-07-29,72.9000015258789,72.9000015258789,71.80000305175781,72.5999984741211,36055
2021-07-30,72.5999984741211,73.0,72.0,72.30000305175781,28000
2021-08-02,72.5,72.69999694824219,71.4000015258789,72.69999694824219,20043
2021-08-03,72.4000015258789,72.80000305175781,72.0,72.0,25029
2021-08-04,71.5,71.80000305175781,70.0,71.4000015258789,73250
2021-08-05,70.5,70.5999984741211,70.0,70.0,24950
2021-08-06,70.19999694824219,70.5999984741211,69.9000015258789,70.5999984741211,33210
2021-08-09,70.0999984741211,70.5,69.80000305175781,69.80000305175781,14010
2021-08-10,70.4000015258789,70.4000015258789,69.19999694824219,70.0,14622
2021-08-11,69.5,70.0,68.80000305175781,69.5,24002
2021-08-12,69.0,70.69999694824219,68.9000015258789,70.69999694824219,12021
2021-08-13,70.0,70.5,69.69999694824219,70.5,5520
2021-08-16,70.0999984741211,70.5,68.69999694824219,69.0,36010
2021-08-17,70.0,70.0,68.19999694824219,69.69999694824219,37045
2021-08-18,69.69999694824219,69.69999694824219,69.5,69.5,3000
2021-08-19,69.69999694824219,69.69999694824219,68.80000305175781,68.80000305175781,26000
2021-08-20,69.5,69.5,68.80000305175781,69.5,24007
2021-08-23,69.0999984741211,69.80000305175781,68.69999694824219,69.5,36010
2021-08-24,69.19999694824219,69.4000015258789,68.30000305175781,69.0,39386
2021-08-25,69.0,69.9000015258789,69.0,69.5,21863
2021-08-26,69.5,69.5,69.0,69.5,2125
2021-08-27,68.5,69.4000015258789,68.30000305175781,69.4000015258789,16120
2021-08-30,69.4000015258789,70.0,69.0,70.0,5102
2021-08-31,68.5,69.9000015258789,68.30000305175781,68.30000305175781,5840
2021-09-01,69.5,70.0,69.0,69.5999984741211,18600
2021-09-02,70.80000305175781,70.80000305175781,68.69999694824219,69.30000305175781,9010
2021-09-03,68.5,69.0,68.5,69.0,5000
2021-09-06,69.69999694824219,69.69999694824219,69.0,69.0,3010
2021-09-07,68.5,69.5,68.5,69.0,5500
2021-09-08,68.30000305175781,69.0,68.0,69.0,17020
2021-09-09,69.0,69.30000305175781,68.19999694824219,69.30000305175781,16030
2021-09-10,69.30000305175781,69.30000305175781,69.30000305175781,69.30000305175781,10
2021-09-13,69.30000305175781,69.30000305175781,69.0,69.0,3010
2021-09-14,68.69999694824219,69.0,68.4000015258789,69.0,35000
2021-09-15,68.4000015258789,69.0,68.4000015258789,69.0,12020
2021-09-16,69.0,69.0,68.0999984741211,68.80000305175781,32630
2021-09-17,68.80000305175781,68.9000015258789,68.80000305175781,68.9000015258789,6000
2021-09-22,67.69999694824219,69.0,67.5,68.0,52300
2021-09-23,68.69999694824219,68.69999694824219,68.69999694824219,68.69999694824219,55
2021-09-24,68.69999694824219,68.80000305175781,68.69999694824219,68.80000305175781,7025
2021-09-27,69.19999694824219,69.19999694824219,69.19999694824219,69.19999694824219,1005
2021-09-28,68.5,68.80000305175781,68.30000305175781,68.80000305175781,11090
2021-09-29,68.69999694824219,68.69999694824219,68.69999694824219,68.69999694824219,2020
2021-09-30,68.69999694824219,68.69999694824219,68.69999694824219,68.69999694824219,0
2021-10-01,67.0999984741211,67.5,66.5,67.19999694824219,72100
2021-10-04,67.19999694824219,67.30000305175781,66.4000015258789,67.0,40120
2021-10-05,66.5,66.9000015258789,66.30000305175781,66.9000015258789,13410
2021-10-06,66.9000015258789,66.9000015258789,66.9000015258789,66.9000015258789,0
2021-10-07,66.9000015258789,68.0,66.9000015258789,67.9000015258789,28295
2021-10-08,67.9000015258789,68.9000015258789,66.80000305175781,68.9000015258789,7020
2021-10-12,68.9000015258789,68.9000015258789,68.9000015258789,68.9000015258789,0
2021-10-13,66.69999694824219,68.30000305175781,66.5999984741211,68.30000305175781,12002
2021-10-14,67.4000015258789,68.30000305175781,67.4000015258789,68.30000305175781,2522
2021-10-15,68.0,68.5999984741211,66.19999694824219,68.5999984741211,3020
2021-10-18,68.5999984741211,68.5999984741211,68.0,68.0,3000
2021-10-19,68.4000015258789,68.5999984741211,67.5,67.5,2115
2021-10-20,67.5,67.5,67.5,67.5,3000
2021-10-21,67.5,67.5,67.5,67.5,0
2021-10-22,68.4000015258789,68.5,68.0,68.5,5000
2021-10-25,67.0,67.5,65.5999984741211,66.5,41465
2021-10-26,67.4000015258789,67.4000015258789,66.0,66.5,2400
2021-10-27,67.0,67.0,67.0,67.0,55
2021-10-28,67.0,67.5,66.80000305175781,67.5,4613
2021-10-29,68.30000305175781,68.30000305175781,66.69999694824219,67.30000305175781,12100
2021-11-01,67.9000015258789,68.19999694824219,67.0,68.0,3130
2021-11-02,68.30000305175781,68.4000015258789,66.69999694824219,68.30000305175781,7102
2021-11-03,66.69999694824219,68.30000305175781,66.69999694824219,68.0,145
2021-11-04,68.0,68.0,68.0,68.0,20
2021-11-05,66.69999694824219,68.19999694824219,66.5,68.19999694824219,15100
2021-11-08,68.19999694824219,68.19999694824219,66.5,67.5,13021
2021-11-09,67.5,69.0,67.5,69.0,17070
2021-11-10,69.0999984741211,69.0999984741211,67.0999984741211,69.0,3510
2021-11-11,68.19999694824219,69.19999694824219,68.19999694824219,69.19999694824219,3205
2021-11-12,69.0,69.19999694824219,68.0,69.19999694824219,1063
2021-11-15,67.0999984741211,69.5,67.0999984741211,68.9000015258789,16273
2021-11-16,68.0,68.5,67.0,68.0,11300
2021-11-17,68.0,69.80000305175781,68.0,69.5,27225
2021-11-18,69.80000305175781,69.80000305175781,68.4000015258789,69.80000305175781,5062
2021-11-19,69.80000305175781,69.80000305175781,69.80000305175781,69.80000305175781,0
2021-11-22,68.30000305175781,69.9000015258789,68.30000305175781,69.5,6070
2021-11-23,68.0999984741211,69.0,68.0999984741211,68.0999984741211,1110
2021-11-24,68.0999984741211,69.4000015258789,68.0999984741211,68.4000015258789,15540
2021-11-25,68.0,68.69999694824219,68.0,68.69999694824219,8000
2021-11-26,68.80000305175781,68.80000305175781,68.80000305175781,68.80000305175781,2000
2021-11-29,68.80000305175781,68.80000305175781,68.80000305175781,68.80000305175781,1300
2021-11-30,67.80000305175781,68.5,67.30000305175781,68.5,17040
2021-12-01,68.0,68.4000015258789,67.5999984741211,68.0,19260
2021-12-02,68.0,68.4000015258789,67.5,68.0,10800
2021-12-03,68.0,68.19999694824219,68.0,68.0,1240
2021-12-06,68.5,68.5,68.5,68.5,2000
2021-12-07,68.5,69.0,67.5,69.0,11450
2021-12-08,69.0,69.0,69.0,69.0,0
2021-12-09,67.80000305175781,68.5,66.5,68.5,28150
2021-12-10,68.5,68.5,68.5,68.5,0
2021-12-13,68.5,68.5,68.5,68.5,0
2021-12-14,68.9000015258789,68.9000015258789,68.0,68.0,6000
2021-12-15,68.0,68.0,68.0,68.0,0
2021-12-16,68.0,68.0,68.0,68.0,0
2021-12-17,67.0999984741211,68.0,66.0999984741211,68.0,20200
2021-12-20,68.0,68.0,68.0,68.0,0
2021-12-21,66.69999694824219,68.5999984741211,66.69999694824219,68.5999984741211,750
2021-12-22,68.5,68.5,68.5,68.5,5000
2021-12-23,68.5,68.5,68.5,68.5,0
2021-12-24,67.80000305175781,68.9000015258789,67.80000305175781,68.5,420
2021-12-27,68.0999984741211,68.9000015258789,68.0,68.5,3435
2021-12-28,68.5,68.5,68.5,68.5,0
2021-12-29,67.5,68.5,67.5,68.0,2020
2021-12-30,67.5,68.0,67.0999984741211,67.69999694824219,19060
2022-01-03,68.30000305175781,68.30000305175781,67.30000305175781,67.80000305175781,24050
2022-01-04,67.5,68.0,67.5,67.80000305175781,15000
2022-01-05,67.19999694824219,67.5,67.0,67.5,30000
2022-01-06,67.0,67.0,67.0,67.0,1700
2022-01-07,67.0,67.0,67.0,67.0,3000
2022-01-10,67.69999694824219,67.69999694824219,67.69999694824219,67.69999694824219,1001
2022-01-11,67.69999694824219,67.69999694824219,67.30000305175781,67.69999694824219,7100
2022-01-12,67.5,67.5,67.5,67.5,100
2022-01-13,67.5,67.9000015258789,67.19999694824219,67.19999694824219,3550
2022-01-14,67.5999984741211,67.5999984741211,67.5999984741211,67.5999984741211,2000
2022-01-17,67.9000015258789,68.0,67.4000015258789,68.0,6150
2022-01-18,67.0,68.9000015258789,67.0,68.9000015258789,2100
2022-01-19,67.0,67.0,67.0,67.0,100
2022-01-20,67.0,67.0,67.0,67.0,0
2022-01-21,67.0,69.5,67.0,69.0,42153
2022-01-24,68.4000015258789,69.30000305175781,68.4000015258789,69.0,12050
2022-01-25,69.0,69.0,68.5,68.5,1150
2022-01-26,69.0,70.0,68.30000305175781,70.0,70250
2022-02-07,70.19999694824219,70.5,70.0,70.4000015258789,3220
2022-02-08,70.4000015258789,72.0999984741211,70.0999984741211,72.0999984741211,25520
2022-02-09,71.0,72.0,70.80000305175781,71.0,5250
2022-02-10,70.80000305175781,71.5,70.80000305175781,71.30000305175781,6800
2022-02-11,70.9000015258789,71.5,70.9000015258789,71.5,14200
2022-02-14,71.5,71.5,70.0999984741211,70.0999984741211,32115
2022-02-15,71.5,71.69999694824219,70.0999984741211,71.0999984741211,12250
2022-02-16,71.0999984741211,71.0999984741211,70.30000305175781,70.30000305175781,3260
2022-02-17,70.30000305175781,71.0999984741211,70.30000305175781,70.5999984741211,16700
2022-02-18,71.80000305175781,71.80000305175781,71.0,71.0,7300
2022-02-21,71.80000305175781,71.80000305175781,70.5999984741211,71.0,3201
2022-02-22,70.5999984741211,71.0,70.5999984741211,71.0,22500
2022-02-23,70.69999694824219,71.0,70.19999694824219,70.80000305175781,14200
2022-02-24,70.5,70.5,69.69999694824219,69.69999694824219,10400
2022-02-25,70.19999694824219,70.19999694824219,70.19999694824219,70.19999694824219,1000
2022-03-01,70.19999694824219,70.4000015258789,70.19999694824219,70.4000015258789,3010
2022-03-02,70.19999694824219,70.19999694824219,70.19999694824219,70.19999694824219,2000
2022-03-03,70.4000015258789,71.0,70.4000015258789,70.5,2650
2022-03-04,70.5,70.5,70.0,70.19999694824219,9000
2022-03-07,70.69999694824219,70.69999694824219,69.69999694824219,69.9000015258789,14650
2022-03-08,69.0,70.30000305175781,69.0,70.19999694824219,9390
2022-03-09,70.0,71.80000305175781,69.5,70.5999984741211,19978
2022-03-10,70.80000305175781,71.0,69.5999984741211,69.80000305175781,9250
2022-03-11,70.5,70.5,69.0,69.0,18204
2022-03-14,69.0,69.80000305175781,68.0999984741211,69.80000305175781,23520
2022-03-15,69.80000305175781,69.80000305175781,68.5,69.0,15400
2022-03-16,69.5,69.5,69.0,69.0,9000
2022-03-17,69.5,69.80000305175781,69.5,69.80000305175781,2050
2022-03-18,69.80000305175781,69.80000305175781,69.80000305175781,69.80000305175781,0
2022-03-21,69.80000305175781,69.80000305175781,69.80000305175781,69.80000305175781,0
2022-03-22,69.80000305175781,69.80000305175781,69.19999694824219,69.5,7000
2022-03-23,69.80000305175781,70.5,69.80000305175781,69.80000305175781,21000
2022-03-24,70.5,74.0,70.5,72.5999984741211,149800
2022-03-25,73.19999694824219,73.19999694824219,71.80000305175781,72.5,21178
2022-03-28,71.5999984741211,71.80000305175781,71.0999984741211,71.5,34100
2022-03-29,71.5999984741211,71.80000305175781,71.19999694824219,71.5,22228
2022-03-30,71.5,71.5999984741211,70.69999694824219,71.0,25350
2022-03-31,71.0999984741211,72.0,71.0999984741211,72.0,40000
2022-04-01,72.30000305175781,72.30000305175781,71.0,71.0,25165
2022-04-06,71.30000305175781,71.5999984741211,70.69999694824219,71.0,38250
2022-04-07,71.0999984741211,71.4000015258789,70.4000015258789,71.0999984741211,17110
2022-04-08,70.4000015258789,71.30000305175781,70.4000015258789,71.0,150915
2022-04-11,71.5,71.80000305175781,70.30000305175781,71.80000305175781,21401
2022-04-12,71.5,72.5,70.5,70.9000015258789,33501
2022-04-13,72.4000015258789,72.4000015258789,70.80000305175781,70.80000305175781,8000
2022-04-14,71.19999694824219,71.19999694824219,70.69999694824219,71.0,13000
2022-04-15,70.69999694824219,71.30000305175781,70.19999694824219,70.19999694824219,40130
2022-04-18,71.19999694824219,71.19999694824219,70.19999694824219,71.0,10310
2022-04-19,71.0,71.0,70.0,70.0,2500
2022-04-20,70.9000015258789,70.9000015258789,70.30000305175781,70.80000305175781,21000
2022-04-21,70.80000305175781,70.80000305175781,70.19999694824219,70.19999694824219,3200
2022-04-22,70.9000015258789,70.9000015258789,70.0,70.30000305175781,17030
2022-04-25,69.0999984741211,69.5,69.0,69.5,21000
2022-04-26,69.5,69.5,69.0,69.5,5000
2022-04-27,68.4000015258789,69.0,66.5,68.0,37518
2022-04-28,68.9000015258789,68.9000015258789,67.0,68.4000015258789,11300
2022-04-29,67.0999984741211,68.0,67.0,67.19999694824219,33000
2022-05-03,68.30000305175781,68.30000305175781,68.30000305175781,68.30000305175781,2000
2022-05-04,68.4000015258789,68.5,67.9000015258789,68.30000305175781,26500
2022-05-05,66.5,68.0,66.0999984741211,68.0,4101
2022-05-06,66.0999984741211,67.0,66.0999984741211,67.0,6320
2022-05-09,66.19999694824219,66.9000015258789,66.19999694824219,66.9000015258789,29550
2022-05-10,66.19999694824219,67.0,66.0,66.80000305175781,40300
2022-05-11,67.9000015258789,67.9000015258789,65.9000015258789,66.19999694824219,56350
2022-05-12,66.5999984741211,67.30000305175781,65.9000015258789,66.19999694824219,43600
2022-05-13,66.5,66.5,65.5999984741211,66.5,21925
2022-05-16,67.19999694824219,67.5,66.0,66.5999984741211,12541
2022-05-17,65.5999984741211,67.19999694824219,65.5999984741211,66.19999694824219,10100
2022-05-18,66.4000015258789,67.9000015258789,66.4000015258789,67.0,3400
2022-05-19,66.19999694824219,66.19999694824219,66.19999694824219,66.19999694824219,6000
2022-05-20,68.0,68.0,65.69999694824219,67.0,11620
2022-05-23,67.5999984741211,67.5999984741211,67.5999984741211,67.5999984741211,200
2022-05-24,67.0,67.69999694824219,67.0,67.69999694824219,1010
2022-05-25,65.80000305175781,67.4000015258789,65.80000305175781,67.30000305175781,6010
2022-05-26,66.0,66.5,65.5,66.0,25560
2022-05-27,67.4000015258789,67.9000015258789,66.0999984741211,66.30000305175781,10600
2022-05-30,67.9000015258789,67.9000015258789,66.5,67.0,3305
2022-05-31,65.69999694824219,66.5,65.69999694824219,66.5,4005
2022-06-01,67.69999694824219,67.9000015258789,67.0,67.0,12208
2022-06-02,67.80000305175781,67.80000305175781,66.5,66.5,14510
2022-06-06,65.69999694824219,67.0,65.69999694824219,65.69999694824219,430
2022-06-07,67.80000305175781,67.80000305175781,66.5,67.0,6070
2022-06-08,67.80000305175781,67.80000305175781,67.80000305175781,67.80000305175781,1001
2022-06-09,66.5,67.0,66.0,66.0,5071
2022-06-10,66.0999984741211,66.80000305175781,66.0999984741211,66.80000305175781,6500
2022-06-13,66.30000305175781,70.5999984741211,66.30000305175781,69.0,278135
2022-06-14,68.5999984741211,70.30000305175781,68.5,68.69999694824219,41765
2022-06-15,69.80000305175781,69.80000305175781,69.80000305175781,69.80000305175781,105
2022-06-16,70.0,70.0,68.19999694824219,68.19999694824219,18510
2022-06-17,69.19999694824219,69.19999694824219,67.69999694824219,68.30000305175781,37188
2022-06-20,67.69999694824219,67.9000015258789,67.0,67.0,55360
2022-06-21,68.0,68.69999694824219,67.0999984741211,68.69999694824219,17350
2022-06-22,67.19999694824219,68.5,66.5999984741211,67.69999694824219,33469
2022-06-23,66.5,67.5,66.5,67.5,8240
2022-06-24,66.69999694824219,67.4000015258789,66.5,67.0,21250
2022-06-27,67.5,68.30000305175781,67.0,67.69999694824219,18300
2022-06-28,67.4000015258789,68.4000015258789,67.4000015258789,68.19999694824219,14038
2022-06-29,68.4000015258789,69.5999984741211,68.0999984741211,69.30000305175781,42305
2022-06-30,68.5999984741211,69.19999694824219,68.19999694824219,69.19999694824219,10230
2022-07-01,68.0999984741211,68.0999984741211,65.0999984741211,67.0,37232
2022-07-04,66.5,67.19999694824219,65.5,66.0,12170
2022-07-05,66.0,67.5,66.0,67.5,7250
2022-07-06,65.5,66.0,64.30000305175781,65.5,26961
2022-07-07,66.0999984741211,66.0999984741211,66.0,66.0,4130
2022-07-08,66.5,67.0999984741211,65.0,66.0,13700
2022-07-11,66.5,66.9000015258789,65.0999984741211,66.0,5210
2022-07-12,65.0999984741211,66.5,65.0999984741211,66.0,3090
2022-07-13,66.5999984741211,66.5999984741211,66.5,66.5,20
2022-07-14,66.0,66.30000305175781,66.0,66.0999984741211,190
2022-07-15,66.0,66.80000305175781,66.0,66.80000305175781,220
2022-07-18,65.80000305175781,67.0,65.5,67.0,3160
2022-07-19,67.19999694824219,67.19999694824219,66.0,66.5,3540
2022-07-20,66.80000305175781,66.80000305175781,65.0,65.9000015258789,3350
2022-07-21,66.0,66.5,65.80000305175781,66.5,610
2022-07-22,66.0,66.9000015258789,65.30000305175781,66.5,8390
2022-07-25,66.0,66.30000305175781,66.0,66.30000305175781,3080
2022-07-26,66.0,66.19999694824219,65.0,66.19999694824219,7070
2022-07-27,64.5,66.0,64.5,65.80000305175781,165
2022-07-28,66.0,66.0,66.0,66.0,44
2022-07-29,65.0,66.19999694824219,65.0,66.19999694824219,35350
2022-08-01,66.19999694824219,66.19999694824219,65.19999694824219,65.19999694824219,3060
2022-08-02,65.19999694824219,65.19999694824219,65.19999694824219,65.19999694824219,0
2022-08-03,65.5999984741211,66.30000305175781,65.0,65.80000305175781,40240
2022-08-04,65.69999694824219,65.69999694824219,65.5,65.69999694824219,1190
2022-08-05,65.9000015258789,65.9000015258789,65.5,65.5999984741211,1320
2022-08-08,65.5999984741211,65.5999984741211,64.69999694824219,65.30000305175781,2030
2022-08-09,65.5,65.5999984741211,65.0,65.5,16070
2022-08-10,64.69999694824219,65.4000015258789,64.19999694824219,64.5999984741211,48440
2022-08-11,65.4000015258789,67.0999984741211,65.30000305175781,66.5,46500
2022-08-12,66.5,66.5,65.5,66.5,27200
2022-08-15,65.19999694824219,65.5999984741211,63.0,64.0999984741211,42930
2022-08-16,64.0,65.0,63.70000076293945,65.0,18318
2022-08-17,65.30000305175781,65.30000305175781,65.0,65.19999694824219,2080
2022-08-18,65.30000305175781,65.30000305175781,65.30000305175781,65.30000305175781,1000
2022-08-19,65.0,65.0,65.0,65.0,70
2022-08-22,65.30000305175781,65.9000015258789,65.0,65.5,53300
2022-08-23,65.80000305175781,65.9000015258789,65.0,65.0,6010
2022-08-24,65.30000305175781,65.30000305175781,65.0,65.0,3000
2022-08-25,64.5,65.5,64.5,65.5,9037
2022-08-26,64.80000305175781,65.5,64.0,65.5,14140
2022-08-29,64.0,64.5,62.79999923706055,63.29999923706055,17390
2022-08-30,64.5,64.5,62.900001525878906,64.0,12503
2022-08-31,63.0,64.0,63.0,63.0,9080
2022-09-01,63.900001525878906,64.0,63.0,63.5,17160
2022-09-02,63.0,64.0,63.0,64.0,17020
2022-09-05,63.0,63.5,63.0,63.5,12055
2022-09-06,63.0,63.29999923706055,62.900001525878906,63.29999923706055,9119
2022-09-07,63.400001525878906,63.400001525878906,62.70000076293945,63.20000076293945,21086
2022-09-08,62.5,63.29999923706055,62.5,63.29999923706055,11065
2022-09-12,63.0,63.0,62.70000076293945,62.70000076293945,4600
2022-09-13,63.59999847412109,63.79999923706055,63.20000076293945,63.70000076293945,9352
2022-09-14,63.70000076293945,63.70000076293945,62.79999923706055,63.5,5480
2022-09-15,63.59999847412109,63.59999847412109,63.0,63.5,6220
2022-09-16,63.59999847412109,63.59999847412109,63.59999847412109,63.59999847412109,103
2022-09-19,63.59999847412109,63.59999847412109,63.59999847412109,63.59999847412109,0
2022-09-20,63.59999847412109,63.59999847412109,63.59999847412109,63.59999847412109,0
2022-09-21,63.59999847412109,63.59999847412109,63.59999847412109,63.59999847412109,0
2022-09-22,63.59999847412109,63.59999847412109,63.59999847412109,63.59999847412109,0
2022-09-23,63.09999847412109,64.0,63.09999847412109,63.900001525878906,1191
2022-09-26,63.5,63.79999923706055,62.29999923706055,63.0,7275
2022-09-27,62.20000076293945,63.400001525878906,62.09999847412109,63.0,20192
2022-09-28,62.20000076293945,63.0,61.59999847412109,62.29999923706055,17794
2022-09-29,62.5,62.5,62.0,62.0,22037
2022-09-30,61.70000076293945,62.29999923706055,61.70000076293945,62.29999923706055,1050
2022-10-03,62.29999923706055,62.29999923706055,62.29999923706055,62.29999923706055,37
2022-10-04,62.29999923706055,63.5,62.29999923706055,63.5,7000
2022-10-05,62.0,62.5,62.0,62.5,1010
2022-10-06,62.0,63.29999923706055,62.0,62.5,3052
2022-10-07,61.70000076293945,63.0,60.79999923706055,63.0,35446
2022-10-11,60.79999923706055,63.0,60.5,61.5,3010
2022-10-12,61.5,61.5,61.5,61.5,0
2022-10-13,62.09999847412109,62.29999923706055,60.400001525878906,60.5,5043
2022-10-14,61.0,61.5,61.0,61.400001525878906,1063
2022-10-17,61.400001525878906,61.400001525878906,59.0,60.79999923706055,33070
2022-10-18,60.79999923706055,60.79999923706055,60.0,60.0,7549
2022-10-19,60.29999923706055,60.29999923706055,59.79999923706055,60.20000076293945,6283
2022-10-20,60.20000076293945,60.20000076293945,57.0,58.59999847412109,40278
2022-10-21,58.59999847412109,58.59999847412109,58.20000076293945,58.20000076293945,4010
2022-10-24,58.59999847412109,58.59999847412109,57.5,57.5,12330
2022-10-25,56.70000076293945,57.5,56.09999847412109,57.0,21236
2022-10-26,57.29999923706055,57.29999923706055,56.59999847412109,57.29999923706055,6065
2022-10-27,57.5,57.5,56.400001525878906,57.09999847412109,10050
2022-10-28,57.09999847412109,57.09999847412109,56.900001525878906,56.900001525878906,1005
2022-10-31,56.5,57.5,56.5,57.20000076293945,1165
2022-11-01,57.0,57.0,56.5,57.0,11029
2022-11-02,57.09999847412109,57.09999847412109,57.09999847412109,57.09999847412109,145
2022-11-03,56.20000076293945,56.900001525878906,56.20000076293945,56.70000076293945,6150
2022-11-04,56.70000076293945,56.900001525878906,56.70000076293945,56.900001525878906,2129
2022-11-07,56.0,57.0,56.0,56.70000076293945,13015
2022-11-08,57.09999847412109,57.09999847412109,56.5,57.09999847412109,4170
2022-11-09,57.20000076293945,57.20000076293945,57.0,57.0,3005
2022-11-10,56.5,56.5,56.5,56.5,1000
2022-11-11,56.5,57.09999847412109,56.400001525878906,56.70000076293945,33300
2022-11-14,56.70000076293945,57.0,56.70000076293945,57.0,7000
2022-11-15,56.59999847412109,57.09999847412109,56.59999847412109,57.09999847412109,12000
2022-11-16,57.20000076293945,57.20000076293945,56.70000076293945,57.20000076293945,11000
2022-11-17,57.20000076293945,57.29999923706055,56.900001525878906,56.900001525878906,11538
2022-11-18,56.79999923706055,57.400001525878906,56.79999923706055,57.400001525878906,18
2022-11-21,57.5,57.59999847412109,57.0,57.0,10030
2022-11-22,57.0,57.0,57.0,57.0,0
2022-11-23,57.0,57.0,57.0,57.0,0
2022-11-24,57.79999923706055,57.79999923706055,57.09999847412109,57.5,5050
2022-11-25,57.09999847412109,57.79999923706055,57.09999847412109,57.5,10040
2022-11-28,57.09999847412109,57.400001525878906,57.0,57.400001525878906,9000
2022-11-29,56.70000076293945,57.09999847412109,56.70000076293945,57.09999847412109,4000
2022-11-30,57.59999847412109,57.59999847412109,57.09999847412109,57.09999847412109,1050
2022-12-01,57.59999847412109,57.900001525878906,57.0,57.0,11010
2022-12-02,56.79999923706055,57.59999847412109,56.79999923706055,57.29999923706055,17200
2022-12-05,57.79999923706055,57.79999923706055,57.0,57.400001525878906,2081
2022-12-06,57.0,57.70000076293945,56.79999923706055,56.79999923706055,20815
2022-12-07,57.900001525878906,57.900001525878906,57.0,57.0,10000
2022-12-08,56.79999923706055,57.70000076293945,56.70000076293945,57.0,18043
2022-12-09,57.5,57.5,56.79999923706055,56.79999923706055,6110
2022-12-12,57.59999847412109,59.0,57.400001525878906,58.20000076293945,25105
2022-12-13,57.400001525878906,59.70000076293945,57.400001525878906,59.5,20600
2022-12-14,58.79999923706055,59.09999847412109,58.70000076293945,58.70000076293945,7000
2022-12-15,58.5,59.0,58.5,58.5,5000
2022-12-16,58.5,60.0,58.5,59.5,33300
2022-12-19,60.400001525878906,60.400001525878906,59.0,60.0,32000
2022-12-20,59.900001525878906,60.0,59.20000076293945,59.20000076293945,12102
2022-12-21,58.79999923706055,60.0,58.79999923706055,59.0,11012
2022-12-22,59.900001525878906,60.0,59.09999847412109,59.59999847412109,12000
2022-12-23,59.0,59.5,58.70000076293945,59.29999923706055,13020
2022-12-26,59.29999923706055,59.29999923706055,59.29999923706055,59.29999923706055,5683
2022-12-27,59.29999923706055,59.29999923706055,58.29999923706055,58.29999923706055,11221
2022-12-28,58.79999923706055,58.900001525878906,58.0,58.900001525878906,17119
2022-12-29,58.900001525878906,58.900001525878906,58.20000076293945,58.59999847412109,6010
2022-12-30,58.20000076293945,58.20000076293945,58.20000076293945,58.20000076293945,1045
2023-01-03,58.09999847412109,58.79999923706055,58.09999847412109,58.20000076293945,8361
2023-01-04,58.79999923706055,58.79999923706055,58.09999847412109,58.09999847412109,2100
2023-01-05,58.5,58.5,58.20000076293945,58.5,9000
2023-01-06,58.5,58.5,58.09999847412109,58.09999847412109,5000
2023-01-09,58.900001525878906,60.29999923706055,58.79999923706055,58.79999923706055,7660
2023-01-10,58.5,60.20000076293945,58.5,60.20000076293945,3044
2023-01-11,60.0,60.0,59.400001525878906,59.5,11000
2023-01-12,60.0,60.0,58.70000076293945,60.0,8052
2023-01-13,59.79999923706055,60.59999847412109,59.79999923706055,60.20000076293945,22000
2023-01-16,60.0,60.5,59.29999923706055,60.0,19260
2023-01-17,60.29999923706055,60.29999923706055,59.29999923706055,59.29999923706055,2050
2023-01-30,60.400001525878906,60.400001525878906,59.5,60.09999847412109,3369
2023-01-31,60.0,60.400001525878906,60.0,60.400001525878906,3202
2023-02-01,60.0,61.0,60.0,60.09999847412109,5300
2023-02-02,61.0,61.0,60.29999923706055,60.29999923706055,7023
2023-02-03,60.0,60.5,59.5,60.20000076293945,5033
2023-02-06,59.5,59.5,59.5,59.5,5000
2023-02-07,60.09999847412109,60.09999847412109,58.79999923706055,59.5,12151
2023-02-08,59.5,60.29999923706055,59.5,59.5,11100
2023-02-09,60.79999923706055,62.20000076293945,60.5,61.09999847412109,56660
2023-02-10,60.59999847412109,62.59999847412109,60.59999847412109,61.79999923706055,27420
2023-02-13,62.0,62.29999923706055,61.0,62.0,71297
2023-02-14,62.20000076293945,62.900001525878906,61.70000076293945,62.900001525878906,18457
2023-02-15,63.0,64.19999694824219,63.0,64.19999694824219,31237
2023-02-16,64.5,64.5,62.79999923706055,63.09999847412109,19992
2023-02-17,64.0,64.0,63.09999847412109,63.59999847412109,16045
2023-02-20,64.30000305175781,64.9000015258789,63.70000076293945,63.70000076293945,28593
2023-02-21,63.79999923706055,65.30000305175781,63.79999923706055,65.30000305175781,27051
2023-02-22,64.0,65.19999694824219,64.0,65.0,17070
2023-02-23,64.0,64.5,63.59999847412109,63.59999847412109,12320
2023-02-24,63.59999847412109,65.0,63.59999847412109,65.0,25400
2023-03-01,63.79999923706055,64.80000305175781,63.79999923706055,64.30000305175781,9200
2023-03-02,65.30000305175781,65.30000305175781,65.30000305175781,65.30000305175781,1000
2023-03-03,64.9000015258789,65.0999984741211,64.0999984741211,64.5,24331
2023-03-06,64.80000305175781,64.80000305175781,64.0,64.0,27004
2023-03-07,64.5,65.19999694824219,64.0,65.19999694824219,7524
2023-03-08,65.0,65.0999984741211,64.5999984741211,65.0999984741211,9022
2023-03-09,65.0999984741211,65.0999984741211,63.70000076293945,63.70000076293945,6260
2023-03-10,63.59999847412109,64.19999694824219,63.0,64.19999694824219,16000
2023-03-13,64.5,64.5,62.70000076293945,64.4000015258789,12145
2023-03-14,63.5,63.900001525878906,63.0,63.900001525878906,10040
2023-03-15,63.20000076293945,64.0,63.20000076293945,63.900001525878906,3313
2023-03-16,63.900001525878906,64.0,63.09999847412109,64.0,17048
2023-03-17,63.5,64.0,63.5,64.0,2300
2023-03-20,64.0,64.0999984741211,63.5,63.5,11004
2023-03-21,63.59999847412109,63.59999847412109,63.5,63.5,6000
2023-03-22,63.900001525878906,63.900001525878906,63.20000076293945,63.900001525878906,11215
2023-03-23,64.0,65.4000015258789,63.900001525878906,65.0,52702
2023-03-24,65.4000015258789,65.69999694824219,64.5,65.4000015258789,13130
2023-03-27,65.69999694824219,65.69999694824219,64.30000305175781,65.30000305175781,38387
2023-03-28,65.30000305175781,65.69999694824219,65.0,65.0,19253
2023-03-29,65.0999984741211,65.80000305175781,65.0999984741211,65.80000305175781,3529
2023-03-30,65.80000305175781,66.19999694824219,65.4000015258789,66.19999694824219,20340
2023-03-31,65.0,66.30000305175781,65.0,66.19999694824219,5649
2023-04-06,66.19999694824219,67.0999984741211,65.69999694824219,66.0,18286
2023-04-07,66.9000015258789,67.30000305175781,66.0,67.0,30200
2023-04-10,67.5999984741211,68.4000015258789,67.0,68.0,22864
2023-04-11,67.0,68.5999984741211,67.0,68.19999694824219,32925
2023-04-12,68.80000305175781,69.0,68.19999694824219,68.9000015258789,76158
2023-04-13,65.69999694824219,65.9000015258789,63.29999923706055,64.5,105681
2023-04-14,63.59999847412109,64.9000015258789,63.59999847412109,64.80000305175781,29833
2023-04-17,64.80000305175781,64.80000305175781,64.19999694824219,64.5,24391
2023-04-18,64.0,64.5,63.29999923706055,63.79999923706055,15325
2023-04-19,64.30000305175781,64.30000305175781,63.5,63.5,16210
2023-04-20,64.0,64.0,63.0,63.5,22100
2023-04-21,62.79999923706055,63.5,62.79999923706055,63.5,12235
2023-04-24,62.70000076293945,63.29999923706055,62.70000076293945,63.20000076293945,5007
2023-04-25,63.20000076293945,63.5,62.900001525878906,62.900001525878906,18005
2023-04-26,62.70000076293945,63.09999847412109,62.29999923706055,62.400001525878906,17002
2023-04-27,62.5,62.900001525878906,62.5,62.5,8504
2023-04-28,63.29999923706055,63.29999923706055,62.20000076293945,62.79999923706055,18164
2023-05-02,63.0,63.20000076293945,62.5,62.59999847412109,30004
2023-05-03,63.0,63.0,62.5,62.5,5200
2023-05-04,62.900001525878906,63.20000076293945,62.5,62.59999847412109,21336
2023-05-05,63.0,63.0,62.29999923706055,62.29999923706055,6000
2023-05-08,62.09999847412109,62.29999923706055,62.0,62.0,8250
2023-05-09,62.70000076293945,62.70000076293945,62.70000076293945,62.70000076293945,1746
2023-05-10,62.70000076293945,62.70000076293945,62.0,62.0,2103
2023-05-11,62.900001525878906,62.900001525878906,62.5,62.79999923706055,1214
2023-05-12,62.59999847412109,62.79999923706055,62.0,62.09999847412109,10538
2023-05-15,62.900001525878906,62.900001525878906,62.29999923706055,62.29999923706055,6200
2023-05-16,62.900001525878906,63.0,62.79999923706055,63.0,5538
2023-05-17,63.20000076293945,63.20000076293945,62.5,62.900001525878906,8751
2023-05-18,63.5,63.59999847412109,63.0,63.59999847412109,9001
2023-05-19,64.5,64.5,63.5,63.5,2177
2023-05-22,64.5,64.5,63.29999923706055,63.79999923706055,9150
2023-05-23,64.19999694824219,64.19999694824219,64.19999694824219,64.19999694824219,100
2023-05-24,64.5,64.5,63.29999923706055,63.59999847412109,10339
2023-05-25,64.0,64.0,63.5,63.5,8100
2023-05-26,64.4000015258789,64.4000015258789,63.0,64.30000305175781,3140
2023-05-29,63.09999847412109,63.900001525878906,63.0,63.5,9002
2023-05-30,63.5,63.5,63.09999847412109,63.5,401100
2023-05-31,63.5,63.79999923706055,63.0,63.5,14698
2023-06-01,64.0,64.0,63.09999847412109,63.09999847412109,7100
2023-06-02,64.0,64.0,62.900001525878906,63.20000076293945,34100
2023-06-05,63.400001525878906,64.0,63.0,63.79999923706055,28100
2023-06-06,63.70000076293945,63.70000076293945,62.79999923706055,62.79999923706055,2100
2023-06-07,63.5,63.5,62.79999923706055,63.5,7300
2023-06-08,63.5,63.70000076293945,63.0,63.0,4044
2023-06-09,63.70000076293945,63.70000076293945,63.0,63.20000076293945,8100
2023-06-12,63.0,63.5,62.79999923706055,62.79999923706055,11160
2023-06-13,63.0,63.400001525878906,62.70000076293945,62.79999923706055,22020
2023-06-14,63.5,63.59999847412109,62.79999923706055,62.79999923706055,11200
2023-06-15,63.400001525878906,63.5,63.0,63.0,10197
2023-06-16,62.79999923706055,63.5,62.70000076293945,63.0,12210
2023-06-19,62.70000076293945,63.0,61.79999923706055,62.0,26398
2023-06-20,61.5,63.0,61.5,63.0,6105
2023-06-21,62.79999923706055,63.0,62.5,62.5,5043
2023-06-26,62.5,63.29999923706055,62.5,62.5,4098
2023-06-27,62.5,63.0,62.5,62.59999847412109,14350
2023-06-28,62.5,62.79999923706055,62.0,62.79999923706055,10000
2023-06-29,63.20000076293945,63.20000076293945,62.5,63.0,6150
2023-06-30,62.900001525878906,62.900001525878906,62.20000076293945,62.900001525878906,9000
2023-07-03,62.29999923706055,63.0,62.29999923706055,63.0,8000
2023-07-04,63.0,63.0,62.09999847412109,62.09999847412109,16125
2023-07-05,62.0,63.0,62.0,62.5,36585
2023-07-06,62.20000076293945,62.900001525878906,62.20000076293945,62.900001525878906,3010
2023-07-07,62.20000076293945,63.0,62.20000076293945,62.20000076293945,38850
2023-07-10,62.20000076293945,62.79999923706055,62.20000076293945,62.20000076293945,8502
2023-07-11,62.20000076293945,62.5,62.20000076293945,62.5,5500
2023-07-12,62.900001525878906,62.900001525878906,62.20000076293945,62.20000076293945,2950
2023-07-13,62.20000076293945,63.29999923706055,62.20000076293945,63.29999923706055,15005
2023-07-14,62.400001525878906,62.79999923706055,62.20000076293945,62.20000076293945,21040
2023-07-17,62.20000076293945,62.5,61.5,61.5,91120
2023-07-18,61.5,61.79999923706055,60.70000076293945,61.5,36040
2023-07-19,60.900001525878906,61.59999847412109,60.79999923706055,60.79999923706055,12190
2023-07-20,60.79999923706055,60.79999923706055,60.79999923706055,60.79999923706055,300
2023-07-21,61.59999847412109,61.59999847412109,60.70000076293945,61.0,12112
2023-07-24,60.70000076293945,61.400001525878906,60.59999847412109,60.59999847412109,508400
2023-07-25,60.59999847412109,60.59999847412109,60.59999847412109,60.59999847412109,0
2023-07-26,61.5,61.70000076293945,61.09999847412109,61.20000076293945,17000
2023-07-27,61.09999847412109,61.70000076293945,61.09999847412109,61.20000076293945,8000
2023-07-28,61.900001525878906,62.0,61.59999847412109,61.59999847412109,11007
2023-07-31,61.59999847412109,61.70000076293945,61.0,61.59999847412109,11130
2023-08-01,61.0,61.5,60.79999923706055,60.79999923706055,12063
2023-08-02,62.0,62.20000076293945,60.79999923706055,61.0,16000
2023-08-04,62.29999923706055,62.29999923706055,61.20000076293945,61.20000076293945,4000
2023-08-07,62.20000076293945,62.20000076293945,59.900001525878906,60.5,29158
2023-08-08,59.900001525878906,61.20000076293945,59.5,60.0,30189
2023-08-09,59.70000076293945,60.400001525878906,59.59999847412109,59.79999923706055,34303
2023-08-10,59.79999923706055,60.20000076293945,59.70000076293945,59.70000076293945,17257
2023-08-11,60.20000076293945,61.0,59.70000076293945,59.70000076293945,15000
2023-08-14,60.400001525878906,60.400001525878906,59.5,59.5,16800
2023-08-15,59.5,60.0,59.20000076293945,59.70000076293945,31050
2023-08-16,59.20000076293945,60.0,58.79999923706055,59.20000076293945,28015
2023-08-17,59.59999847412109,59.70000076293945,59.0,59.70000076293945,10109
2023-08-18,59.59999847412109,59.59999847412109,59.59999847412109,59.59999847412109,2017
2023-08-21,58.79999923706055,59.5,58.29999923706055,59.5,51665
2023-08-22,59.5,59.5,59.5,59.5,0
2023-08-23,58.900001525878906,59.5,58.70000076293945,58.900001525878906,6042
2023-08-24,59.5,59.5,58.0,58.400001525878906,62440
2023-08-25,57.29999923706055,58.09999847412109,55.900001525878906,57.900001525878906,19746
2023-08-28,58.0,58.09999847412109,57.0,57.79999923706055,12979
2023-08-29,57.79999923706055,57.79999923706055,57.79999923706055,57.79999923706055,0
2023-08-30,58.09999847412109,58.09999847412109,58.09999847412109,58.09999847412109,2000
2023-08-31,58.29999923706055,58.900001525878906,58.29999923706055,58.29999923706055,6042
2023-09-01,57.5,58.5,57.5,58.29999923706055,17200
2023-09-04,58.29999923706055,58.29999923706055,58.29999923706055,58.29999923706055,0
2023-09-05,58.70000076293945,58.70000076293945,58.09999847412109,58.09999847412109,2002
2023-09-06,57.0,58.09999847412109,56.400001525878906,58.0,31534
2023-09-07,56.59999847412109,57.5,56.29999923706055,57.0,22206
2023-09-08,57.0,57.0,57.0,57.0,0
2023-09-11,57.0,57.0,57.0,57.0,0
2023-09-12,56.70000076293945,57.29999923706055,56.70000076293945,57.0,4768
2023-09-13,57.400001525878906,57.400001525878906,56.79999923706055,57.29999923706055,15660
2023-09-14,58.400001525878906,59.5,57.900001525878906,59.09999847412109,73209
2023-09-15,59.59999847412109,60.70000076293945,59.59999847412109,60.0,55350
2023-09-18,59.79999923706055,60.20000076293945,59.5,60.0,37011
2023-09-19,59.20000076293945,60.400001525878906,59.20000076293945,60.09999847412109,22016
2023-09-20,60.09999847412109,60.400001525878906,59.20000076293945,59.5,27130
2023-09-21,60.0,60.0,59.0,59.20000076293945,7025
2023-09-22,59.5,59.59999847412109,59.0,59.09999847412109,20000
2023-09-25,59.59999847412109,59.79999923706055,59.09999847412109,59.79999923706055,19000
2023-09-26,59.29999923706055,59.29999923706055,59.29999923706055,59.29999923706055,3000
2023-09-27,59.20000076293945,59.5,58.79999923706055,59.09999847412109,18000
2023-09-28,59.09999847412109,59.09999847412109,59.09999847412109,59.09999847412109,0
2023-10-02,58.70000076293945,59.900001525878906,58.70000076293945,59.29999923706055,27534
2023-10-03,59.59999847412109,59.59999847412109,59.0,59.20000076293945,26000
2023-10-04,58.79999923706055,59.20000076293945,58.0,59.20000076293945,44200
2023-10-05,58.20000076293945,59.5,57.79999923706055,59.0,57751
2023-10-06,59.29999923706055,59.29999923706055,58.79999923706055,59.0,25000
2023-10-11,59.5,59.5,59.0,59.09999847412109,17046
2023-10-12,59.400001525878906,59.5,59.0,59.0,13000
2023-10-13,58.79999923706055,59.29999923706055,58.79999923706055,59.0,10000
2023-10-16,59.29999923706055,59.29999923706055,59.0,59.0,6000
2023-10-17,59.0,59.29999923706055,59.0,59.29999923706055,12039
2023-10-18,59.29999923706055,60.29999923706055,59.0,59.29999923706055,33001
2023-10-19,59.0,59.20000076293945,58.5,59.0,27017
2023-10-20,59.0,59.0,59.0,59.0,0
2023-10-23,58.900001525878906,60.0,58.79999923706055,58.79999923706055,22123
2023-10-24,58.79999923706055,58.79999923706055,58.79999923706055,58.79999923706055,0
2023-10-25,59.29999923706055,59.400001525878906,59.0,59.09999847412109,10250
2023-10-26,58.70000076293945,58.900001525878906,58.70000076293945,58.70000076293945,7350
2023-10-27,58.79999923706055,59.29999923706055,58.59999847412109,59.29999923706055,22060
2023-10-30,59.29999923706055,59.29999923706055,59.29999923706055,59.29999923706055,0
2023-10-31,58.59999847412109,59.29999923706055,58.59999847412109,59.0,17050
2023-11-01,59.29999923706055,59.5,58.59999847412109,59.20000076293945,21000
2023-11-02,59.20000076293945,59.29999923706055,58.79999923706055,59.0,24135
2023-11-03,58.79999923706055,59.20000076293945,58.79999923706055,59.0,12000
2023-11-06,58.79999923706055,59.400001525878906,58.79999923706055,59.29999923706055,52076
2023-11-07,59.09999847412109,59.09999847412109,58.79999923706055,58.79999923706055,12000
2023-11-08,59.20000076293945,59.29999923706055,58.70000076293945,59.0,24089
2023-11-09,59.29999923706055,59.5,58.900001525878906,58.900001525878906,16050
2023-11-10,59.5,59.5,58.79999923706055,59.400001525878906,29087
2023-11-13,59.400001525878906,59.79999923706055,59.20000076293945,59.79999923706055,18076
2023-11-14,59.20000076293945,59.400001525878906,59.0,59.29999923706055,34050
2023-11-15,59.20000076293945,59.29999923706055,58.79999923706055,59.29999923706055,66500
2023-11-16,59.400001525878906,59.400001525878906,58.900001525878906,59.09999847412109,40818
2023-11-17,59.5,59.5,58.900001525878906,59.29999923706055,16000
2023-11-20,59.5,59.59999847412109,59.20000076293945,59.29999923706055,21042
2023-11-21,59.79999923706055,60.400001525878906,59.0,60.0,53832
2023-11-22,59.79999923706055,60.29999923706055,59.79999923706055,60.0,22060
2023-11-23,60.70000076293945,67.5999984741211,60.70000076293945,66.30000305175781,208990
2023-11-24,66.30000305175781,67.5999984741211,65.5,66.0,118932
2023-11-27,66.0999984741211,66.30000305175781,65.5999984741211,65.5999984741211,57608
2023-11-28,66.4000015258789,66.4000015258789,64.80000305175781,65.4000015258789,43462
2023-11-29,65.4000015258789,65.4000015258789,64.5,65.30000305175781,21366
2023-11-30,64.5,64.80000305175781,64.0,64.80000305175781,35330
2023-12-01,64.5999984741211,64.80000305175781,63.900001525878906,64.80000305175781,22050
2023-12-04,64.19999694824219,65.0999984741211,64.0,64.30000305175781,64038
2023-12-05,64.0,64.5,63.5,64.5,31571
2023-12-06,64.5,64.5,64.0,64.4000015258789,24370
2023-12-07,64.0,65.0,64.0,64.5,66000
2023-12-08,65.0,67.30000305175781,65.0,67.0,130902
2023-12-11,67.5,67.80000305175781,66.5,67.5,57068
2023-12-12,67.0,67.0,65.5,66.5,18560
2023-12-13,65.69999694824219,66.69999694824219,65.5999984741211,66.0,49945
2023-12-14,65.5999984741211,66.5,65.5,65.5,34000
2023-12-15,65.69999694824219,66.0999984741211,65.5,66.0,10000
2023-12-18,66.0,66.0,65.0,65.0,38500
2023-12-19,65.0,65.5,64.0,65.5,21684
2023-12-20,65.4000015258789,65.4000015258789,65.30000305175781,65.30000305175781,5000
2023-12-21,65.0999984741211,65.0999984741211,65.0999984741211,65.0999984741211,3000
2023-12-22,65.0,65.0,64.5,65.0,76000
2023-12-25,64.30000305175781,65.0,64.30000305175781,64.4000015258789,8700
2023-12-26,65.0,65.0999984741211,64.80000305175781,64.80000305175781,13000
2023-12-27,65.30000305175781,65.30000305175781,65.0999984741211,65.0999984741211,8000
2023-12-28,65.19999694824219,65.4000015258789,65.0,65.0999984741211,8000
2023-12-29,64.9000015258789,66.0999984741211,64.9000015258789,66.0999984741211,2095
2024-01-02,64.9000015258789,65.5999984741211,64.5,65.19999694824219,89500
2024-01-03,64.80000305175781,64.80000305175781,64.5,64.5,12000
2024-01-04,64.5,66.0,64.4000015258789,66.0,7060
2024-01-05,65.19999694824219,66.0,64.80000305175781,65.5999984741211,17500
2024-01-08,66.19999694824219,66.19999694824219,66.19999694824219,66.19999694824219,1000
2024-01-09,66.19999694824219,66.30000305175781,65.0,65.0,5000
2024-01-10,65.0,65.5,64.19999694824219,65.19999694824219,57610
2024-01-11,65.4000015258789,66.0,65.4000015258789,66.0,5000
2024-01-12,66.19999694824219,66.19999694824219,66.0,66.0,28000
2024-01-15,66.9000015258789,67.30000305175781,66.0,66.5999984741211,60702
2024-01-16,66.5999984741211,67.30000305175781,66.5,67.0999984741211,23201
2024-01-17,67.19999694824219,67.30000305175781,66.4000015258789,66.80000305175781,25000
2024-01-18,67.0999984741211,67.30000305175781,66.80000305175781,66.9000015258789,15000
2024-01-19,66.69999694824219,67.0999984741211,66.4000015258789,67.0999984741211,11367
2024-01-22,67.0999984741211,67.0999984741211,64.5999984741211,67.0,20141
2024-01-23,65.19999694824219,65.9000015258789,65.0999984741211,65.5,26000
2024-01-24,66.80000305175781,66.80000305175781,65.19999694824219,65.19999694824219,17000
2024-01-25,65.19999694824219,65.80000305175781,64.0,65.80000305175781,39478
2024-01-26,65.80000305175781,65.9000015258789,65.0999984741211,65.9000015258789,8000
2024-01-29,65.80000305175781,67.0,65.19999694824219,67.0,39750
2024-01-30,67.0,67.9000015258789,66.19999694824219,67.9000015258789,44018
2024-01-31,67.9000015258789,68.19999694824219,66.80000305175781,67.0999984741211,57740
2024-02-01,67.0,68.0,66.9000015258789,68.0,27200
2024-02-02,68.0999984741211,68.5,67.0999984741211,68.19999694824219,95270
2024-02-05,67.19999694824219,68.30000305175781,66.69999694824219,68.19999694824219,26110
2024-02-15,68.19999694824219,68.19999694824219,66.5999984741211,67.80000305175781,41370
2024-02-16,67.80000305175781,74.0,67.69999694824219,74.0,159176
2024-02-19,73.5999984741211,79.4000015258789,73.0,79.4000015258789,414306
2024-02-20,80.4000015258789,83.5999984741211,76.5999984741211,77.9000015258789,356118
2024-02-21,77.9000015258789,78.0,74.30000305175781,76.9000015258789,95942
2024-02-22,75.19999694824219,78.5,75.19999694824219,78.30000305175781,64207
2024-02-23,78.4000015258789,81.0,77.4000015258789,78.19999694824219,48809
2024-02-26,79.9000015258789,80.19999694824219,78.0,79.69999694824219,46573
2024-02-27,80.30000305175781,80.30000305175781,77.5999984741211,80.0999984741211,24050
2024-02-29,80.19999694824219,80.30000305175781,78.19999694824219,80.0999984741211,5131
2024-03-01,80.0999984741211,80.5,78.30000305175781,79.80000305175781,31990
2024-03-04,78.5,79.9000015258789,78.0,78.5999984741211,72563
2024-03-05,79.80000305175781,79.80000305175781,77.5999984741211,79.30000305175781,11548
2024-03-06,79.30000305175781,79.30000305175781,77.80000305175781,78.9000015258789,27072
2024-03-07,79.19999694824219,79.30000305175781,77.5999984741211,78.0,74945
2024-03-08,78.0,78.30000305175781,77.0,78.19999694824219,45165
2024-03-11,78.19999694824219,78.30000305175781,76.5,78.0,47162
2024-03-12,77.80000305175781,78.19999694824219,77.0,78.19999694824219,25744
2024-03-13,78.19999694824219,82.0999984741211,77.80000305175781,80.5999984741211,149731
2024-03-14,80.5999984741211,80.80000305175781,78.0,80.30000305175781,51332
2024-03-15,80.30000305175781,80.30000305175781,78.0999984741211,80.30000305175781,36246
2024-03-18,80.30000305175781,80.30000305175781,80.30000305175781,80.30000305175781,0
2024-03-19,78.80000305175781,80.30000305175781,78.69999694824219,80.0,35908
2024-03-20,78.69999694824219,80.30000305175781,78.69999694824219,80.30000305175781,62652
2024-03-21,80.30000305175781,80.30000305175781,78.80000305175781,79.9000015258789,34133
2024-03-22,80.30000305175781,80.30000305175781,79.5,79.5,44042
2024-03-25,79.5,79.5,79.5,79.5,0
2024-03-26,80.5999984741211,82.0,79.0999984741211,79.5999984741211,93823
2024-03-27,80.5,81.0,78.5999984741211,78.80000305175781,32056
2024-03-28,78.9000015258789,80.0,77.9000015258789,78.30000305175781,133994
2024-03-29,79.5,80.0,78.4000015258789,78.9000015258789,57312
2024-04-01,79.0,80.0,78.30000305175781,78.69999694824219,117345
2024-04-02,79.0,79.5,78.19999694824219,79.30000305175781,226255
2024-04-03,77.0,79.5,75.5999984741211,77.69999694824219,99833
2024-04-08,79.0999984741211,81.30000305175781,77.80000305175781,80.5,211563
2024-04-09,79.30000305175781,80.4000015258789,78.5,80.4000015258789,151400
2024-04-10,80.4000015258789,80.4000015258789,79.5999984741211,80.30000305175781,57092
2024-04-11,79.30000305175781,80.80000305175781,79.30000305175781,80.5,72077
2024-04-12,80.5,83.0,79.69999694824219,83.0,193909
2024-04-15,82.80000305175781,89.30000305175781,82.5,89.19999694824219,574534
2024-04-16,89.4000015258789,90.0,88.0,89.0999984741211,270735
2024-04-17,88.0,89.0999984741211,87.0999984741211,88.30000305175781,171512
2024-04-18,87.69999694824219,88.30000305175781,87.5,87.69999694824219,81373
2024-04-19,87.0,87.80000305175781,84.0,85.30000305175781,134262
2024-04-22,84.30000305175781,86.19999694824219,84.0,85.0,82651
2024-04-23,84.19999694824219,85.9000015258789,84.19999694824219,85.5,25473
2024-04-24,84.69999694824219,88.0,84.69999694824219,86.0,82374
2024-04-25,87.80000305175781,90.1999969482422,87.5,88.5999984741211,197594
2024-04-26,88.69999694824219,89.5999984741211,86.4000015258789,88.5,45147
2024-04-29,88.80000305175781,88.80000305175781,86.0999984741211,86.4000015258789,181069
2024-04-30,81.0,81.69999694824219,79.0,80.80000305175781,145112
2024-05-02,81.5,82.0,80.5999984741211,81.5,141662
2024-05-03,81.19999694824219,82.30000305175781,81.19999694824219,81.69999694824219,96818
2024-05-06,82.5,83.80000305175781,80.5999984741211,81.19999694824219,121829
2024-05-07,82.30000305175781,82.4000015258789,80.30000305175781,81.9000015258789,22854
2024-05-08,81.9000015258789,81.9000015258789,79.0,80.19999694824219,258286
2024-05-09,80.30000305175781,80.5,79.0999984741211,79.0999984741211,144272
2024-05-10,79.4000015258789,79.4000015258789,78.19999694824219,78.30000305175781,112700
2024-05-13,78.9000015258789,79.0,77.5999984741211,77.69999694824219,91481
2024-05-14,78.30000305175781,78.30000305175781,77.0,78.0,65780
2024-05-15,78.30000305175781,78.30000305175781,77.0,77.69999694824219,145439
2024-05-16,77.69999694824219,78.5,76.69999694824219,77.69999694824219,260600
2024-05-17,71.9000015258789,76.5,71.9000015258789,74.5999984741211,408080
2024-05-20,74.5,75.5,72.0999984741211,73.0,100210
2024-05-21,73.0,73.0,71.4000015258789,71.4000015258789,59020
2024-05-22,71.80000305175781,71.80000305175781,70.0999984741211,70.19999694824219,58386
2024-05-23,69.0999984741211,70.30000305175781,69.0,70.0,76376
2024-05-24,70.0,70.0,68.9000015258789,69.0999984741211,32536
2024-05-27,68.80000305175781,69.5,68.5,68.69999694824219,29261
2024-05-28,68.69999694824219,69.0999984741211,68.69999694824219,69.0,50499
2024-05-29,68.80000305175781,68.80000305175781,67.69999694824219,68.0999984741211,92030
2024-05-30,67.9000015258789,69.0,67.9000015258789,68.0999984741211,44534
2024-05-31,68.0999984741211,68.0999984741211,66.19999694824219,67.69999694824219,68000
2024-06-03,67.5999984741211,67.5999984741211,66.5999984741211,66.5999984741211,47100
2024-06-04,66.5999984741211,67.0999984741211,66.0,66.0999984741211,79180
2024-06-05,66.0999984741211,68.4000015258789,66.0,67.30000305175781,31100
2024-06-06,67.30000305175781,67.5,67.30000305175781,67.5,19000
2024-06-07,67.5,67.9000015258789,67.5,67.80000305175781,24050
2024-06-11,68.5999984741211,68.80000305175781,67.80000305175781,68.4000015258789,31045
2024-06-12,68.80000305175781,68.80000305175781,67.9000015258789,68.0999984741211,34213
2024-06-13,68.0999984741211,68.0999984741211,67.19999694824219,67.19999694824219,28131
2024-06-14,67.0999984741211,67.19999694824219,66.5,67.0,34265
2024-06-17,66.9000015258789,67.5,66.80000305175781,67.0999984741211,16204
2024-06-18,67.30000305175781,68.0999984741211,67.0999984741211,68.0,36253
2024-06-19,68.0,68.0,67.0999984741211,67.0999984741211,59071
2024-06-20,67.0999984741211,67.0999984741211,66.5,66.5,63035
2024-06-21,66.69999694824219,68.5,66.69999694824219,66.80000305175781,18000
2024-06-24,66.80000305175781,67.9000015258789,66.0999984741211,67.80000305175781,84000
2024-06-25,67.5999984741211,68.4000015258789,67.30000305175781,67.80000305175781,44045
2024-06-26,68.5,68.69999694824219,67.4000015258789,68.4000015258789,55020
2024-06-27,68.4000015258789,68.5999984741211,67.69999694824219,68.19999694824219,19120
2024-06-28,68.0,69.4000015258789,68.0,69.4000015258789,29292
2024-07-01,69.5,69.9000015258789,68.80000305175781,69.0999984741211,80220
2024-07-02,69.0999984741211,69.4000015258789,68.5999984741211,69.0,48178
2024-07-03,69.4000015258789,69.4000015258789,68.9000015258789,69.4000015258789,27220
2024-07-04,69.4000015258789,70.0,69.4000015258789,70.0,87020
2024-07-05,70.0,70.19999694824219,67.5999984741211,68.0,87010
2024-07-08,68.5999984741211,69.0,68.0,68.4000015258789,90200
2024-07-09,68.5,69.0999984741211,68.0999984741211,68.69999694824219,26060
2024-07-10,68.69999694824219,68.69999694824219,68.0999984741211,68.5,31193
2024-07-11,68.0999984741211,68.5,67.5999984741211,67.69999694824219,42060
2024-07-12,67.69999694824219,68.5,67.5,68.4000015258789,63171
2024-07-15,68.4000015258789,68.5999984741211,66.5,68.5,66794
2024-07-16,68.5,68.5,67.9000015258789,68.5,14212
2024-07-17,68.19999694824219,68.9000015258789,68.19999694824219,68.9000015258789,44168
2024-07-18,67.5999984741211,68.4000015258789,67.5999984741211,68.0999984741211,27025
2024-07-19,67.80000305175781,68.0,67.0,67.5,63042
2024-07-22,66.9000015258789,67.30000305175781,66.5999984741211,67.19999694824219,34200
2024-07-23,67.0999984741211,67.5,66.80000305175781,67.5,31000
2024-07-26,67.19999694824219,68.5999984741211,67.19999694824219,67.4000015258789,18000
2024-07-29,67.4000015258789,67.9000015258789,67.4000015258789,67.9000015258789,10353
2024-07-30,67.5,67.9000015258789,67.19999694824219,67.9000015258789,62197
2024-07-31,68.0,68.0,67.4000015258789,67.69999694824219,61229
2024-08-01,67.5,68.30000305175781,67.5,68.19999694824219,36000
2024-08-02,68.0,68.0,67.4000015258789,68.0,14118
2024-08-05,66.30000305175781,66.5,63.59999847412109,63.900001525878906,115000
2024-08-06,63.59999847412109,63.900001525878906,62.0,63.900001525878906,69000
2024-08-07,63.79999923706055,67.4000015258789,63.79999923706055,67.4000015258789,33000
2024-08-08,65.9000015258789,67.19999694824219,65.9000015258789,67.0,23100
2024-08-09,66.80000305175781,67.0999984741211,66.69999694824219,66.80000305175781,16000
2024-08-12,66.5,67.30000305175781,66.5,66.69999694824219,27000
2024-08-13,66.69999694824219,66.69999694824219,66.5999984741211,66.5999984741211,8000
2024-08-14,66.5999984741211,66.80000305175781,66.5,66.5,17000
2024-08-15,66.69999694824219,66.69999694824219,66.5999984741211,66.5999984741211,3075
2024-08-16,67.19999694824219,67.4000015258789,67.0,67.0,6000
2024-08-19,66.9000015258789,66.9000015258789,66.4000015258789,66.80000305175781,18158
2024-08-20,66.80000305175781,66.80000305175781,66.5999984741211,66.5999984741211,12000
2024-08-21,67.0,67.0,66.0,66.5999984741211,43000
2024-08-22,66.9000015258789,66.9000015258789,66.4000015258789,66.69999694824219,8000
2024-08-23,66.69999694824219,67.69999694824219,66.69999694824219,67.69999694824219,14000
2024-08-26,66.9000015258789,67.0,66.80000305175781,66.80000305175781,11000
2024-08-27,66.69999694824219,66.80000305175781,66.0999984741211,66.30000305175781,24078
2024-08-28,66.5,66.5999984741211,66.19999694824219,66.19999694824219,26000
2024-08-29,65.9000015258789,66.5,65.9000015258789,66.5,21075
2024-08-30,66.5,66.5,65.69999694824219,65.69999694824219,33075
2024-09-02,66.69999694824219,66.69999694824219,66.19999694824219,66.19999694824219,3000
2024-09-03,66.19999694824219,66.5,65.80000305175781,65.80000305175781,9097
2024-09-04,64.19999694824219,65.69999694824219,64.19999694824219,64.19999694824219,30000
2024-09-05,65.0999984741211,65.4000015258789,64.30000305175781,64.30000305175781,19100
2024-09-06,65.0,65.0999984741211,64.4000015258789,64.4000015258789,13000
2024-09-09,64.5,64.80000305175781,64.0999984741211,64.0999984741211,9030
2024-09-10,65.0,65.0,64.4000015258789,64.4000015258789,11000
2024-09-11,64.5,65.19999694824219,64.4000015258789,64.4000015258789,17109
2024-09-12,64.80000305175781,65.0,64.0,64.19999694824219,43000
2024-09-13,64.19999694824219,64.30000305175781,64.0,64.0,30000
2024-09-16,64.0999984741211,64.30000305175781,64.0999984741211,64.30000305175781,7050
2024-09-18,64.5,64.5999984741211,64.4000015258789,64.4000015258789,10000
2024-09-19,64.5,65.30000305175781,64.5,64.80000305175781,278000
2024-09-20,64.80000305175781,65.0,64.69999694824219,64.80000305175781,18000
2024-09-23,64.5,64.9000015258789,64.0999984741211,64.0999984741211,21000
2024-09-24,64.4000015258789,64.5,63.79999923706055,64.0999984741211,30551
2024-09-25,64.0999984741211,64.30000305175781,64.0999984741211,64.30000305175781,36369
2024-09-26,64.5,65.0,64.5,64.5999984741211,31000
2024-09-27,64.5999984741211,65.19999694824219,64.5,64.5999984741211,40000
2024-09-30,64.9000015258789,65.0,64.80000305175781,64.80000305175781,25000
2024-10-01,64.9000015258789,64.9000015258789,64.69999694824219,64.80000305175781,24000
2024-10-04,64.80000305175781,64.80000305175781,64.5,64.5999984741211,19000
2024-10-07,64.5999984741211,64.9000015258789,64.5999984741211,64.5999984741211,12005
2024-10-08,64.5999984741211,64.5999984741211,64.19999694824219,64.19999694824219,20000
2024-10-09,64.30000305175781,64.30000305175781,63.79999923706055,64.0,31100
2024-10-11,64.0,64.0999984741211,63.400001525878906,63.400001525878906,24000
2024-10-14,63.0,63.0,62.70000076293945,62.79999923706055,23000
2024-10-15,63.0,63.5,63.0,63.09999847412109,11000
2024-10-16,63.09999847412109,63.09999847412109,63.0,63.0,5000
2024-10-17,63.20000076293945,63.400001525878906,63.20000076293945,63.400001525878906,4000
2024-10-18,63.29999923706055,63.400001525878906,63.0,63.0,12050
2024-10-21,63.0,63.5,61.59999847412109,62.400001525878906,54003
2024-10-22,62.09999847412109,62.09999847412109,60.29999923706055,61.900001525878906,135057
2024-10-23,61.79999923706055,61.79999923706055,61.20000076293945,61.20000076293945,13000
2024-10-24,61.79999923706055,61.79999923706055,61.79999923706055,61.79999923706055,2000
2024-10-25,61.79999923706055,61.79999923706055,61.20000076293945,61.20000076293945,25000
2024-10-28,61.5,61.5,61.0,61.0,45100
2024-10-29,60.70000076293945,61.29999923706055,60.09999847412109,61.29999923706055,16100
2024-10-30,60.59999847412109,61.0,60.29999923706055,60.900001525878906,31000
2024-11-01,61.20000076293945,61.400001525878906,61.20000076293945,61.400001525878906,2000
2024-11-04,61.0,61.0,60.70000076293945,60.70000076293945,8000
2024-11-05,60.70000076293945,60.70000076293945,60.29999923706055,60.29999923706055,21026
2024-11-06,60.59999847412109,60.59999847412109,60.5,60.59999847412109,7041
2024-11-07,60.59999847412109,60.59999847412109,59.0,59.400001525878906,112080
2024-11-08,60.5,61.900001525878906,58.5,59.400001525878906,35115
2024-11-11,58.70000076293945,58.70000076293945,57.900001525878906,58.20000076293945,82010
2024-11-12,58.0,58.0,54.900001525878906,54.900001525878906,171010
2024-11-13,54.900001525878906,54.900001525878906,54.20000076293945,54.29999923706055,44060
2024-11-14,56.0,56.0,55.5,55.900001525878906,18128
2024-11-15,56.29999923706055,57.79999923706055,56.29999923706055,57.79999923706055,14002
2024-11-18,57.5,58.0,56.29999923706055,57.59999847412109,12044
2024-11-19,57.59999847412109,57.70000076293945,55.900001525878906,56.5,10043
2024-11-20,56.79999923706055,56.79999923706055,56.79999923706055,56.79999923706055,0
2024-11-21,57.5,57.5,56.79999923706055,57.09999847412109,5000
2024-11-22,57.5,57.5,57.0,57.0,6000
2024-11-25,57.09999847412109,57.29999923706055,57.0,57.0,9000
2024-11-26,57.09999847412109,57.5,57.0,57.5,13000
2024-11-27,57.79999923706055,60.400001525878906,57.79999923706055,59.29999923706055,72101
2024-11-28,58.900001525878906,58.900001525878906,58.59999847412109,58.59999847412109,14000
2024-11-29,59.70000076293945,59.70000076293945,59.0,59.0,13000
2024-12-02,59.0,59.0,58.400001525878906,58.400001525878906,25050
2024-12-03,58.400001525878906,58.79999923706055,58.0,58.0,37100
2024-12-04,58.0,58.400001525878906,58.0,58.400001525878906,10100
2024-12-05,58.0,58.20000076293945,58.0,58.20000076293945,12200
2024-12-06,58.79999923706055,58.79999923706055,58.20000076293945,58.20000076293945,9015
2024-12-09,58.20000076293945,58.70000076293945,57.59999847412109,58.70000076293945,19000
2024-12-10,58.70000076293945,58.70000076293945,58.400001525878906,58.400001525878906,3034
2024-12-11,58.59999847412109,60.5,58.29999923706055,59.0,42000
2024-12-12,59.0,59.0,58.5,58.79999923706055,33000
2024-12-13,58.79999923706055,58.79999923706055,58.59999847412109,58.79999923706055,20000
2024-12-16,58.70000076293945,58.70000076293945,58.29999923706055,58.29999923706055,18000
2024-12-17,57.5,58.09999847412109,57.0,57.20000076293945,42000
2024-12-18,57.5,57.5,57.20000076293945,57.5,7000
2024-12-19,57.70000076293945,57.70000076293945,57.20000076293945,57.29999923706055,12000
2024-12-20,56.900001525878906,58.0,56.79999923706055,57.29999923706055,6000
2024-12-23,58.0,58.0,58.0,58.0,2000
2024-12-24,58.5,58.5,57.59999847412109,57.59999847412109,6000
2024-12-25,58.29999923706055,58.900001525878906,58.0,58.5,9000
2024-12-26,58.79999923706055,59.5,58.5,58.59999847412109,78000
2024-12-27,59.0,59.0,58.400001525878906,58.5,8000
2024-12-30,58.5,58.5,56.900001525878906,56.900001525878906,73050
2024-12-31,57.0,57.0,56.0,56.0,92040
2025-01-02,59.59999847412109,59.59999847412109,53.29999923706055,53.29999923706055,203136
2025-01-03,53.79999923706055,53.79999923706055,51.0,52.5,207030
2025-01-06,52.5,52.79999923706055,52.0,52.79999923706055,41000
2025-01-07,52.79999923706055,54.20000076293945,52.79999923706055,53.29999923706055,38000
2025-01-08,54.20000076293945,54.20000076293945,53.70000076293945,53.70000076293945,8000
2025-01-09,53.70000076293945,53.70000076293945,53.29999923706055,53.29999923706055,6009
2025-01-10,54.5,54.5,53.29999923706055,53.29999923706055,5000
2025-01-13,54.09999847412109,54.09999847412109,52.59999847412109,53.20000076293945,45009
2025-01-14,53.20000076293945,53.20000076293945,53.20000076293945,53.20000076293945,6000
2025-01-15,52.79999923706055,53.20000076293945,52.79999923706055,53.20000076293945,9020
2025-01-16,53.29999923706055,53.79999923706055,53.20000076293945,53.5,19000
2025-01-17,54.0,55.29999923706055,54.0,54.29999923706055,25000
2025-01-20,54.0,54.0,53.79999923706055,53.79999923706055,19000
2025-01-21,54.0,54.0,53.5,54.0,22000
2025-01-22,54.70000076293945,54.70000076293945,54.29999923706055,54.29999923706055,6000
2025-02-03,54.29999923706055,54.79999923706055,54.0,54.79999923706055,15000
2025-02-04,54.70000076293945,55.0,54.20000076293945,54.59999847412109,21000
2025-02-05,54.70000076293945,55.20000076293945,54.70000076293945,55.20000076293945,7000
2025-02-06,57.09999847412109,57.20000076293945,55.29999923706055,55.400001525878906,21000
2025-02-07,57.20000076293945,57.20000076293945,55.79999923706055,57.0,23000
2025-02-10,57.0,57.09999847412109,56.900001525878906,57.09999847412109,12000
2025-02-11,57.09999847412109,57.29999923706055,57.09999847412109,57.29999923706055,24000
2025-02-12,57.400001525878906,57.79999923706055,57.20000076293945,57.70000076293945,25000
2025-02-13,57.5,58.0,57.0,58.0,22000
2025-02-14,58.0,58.400001525878906,58.0,58.400001525878906,37000
2025-02-17,58.0,58.0,58.0,58.0,1040
2025-02-18,57.79999923706055,57.79999923706055,56.09999847412109,57.0,88000
2025-02-19,57.0,57.20000076293945,56.79999923706055,56.79999923706055,24000
2025-02-20,56.900001525878906,56.900001525878906,56.79999923706055,56.79999923706055,8002
2025-02-21,57.79999923706055,57.79999923706055,57.0,57.09999847412109,17000
2025-02-24,57.0,58.0,57.0,57.900001525878906,27000
2025-02-25,58.0,58.20000076293945,57.0,57.70000076293945,45000
2025-02-26,57.59999847412109,57.59999847412109,56.5,57.0,35009
2025-02-27,57.09999847412109,58.0,57.09999847412109,57.900001525878906,38000
2025-03-03,57.5,58.0,56.900001525878906,58.0,10000
2025-03-04,58.0,58.29999923706055,57.59999847412109,58.29999923706055,16005
2025-03-05,58.29999923706055,58.29999923706055,57.79999923706055,57.79999923706055,4020
2025-03-06,58.70000076293945,58.70000076293945,57.70000076293945,57.70000076293945,6000
2025-03-07,57.70000076293945,58.5,57.59999847412109,58.400001525878906,14000
2025-03-10,58.400001525878906,58.900001525878906,58.400001525878906,58.900001525878906,19000
2025-03-11,58.70000076293945,58.70000076293945,58.29999923706055,58.70000076293945,9000
2025-03-12,58.20000076293945,58.5,58.09999847412109,58.09999847412109,11000
2025-03-13,58.400001525878906,58.400001525878906,57.70000076293945,57.70000076293945,3000
2025-03-14,57.59999847412109,61.0,56.400001525878906,59.09999847412109,131000
2025-03-17,59.09999847412109,61.20000076293945,58.79999923706055,60.0,169000
2025-03-18,60.0,60.0,59.5,59.900001525878906,9000
2025-03-19,59.09999847412109,59.09999847412109,58.59999847412109,58.70000076293945,8000
2025-03-20,58.70000076293945,58.70000076293945,58.400001525878906,58.400001525878906,12000
2025-03-21,58.400001525878906,59.5,58.400001525878906,58.79999923706055,11000
2025-03-24,58.29999923706055,58.29999923706055,58.29999923706055,58.29999923706055,1000
2025-03-25,58.0,58.0,57.79999923706055,57.79999923706055,8000
2025-03-26,58.5,58.5,58.5,58.5,1000
2025-03-27,58.29999923706055,58.400001525878906,58.29999923706055,58.400001525878906,3000
2025-03-28,58.0,58.0,57.09999847412109,57.5,14000
2025-03-31,57.0,57.0,55.79999923706055,55.79999923706055,42000
2025-04-01,56.0,56.20000076293945,55.70000076293945,55.900001525878906,59000
2025-04-02,56.29999923706055,56.29999923706055,56.09999847412109,56.09999847412109,7000
2025-04-07,50.5,50.5,50.5,50.5,69000
2025-04-08,50.70000076293945,53.09999847412109,48.0,50.20000076293945,184000
2025-04-09,50.20000076293945,50.70000076293945,48.5,48.5,72000
2025-04-10,52.900001525878906,53.09999847412109,52.0,53.09999847412109,29000
2025-04-11,52.5,53.09999847412109,52.5,53.0,16000
2025-04-14,53.400001525878906,54.79999923706055,53.29999923706055,54.0,16000
2025-04-15,54.0,55.0,54.0,54.59999847412109,48000
2025-04-16,55.400001525878906,55.400001525878906,54.59999847412109,54.59999847412109,30000
2025-04-17,54.5,54.5,54.20000076293945,54.5,12001
2025-04-18,53.79999923706055,53.79999923706055,53.59999847412109,53.59999847412109,15000
2025-04-21,53.59999847412109,53.59999847412109,52.79999923706055,52.79999923706055,21000
2025-04-22,52.79999923706055,54.59999847412109,52.79999923706055,53.09999847412109,40000
2025-04-23,52.29999923706055,53.09999847412109,51.900001525878906,52.09999847412109,65000
2025-04-24,52.20000076293945,53.0,52.20000076293945,52.70000076293945,33000
2025-04-25,52.70000076293945,55.0,52.70000076293945,54.900001525878906,30000
2025-04-28,54.70000076293945,54.900001525878906,54.09999847412109,54.09999847412109,23000
2025-04-29,54.09999847412109,54.5,53.900001525878906,54.09999847412109,23000
2025-04-30,54.5,54.5,54.09999847412109,54.09999847412109,12000
2025-05-02,54.59999847412109,57.59999847412109,54.59999847412109,56.70000076293945,88060
2025-05-05,56.29999923706055,56.29999923706055,55.0,55.59999847412109,43000
2025-05-06,53.0,57.400001525878906,53.0,55.70000076293945,50000
2025-05-07,55.0,55.900001525878906,55.0,55.900001525878906,13000
2025-05-08,55.5,56.400001525878906,55.5,56.29999923706055,35000
2025-05-09,56.0,57.5,56.0,57.5,64000
2025-05-12,57.0,63.20000076293945,57.0,61.29999923706055,333100
2025-05-13,61.09999847412109,62.09999847412109,59.59999847412109,59.70000076293945,108015
2025-05-14,60.900001525878906,62.400001525878906,59.70000076293945,62.0,107000
2025-05-15,61.900001525878906,61.900001525878906,60.400001525878906,60.400001525878906,45000
2025-05-16,60.900001525878906,62.900001525878906,60.5,60.5,114001
2025-05-19,60.59999847412109,63.09999847412109,60.5,60.70000076293945,263007
2025-05-20,60.20000076293945,61.0,60.20000076293945,61.0,22000
2025-05-21,61.0,61.0,60.20000076293945,60.20000076293945,14000
2025-05-22,60.0,60.0,59.5,59.59999847412109,19001
2025-05-23,59.59999847412109,59.79999923706055,59.0,59.79999923706055,17000
2025-05-26,59.79999923706055,59.79999923706055,58.59999847412109,59.0,15000
2025-05-27,59.59999847412109,59.59999847412109,57.20000076293945,57.900001525878906,71000
2025-05-28,58.79999923706055,58.79999923706055,57.5,57.5,15110
2025-05-29,58.09999847412109,58.70000076293945,58.0,58.70000076293945,10029
2025-06-02,56.79999923706055,57.900001525878906,56.79999923706055,57.900001525878906,12000
2025-06-03,57.5,57.900001525878906,57.20000076293945,57.20000076293945,33144
2025-06-04,57.5,57.900001525878906,57.20000076293945,57.900001525878906,29000
2025-06-05,57.79999923706055,57.79999923706055,56.900001525878906,57.400001525878906,47000
2025-06-06,57.70000076293945,58.70000076293945,57.5,58.0,47000
2025-06-09,58.0,58.29999923706055,56.900001525878906,57.20000076293945,72000
2025-06-10,57.20000076293945,57.900001525878906,57.09999847412109,57.400001525878906,27000
2025-06-11,58.0,58.20000076293945,58.0,58.0,11000
2025-06-12,58.400001525878906,59.900001525878906,58.20000076293945,59.900001525878906,52000
2025-06-13,59.20000076293945,59.20000076293945,58.900001525878906,58.900001525878906,36000
2025-06-16,59.29999923706055,59.29999923706055,59.29999923706055,59.29999923706055,4000
2025-06-17,61.29999923706055,61.29999923706055,58.70000076293945,59.20000076293945,75000
2025-06-18,59.5,59.5,59.0,59.400001525878906,17000
2025-06-19,59.09999847412109,59.09999847412109,58.59999847412109,59.0,13000
2025-06-20,58.5,58.70000076293945,58.400001525878906,58.5,14000
2025-06-23,58.5,58.5,58.20000076293945,58.5,19000
2025-06-24,58.59999847412109,59.20000076293945,58.09999847412109,59.0,106000
2025-06-25,60.0,60.0,58.5,59.900001525878906,68002
2025-06-26,56.0,56.5,55.59999847412109,56.5,33001
2025-06-27,56.5,57.0,56.5,57.0,11000
2025-06-30,56.5,57.29999923706055,56.5,57.29999923706055,3000
2025-07-01,57.79999923706055,57.900001525878906,57.400001525878906,57.400001525878906,7000
2025-07-02,57.400001525878906,57.5,57.400001525878906,57.5,2000
2025-07-03,57.5,58.0,57.0,57.900001525878906,25000
2025-07-04,57.0,57.0,56.59999847412109,57.0,18000
2025-07-07,56.0,56.5,56.0,56.09999847412109,5000
2025-07-08,55.900001525878906,57.20000076293945,55.900001525878906,57.20000076293945,27000
2025-07-09,56.900001525878906,57.0,56.900001525878906,57.0,10000
2025-07-10,57.0,57.20000076293945,56.59999847412109,56.59999847412109,16000
2025-07-11,58.70000076293945,58.70000076293945,56.900001525878906,57.0,53010
2025-07-14,57.0,57.0,56.59999847412109,56.59999847412109,11000
2025-07-15,56.70000076293945,56.79999923706055,56.5,56.5,37000
2025-07-16,56.5,56.5,55.79999923706055,55.79999923706055,35000
2025-07-17,55.59999847412109,55.70000076293945,55.09999847412109,55.59999847412109,13000
2025-07-18,57.0,57.0,55.900001525878906,55.900001525878906,23000
2025-07-21,55.79999923706055,56.20000076293945,55.5,56.20000076293945,10000
2025-07-22,56.20000076293945,56.20000076293945,55.59999847412109,55.70000076293945,11004
2025-07-23,56.0,56.0,55.59999847412109,55.59999847412109,6000
2025-07-24,56.29999923706055,56.29999923706055,55.59999847412109,56.20000076293945,11000
2025-07-25,56.70000076293945,56.70000076293945,55.59999847412109,55.59999847412109,25000
2025-07-28,55.900001525878906,56.79999923706055,55.09999847412109,56.20000076293945,40000
2025-07-29,56.09999847412109,56.09999847412109,55.0,55.29999923706055,33000
2025-07-30,55.20000076293945,55.20000076293945,54.0,54.79999923706055,76000
2025-07-31,54.79999923706055,54.79999923706055,54.5,54.5,9000
2025-08-04,55.400001525878906,55.400001525878906,54.0,54.0,17000
2025-08-05,54.0,54.0,51.79999923706055,53.400001525878906,138000
2025-08-06,53.400001525878906,53.70000076293945,52.900001525878906,53.5,14000
2025-08-07,53.59999847412109,54.5,53.59999847412109,54.5,13000
2025-08-08,54.29999923706055,55.0,54.29999923706055,54.79999923706055,10000
2025-08-11,54.400001525878906,54.79999923706055,53.400001525878906,54.20000076293945,40000
2025-08-12,54.20000076293945,54.29999923706055,54.20000076293945,54.29999923706055,3000
2025-08-13,54.29999923706055,54.29999923706055,54.09999847412109,54.09999847412109,11000
2025-08-14,54.09999847412109,54.900001525878906,54.0,54.20000076293945,23000
2025-08-15,54.20000076293945,54.20000076293945,54.09999847412109,54.09999847412109,4000
2025-08-18,54.59999847412109,54.59999847412109,53.70000076293945,54.5,38000
2025-08-19,54.59999847412109,54.79999923706055,54.5,54.5,26000
2025-08-20,54.09999847412109,54.5,53.70000076293945,54.29999923706055,35100
2025-08-21,54.29999923706055,54.29999923706055,54.0,54.0,15000
2025-08-22,54.70000076293945,54.70000076293945,54.400001525878906,54.400001525878906,7000
2025-08-25,54.400001525878906,54.400001525878906,54.09999847412109,54.09999847412109,22000
2025-08-26,54.20000076293945,54.20000076293945,54.0,54.0,6000
2025-08-27,53.5,54.0,53.5,54.0,21000
2025-08-28,54.0,54.0,53.79999923706055,53.79999923706055,12000
2025-08-29,53.70000076293945,54.29999923706055,53.59999847412109,54.29999923706055,20000
2025-09-01,54.400001525878906,54.5,54.0,54.0,25000
2025-09-02,53.70000076293945,54.09999847412109,53.70000076293945,53.79999923706055,4000
2025-09-03,53.79999923706055,53.900001525878906,53.20000076293945,53.59999847412109,39000
2025-09-04,53.400001525878906,53.900001525878906,53.09999847412109,53.29999923706055,45000
2025-09-05,53.70000076293945,53.70000076293945,53.5,53.70000076293945,5000
2025-09-08,53.70000076293945,54.70000076293945,53.70000076293945,54.5,46000
2025-09-09,55.0,55.20000076293945,54.5,54.59999847412109,48000
2025-09-10,54.70000076293945,54.79999923706055,54.20000076293945,54.20000076293945,22100
2025-09-11,53.70000076293945,53.70000076293945,53.0,53.29999923706055,110000
2025-09-12,53.29999923706055,53.29999923706055,53.0,53.0,29001
2025-09-15,52.70000076293945,53.20000076293945,52.70000076293945,52.900001525878906,13000
2025-09-16,53.0,53.0,52.400001525878906,52.5,40000
2025-09-17,52.79999923706055,52.79999923706055,52.0,52.0,25100
2025-09-18,51.900001525878906,52.400001525878906,51.79999923706055,51.79999923706055,31020
2025-09-19,51.400001525878906,52.20000076293945,51.400001525878906,51.900001525878906,37000
2025-09-22,51.79999923706055,51.79999923706055,51.79999923706055,51.79999923706055,2000
2025-09-23,51.79999923706055,51.79999923706055,51.400001525878906,51.5,36300
2025-09-24,51.29999923706055,52.0,51.29999923706055,52.0,3000
2025-09-25,52.0,52.0,51.59999847412109,51.59999847412109,10000
2025-09-26,51.400001525878906,51.59999847412109,51.400001525878906,51.5,7000
2025-09-30,51.5,51.5,51.20000076293945,51.400001525878906,25000
2025-10-01,51.5,51.5,51.09999847412109,51.09999847412109,15000
2025-10-02,51.400001525878906,51.400001525878906,51.0,51.09999847412109,39000
2025-10-03,51.0,51.29999923706055,51.0,51.09999847412109,19100
2025-10-07,51.09999847412109,51.5,50.59999847412109,50.59999847412109,51000
2025-10-08,50.900001525878906,50.900001525878906,50.5,50.5,17000
2025-10-09,50.5,50.79999923706055,50.400001525878906,50.59999847412109,27013
2025-10-13,50.29999923706055,50.900001525878906,50.0,50.5,9000
2025-10-14,50.59999847412109,50.59999847412109,50.0,50.29999923706055,57000
2025-10-15,50.29999923706055,50.29999923706055,50.0,50.0,29000
2025-10-16,51.0,51.0,50.0,50.09999847412109,27000
2025-10-17,50.0,50.20000076293945,50.0,50.0,17000
2025-10-20,50.0,50.0,49.75,49.900001525878906,17000
2025-10-21,50.0,50.20000076293945,49.900001525878906,49.900001525878906,27000
2025-10-22,49.900001525878906,50.0,49.84999847412109,49.84999847412109,23000
2025-10-23,49.900001525878906,50.09999847412109,49.79999923706055,49.900001525878906,38000
2025-10-27,50.0,50.0,49.900001525878906,49.95000076293945,14000
2025-10-28,49.95000076293945,50.0,49.650001525878906,49.650001525878906,28000
2025-10-29,50.0,50.09999847412109,49.70000076293945,49.70000076293945,11000
2025-10-30,49.5,49.70000076293945,49.400001525878906,49.5,9000
2025-10-31,49.5,49.59999847412109,49.5,49.59999847412109,12025
2025-11-03,49.59999847412109,49.79999923706055,49.09999847412109,49.79999923706055,13001
2025-11-04,49.79999923706055,49.79999923706055,49.20000076293945,49.34999847412109,40000
2025-11-05,49.34999847412109,49.75,49.150001525878906,49.75,6000
2025-11-06,51.0,51.400001525878906,49.75,49.79999923706055,30000
2025-11-07,49.54999923706055,49.70000076293945,49.54999923706055,49.70000076293945,30000
2025-11-10,50.0,50.0,48.5,49.0,87000
2025-11-11,49.20000076293945,49.20000076293945,48.79999923706055,49.09999847412109,21125
2025-11-12,48.5,49.0,48.5,48.84999847412109,23050
2025-11-13,48.95000076293945,48.95000076293945,48.650001525878906,48.79999923706055,13000
2025-11-14,48.79999923706055,48.79999923706055,48.400001525878906,48.400001525878906,17000
2025-11-17,49.70000076293945,49.70000076293945,48.5,48.5,20000
2025-11-18,49.900001525878906,49.900001525878906,48.5,48.5,13000
2025-11-19,48.5,48.5,48.5,48.5,5000
2025-11-20,48.5,48.5,47.400001525878906,47.84999847412109,75000
2025-11-21,47.84999847412109,48.04999923706055,47.25,47.54999923706055,43000
2025-11-24,47.59999847412109,47.59999847412109,46.25,46.70000076293945,152000
2025-11-25,48.59999847412109,48.59999847412109,46.54999923706055,47.0,58000
2025-11-26,46.25,46.84999847412109,46.0,46.04999923706055,201260
2025-11-27,46.04999923706055,46.400001525878906,46.0,46.400001525878906,16000
2025-11-28,46.5,47.09999847412109,46.5,46.95000076293945,14000
2025-12-01,46.59999847412109,47.29999923706055,46.45000076293945,47.29999923706055,33000
2025-12-02,47.29999923706055,47.70000076293945,46.54999923706055,46.84999847412109,50100
2025-12-03,47.09999847412109,47.09999847412109,46.900001525878906,46.95000076293945,10000
2025-12-04,46.84999847412109,47.150001525878906,46.75,46.75,23000
2025-12-05,46.75,47.0,46.150001525878906,46.20000076293945,58000
2025-12-08,46.20000076293945,46.400001525878906,46.04999923706055,46.04999923706055,53280
2025-12-09,46.34999847412109,48.5,45.59999847412109,47.0,106477
2025-12-10,46.59999847412109,46.59999847412109,45.70000076293945,46.25,65002
2025-12-11,45.25,46.34999847412109,45.25,46.0,9000
2025-12-12,45.45000076293945,45.59999847412109,45.20000076293945,45.20000076293945,52000
2025-12-15,45.20000076293945,45.20000076293945,44.70000076293945,45.150001525878906,63000
2025-12-16,44.900001525878906,44.900001525878906,44.54999923706055,44.54999923706055,50000
2025-12-17,44.400001525878906,44.70000076293945,44.400001525878906,44.400001525878906,33000
2025-12-18,44.650001525878906,44.70000076293945,44.25,44.34999847412109,13000
2025-12-19,44.5,45.04999923706055,44.5,45.0,5000
2025-12-22,44.84999847412109,44.95000076293945,44.75,44.95000076293945,5000
2025-12-23,44.59999847412109,45.79999923706055,44.59999847412109,44.84999847412109,10000
2025-12-24,45.0,45.09999847412109,44.900001525878906,45.09999847412109,4000
2025-12-26,45.29999923706055,45.34999847412109,45.04999923706055,45.34999847412109,5000
2025-12-29,45.0,46.150001525878906,45.0,45.5,19000
2025-12-30,45.59999847412109,45.59999847412109,45.20000076293945,45.20000076293945,7000
2025-12-31,45.5,46.20000076293945,45.20000076293945,46.20000076293945,12000
2026-01-02,45.59999847412109,45.59999847412109,45.29999923706055,45.5,11000
2026-01-05,45.09999847412109,45.400001525878906,45.0,45.20000076293945,26000
2026-01-06,45.5,45.5,44.79999923706055,44.79999923706055,32000
2026-01-07,44.59999847412109,44.59999847412109,43.25,44.0,236000
2026-01-08,43.84999847412109,44.09999847412109,43.84999847412109,44.0,15000
2026-01-09,43.59999847412109,44.20000076293945,43.59999847412109,43.79999923706055,16000
2026-01-12,45.20000076293945,45.20000076293945,44.45000076293945,45.0,17000
2026-01-13,45.0,47.400001525878906,45.0,47.400001525878906,75000
2026-01-14,48.20000076293945,48.75,46.400001525878906,46.59999847412109,171002
2026-01-15,46.59999847412109,46.900001525878906,46.150001525878906,46.150001525878906,52002
2026-01-16,46.29999923706055,46.29999923706055,44.79999923706055,45.0,96010
2026-01-19,44.900001525878906,45.0,44.54999923706055,44.79999923706055,29000
2026-01-20,44.70000076293945,44.70000076293945,43.75,44.0,127006
2026-01-21,44.25,44.34999847412109,44.150001525878906,44.29999923706055,38000
2026-01-22,44.29999923706055,44.650001525878906,44.29999923706055,44.5,21000
2026-01-23,44.5,45.400001525878906,44.5,45.0,34000
2026-01-26,45.0,45.0,44.150001525878906,44.54999923706055,32100
2026-01-27,44.54999923706055,44.54999923706055,44.34999847412109,44.54999923706055,26000
2026-01-28,44.54999923706055,45.0,44.5,44.900001525878906,42000
2026-01-29,45.0,45.0,44.54999923706055,44.650001525878906,11000
2026-01-30,44.5,45.29999923706055,44.5,44.900001525878906,19000
2026-02-02,44.5,44.5,44.0,44.29999923706055,23000
2026-02-03,44.0,44.5,44.0,44.09999847412109,6000
2026-02-04,45.29999923706055,45.29999923706055,44.5,44.5,56000
2026-02-05,44.5,45.09999847412109,44.5,44.5,12000
2026-02-06,44.5,44.5,44.0,44.0,24000
2026-02-09,43.70000076293945,44.09999847412109,43.59999847412109,44.09999847412109,24000
2026-02-10,43.95000076293945,44.09999847412109,43.900001525878906,44.0,13000
2026-02-11,44.20000076293945,44.20000076293945,43.5,43.5,37000
2026-02-23,44.0,44.29999923706055,43.75,44.20000076293945,12000
2026-02-24,45.09999847412109,45.09999847412109,43.75,43.75,37000
2026-02-25,44.0,44.79999923706055,44.0,44.54999923706055,42000
2026-02-26,44.29999923706055,44.5,44.29999923706055,44.34999847412109,8000
2026-03-02,44.34999847412109,44.45000076293945,44.34999847412109,44.45000076293945,16000
2026-03-03,47.150001525878906,47.150001525878906,44.34999847412109,44.45000076293945,32124
2026-03-04,44.29999923706055,44.29999923706055,42.150001525878906,42.29999923706055,101000
2026-03-05,43.0,43.20000076293945,42.70000076293945,42.95000076293945,31000
2026-03-06,42.95000076293945,43.34999847412109,42.45000076293945,43.34999847412109,18000
2026-03-09,44.20000076293945,44.20000076293945,43.34999847412109,43.5,38000
2026-03-10,43.900001525878906,44.5,43.84999847412109,43.95000076293945,16000
2026-03-11,44.0,44.45000076293945,44.0,44.45000076293945,45010
2026-03-12,44.20000076293945,44.29999923706055,44.0,44.04999923706055,13000
2026-03-13,46.0,46.0,44.04999923706055,44.150001525878906,29000
2026-03-16,44.5,44.5,44.25,44.29999923706055,16000
2026-03-17,44.29999923706055,44.29999923706055,43.59999847412109,43.75,33000
2026-03-18,43.84999847412109,44.0,43.84999847412109,44.0,6000
2026-03-19,44.0,44.09999847412109,44.0,44.0,7000
2026-03-20,44.54999923706055,44.54999923706055,44.0,44.29999923706055,7050
2026-03-23,44.400001525878906,44.400001525878906,44.0,44.150001525878906,7000
2026-03-24,44.20000076293945,44.20000076293945,43.400001525878906,43.59999847412109,19000
2026-03-25,43.900001525878906,43.95000076293945,43.900001525878906,43.95000076293945,5000
2026-03-26,44.0,44.5,43.900001525878906,43.95000076293945,25000
2026-03-27,44.04999923706055,44.09999847412109,43.75,43.900001525878906,11000
2026-03-30,43.79999923706055,44.900001525878906,43.79999923706055,44.0,105050
2026-03-31,44.20000076293945,44.400001525878906,44.0,44.0,19000
2026-04-01,44.650001525878906,44.650001525878906,44.04999923706055,44.04999923706055,18000
2026-04-02,44.09999847412109,44.29999923706055,43.84999847412109,43.900001525878906,123000
2026-04-07,44.20000076293945,44.20000076293945,44.20000076293945,44.20000076293945,20000
2026-04-08,44.79999923706055,44.79999923706055,44.25,44.34999847412109,29000
2026-04-09,44.34999847412109,44.5,44.34999847412109,44.5,25000
2026-04-10,44.20000076293945,44.900001525878906,44.20000076293945,44.59999847412109,31000
2026-04-13,44.04999923706055,44.20000076293945,43.84999847412109,43.84999847412109,83000
2026-04-14,43.900001525878906,44.45000076293945,43.900001525878906,44.45000076293945,49000
2026-04-15,44.400001525878906,44.70000076293945,44.400001525878906,44.70000076293945,12000
2026-04-16,44.04999923706055,44.75,44.04999923706055,44.45000076293945,20000
2026-04-17,44.45000076293945,45.84999847412109,44.45000076293945,45.29999923706055,38000
2026-04-20,45.29999923706055,45.900001525878906,45.25,45.5,53048
2026-04-21,45.5,46.20000076293945,45.29999923706055,45.75,30000
2026-04-22,45.5,46.150001525878906,45.5,46.0,25000
2026-04-23,46.5,47.09999847412109,45.5,46.0,113000
2026-04-24,46.0,46.20000076293945,45.09999847412109,45.59999847412109,41000
2026-04-27,45.20000076293945,45.70000076293945,45.20000076293945,45.29999923706055,12000
2026-04-28,45.59999847412109,45.59999847412109,44.5,44.79999923706055,58004
2026-04-29,44.79999923706055,45.150001525878906,44.150001525878906,44.400001525878906,36000
2026-04-30,44.95000076293945,44.95000076293945,44.400001525878906,44.400001525878906,16000
2026-05-04,44.400001525878906,44.900001525878906,44.20000076293945,44.29999923706055,47000
2026-05-05,43.75,44.5,43.70000076293945,44.0,23000
2026-05-06,44.09999847412109,44.5,44.09999847412109,44.09999847412109,21000
2026-05-07,44.34999847412109,44.5,44.29999923706055,44.29999923706055,20000
2026-05-08,44.29999923706055,44.29999923706055,43.79999923706055,43.79999923706055,73000
2026-05-11,43.79999923706055,44.0,43.75,43.900001525878906,19000
2026-05-12,43.54999923706055,43.900001525878906,43.5,43.59999847412109,29000
2026-05-13,43.04999923706055,43.84999847412109,43.0,43.0,44000
2026-05-14,42.84999847412109,42.84999847412109,42.0,42.0,108033
2026-05-15,41.79999923706055,42.20000076293945,41.70000076293945,41.79999923706055,40000
2026-05-18,41.5,41.79999923706055,41.5,41.79999923706055,26000
2026-05-19,41.79999923706055,42.29999923706055,41.79999923706055,42.29999923706055,5000
2026-05-20,42.25,42.34999847412109,42.09999847412109,42.09999847412109,17012
2026-05-21,42.150001525878906,42.150001525878906,41.84999847412109,41.95000076293945,25000
2026-05-22,42.0,42.20000076293945,41.29999923706055,41.70000076293945,83000
2026-05-25,41.70000076293945,41.70000076293945,41.29999923706055,41.650001525878906,31000
2026-05-26,41.400001525878906,41.650001525878906,41.29999923706055,41.45000076293945,64000
2026-05-27,41.45000076293945,42.150001525878906,41.45000076293945,42.0,12000
2026-05-28,42.0,42.0,41.70000076293945,41.70000076293945,4000
2026-05-29,42.75,42.75,41.79999923706055,42.0,13000
2026-06-01,42.0,42.29999923706055,41.84999847412109,42.20000076293945,28000
2026-06-02,41.79999923706055,42.0,41.59999847412109,42.0,10000
2026-06-03,42.0,42.0,41.79999923706055,41.79999923706055,26000
2026-06-04,41.84999847412109,41.84999847412109,41.400001525878906,41.45000076293945,59000
2026-06-05,41.5,42.59999847412109,41.5,42.54999923706055,58000
2026-06-08,42.0,42.0,41.0,41.79999923706055,66111
2026-06-09,41.400001525878906,42.25,41.400001525878906,41.900001525878906,10189
2026-06-10,41.84999847412109,41.84999847412109,41.75,41.75,12046
2026-06-11,41.59999847412109,41.900001525878906,41.5,41.84999847412109,38000
2026-06-12,41.900001525878906,42.75,41.900001525878906,42.0,28000
2026-06-15,42.0,42.0,41.59999847412109,42.0,36000
2026-06-16,42.0,42.0,41.59999847412109,41.95000076293945,39000
2026-06-17,41.59999847412109,41.95000076293945,41.59999847412109,41.75,10000
2026-06-18,41.650001525878906,42.0,41.45000076293945,42.0,82000
2026-06-22,41.900001525878906,42.0,41.79999923706055,42.0,19000
2026-06-23,42.0,42.04999923706055,41.84999847412109,42.04999923706055,21000
2026-06-24,42.0,42.0,41.59999847412109,41.95000076293945,82000
2026-06-25,38.5,40.0,38.5,38.84999847412109,131000
2026-06-26,38.900001525878906,38.900001525878906,38.04999923706055,38.09999847412109,34050
2026-06-29,38.54999923706055,38.54999923706055,38.0,38.150001525878906,26000
2026-06-30,38.45000076293945,39.75,38.0,39.59999847412109,44000
2026-07-01,39.0,39.0,38.79999923706055,38.84999847412109,17000
2026-07-02,38.400001525878906,39.09999847412109,38.400001525878906,38.75,46000
2026-07-03,38.20000076293945,39.09999847412109,38.20000076293945,39.09999847412109,13000
2026-07-06,39.45000076293945,40.09999847412109,39.20000076293945,40.0,29000
2026-07-07,40.09999847412109,40.09999847412109,39.400001525878906,39.79999923706055,20000
2026-07-08,39.59999847412109,39.59999847412109,39.29999923706055,39.29999923706055,5010
2026-07-09,41.25,41.25,39.25,39.79999923706055,14000
2026-07-10,39.79999923706055,39.79999923706055,39.79999923706055,39.79999923706055,0
2026-07-13,39.5,39.5,39.04999923706055,39.09999847412109,23000
2026-07-14,39.5,39.70000076293945,38.29999923706055,38.95000076293945,26000
2026-07-15,39.29999923706055,39.29999923706055,39.0,39.29999923706055,4000
2026-07-16,38.5,38.79999923706055,38.5,38.70000076293945,4000
2026-07-17,38.70000076293945,38.900001525878906,38.45000076293945,38.5,38000
2026-07-20,38.75,38.75,38.400001525878906,38.70000076293945,9000
2026-07-21,39.0,39.0,38.34999847412109,38.5,27000
2026-07-22,38.29999923706055,38.5,38.20000076293945,38.34999847412109,25000
2026-07-23,38.79999923706055,38.79999923706055,38.20000076293945,38.5,9000
2026-07-24,38.5,39.09999847412109,38.04999923706055,38.5,65000
2026-07-27,38.5,38.59999847412109,38.45000076293945,38.5,39000
2026-07-28,38.34999847412109,38.45000076293945,38.0,38.25,16000
2026-07-29,38.900001525878906,38.900001525878906,37.79999923706055,38.04999923706055,33000
2026-07-30,38.34999847412109,38.34999847412109,38.04999923706055,38.04999923706055,5000
2026-07-31,38.79999923706055,38.79999923706055,37.79999923706055,38.20000076293945,35000
2026-08-03,38.20000076293945,38.20000076293945,37.84999847412109,37.84999847412109,33000
2026-08-04,38.09999847412109,38.70000076293945,37.900001525878906,38.650001525878906,25000
2026-08-05,38.20000076293945,38.34999847412109,38.0,38.0,14000
2026-08-06,38.09999847412109,38.20000076293945,37.79999923706055,38.09999847412109,38000
2026-08-07,38.0,38.25,37.84999847412109,38.04999923706055,8000
2026-08-10,38.04999923706055,38.09999847412109,37.84999847412109,38.0,32000
2026-08-11,38.0,39.04999923706055,38.0,38.5,26000
2026-08-12,40.04999923706055,40.20000076293945,39.34999847412109,40.0,112000
2026-08-13,40.25,42.150001525878906,40.25,41.5,84003
2026-08-14,41.70000076293945,42.0,41.0,41.5,57000
2026-08-17,41.5,41.95000076293945,41.09999847412109,41.5,46000
2026-08-18,41.5,41.70000076293945,41.04999923706055,41.5,37000
2026-08-19,41.5,41.95000076293945,41.29999923706055,41.59999847412109,65000
2026-08-20,41.900001525878906,42.150001525878906,41.5,41.900001525878906,104000
2026-08-21,42.20000076293945,43.04999923706055,42.0,43.0,65000
2026-08-24,43.45000076293945,44.09999847412109,43.150001525878906,43.650001525878906,62300
2026-08-25,43.79999923706055,44.29999923706055,43.5,43.5,68000
2026-08-26,43.59999847412109,43.70000076293945,42.09999847412109,42.5,125000
2026-08-27,42.5,43.0,41.59999847412109,41.75,44000
2026-08-28,41.75,42.09999847412109,40.79999923706055,41.0,30000
2026-08-31,40.150001525878906,41.75,40.09999847412109,41.75,25000
2026-09-01,42.34999847412109,42.400001525878906,41.20000076293945,41.75,31000
2026-09-02,41.150001525878906,41.75,41.0,41.70000076293945,40000
2026-09-03,41.70000076293945,41.900001525878906,41.25,41.70000076293945,15000
2026-09-04,41.84999847412109,42.20000076293945,41.5,41.79999923706055,32000
2026-09-07,42.0,42.25,41.5,41.79999923706055,17000
2026-09-08,42.400001525878906,42.400001525878906,41.5,41.79999923706055,16000
2026-09-09,41.09999847412109,42.0,41.09999847412109,41.5,28150
2026-09-10,41.5,42.20000076293945,41.5,41.70000076293945,35050
2026-09-11,41.79999923706055,41.900001525878906,41.09999847412109,41.75,24000
2026-09-14,41.75,41.75,41.59999847412109,41.70000076293945,4006
2026-09-15,42.09999847412109,42.20000076293945,41.20000076293945,41.70000076293945,29000
2026-09-16,42.34999847412109,43.09999847412109,41.0,42.20000076293945,118000
2026-09-17,42.20000076293945,43.0,41.59999847412109,42.400001525878906,65000
2026-09-18,42.54999923706055,42.79999923706055,42.400001525878906,42.400001525878906,12000
2026-09-21,42.79999923706055,42.79999923706055,41.95000076293945,42.400001525878906,16000
2026-09-22,42.400001525878906,42.75,41.79999923706055,42.400001525878906,25000
2026-09-23,42.25,42.29999923706055,42.0,42.0,14000
2026-09-24,41.900001525878906,42.0,41.900001525878906,42.0,9000
2026-09-29,42.20000076293945,42.5,41.70000076293945,41.79999923706055,20000
2026-09-30,41.79999923706055,42.650001525878906,41.79999923706055,42.59999847412109,56000
2026-10-01,42.59999847412109,43.09999847412109,42.5,43.0,59000
2026-10-02,42.900001525878906,42.900001525878906,42.04999923706055,42.70000076293945,47000
2026-10-05,42.5,42.5,41.79999923706055,42.5,17000
2026-10-06,41.79999923706055,42.5,41.79999923706055,42.5,11000
2026-10-07,41.849998474121094,42.29999923706055,41.70000076293945,42.29999923706055,11000
2026-10-08,42.099998474121094,42.70000076293945,42.099998474121094,42.70000076293945,45000
