date,open,high,low,close,volume
2020-01-02,20.253681182861328,21.807920455932617,20.20511054992676,21.370790481567383,659860
2020-01-03,21.370790481567383,21.71077919006348,20.399391174316406,20.739381790161133,305634
2020-01-06,20.836519241333008,21.079370498657227,19.719411849975582,20.399391174316406,242380
2020-01-07,20.59367179870605,22.439329147338867,20.35082054138184,22.439329147338867,492848
2020-01-08,22.439329147338867,24.284988403320312,21.41935920715332,22.29361915588379,875055
2020-01-09,21.95363044738769,22.68218040466309,21.46792984008789,22.099340438842773,220473
2020-01-10,22.536470413208008,22.585039138793945,22.099340438842773,22.14790916442871,189931
2020-01-13,22.14790916442871,22.14790916442871,19.96226119995117,20.49653053283692,467898
2020-01-14,20.49653053283692,21.61363983154297,20.49653053283692,21.61363983154297,139649
2020-01-15,21.41935920715332,22.14790916442871,21.41935920715332,22.00219917297364,63191
2020-01-16,21.807920455932617,22.63360977172852,21.41935920715332,22.19647979736328,130819
2020-01-17,22.585039138793945,22.585039138793945,21.856489181518555,22.14790916442871,127927
2020-01-20,22.14790916442871,22.536470413208008,22.099340438842773,22.39076042175293,94761
2020-01-30,21.66221046447754,21.66221046447754,20.15654182434082,21.32221984863281,147242
2020-01-31,20.20511054992676,21.17650985717773,20.20511054992676,21.17650985717773,89560
2020-02-03,19.9136905670166,20.88508987426757,19.719411849975582,20.49653053283692,164709
2020-02-04,17.776611328125,20.93366050720215,17.776611328125,20.93366050720215,27195
2020-02-05,20.739381790161133,20.739381790161133,20.69081115722656,20.739381790161133,16638
2020-02-06,20.642240524291992,21.030799865722656,20.642240524291992,20.78795051574707,23156
2020-02-07,20.642240524291992,20.69081115722656,20.35082054138184,20.399391174316406,80402
2020-02-10,20.399391174316406,20.59367179870605,19.9136905670166,20.3022518157959,94872
2020-02-11,20.253681182861328,20.253681182861328,19.96226119995117,20.10797119140625,50124
2020-02-12,20.15654182434082,20.20511054992676,20.10797119140625,20.20511054992676,20991
2020-02-13,20.20511054992676,20.399391174316406,20.20511054992676,20.253681182861328,28427
2020-02-14,20.35082054138184,20.78795051574707,20.35082054138184,20.78795051574707,42550
2020-02-17,20.88508987426757,21.127939224243164,20.78795051574707,21.127939224243164,29433
2020-02-18,21.079370498657227,21.17650985717773,20.93366050720215,21.127939224243164,37060
2020-02-19,20.59367179870605,21.17650985717773,20.59367179870605,21.17650985717773,23890
2020-02-20,21.225080490112305,21.225080490112305,20.78795051574707,20.88508987426757,38991
2020-02-21,20.836519241333008,20.88508987426757,20.836519241333008,20.88508987426757,15998
2020-02-24,20.10797119140625,20.3022518157959,20.10797119140625,20.253681182861328,27797
2020-02-25,19.476560592651367,19.9136905670166,19.42799186706543,19.9136905670166,91620
2020-02-26,19.816551208496094,19.816551208496094,19.039430618286133,19.18514060974121,90589
2020-02-27,19.767980575561523,19.767980575561523,18.55373191833496,19.18514060974121,151318
2020-03-02,18.65087127685547,18.84515190124512,18.55373191833496,18.69944190979004,74119
2020-03-03,18.942291259765625,19.088001251220703,18.89372062683105,18.89372062683105,21774
2020-03-04,18.84515190124512,19.525131225585938,18.84515190124512,19.23371124267578,10916
2020-03-05,19.37942123413086,21.030799865722656,19.37942123413086,20.59367179870605,156859
2020-03-06,20.399391174316406,20.49653053283692,19.865121841430664,20.15654182434082,46673
2020-03-09,20.10797119140625,20.15654182434082,19.37942123413086,19.37942123413086,60754
2020-03-10,19.33085060119629,19.33085060119629,18.84515190124512,19.039430618286133,63500
2020-03-11,19.13657188415528,19.23371124267578,18.6023006439209,18.6023006439209,32942
2020-03-12,18.456592559814453,18.456592559814453,16.756641387939453,16.756641387939453,258596
2020-03-13,15.153833389282228,15.833812713623049,15.105262756347656,15.833812713623049,242245
2020-03-16,14.668132781982422,15.833812713623049,14.668132781982422,15.54239273071289,48443
2020-03-17,15.153833389282228,15.54239273071289,15.153833389282228,15.54239273071289,64338
2020-03-18,15.930953025817873,16.028093338012695,15.54239273071289,16.028093338012695,70002
2020-03-19,15.20240306854248,15.833812713623049,14.425283432006836,15.73667335510254,139681
2020-03-20,16.028093338012695,17.242341995239258,15.54239273071289,16.610931396484375,29801
2020-03-23,16.513792037963867,16.999492645263672,16.36808204650879,16.999492645263672,12868
2020-03-24,16.999492645263672,17.436622619628906,16.513792037963867,17.242341995239258,38090
2020-03-25,17.242341995239258,17.87375259399414,17.193771362304688,17.193771362304688,49414
2020-03-26,17.290912628173828,17.776611328125,16.999492645263672,17.485191345214844,53531
2020-03-27,17.485191345214844,17.485191345214844,17.193771362304688,17.193771362304688,33154
2020-03-30,16.22237205505371,17.193771362304688,16.076662063598633,17.09663200378418,32154
2020-03-31,17.193771362304688,17.436622619628906,16.756641387939453,16.9509220123291,19559
2020-04-01,17.339481353759766,17.339481353759766,16.562362670898438,16.562362670898438,6176
2020-04-06,16.513792037963867,16.853782653808594,15.688102722167969,16.708072662353516,23677
2020-04-07,16.708072662353516,17.290912628173828,16.708072662353516,17.193771362304688,43751
2020-04-08,17.339481353759766,17.582332611083984,17.09663200378418,17.582332611083984,59903
2020-04-09,16.708072662353516,17.630901336669922,16.708072662353516,17.485191345214844,25442
2020-04-10,17.485191345214844,17.582332611083984,17.388051986694336,17.388051986694336,28983
2020-04-13,17.339481353759766,17.339481353759766,17.04806137084961,17.09663200378418,15441
2020-04-14,17.09663200378418,17.776611328125,16.90235137939453,17.630901336669922,71299
2020-04-15,17.485191345214844,18.408021926879883,17.485191345214844,18.116601943969727,85059
2020-04-16,17.242341995239258,18.116601943969727,17.242341995239258,17.82518196105957,15148
2020-04-17,18.01946258544922,18.01946258544922,17.582332611083984,17.582332611083984,31709
2020-04-20,17.97089195251465,17.97089195251465,17.485191345214844,17.679471969604492,83679
2020-04-21,17.728042602539062,17.82518196105957,17.436622619628906,17.533761978149414,38093
2020-04-22,17.533761978149414,17.87375259399414,17.485191345214844,17.87375259399414,36545
2020-04-23,18.165172576904297,19.37942123413086,18.116601943969727,19.18514060974121,114414
2020-04-24,19.42799186706543,20.10797119140625,19.23371124267578,19.23371124267578,91186
2020-04-27,19.039430618286133,20.399391174316406,19.039430618286133,19.719411849975582,42946
2020-04-28,19.719411849975582,20.642240524291992,19.42799186706543,20.59367179870605,144817
2020-04-29,21.51650047302246,21.856489181518555,20.642240524291992,21.66221046447754,159777
2020-04-30,21.370790481567383,21.759349822998047,21.32221984863281,21.66221046447754,63652
2020-05-04,21.32221984863281,21.32221984863281,20.78795051574707,21.17650985717773,11505
2020-05-05,20.98222923278809,21.905059814453125,20.88508987426757,21.46792984008789,49633
2020-05-06,20.93366050720215,21.46792984008789,20.93366050720215,20.93366050720215,39118
2020-05-07,20.88508987426757,21.51650047302246,20.88508987426757,20.93366050720215,49340
2020-05-08,20.98222923278809,21.17650985717773,20.88508987426757,20.98222923278809,11911
2020-05-11,20.98222923278809,21.370790481567383,20.98222923278809,21.17650985717773,19693
2020-05-12,21.225080490112305,21.61363983154297,21.17650985717773,21.225080490112305,64059
2020-05-13,19.96226119995117,21.27364921569824,19.96226119995117,20.836519241333008,69484
2020-05-14,20.3022518157959,20.59367179870605,20.20511054992676,20.399391174316406,55620
2020-05-15,20.78795051574707,20.836519241333008,19.23371124267578,20.836519241333008,53436
2020-05-18,20.399391174316406,20.78795051574707,20.399391174316406,20.78795051574707,19782
2020-05-19,20.78795051574707,21.17650985717773,20.59367179870605,21.17650985717773,25097
2020-05-20,21.370790481567383,21.370790481567383,21.225080490112305,21.225080490112305,67453
2020-05-21,21.225080490112305,21.807920455932617,21.225080490112305,21.46792984008789,133507
2020-05-22,21.27364921569824,21.370790481567383,20.69081115722656,20.98222923278809,19673
2020-05-25,21.27364921569824,21.370790481567383,21.27364921569824,21.370790481567383,11839
2020-05-26,21.71077919006348,21.71077919006348,21.41935920715332,21.41935920715332,22647
2020-05-27,21.46792984008789,21.46792984008789,21.27364921569824,21.27364921569824,48383
2020-05-28,21.27364921569824,21.27364921569824,21.079370498657227,21.27364921569824,39131
2020-05-29,21.27364921569824,21.27364921569824,20.69081115722656,21.079370498657227,11838
2020-06-01,20.69081115722656,20.93366050720215,20.69081115722656,20.739381790161133,12494
2020-06-02,20.78795051574707,21.32221984863281,20.78795051574707,21.32221984863281,51006
2020-06-03,20.98222923278809,21.32221984863281,20.88508987426757,20.88508987426757,12906
2020-06-04,20.88508987426757,20.88508987426757,20.78795051574707,20.88508987426757,27869
2020-06-05,20.88508987426757,21.32221984863281,20.88508987426757,21.32221984863281,35516
2020-06-08,21.27364921569824,21.27364921569824,20.836519241333008,20.836519241333008,32993
2020-06-09,20.88508987426757,21.46792984008789,20.836519241333008,21.370790481567383,142669
2020-06-10,21.079370498657227,21.370790481567383,20.98222923278809,21.370790481567383,135811
2020-06-11,21.030799865722656,21.030799865722656,20.20511054992676,20.20511054992676,94977
2020-06-12,20.20511054992676,20.35082054138184,19.96226119995117,20.20511054992676,41064
2020-06-15,20.20511054992676,22.19647979736328,20.20511054992676,22.19647979736328,310421
2020-06-16,22.439329147338867,24.382129669189453,22.439329147338867,24.333559036254883,468257
2020-06-17,23.313589096069336,24.042139053344727,22.68218040466309,22.8764591217041,163704
2020-06-18,22.34218978881836,23.84785842895508,22.34218978881836,23.02216911315918,73163
2020-06-19,23.79928970336914,25.30495834350586,23.02216911315918,25.30495834350586,339121
2020-06-22,27.63631820678711,27.830596923828125,27.004907608032227,27.830596923828125,704621
2020-06-23,27.68488883972168,30.50194549560547,26.81062889099121,30.45337677001953,548828
2020-06-24,30.45337677001953,31.08478546142578,29.239126205444336,29.239126205444336,459558
2020-06-29,29.239126205444336,30.113386154174805,28.21915626525879,29.433406829833984,172429
2020-06-30,29.38483619689941,29.77339744567871,28.41343688964844,29.62768745422364,162414
2020-07-01,30.259096145629883,30.307666778564453,29.141986846923828,29.72482681274414,124237
2020-07-02,29.72482681274414,30.841936111450195,29.72482681274414,30.59908676147461,183435
2020-07-03,30.89050674438477,33.65899658203125,30.89050674438477,33.65899658203125,367935
2020-07-06,37.01032257080078,37.01032257080078,37.01032257080078,37.01032257080078,313775
2020-07-07,40.70164108276367,40.70164108276367,40.70164108276367,40.70164108276367,328601
2020-07-08,43.712982177734375,44.732948303222656,42.741580963134766,44.39295959472656,1435951
2020-07-09,44.19868087768555,44.19868087768555,43.27585220336914,43.518699645996094,442515
2020-07-10,43.47013092041016,43.81011962890625,41.67304229736328,43.81011962890625,292919
2020-07-13,41.381622314453125,44.19868087768555,41.381622314453125,44.15010833740234,302286
2020-07-14,43.5672721862793,48.08427810668945,43.5672721862793,45.46149826049805,496438
2020-07-15,43.615840911865234,45.17007827758789,43.615840911865234,45.072940826416016,168659
2020-07-16,46.578609466552734,46.62717819213867,45.7529182434082,46.09291076660156,257436
2020-07-17,45.55863952636719,45.55863952636719,43.518699645996094,43.712982177734375,442526
2020-07-20,43.712982177734375,43.81011962890625,39.34168243408203,40.02166366577149,488269
2020-07-21,40.02166366577149,40.99306106567383,38.37028121948242,40.16737365722656,351041
2020-07-22,39.8273811340332,43.712982177734375,39.8273811340332,42.69301223754883,149028
2020-07-23,42.15874099731445,43.712982177734375,41.77017974853516,42.644439697265625,138938
2020-07-24,42.644439697265625,44.19868087768555,42.644439697265625,43.13014221191406,226301
2020-07-27,43.712982177734375,44.58723831176758,43.372989654541016,43.42156219482422,171218
2020-07-28,43.42156219482422,43.615840911865234,41.96446228027344,41.96446228027344,152937
2020-07-29,41.91588973999024,43.22727966308594,41.62446975708008,41.62446975708008,137128
2020-07-30,41.77017974853516,43.90726089477539,41.77017974853516,41.91588973999024,98366
2020-07-31,41.91588973999024,41.96446228027344,39.875953674316406,41.57590103149414,77190
2020-08-03,41.478763580322266,41.478763580322266,40.79878234863281,40.79878234863281,83033
2020-08-04,40.79878234863281,41.381622314453125,40.79878234863281,40.89592361450195,66303
2020-08-05,40.507362365722656,40.99306106567383,40.507362365722656,40.99306106567383,55624
2020-08-06,40.99306106567383,41.04163360595703,40.70164108276367,40.79878234863281,44264
2020-08-07,40.41022109985352,41.96446228027344,40.41022109985352,41.381622314453125,67870
2020-08-10,41.381622314453125,43.66440963745117,41.381622314453125,42.98443222045898,172902
2020-08-11,41.81875228881836,42.7901496887207,40.6045036315918,42.15874099731445,44476
2020-08-12,42.15874099731445,42.15874099731445,41.284481048583984,41.284481048583984,34252
2020-08-13,43.5672721862793,43.5672721862793,41.284481048583984,41.33305358886719,90306
2020-08-14,41.284481048583984,41.77017974853516,40.99306106567383,41.381622314453125,37539
2020-08-17,41.381622314453125,41.91588973999024,40.79878234863281,41.381622314453125,58723
2020-08-18,43.13014221191406,43.13014221191406,40.84735107421875,41.8673210144043,53551
2020-08-19,42.35301971435547,42.35301971435547,40.75021362304688,40.75021362304688,55739
2020-08-20,40.75021362304688,41.04163360595703,37.2046012878418,39.34168243408203,129709
2020-08-21,39.34168243408203,40.11880111694336,39.34168243408203,39.63310241699219,27244
2020-08-24,39.63310241699219,39.681671142578125,38.85598373413086,39.34168243408203,52556
2020-08-25,39.34168243408203,40.31308364868164,39.293113708496094,39.92452239990234,49872
2020-08-26,40.02166366577149,40.70164108276367,39.77881240844727,39.8273811340332,24417
2020-08-27,40.2159423828125,40.2159423828125,39.58453369140625,39.63310241699219,24191
2020-08-28,39.34168243408203,40.2159423828125,39.34168243408203,39.681671142578125,60172
2020-08-31,40.2159423828125,40.79878234863281,39.73024368286133,39.8273811340332,44266
2020-09-01,39.8273811340332,41.284481048583984,39.8273811340332,41.284481048583984,116934
2020-09-02,41.284481048583984,45.41292953491211,41.284481048583984,45.41292953491211,439466
2020-09-03,48.56997680664063,49.92993927001953,46.62717819213867,49.54137802124024,743341
2020-09-04,48.08427810668945,49.05567932128906,47.59857940673828,48.32712936401367,285627
2020-09-07,49.34709930419922,51.19275665283203,48.37569808959961,49.73565673828125,301132
2020-09-08,49.54137802124024,50.51277923583984,46.82146072387695,47.307159423828125,278485
2020-09-09,47.11288070678711,47.11288070678711,45.65578079223633,46.77288818359375,119242
2020-09-10,46.82146072387695,46.82146072387695,44.97579956054688,44.97579956054688,144001
2020-09-11,45.850059509277344,47.55001068115234,44.68437957763672,46.04433822631836,182329
2020-09-14,45.801490783691406,46.33575820922852,44.68437957763672,46.28718948364258,111810
2020-09-15,44.87865829467773,46.91859817504883,44.87865829467773,46.23862075805664,80006
2020-09-16,46.23862075805664,46.432899475097656,45.31578826904297,46.38433074951172,56078
2020-09-17,46.578609466552734,46.62717819213867,45.7529182434082,45.94720077514648,49529
2020-09-18,45.65578079223633,46.1414794921875,44.68437957763672,45.7529182434082,100703
2020-09-21,45.7529182434082,45.7529182434082,44.00439834594727,44.00439834594727,185462
2020-09-22,43.90726089477539,44.00439834594727,42.83872222900391,43.27585220336914,82191
2020-09-23,44.101539611816406,44.15010833740234,42.88729095458984,43.1787109375,35328
2020-09-24,41.33305358886719,42.741580963134766,40.79878234863281,41.284481048583984,118385
2020-09-25,41.09020233154297,41.33305358886719,39.63310241699219,40.11880111694336,86473
2020-09-28,40.11880111694336,41.09020233154297,39.73024368286133,39.875953674316406,72974
2020-09-29,40.70164108276367,40.79878234863281,39.8273811340332,40.41022109985352,45254
2020-09-30,40.70164108276367,40.75021362304688,39.92452239990234,40.75021362304688,10567
2020-10-05,40.75021362304688,40.75021362304688,40.02166366577149,40.507362365722656,8856
2020-10-06,40.507362365722656,40.79878234863281,40.02166366577149,40.507362365722656,27841
2020-10-07,40.75021362304688,41.09020233154297,40.11880111694336,41.09020233154297,17654
2020-10-08,41.23591232299805,41.23591232299805,40.02166366577149,41.09020233154297,34903
2020-10-12,41.09020233154297,41.09020233154297,40.45879364013672,40.45879364013672,21753
2020-10-13,40.11880111694336,40.41022109985352,39.681671142578125,40.11880111694336,31423
2020-10-14,40.11880111694336,40.2159423828125,39.681671142578125,39.681671142578125,39839
2020-10-15,39.8273811340332,39.8273811340332,39.24454116821289,39.24454116821289,66055
2020-10-16,36.913185119628906,40.6045036315918,36.913185119628906,38.85598373413086,52846
2020-10-19,38.03029251098633,39.8273811340332,38.03029251098633,39.8273811340332,34833
2020-10-20,39.05026245117188,39.8273811340332,38.75884246826172,38.85598373413086,45107
2020-10-21,40.26451110839844,40.26451110839844,38.5645637512207,38.61313247680664,50442
2020-10-22,38.85598373413086,38.85598373413086,38.078861236572266,38.807411193847656,31878
2020-10-23,38.807411193847656,38.85598373413086,38.5645637512207,38.807411193847656,18851
2020-10-26,38.078861236572266,38.66170120239258,38.03029251098633,38.5159912109375,19654
2020-10-27,38.5159912109375,38.5159912109375,37.447452545166016,38.37028121948242,9464
2020-10-28,38.03029251098633,38.03029251098633,37.39888381958008,37.39888381958008,28106
2020-10-29,37.39888381958008,37.88458251953125,35.9417839050293,37.88458251953125,14722
2020-10-30,37.01032257080078,37.88458251953125,36.62176513671875,37.447452545166016,4164
2020-11-02,37.447452545166016,37.447452545166016,35.9417839050293,36.52462387084961,60016
2020-11-03,36.52462387084961,37.88458251953125,36.03892517089844,37.253173828125,50519
2020-11-04,37.39888381958008,37.39888381958008,36.42748260498047,37.253173828125,35149
2020-11-05,37.10746383666992,37.39888381958008,36.52462387084961,37.05889129638672,25931
2020-11-06,36.913185119628906,38.66170120239258,36.913185119628906,38.66170120239258,23677
2020-11-09,39.05026245117188,39.05026245117188,37.59316253662109,37.88458251953125,45904
2020-11-10,37.01032257080078,38.46742248535156,36.913185119628906,36.96175384521485,31003
2020-11-11,39.00169372558594,39.00169372558594,37.10746383666992,38.5159912109375,32888
2020-11-12,38.85598373413086,38.85598373413086,37.64173126220703,37.64173126220703,25077
2020-11-13,36.96175384521485,38.176002502441406,36.96175384521485,38.12743377685547,3088
2020-11-16,38.12743377685547,38.66170120239258,37.88458251953125,38.12743377685547,18555
2020-11-17,38.176002502441406,38.176002502441406,37.69030380249024,37.69030380249024,23854
2020-11-18,37.88458251953125,37.88458251953125,37.39888381958008,37.88458251953125,39251
2020-11-19,37.88458251953125,37.88458251953125,37.253173828125,37.83601379394531,23043
2020-11-20,37.88458251953125,37.88458251953125,37.2046012878418,37.49602127075195,42268
2020-11-23,37.49602127075195,37.88458251953125,36.913185119628906,37.88458251953125,231623
2020-11-24,37.39888381958008,37.78744125366211,37.01032257080078,37.01032257080078,27218
2020-11-25,37.05889129638672,37.49602127075195,36.913185119628906,36.913185119628906,49589
2020-11-26,36.96175384521485,37.73887252807617,36.96175384521485,37.73887252807617,46324
2020-11-27,38.03029251098633,38.37028121948242,37.01032257080078,37.78744125366211,67602
2020-11-30,38.85598373413086,41.5273323059082,38.75884246826172,41.5273323059082,803068
2020-12-01,43.712982177734375,45.26721954345703,41.5273323059082,42.49872970581055,571076
2020-12-02,41.77017974853516,42.45016098022461,39.63310241699219,40.79878234863281,120144
2020-12-03,39.92452239990234,40.6045036315918,39.05026245117188,39.05026245117188,125805
2020-12-04,40.31308364868164,40.6045036315918,39.19597244262695,40.555931091308594,28015
2020-12-07,39.8273811340332,39.875953674316406,38.27314376831055,39.34168243408203,96125
2020-12-08,37.69030380249024,38.9045524597168,37.69030380249024,38.66170120239258,50442
2020-12-09,38.66170120239258,38.85598373413086,37.78744125366211,37.83601379394531,41177
2020-12-10,37.49602127075195,38.37028121948242,37.05889129638672,37.88458251953125,24026
2020-12-11,37.2046012878418,38.75884246826172,37.2046012878418,37.69030380249024,59711
2020-12-14,38.176002502441406,38.32171249389648,38.176002502441406,38.27314376831055,24770
2020-12-15,38.27314376831055,38.32171249389648,37.49602127075195,38.32171249389648,45515
2020-12-16,37.49602127075195,38.32171249389648,37.35031127929688,37.59316253662109,67003
2020-12-17,37.78744125366211,37.88458251953125,37.10746383666992,37.30174255371094,51374
2020-12-18,37.253173828125,37.39888381958008,37.10746383666992,37.10746383666992,81276
2020-12-21,36.913185119628906,39.63310241699219,36.913185119628906,38.176002502441406,43068
2020-12-22,38.176002502441406,38.176002502441406,36.71890258789063,36.71890258789063,64046
2020-12-23,36.913185119628906,37.69030380249024,36.913185119628906,37.69030380249024,19559
2020-12-24,38.61313247680664,38.61313247680664,37.15603256225586,37.253173828125,40341
2020-12-25,37.2046012878418,37.39888381958008,37.2046012878418,37.253173828125,30687
2020-12-28,37.69030380249024,37.69030380249024,37.2046012878418,37.49602127075195,155081
2020-12-29,37.49602127075195,37.59316253662109,37.2046012878418,37.59316253662109,23348
2020-12-30,37.59316253662109,37.78744125366211,37.10746383666992,37.2046012878418,30492
2020-12-31,37.30174255371094,38.71027374267578,37.253173828125,38.71027374267578,32368
2021-01-04,38.85598373413086,38.85598373413086,37.88458251953125,38.66170120239258,19438
2021-01-05,38.66170120239258,38.66170120239258,37.98172378540039,38.32171249389648,27536
2021-01-06,38.32171249389648,38.32171249389648,37.447452545166016,37.49602127075195,40148
2021-01-07,38.32171249389648,38.807411193847656,37.49602127075195,37.88458251953125,61442
2021-01-08,38.66170120239258,39.34168243408203,37.59316253662109,38.32171249389648,32085
2021-01-11,37.88458251953125,38.807411193847656,37.88458251953125,38.807411193847656,44360
2021-01-12,37.88458251953125,38.71027374267578,37.88458251953125,38.71027374267578,53128
2021-01-13,38.75884246826172,40.65307235717773,38.27314376831055,39.43882369995117,152260
2021-01-14,39.77881240844727,39.77881240844727,38.807411193847656,38.85598373413086,61016
2021-01-15,39.73024368286133,39.73024368286133,38.37028121948242,38.37028121948242,65153
2021-01-18,40.6045036315918,40.6045036315918,39.00169372558594,39.8273811340332,133770
2021-01-19,39.8273811340332,40.31308364868164,39.147403717041016,39.73024368286133,20295
2021-01-20,39.34168243408203,39.34168243408203,38.66170120239258,38.66170120239258,37190
2021-01-21,40.11880111694336,40.11880111694336,37.88458251953125,38.807411193847656,65811
2021-01-22,40.07023239135742,40.07023239135742,38.66170120239258,38.75884246826172,41225
2021-01-25,38.418853759765625,38.46742248535156,37.88458251953125,38.46742248535156,60056
2021-01-26,38.46742248535156,38.46742248535156,36.42748260498047,37.54459381103516,83377
2021-01-27,37.01032257080078,37.69030380249024,36.913185119628906,37.49602127075195,13446
2021-01-28,37.01032257080078,37.15603256225586,36.76747512817383,36.913185119628906,65884
2021-01-29,36.816043853759766,36.913185119628906,36.330345153808594,36.330345153808594,53572
2021-02-01,36.330345153808594,37.69030380249024,36.330345153808594,36.76747512817383,58828
2021-02-02,36.62176513671875,37.83601379394531,36.62176513671875,37.10746383666992,27967
2021-02-03,37.49602127075195,37.49602127075195,36.913185119628906,36.913185119628906,12693
2021-02-04,37.59316253662109,37.59316253662109,37.01032257080078,37.10746383666992,23677
2021-02-05,37.49602127075195,37.88458251953125,37.49602127075195,37.73887252807617,57654
2021-02-17,41.138771057128906,41.138771057128906,37.88458251953125,40.11880111694336,163636
2021-02-18,40.11880111694336,40.6045036315918,39.63310241699219,40.11880111694336,98338
2021-02-19,40.11880111694336,41.77017974853516,40.11880111694336,40.31308364868164,129708
2021-02-22,40.89592361450195,41.478763580322266,40.11880111694336,40.94449234008789,83735
2021-02-23,40.89592361450195,41.33305358886719,39.8273811340332,41.09020233154297,66088
2021-02-24,41.284481048583984,41.284481048583984,40.99306106567383,41.23591232299805,75216
2021-02-25,41.67304229736328,43.712982177734375,41.18734359741211,43.712982177734375,196166
2021-02-26,43.22727966308594,44.68437957763672,43.22727966308594,44.68437957763672,142893
2021-03-02,45.65578079223633,49.05567932128906,45.65578079223633,47.98714065551758,452700
2021-03-03,47.88999938964844,51.48417663574219,47.7928581237793,49.73565673828125,475835
2021-03-04,49.73565673828125,49.73565673828125,47.40430068969727,48.27856063842773,264621
2021-03-05,47.59857940673828,48.95853805541992,47.06430816650391,48.42427062988281,91862
2021-03-08,48.42427062988281,48.86139678955078,47.59857940673828,48.47283935546875,125830
2021-03-09,48.56997680664063,49.54137802124024,46.62717819213867,47.59857940673828,104758
2021-03-10,48.08427810668945,48.56997680664063,47.59857940673828,47.88999938964844,38802
2021-03-11,48.56997680664063,48.56997680664063,47.59857940673828,48.08427810668945,91762
2021-03-12,47.88999938964844,47.88999938964844,46.23862075805664,46.82146072387695,122742
2021-03-15,47.59857940673828,47.59857940673828,46.4814682006836,46.82146072387695,55790
2021-03-16,47.40430068969727,47.40430068969727,46.62717819213867,46.87002944946289,103551
2021-03-17,46.62717819213867,47.11288070678711,46.33575820922852,46.72431945800781,74511
2021-03-18,47.307159423828125,47.307159423828125,46.28718948364258,46.28718948364258,40354
2021-03-19,46.5300407409668,46.82146072387695,45.21865081787109,46.82146072387695,135052
2021-03-22,45.850059509277344,46.82146072387695,45.7529182434082,46.62717819213867,74315
2021-03-23,46.72431945800781,46.72431945800781,45.65578079223633,45.704349517822266,69281
2021-03-24,46.1414794921875,48.667118072509766,45.65578079223633,48.56997680664063,272658
2021-03-25,48.56997680664063,49.83279800415039,47.7928581237793,48.32712936401367,103064
2021-03-26,48.37569808959961,49.05567932128906,47.88999938964844,48.37569808959961,74456
2021-03-29,48.37569808959961,48.56997680664063,47.88999938964844,48.27856063842773,76543
2021-03-30,49.05567932128906,49.05567932128906,47.59857940673828,48.132850646972656,37214
2021-03-31,48.132850646972656,48.52140808105469,47.11288070678711,47.88999938964844,86338
2021-04-01,48.47283935546875,48.47283935546875,47.50143814086914,48.08427810668945,87913
2021-04-07,46.62717819213867,47.59857940673828,46.62717819213867,47.01573944091797,102332
2021-04-08,46.4814682006836,47.40430068969727,46.38433074951172,47.01573944091797,76178
2021-04-09,47.4528694152832,47.50143814086914,46.1414794921875,46.82146072387695,30378
2021-04-12,46.82146072387695,46.91859817504883,45.94720077514648,46.5300407409668,87541
2021-04-13,45.801490783691406,46.62717819213867,45.801490783691406,46.38433074951172,64434
2021-04-14,46.62717819213867,46.62717819213867,45.17007827758789,45.704349517822266,80344
2021-04-15,46.1414794921875,46.1414794921875,45.607208251953125,45.704349517822266,68679
2021-04-16,45.65578079223633,46.62717819213867,45.65578079223633,46.28718948364258,75807
2021-04-19,46.28718948364258,46.91859817504883,45.99576950073242,46.77288818359375,154185
2021-04-20,46.77288818359375,48.52140808105469,46.77288818359375,48.132850646972656,149392
2021-04-21,48.56997680664063,48.667118072509766,47.64714813232422,47.8414306640625,72059
2021-04-22,48.37569808959961,48.37569808959961,47.35572814941406,47.8414306640625,141161
2021-04-23,47.40430068969727,47.74428939819336,47.307159423828125,47.50143814086914,48268
2021-04-26,47.40430068969727,47.50143814086914,46.33575820922852,47.11288070678711,105734
2021-04-27,47.11288070678711,47.40430068969727,46.62717819213867,47.06430816650391,54560
2021-04-28,46.578609466552734,48.52140808105469,46.578609466552734,47.88999938964844,108872
2021-04-29,48.32712936401367,48.32712936401367,46.96717071533203,47.88999938964844,101218
2021-05-03,48.667118072509766,48.667118072509766,47.59857940673828,48.03570938110352,58384
2021-05-04,47.59857940673828,48.181419372558594,46.23862075805664,47.35572814941406,119327
2021-05-05,47.11288070678711,47.55001068115234,46.1414794921875,46.62717819213867,71714
2021-05-06,46.62717819213867,47.11288070678711,46.432899475097656,46.62717819213867,43173
2021-05-07,46.62717819213867,47.40430068969727,46.432899475097656,46.62717819213867,53481
2021-05-10,46.62717819213867,48.47283935546875,46.62717819213867,48.37569808959961,121644
2021-05-11,48.37569808959961,48.37569808959961,45.17007827758789,47.40430068969727,137958
2021-05-12,46.4814682006836,47.01573944091797,42.741580963134766,42.93585968017578,121759
2021-05-13,42.69301223754883,42.741580963134766,38.953121185302734,41.5273323059082,117431
2021-05-14,40.99306106567383,41.77017974853516,39.8273811340332,40.75021362304688,107063
2021-05-17,38.176002502441406,40.65307235717773,36.71890258789063,36.71890258789063,202803
2021-05-18,38.75884246826172,38.807411193847656,37.88458251953125,38.807411193847656,147210
2021-05-19,39.58453369140625,39.63310241699219,38.12743377685547,39.63310241699219,40638
2021-05-20,39.00169372558594,39.92452239990234,38.953121185302734,39.681671142578125,29853
2021-05-21,38.75884246826172,40.79878234863281,38.75884246826172,40.79878234863281,76200
2021-05-24,41.77017974853516,41.77017974853516,40.31308364868164,41.18734359741211,13384
2021-05-25,41.33305358886719,42.2558822631836,40.99306106567383,41.43019104003906,37059
2021-05-26,42.15874099731445,42.35301971435547,41.04163360595703,41.77017974853516,18535
2021-05-27,42.06159973144531,42.45016098022461,41.33305358886719,41.8673210144043,21618
2021-05-28,42.49872970581055,42.49872970581055,40.84735107421875,41.77017974853516,20420
2021-05-31,41.77017974853516,42.45016098022461,41.381622314453125,42.15874099731445,26106
2021-06-01,42.54730224609375,42.644439697265625,41.43019104003906,42.20730972290039,15939
2021-06-02,42.54730224609375,42.54730224609375,41.284481048583984,42.06159973144531,43267
2021-06-03,42.45016098022461,42.45016098022461,41.478763580322266,42.06159973144531,22647
2021-06-04,41.381622314453125,42.49872970581055,41.33305358886719,42.45016098022461,63121
2021-06-07,42.54730224609375,43.13014221191406,41.96446228027344,43.13014221191406,76504
2021-06-08,43.518699645996094,47.25859069824219,42.93585968017578,46.04433822631836,144317
2021-06-09,47.11288070678711,50.027076721191406,46.62717819213867,49.54137802124024,656225
2021-06-10,49.54137802124024,50.31849670410156,47.64714813232422,48.37569808959961,163190
2021-06-11,49.34709930419922,49.34709930419922,47.59857940673828,48.47283935546875,120589
2021-06-15,48.47283935546875,48.52140808105469,47.11288070678711,48.47283935546875,107289
2021-06-16,48.47283935546875,48.95853805541992,47.8414306640625,48.47283935546875,79630
2021-06-17,47.40430068969727,48.95853805541992,47.40430068969727,48.764259338378906,46914
2021-06-18,48.86139678955078,48.86139678955078,47.59857940673828,48.181419372558594,57947
2021-06-21,48.56997680664063,48.56997680664063,47.01573944091797,48.03570938110352,105616
2021-06-22,48.47283935546875,48.47283935546875,47.11288070678711,47.11288070678711,69068
2021-06-23,47.11288070678711,47.59857940673828,46.72431945800781,47.4528694152832,103974
2021-06-24,47.50143814086914,47.50143814086914,46.4814682006836,47.4528694152832,114268
2021-06-25,47.11288070678711,47.59857940673828,46.5300407409668,47.59857940673828,88760
2021-06-28,46.82146072387695,47.59857940673828,46.62717819213867,47.59857940673828,65066
2021-06-29,47.16144943237305,47.64714813232422,47.16144943237305,47.59857940673828,85443
2021-06-30,47.55001068115234,51.28989791870117,47.55001068115234,48.667118072509766,358418
2021-07-01,48.667118072509766,49.34709930419922,48.08427810668945,48.37569808959961,105385
2021-07-02,48.37569808959961,49.05567932128906,47.4528694152832,48.22998809814453,91969
2021-07-05,48.22998809814453,48.56997680664063,47.8414306640625,48.37569808959961,113068
2021-07-06,47.8414306640625,48.37569808959961,47.59857940673828,48.03570938110352,85546
2021-07-07,48.08427810668945,48.42427062988281,47.50143814086914,48.22998809814453,109120
2021-07-08,48.56997680664063,48.667118072509766,48.27856063842773,48.56997680664063,108133
2021-07-09,48.37569808959961,51.28989791870117,47.40430068969727,50.998477935791016,400998
2021-07-12,51.96987533569336,53.329837799072266,49.54137802124024,52.94127655029297,401384
2021-07-13,52.94127655029297,54.49551773071289,51.48417663574219,52.84413528442383,309009
2021-07-14,53.91267776489258,53.91267776489258,51.6784553527832,52.4555778503418,94269
2021-07-15,52.26129531860352,53.42697525024414,51.58131790161133,52.4555778503418,54487
2021-07-16,52.358436584472656,52.84413528442383,52.0670166015625,52.74699783325195,81450
2021-07-19,52.4555778503418,53.329837799072266,52.358436584472656,52.64985656738281,110685
2021-07-20,53.329837799072266,53.329837799072266,50.4156379699707,51.19275665283203,71204
2021-07-21,51.96987533569336,51.96987533569336,49.54137802124024,51.38703536987305,53026
2021-07-22,51.96987533569336,51.96987533569336,50.4156379699707,51.48417663574219,121165
2021-07-23,52.94127655029297,55.17549514770508,51.77559661865234,54.1069564819336,384381
2021-07-26,53.42697525024414,56.924015045166016,53.329837799072266,56.63259506225586,325204
2021-07-27,57.31257629394531,57.40971374511719,56.3411750793457,56.3411750793457,253710
2021-07-28,56.3411750793457,56.3411750793457,53.62125778198242,55.0783576965332,155558
2021-07-29,54.78693771362305,56.82687377929688,54.78693771362305,55.27263641357422,390923
2021-07-30,55.27263641357422,56.04975509643555,54.00981521606445,54.49551773071289,264210
2021-08-02,55.17549514770508,55.27263641357422,52.74699783325195,53.42697525024414,145669
2021-08-03,52.94127655029297,53.42697525024414,52.358436584472656,52.74699783325195,106300
2021-08-04,52.16415786743164,52.94127655029297,51.6784553527832,51.87273788452149,135887
2021-08-05,52.0670166015625,52.0670166015625,49.05567932128906,51.28989791870117,226800
2021-08-06,50.027076721191406,50.998477935791016,49.15281677246094,50.51277923583984,159596
2021-08-09,49.54137802124024,50.4156379699707,48.132850646972656,50.4156379699707,195985
2021-08-10,50.22135925292969,50.4156379699707,48.667118072509766,48.667118072509766,28045
2021-08-11,48.56997680664063,50.027076721191406,48.32712936401367,48.667118072509766,66654
2021-08-12,49.34709930419922,49.44423675537109,47.69572067260742,49.44423675537109,63825
2021-08-13,49.83279800415039,49.83279800415039,48.764259338378906,49.24995803833008,26248
2021-08-16,48.764259338378906,48.764259338378906,48.08427810668945,48.47283935546875,62824
2021-08-17,48.47283935546875,48.47283935546875,48.47283935546875,48.47283935546875,0
2021-08-18,47.59857940673828,48.08427810668945,45.850059509277344,48.08427810668945,116609
2021-08-19,49.05567932128906,49.05567932128906,47.307159423828125,47.88999938964844,19587
2021-08-20,48.08427810668945,49.34709930419922,47.8414306640625,48.86139678955078,232659
2021-08-23,48.08427810668945,50.31849670410156,48.08427810668945,50.12421798706055,48781
2021-08-24,50.4156379699707,50.60991668701172,50.31849670410156,50.31849670410156,44256
2021-08-25,50.51277923583984,50.51277923583984,49.83279800415039,50.31849670410156,24706
2021-08-26,50.51277923583984,51.19275665283203,49.54137802124024,50.804195404052734,52457
2021-08-27,50.70705795288086,50.804195404052734,50.12421798706055,50.804195404052734,91761
2021-08-30,51.09561538696289,51.09561538696289,49.638519287109375,50.31849670410156,47550
2021-08-31,50.027076721191406,50.51277923583984,50.027076721191406,50.51277923583984,12136
2021-09-01,50.60991668701172,50.90133666992188,49.73565673828125,50.60991668701172,110150
2021-09-02,50.60991668701172,50.70705795288086,49.05567932128906,49.05567932128906,27193
2021-09-03,49.15281677246094,50.90133666992188,49.15281677246094,50.90133666992188,118781
2021-09-06,50.027076721191406,51.28989791870117,50.027076721191406,50.90133666992188,84739
2021-09-07,51.09561538696289,51.38703536987305,50.12421798706055,50.12421798706055,65578
2021-09-08,50.998477935791016,50.998477935791016,50.31849670410156,50.51277923583984,35210
2021-09-09,49.92993927001953,50.51277923583984,49.34709930419922,50.51277923583984,33971
2021-09-10,50.90133666992188,51.28989791870117,48.56997680664063,50.027076721191406,136235
2021-09-13,50.027076721191406,51.09561538696289,48.764259338378906,49.54137802124024,105707
2021-09-14,49.92993927001953,49.92993927001953,48.764259338378906,48.95853805541992,65030
2021-09-15,49.54137802124024,49.54137802124024,48.56997680664063,49.34709930419922,53894
2021-09-16,50.22135925292969,50.22135925292969,49.34709930419922,49.44423675537109,14412
2021-09-17,49.54137802124024,49.83279800415039,48.764259338378906,48.86139678955078,22136
2021-09-22,48.86139678955078,48.86139678955078,48.08427810668945,48.764259338378906,32427
2021-09-23,49.54137802124024,50.51277923583984,49.05567932128906,49.15281677246094,45810
2021-09-24,50.027076721191406,50.22135925292969,49.15281677246094,49.15281677246094,76304
2021-09-27,49.24995803833008,50.31849670410156,49.15281677246094,49.34709930419922,89283
2021-09-28,50.22135925292969,50.22135925292969,49.34709930419922,50.22135925292969,45006
2021-09-29,49.638519287109375,49.73565673828125,48.667118072509766,49.638519287109375,76562
2021-09-30,49.83279800415039,50.998477935791016,49.83279800415039,50.998477935791016,165249
2021-10-01,50.51277923583984,50.90133666992188,49.54137802124024,49.54137802124024,43610
2021-10-04,50.60991668701172,50.60991668701172,49.54137802124024,49.54137802124024,39869
2021-10-05,50.027076721191406,50.027076721191406,49.34709930419922,49.54137802124024,18535
2021-10-06,50.12421798706055,50.4156379699707,49.54137802124024,49.638519287109375,16471
2021-10-07,48.764259338378906,50.22135925292969,48.764259338378906,50.12421798706055,15647
2021-10-08,50.51277923583984,50.51277923583984,50.12421798706055,50.12421798706055,7393
2021-10-12,50.4156379699707,50.4156379699707,49.34709930419922,49.83279800415039,19559
2021-10-13,49.83279800415039,49.92993927001953,48.47283935546875,49.73565673828125,87502
2021-10-14,49.73565673828125,49.73565673828125,48.56997680664063,49.15281677246094,28944
2021-10-15,48.56997680664063,49.15281677246094,48.47283935546875,48.95853805541992,15441
2021-10-18,49.15281677246094,49.15281677246094,48.37569808959961,48.86139678955078,23242
2021-10-19,49.34709930419922,49.34709930419922,47.7928581237793,48.764259338378906,63304
2021-10-20,48.764259338378906,49.44423675537109,47.98714065551758,48.56997680664063,26087
2021-10-21,49.15281677246094,49.15281677246094,47.55001068115234,48.37569808959961,45423
2021-10-22,49.05567932128906,49.05567932128906,47.88999938964844,48.764259338378906,22647
2021-10-25,48.764259338378906,48.764259338378906,48.181419372558594,48.667118072509766,17644
2021-10-26,48.86139678955078,48.86139678955078,48.08427810668945,48.37569808959961,46324
2021-10-27,49.05567932128906,49.05567932128906,48.181419372558594,48.86139678955078,21630
2021-10-28,49.05567932128906,49.05567932128906,48.56997680664063,48.56997680664063,6179
2021-10-29,49.05567932128906,49.05567932128906,48.08427810668945,48.86139678955078,26800
2021-11-01,49.15281677246094,49.15281677246094,48.22998809814453,48.86139678955078,14501
2021-11-02,48.764259338378906,50.12421798706055,48.667118072509766,50.12421798706055,218367
2021-11-03,50.12421798706055,50.51277923583984,49.73565673828125,50.027076721191406,55795
2021-11-04,50.22135925292969,50.4156379699707,49.73565673828125,50.027076721191406,87053
2021-11-05,49.54137802124024,50.804195404052734,49.44423675537109,50.027076721191406,73296
2021-11-08,50.4156379699707,50.804195404052734,49.54137802124024,49.54137802124024,153453
2021-11-09,49.92993927001953,50.22135925292969,49.54137802124024,50.12421798706055,67119
2021-11-10,54.1069564819336,54.39837646484375,51.48417663574219,54.204097747802734,323816
2021-11-11,54.204097747802734,56.53545379638672,54.204097747802734,55.27263641357422,384990
2021-11-12,55.27263641357422,56.14689636230469,54.30123519897461,55.17549514770508,180153
2021-11-15,57.11829376220703,57.11829376220703,55.17549514770508,56.14689636230469,316108
2021-11-16,57.11829376220703,57.11829376220703,55.36977767944336,55.466915130615234,215544
2021-11-17,56.24403381347656,56.63259506225586,55.27263641357422,55.27263641357422,50615
2021-11-18,55.36977767944336,55.466915130615234,54.39837646484375,55.27263641357422,130222
2021-11-19,55.66119384765625,56.924015045166016,55.27263641357422,55.36977767944336,197658
2021-11-22,55.85547637939453,56.14689636230469,55.27263641357422,56.04975509643555,124855
2021-11-23,56.3411750793457,56.3411750793457,54.98121643066406,54.98121643066406,297181
2021-11-24,55.17549514770508,56.14689636230469,54.88407516479492,55.466915130615234,94708
2021-11-25,55.66119384765625,56.82687377929688,54.88407516479492,55.564056396484375,389435
2021-11-26,55.85547637939453,56.14689636230469,52.4555778503418,53.91267776489258,154507
2021-11-29,52.55271530151367,53.7183952331543,51.58131790161133,52.94127655029297,137945
2021-11-30,53.91267776489258,54.39837646484375,51.87273788452149,52.94127655029297,243977
2021-12-01,52.94127655029297,53.42697525024414,52.26129531860352,53.42697525024414,120686
2021-12-02,53.42697525024414,53.91267776489258,52.55271530151367,52.84413528442383,99865
2021-12-03,54.49551773071289,55.36977767944336,53.03841781616211,55.36977767944336,241875
2021-12-06,56.3411750793457,60.90675354003906,55.564056396484375,60.518192291259766,1353906
2021-12-07,60.71247482299805,63.14097213745117,57.40971374511719,61.58673477172852,867882
2021-12-08,61.58673477172852,66.05516815185547,60.71247482299805,65.08377075195312,739356
2021-12-09,65.56947326660156,67.3179931640625,64.98663330078125,65.86089324951172,551142
2021-12-10,65.76374816894531,67.02657318115234,65.2780532836914,66.34658813476562,210859
2021-12-13,66.73515319824219,67.99797058105469,63.14097213745117,64.20951080322266,518118
2021-12-14,65.47232818603516,65.47232818603516,63.14097213745117,63.9180908203125,172946
2021-12-15,64.30664825439453,66.34658813476562,63.43239212036133,65.9580307006836,391507
2021-12-16,66.83229064941406,66.83229064941406,65.47232818603516,66.15231323242188,161093
2021-12-17,66.44373321533203,66.44373321533203,64.98663330078125,65.56947326660156,62195
2021-12-20,66.15231323242188,67.8036880493164,64.11237335205078,64.98663330078125,267753
2021-12-21,65.9580307006836,66.24945068359375,61.29531478881836,64.88948822021484,444760
2021-12-22,65.47232818603516,65.47232818603516,63.52953338623047,64.30664825439453,94230
2021-12-23,64.30664825439453,65.2780532836914,61.87815475463867,62.2667121887207,264659
2021-12-24,63.52953338623047,63.52953338623047,61.87815475463867,62.2667121887207,129868
2021-12-27,62.94669342041016,62.94669342041016,61.29531478881836,61.78101348876953,175823
2021-12-28,61.78101348876953,62.36385345458984,60.32391357421875,60.90675354003906,166609
2021-12-29,61.68387222290039,61.68387222290039,60.518192291259766,61.0038948059082,100036
2021-12-30,61.68387222290039,61.68387222290039,60.615333557128906,61.39245223999024,75715
2022-01-03,61.39245223999024,61.68387222290039,60.42105484008789,61.0038948059082,236958
2022-01-04,61.489593505859375,61.489593505859375,59.93535232543945,60.615333557128906,173975
2022-01-05,61.0038948059082,61.0038948059082,58.67253494262695,58.86681365966797,141940
2022-01-06,60.32391357421875,60.32391357421875,58.283973693847656,58.96395492553711,106053
2022-01-07,59.06109237670898,59.54679489135742,58.08969497680664,58.76967239379883,191508
2022-01-10,59.06109237670898,59.06109237670898,57.701133728027344,58.86681365966797,141033
2022-01-11,58.283973693847656,58.67253494262695,57.50685501098633,58.67253494262695,111179
2022-01-12,57.79827499389648,58.57539367675781,57.11829376220703,57.40971374511719,174572
2022-01-13,57.79827499389648,57.79827499389648,57.21543502807617,57.31257629394531,25736
2022-01-14,57.02115631103516,57.40971374511719,55.36977767944336,56.14689636230469,172030
2022-01-17,55.952613830566406,57.79827499389648,54.98121643066406,57.79827499389648,143092
2022-01-18,57.79827499389648,58.283973693847656,57.40971374511719,58.08969497680664,97220
2022-01-19,57.60399627685547,58.283973693847656,57.60399627685547,57.701133728027344,82355
2022-01-20,58.18683242797852,58.18683242797852,57.60399627685547,58.18683242797852,29853
2022-01-21,58.18683242797852,58.57539367675781,55.952613830566406,55.952613830566406,52532
2022-01-24,55.952613830566406,56.43831634521485,54.88407516479492,55.564056396484375,40148
2022-01-25,55.85547637939453,55.952613830566406,54.00981521606445,55.0783576965332,82355
2022-01-26,55.36977767944336,57.21543502807617,54.39837646484375,57.21543502807617,87556
2022-02-07,58.283973693847656,58.57539367675781,57.21543502807617,57.31257629394531,93702
2022-02-08,57.40971374511719,58.57539367675781,57.21543502807617,57.50685501098633,128680
2022-02-09,58.18683242797852,58.18683242797852,56.924015045166016,57.31257629394531,106032
2022-02-10,58.08969497680664,58.08969497680664,56.82687377929688,57.50685501098633,87675
2022-02-11,57.50685501098633,57.50685501098633,56.04975509643555,56.04975509643555,115328
2022-02-14,54.68979644775391,55.85547637939453,50.51277923583984,50.51277923583984,447114
2022-02-15,50.4156379699707,53.42697525024414,49.83279800415039,51.77559661865234,172666
2022-02-16,52.94127655029297,52.94127655029297,51.6784553527832,51.77559661865234,66233
2022-02-17,52.4555778503418,54.39837646484375,52.4555778503418,53.232696533203125,67943
2022-02-18,53.91267776489258,53.91267776489258,53.03841781616211,53.329837799072266,10204
2022-02-21,54.88407516479492,54.88407516479492,52.16415786743164,52.358436584472656,38089
2022-02-22,52.4555778503418,52.4555778503418,49.05567932128906,51.6784553527832,200947
2022-02-23,52.26129531860352,52.26129531860352,51.19275665283203,51.38703536987305,44442
2022-02-24,50.31849670410156,51.19275665283203,49.73565673828125,50.027076721191406,42207
2022-02-25,50.51277923583984,50.51277923583984,49.44423675537109,49.73565673828125,80296
2022-03-01,50.027076721191406,50.31849670410156,49.83279800415039,50.027076721191406,23738
2022-03-02,50.027076721191406,50.998477935791016,49.73565673828125,49.92993927001953,31912
2022-03-03,50.027076721191406,50.027076721191406,49.34709930419922,49.92993927001953,29853
2022-03-04,49.638519287109375,50.12421798706055,49.44423675537109,50.027076721191406,67943
2022-03-07,50.998477935791016,50.998477935791016,48.37569808959961,48.764259338378906,54935
2022-03-08,49.15281677246094,50.51277923583984,48.08427810668945,48.95853805541992,83486
2022-03-09,49.05567932128906,50.4156379699707,49.05567932128906,50.027076721191406,46324
2022-03-10,50.90133666992188,50.90133666992188,50.4156379699707,50.60991668701172,46324
2022-03-11,50.70705795288086,50.70705795288086,49.83279800415039,50.60991668701172,24639
2022-03-14,50.998477935791016,53.135555267333984,50.998477935791016,52.4555778503418,58678
2022-03-15,52.64985656738281,52.64985656738281,51.6784553527832,52.26129531860352,38090
2022-03-16,52.16415786743164,53.03841781616211,51.58131790161133,52.26129531860352,78242
2022-03-17,53.42697525024414,56.14689636230469,53.232696533203125,55.466915130615234,284428
2022-03-18,56.14689636230469,56.14689636230469,53.03841781616211,53.135555267333984,414875
2022-03-21,54.68979644775391,55.36977767944336,53.329837799072266,53.62125778198242,164710
2022-03-22,54.592655181884766,55.0783576965332,53.62125778198242,54.592655181884766,48383
2022-03-23,55.36977767944336,55.564056396484375,54.1069564819336,54.1069564819336,60737
2022-03-24,54.78693771362305,54.78693771362305,53.42697525024414,53.7183952331543,26772
2022-03-25,54.39837646484375,55.564056396484375,53.232696533203125,53.7183952331543,37318
2022-03-28,54.204097747802734,54.204097747802734,53.232696533203125,53.42697525024414,16472
2022-03-29,54.78693771362305,54.78693771362305,53.42697525024414,53.62125778198242,16951
2022-03-30,54.39837646484375,54.39837646484375,53.232696533203125,53.81553649902344,61767
2022-03-31,54.204097747802734,54.204097747802734,53.03841781616211,53.232696533203125,25744
2022-04-01,52.16415786743164,55.36977767944336,51.19275665283203,55.36977767944336,283629
2022-04-06,55.36977767944336,55.75833511352539,54.00981521606445,54.00981521606445,86346
2022-04-07,54.1069564819336,56.14689636230469,53.42697525024414,55.0783576965332,348323
2022-04-08,55.466915130615234,56.3411750793457,55.17549514770508,56.3411750793457,187358
2022-04-11,56.53545379638672,58.47825241088867,56.53545379638672,56.924015045166016,330510
2022-04-12,58.08969497680664,58.283973693847656,56.729736328125,57.9925537109375,218246
2022-04-13,58.283973693847656,60.032493591308594,58.283973693847656,58.86681365966797,259126
2022-04-14,58.76967239379883,59.44965362548828,58.47825241088867,59.158233642578125,208044
2022-04-15,59.83821487426758,60.032493591308594,57.79827499389648,58.57539367675781,156543
2022-04-18,58.57539367675781,59.6439323425293,58.57539367675781,58.96395492553711,142268
2022-04-19,59.25537490844727,59.35251235961914,58.67253494262695,58.96395492553711,152675
2022-04-20,59.35251235961914,59.35251235961914,58.57539367675781,59.06109237670898,143024
2022-04-21,58.96395492553711,59.35251235961914,58.47825241088867,58.96395492553711,173255
2022-04-22,59.06109237670898,59.158233642578125,58.08969497680664,58.47825241088867,121638
2022-04-25,58.86681365966797,58.86681365966797,56.43831634521485,56.63259506225586,45295
2022-04-26,57.40971374511719,57.40971374511719,54.88407516479492,55.952613830566406,65302
2022-04-27,54.39837646484375,55.85547637939453,53.62125778198242,53.62125778198242,78322
2022-04-28,55.36977767944336,55.36977767944336,53.42697525024414,53.81553649902344,44306
2022-04-29,53.03841781616211,54.78693771362305,53.03841781616211,53.81553649902344,42207
2022-05-03,54.39837646484375,54.39837646484375,53.91267776489258,54.204097747802734,56368
2022-05-04,54.68979644775391,57.50685501098633,54.592655181884766,57.31257629394531,138974
2022-05-05,58.283973693847656,58.67253494262695,57.89541244506836,57.89541244506836,87617
2022-05-06,56.43831634521485,57.31257629394531,56.3411750793457,57.21543502807617,50506
2022-05-09,57.50685501098633,57.50685501098633,57.11829376220703,57.11829376220703,4117
2022-05-10,56.3411750793457,57.21543502807617,55.75833511352539,56.3411750793457,21618
2022-05-11,55.27263641357422,56.63259506225586,53.7183952331543,55.85547637939453,123533
2022-05-12,55.564056396484375,55.564056396484375,54.204097747802734,54.39837646484375,25909
2022-05-13,55.27263641357422,56.3411750793457,54.00981521606445,54.39837646484375,181181
2022-05-16,55.85547637939453,55.85547637939453,54.00981521606445,54.39837646484375,21632
2022-05-17,53.62125778198242,55.17549514770508,52.94127655029297,54.30123519897461,45307
2022-05-18,54.204097747802734,54.78693771362305,53.42697525024414,54.204097747802734,59707
2022-05-19,54.00981521606445,54.39837646484375,53.81553649902344,54.1069564819336,13511
2022-05-20,55.564056396484375,55.564056396484375,54.30123519897461,54.49551773071289,10294
2022-05-23,54.88407516479492,54.88407516479492,54.592655181884766,54.592655181884766,5456
2022-05-24,53.62125778198242,54.592655181884766,53.329837799072266,53.329837799072266,23677
2022-05-25,53.7183952331543,53.7183952331543,53.03841781616211,53.62125778198242,6176
2022-05-26,54.68979644775391,54.68979644775391,53.62125778198242,53.62125778198242,4132
2022-05-27,54.592655181884766,54.592655181884766,53.42697525024414,53.81553649902344,20588
2022-05-30,54.39837646484375,54.78693771362305,53.81553649902344,54.1069564819336,26914
2022-05-31,54.49551773071289,54.88407516479492,54.39837646484375,54.592655181884766,9264
2022-06-01,54.88407516479492,54.88407516479492,54.204097747802734,54.204097747802734,12526
2022-06-02,54.592655181884766,54.592655181884766,53.135555267333984,54.39837646484375,22782
2022-06-06,54.88407516479492,55.564056396484375,54.39837646484375,54.78693771362305,15441
2022-06-07,55.0783576965332,55.0783576965332,53.42697525024414,54.1069564819336,73090
2022-06-08,54.98121643066406,54.98121643066406,54.00981521606445,54.88407516479492,36133
2022-06-09,55.17549514770508,56.63259506225586,55.0783576965332,55.564056396484375,44414
2022-06-10,55.564056396484375,55.564056396484375,54.39837646484375,55.564056396484375,18529
2022-06-13,54.592655181884766,54.68979644775391,53.329837799072266,53.62125778198242,28824
2022-06-14,54.204097747802734,54.204097747802734,53.03841781616211,53.7183952331543,32985
2022-06-15,53.81553649902344,53.81553649902344,52.74699783325195,53.81553649902344,36294
2022-06-16,54.30123519897461,54.68979644775391,52.26129531860352,52.358436584472656,80347
2022-06-17,51.48417663574219,51.87273788452149,51.09561538696289,51.58131790161133,55785
2022-06-20,53.232696533203125,53.232696533203125,51.09561538696289,51.48417663574219,6176
2022-06-21,52.26129531860352,52.26129531860352,51.09561538696289,51.77559661865234,40148
2022-06-22,51.19275665283203,52.84413528442383,50.90133666992188,51.38703536987305,22647
2022-06-23,51.28989791870117,51.28989791870117,50.027076721191406,50.998477935791016,47354
2022-06-24,51.96987533569336,52.94127655029297,51.09561538696289,51.77559661865234,45295
2022-06-27,52.4555778503418,53.42697525024414,51.77559661865234,53.42697525024414,67909
2022-06-28,53.42697525024414,53.91267776489258,51.96987533569336,52.26129531860352,16471
2022-06-29,51.6784553527832,52.26129531860352,51.09561538696289,52.26129531860352,24706
2022-06-30,51.28989791870117,51.96987533569336,49.54137802124024,50.51277923583984,64854
2022-07-01,50.998477935791016,50.998477935791016,48.667118072509766,48.667118072509766,57648
2022-07-04,48.56997680664063,49.15281677246094,46.33575820922852,48.86139678955078,89742
2022-07-05,49.83279800415039,51.38703536987305,49.24995803833008,50.804195404052734,36460
2022-07-06,50.70705795288086,51.09561538696289,49.638519287109375,50.804195404052734,9264
2022-07-07,51.6784553527832,51.6784553527832,51.6784553527832,51.6784553527832,1053
2022-07-08,51.6784553527832,52.94127655029297,50.4156379699707,50.4156379699707,21624
2022-07-11,48.86139678955078,50.31849670410156,48.47283935546875,48.47283935546875,40158
2022-07-12,47.4528694152832,48.08427810668945,46.91859817504883,47.64714813232422,51482
2022-07-13,48.56997680664063,48.764259338378906,47.307159423828125,48.37569808959961,26456
2022-07-14,48.37569808959961,48.764259338378906,48.37569808959961,48.42427062988281,8235
2022-07-15,49.83279800415039,49.83279800415039,47.74428939819336,47.74428939819336,26774
2022-07-18,47.06430816650391,47.8414306640625,46.91859817504883,47.64714813232422,53531
2022-07-19,48.47283935546875,48.47283935546875,47.21001815795898,47.59857940673828,25736
2022-07-20,48.37569808959961,48.37569808959961,47.11288070678711,47.11288070678711,28526
2022-07-21,47.59857940673828,47.59857940673828,46.67575073242188,46.82146072387695,29853
2022-07-22,46.1414794921875,47.11288070678711,46.1414794921875,46.96717071533203,6176
2022-07-25,47.40430068969727,47.40430068969727,46.67575073242188,47.11288070678711,6418
2022-07-26,46.82146072387695,48.56997680664063,46.28718948364258,48.56997680664063,67262
2022-07-27,47.64714813232422,49.44423675537109,47.35572814941406,49.44423675537109,9264
2022-07-28,48.52140808105469,50.027076721191406,47.16144943237305,47.16144943237305,118437
2022-07-29,47.8414306640625,48.764259338378906,47.11288070678711,48.22998809814453,14412
2022-08-01,47.40430068969727,48.03570938110352,47.40430068969727,47.69572067260742,9264
2022-08-02,47.21001815795898,48.27856063842773,45.55863952636719,46.23862075805664,30362
2022-08-03,44.97579956054688,46.5300407409668,44.87865829467773,46.5300407409668,119415
2022-08-04,47.11288070678711,47.11288070678711,45.36436080932617,46.72431945800781,31912
2022-08-05,48.08427810668945,48.08427810668945,46.72431945800781,47.11288070678711,128680
2022-08-08,47.55001068115234,47.59857940673828,46.62717819213867,47.4528694152832,66913
2022-08-09,47.11288070678711,47.98714065551758,46.82146072387695,47.55001068115234,35256
2022-08-10,47.98714065551758,48.181419372558594,47.98714065551758,48.181419372558594,16471
2022-08-11,48.22998809814453,48.37569808959961,48.181419372558594,48.181419372558594,5147
2022-08-12,47.59857940673828,48.181419372558594,47.59857940673828,47.7928581237793,14412
2022-08-15,47.98714065551758,48.42427062988281,47.7928581237793,48.03570938110352,60443
2022-08-16,47.59857940673828,47.88999938964844,47.40430068969727,47.59857940673828,11323
2022-08-17,47.938568115234375,47.938568115234375,46.67575073242188,46.82146072387695,39118
2022-08-18,47.40430068969727,47.40430068969727,46.82146072387695,47.21001815795898,17500
2022-08-19,47.40430068969727,47.40430068969727,46.4814682006836,46.91859817504883,15956
2022-08-22,46.4814682006836,47.21001815795898,46.4814682006836,47.21001815795898,13382
2022-08-23,47.40430068969727,47.40430068969727,46.72431945800781,47.06430816650391,16471
2022-08-24,46.91859817504883,47.55001068115234,46.62717819213867,46.91859817504883,19562
2022-08-25,46.82146072387695,47.307159423828125,46.5300407409668,46.5300407409668,28824
2022-08-26,46.67575073242188,46.82146072387695,46.1414794921875,46.77288818359375,76495
2022-08-29,45.7529182434082,46.72431945800781,45.7529182434082,46.67575073242188,42207
2022-08-30,46.28718948364258,47.21001815795898,46.28718948364258,47.21001815795898,39121
2022-08-31,47.21001815795898,48.181419372558594,47.11288070678711,47.4528694152832,51472
2022-09-01,46.432899475097656,47.307159423828125,46.432899475097656,47.01573944091797,28837
2022-09-02,48.32712936401367,48.32712936401367,47.01573944091797,47.16144943237305,58678
2022-09-05,47.88999938964844,47.88999938964844,47.11288070678711,47.35572814941406,6176
2022-09-06,47.98714065551758,47.98714065551758,47.59857940673828,47.69572067260742,12353
2022-09-07,47.8414306640625,47.8414306640625,46.62717819213867,46.67575073242188,26765
2022-09-08,47.01573944091797,47.01573944091797,46.578609466552734,46.87002944946289,16471
2022-09-12,47.59857940673828,47.59857940673828,46.82146072387695,47.21001815795898,11323
2022-09-13,47.59857940673828,47.59857940673828,46.82146072387695,47.25859069824219,40539
2022-09-14,47.16144943237305,47.16144943237305,46.5300407409668,46.62717819213867,19559
2022-09-15,46.432899475097656,47.06430816650391,46.33575820922852,46.77288818359375,33971
2022-09-16,46.33575820922852,46.77288818359375,46.33575820922852,46.4814682006836,4828
2022-09-19,45.94720077514648,47.01573944091797,45.072940826416016,47.01573944091797,52701
2022-09-20,46.33575820922852,46.91859817504883,46.1414794921875,46.4814682006836,20588
2022-09-21,46.87002944946289,47.01573944091797,44.97579956054688,46.1414794921875,57651
2022-09-22,44.87865829467773,46.33575820922852,44.87865829467773,46.33575820922852,31912
2022-09-23,47.11288070678711,47.11288070678711,46.23862075805664,46.23862075805664,7206
2022-09-26,45.65578079223633,46.1414794921875,44.87865829467773,44.87865829467773,39118
2022-09-27,45.46149826049805,45.46149826049805,44.101539611816406,45.072940826416016,21618
2022-09-28,44.39295959472656,44.97579956054688,43.712982177734375,43.90726089477539,49831
2022-09-29,43.22727966308594,44.39295959472656,43.22727966308594,44.101539611816406,40511
2022-09-30,44.05297088623047,44.101539611816406,43.81011962890625,43.81011962890625,3209
2022-10-03,44.00439834594727,44.101539611816406,43.22727966308594,44.101539611816406,10597
2022-10-04,44.24724960327149,44.58723831176758,43.1787109375,44.15010833740234,84601
2022-10-05,44.15010833740234,45.65578079223633,44.15010833740234,44.92723083496094,17500
2022-10-06,45.26721954345703,45.51007080078125,44.78152084350586,45.41292953491211,39479
2022-10-07,45.51007080078125,45.51007080078125,44.87865829467773,45.17007827758789,9264
2022-10-11,45.17007827758789,45.17007827758789,42.2558822631836,43.90726089477539,50725
2022-10-12,44.68437957763672,44.68437957763672,43.372989654541016,44.15010833740234,17500
2022-10-13,43.66440963745117,44.05297088623047,41.77017974853516,43.615840911865234,71031
2022-10-14,44.53866958618164,44.53866958618164,43.27585220336914,43.95582962036133,12353
2022-10-17,43.76155090332031,43.85869216918945,42.83872222900391,43.76155090332031,12466
2022-10-18,44.78152084350586,44.78152084350586,44.78152084350586,44.78152084350586,1699
2022-10-19,44.58723831176758,44.58723831176758,43.27585220336914,43.27585220336914,10294
2022-10-20,42.54730224609375,43.518699645996094,41.8673210144043,43.518699645996094,26091
2022-10-21,44.4901008605957,44.4901008605957,43.712982177734375,43.712982177734375,2058
2022-10-24,43.615840911865234,43.712982177734375,43.518699645996094,43.518699645996094,8235
2022-10-25,42.741580963134766,43.32442092895508,41.81875228881836,43.22727966308594,74352
2022-10-26,42.15874099731445,43.27585220336914,41.91588973999024,42.013031005859375,44266
2022-10-27,41.8673210144043,43.615840911865234,41.8673210144043,43.22727966308594,31912
2022-10-28,43.42156219482422,43.42156219482422,42.20730972290039,43.13014221191406,27990
2022-10-31,43.42156219482422,43.42156219482422,43.372989654541016,43.372989654541016,2268
2022-11-01,43.22727966308594,43.95582962036133,43.22727966308594,43.66440963745117,4560
2022-11-02,43.712982177734375,44.29581832885742,43.32442092895508,43.90726089477539,11323
2022-11-03,44.19868087768555,44.19868087768555,43.712982177734375,43.712982177734375,10294
2022-11-04,43.712982177734375,44.39295959472656,43.22727966308594,43.712982177734375,15647
2022-11-07,44.4901008605957,44.4901008605957,43.42156219482422,43.90726089477539,13430
2022-11-08,44.24724960327149,44.24724960327149,43.66440963745117,43.85869216918945,21683
2022-11-09,44.39295959472656,44.39295959472656,43.615840911865234,43.76155090332031,15441
2022-11-10,43.13014221191406,43.90726089477539,43.08156967163086,43.32442092895508,50473
2022-11-11,44.58723831176758,44.58723831176758,43.13014221191406,43.32442092895508,19572
2022-11-14,43.372989654541016,44.4415283203125,43.1787109375,43.42156219482422,110150
2022-11-15,43.42156219482422,44.101539611816406,42.741580963134766,43.32442092895508,86486
2022-11-16,43.615840911865234,43.615840911865234,43.42156219482422,43.42156219482422,7229
2022-11-17,43.615840911865234,43.95582962036133,43.615840911865234,43.95582962036133,15634
2022-11-18,43.95582962036133,43.95582962036133,43.47013092041016,43.712982177734375,11323
2022-11-21,43.81011962890625,43.81011962890625,43.1787109375,43.76155090332031,12353
2022-11-22,43.27585220336914,44.00439834594727,42.88729095458984,43.372989654541016,20588
2022-11-23,43.518699645996094,43.615840911865234,42.83872222900391,43.615840911865234,39291
2022-11-24,43.42156219482422,43.81011962890625,43.08156967163086,43.66440963745117,49413
2022-11-25,43.27585220336914,43.518699645996094,43.08156967163086,43.27585220336914,31912
2022-11-28,42.98443222045898,43.47013092041016,42.93585968017578,43.372989654541016,16471
2022-11-29,43.47013092041016,43.518699645996094,42.98443222045898,43.518699645996094,20588
2022-11-30,43.42156219482422,43.712982177734375,43.27585220336914,43.712982177734375,26938
2022-12-01,43.712982177734375,43.90726089477539,43.372989654541016,43.90726089477539,94709
2022-12-02,44.68437957763672,44.68437957763672,43.42156219482422,43.518699645996094,58855
2022-12-05,43.66440963745117,43.66440963745117,43.32442092895508,43.47013092041016,16471
2022-12-06,43.518699645996094,43.5672721862793,43.1787109375,43.5672721862793,27794
2022-12-07,43.615840911865234,43.615840911865234,43.13014221191406,43.27585220336914,32942
2022-12-08,43.1787109375,43.615840911865234,43.08156967163086,43.42156219482422,47354
2022-12-09,43.5672721862793,43.5672721862793,43.372989654541016,43.372989654541016,2059
2022-12-12,43.372989654541016,43.615840911865234,42.98443222045898,43.5672721862793,35001
2022-12-13,43.615840911865234,43.615840911865234,43.32442092895508,43.518699645996094,11393
2022-12-14,43.22727966308594,43.615840911865234,43.22727966308594,43.32442092895508,54094
2022-12-15,43.518699645996094,43.518699645996094,43.08156967163086,43.22727966308594,16820
2022-12-16,43.22727966308594,43.42156219482422,42.98443222045898,42.98443222045898,24720
2022-12-19,43.22727966308594,43.22727966308594,42.741580963134766,42.98443222045898,12514
2022-12-20,42.2558822631836,43.1787109375,42.2558822631836,42.83872222900391,65896
2022-12-21,42.83872222900391,43.27585220336914,42.741580963134766,42.93585968017578,13382
2022-12-22,43.22727966308594,43.27585220336914,42.741580963134766,42.98443222045898,10589
2022-12-23,42.69301223754883,43.1787109375,42.69301223754883,43.03300094604492,12353
2022-12-26,42.59587097167969,43.08156967163086,42.45016098022461,42.88729095458984,25736
2022-12-27,42.93585968017578,43.22727966308594,42.741580963134766,42.88729095458984,25739
2022-12-28,42.83872222900391,43.03300094604492,42.49872970581055,42.83872222900391,35001
2022-12-29,43.03300094604492,46.23862075805664,42.59587097167969,44.97579956054688,326921
2022-12-30,45.12150955200195,46.38433074951172,44.34439086914063,45.850059509277344,126043
2023-01-03,46.1414794921875,46.1414794921875,45.26721954345703,45.46149826049805,26632
2023-01-04,46.04433822631836,46.23862075805664,45.607208251953125,45.7529182434082,32303
2023-01-05,46.23862075805664,46.23862075805664,45.7529182434082,46.19004821777344,35050
2023-01-06,46.33575820922852,46.33575820922852,45.850059509277344,45.99576950073242,30904
2023-01-09,45.801490783691406,46.1414794921875,45.65578079223633,46.1414794921875,56215
2023-01-10,46.1414794921875,46.1414794921875,45.801490783691406,46.04433822631836,23677
2023-01-11,46.19004821777344,46.19004821777344,45.850059509277344,45.99576950073242,22647
2023-01-12,46.23862075805664,46.23862075805664,45.89862823486328,46.23862075805664,20087
2023-01-13,46.23862075805664,46.28718948364258,45.704349517822266,46.09291076660156,32261
2023-01-16,45.41292953491211,45.99576950073242,45.41292953491211,45.801490783691406,8235
2023-01-17,45.801490783691406,46.09291076660156,45.801490783691406,45.94720077514648,23136
2023-01-30,46.23862075805664,46.4814682006836,46.04433822631836,46.04433822631836,18529
2023-01-31,46.23862075805664,46.38433074951172,45.704349517822266,46.33575820922852,19559
2023-02-01,46.33575820922852,46.5300407409668,45.65578079223633,46.4814682006836,19559
2023-02-02,46.33575820922852,46.5300407409668,46.33575820922852,46.5300407409668,3167
2023-02-03,46.4814682006836,46.72431945800781,46.33575820922852,46.72431945800781,32942
2023-02-06,46.62717819213867,46.82146072387695,46.38433074951172,46.72431945800781,27501
2023-02-07,46.72431945800781,46.87002944946289,46.62717819213867,46.72431945800781,52632
2023-02-08,46.72431945800781,46.91859817504883,46.62717819213867,46.72431945800781,51034
2023-02-09,46.72431945800781,46.82146072387695,46.578609466552734,46.62717819213867,19559
2023-02-10,46.62717819213867,47.01573944091797,46.62717819213867,46.91859817504883,63825
2023-02-13,47.06430816650391,47.11288070678711,46.62717819213867,46.62717819213867,25615
2023-02-14,46.67575073242188,46.96717071533203,46.67575073242188,46.87002944946289,21618
2023-02-15,46.82146072387695,46.82146072387695,46.5300407409668,46.77288818359375,12204
2023-02-16,46.96717071533203,46.96717071533203,46.67575073242188,46.67575073242188,31943
2023-02-17,46.67575073242188,46.77288818359375,46.67575073242188,46.67575073242188,13382
2023-02-20,46.67575073242188,46.91859817504883,46.62717819213867,46.72431945800781,50442
2023-02-21,46.96717071533203,46.96717071533203,46.67575073242188,46.67575073242188,21791
2023-02-22,46.62717819213867,46.87002944946289,46.5300407409668,46.67575073242188,27794
2023-02-23,46.72431945800781,46.77288818359375,46.67575073242188,46.77288818359375,59763
2023-02-24,46.91859817504883,46.91859817504883,46.62717819213867,46.82146072387695,31405
2023-03-01,46.82146072387695,46.96717071533203,46.82146072387695,46.82146072387695,5908
2023-03-02,46.82146072387695,51.28989791870117,46.82146072387695,49.638519287109375,190353
2023-03-03,49.73565673828125,50.4156379699707,49.54137802124024,49.92993927001953,50534
2023-03-06,49.24995803833008,50.12421798706055,49.24995803833008,50.027076721191406,31003
2023-03-07,50.22135925292969,50.22135925292969,50.027076721191406,50.12421798706055,37096
2023-03-08,50.51277923583984,50.51277923583984,49.92993927001953,50.22135925292969,86793
2023-03-09,50.51277923583984,50.51277923583984,50.027076721191406,50.31849670410156,42524
2023-03-10,50.12421798706055,50.4156379699707,49.44423675537109,50.22135925292969,52501
2023-03-13,50.22135925292969,50.22135925292969,49.83279800415039,50.22135925292969,24727
2023-03-14,50.12421798706055,50.4156379699707,49.638519287109375,49.83279800415039,49413
2023-03-15,50.027076721191406,50.804195404052734,49.92993927001953,50.70705795288086,80296
2023-03-16,50.998477935791016,50.998477935791016,50.4156379699707,50.60991668701172,36089
2023-03-17,50.998477935791016,51.38703536987305,50.60991668701172,50.70705795288086,39120
2023-03-20,50.90133666992188,51.28989791870117,50.60991668701172,51.28989791870117,35001
2023-03-21,51.96987533569336,51.96987533569336,51.38703536987305,51.96987533569336,36037
2023-03-22,52.16415786743164,52.26129531860352,51.87273788452149,52.26129531860352,45524
2023-03-23,52.4555778503418,52.74699783325195,52.16415786743164,52.55271530151367,50556
2023-03-24,52.94127655029297,52.94127655029297,52.4555778503418,52.64985656738281,79267
2023-03-27,52.55271530151367,53.7183952331543,52.55271530151367,52.84413528442383,62883
2023-03-28,52.64985656738281,52.64985656738281,51.96987533569336,52.16415786743164,13916
2023-03-29,51.6784553527832,51.87273788452149,49.44423675537109,50.22135925292969,109735
2023-03-30,50.22135925292969,50.70705795288086,49.54137802124024,50.12421798706055,62797
2023-03-31,50.90133666992188,50.90133666992188,50.22135925292969,50.70705795288086,46434
2023-04-06,51.28989791870117,51.28989791870117,50.60991668701172,50.804195404052734,17500
2023-04-07,50.70705795288086,50.90133666992188,50.12421798706055,50.804195404052734,49413
2023-04-10,50.804195404052734,50.804195404052734,50.31849670410156,50.51277923583984,20740
2023-04-11,50.22135925292969,50.70705795288086,50.12421798706055,50.51277923583984,26765
2023-04-12,50.4156379699707,50.51277923583984,49.92993927001953,50.12421798706055,52523
2023-04-13,49.83279800415039,50.4156379699707,49.54137802124024,49.83279800415039,39118
2023-04-14,50.12421798706055,50.12421798706055,48.37569808959961,48.56997680664063,73204
2023-04-17,48.56997680664063,49.15281677246094,48.37569808959961,48.667118072509766,52504
2023-04-18,48.667118072509766,48.764259338378906,47.88999938964844,48.47283935546875,44266
2023-04-19,48.47283935546875,48.86139678955078,48.181419372558594,48.667118072509766,39118
2023-04-20,48.56997680664063,48.56997680664063,48.132850646972656,48.22998809814453,14412
2023-04-21,48.86139678955078,48.95853805541992,47.7928581237793,47.98714065551758,9315
2023-04-24,48.764259338378906,48.764259338378906,47.88999938964844,48.27856063842773,23967
2023-04-25,48.37569808959961,48.37569808959961,48.27856063842773,48.27856063842773,3088
2023-04-26,48.37569808959961,48.37569808959961,48.37569808959961,48.37569808959961,1029
2023-04-27,48.08427810668945,48.56997680664063,48.08427810668945,48.52140808105469,10312
2023-04-28,48.56997680664063,48.95853805541992,48.56997680664063,48.667118072509766,16471
2023-05-02,48.667118072509766,48.95853805541992,48.37569808959961,48.95853805541992,11323
2023-05-03,48.37569808959961,48.95853805541992,48.37569808959961,48.667118072509766,12574
2023-05-04,48.667118072509766,48.764259338378906,48.47283935546875,48.764259338378906,13555
2023-05-05,48.37569808959961,48.764259338378906,48.181419372558594,48.181419372558594,22004
2023-05-08,48.181419372558594,48.56997680664063,48.181419372558594,48.37569808959961,4140
2023-05-09,48.181419372558594,48.32712936401367,48.08427810668945,48.08427810668945,19559
2023-05-10,48.52140808105469,48.52140808105469,48.08427810668945,48.52140808105469,6178
2023-05-11,48.52140808105469,49.73565673828125,47.69572067260742,48.27856063842773,111179
2023-05-12,48.27856063842773,48.27856063842773,47.7928581237793,48.27856063842773,16471
2023-05-15,48.27856063842773,48.27856063842773,47.74428939819336,48.08427810668945,17500
2023-05-16,47.69572067260742,48.52140808105469,47.307159423828125,47.307159423828125,85443
2023-05-17,48.37569808959961,48.37569808959961,45.850059509277344,46.1414794921875,149269
2023-05-18,46.1414794921875,46.578609466552734,45.94720077514648,46.38433074951172,42207
2023-05-19,46.82146072387695,47.50143814086914,46.38433074951172,47.50143814086914,41177
2023-05-22,47.7928581237793,49.05567932128906,47.7928581237793,47.7928581237793,89561
2023-05-23,48.37569808959961,48.47283935546875,47.98714065551758,48.08427810668945,38196
2023-05-24,48.08427810668945,49.24995803833008,48.08427810668945,49.24995803833008,133034
2023-05-25,49.34709930419922,49.638519287109375,48.56997680664063,49.34709930419922,89561
2023-05-26,49.83279800415039,50.027076721191406,48.95853805541992,49.24995803833008,38097
2023-05-29,49.34709930419922,49.73565673828125,49.05567932128906,49.34709930419922,74994
2023-05-30,49.34709930419922,49.44423675537109,48.764259338378906,49.44423675537109,56696
2023-05-31,49.73565673828125,50.51277923583984,49.44423675537109,49.44423675537109,129843
2023-06-01,50.22135925292969,50.31849670410156,49.54137802124024,50.31849670410156,67943
2023-06-02,50.51277923583984,50.70705795288086,50.12421798706055,50.60991668701172,98929
2023-06-05,51.09561538696289,51.09561538696289,50.12421798706055,50.70705795288086,56619
2023-06-06,50.70705795288086,50.804195404052734,50.22135925292969,50.804195404052734,59791
2023-06-07,50.998477935791016,51.48417663574219,50.51277923583984,51.48417663574219,132085
2023-06-08,52.94127655029297,56.63259506225586,51.6784553527832,53.7183952331543,1026565
2023-06-09,54.39837646484375,54.68979644775391,53.135555267333984,54.1069564819336,310334
2023-06-12,54.78693771362305,57.79827499389648,54.204097747802734,57.31257629394531,483907
2023-06-13,57.60399627685547,58.47825241088867,55.466915130615234,57.31257629394531,301814
2023-06-14,57.31257629394531,57.31257629394531,55.85547637939453,56.53545379638672,128680
2023-06-15,55.75833511352539,57.31257629394531,55.75833511352539,57.31257629394531,131147
2023-06-16,57.31257629394531,57.50685501098633,55.952613830566406,57.21543502807617,186254
2023-06-19,55.66119384765625,57.02115631103516,55.466915130615234,55.75833511352539,103129
2023-06-20,56.53545379638672,56.53545379638672,55.17549514770508,55.85547637939453,133064
2023-06-21,55.85547637939453,56.14689636230469,54.88407516479492,56.14689636230469,262569
2023-06-26,56.14689636230469,58.76967239379883,55.0783576965332,58.283973693847656,506392
2023-06-27,58.283973693847656,58.76967239379883,57.11829376220703,58.18683242797852,232654
2023-06-28,58.283973693847656,59.06109237670898,57.40971374511719,58.47825241088867,220304
2023-06-29,58.47825241088867,58.57539367675781,57.79827499389648,58.57539367675781,86473
2023-06-30,58.47825241088867,60.518192291259766,58.08969497680664,60.22677230834961,252208
2023-07-03,63.72381210327149,64.01522827148438,62.07243347167969,63.04383087158203,653975
2023-07-04,63.14097213745117,63.62667083740234,61.78101348876953,63.14097213745117,283794
2023-07-05,63.72381210327149,63.72381210327149,62.36385345458984,63.04383087158203,144338
2023-07-06,62.94669342041016,62.94669342041016,61.29531478881836,61.97529220581055,191635
2023-07-07,61.97529220581055,61.97529220581055,59.54679489135742,59.54679489135742,180730
2023-07-10,59.74107360839844,61.58673477172852,58.57539367675781,60.615333557128906,122595
2023-07-11,60.12963485717773,60.615333557128906,58.08969497680664,59.93535232543945,356080
2023-07-12,59.35251235961914,60.71247482299805,59.25537490844727,59.25537490844727,187358
2023-07-13,58.96395492553711,60.12963485717773,57.9925537109375,57.9925537109375,165740
2023-07-14,57.9925537109375,58.283973693847656,55.0783576965332,55.27263641357422,260968
2023-07-17,53.7183952331543,54.592655181884766,51.48417663574219,54.49551773071289,342991
2023-07-18,54.49551773071289,54.592655181884766,53.42697525024414,54.204097747802734,89666
2023-07-19,54.39837646484375,54.39837646484375,52.4555778503418,52.55271530151367,127867
2023-07-20,52.55271530151367,54.204097747802734,52.0670166015625,53.62125778198242,112209
2023-07-21,53.62125778198242,53.62125778198242,53.232696533203125,53.232696533203125,7206
2023-07-24,53.03841781616211,53.91267776489258,51.38703536987305,52.16415786743164,95738
2023-07-25,52.4555778503418,53.03841781616211,51.87273788452149,52.94127655029297,92152
2023-07-26,52.4555778503418,52.94127655029297,51.96987533569336,52.4555778503418,66913
2023-07-27,52.358436584472656,53.62125778198242,52.358436584472656,53.03841781616211,93696
2023-07-28,53.03841781616211,56.729736328125,53.03841781616211,56.04975509643555,201052
2023-07-31,56.04975509643555,56.04975509643555,53.62125778198242,54.68979644775391,136915
2023-08-01,54.39837646484375,54.39837646484375,52.64985656738281,52.74699783325195,181280
2023-08-02,52.74699783325195,54.592655181884766,52.4555778503418,54.204097747802734,182211
2023-08-04,54.204097747802734,55.27263641357422,53.91267776489258,55.27263641357422,75865
2023-08-07,54.98121643066406,56.43831634521485,54.592655181884766,56.04975509643555,212171
2023-08-08,57.11829376220703,58.283973693847656,56.3411750793457,57.89541244506836,264566
2023-08-09,58.18683242797852,58.18683242797852,57.31257629394531,57.89541244506836,131768
2023-08-10,56.924015045166016,56.924015045166016,56.43831634521485,56.43831634521485,70023
2023-08-11,56.43831634521485,57.9925537109375,56.43831634521485,57.21543502807617,70034
2023-08-14,57.31257629394531,58.3811149597168,57.02115631103516,57.02115631103516,56619
2023-08-15,57.31257629394531,58.96395492553711,57.21543502807617,57.31257629394531,243154
2023-08-16,57.79827499389648,57.79827499389648,56.63259506225586,56.924015045166016,123533
2023-08-17,56.43831634521485,57.11829376220703,55.66119384765625,56.729736328125,207948
2023-08-18,56.82687377929688,56.82687377929688,54.98121643066406,54.98121643066406,142943
2023-08-21,54.98121643066406,56.53545379638672,54.88407516479492,55.466915130615234,90264
2023-08-22,55.466915130615234,56.24403381347656,55.36977767944336,55.36977767944336,208976
2023-08-23,55.85547637939453,56.14689636230469,55.17549514770508,55.66119384765625,107062
2023-08-24,55.466915130615234,55.75833511352539,54.1069564819336,54.1069564819336,158534
2023-08-25,54.204097747802734,55.466915130615234,53.91267776489258,54.78693771362305,282532
2023-08-28,54.78693771362305,55.17549514770508,54.39837646484375,54.49551773071289,114268
2023-08-29,54.49551773071289,55.36977767944336,54.30123519897461,54.30123519897461,141703
2023-08-30,54.49551773071289,56.924015045166016,54.39837646484375,56.24403381347656,201261
2023-08-31,56.24403381347656,57.79827499389648,56.24403381347656,57.40971374511719,441574
2023-09-01,57.60399627685547,59.44965362548828,57.60399627685547,58.08969497680664,736854
2023-09-04,53.42697525024414,53.42697525024414,52.0670166015625,52.55271530151367,448836
2023-09-05,52.4555778503418,52.4555778503418,51.19275665283203,51.48417663574219,310804
2023-09-06,51.48417663574219,52.4555778503418,51.38703536987305,52.26129531860352,108369
2023-09-07,52.0670166015625,53.135555267333984,51.6784553527832,52.84413528442383,137039
2023-09-08,52.74699783325195,52.74699783325195,49.92993927001953,49.92993927001953,268217
2023-09-11,49.92993927001953,49.92993927001953,47.55001068115234,48.86139678955078,266625
2023-09-12,48.27856063842773,49.83279800415039,47.40430068969727,48.22998809814453,164952
2023-09-13,48.56997680664063,48.764259338378906,48.181419372558594,48.22998809814453,24706
2023-09-14,48.132850646972656,49.638519287109375,48.132850646972656,49.34709930419922,142066
2023-09-15,49.83279800415039,49.83279800415039,48.764259338378906,48.95853805541992,66913
2023-09-18,48.667118072509766,49.44423675537109,48.56997680664063,48.667118072509766,36030
2023-09-19,48.667118072509766,49.34709930419922,48.667118072509766,48.86139678955078,54560
2023-09-20,49.15281677246094,49.24995803833008,48.27856063842773,48.37569808959961,36706
2023-09-21,47.98714065551758,48.86139678955078,47.59857940673828,47.59857940673828,72081
2023-09-22,46.91859817504883,48.764259338378906,46.91859817504883,48.56997680664063,33971
2023-09-25,48.95853805541992,48.95853805541992,48.56997680664063,48.56997680664063,19765
2023-09-26,48.56997680664063,48.95853805541992,48.47283935546875,48.47283935546875,32942
2023-09-27,48.47283935546875,48.86139678955078,48.27856063842773,48.764259338378906,42638
2023-09-28,48.764259338378906,49.54137802124024,48.764259338378906,49.24995803833008,92856
2023-10-02,49.05567932128906,49.73565673828125,48.56997680664063,49.638519287109375,172571
2023-10-03,49.24995803833008,49.54137802124024,48.86139678955078,48.95853805541992,90765
2023-10-04,48.95853805541992,48.95853805541992,48.132850646972656,48.22998809814453,123636
2023-10-05,48.56997680664063,49.15281677246094,48.32712936401367,48.52140808105469,153423
2023-10-06,48.56997680664063,49.92993927001953,48.56997680664063,49.83279800415039,174408
2023-10-11,49.54137802124024,51.09561538696289,48.32712936401367,50.027076721191406,166903
2023-10-12,50.51277923583984,50.51277923583984,49.24995803833008,49.54137802124024,76822
2023-10-13,49.83279800415039,49.83279800415039,49.54137802124024,49.638519287109375,13932
2023-10-16,49.54137802124024,49.54137802124024,48.56997680664063,49.24995803833008,68475
2023-10-17,49.92993927001953,49.92993927001953,48.56997680664063,48.56997680664063,47460
2023-10-18,49.05567932128906,49.15281677246094,48.181419372558594,49.05567932128906,63825
2023-10-19,48.95853805541992,49.34709930419922,48.47283935546875,48.56997680664063,94824
2023-10-20,48.56997680664063,48.667118072509766,48.08427810668945,48.32712936401367,16859
2023-10-23,48.132850646972656,49.05567932128906,48.132850646972656,48.95853805541992,54769
2023-10-24,48.764259338378906,49.05567932128906,48.32712936401367,48.56997680664063,34352
2023-10-25,48.95853805541992,49.15281677246094,48.56997680664063,48.56997680664063,17739
2023-10-26,48.37569808959961,48.764259338378906,48.37569808959961,48.52140808105469,5728
2023-10-27,49.05567932128906,49.05567932128906,48.56997680664063,48.95853805541992,55589
2023-10-30,48.764259338378906,49.34709930419922,48.764259338378906,48.95853805541992,20980
2023-10-31,48.86139678955078,49.34709930419922,48.86139678955078,48.95853805541992,15461
2023-11-01,48.95853805541992,49.54137802124024,48.86139678955078,49.15281677246094,33199
2023-11-02,49.05567932128906,49.54137802124024,49.05567932128906,49.54137802124024,45295
2023-11-03,49.54137802124024,50.22135925292969,48.86139678955078,50.12421798706055,98845
2023-11-06,50.60991668701172,51.09561538696289,50.12421798706055,50.70705795288086,82541
2023-11-07,50.998477935791016,51.38703536987305,50.31849670410156,50.31849670410156,53531
2023-11-08,50.70705795288086,51.48417663574219,50.51277923583984,50.998477935791016,104354
2023-11-09,51.19275665283203,51.38703536987305,50.4156379699707,50.4156379699707,17521
2023-11-10,50.51277923583984,52.358436584472656,49.92993927001953,49.92993927001953,121494
2023-11-13,50.804195404052734,51.09561538696289,49.92993927001953,50.60991668701172,40976
2023-11-14,50.998477935791016,50.998477935791016,50.31849670410156,50.4156379699707,28824
2023-11-15,50.12421798706055,51.19275665283203,48.95853805541992,50.4156379699707,115344
2023-11-16,50.70705795288086,50.90133666992188,50.4156379699707,50.51277923583984,51558
2023-11-17,50.60991668701172,52.26129531860352,50.51277923583984,51.96987533569336,144224
2023-11-20,51.96987533569336,53.42697525024414,51.96987533569336,52.358436584472656,141281
2023-11-21,52.84413528442383,52.84413528442383,51.87273788452149,52.16415786743164,46540
2023-11-22,52.26129531860352,52.94127655029297,52.16415786743164,52.84413528442383,152530
2023-11-23,52.64985656738281,53.52411651611328,52.4555778503418,52.55271530151367,73498
2023-11-24,53.232696533203125,53.232696533203125,52.0670166015625,52.74699783325195,35705
2023-11-27,52.74699783325195,52.84413528442383,52.16415786743164,52.26129531860352,47354
2023-11-28,53.232696533203125,53.232696533203125,52.55271530151367,52.74699783325195,30355
2023-11-29,52.84413528442383,53.135555267333984,52.55271530151367,52.55271530151367,29853
2023-11-30,52.74699783325195,52.74699783325195,51.87273788452149,52.4555778503418,31763
2023-12-01,52.55271530151367,53.03841781616211,52.358436584472656,52.358436584472656,45320
2023-12-04,52.94127655029297,53.42697525024414,52.4555778503418,53.232696533203125,54831
2023-12-05,52.94127655029297,53.232696533203125,52.64985656738281,52.84413528442383,20691
2023-12-06,52.84413528442383,52.84413528442383,52.358436584472656,52.4555778503418,67963
2023-12-07,53.232696533203125,53.81553649902344,52.64985656738281,52.64985656738281,157607
2023-12-08,52.94127655029297,53.232696533203125,52.55271530151367,52.55271530151367,33428
2023-12-11,52.64985656738281,52.74699783325195,51.96987533569336,52.16415786743164,38966
2023-12-12,52.64985656738281,52.64985656738281,51.87273788452149,51.87273788452149,30959
2023-12-13,52.16415786743164,52.64985656738281,51.87273788452149,52.4555778503418,46324
2023-12-14,52.55271530151367,52.94127655029297,52.26129531860352,52.94127655029297,59728
2023-12-15,52.94127655029297,52.94127655029297,52.26129531860352,52.94127655029297,79267
2023-12-18,53.329837799072266,53.42697525024414,52.358436584472656,52.84413528442383,46324
2023-12-19,53.135555267333984,53.135555267333984,52.16415786743164,52.358436584472656,27809
2023-12-20,52.94127655029297,52.94127655029297,52.358436584472656,52.55271530151367,55762
2023-12-21,52.4555778503418,52.84413528442383,52.26129531860352,52.26129531860352,27990
2023-12-22,52.84413528442383,53.03841781616211,52.358436584472656,52.4555778503418,72060
2023-12-25,52.74699783325195,52.94127655029297,52.55271530151367,52.55271530151367,28834
2023-12-26,53.135555267333984,53.232696533203125,52.64985656738281,52.74699783325195,56886
2023-12-27,53.329837799072266,53.329837799072266,52.4555778503418,53.03841781616211,72071
2023-12-28,53.329837799072266,54.49551773071289,52.55271530151367,53.42697525024414,276940
2023-12-29,53.42697525024414,54.39837646484375,52.94127655029297,53.81553649902344,247158
2024-01-02,54.1069564819336,54.1069564819336,53.135555267333984,53.135555267333984,79616
2024-01-03,53.42697525024414,53.42697525024414,52.74699783325195,52.94127655029297,136919
2024-01-04,53.42697525024414,53.7183952331543,52.74699783325195,52.74699783325195,310891
2024-01-05,53.135555267333984,54.39837646484375,53.03841781616211,54.39837646484375,556174
2024-01-08,57.11829376220703,59.83821487426758,56.82687377929688,58.3811149597168,2152672
2024-01-09,58.08969497680664,59.35251235961914,56.924015045166016,57.31257629394531,1080204
2024-01-10,57.701133728027344,58.283973693847656,57.21543502807617,57.40971374511719,286924
2024-01-11,57.50685501098633,58.08969497680664,56.82687377929688,57.50685501098633,381284
2024-01-12,57.79827499389648,60.71247482299805,57.701133728027344,58.47825241088867,706487
2024-01-15,59.25537490844727,59.6439323425293,58.08969497680664,58.96395492553711,374721
2024-01-16,59.35251235961914,59.83821487426758,58.86681365966797,59.35251235961914,360912
2024-01-17,59.25537490844727,59.44965362548828,58.57539367675781,58.67253494262695,314119
2024-01-18,59.35251235961914,60.12963485717773,58.67253494262695,59.6439323425293,338440
2024-01-19,60.12963485717773,60.22677230834961,59.25537490844727,59.93535232543945,214559
2024-01-22,60.032493591308594,61.10103225708008,59.83821487426758,60.518192291259766,327213
2024-01-23,60.518192291259766,60.80961227416992,59.93535232543945,60.22677230834961,233033
2024-01-24,60.615333557128906,60.71247482299805,59.74107360839844,60.032493591308594,297976
2024-01-25,60.32391357421875,60.32391357421875,58.96395492553711,59.44965362548828,392556
2024-01-26,59.83821487426758,59.83821487426758,58.283973693847656,58.96395492553711,470609
2024-01-29,59.25537490844727,59.83821487426758,58.283973693847656,59.54679489135742,290425
2024-01-30,59.83821487426758,60.32391357421875,59.25537490844727,59.93535232543945,298733
2024-01-31,60.22677230834961,61.68387222290039,60.032493591308594,61.68387222290039,1454082
2024-02-01,61.68387222290039,64.40379333496094,61.68387222290039,62.75241088867188,965047
2024-02-02,64.11237335205078,64.11237335205078,62.16957473754883,62.16957473754883,1030055
2024-02-05,62.46099090576172,63.9180908203125,61.58673477172852,63.72381210327149,993180
2024-02-15,63.9180908203125,64.40379333496094,62.55813217163086,64.01522827148438,788174
2024-02-16,64.01522827148438,64.30664825439453,61.0038948059082,62.849552154541016,523203
2024-02-19,63.04383087158203,63.43239212036133,61.97529220581055,63.04383087158203,413887
2024-02-20,63.14097213745117,64.50093078613281,62.6552734375,63.82095336914063,820707
2024-02-21,63.62667083740234,65.37519073486328,63.52953338623047,64.11237335205078,857162
2024-02-22,64.59806823730469,65.76374816894531,64.11237335205078,65.66661071777344,623667
2024-02-23,66.05516815185547,68.48367309570312,65.66661071777344,68.38652801513672,747531
2024-02-26,67.8036880493164,68.09510803222656,66.73515319824219,67.51226806640625,558477
2024-02-27,67.51226806640625,69.26078796386719,67.51226806640625,68.96936798095703,576606
2024-02-29,68.96936798095703,68.96936798095703,68.09510803222656,68.77509307861328,205888
2024-03-01,68.48367309570312,68.77509307861328,67.70655059814453,67.99797058105469,319678
2024-03-04,67.8036880493164,68.67794799804688,67.12371063232422,68.19225311279297,438850
2024-03-05,68.96936798095703,70.23218536376953,68.580810546875,69.8436279296875,380424
2024-03-06,69.74649047851562,70.6207504272461,69.74649047851562,70.13504791259766,350401
2024-03-07,70.13504791259766,70.71788787841797,68.87223052978516,69.06651306152344,293608
2024-03-08,69.16365051269531,69.74649047851562,67.70655059814453,68.77509307861328,554088
2024-03-11,68.77509307861328,71.39786529541016,68.77509307861328,70.42646789550781,358297
2024-03-12,70.32933044433594,70.52360534667969,69.35792541503906,69.55220794677734,325517
2024-03-13,69.55220794677734,69.55220794677734,68.48367309570312,69.26078796386719,249125
2024-03-14,69.55220794677734,69.74649047851562,68.28939056396484,68.96936798095703,362305
2024-03-15,69.16365051269531,69.35792541503906,68.38652801513672,68.67794799804688,218431
2024-03-18,68.09510803222656,68.48367309570312,66.34658813476562,68.09510803222656,802071
2024-03-19,68.09510803222656,69.06651306152344,67.41513061523438,68.28939056396484,532957
2024-03-20,67.99797058105469,69.64934539794922,67.99797058105469,68.48367309570312,329421
2024-03-21,69.06651306152344,69.94076538085938,68.67794799804688,69.55220794677734,494378
2024-03-22,69.55220794677734,70.23218536376953,69.35792541503906,70.23218536376953,238406
2024-03-25,70.23218536376953,70.32933044433594,68.19225311279297,69.16365051269531,629298
2024-03-26,69.45507049560547,70.81502532958984,68.96936798095703,70.81502532958984,610633
2024-03-27,70.81502532958984,72.75782775878906,70.71788787841797,71.98070526123047,733711
2024-03-28,73.1463851928711,73.1463851928711,71.59214782714844,72.27212524414062,399313
2024-03-29,72.17498779296875,72.36927032470703,71.1064453125,71.98070526123047,256331
2024-04-01,72.17498779296875,73.2435302734375,71.30072784423828,73.2435302734375,308583
2024-04-02,73.2435302734375,74.11779022216797,72.75782775878906,73.34066772460938,255945
2024-04-03,72.66069030761719,73.2435302734375,72.17498779296875,72.17498779296875,188094
2024-04-08,72.36927032470703,74.11779022216797,72.36927032470703,73.34066772460938,350010
2024-04-09,73.82637023925781,73.82637023925781,72.56354522705078,72.85496520996094,247261
2024-04-10,72.85496520996094,75.7691650390625,72.66069030761719,74.21492767333984,399729
2024-04-11,74.31206512451172,74.40921020507812,72.66069030761719,72.95211029052734,312034
2024-04-12,72.4664077758789,73.63208770751953,72.4664077758789,73.63208770751953,127222
2024-04-15,73.53495025634766,75.18632507324219,73.53495025634766,75.18632507324219,242332
2024-04-16,74.99205017089844,75.08918762207031,71.1064453125,71.8835678100586,718948
2024-04-17,71.68928527832031,73.7292251586914,71.68928527832031,73.53495025634766,207386
2024-04-18,73.7292251586914,79.1690673828125,73.7292251586914,78.68336486816406,549018
2024-04-19,78.68336486816406,78.68336486816406,75.96344757080078,77.8091049194336,416924
2024-04-22,78.48908233642578,81.01472473144531,77.71196746826172,79.36334228515625,518146
2024-04-23,79.36334228515625,80.82044219970703,77.61482238769531,80.82044219970703,315420
2024-04-24,80.82044219970703,83.34608459472656,79.6547622680664,83.15180206298828,317255
2024-04-25,82.95752716064453,84.90032196044922,82.37468719482422,84.90032196044922,290418
2024-04-26,84.80318450927734,86.94026184082031,84.70603942871094,85.38602447509766,307065
2024-04-29,85.96886444091797,88.49449920654297,85.38602447509766,87.23168182373047,319103
2024-04-30,87.81452178955078,91.89440155029295,85.77458190917969,90.82585906982422,566346
2024-05-02,91.79725646972656,93.93434143066406,90.82585906982422,92.18582153320312,640704
2024-05-03,92.38009643554688,95.682861328125,91.79725646972656,95.682861328125,496282
2024-05-06,95.682861328125,98.11135864257812,93.44863891601562,95.19715881347656,549658
2024-05-07,95.682861328125,96.07141876220705,86.26028442382812,90.2430191040039,1134126
2024-05-08,91.79725646972656,95.00287628173828,85.48316192626953,85.48316192626953,1523038
2024-05-09,85.48316192626953,87.03739929199219,84.51176452636719,84.9974594116211,666534
2024-05-10,85.0946044921875,86.64884185791016,83.15180206298828,84.12319946289062,519543
2024-05-13,84.02606201171875,85.96886444091797,83.34608459472656,85.87171936035156,287214
2024-05-14,86.357421875,86.357421875,79.84904479980469,80.14046478271484,744727
2024-05-15,80.62616729736328,81.01472473144531,78.87764739990234,79.55762481689453,539445
2024-05-16,80.14046478271484,81.98612213134766,80.14046478271484,81.01472473144531,339778
2024-05-17,81.59756469726562,84.02606201171875,81.59756469726562,82.95752716064453,316052
2024-05-20,84.3174819946289,84.3174819946289,82.18040466308594,83.24893951416016,183666
2024-05-21,83.44322204589844,84.02606201171875,81.98612213134766,81.98612213134766,186974
2024-05-22,81.98612213134766,82.56896209716797,81.2090072631836,81.98612213134766,239894
2024-05-23,82.18040466308594,82.18040466308594,80.04332733154297,81.2090072631836,389586
2024-05-24,80.23760223388672,81.40328216552734,80.04332733154297,80.431884765625,298738
2024-05-27,80.431884765625,81.50042724609375,80.14046478271484,80.62616729736328,256334
2024-05-28,81.01472473144531,83.24893951416016,81.01472473144531,82.56896209716797,452964
2024-05-29,82.76324462890625,84.12319946289062,81.50042724609375,83.54035949707031,235789
2024-05-30,83.54035949707031,86.06600189208984,83.34608459472656,84.02606201171875,421041
2024-05-31,85.19174194335938,90.53443908691406,84.80318450927734,87.6202392578125,831523
2024-06-03,87.6202392578125,90.04873657226562,85.28887939453125,89.56304168701172,518200
2024-06-04,89.75732421875,90.63157653808594,88.30022430419922,89.27162170410156,274965
2024-06-05,89.56304168701172,91.31156158447266,88.88306427001953,89.95159912109375,227005
2024-06-06,90.2430191040039,90.2430191040039,87.1345443725586,87.6202392578125,388986
2024-06-07,88.88306427001953,89.75732421875,88.00880432128906,88.00880432128906,235752
2024-06-11,88.00880432128906,88.3973617553711,84.9974594116211,85.48316192626953,323244
2024-06-12,85.48316192626953,85.48316192626953,82.86038208007812,83.44322204589844,269901
2024-06-13,83.7346420288086,85.19174194335938,82.66610717773438,84.02606201171875,213245
2024-06-14,84.9974594116211,86.74597930908203,84.51176452636719,85.19174194335938,96252
2024-06-17,86.45455932617188,86.45455932617188,85.19174194335938,85.19174194335938,75306
2024-06-18,85.19174194335938,86.16313934326172,83.7346420288086,86.16313934326172,161715
2024-06-19,87.42596435546875,88.30022430419922,86.26028442382812,87.03739929199219,292038
2024-06-20,87.42596435546875,88.68878173828125,87.42596435546875,88.3973617553711,232726
2024-06-21,88.3973617553711,88.3973617553711,85.87171936035156,86.06600189208984,190765
2024-06-24,86.16313934326172,88.68878173828125,84.80318450927734,86.16313934326172,233714
2024-06-25,86.16313934326172,86.16313934326172,84.90032196044922,85.38602447509766,181802
2024-06-26,85.96886444091797,86.74597930908203,85.5802993774414,86.74597930908203,200741
2024-06-27,86.06600189208984,87.42596435546875,86.06600189208984,86.45455932617188,138048
2024-06-28,86.94026184082031,86.94026184082031,85.38602447509766,85.77458190917969,125932
2024-07-01,86.357421875,89.46590423583984,86.26028442382812,88.88306427001953,394801
2024-07-02,88.59164428710938,88.88306427001953,87.23168182373047,88.30022430419922,137084
2024-07-03,87.91165924072266,88.49449920654297,87.1345443725586,87.7173843383789,142153
2024-07-04,89.75732421875,96.45997619628906,89.17448425292969,96.1685562133789,1475566
2024-07-05,96.1685562133789,105.3968505859375,95.77999877929688,103.93975067138672,1261976
2024-07-08,106.85395050048828,112.19664764404295,100.0541534423828,104.42545318603516,2031388
2024-07-09,108.31105041503906,111.22525024414062,105.3968505859375,110.73955535888672,1174666
2024-07-10,110.73955535888672,121.4249496459961,110.73955535888672,121.4249496459961,1499624
2024-07-11,124.33914947509766,125.7962417602539,117.5393524169922,120.93924713134766,2056250
2024-07-12,119.96784973144533,122.88204956054688,115.11084747314452,118.99644470214844,1301918
2024-07-15,122.39634704589844,130.16754150390625,121.4249496459961,123.85344696044922,1664991
2024-07-16,128.22474670410156,135.99594116210938,127.25334167480467,135.99594116210938,895263
2024-07-17,147.1670379638672,148.138427734375,141.8243408203125,145.70993041992188,4372039
2024-07-18,145.70993041992188,148.62413024902344,143.28143310546875,143.7671356201172,3083918
2024-07-19,145.70993041992188,146.68133544921875,141.8243408203125,145.70993041992188,1608369
2024-07-22,145.70993041992188,146.68133544921875,142.7957305908203,145.70993041992188,1208684
2024-07-23,146.1956329345703,160.2809295654297,146.1956329345703,160.2809295654297,2426719
2024-07-26,160.2809295654297,176.30902099609375,157.85243225097656,176.30902099609375,8146176
2024-07-29,178.73751831054688,193.79421997070312,173.88052368164062,174.8519287109375,13431577
2024-07-30,175.33763122558594,192.3371124267578,166.59503173828125,187.4801177978516,8777841
2024-07-31,187.4801177978516,198.1655120849609,187.4801177978516,188.93722534179688,6856986
2024-08-01,188.45152282714844,207.3938140869141,187.4801177978516,207.3938140869141,4805492
2024-08-02,211.76510620117188,220.50770568847656,200.1083068847656,202.05111694335932,10830257
2024-08-05,195.7370147705078,198.1655120849609,182.13742065429688,183.59451293945312,5779127
2024-08-06,192.82281494140625,198.65121459960932,168.53782653808594,172.42343139648438,6853045
2024-08-07,174.8519287109375,189.42291259765625,171.93772888183594,189.42291259765625,3115901
2024-08-08,193.79421997070312,207.3938140869141,186.5087127685547,201.5654144287109,8560600
2024-08-09,210.793701171875,221.47911071777344,193.3085174560547,193.3085174560547,11749879
2024-08-12,189.42291259765625,201.5654144287109,186.99441528320312,201.5654144287109,5151740
2024-08-13,192.3371124267578,206.9081115722656,192.3371124267578,204.4796142578125,3769334
2024-08-14,209.33660888671875,222.45050048828125,208.36520385742188,214.67930603027344,5598292
2024-08-15,218.56491088867188,230.22169494628903,209.8223114013672,214.67930603027344,8820452
2024-08-16,221.47911071777344,227.3074951171875,210.793701171875,211.76510620117188,5479013
2024-08-19,215.6507110595703,215.6507110595703,203.0225067138672,205.93670654296875,2899158
2024-08-20,206.4224090576172,208.36520385742188,196.22271728515625,203.0225067138672,3039458
2024-08-21,201.5654144287109,203.9939117431641,194.2799224853516,199.62261962890625,2020962
2024-08-22,199.62261962890625,207.8795166015625,188.93722534179688,199.1369171142578,6044069
2024-08-23,199.62261962890625,202.05111694335932,190.39431762695312,193.79421997070312,3567071
2024-08-26,193.3085174560547,203.0225067138672,191.85140991210932,193.79421997070312,2610963
2024-08-27,194.2799224853516,205.93670654296875,193.3085174560547,203.5082092285156,3439771
2024-08-28,203.9939117431641,206.9081115722656,193.3085174560547,193.3085174560547,2142462
2024-08-29,196.22271728515625,199.62261962890625,191.85140991210932,191.85140991210932,1035534
2024-08-30,196.22271728515625,206.4224090576172,192.82281494140625,196.22271728515625,3150336
2024-09-02,194.2799224853516,200.5940093994141,191.36572265625,191.36572265625,1872561
2024-09-03,193.79421997070312,200.1083068847656,193.3085174560547,195.7370147705078,1557684
2024-09-04,187.9658203125,197.6798095703125,184.0802154541016,191.85140991210932,1957400
2024-09-05,196.22271728515625,201.0797119140625,187.4801177978516,187.4801177978516,1617850
2024-09-06,189.42291259765625,189.9086151123047,183.1088256835937,183.59451293945312,928311
2024-09-09,181.166015625,183.59451293945312,179.70892333984375,181.65171813964844,410770
2024-09-10,186.4180145263672,186.913803100586,165.0989227294922,168.56947326660156,2411077
2024-09-11,166.5863037109375,169.06527709960938,161.13258361816406,165.0989227294922,896916
2024-09-12,168.56947326660156,176.00636291503906,166.5863037109375,173.0316162109375,877383
2024-09-13,174.023193359375,181.4600830078125,174.023193359375,178.9811248779297,933101
2024-09-16,177.98953247070312,182.9474639892578,175.01478576660156,175.01478576660156,462089
2024-09-18,175.01478576660156,177.49374389648438,173.0316162109375,173.52740478515625,466440
2024-09-19,174.51898193359375,179.47691345214844,174.51898193359375,177.49374389648438,443488
2024-09-20,164.1073455810547,165.5947265625,160.14100646972656,160.14100646972656,796710
2024-09-23,145.26722717285156,146.25880432128906,144.275634765625,144.275634765625,670031
2024-09-24,138.82192993164062,158.65362548828125,137.83033752441406,152.70411682128906,4604783
2024-09-25,156.17466735839844,159.1494140625,144.7714385986328,146.75460815429688,2641769
2024-09-26,149.2335662841797,151.21673583984375,142.29246520996094,147.74618530273438,1337552
2024-09-27,148.73777770996094,152.2083282470703,143.2840576171875,150.720947265625,1345699
2024-09-30,150.720947265625,150.720947265625,145.7630157470703,147.74618530273438,699709
2024-10-01,147.25039672851562,149.2335662841797,143.77984619140625,146.75460815429688,487622
2024-10-04,146.25880432128906,146.75460815429688,137.83033752441406,140.30929565429688,937057
2024-10-07,140.30929565429688,140.8050994873047,131.38504028320312,138.82192993164062,1650894
2024-10-08,140.8050994873047,142.29246520996094,133.86399841308594,142.29246520996094,1170988
2024-10-09,140.8050994873047,143.2840576171875,135.84716796875,138.82192993164062,1055233
2024-10-11,139.81350708007812,141.7966766357422,135.35137939453125,136.34295654296875,708060
2024-10-14,136.8387451171875,137.83033752441406,132.37661743164062,137.3345489501953,715562
2024-10-15,135.84716796875,137.3345489501953,134.3597869873047,135.35137939453125,497614
2024-10-16,133.86399841308594,136.34295654296875,130.8892364501953,131.88082885742188,636271
2024-10-17,131.38504028320312,133.3682098388672,129.8976593017578,132.37661743164062,802842
2024-10-18,132.37661743164062,132.37661743164062,128.4102783203125,130.39344787597656,1471488
2024-10-21,131.88082885742188,132.37661743164062,127.41869354248048,128.4102783203125,1543135
2024-10-22,129.40187072753906,129.40187072753906,122.95655822753906,127.91448974609376,1702443
2024-10-23,126.9228973388672,129.8976593017578,124.93972778320312,125.4355239868164,1131793
2024-10-24,125.93131256103516,125.93131256103516,120.973388671875,121.46918487548828,1344271
2024-10-25,121.96497344970705,121.96497344970705,118.99021911621094,118.99021911621094,811046
2024-10-28,118.99021911621094,126.9228973388672,118.99021911621094,123.45235443115234,1087652
2024-10-29,123.45235443115234,124.44393920898438,120.47760009765624,120.973388671875,507374
2024-10-30,120.47760009765624,122.46076965332033,119.48601531982422,121.46918487548828,365540
2024-11-01,121.46918487548828,128.90606689453125,119.48601531982422,126.42710876464844,601098
2024-11-04,126.9228973388672,126.9228973388672,120.47760009765624,121.96497344970705,665027
2024-11-05,122.46076965332033,123.45235443115234,116.01546478271484,116.5112533569336,682638
2024-11-06,117.00704956054688,117.00704956054688,110.5617446899414,111.05754089355467,1357215
2024-11-07,112.04912567138672,116.01546478271484,112.04912567138672,114.03229522705078,667763
2024-11-08,115.51966857910156,117.9986343383789,111.05754089355467,111.55332946777344,664086
2024-11-11,111.55332946777344,117.9986343383789,111.05754089355467,115.0238800048828,649882
2024-11-12,114.52808380126952,115.51966857910156,113.04071044921876,113.04071044921876,268585
2024-11-13,113.04071044921876,117.00704956054688,111.55332946777344,115.51966857910156,390555
2024-11-14,116.01546478271484,116.5112533569336,111.55332946777344,113.04071044921876,339968
2024-11-15,114.52808380126952,122.95655822753906,113.04071044921876,115.0238800048828,1059143
2024-11-18,117.00704956054688,118.4944305419922,114.03229522705078,116.01546478271484,526470
2024-11-19,117.00704956054688,120.973388671875,116.5112533569336,120.47760009765624,526761
2024-11-20,119.98180389404295,124.44393920898438,117.9986343383789,124.44393920898438,796127
2024-11-21,123.9481430053711,126.42710876464844,120.973388671875,124.93972778320312,869469
2024-11-22,125.93131256103516,125.93131256103516,123.45235443115234,125.4355239868164,420579
2024-11-25,126.42710876464844,127.91448974609376,123.9481430053711,126.42710876464844,335836
2024-11-26,126.9228973388672,128.90606689453125,125.93131256103516,126.9228973388672,295077
2024-11-27,126.9228973388672,128.90606689453125,120.47760009765624,120.47760009765624,579228
2024-11-28,120.973388671875,121.96497344970705,118.4944305419922,121.46918487548828,376245
2024-11-29,121.46918487548828,127.41869354248048,119.48601531982422,126.9228973388672,348438
2024-12-02,129.8976593017578,135.35137939453125,123.9481430053711,124.93972778320312,949003
2024-12-03,128.90606689453125,128.90606689453125,123.9481430053711,125.4355239868164,302143
2024-12-04,125.93131256103516,130.39344787597656,124.93972778320312,129.8976593017578,340110
2024-12-05,128.90606689453125,130.8892364501953,125.4355239868164,125.4355239868164,216572
2024-12-06,127.41869354248048,130.39344787597656,125.93131256103516,130.39344787597656,245084
2024-12-09,130.39344787597656,130.39344787597656,124.93972778320312,125.4355239868164,358858
2024-12-10,125.93131256103516,126.9228973388672,122.46076965332033,122.46076965332033,252462
2024-12-11,121.46918487548828,122.95655822753906,118.99021911621094,121.96497344970705,528704
2024-12-12,122.46076965332033,129.40187072753906,122.46076965332033,126.42710876464844,400670
2024-12-13,128.4102783203125,128.4102783203125,117.00704956054688,117.00704956054688,610616
2024-12-16,117.50284576416016,123.45235443115234,117.00704956054688,121.96497344970705,319714
2024-12-17,120.973388671875,122.95655822753906,115.0238800048828,116.01546478271484,355017
2024-12-18,117.00704956054688,118.99021911621094,114.03229522705078,117.50284576416016,223923
2024-12-19,117.50284576416016,120.47760009765624,115.51966857910156,117.00704956054688,153466
2024-12-20,120.973388671875,126.42710876464844,111.05754089355467,111.05754089355467,1357530
2024-12-23,113.04071044921876,115.0238800048828,110.06595611572266,114.52808380126952,506820
2024-12-24,115.51966857910156,115.51966857910156,112.54491424560548,115.0238800048828,296646
2024-12-25,115.51966857910156,118.99021911621094,115.0238800048828,117.50284576416016,280132
2024-12-26,117.9986343383789,117.9986343383789,116.01546478271484,117.00704956054688,124088
2024-12-27,117.00704956054688,117.00704956054688,113.5364990234375,113.5364990234375,106924
2024-12-30,113.04071044921876,121.46918487548828,113.04071044921876,119.48601531982422,497543
2024-12-31,120.47760009765624,120.47760009765624,116.5112533569336,118.4944305419922,219133
2025-01-02,119.98180389404295,120.47760009765624,115.51966857910156,116.01546478271484,194810
2025-01-03,120.47760009765624,120.47760009765624,113.5364990234375,113.5364990234375,176722
2025-01-06,115.0238800048828,116.5112533569336,113.04071044921876,113.5364990234375,195505
2025-01-07,115.0238800048828,115.51966857910156,112.54491424560548,112.54491424560548,188628
2025-01-08,113.5364990234375,114.52808380126952,112.04912567138672,112.54491424560548,180591
2025-01-09,114.52808380126952,115.51966857910156,110.06595611572266,110.06595611572266,357074
2025-01-10,110.06595611572266,111.05754089355467,101.63748168945312,101.63748168945312,453920
2025-01-13,103.1248550415039,107.58699035644533,100.6458969116211,105.60382080078124,853199
2025-01-14,105.60382080078124,107.58699035644533,103.6206512451172,104.61223602294922,403432
2025-01-15,104.11643981933594,107.09119415283205,103.1248550415039,106.099609375,247603
2025-01-16,106.59540557861328,108.57857513427734,105.60382080078124,107.58699035644533,250151
2025-01-17,107.58699035644533,108.57857513427734,107.09119415283205,108.57857513427734,133379
2025-01-20,108.57857513427734,108.57857513427734,106.59540557861328,106.59540557861328,53820
2025-01-21,106.59540557861328,108.57857513427734,105.60382080078124,106.59540557861328,77683
2025-01-22,106.099609375,110.06595611572266,104.61223602294922,109.07437133789062,167614
2025-02-03,106.099609375,109.57015991210938,105.10802459716795,108.0827865600586,161530
2025-02-04,108.0827865600586,109.07437133789062,105.60382080078124,105.60382080078124,107444
2025-02-05,105.60382080078124,107.58699035644533,103.1248550415039,105.10802459716795,138378
2025-02-06,105.10802459716795,107.09119415283205,103.6206512451172,105.10802459716795,124091
2025-02-07,104.61223602294922,106.099609375,101.14168548583984,101.63748168945312,189644
2025-02-10,100.1501007080078,105.10802459716795,100.1501007080078,103.6206512451172,176485
2025-02-11,104.11643981933594,105.10802459716795,102.13327026367188,102.62906646728516,91021
2025-02-12,102.13327026367188,104.61223602294922,102.13327026367188,102.62906646728516,138162
2025-02-13,103.1248550415039,106.099609375,103.1248550415039,105.60382080078124,149367
2025-02-14,105.60382080078124,106.099609375,103.6206512451172,104.11643981933594,75838
2025-02-17,104.61223602294922,106.099609375,104.11643981933594,105.60382080078124,129117
2025-02-18,105.60382080078124,110.5617446899414,105.60382080078124,106.099609375,293510
2025-02-19,106.099609375,112.54491424560548,106.099609375,111.55332946777344,350215
2025-02-20,113.5364990234375,114.03229522705078,109.57015991210938,112.04912567138672,368284
2025-02-21,112.04912567138672,117.9986343383789,112.04912567138672,117.50284576416016,475275
2025-02-24,117.50284576416016,118.99021911621094,116.01546478271484,117.9986343383789,297528
2025-02-25,117.50284576416016,117.50284576416016,113.5364990234375,114.03229522705078,274536
2025-02-26,113.5364990234375,114.03229522705078,111.55332946777344,113.5364990234375,213825
2025-02-27,113.04071044921876,114.52808380126952,111.05754089355467,112.54491424560548,352062
2025-03-03,112.04912567138672,112.04912567138672,107.58699035644533,108.0827865600586,222907
2025-03-04,108.0827865600586,109.07437133789062,105.60382080078124,109.07437133789062,281552
2025-03-05,107.58699035644533,109.07437133789062,105.60382080078124,107.58699035644533,197691
2025-03-06,107.09119415283205,108.57857513427734,106.59540557861328,107.58699035644533,88785
2025-03-07,106.59540557861328,108.0827865600586,105.60382080078124,106.59540557861328,104099
2025-03-10,105.60382080078124,107.58699035644533,103.1248550415039,104.61223602294922,298830
2025-03-11,102.13327026367188,104.61223602294922,100.6458969116211,104.11643981933594,308697
2025-03-12,102.62906646728516,111.05754089355467,102.62906646728516,107.58699035644533,393713
2025-03-13,108.0827865600586,110.5617446899414,105.60382080078124,106.099609375,361038
2025-03-14,106.099609375,109.07437133789062,103.6206512451172,104.61223602294922,348243
2025-03-17,104.61223602294922,107.09119415283205,103.6206512451172,105.60382080078124,151273
2025-03-18,107.09119415283205,108.57857513427734,104.61223602294922,106.59540557861328,133271
2025-03-19,106.59540557861328,106.59540557861328,103.6206512451172,104.61223602294922,125052
2025-03-20,104.61223602294922,108.57857513427734,104.61223602294922,108.57857513427734,386276
2025-03-21,108.57857513427734,113.5364990234375,105.60382080078124,110.06595611572266,606159
2025-03-24,110.06595611572266,112.04912567138672,109.57015991210938,110.5617446899414,165820
2025-03-25,112.04912567138672,112.04912567138672,107.58699035644533,108.57857513427734,387431
2025-03-26,107.58699035644533,110.06595611572266,107.58699035644533,109.07437133789062,74627
2025-03-27,106.59540557861328,109.57015991210938,106.59540557861328,109.07437133789062,62526
2025-03-28,108.0827865600586,108.0827865600586,104.11643981933594,106.59540557861328,344957
2025-03-31,103.1248550415039,105.10802459716795,101.14168548583984,101.63748168945312,451842
2025-04-01,101.63748168945312,102.62906646728516,99.65431213378906,100.6458969116211,734253
2025-04-02,100.1501007080078,100.6458969116211,96.18376159667967,96.18376159667967,452499
2025-04-07,86.56538391113281,86.56538391113281,86.56538391113281,86.56538391113281,27380
2025-04-08,77.93859100341797,86.96202087402344,77.93859100341797,86.96202087402344,1045951
2025-04-09,86.66454315185547,86.66454315185547,78.3352279663086,78.3352279663086,466931
2025-04-10,86.06959533691406,86.16874694824219,83.1939926147461,85.9704360961914,293470
2025-04-11,85.47463989257812,85.47463989257812,79.92176055908203,83.3923110961914,179046
2025-04-14,83.1939926147461,86.26790618896484,83.1939926147461,84.08642578125,879597
2025-04-15,88.2510757446289,89.73845672607422,85.7721176147461,89.14350891113281,696904
2025-04-16,88.9451904296875,89.04434967041016,87.35865020751953,87.55696868896484,109074
2025-04-17,86.76370239257812,87.95360565185547,85.07801055908203,85.07801055908203,550774
2025-04-18,85.7721176147461,87.6561279296875,85.07801055908203,87.6561279296875,56487
2025-04-21,86.86286163330078,86.86286163330078,82.00408935546875,84.58221435546875,105090
2025-04-22,84.58221435546875,84.58221435546875,80.81419372558594,81.30998229980469,126175
2025-04-23,82.79736328125,83.88810729980469,82.30156707763672,82.69820404052734,76342
2025-04-24,82.59904479980469,84.08642578125,81.80577850341797,82.40072631835938,54517
2025-04-25,83.49147033691406,83.49147033691406,82.20240783691406,83.29315185546875,64563
2025-04-28,83.1939926147461,84.87969207763672,82.00408935546875,84.38389587402344,94091
2025-04-29,83.78894805908203,88.2510757446289,83.78894805908203,88.2510757446289,84992
2025-04-30,87.85444641113281,89.44097900390625,86.56538391113281,87.0611801147461,102865
2025-05-02,84.97885131835938,90.43256378173828,84.97885131835938,90.43256378173828,155834
2025-05-05,90.73004150390624,96.67955017089844,90.2342529296875,91.72162628173828,436674
2025-05-06,89.44097900390625,90.92835998535156,88.74687194824219,90.13509368896484,82699
2025-05-07,90.13509368896484,90.13509368896484,87.35865020751953,88.64771270751953,73721
2025-05-08,89.04434967041016,90.43256378173828,88.44939422607422,89.24266052246094,18174
2025-05-09,88.2510757446289,89.83761596679688,87.55696868896484,88.35023498535156,50449
2025-05-12,91.02751922607422,91.02751922607422,88.44939422607422,88.44939422607422,50708
2025-05-13,88.54855346679688,90.13509368896484,86.66454315185547,86.76370239257812,133578
2025-05-14,87.55696868896484,88.64771270751953,86.26790618896484,87.45780944824219,90923
2025-05-15,88.05276489257812,88.05276489257812,84.58221435546875,84.58221435546875,122473
2025-05-16,86.16874694824219,86.16874694824219,84.28473663330078,84.28473663330078,89142
2025-05-19,84.28473663330078,84.38389587402344,82.30156707763672,82.79736328125,141221
2025-05-20,83.29315185546875,84.38389587402344,82.59904479980469,83.1939926147461,77780
2025-05-21,84.18557739257812,86.56538391113281,83.3923110961914,85.7721176147461,142019
2025-05-22,85.7721176147461,86.26790618896484,84.38389587402344,84.4830551147461,71622
2025-05-23,83.78894805908203,85.47463989257812,83.78894805908203,85.07801055908203,101858
2025-05-26,85.07801055908203,86.46622467041016,84.58221435546875,85.07801055908203,101957
2025-05-27,85.07801055908203,86.06959533691406,82.79736328125,82.79736328125,119011
2025-05-28,83.3923110961914,84.18557739257812,81.40914154052734,81.40914154052734,69736
2025-05-29,81.21082305908203,82.00408935546875,80.21923828125,80.31839752197266,118403
2025-06-02,79.92176055908203,81.11166381835938,78.93017578125,79.12849426269531,98831
2025-06-03,81.80577850341797,81.80577850341797,78.73186492919922,78.83101654052734,112950
2025-06-04,79.52513122558594,81.01250457763672,79.02933502197266,79.02933502197266,71727
2025-06-05,78.73186492919922,79.82260131835938,78.23606872558594,78.23606872558594,71261
2025-06-06,78.93017578125,79.6242904663086,78.03775024414062,78.3352279663086,71686
2025-06-09,78.83101654052734,79.42597198486328,77.34364318847656,77.54196166992188,87334
2025-06-10,76.94700622558594,78.83101654052734,76.94700622558594,77.14532470703125,90022
2025-06-11,77.34364318847656,79.02933502197266,76.94700622558594,77.83943176269531,99847
2025-06-12,77.34364318847656,78.3352279663086,76.74868774414062,78.3352279663086,265332
2025-06-13,78.03775024414062,78.5335464477539,75.65795135498047,75.9554214477539,587977
2025-06-16,75.3604736328125,76.74868774414062,74.96383666992188,76.25289916992188,90834
2025-06-17,75.45963287353516,77.0461654663086,75.45963287353516,76.6495361328125,46790
2025-06-18,76.84784698486328,80.31839752197266,76.84784698486328,80.21923828125,188143
2025-06-19,81.30998229980469,81.30998229980469,76.35205841064453,76.35205841064453,373416
2025-06-20,76.74868774414062,78.23606872558594,74.86467742919922,75.26131439208984,174481
2025-06-23,74.36888885498047,74.56720733642578,72.58403778076172,73.67477416992188,394373
2025-06-24,74.17057037353516,75.7571029663086,74.17057037353516,75.65795135498047,75636
2025-06-25,75.65795135498047,75.9554214477539,74.76551818847656,74.76551818847656,73619
2025-06-26,74.76551818847656,77.83943176269531,74.76551818847656,76.84784698486328,169627
2025-06-27,76.15373992919922,78.23606872558594,76.15373992919922,77.44280242919922,133120
2025-06-30,76.84784698486328,77.0461654663086,75.7571029663086,76.25289916992188,105077
2025-07-01,76.25289916992188,78.3352279663086,76.25289916992188,77.0461654663086,210773
2025-07-02,76.25289916992188,77.74027252197266,76.25289916992188,76.55037689208984,51650
2025-07-03,76.15373992919922,77.93859100341797,76.15373992919922,77.44280242919922,58108
2025-07-04,77.14532470703125,78.13690948486328,76.84784698486328,77.44280242919922,143288
2025-07-07,76.94700622558594,77.83943176269531,76.15373992919922,76.35205841064453,41348
2025-07-08,75.16215515136719,76.35205841064453,71.39413452148438,71.39413452148438,331807
2025-07-09,71.79076385498047,71.98908233642578,69.51011657714844,71.49329376220703,220858
2025-07-10,71.39413452148438,72.68318939208984,70.8983383178711,71.29497528076172,124043
2025-07-11,71.88992309570312,74.36888885498047,71.49329376220703,71.98908233642578,309605
2025-07-14,71.49329376220703,72.58403778076172,70.79917907714844,70.79917907714844,81859
2025-07-15,70.60086059570312,70.8983383178711,67.82442474365234,68.3202133178711,291574
2025-07-16,67.82442474365234,70.20423126220703,67.42778778076172,68.3202133178711,254183
2025-07-17,68.3202133178711,69.8075942993164,68.3202133178711,69.01432800292969,57483
2025-07-18,69.212646484375,69.6092758178711,68.71685028076172,69.01432800292969,43400
2025-07-21,69.01432800292969,70.8983383178711,68.41937255859375,70.50170135498047,110424
2025-07-22,70.50170135498047,70.50170135498047,67.03115844726562,67.42778778076172,172550
2025-07-23,67.72526550292969,70.20423126220703,67.42778778076172,70.10507202148438,166826
2025-07-24,70.20423126220703,70.99749755859375,68.41937255859375,69.11348724365234,167408
2025-07-25,69.212646484375,69.90675354003906,67.923583984375,68.3202133178711,49698
2025-07-28,68.3202133178711,68.91516876220703,68.12190246582031,68.41937255859375,16135
2025-07-29,68.41937255859375,68.41937255859375,66.83283996582031,66.93199920654297,60639
2025-07-30,66.93199920654297,68.61769104003906,66.83283996582031,67.42778778076172,47467
2025-07-31,66.93199920654297,67.13031768798828,65.64293670654297,66.53536224365234,158405
2025-08-04,67.03115844726562,71.29497528076172,66.634521484375,70.8983383178711,192690
2025-08-05,71.39413452148438,71.39413452148438,69.01432800292969,70.10507202148438,52809
2025-08-06,68.81600952148438,71.98908233642578,68.81600952148438,71.59244537353516,100919
2025-08-07,71.49329376220703,71.49329376220703,70.20423126220703,70.79917907714844,53565
2025-08-08,69.8075942993164,70.8983383178711,69.8075942993164,70.10507202148438,36423
2025-08-11,69.01432800292969,70.10507202148438,67.72526550292969,68.41937255859375,147254
2025-08-12,68.5185317993164,70.50170135498047,68.22106170654297,68.3202133178711,121287
2025-08-13,68.12190246582031,69.41095733642578,67.923583984375,68.22106170654297,61084
2025-08-14,69.212646484375,69.212646484375,67.82442474365234,68.3202133178711,108947
2025-08-15,69.212646484375,69.90675354003906,68.61769104003906,69.90675354003906,102148
2025-08-18,70.40254974365234,70.40254974365234,68.91516876220703,69.6092758178711,45725
2025-08-19,69.31180572509766,70.10507202148438,68.81600952148438,69.41095733642578,105891
2025-08-20,69.31180572509766,69.31180572509766,67.32862854003906,67.923583984375,117995
2025-08-21,68.41937255859375,69.90675354003906,68.41937255859375,68.81600952148438,71622
2025-08-22,68.81600952148438,69.212646484375,68.12190246582031,68.81600952148438,30274
2025-08-25,69.70843505859375,72.28656005859375,69.70843505859375,70.40254974365234,140645
2025-08-26,69.31180572509766,71.39413452148438,69.31180572509766,69.8075942993164,81206
2025-08-27,69.90675354003906,71.39413452148438,69.70843505859375,70.50170135498047,72611
2025-08-28,70.50170135498047,71.0966567993164,69.90675354003906,70.10507202148438,135137
2025-08-29,70.99749755859375,71.79076385498047,70.60086059570312,70.99749755859375,149457
2025-09-01,71.49329376220703,73.27814483642578,70.79917907714844,70.8983383178711,273556
2025-09-02,71.39413452148438,71.98908233642578,70.00591278076172,70.30339050292969,256528
2025-09-03,70.60086059570312,71.19581604003906,67.42778778076172,69.90675354003906,708177
2025-09-04,64.45303344726562,69.8075942993164,64.45303344726562,69.8075942993164,633987
2025-09-05,76.35205841064453,76.74868774414062,71.29497528076172,73.07982635498047,1580864
2025-09-08,71.19581604003906,71.88992309570312,66.83283996582031,66.83283996582031,681787
2025-09-09,68.02274322509766,68.02274322509766,65.84125518798828,66.13873291015625,260209
2025-09-10,66.2378921508789,66.2378921508789,64.55219268798828,64.7505111694336,264247
2025-09-11,64.7505111694336,64.7505111694336,61.57743835449219,61.57743835449219,377194
2025-09-12,61.67659759521485,64.65135192871094,59.69342422485352,61.47827911376953,480053
2025-09-15,63.06481552124024,64.7505111694336,62.27154922485352,62.96565628051758,260292
2025-09-16,63.56060791015625,69.212646484375,63.56060791015625,67.62610626220703,1253670
2025-09-17,67.13031768798828,67.923583984375,65.94041442871094,66.634521484375,422566
2025-09-18,66.634521484375,67.42778778076172,64.7505111694336,64.7505111694336,251237
2025-09-19,64.45303344726562,64.45303344726562,61.7757568359375,61.97407150268555,330011
2025-09-22,61.87491226196289,61.87491226196289,59.99090194702149,61.08164596557617,201092
2025-09-23,61.08164596557617,62.370704650878906,60.58585357666016,61.37911987304688,137399
2025-09-24,60.4866943359375,62.27154922485352,60.4866943359375,60.68501281738281,112971
2025-09-25,60.58585357666016,61.97407150268555,59.79258346557617,59.99090194702149,214807
2025-09-26,59.69342422485352,59.89174270629883,57.511940002441406,57.61109924316406,317788
2025-09-30,57.61109924316406,58.00773239135742,57.511940002441406,57.80941390991211,132240
2025-10-01,57.908573150634766,58.206050872802734,57.41278076171875,57.80941390991211,141382
2025-10-02,57.80941390991211,57.80941390991211,57.313621520996094,57.71025466918945,110943
2025-10-03,58.10689163208008,58.10689163208008,56.02456283569336,56.222877502441406,265533
2025-10-07,56.02456283569336,56.02456283569336,54.73550033569336,54.93381881713867,111000
2025-10-08,54.239707946777344,55.627925872802734,54.239707946777344,55.13213348388672,74189
2025-10-09,54.6363410949707,55.33045196533203,54.14054870605469,54.3388671875,73014
2025-10-13,54.04138946533203,54.04138946533203,52.35569763183594,53.0498046875,204056
2025-10-14,53.44644165039063,54.3388671875,52.15737915039063,52.25653839111328,148247
2025-10-15,52.25653839111328,52.554012298583984,51.06663513183594,51.36411285400391,208776
2025-10-16,51.85990524291992,52.554012298583984,51.36411285400391,52.15737915039063,175476
2025-10-17,51.56242752075195,53.843074798583984,51.56242752075195,51.95906066894531,97823
2025-10-20,51.95906066894531,52.35569763183594,51.36411285400391,51.85990524291992,36358
2025-10-21,51.85990524291992,52.25653839111328,51.26495361328125,51.66158676147461,59695
2025-10-22,52.7523307800293,53.545597076416016,52.554012298583984,53.545597076416016,80912
2025-10-23,53.34728240966797,55.13213348388672,53.34728240966797,53.545597076416016,59500
2025-10-27,55.231292724609375,55.231292724609375,53.34728240966797,55.03297424316406,78280
2025-10-28,54.14054870605469,54.239707946777344,53.24812316894531,53.843074798583984,52441
2025-10-29,54.73550033569336,54.73550033569336,53.0498046875,54.3388671875,55596
2025-10-30,52.65317153930664,52.65317153930664,49.28178024291992,49.52967834472656,627543
2025-10-31,49.480098724365234,49.480098724365234,46.70366287231445,46.70366287231445,532680
2025-11-03,46.70366287231445,47.00113677978516,44.968387603759766,45.11712646484375,336206
2025-11-04,45.11712646484375,45.11712646484375,43.679325103759766,43.87764358520508,239589
2025-11-05,44.323856353759766,45.06754684448242,43.38185119628906,44.571754455566406,163442
2025-11-06,43.48101043701172,45.11712646484375,43.43143081665039,45.01796722412109,127069
2025-11-07,43.97680282592773,44.571754455566406,43.97680282592773,44.37343597412109,61713
2025-11-10,45.612918853759766,45.612918853759766,43.62974548339844,43.72890472412109,93843
2025-11-11,45.01796722412109,45.01796722412109,44.323856353759766,44.86922836303711,94797
2025-11-12,44.81964874267578,45.56333923339844,44.720489501953125,45.3154411315918,49415
2025-11-13,45.51375961303711,45.51375961303711,44.81964874267578,45.51375961303711,39336
2025-11-14,45.26586151123047,45.51375961303711,44.571754455566406,45.06754684448242,54493
2025-11-17,45.365020751953125,45.365020751953125,44.37343597412109,44.91880798339844,81687
2025-11-18,44.6709098815918,44.91880798339844,43.927223205566406,44.37343597412109,109925
2025-11-19,44.81964874267578,45.41460037231445,44.323856353759766,44.37343597412109,52521
2025-11-20,44.17511749267578,45.16670227050781,44.12553787231445,44.52217483520508,72783
2025-11-21,44.22469711303711,45.11712646484375,43.82806396484375,44.86922836303711,116127
2025-11-24,44.62133026123047,45.56333923339844,44.42301559448242,45.51375961303711,56647
2025-11-25,44.86922836303711,45.56333923339844,44.86922836303711,45.41460037231445,8067
2025-11-26,45.612918853759766,49.876731872558594,45.612918853759766,47.8439826965332,268805
2025-11-27,48.09188079833984,48.93472671508789,47.10029602050781,48.93472671508789,109966
2025-11-28,48.63725280761719,49.876731872558594,48.58767318725586,49.43051910400391,114000
2025-12-01,49.43051910400391,51.85990524291992,48.09188079833984,48.09188079833984,121018
2025-12-02,47.8439826965332,48.835567474365234,47.64566802978516,47.89356231689453,34289
2025-12-03,47.79440307617188,47.94314193725586,47.39776992797852,47.74482345581055,30274
2025-12-04,47.1994514465332,48.58767318725586,47.1994514465332,48.58767318725586,39864
2025-12-05,48.4885139465332,49.43051910400391,48.43893432617188,49.1330451965332,54966
2025-12-08,49.1330451965332,49.18262481689453,48.09188079833984,48.33977508544922,96865
2025-12-09,47.39776992797852,48.33977508544922,47.39776992797852,48.24061965942383,56475
2025-12-10,47.59608840942383,48.98430633544922,47.59608840942383,48.43893432617188,47533
2025-12-11,48.63725280761719,49.03388595581055,48.1910400390625,48.98430633544922,41347
2025-12-12,48.93472671508789,52.35569763183594,48.93472671508789,51.165794372558594,156315
2025-12-15,50.86831665039063,51.4632682800293,49.97589111328125,51.36411285400391,78702
2025-12-16,51.26495361328125,51.26495361328125,49.67841720581055,50.47168350219727,67586
2025-12-17,50.37252426147461,51.66158676147461,50.17420959472656,50.37252426147461,73619
2025-12-18,50.07505035400391,50.96747589111328,49.480098724365234,50.27336883544922,59500
2025-12-19,50.07505035400391,53.843074798583984,50.07505035400391,52.554012298583984,203759
2025-12-22,52.7523307800293,52.7523307800293,51.06663513183594,51.26495361328125,76657
2025-12-23,51.165794372558594,53.545597076416016,51.165794372558594,51.76074600219727,149276
2025-12-24,52.454856872558594,54.834659576416016,51.95906066894531,52.7523307800293,239030
2025-12-26,54.3388671875,54.3388671875,52.35569763183594,52.950645446777344,90017
2025-12-29,52.35569763183594,52.85149002075195,51.36411285400391,51.95906066894531,107005
2025-12-30,51.06663513183594,51.95906066894531,50.57084274291992,50.769161224365234,78698
2025-12-31,50.57084274291992,51.56242752075195,49.97589111328125,50.57084274291992,60534
2026-01-02,50.57084274291992,51.36411285400391,49.7775764465332,49.7775764465332,4681544
2026-01-05,49.7775764465332,49.7775764465332,48.33977508544922,48.63725280761719,152382
2026-01-06,48.63725280761719,49.23220443725586,47.99272155761719,48.14146041870117,177579
2026-01-07,48.14146041870117,49.18262481689453,48.14146041870117,49.03388595581055,92780
2026-01-08,48.63725280761719,50.27336883544922,48.58767318725586,49.67841720581055,123139
2026-01-09,49.67841720581055,50.27336883544922,49.08346557617188,49.1330451965332,89846
2026-01-12,49.1330451965332,49.1330451965332,48.38935470581055,48.63725280761719,73619
2026-01-13,48.68683242797852,48.68683242797852,46.80281829833984,47.49692916870117,128632
2026-01-14,47.49692916870117,49.1330451965332,47.49692916870117,49.08346557617188,93464
2026-01-15,49.08346557617188,49.08346557617188,48.09188079833984,48.53809356689453,76696
2026-01-16,47.79440307617188,48.43893432617188,46.6045036315918,48.38935470581055,265403
2026-01-19,47.69524765014648,48.09188079833984,47.00113677978516,47.10029602050781,98997
2026-01-20,47.05071640014648,48.09188079833984,45.612918853759766,47.10029602050781,170528
2026-01-21,46.2574462890625,46.70366287231445,45.71207427978516,46.10871124267578,151427
2026-01-22,45.91039276123047,46.40618515014648,45.46417999267578,45.66249465942383,238517
2026-01-23,45.66249465942383,45.9599723815918,44.323856353759766,45.612918853759766,520276
2026-01-26,45.9599723815918,45.9599723815918,45.11712646484375,45.71207427978516,119138
2026-01-27,45.71207427978516,46.85239791870117,45.46417999267578,45.46417999267578,137174
2026-01-28,45.46417999267578,45.46417999267578,44.52217483520508,45.11712646484375,350711
2026-01-29,44.62133026123047,44.81964874267578,44.17511749267578,44.47259521484375,116177
2026-01-30,44.12553787231445,44.17511749267578,43.23311233520508,43.72890472412109,206993
2026-02-02,43.72890472412109,44.47259521484375,43.580169677734375,43.580169677734375,234977
2026-02-03,43.62974548339844,44.62133026123047,42.73731994628906,44.075958251953125,383244
2026-02-04,44.02638244628906,45.11712646484375,43.62974548339844,44.77006912231445,595442
2026-02-05,44.323856353759766,46.10871124267578,44.323856353759766,45.9599723815918,295486
2026-02-06,44.42301559448242,46.6045036315918,44.12553787231445,44.37343597412109,322715
2026-02-09,44.37343597412109,44.6709098815918,42.09278869628906,44.22469711303711,373549
2026-02-10,44.22469711303711,46.009552001953125,43.282691955566406,44.62133026123047,156335
2026-02-11,44.17511749267578,45.365020751953125,44.02638244628906,44.02638244628906,343141
2026-02-23,43.97680282592773,44.42301559448242,42.83647918701172,43.580169677734375,285437
2026-02-24,42.935638427734375,44.02638244628906,42.291107177734375,42.58858108520508,212995
2026-02-25,42.53900146484375,42.53900146484375,40.35751724243164,40.80373001098633,382351
2026-02-26,41.34910202026367,41.497840881347656,40.40709686279297,40.50625228881836,227393
2026-03-02,40.45667266845703,43.282691955566406,39.51466751098633,42.73731994628906,430561
2026-03-03,43.23311233520508,43.23311233520508,41.84489440917969,42.73731994628906,420600
2026-03-04,41.34910202026367,42.14236831665039,40.01045989990234,41.34910202026367,252825
2026-03-05,40.90288925170898,42.19194793701172,40.30793762207031,41.993629455566406,519403
2026-03-06,41.002044677734375,42.24152755737305,40.70457077026367,42.19194793701172,241179
2026-03-09,40.15919876098633,40.40709686279297,38.96929550170898,39.564247131347656,293594
2026-03-10,39.861724853515625,39.861724853515625,39.465087890625,39.61382675170898,116167
2026-03-11,39.66340637207031,41.398681640625,39.66340637207031,41.249942779541016,161802
2026-03-12,40.80373001098633,42.3406867980957,40.80373001098633,41.646575927734375,167408
2026-03-13,42.48942565917969,42.48942565917969,40.853309631347656,41.34910202026367,98831
2026-03-16,42.39026641845703,42.39026641845703,41.20036315917969,41.894474029541016,111333
2026-03-17,42.3406867980957,42.3406867980957,41.497840881347656,41.84489440917969,74498
2026-03-18,42.39026641845703,42.39026641845703,41.249942779541016,41.34910202026367,105891
2026-03-19,41.34910202026367,41.398681640625,40.15919876098633,40.35751724243164,50424
2026-03-20,42.58858108520508,43.08437347412109,39.465087890625,39.61382675170898,509658
2026-03-23,39.61382675170898,40.15919876098633,38.62224197387695,39.91130065917969,384278
2026-03-24,39.91130065917969,40.65499114990234,39.61382675170898,40.65499114990234,356321
2026-03-25,41.0516242980957,42.935638427734375,40.50625228881836,42.935638427734375,516611
2026-03-26,43.08437347412109,44.91880798339844,42.48942565917969,44.81964874267578,483172
2026-03-27,44.81964874267578,44.81964874267578,42.78689956665039,42.78689956665039,327769
2026-03-30,41.646575927734375,42.48942565917969,40.35751724243164,40.50625228881836,327805
2026-03-31,40.70457077026367,41.249942779541016,39.1676139831543,39.861724853515625,269618
2026-04-01,41.002044677734375,41.894474029541016,40.754150390625,41.20036315917969,83757
2026-04-02,42.14236831665039,42.14236831665039,39.91130065917969,40.853309631347656,50424
2026-04-07,41.74573516845703,41.74573516845703,40.109619140625,40.80373001098633,31365
2026-04-08,42.53900146484375,42.53900146484375,41.10120391845703,42.19194793701172,88318
2026-04-09,42.3406867980957,42.3406867980957,40.45667266845703,40.80373001098633,69726
2026-04-10,40.70457077026367,42.53900146484375,40.55583190917969,41.29952239990234,114998
2026-04-13,40.605411529541016,41.646575927734375,40.605411529541016,41.20036315917969,19820
2026-04-14,41.54741668701172,41.646575927734375,40.80373001098633,41.34910202026367,50457
2026-04-15,41.34910202026367,42.53900146484375,40.95246887207031,42.43984603881836,109250
2026-04-16,42.43984603881836,43.08437347412109,41.54741668701172,41.646575927734375,68577
2026-04-17,42.53900146484375,42.53900146484375,40.06003952026367,41.249942779541016,100143
2026-04-20,40.45667266845703,41.249942779541016,39.861724853515625,39.91130065917969,93671
2026-04-21,39.960880279541016,40.754150390625,39.960880279541016,40.35751724243164,99414
2026-04-22,40.55583190917969,40.55583190917969,39.31635284423828,39.465087890625,172615
2026-04-23,39.26677322387695,39.465087890625,38.67182159423828,39.26677322387695,147315
2026-04-24,39.26677322387695,40.25835800170898,38.77098083496094,38.77098083496094,86747
2026-04-27,38.77098083496094,38.77098083496094,36.78780746459961,37.08528518676758,298555
2026-04-28,37.18444442749024,37.97771072387695,36.73823165893555,37.97771072387695,203209
2026-04-29,37.97771072387695,38.176029205322266,37.531497955322266,37.97771072387695,56516
2026-04-30,37.82897567749024,38.32476425170898,37.531497955322266,37.928131103515625,88746
2026-05-04,37.928131103515625,37.928131103515625,37.2340202331543,37.2340202331543,98861
2026-05-05,37.48191833496094,37.48191833496094,36.886966705322266,37.18444442749024,104970
2026-05-06,37.28360366821289,37.48191833496094,37.134864807128906,37.28360366821289,88746
2026-05-07,37.43233871459961,37.5810775756836,36.68865203857422,36.78780746459961,228018
2026-05-08,36.68865203857422,37.18444442749024,35.895381927490234,35.895381927490234,117014
2026-05-11,36.1928596496582,36.1928596496582,35.5483283996582,35.895381927490234,167043
2026-05-12,35.20127487182617,35.69706344604492,34.01137161254883,34.01137161254883,375287
2026-05-13,33.71389389038086,33.862632751464844,32.12735748291016,32.3752555847168,249588
2026-05-14,32.12735748291016,33.0197868347168,30.838298797607425,32.6727294921875,298719
2026-05-15,32.6727294921875,32.6727294921875,31.581987380981445,31.63156509399414,300765
2026-05-18,31.23493194580078,31.87946319580078,30.54082298278809,31.87946319580078,314329
2026-05-19,31.7307243347168,31.978620529174805,31.0366153717041,31.6811466217041,242306
2026-05-20,31.33409118652344,33.218101501464844,31.33409118652344,32.87104797363281,318213
2026-05-21,32.87104797363281,34.70547866821289,32.52399444580078,34.70547866821289,292461
2026-05-22,34.65590286254883,34.75505828857422,32.92062759399414,34.209686279296875,389644
2026-05-25,33.862632751464844,34.35842514038086,33.26768112182617,33.41641998291016,182536
2026-05-26,33.218101501464844,33.41641998291016,32.573570251464844,32.87104797363281,132111
2026-05-27,32.92062759399414,33.51557922363281,31.829883575439453,33.11894226074219,209038
2026-05-28,33.11894226074219,34.16010665893555,32.47441482543945,33.81305313110352,230943
2026-05-29,33.81305313110352,34.6063232421875,33.16852188110352,34.06095123291016,167418
2026-06-01,34.209686279296875,35.845802307128906,33.3172607421875,35.59790802001953,228090
2026-06-02,35.64748764038086,36.242435455322266,34.6063232421875,36.242435455322266,159522
2026-06-03,36.1928596496582,38.96929550170898,35.895381927490234,38.96929550170898,309655
2026-06-04,39.41550827026367,41.54741668701172,38.67182159423828,41.0516242980957,365233
2026-06-05,41.0516242980957,43.43143081665039,40.70457077026367,42.24152755737305,520572
2026-06-08,39.26677322387695,43.53058624267578,39.26677322387695,41.94405364990234,389326
2026-06-09,40.754150390625,42.638160705566406,40.65499114990234,41.6961555480957,209297
2026-06-10,41.59699630737305,45.86081314086914,41.59699630737305,45.86081314086914,577446
2026-06-11,50.27336883544922,50.27336883544922,42.19194793701172,43.33227157592773,2106747
2026-06-12,43.33227157592773,45.56333923339844,42.24152755737305,43.97680282592773,463215
2026-06-15,43.72890472412109,43.82806396484375,41.646575927734375,41.6961555480957,408507
2026-06-16,41.646575927734375,43.97680282592773,41.646575927734375,42.935638427734375,316987
2026-06-17,43.87764358520508,47.1994514465332,43.03479766845703,47.1994514465332,497343
2026-06-18,47.64566802978516,50.96747589111328,45.612918853759766,46.40618515014648,938906
2026-06-22,46.05913162231445,46.10871124267578,43.03479766845703,43.33227157592773,447818
2026-06-23,43.03479766845703,43.43143081665039,42.19194793701172,42.3406867980957,171571
2026-06-24,42.638160705566406,43.08437347412109,41.646575927734375,42.39026641845703,165302
2026-06-25,42.39026641845703,43.13395309448242,41.993629455566406,42.14236831665039,71966
2026-06-26,41.74573516845703,42.14236831665039,40.70457077026367,41.10120391845703,138301
2026-06-29,40.35751724243164,42.39026641845703,39.861724853515625,40.01045989990234,97125
2026-06-30,40.06003952026367,41.002044677734375,39.66340637207031,41.002044677734375,184552
2026-07-01,41.15078353881836,41.44825744628906,40.208778381347656,41.002044677734375,79006
2026-07-02,43.62974548339844,43.62974548339844,40.754150390625,41.54741668701172,135140
2026-07-03,40.853309631347656,43.13395309448242,40.853309631347656,42.14236831665039,120745
2026-07-06,42.78689956665039,42.88605880737305,41.646575927734375,42.53900146484375,115096
2026-07-07,42.53900146484375,43.23311233520508,40.95246887207031,41.34910202026367,252121
2026-07-08,41.993629455566406,41.993629455566406,38.5230827331543,40.65499114990234,203714
2026-07-09,42.638160705566406,42.638160705566406,39.960880279541016,40.15919876098633,61911
2026-07-10,40.15919876098633,40.15919876098633,40.15919876098633,40.15919876098633,0
2026-07-13,39.564247131347656,40.45667266845703,39.564247131347656,39.76256561279297,72612
2026-07-14,40.70457077026367,40.70457077026367,37.928131103515625,39.960880279541016,98831
2026-07-15,40.208778381347656,41.0516242980957,40.109619140625,40.50625228881836,59568
2026-07-16,41.10120391845703,41.646575927734375,40.605411529541016,41.249942779541016,79880
2026-07-17,41.34910202026367,41.993629455566406,39.36593246459961,40.65499114990234,138213
2026-07-20,40.70457077026367,41.249942779541016,39.1676139831543,39.1676139831543,71743
2026-07-21,39.76256561279297,41.79531478881836,39.66340637207031,40.50625228881836,151272
2026-07-22,40.65499114990234,40.853309631347656,39.71298599243164,39.8121452331543,91075
2026-07-23,41.59699630737305,41.59699630737305,39.06845474243164,39.8121452331543,116096
2026-07-24,40.45667266845703,40.45667266845703,39.217193603515625,40.30793762207031,46390
2026-07-27,40.50625228881836,40.65499114990234,39.66340637207031,40.35751724243164,46696
2026-07-28,39.11803436279297,39.91130065917969,39.06845474243164,39.61382675170898,30255
2026-07-29,40.45667266845703,40.45667266845703,37.68023681640625,38.12644958496094,197663
2026-07-30,38.12644958496094,38.72140121459961,37.5810775756836,37.68023681640625,97218
2026-07-31,39.31635284423828,39.41550827026367,38.820560455322266,39.41550827026367,50424
2026-08-03,40.605411529541016,40.605411529541016,38.919715881347656,39.1676139831543,55466
2026-08-04,38.820560455322266,38.919715881347656,38.176029205322266,38.87013626098633,50424
2026-08-05,39.01887512207031,39.465087890625,38.72140121459961,39.06845474243164,30254
2026-08-06,38.572662353515625,39.1676139831543,38.5230827331543,38.67182159423828,39372
2026-08-07,39.861724853515625,39.861724853515625,38.62224197387695,38.67182159423828,37313
2026-08-10,39.71298599243164,39.91130065917969,38.77098083496094,39.861724853515625,59500
2026-08-11,39.861724853515625,40.65499114990234,39.26677322387695,40.50625228881836,50787
2026-08-12,41.249942779541016,41.59699630737305,40.45667266845703,41.249942779541016,74927
2026-08-13,40.95246887207031,40.95246887207031,39.76256561279297,39.76256561279297,37313
2026-08-14,39.960880279541016,39.960880279541016,38.77098083496094,39.01887512207031,64543
2026-08-17,39.01887512207031,39.66340637207031,38.820560455322266,39.26677322387695,24203
2026-08-18,38.820560455322266,39.26677322387695,37.72981643676758,38.87013626098633,40401
2026-08-19,38.32476425170898,38.919715881347656,38.32476425170898,38.47350311279297,36305
2026-08-20,37.8785514831543,39.564247131347656,37.8785514831543,38.919715881347656,54458
2026-08-21,38.47350311279297,39.36593246459961,38.47350311279297,39.06845474243164,46581
2026-08-24,38.572662353515625,39.11803436279297,38.572662353515625,38.72140121459961,26240
2026-08-25,38.72140121459961,39.71298599243164,38.72140121459961,38.820560455322266,55466
2026-08-26,39.51466751098633,40.35751724243164,39.26677322387695,40.30793762207031,57584
2026-08-27,40.30793762207031,42.291107177734375,40.30793762207031,40.95246887207031,63635
2026-08-28,40.30793762207031,40.35751724243164,40.15919876098633,40.35751724243164,5400
2026-08-31,39.66340637207031,40.55583190917969,39.61382675170898,40.55583190917969,37313
2026-09-01,39.61382675170898,41.84489440917969,39.61382675170898,39.91130065917969,33280
2026-09-02,39.91130065917969,40.90288925170898,39.71298599243164,40.90288925170898,56527
2026-09-03,40.95246887207031,42.638160705566406,40.90288925170898,42.24152755737305,102865
2026-09-04,42.638160705566406,42.638160705566406,41.646575927734375,41.84489440917969,46402
2026-09-07,41.6961555480957,43.43143081665039,41.29952239990234,42.19194793701172,98835
2026-09-08,41.646575927734375,42.24152755737305,41.0516242980957,41.44825744628906,86733
2026-09-09,41.44825744628906,41.6961555480957,41.002044677734375,41.0516242980957,49467
2026-09-10,40.900001525878906,40.900001525878906,39.70000076293945,39.75,58050
2026-09-11,39.5,40.09999847412109,39.20000076293945,39.20000076293945,38076
2026-09-14,39.09999847412109,39.09999847412109,38.09999847412109,38.54999923706055,39283
2026-09-15,39.0,39.0,36.95000076293945,36.95000076293945,90523
2026-09-16,36.95000076293945,37.79999923706055,36.54999923706055,37.29999923706055,61000
2026-09-17,37.0,37.95000076293945,35.95000076293945,37.59999847412109,47010
2026-09-18,41.25,41.34999847412109,41.25,41.34999847412109,263000
2026-09-21,40.04999923706055,42.650001525878906,40.04999923706055,41.599998474121094,339000
2026-09-22,41.599998474121094,42.599998474121094,39.099998474121094,40.099998474121094,133030
2026-09-23,38.75,40.70000076293945,38.75,39.95000076293945,47005
2026-09-24,39.95000076293945,40.25,39.54999923706055,39.599998474121094,30000
