date,open,high,low,close,volume
2020-01-02,31.350000381469727,31.75,31.350000381469727,31.75,284725
2020-01-03,32.0,32.0,31.700000762939453,31.75,213275
2020-01-06,31.64999961853028,31.850000381469727,31.549999237060547,31.75,243536
2020-01-07,31.700000762939453,31.799999237060547,31.549999237060547,31.64999961853028,145547
2020-01-08,31.600000381469727,31.64999961853028,31.350000381469727,31.450000762939453,278030
2020-01-09,31.600000381469727,31.799999237060547,31.39999961853028,31.450000762939453,277548
2020-01-10,31.39999961853028,31.799999237060547,31.350000381469727,31.75,205782
2020-01-13,31.600000381469727,31.64999961853028,31.39999961853028,31.5,129292
2020-01-14,31.549999237060547,31.600000381469727,31.200000762939453,31.200000762939453,296738
2020-01-15,31.200000762939453,31.299999237060547,30.950000762939453,30.950000762939453,470257
2020-01-16,31.0,31.14999961853028,30.89999961853028,31.049999237060547,263635
2020-01-17,31.299999237060547,31.299999237060547,30.700000762939453,30.75,397955
2020-01-20,30.75,31.0,30.75,30.850000381469727,186012
2020-01-30,30.25,30.25,29.450000762939453,29.5,1064326
2020-01-31,29.549999237060547,29.850000381469727,29.5,29.799999237060547,349928
2020-02-03,29.450000762939453,29.450000762939453,28.799999237060547,29.14999961853028,424443
2020-02-04,29.14999961853028,29.5,29.14999961853028,29.5,288950
2020-02-05,29.39999961853028,29.39999961853028,29.049999237060547,29.25,202325
2020-02-06,29.5,29.5,29.200000762939453,29.299999237060547,323230
2020-02-07,29.299999237060547,29.350000381469727,29.100000381469727,29.100000381469727,372658
2020-02-10,29.049999237060547,29.450000762939453,28.799999237060547,29.350000381469727,281484
2020-02-11,29.049999237060547,29.89999961853028,29.049999237060547,29.75,180009
2020-02-12,29.700000762939453,30.049999237060547,29.600000381469727,29.89999961853028,211541
2020-02-13,29.89999961853028,30.0,29.549999237060547,29.700000762939453,184947
2020-02-14,29.700000762939453,29.700000762939453,29.5,29.600000381469727,79797
2020-02-17,29.5,29.600000381469727,29.25,29.350000381469727,271384
2020-02-18,29.299999237060547,29.299999237060547,29.0,29.200000762939453,328518
2020-02-19,29.200000762939453,29.5,29.200000762939453,29.39999961853028,121869
2020-02-20,29.39999961853028,29.5,29.299999237060547,29.350000381469727,140860
2020-02-21,29.350000381469727,29.450000762939453,29.299999237060547,29.350000381469727,93272
2020-02-24,29.350000381469727,29.350000381469727,29.0,29.100000381469727,193856
2020-02-25,29.0,29.100000381469727,28.89999961853028,29.0,221017
2020-02-26,29.0,29.0,28.850000381469727,28.89999961853028,264272
2020-02-27,28.89999961853028,28.89999961853028,28.549999237060547,28.89999961853028,695865
2020-03-02,28.600000381469727,28.600000381469727,28.049999237060547,28.049999237060547,1025591
2020-03-03,28.25,28.600000381469727,28.25,28.39999961853028,145465
2020-03-04,28.39999961853028,28.39999961853028,28.25,28.25,212904
2020-03-05,28.39999961853028,28.700000762939453,28.39999961853028,28.600000381469727,211603
2020-03-06,28.600000381469727,28.600000381469727,28.25,28.450000762939453,176051
2020-03-09,28.450000762939453,28.450000762939453,27.89999961853028,27.950000762939453,660590
2020-03-10,27.5,27.89999961853028,27.450000762939453,27.89999961853028,550906
2020-03-11,27.89999961853028,28.39999961853028,27.799999237060547,28.200000762939453,351774
2020-03-12,28.100000381469727,28.100000381469727,26.89999961853028,27.100000381469727,774678
2020-03-13,25.25,25.89999961853028,24.700000762939453,25.600000381469727,1442945
2020-03-16,25.64999961853028,25.89999961853028,25.100000381469727,25.600000381469727,660066
2020-03-17,25.0,25.450000762939453,24.89999961853028,25.0,777958
2020-03-18,25.0,25.0,24.100000381469727,24.14999961853028,614392
2020-03-19,23.5,23.700000762939453,21.799999237060547,21.850000381469727,1435232
2020-03-20,22.100000381469727,22.950000762939453,22.100000381469727,22.89999961853028,687019
2020-03-23,22.39999961853028,22.39999961853028,21.549999237060547,21.700000762939453,750499
2020-03-24,21.799999237060547,22.700000762939453,21.75,22.39999961853028,523608
2020-03-25,23.0,24.25,23.0,23.850000381469727,680066
2020-03-26,24.049999237060547,24.049999237060547,23.5,23.549999237060547,365484
2020-03-27,23.950000762939453,24.0,23.549999237060547,23.549999237060547,226586
2020-03-30,23.200000762939453,23.5,22.549999237060547,23.299999237060547,276294
2020-03-31,23.299999237060547,23.700000762939453,23.299999237060547,23.549999237060547,314424
2020-04-01,23.549999237060547,24.200000762939453,23.549999237060547,23.850000381469727,156283
2020-04-06,23.850000381469727,23.950000762939453,23.25,23.64999961853028,260974
2020-04-07,23.799999237060547,24.700000762939453,23.799999237060547,24.350000381469727,426936
2020-04-08,24.450000762939453,25.600000381469727,24.450000762939453,25.350000381469727,454081
2020-04-09,25.700000762939453,25.89999961853028,25.350000381469727,25.600000381469727,383497
2020-04-10,25.600000381469727,25.799999237060547,25.450000762939453,25.799999237060547,351595
2020-04-13,25.799999237060547,25.799999237060547,25.14999961853028,25.25,296919
2020-04-14,25.25,25.600000381469727,25.200000762939453,25.450000762939453,314819
2020-04-15,25.5,25.799999237060547,25.5,25.549999237060547,415061
2020-04-16,25.600000381469727,25.600000381469727,25.14999961853028,25.25,303302
2020-04-17,25.549999237060547,26.0,25.299999237060547,25.299999237060547,447741
2020-04-20,25.299999237060547,25.299999237060547,24.950000762939453,25.0,499951
2020-04-21,25.0,25.14999961853028,23.700000762939453,24.100000381469727,930571
2020-04-22,24.100000381469727,24.200000762939453,23.549999237060547,23.950000762939453,181764
2020-04-23,24.100000381469727,24.350000381469727,24.0,24.14999961853028,193584
2020-04-24,24.14999961853028,24.200000762939453,24.0,24.049999237060547,189197
2020-04-27,24.100000381469727,24.799999237060547,24.100000381469727,24.700000762939453,416867
2020-04-28,24.89999961853028,25.200000762939453,24.700000762939453,25.200000762939453,276956
2020-04-29,25.200000762939453,25.950000762939453,25.200000762939453,25.75,591707
2020-04-30,26.0,26.39999961853028,25.950000762939453,26.39999961853028,626192
2020-05-04,25.700000762939453,25.799999237060547,25.14999961853028,25.25,845232
2020-05-05,25.25,25.5,25.100000381469727,25.350000381469727,344583
2020-05-06,25.5,25.5,25.14999961853028,25.200000762939453,273220
2020-05-07,25.450000762939453,25.64999961853028,25.299999237060547,25.64999961853028,239560
2020-05-08,25.64999961853028,26.049999237060547,25.549999237060547,25.549999237060547,492632
2020-05-11,25.549999237060547,26.25,25.549999237060547,26.100000381469727,503580
2020-05-12,26.100000381469727,26.200000762939453,25.75,26.14999961853028,344244
2020-05-13,26.049999237060547,26.049999237060547,25.75,25.850000381469727,236702
2020-05-14,25.850000381469727,25.850000381469727,25.350000381469727,25.39999961853028,312340
2020-05-15,25.450000762939453,25.64999961853028,25.100000381469727,25.39999961853028,205690
2020-05-18,25.39999961853028,25.89999961853028,25.350000381469727,25.39999961853028,246773
2020-05-19,25.799999237060547,26.100000381469727,25.700000762939453,25.75,578510
2020-05-20,25.75,26.049999237060547,25.64999961853028,25.700000762939453,276013
2020-05-21,25.799999237060547,25.950000762939453,25.700000762939453,25.700000762939453,236854
2020-05-22,25.700000762939453,25.700000762939453,25.299999237060547,25.350000381469727,359764
2020-05-25,25.450000762939453,26.14999961853028,25.39999961853028,26.14999961853028,462492
2020-05-26,26.200000762939453,27.100000381469727,26.200000762939453,27.049999237060547,775876
2020-05-27,27.200000762939453,27.299999237060547,26.600000381469727,26.89999961853028,368680
2020-05-28,27.0,27.049999237060547,26.600000381469727,26.600000381469727,284175
2020-05-29,26.89999961853028,26.89999961853028,26.600000381469727,26.799999237060547,236901
2020-06-01,26.850000381469727,27.75,26.850000381469727,27.700000762939453,535072
2020-06-02,27.799999237060547,27.850000381469727,27.5,27.600000381469727,296706
2020-06-03,27.700000762939453,28.14999961853028,27.700000762939453,28.14999961853028,599416
2020-06-04,28.200000762939453,28.350000381469727,27.89999961853028,28.0,504035
2020-06-05,28.0,28.450000762939453,28.0,28.450000762939453,543792
2020-06-08,28.799999237060547,29.299999237060547,28.700000762939453,29.299999237060547,1417439
2020-06-09,28.25,28.39999961853028,27.75,28.14999961853028,1058846
2020-06-10,28.100000381469727,28.350000381469727,27.850000381469727,28.14999961853028,540836
2020-06-11,28.200000762939453,28.25,27.450000762939453,27.64999961853028,717027
2020-06-12,26.799999237060547,27.5,26.700000762939453,27.350000381469727,526551
2020-06-15,27.450000762939453,27.5,26.799999237060547,26.89999961853028,523648
2020-06-16,27.0,27.850000381469727,27.0,27.600000381469727,337037
2020-06-17,27.700000762939453,27.799999237060547,27.350000381469727,27.39999961853028,292215
2020-06-18,27.75,27.75,27.0,27.200000762939453,369815
2020-06-19,27.200000762939453,27.600000381469727,27.100000381469727,27.600000381469727,454961
2020-06-22,27.600000381469727,27.64999961853028,27.39999961853028,27.64999961853028,297939
2020-06-23,27.700000762939453,27.89999961853028,27.39999961853028,27.600000381469727,242806
2020-06-24,27.64999961853028,27.64999961853028,27.5,27.549999237060547,160632
2020-06-29,27.0,27.299999237060547,27.0,27.14999961853028,380764
2020-06-30,27.200000762939453,27.25,27.049999237060547,27.100000381469727,229914
2020-07-01,27.350000381469727,27.5,27.200000762939453,27.25,250660
2020-07-02,27.25,27.549999237060547,27.25,27.549999237060547,224486
2020-07-03,27.549999237060547,27.75,27.549999237060547,27.75,316359
2020-07-06,27.700000762939453,28.0,27.700000762939453,27.89999961853028,411253
2020-07-07,27.950000762939453,28.100000381469727,27.549999237060547,27.700000762939453,273143
2020-07-08,27.600000381469727,27.950000762939453,27.600000381469727,27.850000381469727,399309
2020-07-09,27.89999961853028,28.0,27.850000381469727,27.89999961853028,290843
2020-07-10,27.89999961853028,27.89999961853028,27.600000381469727,27.799999237060547,344355
2020-07-13,27.799999237060547,28.950000762939453,27.799999237060547,28.89999961853028,1134626
2020-07-14,28.89999961853028,29.25,28.75,29.100000381469727,853754
2020-07-15,29.100000381469727,29.14999961853028,28.450000762939453,28.75,434163
2020-07-16,28.600000381469727,29.049999237060547,28.450000762939453,28.799999237060547,521066
2020-07-17,28.799999237060547,28.799999237060547,28.600000381469727,28.64999961853028,158059
2020-07-20,28.450000762939453,28.549999237060547,28.200000762939453,28.5,172964
2020-07-21,28.39999961853028,29.049999237060547,28.350000381469727,28.950000762939453,428152
2020-07-22,28.950000762939453,28.950000762939453,28.64999961853028,28.89999961853028,163263
2020-07-23,28.850000381469727,28.89999961853028,28.799999237060547,28.850000381469727,174344
2020-07-24,28.700000762939453,29.0,28.39999961853028,28.5,508153
2020-07-27,28.450000762939453,29.0,28.450000762939453,28.700000762939453,566406
2020-07-28,28.799999237060547,29.0,28.0,28.14999961853028,593513
2020-07-29,28.14999961853028,28.89999961853028,28.0,28.25,444329
2020-07-30,28.25,28.75,28.25,28.549999237060547,202965
2020-07-31,28.049999237060547,28.950000762939453,28.049999237060547,28.799999237060547,381783
2020-08-03,28.75,28.799999237060547,28.450000762939453,28.5,345564
2020-08-04,28.600000381469727,29.950000762939453,28.600000381469727,29.950000762939453,1100624
2020-08-05,29.950000762939453,30.0,29.64999961853028,29.950000762939453,483973
2020-08-06,30.0,30.0,28.799999237060547,29.64999961853028,453883
2020-08-07,29.64999961853028,29.75,29.549999237060547,29.600000381469727,240846
2020-08-10,29.700000762939453,30.25,29.600000381469727,30.049999237060547,671425
2020-08-11,30.299999237060547,30.299999237060547,29.950000762939453,30.100000381469727,594819
2020-08-12,30.049999237060547,30.14999961853028,29.799999237060547,30.100000381469727,309064
2020-08-13,30.14999961853028,30.25,30.0,30.100000381469727,297404
2020-08-14,30.100000381469727,30.100000381469727,29.75,29.75,331874
2020-08-17,29.75,30.25,29.700000762939453,30.0,323650
2020-08-18,30.0,30.0,29.850000381469727,30.0,166508
2020-08-19,30.0,30.100000381469727,29.850000381469727,29.850000381469727,310947
2020-08-20,29.850000381469727,30.100000381469727,28.299999237060547,28.700000762939453,876454
2020-08-21,29.0,29.299999237060547,28.950000762939453,29.299999237060547,280475
2020-08-24,29.299999237060547,29.549999237060547,29.25,29.39999961853028,103155
2020-08-25,29.25,29.950000762939453,29.25,29.700000762939453,268319
2020-08-26,29.700000762939453,29.700000762939453,29.39999961853028,29.5,103660
2020-08-27,29.600000381469727,29.89999961853028,29.5,29.549999237060547,102293
2020-08-28,29.549999237060547,29.799999237060547,29.450000762939453,29.549999237060547,344404
2020-08-31,29.700000762939453,29.89999961853028,29.350000381469727,29.350000381469727,202969
2020-09-01,29.5,29.799999237060547,29.39999961853028,29.600000381469727,293661
2020-09-02,29.850000381469727,30.700000762939453,29.600000381469727,29.799999237060547,1245104
2020-09-03,29.950000762939453,29.950000762939453,29.450000762939453,29.549999237060547,289738
2020-09-04,29.200000762939453,29.450000762939453,29.100000381469727,29.350000381469727,321676
2020-09-07,29.299999237060547,29.700000762939453,29.299999237060547,29.350000381469727,282860
2020-09-08,29.5,29.64999961853028,29.450000762939453,29.549999237060547,314318
2020-09-09,29.450000762939453,29.64999961853028,29.200000762939453,29.64999961853028,247726
2020-09-10,29.64999961853028,29.89999961853028,29.549999237060547,29.75,222970
2020-09-11,29.75,29.950000762939453,29.5,29.5,370518
2020-09-14,29.549999237060547,29.600000381469727,29.350000381469727,29.5,231354
2020-09-15,29.700000762939453,29.700000762939453,29.450000762939453,29.700000762939453,139532
2020-09-16,29.700000762939453,30.049999237060547,29.64999961853028,29.89999961853028,484734
2020-09-17,29.89999961853028,29.89999961853028,29.700000762939453,29.799999237060547,129659
2020-09-18,29.89999961853028,29.950000762939453,29.64999961853028,29.850000381469727,226001
2020-09-21,29.799999237060547,29.950000762939453,29.700000762939453,29.850000381469727,162070
2020-09-22,29.700000762939453,29.700000762939453,29.25,29.549999237060547,144179
2020-09-23,29.549999237060547,29.549999237060547,29.100000381469727,29.450000762939453,365482
2020-09-24,29.200000762939453,29.200000762939453,28.350000381469727,28.39999961853028,616903
2020-09-25,28.299999237060547,28.600000381469727,28.049999237060547,28.200000762939453,255281
2020-09-28,28.25,28.549999237060547,28.200000762939453,28.549999237060547,135849
2020-09-29,28.549999237060547,28.64999961853028,28.549999237060547,28.64999961853028,87112
2020-09-30,28.600000381469727,28.700000762939453,28.5,28.5,107950
2020-10-05,28.5,29.350000381469727,28.5,29.299999237060547,388739
2020-10-06,29.299999237060547,29.89999961853028,29.14999961853028,29.89999961853028,469431
2020-10-07,29.75,30.0,29.600000381469727,29.950000762939453,322060
2020-10-08,29.950000762939453,30.100000381469727,29.64999961853028,30.100000381469727,612165
2020-10-12,30.049999237060547,30.049999237060547,29.799999237060547,29.850000381469727,409424
2020-10-13,30.0,30.0,29.450000762939453,29.75,279965
2020-10-14,29.5,29.600000381469727,29.14999961853028,29.200000762939453,373462
2020-10-15,29.25,29.25,28.799999237060547,28.799999237060547,440136
2020-10-16,28.600000381469727,28.75,28.39999961853028,28.39999961853028,511294
2020-10-19,28.5,29.350000381469727,28.39999961853028,28.850000381469727,771233
2020-10-20,28.89999961853028,29.200000762939453,28.89999961853028,29.0,152500
2020-10-21,29.0,29.200000762939453,28.700000762939453,28.850000381469727,179637
2020-10-22,29.0,29.0,28.5,28.5,233012
2020-10-23,28.75,28.950000762939453,28.64999961853028,28.64999961853028,180600
2020-10-26,28.799999237060547,29.0,28.64999961853028,29.0,96460
2020-10-27,28.89999961853028,29.0,28.700000762939453,28.950000762939453,164831
2020-10-28,28.950000762939453,28.950000762939453,28.600000381469727,28.75,217309
2020-10-29,28.549999237060547,29.14999961853028,28.549999237060547,29.049999237060547,436436
2020-10-30,28.799999237060547,28.950000762939453,28.600000381469727,28.600000381469727,173212
2020-11-02,28.5,28.700000762939453,28.5,28.600000381469727,151000
2020-11-03,28.64999961853028,29.0,28.600000381469727,28.600000381469727,213070
2020-11-04,28.700000762939453,28.89999961853028,28.600000381469727,28.850000381469727,115402
2020-11-05,29.0,29.100000381469727,28.799999237060547,28.950000762939453,125352
2020-11-06,28.950000762939453,29.0,28.799999237060547,28.850000381469727,104174
2020-11-09,29.100000381469727,29.299999237060547,29.0,29.049999237060547,254360
2020-11-10,29.350000381469727,29.600000381469727,29.200000762939453,29.5,486909
2020-11-11,29.549999237060547,30.100000381469727,29.549999237060547,29.950000762939453,648363
2020-11-12,29.75,29.75,29.39999961853028,29.549999237060547,162725
2020-11-13,29.64999961853028,29.700000762939453,29.549999237060547,29.600000381469727,116415
2020-11-16,29.600000381469727,29.64999961853028,29.25,29.450000762939453,329097
2020-11-17,29.450000762939453,29.64999961853028,29.39999961853028,29.549999237060547,263792
2020-11-18,29.600000381469727,29.799999237060547,29.5,29.799999237060547,253691
2020-11-19,29.950000762939453,30.200000762939453,29.549999237060547,29.799999237060547,312634
2020-11-20,29.799999237060547,29.89999961853028,29.600000381469727,29.700000762939453,161895
2020-11-23,29.89999961853028,29.89999961853028,29.700000762939453,29.75,323325
2020-11-24,29.75,29.850000381469727,29.600000381469727,29.700000762939453,125917
2020-11-25,29.700000762939453,29.89999961853028,29.600000381469727,29.700000762939453,318835
2020-11-26,29.700000762939453,29.89999961853028,29.64999961853028,29.850000381469727,294972
2020-11-27,29.700000762939453,29.89999961853028,29.64999961853028,29.75,188789
2020-11-30,29.75,30.600000381469727,29.700000762939453,30.600000381469727,909798
2020-12-01,30.350000381469727,30.350000381469727,29.89999961853028,30.049999237060547,503809
2020-12-02,30.049999237060547,30.14999961853028,29.75,29.950000762939453,262812
2020-12-03,29.950000762939453,29.950000762939453,29.799999237060547,29.850000381469727,261514
2020-12-04,29.850000381469727,30.049999237060547,29.799999237060547,29.950000762939453,302831
2020-12-07,29.950000762939453,29.950000762939453,29.799999237060547,29.950000762939453,219130
2020-12-08,29.64999961853028,29.700000762939453,29.14999961853028,29.25,677179
2020-12-09,29.14999961853028,29.350000381469727,29.0,29.0,700245
2020-12-10,29.049999237060547,29.39999961853028,29.0,29.350000381469727,381128
2020-12-11,29.25,29.39999961853028,28.850000381469727,29.049999237060547,487433
2020-12-14,29.0,29.25,28.799999237060547,29.0,380174
2020-12-15,29.0,29.0,28.799999237060547,28.850000381469727,269542
2020-12-16,28.850000381469727,29.600000381469727,28.850000381469727,29.549999237060547,428976
2020-12-17,29.5,29.5,29.100000381469727,29.299999237060547,92526
2020-12-18,29.299999237060547,29.39999961853028,29.25,29.299999237060547,189200
2020-12-21,29.299999237060547,29.350000381469727,29.0,29.14999961853028,183186
2020-12-22,29.100000381469727,29.100000381469727,28.64999961853028,28.64999961853028,422229
2020-12-23,28.64999961853028,29.0,28.64999961853028,28.850000381469727,105673
2020-12-24,28.850000381469727,28.950000762939453,28.850000381469727,28.89999961853028,106093
2020-12-25,29.0,29.0,28.64999961853028,28.850000381469727,221680
2020-12-28,28.950000762939453,28.950000762939453,28.700000762939453,28.89999961853028,316636
2020-12-29,29.0,29.0,28.799999237060547,28.850000381469727,207463
2020-12-30,28.850000381469727,29.25,28.850000381469727,29.049999237060547,352499
2020-12-31,29.049999237060547,29.200000762939453,29.049999237060547,29.100000381469727,171106
2021-01-04,29.0,29.299999237060547,28.950000762939453,29.100000381469727,357022
2021-01-05,29.049999237060547,29.049999237060547,28.799999237060547,28.850000381469727,282418
2021-01-06,28.850000381469727,28.850000381469727,28.600000381469727,28.64999961853028,410980
2021-01-07,28.700000762939453,28.850000381469727,28.700000762939453,28.850000381469727,194539
2021-01-08,28.850000381469727,29.0,28.799999237060547,28.799999237060547,388159
2021-01-11,28.799999237060547,28.950000762939453,28.75,28.950000762939453,361183
2021-01-12,28.89999961853028,28.950000762939453,28.850000381469727,28.850000381469727,240924
2021-01-13,28.75,29.200000762939453,28.75,29.100000381469727,449134
2021-01-14,29.049999237060547,29.049999237060547,28.850000381469727,29.049999237060547,148208
2021-01-15,28.89999961853028,28.89999961853028,28.700000762939453,28.799999237060547,399176
2021-01-18,28.799999237060547,28.799999237060547,28.450000762939453,28.549999237060547,327831
2021-01-19,28.549999237060547,28.700000762939453,28.299999237060547,28.549999237060547,327367
2021-01-20,28.299999237060547,28.350000381469727,28.0,28.0,938517
2021-01-21,28.100000381469727,28.200000762939453,27.950000762939453,28.049999237060547,385107
2021-01-22,28.450000762939453,28.450000762939453,27.799999237060547,27.89999961853028,394549
2021-01-25,27.89999961853028,27.89999961853028,27.600000381469727,27.850000381469727,380967
2021-01-26,27.850000381469727,27.850000381469727,27.350000381469727,27.350000381469727,644644
2021-01-27,27.64999961853028,27.950000762939453,27.5,27.89999961853028,242024
2021-01-28,28.0,28.0,27.39999961853028,27.700000762939453,260500
2021-01-29,27.600000381469727,27.600000381469727,27.299999237060547,27.350000381469727,407221
2021-02-01,27.5,27.600000381469727,27.350000381469727,27.450000762939453,188968
2021-02-02,27.350000381469727,27.799999237060547,27.200000762939453,27.700000762939453,239594
2021-02-03,27.75,27.799999237060547,27.5,27.75,170078
2021-02-04,27.5,27.89999961853028,27.5,27.75,199543
2021-02-05,27.75,28.100000381469727,27.5,27.799999237060547,275393
2021-02-17,28.0,28.25,27.799999237060547,28.25,616769
2021-02-18,28.25,28.799999237060547,28.200000762939453,28.64999961853028,417990
2021-02-19,28.64999961853028,28.64999961853028,28.350000381469727,28.600000381469727,361296
2021-02-22,28.600000381469727,28.89999961853028,28.600000381469727,28.799999237060547,227535
2021-02-23,28.799999237060547,29.14999961853028,28.700000762939453,28.89999961853028,540279
2021-02-24,28.89999961853028,29.0,28.549999237060547,28.64999961853028,237529
2021-02-25,28.700000762939453,28.75,28.549999237060547,28.700000762939453,201536
2021-02-26,28.799999237060547,29.350000381469727,28.700000762939453,29.0,1365585
2021-03-02,29.14999961853028,29.549999237060547,29.14999961853028,29.549999237060547,1070135
2021-03-03,29.600000381469727,30.25,29.600000381469727,30.049999237060547,1052286
2021-03-04,30.0,30.049999237060547,29.5,29.89999961853028,670681
2021-03-05,29.700000762939453,30.0,29.600000381469727,29.950000762939453,264118
2021-03-08,30.0,30.14999961853028,29.75,29.799999237060547,494341
2021-03-09,29.799999237060547,30.049999237060547,29.75,29.950000762939453,511203
2021-03-10,29.950000762939453,30.25,29.950000762939453,30.049999237060547,421037
2021-03-11,30.100000381469727,30.200000762939453,29.89999961853028,30.0,414244
2021-03-12,30.0,30.0,29.5,29.89999961853028,393812
2021-03-15,29.89999961853028,30.0,29.700000762939453,29.799999237060547,343879
2021-03-16,29.799999237060547,29.89999961853028,29.5,29.89999961853028,697999
2021-03-17,29.89999961853028,29.89999961853028,29.75,29.89999961853028,339271
2021-03-18,29.850000381469727,29.950000762939453,29.799999237060547,29.850000381469727,400937
2021-03-19,29.799999237060547,29.799999237060547,28.75,28.75,2709199
2021-03-22,28.850000381469727,29.100000381469727,28.799999237060547,29.049999237060547,1562824
2021-03-23,29.350000381469727,29.350000381469727,29.100000381469727,29.200000762939453,408602
2021-03-24,29.200000762939453,29.39999961853028,29.200000762939453,29.299999237060547,329106
2021-03-25,29.299999237060547,29.5,29.200000762939453,29.39999961853028,338900
2021-03-26,29.39999961853028,29.64999961853028,29.39999961853028,29.64999961853028,278420
2021-03-29,29.64999961853028,29.64999961853028,29.450000762939453,29.450000762939453,481421
2021-03-30,29.5,29.600000381469727,29.450000762939453,29.600000381469727,590550
2021-03-31,29.600000381469727,29.600000381469727,29.5,29.549999237060547,422495
2021-04-01,29.600000381469727,29.700000762939453,29.39999961853028,29.450000762939453,577181
2021-04-07,29.450000762939453,29.89999961853028,29.39999961853028,29.850000381469727,550931
2021-04-08,29.850000381469727,30.600000381469727,29.75,30.450000762939453,1507550
2021-04-09,30.450000762939453,30.549999237060547,30.049999237060547,30.14999961853028,620277
2021-04-12,30.39999961853028,30.39999961853028,30.14999961853028,30.350000381469727,887811
2021-04-13,30.200000762939453,30.549999237060547,30.200000762939453,30.200000762939453,647486
2021-04-14,30.100000381469727,30.25,29.799999237060547,29.950000762939453,525958
2021-04-15,29.950000762939453,30.39999961853028,29.950000762939453,30.25,307889
2021-04-16,30.200000762939453,30.350000381469727,30.14999961853028,30.350000381469727,297276
2021-04-19,30.450000762939453,30.950000762939453,30.25,30.950000762939453,1317215
2021-04-20,31.0,32.099998474121094,31.0,31.5,1847492
2021-04-21,31.299999237060547,31.850000381469727,31.049999237060547,31.5,612415
2021-04-22,31.600000381469727,32.0,31.14999961853028,31.200000762939453,1100749
2021-04-23,31.200000762939453,31.850000381469727,31.200000762939453,31.5,658678
2021-04-26,32.0,33.45000076293945,31.950000762939453,33.45000076293945,4455968
2021-04-27,33.54999923706055,34.95000076293945,33.25,34.79999923706055,3814791
2021-04-28,34.900001525878906,34.900001525878906,33.900001525878906,34.25,1644494
2021-04-29,34.29999923706055,34.5,33.5,33.599998474121094,1487957
2021-05-03,33.599998474121094,33.599998474121094,32.099998474121094,32.29999923706055,1808868
2021-05-04,32.29999923706055,32.45000076293945,31.39999961853028,31.549999237060547,1680089
2021-05-05,31.39999961853028,32.099998474121094,31.350000381469727,31.799999237060547,767647
2021-05-06,31.799999237060547,32.45000076293945,31.799999237060547,32.099998474121094,792904
2021-05-07,32.20000076293945,33.099998474121094,32.20000076293945,33.0,1027320
2021-05-10,33.0,33.20000076293945,32.75,33.150001525878906,712367
2021-05-11,33.150001525878906,33.150001525878906,32.099998474121094,32.29999923706055,1150908
2021-05-12,32.29999923706055,32.599998474121094,30.64999961853028,31.39999961853028,3737904
2021-05-13,30.700000762939453,31.799999237060547,29.950000762939453,30.549999237060547,1592204
2021-05-14,30.75,31.75,30.75,31.64999961853028,987105
2021-05-17,30.299999237060547,30.299999237060547,29.0,29.200000762939453,3121361
2021-05-18,29.200000762939453,30.600000381469727,29.200000762939453,30.600000381469727,1064627
2021-05-19,30.600000381469727,30.64999961853028,29.799999237060547,30.049999237060547,510002
2021-05-20,30.0,30.299999237060547,29.700000762939453,30.049999237060547,763500
2021-05-21,30.200000762939453,30.450000762939453,29.950000762939453,30.299999237060547,429649
2021-05-24,30.14999961853028,30.299999237060547,29.89999961853028,30.100000381469727,731357
2021-05-25,30.14999961853028,30.25,30.0,30.0,739600
2021-05-26,30.100000381469727,30.64999961853028,30.049999237060547,30.549999237060547,407234
2021-05-27,30.549999237060547,30.549999237060547,30.100000381469727,30.39999961853028,663314
2021-05-28,30.39999961853028,30.549999237060547,30.200000762939453,30.5,552041
2021-05-31,30.549999237060547,31.350000381469727,30.5,31.0,920375
2021-06-01,31.0,31.5,31.0,31.5,553578
2021-06-02,31.64999961853028,32.0,31.600000381469727,31.950000762939453,814804
2021-06-03,31.950000762939453,31.950000762939453,31.600000381469727,31.700000762939453,384138
2021-06-04,31.64999961853028,31.700000762939453,31.299999237060547,31.350000381469727,502216
2021-06-07,31.39999961853028,31.5,30.799999237060547,31.25,1096889
2021-06-08,31.39999961853028,31.5,31.299999237060547,31.450000762939453,986619
2021-06-09,31.350000381469727,31.64999961853028,31.299999237060547,31.39999961853028,2004965
2021-06-10,29.75,30.049999237060547,29.450000762939453,29.799999237060547,2808458
2021-06-11,29.64999961853028,29.89999961853028,29.39999961853028,29.600000381469727,944309
2021-06-15,29.549999237060547,29.600000381469727,28.950000762939453,29.299999237060547,922664
2021-06-16,29.5,30.14999961853028,29.299999237060547,29.75,1020568
2021-06-17,29.75,31.0,29.600000381469727,30.64999961853028,1335770
2021-06-18,30.450000762939453,30.75,30.14999961853028,30.299999237060547,701270
2021-06-21,30.299999237060547,30.5,29.850000381469727,30.200000762939453,677895
2021-06-22,30.200000762939453,30.600000381469727,29.950000762939453,30.100000381469727,508349
2021-06-23,30.049999237060547,30.850000381469727,29.950000762939453,30.450000762939453,686635
2021-06-24,30.450000762939453,30.64999961853028,30.450000762939453,30.600000381469727,244812
2021-06-25,30.64999961853028,30.64999961853028,30.14999961853028,30.200000762939453,380749
2021-06-28,30.200000762939453,30.200000762939453,29.950000762939453,30.0,306880
2021-06-29,30.0,30.0,29.5,29.64999961853028,511409
2021-06-30,29.700000762939453,29.799999237060547,29.549999237060547,29.600000381469727,391748
2021-07-01,29.89999961853028,29.89999961853028,29.299999237060547,29.350000381469727,527524
2021-07-02,29.600000381469727,29.799999237060547,29.39999961853028,29.64999961853028,282200
2021-07-05,29.75,30.0,29.75,29.75,366925
2021-07-06,29.75,29.850000381469727,29.700000762939453,29.799999237060547,167668
2021-07-07,29.799999237060547,29.950000762939453,29.700000762939453,29.75,290536
2021-07-08,29.75,30.549999237060547,29.75,30.450000762939453,742071
2021-07-09,30.39999961853028,30.700000762939453,30.14999961853028,30.39999961853028,728013
2021-07-12,30.450000762939453,30.75,30.450000762939453,30.600000381469727,796797
2021-07-13,30.700000762939453,31.39999961853028,30.64999961853028,31.049999237060547,1005910
2021-07-14,31.100000381469727,31.100000381469727,30.600000381469727,30.89999961853028,651020
2021-07-15,30.89999961853028,30.950000762939453,30.700000762939453,30.850000381469727,237855
2021-07-16,30.850000381469727,30.850000381469727,30.600000381469727,30.75,153314
2021-07-19,30.600000381469727,30.850000381469727,30.600000381469727,30.700000762939453,292459
2021-07-20,30.5,30.600000381469727,30.100000381469727,30.200000762939453,373369
2021-07-21,30.39999961853028,30.700000762939453,30.0,30.450000762939453,385519
2021-07-22,30.450000762939453,30.64999961853028,30.299999237060547,30.39999961853028,260760
2021-07-23,30.39999961853028,30.75,30.39999961853028,30.549999237060547,252498
2021-07-26,30.549999237060547,30.75,30.299999237060547,30.299999237060547,283460
2021-07-27,30.299999237060547,30.549999237060547,30.299999237060547,30.350000381469727,194262
2021-07-28,30.5,30.549999237060547,30.14999961853028,30.299999237060547,367037
2021-07-29,30.200000762939453,30.450000762939453,30.200000762939453,30.25,92524
2021-07-30,30.25,30.5,30.14999961853028,30.25,173969
2021-08-02,30.450000762939453,30.600000381469727,30.14999961853028,30.5,353070
2021-08-03,30.600000381469727,31.0,30.549999237060547,30.799999237060547,393291
2021-08-04,30.799999237060547,31.350000381469727,30.700000762939453,31.14999961853028,372282
2021-08-05,31.14999961853028,31.14999961853028,30.850000381469727,31.0,139920
2021-08-06,31.0,31.0,30.600000381469727,30.700000762939453,250100
2021-08-09,30.700000762939453,31.100000381469727,30.450000762939453,30.950000762939453,398614
2021-08-10,30.700000762939453,31.100000381469727,30.700000762939453,31.0,306648
2021-08-11,30.950000762939453,31.39999961853028,30.850000381469727,31.14999961853028,1043060
2021-08-12,31.14999961853028,31.5,31.100000381469727,31.350000381469727,420994
2021-08-13,31.350000381469727,31.350000381469727,30.850000381469727,30.850000381469727,324235
2021-08-16,30.799999237060547,30.799999237060547,30.25,30.450000762939453,405999
2021-08-17,30.450000762939453,30.450000762939453,30.450000762939453,30.450000762939453,0
2021-08-18,30.200000762939453,30.450000762939453,30.0,30.450000762939453,206721
2021-08-19,30.450000762939453,30.450000762939453,29.75,29.850000381469727,580000
2021-08-20,30.049999237060547,30.100000381469727,29.5,29.600000381469727,513032
2021-08-23,29.89999961853028,30.25,29.89999961853028,30.200000762939453,170389
2021-08-24,30.5,30.64999961853028,30.25,30.600000381469727,363454
2021-08-25,30.600000381469727,30.700000762939453,30.450000762939453,30.600000381469727,123509
2021-08-26,30.799999237060547,30.799999237060547,30.200000762939453,30.25,239896
2021-08-27,30.25,30.64999961853028,30.25,30.600000381469727,181347
2021-08-30,30.600000381469727,30.89999961853028,30.600000381469727,30.89999961853028,348894
2021-08-31,30.75,31.200000762939453,30.64999961853028,31.14999961853028,314713
2021-09-01,31.100000381469727,31.299999237060547,30.89999961853028,31.299999237060547,338894
2021-09-02,31.299999237060547,31.350000381469727,31.14999961853028,31.14999961853028,277566
2021-09-03,31.14999961853028,31.450000762939453,31.14999961853028,31.39999961853028,408120
2021-09-06,31.39999961853028,31.39999961853028,30.950000762939453,31.100000381469727,191318
2021-09-07,31.100000381469727,31.100000381469727,30.75,30.799999237060547,161101
2021-09-08,30.799999237060547,30.950000762939453,30.299999237060547,30.350000381469727,380105
2021-09-09,30.299999237060547,30.950000762939453,30.299999237060547,30.5,324236
2021-09-10,30.700000762939453,31.0,30.600000381469727,31.0,240632
2021-09-13,31.100000381469727,31.5,31.100000381469727,31.39999961853028,611514
2021-09-14,31.39999961853028,31.799999237060547,31.350000381469727,31.549999237060547,679250
2021-09-15,31.600000381469727,31.600000381469727,30.850000381469727,30.89999961853028,452834
2021-09-16,31.200000762939453,31.200000762939453,30.700000762939453,30.850000381469727,229020
2021-09-17,30.850000381469727,31.350000381469727,30.75,31.350000381469727,202292
2021-09-22,30.799999237060547,30.850000381469727,30.39999961853028,30.450000762939453,662973
2021-09-23,30.600000381469727,30.89999961853028,30.600000381469727,30.799999237060547,231050
2021-09-24,30.950000762939453,31.200000762939453,30.75,31.0,234112
2021-09-27,31.0,31.200000762939453,30.799999237060547,31.049999237060547,451738
2021-09-28,31.049999237060547,31.5,30.950000762939453,31.5,599276
2021-09-29,31.350000381469727,31.5,31.100000381469727,31.100000381469727,593800
2021-09-30,31.14999961853028,31.299999237060547,31.049999237060547,31.200000762939453,245050
2021-10-01,31.14999961853028,31.200000762939453,30.64999961853028,30.799999237060547,503354
2021-10-04,30.799999237060547,31.200000762939453,30.799999237060547,31.0,459085
2021-10-05,30.799999237060547,31.25,30.700000762939453,31.200000762939453,436153
2021-10-06,31.299999237060547,31.350000381469727,31.049999237060547,31.299999237060547,458076
2021-10-07,31.39999961853028,31.799999237060547,31.350000381469727,31.450000762939453,1172070
2021-10-08,31.549999237060547,31.799999237060547,31.450000762939453,31.75,591203
2021-10-12,31.700000762939453,33.599998474121094,31.549999237060547,33.54999923706055,3102958
2021-10-13,33.79999923706055,33.849998474121094,32.75,33.29999923706055,1537750
2021-10-14,33.29999923706055,33.75,32.650001525878906,32.75,956172
2021-10-15,33.0,33.45000076293945,32.79999923706055,33.349998474121094,850462
2021-10-18,33.349998474121094,34.29999923706055,33.29999923706055,34.04999923706055,1387041
2021-10-19,34.349998474121094,34.54999923706055,33.45000076293945,34.0,921240
2021-10-20,33.95000076293945,33.95000076293945,33.04999923706055,33.150001525878906,998232
2021-10-21,33.25,35.0,33.150001525878906,35.0,3993031
2021-10-22,34.849998474121094,34.849998474121094,34.099998474121094,34.5,916513
2021-10-25,34.5,34.599998474121094,34.04999923706055,34.45000076293945,425241
2021-10-26,34.599998474121094,34.599998474121094,33.79999923706055,33.95000076293945,668385
2021-10-27,33.95000076293945,34.0,33.5,33.79999923706055,404513
2021-10-28,33.650001525878906,33.650001525878906,33.099998474121094,33.5,386007
2021-10-29,33.5,33.54999923706055,33.099998474121094,33.29999923706055,358355
2021-11-01,33.349998474121094,33.54999923706055,33.20000076293945,33.349998474121094,442690
2021-11-02,33.29999923706055,33.45000076293945,32.599998474121094,32.70000076293945,863859
2021-11-03,32.70000076293945,33.099998474121094,32.599998474121094,33.0,421382
2021-11-04,33.29999923706055,33.75,32.849998474121094,32.849998474121094,421170
2021-11-05,32.79999923706055,32.849998474121094,32.25,32.349998474121094,717904
2021-11-08,32.29999923706055,33.150001525878906,32.20000076293945,32.95000076293945,476437
2021-11-09,32.849998474121094,32.900001525878906,32.599998474121094,32.79999923706055,274539
2021-11-10,32.70000076293945,33.45000076293945,32.70000076293945,33.20000076293945,562624
2021-11-11,33.20000076293945,33.5,33.099998474121094,33.349998474121094,234064
2021-11-12,33.349998474121094,33.45000076293945,33.04999923706055,33.400001525878906,314346
2021-11-15,33.400001525878906,33.900001525878906,33.400001525878906,33.70000076293945,461923
2021-11-16,34.0,34.0,33.5,33.650001525878906,364243
2021-11-17,33.599998474121094,33.75,33.29999923706055,33.599998474121094,365675
2021-11-18,33.599998474121094,33.849998474121094,33.45000076293945,33.650001525878906,237030
2021-11-19,33.650001525878906,33.650001525878906,33.5,33.54999923706055,282394
2021-11-22,33.54999923706055,33.95000076293945,33.54999923706055,33.849998474121094,405874
2021-11-23,33.75,33.75,33.400001525878906,33.5,287450
2021-11-24,33.45000076293945,33.70000076293945,33.349998474121094,33.650001525878906,161132
2021-11-25,33.650001525878906,33.650001525878906,33.54999923706055,33.650001525878906,102840
2021-11-26,33.599998474121094,33.599998474121094,33.0,33.29999923706055,808031
2021-11-29,33.0,33.349998474121094,32.54999923706055,33.29999923706055,522333
2021-11-30,33.29999923706055,33.400001525878906,32.5,32.5,518176
2021-12-01,32.54999923706055,33.150001525878906,32.54999923706055,33.04999923706055,287097
2021-12-02,33.04999923706055,33.099998474121094,32.849998474121094,32.900001525878906,123663
2021-12-03,33.0,33.099998474121094,32.849998474121094,32.95000076293945,156100
2021-12-06,32.900001525878906,32.95000076293945,32.70000076293945,32.849998474121094,221190
2021-12-07,32.75,33.0,32.75,32.849998474121094,208001
2021-12-08,32.95000076293945,33.150001525878906,32.79999923706055,33.099998474121094,353142
2021-12-09,33.099998474121094,33.25,33.099998474121094,33.20000076293945,222619
2021-12-10,33.20000076293945,33.25,33.150001525878906,33.25,175456
2021-12-13,33.20000076293945,33.650001525878906,33.099998474121094,33.54999923706055,517673
2021-12-14,33.95000076293945,34.29999923706055,33.54999923706055,33.599998474121094,1040647
2021-12-15,33.599998474121094,34.0,33.599998474121094,34.0,696883
2021-12-16,34.0,35.45000076293945,34.0,35.400001525878906,2743372
2021-12-17,35.400001525878906,37.20000076293945,35.20000076293945,36.59999847412109,4566566
2021-12-20,36.75,37.04999923706055,35.79999923706055,36.95000076293945,2199838
2021-12-21,37.0,37.70000076293945,36.04999923706055,36.400001525878906,1745917
2021-12-22,36.400001525878906,36.650001525878906,35.599998474121094,35.75,1270657
2021-12-23,36.09999847412109,36.75,36.0,36.59999847412109,1166044
2021-12-24,37.0,37.0,36.04999923706055,36.20000076293945,524868
2021-12-27,36.0,36.150001525878906,35.349998474121094,35.54999923706055,761171
2021-12-28,35.79999923706055,35.79999923706055,35.04999923706055,35.150001525878906,622287
2021-12-29,35.150001525878906,35.54999923706055,35.150001525878906,35.25,326368
2021-12-30,35.349998474121094,35.349998474121094,34.95000076293945,35.04999923706055,460578
2022-01-03,35.04999923706055,35.04999923706055,34.150001525878906,34.5,1166837
2022-01-04,34.79999923706055,34.79999923706055,34.20000076293945,34.400001525878906,370939
2022-01-05,34.29999923706055,34.79999923706055,34.29999923706055,34.79999923706055,522115
2022-01-06,34.599998474121094,34.70000076293945,34.45000076293945,34.599998474121094,371451
2022-01-07,34.650001525878906,34.79999923706055,34.25,34.5,441386
2022-01-10,34.45000076293945,34.75,34.29999923706055,34.599998474121094,273114
2022-01-11,34.70000076293945,35.79999923706055,34.70000076293945,35.45000076293945,948576
2022-01-12,35.75,36.25,35.54999923706055,35.650001525878906,969425
2022-01-13,35.650001525878906,35.70000076293945,35.349998474121094,35.349998474121094,313423
2022-01-14,35.150001525878906,35.29999923706055,34.599998474121094,34.70000076293945,732090
2022-01-17,34.75,34.75,34.25,34.45000076293945,262000
2022-01-18,34.45000076293945,34.70000076293945,34.45000076293945,34.5,270642
2022-01-19,34.349998474121094,34.5,34.25,34.400001525878906,467049
2022-01-20,34.400001525878906,34.75,34.20000076293945,34.75,490643
2022-01-21,34.5,34.650001525878906,34.400001525878906,34.5,466735
2022-01-24,34.25,34.5,34.150001525878906,34.5,385100
2022-01-25,34.20000076293945,34.400001525878906,33.75,34.0,637873
2022-01-26,33.900001525878906,34.45000076293945,33.70000076293945,34.400001525878906,311270
2022-02-07,34.349998474121094,34.900001525878906,34.150001525878906,34.900001525878906,485262
2022-02-08,34.849998474121094,34.849998474121094,34.5,34.79999923706055,212979
2022-02-09,34.70000076293945,35.5,34.650001525878906,35.5,599052
2022-02-10,35.45000076293945,35.5,35.099998474121094,35.20000076293945,359491
2022-02-11,35.150001525878906,35.400001525878906,34.79999923706055,35.099998474121094,332062
2022-02-14,34.79999923706055,34.79999923706055,34.400001525878906,34.5,332755
2022-02-15,34.5,34.599998474121094,34.349998474121094,34.45000076293945,229067
2022-02-16,34.5,35.0,34.5,34.75,289604
2022-02-17,34.70000076293945,35.04999923706055,34.70000076293945,34.79999923706055,281282
2022-02-18,34.75,34.79999923706055,34.5,34.650001525878906,295647
2022-02-21,34.5,34.95000076293945,34.5,34.95000076293945,255337
2022-02-22,34.900001525878906,34.95000076293945,34.25,34.5,482200
2022-02-23,34.54999923706055,34.900001525878906,34.54999923706055,34.75,164000
2022-02-24,34.45000076293945,34.5,33.849998474121094,33.900001525878906,698417
2022-02-25,33.95000076293945,34.099998474121094,33.849998474121094,33.900001525878906,286092
2022-03-01,35.900001525878906,36.400001525878906,35.0,35.20000076293945,1893445
2022-03-02,35.25,35.599998474121094,34.900001525878906,35.45000076293945,723278
2022-03-03,35.45000076293945,35.70000076293945,35.20000076293945,35.20000076293945,551332
2022-03-04,35.150001525878906,35.20000076293945,35.0,35.04999923706055,555758
2022-03-07,34.900001525878906,34.95000076293945,34.5,34.900001525878906,687100
2022-03-08,34.79999923706055,35.25,34.599998474121094,34.75,664487
2022-03-09,34.849998474121094,35.25,34.70000076293945,35.20000076293945,535403
2022-03-10,35.099998474121094,35.75,35.099998474121094,35.54999923706055,590752
2022-03-11,35.349998474121094,35.70000076293945,35.349998474121094,35.45000076293945,327080
2022-03-14,35.5,35.900001525878906,35.5,35.849998474121094,506321
2022-03-15,35.849998474121094,35.849998474121094,35.400001525878906,35.5,392284
2022-03-16,35.599998474121094,35.599998474121094,35.20000076293945,35.400001525878906,433538
2022-03-17,35.5,35.95000076293945,35.45000076293945,35.79999923706055,593283
2022-03-18,35.79999923706055,35.849998474121094,35.70000076293945,35.79999923706055,307593
2022-03-21,35.900001525878906,36.150001525878906,35.849998474121094,35.95000076293945,277572
2022-03-22,35.95000076293945,35.95000076293945,35.70000076293945,35.79999923706055,153324
2022-03-23,36.0,36.79999923706055,36.0,36.70000076293945,1058502
2022-03-24,36.59999847412109,37.150001525878906,36.54999923706055,36.79999923706055,682700
2022-03-25,36.75,36.95000076293945,36.54999923706055,36.95000076293945,737825
2022-03-28,36.75,37.0,36.5,36.84999847412109,656836
2022-03-29,36.95000076293945,37.0,36.79999923706055,36.900001525878906,228815
2022-03-30,36.95000076293945,37.0,36.54999923706055,36.84999847412109,435790
2022-03-31,36.900001525878906,36.95000076293945,36.79999923706055,36.95000076293945,260630
2022-04-01,36.95000076293945,36.95000076293945,36.70000076293945,36.70000076293945,337620
2022-04-06,36.59999847412109,36.70000076293945,36.25,36.70000076293945,517245
2022-04-07,36.650001525878906,36.79999923706055,36.29999923706055,36.34999847412109,457913
2022-04-08,36.5,36.900001525878906,36.400001525878906,36.79999923706055,551300
2022-04-11,36.84999847412109,36.900001525878906,36.04999923706055,36.04999923706055,562945
2022-04-12,36.0,36.400001525878906,35.849998474121094,36.09999847412109,318217
2022-04-13,36.04999923706055,36.400001525878906,36.04999923706055,36.34999847412109,202415
2022-04-14,36.45000076293945,36.45000076293945,35.849998474121094,35.849998474121094,199300
2022-04-15,35.849998474121094,35.849998474121094,35.5,35.5,279300
2022-04-18,35.5,35.599998474121094,35.20000076293945,35.5,301245
2022-04-19,35.5,35.54999923706055,35.349998474121094,35.54999923706055,216816
2022-04-20,35.54999923706055,36.5,35.29999923706055,36.0,571105
2022-04-21,36.0,36.45000076293945,35.849998474121094,36.25,331337
2022-04-22,35.849998474121094,35.849998474121094,35.650001525878906,35.650001525878906,318624
2022-04-25,35.400001525878906,35.400001525878906,34.75,34.95000076293945,502622
2022-04-26,35.0,35.20000076293945,34.95000076293945,35.0,236449
2022-04-27,34.900001525878906,35.29999923706055,34.70000076293945,35.0,376200
2022-04-28,34.900001525878906,35.29999923706055,34.900001525878906,35.150001525878906,231907
2022-04-29,35.04999923706055,35.400001525878906,35.04999923706055,35.29999923706055,147350
2022-05-03,35.25,35.25,34.79999923706055,35.0,216000
2022-05-04,34.95000076293945,35.20000076293945,34.900001525878906,35.099998474121094,122384
2022-05-05,35.099998474121094,35.29999923706055,35.0,35.29999923706055,362190
2022-05-06,34.650001525878906,34.900001525878906,34.650001525878906,34.849998474121094,255000
2022-05-09,34.650001525878906,34.650001525878906,34.20000076293945,34.20000076293945,391021
2022-05-10,34.04999923706055,34.54999923706055,33.900001525878906,34.54999923706055,295171
2022-05-11,34.20000076293945,34.29999923706055,33.95000076293945,34.04999923706055,286004
2022-05-12,33.900001525878906,33.95000076293945,33.04999923706055,33.099998474121094,424500
2022-05-13,32.95000076293945,33.599998474121094,32.95000076293945,33.29999923706055,353217
2022-05-16,33.5,33.650001525878906,33.150001525878906,33.45000076293945,301022
2022-05-17,33.400001525878906,33.54999923706055,33.20000076293945,33.45000076293945,285459
2022-05-18,33.400001525878906,33.900001525878906,33.29999923706055,33.599998474121094,428300
2022-05-19,33.45000076293945,33.45000076293945,33.20000076293945,33.29999923706055,247869
2022-05-20,33.5,34.20000076293945,33.45000076293945,33.900001525878906,313381
2022-05-23,34.04999923706055,34.20000076293945,33.900001525878906,34.099998474121094,371000
2022-05-24,34.04999923706055,34.29999923706055,33.849998474121094,34.04999923706055,226373
2022-05-25,34.04999923706055,34.29999923706055,33.900001525878906,34.29999923706055,351420
2022-05-26,34.349998474121094,34.849998474121094,34.349998474121094,34.400001525878906,324100
2022-05-27,34.650001525878906,34.79999923706055,34.54999923706055,34.79999923706055,369200
2022-05-30,34.75,35.20000076293945,34.75,35.150001525878906,429864
2022-05-31,35.20000076293945,35.25,34.95000076293945,35.099998474121094,345249
2022-06-01,35.20000076293945,35.349998474121094,35.099998474121094,35.099998474121094,401584
2022-06-02,35.20000076293945,35.20000076293945,34.900001525878906,34.95000076293945,551757
2022-06-06,35.0,35.0,34.70000076293945,34.79999923706055,1265565
2022-06-07,34.79999923706055,34.900001525878906,34.599998474121094,34.79999923706055,1028273
2022-06-08,32.0,32.099998474121094,31.700000762939453,32.04999923706055,1748282
2022-06-09,32.0,32.04999923706055,31.799999237060547,31.799999237060547,622371
2022-06-10,31.549999237060547,31.64999961853028,31.350000381469727,31.549999237060547,388559
2022-06-13,31.100000381469727,31.200000762939453,30.600000381469727,30.75,753278
2022-06-14,30.75,30.799999237060547,30.200000762939453,30.64999961853028,337351
2022-06-15,30.89999961853028,31.14999961853028,30.600000381469727,30.799999237060547,481081
2022-06-16,31.0,31.200000762939453,30.700000762939453,30.700000762939453,421468
2022-06-17,30.200000762939453,30.75,30.100000381469727,30.75,644001
2022-06-20,30.75,31.0,30.049999237060547,30.450000762939453,831080
2022-06-21,31.0,31.850000381469727,30.600000381469727,31.64999961853028,968193
2022-06-22,31.200000762939453,31.549999237060547,30.89999961853028,31.450000762939453,426120
2022-06-23,31.200000762939453,31.799999237060547,31.200000762939453,31.64999961853028,389782
2022-06-24,31.350000381469727,32.0,31.350000381469727,31.75,413184
2022-06-27,31.75,31.950000762939453,31.39999961853028,31.549999237060547,268606
2022-06-28,31.450000762939453,31.5,31.100000381469727,31.100000381469727,158580
2022-06-29,30.950000762939453,31.350000381469727,30.950000762939453,31.0,139187
2022-06-30,30.799999237060547,31.200000762939453,29.950000762939453,30.450000762939453,467028
2022-07-01,30.350000381469727,30.549999237060547,29.950000762939453,29.950000762939453,299515
2022-07-04,29.75,30.450000762939453,29.75,30.0,283390
2022-07-05,30.64999961853028,31.0,30.14999961853028,30.350000381469727,210105
2022-07-06,30.350000381469727,30.350000381469727,29.549999237060547,29.64999961853028,344210
2022-07-07,29.700000762939453,30.0,29.299999237060547,29.850000381469727,184400
2022-07-08,29.89999961853028,31.0,29.850000381469727,30.950000762939453,869193
2022-07-11,30.700000762939453,31.200000762939453,30.299999237060547,31.049999237060547,858130
2022-07-12,30.600000381469727,31.549999237060547,30.600000381469727,31.14999961853028,1233310
2022-07-13,31.39999961853028,32.0,30.89999961853028,31.850000381469727,866581
2022-07-14,31.89999961853028,32.400001525878906,31.350000381469727,32.099998474121094,912611
2022-07-15,31.799999237060547,32.25,31.600000381469727,31.75,389310
2022-07-18,32.0,32.29999923706055,31.299999237060547,31.450000762939453,566332
2022-07-19,31.450000762939453,31.89999961853028,31.39999961853028,31.89999961853028,153709
2022-07-20,32.099998474121094,32.099998474121094,31.14999961853028,31.350000381469727,360792
2022-07-21,31.350000381469727,31.350000381469727,30.850000381469727,31.200000762939453,139854
2022-07-22,31.14999961853028,31.200000762939453,30.799999237060547,31.14999961853028,279392
2022-07-25,31.14999961853028,31.14999961853028,30.549999237060547,30.89999961853028,172029
2022-07-26,30.89999961853028,30.950000762939453,30.549999237060547,30.799999237060547,205040
2022-07-27,31.0,31.0,30.600000381469727,30.700000762939453,92186
2022-07-28,30.700000762939453,30.75,30.25,30.5,234150
2022-07-29,30.75,30.75,30.350000381469727,30.5,108000
2022-08-01,30.5,30.5,30.25,30.299999237060547,302674
2022-08-02,30.100000381469727,30.299999237060547,29.950000762939453,29.950000762939453,392399
2022-08-03,29.89999961853028,30.200000762939453,29.89999961853028,29.950000762939453,223731
2022-08-04,29.950000762939453,29.950000762939453,29.25,29.75,497650
2022-08-05,29.75,30.350000381469727,29.75,30.299999237060547,587201
2022-08-08,30.0,30.64999961853028,30.0,30.600000381469727,369150
2022-08-09,30.5,30.64999961853028,30.39999961853028,30.600000381469727,285131
2022-08-10,30.450000762939453,30.700000762939453,30.350000381469727,30.450000762939453,225977
2022-08-11,30.350000381469727,30.5,30.25,30.450000762939453,138104
2022-08-12,30.600000381469727,30.950000762939453,30.39999961853028,30.950000762939453,288090
2022-08-15,30.950000762939453,30.950000762939453,30.850000381469727,30.89999961853028,116182
2022-08-16,30.89999961853028,30.89999961853028,30.700000762939453,30.850000381469727,131035
2022-08-17,30.850000381469727,31.200000762939453,30.850000381469727,31.200000762939453,330830
2022-08-18,31.200000762939453,31.200000762939453,30.75,30.75,177250
2022-08-19,30.799999237060547,30.799999237060547,30.549999237060547,30.549999237060547,136765
2022-08-22,30.350000381469727,30.75,30.25,30.549999237060547,57000
2022-08-23,30.64999961853028,30.850000381469727,30.450000762939453,30.850000381469727,96134
2022-08-24,30.64999961853028,30.850000381469727,30.600000381469727,30.799999237060547,146200
2022-08-25,30.799999237060547,30.89999961853028,30.700000762939453,30.850000381469727,114033
2022-08-26,30.89999961853028,31.0,30.850000381469727,31.0,134267
2022-08-29,30.700000762939453,30.799999237060547,30.39999961853028,30.5,288118
2022-08-30,30.299999237060547,30.700000762939453,30.299999237060547,30.700000762939453,86010
2022-08-31,30.5,31.100000381469727,30.5,31.100000381469727,262225
2022-09-01,30.549999237060547,31.64999961853028,30.39999961853028,31.600000381469727,565437
2022-09-02,31.600000381469727,31.600000381469727,30.950000762939453,31.350000381469727,163844
2022-09-05,31.200000762939453,31.299999237060547,31.0,31.299999237060547,79374
2022-09-06,31.39999961853028,31.450000762939453,30.850000381469727,31.450000762939453,153050
2022-09-07,31.0,31.100000381469727,30.5,30.64999961853028,251200
2022-09-08,31.0,31.100000381469727,30.799999237060547,31.0,177000
2022-09-12,30.950000762939453,31.049999237060547,30.75,30.89999961853028,169463
2022-09-13,31.0,31.450000762939453,30.950000762939453,31.450000762939453,299001
2022-09-14,31.049999237060547,31.5,30.950000762939453,31.450000762939453,262005
2022-09-15,31.0,31.25,31.0,31.14999961853028,84000
2022-09-16,30.64999961853028,31.799999237060547,30.64999961853028,31.5,313100
2022-09-19,31.14999961853028,31.5,30.799999237060547,31.5,198658
2022-09-20,31.39999961853028,31.5,31.049999237060547,31.5,216131
2022-09-21,31.39999961853028,31.39999961853028,30.5,30.5,331721
2022-09-22,30.350000381469727,30.450000762939453,30.049999237060547,30.350000381469727,214456
2022-09-23,30.14999961853028,30.299999237060547,30.049999237060547,30.100000381469727,185490
2022-09-26,30.100000381469727,30.14999961853028,29.799999237060547,30.049999237060547,202500
2022-09-27,29.850000381469727,30.0,29.850000381469727,29.89999961853028,112200
2022-09-28,29.799999237060547,29.89999961853028,29.14999961853028,29.39999961853028,311518
2022-09-29,29.39999961853028,29.64999961853028,29.200000762939453,29.5,243000
2022-09-30,29.450000762939453,29.450000762939453,29.0,29.200000762939453,160014
2022-10-03,29.049999237060547,29.25,28.850000381469727,29.14999961853028,187895
2022-10-04,29.14999961853028,29.549999237060547,29.14999961853028,29.350000381469727,74702
2022-10-05,29.350000381469727,29.549999237060547,29.100000381469727,29.100000381469727,307155
2022-10-06,29.39999961853028,29.450000762939453,29.100000381469727,29.100000381469727,93020
2022-10-07,28.950000762939453,29.25,28.950000762939453,29.25,124131
2022-10-11,29.049999237060547,29.049999237060547,28.5,28.89999961853028,215655
2022-10-12,28.89999961853028,29.450000762939453,28.549999237060547,29.25,195137
2022-10-13,29.200000762939453,29.39999961853028,28.75,28.89999961853028,283337
2022-10-14,29.0,29.200000762939453,28.64999961853028,29.049999237060547,311000
2022-10-17,29.0,29.0,28.600000381469727,28.799999237060547,105510
2022-10-18,28.799999237060547,29.350000381469727,28.600000381469727,28.799999237060547,373551
2022-10-19,28.700000762939453,28.850000381469727,28.5,28.5,202005
2022-10-20,28.5,28.700000762939453,27.14999961853028,27.5,2965069
2022-10-21,27.950000762939453,27.950000762939453,27.350000381469727,27.549999237060547,225210
2022-10-24,27.600000381469727,28.200000762939453,27.600000381469727,28.200000762939453,266370
2022-10-25,28.39999961853028,28.700000762939453,27.89999961853028,28.200000762939453,194901
2022-10-26,28.25,28.39999961853028,28.0,28.200000762939453,144147
2022-10-27,28.350000381469727,28.799999237060547,28.299999237060547,28.799999237060547,236565
2022-10-28,28.75,28.75,28.100000381469727,28.100000381469727,121200
2022-10-31,28.64999961853028,28.64999961853028,28.0,28.049999237060547,104772
2022-11-01,28.200000762939453,28.5,28.049999237060547,28.14999961853028,97005
2022-11-02,28.299999237060547,28.5,28.299999237060547,28.299999237060547,120084
2022-11-03,28.299999237060547,28.5,28.049999237060547,28.049999237060547,107350
2022-11-04,28.049999237060547,28.299999237060547,27.850000381469727,28.299999237060547,161200
2022-11-07,28.14999961853028,28.450000762939453,28.14999961853028,28.450000762939453,87302
2022-11-08,28.75,28.89999961853028,28.5,28.89999961853028,254001
2022-11-09,28.89999961853028,29.25,28.89999961853028,29.14999961853028,218115
2022-11-10,29.14999961853028,29.350000381469727,28.850000381469727,29.100000381469727,193281
2022-11-11,29.200000762939453,29.350000381469727,29.0,29.0,89190
2022-11-14,29.049999237060547,29.299999237060547,28.950000762939453,29.0,111675
2022-11-15,28.850000381469727,29.39999961853028,28.700000762939453,29.25,192001
2022-11-16,29.25,29.25,28.200000762939453,28.200000762939453,441449
2022-11-17,28.25,28.64999961853028,28.25,28.64999961853028,77967
2022-11-18,28.64999961853028,28.89999961853028,28.5,28.89999961853028,122010
2022-11-21,28.89999961853028,28.89999961853028,28.64999961853028,28.89999961853028,41340
2022-11-22,28.89999961853028,29.0,28.850000381469727,28.89999961853028,62800
2022-11-23,28.950000762939453,29.100000381469727,28.799999237060547,29.0,186068
2022-11-24,28.950000762939453,29.100000381469727,28.850000381469727,29.100000381469727,171367
2022-11-25,29.0,29.100000381469727,28.89999961853028,29.049999237060547,81706
2022-11-28,29.0,29.049999237060547,28.600000381469727,28.950000762939453,208000
2022-11-29,28.89999961853028,29.049999237060547,28.75,29.0,67532
2022-11-30,29.049999237060547,29.200000762939453,28.850000381469727,29.200000762939453,130685
2022-12-01,29.450000762939453,29.450000762939453,29.14999961853028,29.299999237060547,191968
2022-12-02,29.39999961853028,29.39999961853028,29.049999237060547,29.100000381469727,70946
2022-12-05,29.200000762939453,29.39999961853028,28.950000762939453,28.950000762939453,234954
2022-12-06,29.0,29.0,28.549999237060547,28.549999237060547,259183
2022-12-07,28.600000381469727,28.89999961853028,28.549999237060547,28.850000381469727,100235
2022-12-08,28.64999961853028,28.950000762939453,28.600000381469727,28.64999961853028,227265
2022-12-09,28.64999961853028,29.0,28.64999961853028,28.799999237060547,202600
2022-12-12,28.799999237060547,29.25,28.600000381469727,28.600000381469727,454000
2022-12-13,28.64999961853028,28.850000381469727,28.600000381469727,28.850000381469727,43489
2022-12-14,28.950000762939453,29.14999961853028,28.39999961853028,28.39999961853028,604000
2022-12-15,28.39999961853028,28.39999961853028,28.0,28.049999237060547,697651
2022-12-16,27.75,27.950000762939453,27.600000381469727,27.64999961853028,791673
2022-12-19,27.600000381469727,27.75,27.200000762939453,27.549999237060547,714532
2022-12-20,27.549999237060547,27.549999237060547,27.049999237060547,27.049999237060547,682355
2022-12-21,27.049999237060547,27.299999237060547,26.799999237060547,26.799999237060547,660505
2022-12-22,27.0,27.25,26.89999961853028,27.25,204295
2022-12-23,27.049999237060547,27.200000762939453,26.89999961853028,27.200000762939453,178000
2022-12-26,27.200000762939453,27.25,27.0,27.100000381469727,206299
2022-12-27,27.100000381469727,27.100000381469727,26.950000762939453,27.0,336546
2022-12-28,27.0,27.0,26.75,26.850000381469727,482135
2022-12-29,26.799999237060547,26.799999237060547,26.600000381469727,26.700000762939453,273406
2022-12-30,26.799999237060547,27.0,26.799999237060547,26.89999961853028,146600
2023-01-03,26.89999961853028,27.0,26.700000762939453,26.89999961853028,107249
2023-01-04,27.0,27.25,27.0,27.25,112155
2023-01-05,27.200000762939453,27.39999961853028,27.200000762939453,27.25,214640
2023-01-06,27.25,27.39999961853028,27.25,27.25,83758
2023-01-09,27.299999237060547,27.549999237060547,27.25,27.450000762939453,287250
2023-01-10,27.39999961853028,27.600000381469727,27.14999961853028,27.200000762939453,753260
2023-01-11,27.25,27.39999961853028,27.14999961853028,27.200000762939453,386522
2023-01-12,27.200000762939453,27.39999961853028,27.100000381469727,27.14999961853028,406246
2023-01-13,27.14999961853028,27.299999237060547,26.89999961853028,26.950000762939453,565067
2023-01-16,26.950000762939453,27.14999961853028,26.89999961853028,27.0,251040
2023-01-17,27.0,27.25,27.0,27.25,131596
2023-01-30,27.25,27.39999961853028,27.25,27.25,314870
2023-01-31,27.25,27.799999237060547,27.25,27.75,347937
2023-02-01,27.75,27.75,27.5,27.549999237060547,161655
2023-02-02,27.549999237060547,27.75,27.549999237060547,27.700000762939453,149303
2023-02-03,27.700000762939453,27.89999961853028,27.549999237060547,27.89999961853028,316227
2023-02-06,27.89999961853028,27.89999961853028,27.549999237060547,27.799999237060547,270095
2023-02-07,27.799999237060547,28.100000381469727,27.700000762939453,28.100000381469727,278486
2023-02-08,28.0,28.5,28.0,28.25,382514
2023-02-09,28.14999961853028,28.549999237060547,28.14999961853028,28.5,409885
2023-02-10,28.39999961853028,28.549999237060547,28.049999237060547,28.299999237060547,361940
2023-02-13,28.39999961853028,28.450000762939453,28.0,28.39999961853028,287691
2023-02-14,28.5,28.5,28.299999237060547,28.450000762939453,192170
2023-02-15,28.549999237060547,28.600000381469727,28.350000381469727,28.5,277502
2023-02-16,28.600000381469727,28.64999961853028,28.39999961853028,28.600000381469727,181830
2023-02-17,28.600000381469727,28.600000381469727,28.5,28.549999237060547,144145
2023-02-20,28.600000381469727,28.799999237060547,28.39999961853028,28.799999237060547,278435
2023-02-21,28.850000381469727,28.89999961853028,28.600000381469727,28.850000381469727,116630
2023-02-22,28.89999961853028,28.89999961853028,28.64999961853028,28.799999237060547,173000
2023-02-23,28.5,28.700000762939453,28.299999237060547,28.5,444838
2023-02-24,28.549999237060547,28.549999237060547,28.299999237060547,28.39999961853028,215000
2023-03-01,28.39999961853028,28.39999961853028,28.200000762939453,28.299999237060547,229001
2023-03-02,28.299999237060547,28.39999961853028,28.200000762939453,28.350000381469727,139000
2023-03-03,28.39999961853028,28.450000762939453,28.350000381469727,28.450000762939453,130673
2023-03-06,28.600000381469727,28.64999961853028,28.39999961853028,28.64999961853028,273395
2023-03-07,28.64999961853028,28.75,28.549999237060547,28.75,149276
2023-03-08,28.799999237060547,28.89999961853028,28.700000762939453,28.850000381469727,337642
2023-03-09,28.799999237060547,29.100000381469727,28.75,29.100000381469727,379170
2023-03-10,28.950000762939453,29.14999961853028,28.64999961853028,28.75,379069
2023-03-13,28.600000381469727,28.89999961853028,28.5,28.799999237060547,158568
2023-03-14,28.64999961853028,28.64999961853028,28.5,28.549999237060547,162005
2023-03-15,28.64999961853028,28.64999961853028,28.450000762939453,28.450000762939453,193767
2023-03-16,28.299999237060547,28.450000762939453,28.299999237060547,28.39999961853028,184562
2023-03-17,28.39999961853028,28.64999961853028,28.39999961853028,28.600000381469727,141644
2023-03-20,28.600000381469727,28.600000381469727,28.5,28.5,107034
2023-03-21,28.5,28.5,28.39999961853028,28.450000762939453,104428
2023-03-22,28.5,28.75,28.5,28.700000762939453,155818
2023-03-23,28.700000762939453,28.799999237060547,28.600000381469727,28.700000762939453,174665
2023-03-24,28.850000381469727,28.850000381469727,28.700000762939453,28.75,134500
2023-03-27,28.700000762939453,28.89999961853028,28.64999961853028,28.850000381469727,146036
2023-03-28,28.89999961853028,28.89999961853028,28.799999237060547,28.799999237060547,96227
2023-03-29,28.64999961853028,28.850000381469727,28.64999961853028,28.75,74463
2023-03-30,28.89999961853028,28.89999961853028,28.75,28.799999237060547,61986
2023-03-31,28.799999237060547,28.89999961853028,28.799999237060547,28.799999237060547,138116
2023-04-06,29.0,29.25,28.799999237060547,29.0,242160
2023-04-07,28.89999961853028,29.100000381469727,28.89999961853028,29.049999237060547,85551
2023-04-10,29.200000762939453,29.200000762939453,29.0,29.100000381469727,135052
2023-04-11,29.100000381469727,29.299999237060547,29.100000381469727,29.200000762939453,181330
2023-04-12,29.25,29.299999237060547,29.14999961853028,29.299999237060547,186606
2023-04-13,29.200000762939453,29.200000762939453,29.0,29.0,100140
2023-04-14,29.0,29.14999961853028,29.0,29.100000381469727,107241
2023-04-17,29.049999237060547,29.100000381469727,29.0,29.0,161516
2023-04-18,29.0,29.0,28.850000381469727,28.89999961853028,145081
2023-04-19,28.89999961853028,28.89999961853028,28.700000762939453,28.799999237060547,263464
2023-04-20,28.799999237060547,28.850000381469727,28.75,28.75,89131
2023-04-21,28.799999237060547,28.850000381469727,28.549999237060547,28.64999961853028,200994
2023-04-24,28.549999237060547,28.799999237060547,28.549999237060547,28.75,100000
2023-04-25,28.799999237060547,28.850000381469727,28.700000762939453,28.799999237060547,165367
2023-04-26,28.799999237060547,29.100000381469727,28.799999237060547,29.100000381469727,198702
2023-04-27,29.100000381469727,29.100000381469727,28.950000762939453,29.0,185025
2023-04-28,29.100000381469727,29.14999961853028,28.950000762939453,29.049999237060547,169484
2023-05-02,29.049999237060547,29.299999237060547,29.049999237060547,29.299999237060547,141700
2023-05-03,29.299999237060547,29.299999237060547,29.049999237060547,29.200000762939453,119326
2023-05-04,29.100000381469727,29.200000762939453,29.049999237060547,29.100000381469727,102002
2023-05-05,29.100000381469727,29.25,29.100000381469727,29.200000762939453,69000
2023-05-08,29.25,29.25,29.14999961853028,29.25,79121
2023-05-09,29.299999237060547,29.350000381469727,29.200000762939453,29.25,99361
2023-05-10,29.25,29.25,29.100000381469727,29.200000762939453,102107
2023-05-11,29.200000762939453,29.200000762939453,28.89999961853028,28.89999961853028,150004
2023-05-12,29.100000381469727,29.100000381469727,28.799999237060547,28.850000381469727,221390
2023-05-15,28.799999237060547,29.25,28.700000762939453,29.25,95984
2023-05-16,29.25,29.39999961853028,29.14999961853028,29.39999961853028,229010
2023-05-17,29.39999961853028,30.0,29.299999237060547,29.950000762939453,614824
2023-05-18,29.75,30.0,29.75,30.0,230171
2023-05-19,30.0,30.0,29.799999237060547,29.89999961853028,127290
2023-05-22,29.89999961853028,30.0,29.89999961853028,30.0,119324
2023-05-23,30.0,30.100000381469727,29.950000762939453,30.049999237060547,177030
2023-05-24,30.049999237060547,30.14999961853028,29.75,30.14999961853028,160333
2023-05-25,30.0,30.0,29.700000762939453,29.799999237060547,119387
2023-05-26,29.700000762939453,29.799999237060547,29.5,29.75,105100
2023-05-29,29.75,29.799999237060547,29.600000381469727,29.799999237060547,97754
2023-05-30,29.799999237060547,29.799999237060547,29.600000381469727,29.75,97792
2023-05-31,29.89999961853028,29.89999961853028,29.64999961853028,29.799999237060547,214131
2023-06-01,29.799999237060547,29.89999961853028,29.700000762939453,29.799999237060547,166300
2023-06-02,29.799999237060547,29.850000381469727,29.700000762939453,29.75,297168
2023-06-05,29.75,30.0,29.75,30.0,840989
2023-06-06,28.799999237060547,29.049999237060547,28.799999237060547,28.950000762939453,490100
2023-06-07,28.950000762939453,29.14999961853028,28.89999961853028,29.049999237060547,195501
2023-06-08,29.100000381469727,29.200000762939453,29.0,29.0,177150
2023-06-09,29.0,29.25,29.0,29.14999961853028,177378
2023-06-12,29.14999961853028,29.14999961853028,28.950000762939453,29.049999237060547,277100
2023-06-13,29.0,29.200000762939453,28.5,29.0,394645
2023-06-14,28.89999961853028,29.14999961853028,28.89999961853028,28.950000762939453,190351
2023-06-15,28.950000762939453,28.950000762939453,28.75,28.850000381469727,316010
2023-06-16,28.75,28.850000381469727,28.64999961853028,28.64999961853028,276623
2023-06-19,28.700000762939453,28.700000762939453,28.600000381469727,28.64999961853028,104108
2023-06-20,28.64999961853028,28.64999961853028,28.5,28.5,194683
2023-06-21,28.5,28.64999961853028,28.350000381469727,28.600000381469727,285100
2023-06-26,28.549999237060547,28.549999237060547,28.299999237060547,28.39999961853028,185948
2023-06-27,28.39999961853028,28.549999237060547,28.350000381469727,28.549999237060547,184150
2023-06-28,28.549999237060547,29.14999961853028,28.549999237060547,29.049999237060547,387383
2023-06-29,29.14999961853028,29.200000762939453,28.89999961853028,28.89999961853028,112072
2023-06-30,28.799999237060547,28.799999237060547,28.549999237060547,28.64999961853028,139046
2023-07-03,28.600000381469727,28.75,28.549999237060547,28.549999237060547,135000
2023-07-04,28.850000381469727,28.850000381469727,28.39999961853028,28.5,158437
2023-07-05,28.5,28.600000381469727,28.39999961853028,28.450000762939453,154244
2023-07-06,28.450000762939453,28.64999961853028,28.350000381469727,28.450000762939453,147105
2023-07-07,28.39999961853028,28.39999961853028,28.200000762939453,28.39999961853028,208170
2023-07-10,28.39999961853028,29.0,28.0,28.799999237060547,589690
2023-07-11,28.850000381469727,29.299999237060547,28.850000381469727,29.200000762939453,555196
2023-07-12,29.25,29.39999961853028,28.89999961853028,29.100000381469727,496759
2023-07-13,29.200000762939453,29.39999961853028,29.100000381469727,29.14999961853028,453606
2023-07-14,29.39999961853028,29.799999237060547,29.25,29.5,586141
2023-07-17,29.700000762939453,29.700000762939453,29.0,29.14999961853028,200551
2023-07-18,29.0,29.0,28.299999237060547,28.299999237060547,694577
2023-07-19,28.350000381469727,28.600000381469727,28.299999237060547,28.39999961853028,235500
2023-07-20,28.299999237060547,28.600000381469727,28.25,28.39999961853028,65198
2023-07-21,28.450000762939453,28.700000762939453,28.39999961853028,28.5,85001
2023-07-24,28.5,28.5,28.14999961853028,28.350000381469727,213132
2023-07-25,28.299999237060547,28.39999961853028,28.14999961853028,28.350000381469727,117140
2023-07-26,28.700000762939453,29.100000381469727,28.700000762939453,28.950000762939453,471131
2023-07-27,29.200000762939453,29.5,29.200000762939453,29.450000762939453,516809
2023-07-28,29.39999961853028,29.39999961853028,29.200000762939453,29.299999237060547,163033
2023-07-31,29.39999961853028,29.39999961853028,29.0,29.0,319614
2023-08-01,29.14999961853028,29.200000762939453,29.0,29.100000381469727,116377
2023-08-02,29.39999961853028,29.39999961853028,29.0,29.14999961853028,156673
2023-08-04,29.200000762939453,29.299999237060547,29.0,29.25,113947
2023-08-07,29.200000762939453,29.200000762939453,29.100000381469727,29.14999961853028,84297
2023-08-08,29.14999961853028,29.299999237060547,29.0,29.100000381469727,124258
2023-08-09,29.100000381469727,29.25,29.049999237060547,29.14999961853028,159000
2023-08-10,29.14999961853028,29.200000762939453,29.0,29.049999237060547,98156
2023-08-11,29.049999237060547,29.200000762939453,29.0,29.049999237060547,95277
2023-08-14,29.200000762939453,29.200000762939453,28.600000381469727,28.850000381469727,294000
2023-08-15,28.850000381469727,29.0,28.799999237060547,28.799999237060547,150013
2023-08-16,28.89999961853028,28.89999961853028,28.64999961853028,28.700000762939453,120493
2023-08-17,28.64999961853028,28.700000762939453,28.600000381469727,28.64999961853028,126385
2023-08-18,28.600000381469727,28.700000762939453,28.549999237060547,28.600000381469727,183270
2023-08-21,28.600000381469727,28.600000381469727,28.39999961853028,28.5,100034
2023-08-22,28.549999237060547,28.549999237060547,28.39999961853028,28.5,79101
2023-08-23,28.5,28.549999237060547,28.450000762939453,28.5,51058
2023-08-24,28.5,28.799999237060547,28.5,28.64999961853028,119010
2023-08-25,28.5,28.700000762939453,28.5,28.600000381469727,139309
2023-08-28,28.549999237060547,28.700000762939453,28.5,28.549999237060547,205686
2023-08-29,28.549999237060547,28.700000762939453,28.5,28.64999961853028,157170
2023-08-30,28.64999961853028,28.799999237060547,28.64999961853028,28.75,127927
2023-08-31,28.799999237060547,28.799999237060547,28.600000381469727,28.600000381469727,89035
2023-09-01,28.600000381469727,28.75,28.600000381469727,28.75,79773
2023-09-04,28.64999961853028,28.799999237060547,28.64999961853028,28.799999237060547,115000
2023-09-05,28.75,28.950000762939453,28.700000762939453,28.799999237060547,132757
2023-09-06,28.799999237060547,28.799999237060547,28.64999961853028,28.700000762939453,185597
2023-09-07,28.600000381469727,28.75,28.600000381469727,28.64999961853028,102521
2023-09-08,28.600000381469727,28.700000762939453,28.549999237060547,28.64999961853028,68118
2023-09-11,28.799999237060547,28.89999961853028,28.64999961853028,28.700000762939453,241036
2023-09-12,28.700000762939453,28.799999237060547,28.700000762939453,28.799999237060547,145895
2023-09-13,28.700000762939453,28.799999237060547,28.700000762939453,28.799999237060547,80515
2023-09-14,28.799999237060547,28.850000381469727,28.700000762939453,28.799999237060547,191287
2023-09-15,28.799999237060547,28.850000381469727,28.75,28.850000381469727,152921
2023-09-18,28.799999237060547,29.0,28.549999237060547,29.0,201917
2023-09-19,28.950000762939453,29.0,28.89999961853028,28.950000762939453,160494
2023-09-20,28.89999961853028,29.0,28.850000381469727,28.950000762939453,106220
2023-09-21,28.89999961853028,28.89999961853028,28.64999961853028,28.64999961853028,129509
2023-09-22,28.600000381469727,28.75,28.600000381469727,28.64999961853028,152340
2023-09-25,28.64999961853028,28.850000381469727,28.600000381469727,28.850000381469727,89214
2023-09-26,28.799999237060547,28.850000381469727,28.600000381469727,28.700000762939453,155000
2023-09-27,28.600000381469727,28.799999237060547,28.600000381469727,28.64999961853028,110100
2023-09-28,28.64999961853028,28.75,28.600000381469727,28.64999961853028,110875
2023-10-02,28.700000762939453,28.950000762939453,28.700000762939453,28.89999961853028,104629
2023-10-03,28.89999961853028,28.89999961853028,28.700000762939453,28.700000762939453,61999
2023-10-04,28.600000381469727,28.700000762939453,28.549999237060547,28.700000762939453,90262
2023-10-05,28.700000762939453,28.75,28.700000762939453,28.700000762939453,35798
2023-10-06,28.600000381469727,28.799999237060547,28.600000381469727,28.75,33000
2023-10-11,28.75,29.0,28.700000762939453,28.950000762939453,224679
2023-10-12,29.0,29.200000762939453,28.799999237060547,29.200000762939453,198302
2023-10-13,29.0,29.39999961853028,28.89999961853028,29.100000381469727,171100
2023-10-16,29.100000381469727,29.100000381469727,28.799999237060547,28.89999961853028,32494
2023-10-17,29.0,29.0,28.799999237060547,28.850000381469727,34000
2023-10-18,28.850000381469727,29.049999237060547,28.700000762939453,28.700000762939453,139000
2023-10-19,28.64999961853028,28.64999961853028,28.5,28.600000381469727,169438
2023-10-20,28.549999237060547,28.600000381469727,28.5,28.5,118076
2023-10-23,28.549999237060547,28.600000381469727,28.450000762939453,28.5,93596
2023-10-24,28.5,28.5,28.450000762939453,28.450000762939453,62502
2023-10-25,28.450000762939453,28.600000381469727,28.450000762939453,28.549999237060547,45393
2023-10-26,28.549999237060547,28.549999237060547,28.200000762939453,28.299999237060547,300400
2023-10-27,28.350000381469727,28.39999961853028,28.200000762939453,28.299999237060547,88110
2023-10-30,28.350000381469727,28.5,28.25,28.5,152581
2023-10-31,28.600000381469727,28.600000381469727,28.299999237060547,28.299999237060547,113110
2023-11-01,28.299999237060547,28.5,28.299999237060547,28.299999237060547,109046
2023-11-02,28.450000762939453,28.600000381469727,28.299999237060547,28.350000381469727,119020
2023-11-03,28.5,28.549999237060547,28.39999961853028,28.5,77655
2023-11-06,28.5,28.64999961853028,28.39999961853028,28.549999237060547,194003
2023-11-07,28.600000381469727,28.600000381469727,28.450000762939453,28.549999237060547,116069
2023-11-08,28.600000381469727,28.799999237060547,28.5,28.64999961853028,182894
2023-11-09,28.549999237060547,29.0,28.549999237060547,28.950000762939453,163100
2023-11-10,28.799999237060547,29.0,28.64999961853028,28.89999961853028,197000
2023-11-13,28.950000762939453,28.950000762939453,28.64999961853028,28.75,128092
2023-11-14,28.89999961853028,28.950000762939453,28.700000762939453,28.799999237060547,140873
2023-11-15,28.799999237060547,29.299999237060547,28.799999237060547,29.299999237060547,319657
2023-11-16,29.299999237060547,29.299999237060547,28.950000762939453,29.0,148340
2023-11-17,29.0,29.200000762939453,28.89999961853028,29.0,154821
2023-11-20,29.049999237060547,29.200000762939453,28.850000381469727,29.14999961853028,283099
2023-11-21,29.299999237060547,29.350000381469727,29.100000381469727,29.200000762939453,339654
2023-11-22,29.200000762939453,29.200000762939453,29.100000381469727,29.200000762939453,133295
2023-11-23,29.14999961853028,29.200000762939453,29.049999237060547,29.200000762939453,139148
2023-11-24,29.200000762939453,29.200000762939453,29.100000381469727,29.200000762939453,61165
2023-11-27,29.299999237060547,29.299999237060547,29.14999961853028,29.14999961853028,137714
2023-11-28,29.100000381469727,29.299999237060547,29.100000381469727,29.25,152156
2023-11-29,29.299999237060547,29.5,29.200000762939453,29.450000762939453,206841
2023-11-30,29.450000762939453,29.799999237060547,29.0,29.799999237060547,439491
2023-12-01,29.799999237060547,30.14999961853028,29.600000381469727,29.64999961853028,410940
2023-12-04,29.64999961853028,29.700000762939453,29.39999961853028,29.549999237060547,150564
2023-12-05,29.64999961853028,29.799999237060547,29.450000762939453,29.700000762939453,169696
2023-12-06,29.700000762939453,29.75,29.64999961853028,29.700000762939453,64354
2023-12-07,29.600000381469727,29.700000762939453,29.5,29.600000381469727,176534
2023-12-08,29.600000381469727,29.89999961853028,29.549999237060547,29.89999961853028,280389
2023-12-11,30.049999237060547,30.14999961853028,29.850000381469727,29.89999961853028,429000
2023-12-12,29.89999961853028,30.100000381469727,29.799999237060547,30.0,325132
2023-12-13,30.0,30.100000381469727,29.89999961853028,29.89999961853028,218101
2023-12-14,30.0,30.049999237060547,29.850000381469727,30.049999237060547,299569
2023-12-15,30.049999237060547,30.049999237060547,29.75,29.75,388280
2023-12-18,29.75,29.950000762939453,29.75,29.89999961853028,88220
2023-12-19,29.89999961853028,29.89999961853028,29.5,29.549999237060547,233786
2023-12-20,29.600000381469727,29.850000381469727,29.600000381469727,29.799999237060547,160736
2023-12-21,29.799999237060547,29.799999237060547,29.600000381469727,29.600000381469727,130000
2023-12-22,29.600000381469727,29.64999961853028,29.549999237060547,29.549999237060547,97339
2023-12-25,29.600000381469727,29.799999237060547,29.600000381469727,29.799999237060547,81066
2023-12-26,29.799999237060547,29.950000762939453,29.700000762939453,29.950000762939453,112498
2023-12-27,29.89999961853028,29.950000762939453,29.799999237060547,29.850000381469727,145394
2023-12-28,29.850000381469727,29.950000762939453,29.799999237060547,29.950000762939453,136236
2023-12-29,29.89999961853028,30.0,29.799999237060547,29.950000762939453,148001
2024-01-02,29.89999961853028,30.0,29.75,29.89999961853028,131332
2024-01-03,29.89999961853028,29.89999961853028,29.549999237060547,29.700000762939453,162135
2024-01-04,29.64999961853028,29.950000762939453,29.64999961853028,29.700000762939453,83197
2024-01-05,29.700000762939453,29.850000381469727,29.700000762939453,29.75,90131
2024-01-08,29.799999237060547,29.950000762939453,29.799999237060547,29.850000381469727,146734
2024-01-09,29.89999961853028,29.89999961853028,29.75,29.75,139140
2024-01-10,29.700000762939453,29.950000762939453,29.600000381469727,29.850000381469727,240402
2024-01-11,29.64999961853028,29.799999237060547,29.600000381469727,29.75,132011
2024-01-12,29.600000381469727,29.700000762939453,29.600000381469727,29.700000762939453,103262
2024-01-15,29.600000381469727,29.64999961853028,29.450000762939453,29.450000762939453,238310
2024-01-16,29.450000762939453,29.450000762939453,29.0,29.049999237060547,506336
2024-01-17,28.850000381469727,29.0,28.799999237060547,29.0,423100
2024-01-18,29.0,29.0,28.89999961853028,28.89999961853028,62271
2024-01-19,28.799999237060547,28.950000762939453,28.799999237060547,28.89999961853028,172586
2024-01-22,29.14999961853028,29.14999961853028,28.950000762939453,28.950000762939453,94275
2024-01-23,29.0,29.0,28.850000381469727,28.950000762939453,69068
2024-01-24,28.950000762939453,29.100000381469727,28.89999961853028,28.950000762939453,163591
2024-01-25,29.0,29.049999237060547,28.950000762939453,29.0,94187
2024-01-26,28.950000762939453,29.299999237060547,28.950000762939453,29.100000381469727,103507
2024-01-29,29.0,29.25,29.0,29.200000762939453,63399
2024-01-30,29.200000762939453,29.200000762939453,29.049999237060547,29.14999961853028,68976
2024-01-31,29.100000381469727,29.100000381469727,29.0,29.0,89001
2024-02-01,29.049999237060547,29.350000381469727,29.049999237060547,29.299999237060547,113306
2024-02-02,29.350000381469727,29.39999961853028,29.25,29.39999961853028,135567
2024-02-05,29.200000762939453,29.299999237060547,29.100000381469727,29.200000762939453,110402
2024-02-15,29.049999237060547,29.5,28.950000762939453,29.350000381469727,327383
2024-02-16,29.350000381469727,29.600000381469727,29.350000381469727,29.600000381469727,175721
2024-02-19,29.600000381469727,29.64999961853028,29.14999961853028,29.450000762939453,274673
2024-02-20,29.39999961853028,29.39999961853028,29.25,29.350000381469727,112870
2024-02-21,29.350000381469727,29.39999961853028,29.200000762939453,29.25,166479
2024-02-22,29.200000762939453,29.25,29.14999961853028,29.25,129715
2024-02-23,29.14999961853028,29.25,28.950000762939453,29.25,268581
2024-02-26,29.14999961853028,29.25,29.049999237060547,29.200000762939453,149409
2024-02-27,29.200000762939453,29.700000762939453,29.200000762939453,29.600000381469727,470336
2024-02-29,29.64999961853028,29.64999961853028,29.450000762939453,29.450000762939453,244675
2024-03-01,29.450000762939453,29.549999237060547,29.39999961853028,29.5,198016
2024-03-04,29.450000762939453,29.549999237060547,29.100000381469727,29.450000762939453,293356
2024-03-05,29.299999237060547,29.549999237060547,29.299999237060547,29.350000381469727,171255
2024-03-06,29.39999961853028,29.450000762939453,29.350000381469727,29.39999961853028,125312
2024-03-07,29.299999237060547,29.450000762939453,29.299999237060547,29.350000381469727,221719
2024-03-08,29.350000381469727,29.450000762939453,29.200000762939453,29.299999237060547,337014
2024-03-11,29.299999237060547,29.450000762939453,29.200000762939453,29.450000762939453,178526
2024-03-12,29.5,29.700000762939453,29.350000381469727,29.600000381469727,548437
2024-03-13,29.450000762939453,29.64999961853028,29.450000762939453,29.64999961853028,247145
2024-03-14,29.700000762939453,29.799999237060547,29.600000381469727,29.700000762939453,358444
2024-03-15,29.700000762939453,29.700000762939453,29.450000762939453,29.450000762939453,276843
2024-03-18,29.450000762939453,29.5,29.299999237060547,29.450000762939453,236090
2024-03-19,29.350000381469727,29.700000762939453,29.299999237060547,29.600000381469727,194419
2024-03-20,29.600000381469727,29.64999961853028,29.5,29.549999237060547,252073
2024-03-21,29.549999237060547,29.64999961853028,29.549999237060547,29.600000381469727,225524
2024-03-22,29.600000381469727,29.700000762939453,29.5,29.64999961853028,296852
2024-03-25,29.75,30.25,29.700000762939453,30.200000762939453,848902
2024-03-26,30.200000762939453,30.299999237060547,29.799999237060547,30.14999961853028,506452
2024-03-27,30.049999237060547,30.89999961853028,30.049999237060547,30.64999961853028,734013
2024-03-28,30.700000762939453,30.850000381469727,30.5,30.600000381469727,350136
2024-03-29,30.700000762939453,30.700000762939453,30.299999237060547,30.5,227000
2024-04-01,30.600000381469727,30.799999237060547,30.549999237060547,30.75,441005
2024-04-02,30.799999237060547,31.0,30.600000381469727,30.64999961853028,477362
2024-04-03,30.850000381469727,30.850000381469727,30.549999237060547,30.64999961853028,232393
2024-04-08,30.700000762939453,31.0,30.549999237060547,30.850000381469727,362515
2024-04-09,30.850000381469727,31.25,30.75,31.200000762939453,716982
2024-04-10,31.299999237060547,31.700000762939453,31.25,31.549999237060547,593752
2024-04-11,31.700000762939453,31.75,31.25,31.25,445389
2024-04-12,31.25,31.299999237060547,30.950000762939453,30.950000762939453,370097
2024-04-15,30.799999237060547,31.39999961853028,30.799999237060547,31.100000381469727,605560
2024-04-16,31.0,31.0,30.25,30.39999961853028,668952
2024-04-17,30.64999961853028,30.799999237060547,30.5,30.600000381469727,671882
2024-04-18,30.600000381469727,31.700000762939453,30.450000762939453,31.64999961853028,1147644
2024-04-19,31.549999237060547,31.64999961853028,30.799999237060547,31.200000762939453,830358
2024-04-22,32.20000076293945,34.25,32.04999923706055,33.04999923706055,3018779
2024-04-23,33.0,33.0,31.950000762939453,32.95000076293945,1051921
2024-04-24,32.650001525878906,33.0,32.400001525878906,32.79999923706055,600279
2024-04-25,32.79999923706055,33.099998474121094,32.400001525878906,32.5,602267
2024-04-26,32.54999923706055,32.849998474121094,32.099998474121094,32.54999923706055,516161
2024-04-29,32.54999923706055,33.45000076293945,32.45000076293945,33.45000076293945,1231500
2024-04-30,33.45000076293945,33.45000076293945,32.75,33.150001525878906,673000
2024-05-02,33.150001525878906,34.099998474121094,33.150001525878906,33.599998474121094,1254596
2024-05-03,33.599998474121094,34.900001525878906,33.400001525878906,34.45000076293945,1996812
2024-05-06,34.70000076293945,34.75,33.900001525878906,34.29999923706055,1305645
2024-05-07,34.25,34.349998474121094,33.29999923706055,33.400001525878906,1057243
2024-05-08,33.54999923706055,33.650001525878906,32.849998474121094,33.04999923706055,607101
2024-05-09,32.900001525878906,33.25,32.70000076293945,32.70000076293945,487723
2024-05-10,32.54999923706055,33.25,32.54999923706055,33.150001525878906,393262
2024-05-13,33.150001525878906,33.150001525878906,32.849998474121094,32.95000076293945,313421
2024-05-14,32.95000076293945,33.099998474121094,32.75,32.900001525878906,380345
2024-05-15,32.95000076293945,33.20000076293945,32.75,32.95000076293945,705238
2024-05-16,33.20000076293945,33.45000076293945,33.04999923706055,33.349998474121094,555949
2024-05-17,33.400001525878906,33.75,33.349998474121094,33.5,415124
2024-05-20,33.79999923706055,34.0,33.25,33.5,699633
2024-05-21,33.5,33.5,32.95000076293945,33.099998474121094,459200
2024-05-22,33.0,33.099998474121094,32.79999923706055,32.849998474121094,455600
2024-05-23,32.849998474121094,32.849998474121094,32.29999923706055,32.400001525878906,629930
2024-05-24,32.20000076293945,32.75,32.0,32.599998474121094,443833
2024-05-27,32.599998474121094,32.900001525878906,32.400001525878906,32.75,359858
2024-05-28,32.79999923706055,32.95000076293945,32.75,32.95000076293945,330100
2024-05-29,32.95000076293945,33.20000076293945,32.75,33.150001525878906,406110
2024-05-30,33.04999923706055,33.20000076293945,32.95000076293945,33.0,273409
2024-05-31,33.25,33.54999923706055,33.20000076293945,33.5,763180
2024-06-03,33.79999923706055,34.0,33.650001525878906,33.900001525878906,1423192
2024-06-04,33.900001525878906,33.900001525878906,33.400001525878906,33.599998474121094,873060
2024-06-05,33.599998474121094,33.79999923706055,33.20000076293945,33.349998474121094,1045170
2024-06-06,33.45000076293945,33.70000076293945,33.29999923706055,33.54999923706055,1933267
2024-06-07,32.0,32.25,31.75,31.75,2788251
2024-06-11,31.89999961853028,31.950000762939453,30.950000762939453,31.14999961853028,1953987
2024-06-12,31.14999961853028,31.450000762939453,30.850000381469727,31.450000762939453,967422
2024-06-13,31.200000762939453,31.450000762939453,31.049999237060547,31.14999961853028,813368
2024-06-14,31.14999961853028,31.75,31.14999961853028,31.299999237060547,817475
2024-06-17,31.299999237060547,31.39999961853028,31.200000762939453,31.350000381469727,730612
2024-06-18,31.450000762939453,31.600000381469727,31.200000762939453,31.600000381469727,522722
2024-06-19,31.64999961853028,31.89999961853028,31.5,31.75,650350
2024-06-20,31.850000381469727,32.25,31.850000381469727,32.150001525878906,664922
2024-06-21,32.150001525878906,32.400001525878906,32.04999923706055,32.400001525878906,432923
2024-06-24,32.400001525878906,32.400001525878906,31.950000762939453,32.0,318250
2024-06-25,32.25,32.29999923706055,31.64999961853028,32.099998474121094,335300
2024-06-26,32.099998474121094,32.099998474121094,31.799999237060547,31.850000381469727,455667
2024-06-27,31.600000381469727,31.75,31.299999237060547,31.600000381469727,351571
2024-06-28,31.600000381469727,32.099998474121094,31.5,31.700000762939453,516145
2024-07-01,31.600000381469727,32.04999923706055,31.600000381469727,31.89999961853028,338209
2024-07-02,31.89999961853028,31.89999961853028,31.600000381469727,31.75,309376
2024-07-03,31.700000762939453,32.400001525878906,31.700000762939453,32.400001525878906,561531
2024-07-04,32.54999923706055,33.29999923706055,32.45000076293945,33.0,1108311
2024-07-05,33.0,33.04999923706055,32.70000076293945,32.849998474121094,411677
2024-07-08,32.79999923706055,33.45000076293945,32.70000076293945,33.04999923706055,953636
2024-07-09,33.04999923706055,33.20000076293945,32.79999923706055,32.900001525878906,775267
2024-07-10,32.900001525878906,33.29999923706055,32.599998474121094,33.0,1127791
2024-07-11,33.29999923706055,33.29999923706055,32.95000076293945,33.20000076293945,832019
2024-07-12,33.20000076293945,33.400001525878906,33.04999923706055,33.150001525878906,627700
2024-07-15,33.400001525878906,33.400001525878906,32.849998474121094,32.900001525878906,387640
2024-07-16,33.150001525878906,33.349998474121094,32.70000076293945,33.25,943366
2024-07-17,33.54999923706055,33.70000076293945,33.0,33.04999923706055,801701
2024-07-18,33.20000076293945,33.29999923706055,32.70000076293945,33.29999923706055,700513
2024-07-19,32.95000076293945,33.04999923706055,32.20000076293945,32.5,683327
2024-07-22,32.25,32.349998474121094,31.89999961853028,32.20000076293945,562220
2024-07-23,32.099998474121094,32.79999923706055,32.099998474121094,32.5,226340
2024-07-26,32.099998474121094,32.54999923706055,32.099998474121094,32.20000076293945,324843
2024-07-29,32.70000076293945,33.20000076293945,32.45000076293945,33.0,655290
2024-07-30,33.20000076293945,33.20000076293945,32.54999923706055,33.20000076293945,426965
2024-07-31,33.45000076293945,35.0,33.45000076293945,34.25,2242418
2024-08-01,34.20000076293945,37.650001525878906,34.150001525878906,35.79999923706055,4196322
2024-08-02,35.29999923706055,35.29999923706055,34.5,34.5,1585430
2024-08-05,33.5,33.5,31.600000381469727,31.799999237060547,2031268
2024-08-06,32.29999923706055,33.0,30.89999961853028,32.20000076293945,1434360
2024-08-07,31.950000762939453,32.900001525878906,31.950000762939453,32.79999923706055,556093
2024-08-08,32.099998474121094,32.75,32.0,32.29999923706055,438482
2024-08-09,32.29999923706055,33.20000076293945,32.29999923706055,32.70000076293945,595777
2024-08-12,32.70000076293945,33.349998474121094,32.70000076293945,32.900001525878906,379000
2024-08-13,32.75,33.04999923706055,32.54999923706055,32.900001525878906,412000
2024-08-14,33.5,33.599998474121094,33.04999923706055,33.54999923706055,767649
2024-08-15,33.849998474121094,34.5,33.599998474121094,33.599998474121094,638115
2024-08-16,33.849998474121094,34.45000076293945,33.599998474121094,34.20000076293945,641156
2024-08-19,34.25,34.25,33.70000076293945,33.849998474121094,313664
2024-08-20,33.849998474121094,33.849998474121094,32.599998474121094,32.849998474121094,1369222
2024-08-21,32.650001525878906,33.79999923706055,32.650001525878906,33.45000076293945,804321
2024-08-22,33.5,33.5,33.04999923706055,33.29999923706055,356051
2024-08-23,33.04999923706055,33.150001525878906,32.650001525878906,32.70000076293945,690440
2024-08-26,32.599998474121094,33.150001525878906,32.599998474121094,32.849998474121094,357312
2024-08-27,32.75,32.849998474121094,32.5,32.79999923706055,344493
2024-08-28,32.79999923706055,32.900001525878906,32.599998474121094,32.75,147250
2024-08-29,32.75,32.75,32.29999923706055,32.70000076293945,373134
2024-08-30,32.70000076293945,32.95000076293945,32.599998474121094,32.95000076293945,367293
2024-09-02,32.599998474121094,32.75,32.20000076293945,32.20000076293945,778167
2024-09-03,32.20000076293945,32.29999923706055,31.64999961853028,31.75,772288
2024-09-04,31.0,31.14999961853028,30.5,30.549999237060547,1232772
2024-09-05,30.600000381469727,31.0,30.549999237060547,30.89999961853028,618000
2024-09-06,30.799999237060547,31.049999237060547,30.299999237060547,31.049999237060547,468020
2024-09-09,30.299999237060547,31.0,30.299999237060547,30.89999961853028,468526
2024-09-10,30.850000381469727,31.049999237060547,30.600000381469727,30.799999237060547,292070
2024-09-11,30.39999961853028,30.64999961853028,30.350000381469727,30.5,349001
2024-09-12,30.600000381469727,30.799999237060547,30.39999961853028,30.549999237060547,314558
2024-09-13,30.5,30.950000762939453,30.5,30.850000381469727,346028
2024-09-16,30.799999237060547,30.950000762939453,30.700000762939453,30.89999961853028,298316
2024-09-18,30.75,30.89999961853028,30.600000381469727,30.799999237060547,393434
2024-09-19,30.89999961853028,31.39999961853028,30.799999237060547,31.39999961853028,356841
2024-09-20,30.700000762939453,30.700000762939453,30.14999961853028,30.64999961853028,1073463
2024-09-23,30.299999237060547,30.549999237060547,30.200000762939453,30.350000381469727,637700
2024-09-24,30.350000381469727,30.75,30.350000381469727,30.549999237060547,300467
2024-09-25,30.64999961853028,31.14999961853028,30.64999961853028,30.89999961853028,541068
2024-09-26,31.100000381469727,31.14999961853028,30.799999237060547,30.799999237060547,230591
2024-09-27,31.0,31.100000381469727,30.75,31.0,461703
2024-09-30,30.799999237060547,31.049999237060547,30.549999237060547,30.64999961853028,321676
2024-10-01,30.64999961853028,30.700000762939453,30.200000762939453,30.299999237060547,415250
2024-10-04,30.200000762939453,30.450000762939453,30.14999961853028,30.350000381469727,311495
2024-10-07,30.850000381469727,31.64999961853028,30.799999237060547,31.5,1650397
2024-10-08,30.89999961853028,31.25,30.600000381469727,30.89999961853028,741691
2024-10-09,31.0,31.25,30.700000762939453,30.799999237060547,362122
2024-10-11,30.799999237060547,30.799999237060547,30.39999961853028,30.64999961853028,354080
2024-10-14,30.600000381469727,30.600000381469727,30.39999961853028,30.5,230435
2024-10-15,30.5,30.700000762939453,30.350000381469727,30.5,340416
2024-10-16,30.39999961853028,31.700000762939453,30.25,31.700000762939453,3810520
2024-10-17,31.0,31.100000381469727,30.350000381469727,30.950000762939453,692822
2024-10-18,30.799999237060547,31.200000762939453,30.700000762939453,30.75,501200
2024-10-21,30.850000381469727,31.0,30.39999961853028,30.39999961853028,422749
2024-10-22,30.450000762939453,30.5,30.299999237060547,30.450000762939453,634100
2024-10-23,30.39999961853028,30.549999237060547,30.299999237060547,30.350000381469727,346150
2024-10-24,30.25,30.350000381469727,30.200000762939453,30.350000381469727,179218
2024-10-25,30.350000381469727,30.39999961853028,30.200000762939453,30.25,357849
2024-10-28,30.5,30.5,30.299999237060547,30.350000381469727,148464
2024-10-29,30.39999961853028,30.5,30.200000762939453,30.350000381469727,328500
2024-10-30,30.39999961853028,30.450000762939453,30.100000381469727,30.14999961853028,365930
2024-11-01,30.100000381469727,30.75,30.049999237060547,30.75,382720
2024-11-04,30.75,30.75,30.200000762939453,30.299999237060547,230000
2024-11-05,30.299999237060547,30.350000381469727,30.14999961853028,30.200000762939453,205484
2024-11-06,30.049999237060547,30.200000762939453,29.950000762939453,29.950000762939453,532244
2024-11-07,29.799999237060547,30.049999237060547,29.799999237060547,29.89999961853028,303306
2024-11-08,29.950000762939453,30.049999237060547,29.700000762939453,29.75,494100
2024-11-11,29.75,29.950000762939453,29.39999961853028,29.850000381469727,346267
2024-11-12,29.5,29.799999237060547,29.350000381469727,29.450000762939453,558377
2024-11-13,29.200000762939453,29.299999237060547,29.049999237060547,29.100000381469727,412042
2024-11-14,29.0,29.14999961853028,28.850000381469727,28.850000381469727,440775
2024-11-15,28.950000762939453,29.100000381469727,28.799999237060547,28.950000762939453,369429
2024-11-18,29.049999237060547,29.200000762939453,28.850000381469727,29.0,166000
2024-11-19,29.200000762939453,29.39999961853028,29.0,29.299999237060547,195610
2024-11-20,29.299999237060547,29.299999237060547,29.299999237060547,29.299999237060547,168240
2024-11-21,29.100000381469727,29.350000381469727,29.0,29.100000381469727,210351
2024-11-22,29.14999961853028,29.600000381469727,29.14999961853028,29.549999237060547,292446
2024-11-25,29.799999237060547,29.950000762939453,29.600000381469727,29.950000762939453,296369
2024-11-26,29.950000762939453,29.950000762939453,29.700000762939453,29.950000762939453,147061
2024-11-27,29.89999961853028,29.89999961853028,29.5,29.700000762939453,154233
2024-11-28,29.64999961853028,29.64999961853028,29.25,29.5,132661
2024-11-29,29.25,29.350000381469727,29.0,29.299999237060547,192736
2024-12-02,29.299999237060547,29.450000762939453,29.25,29.299999237060547,67200
2024-12-03,29.39999961853028,29.700000762939453,29.350000381469727,29.5,190000
2024-12-04,29.39999961853028,29.75,29.39999961853028,29.549999237060547,177040
2024-12-05,29.350000381469727,29.64999961853028,29.350000381469727,29.600000381469727,102065
2024-12-06,29.600000381469727,29.75,29.450000762939453,29.5,254442
2024-12-09,29.5,29.700000762939453,29.5,29.600000381469727,109821
2024-12-10,29.600000381469727,29.75,29.5,29.549999237060547,137201
2024-12-11,29.5,29.64999961853028,29.350000381469727,29.5,163000
2024-12-12,29.299999237060547,29.549999237060547,29.299999237060547,29.299999237060547,156173
2024-12-13,29.299999237060547,29.299999237060547,29.100000381469727,29.200000762939453,179020
2024-12-16,29.200000762939453,29.299999237060547,28.89999961853028,28.89999961853028,232217
2024-12-17,29.100000381469727,29.14999961853028,28.799999237060547,28.950000762939453,179050
2024-12-18,28.799999237060547,29.049999237060547,28.799999237060547,29.049999237060547,183000
2024-12-19,29.0,29.0,28.350000381469727,28.450000762939453,715976
2024-12-20,28.450000762939453,28.850000381469727,28.350000381469727,28.5,383065
2024-12-23,28.600000381469727,28.700000762939453,28.450000762939453,28.64999961853028,214209
2024-12-24,28.75,28.799999237060547,28.549999237060547,28.700000762939453,164384
2024-12-25,28.600000381469727,28.799999237060547,28.5,28.799999237060547,116052
2024-12-26,28.700000762939453,28.700000762939453,28.549999237060547,28.549999237060547,77150
2024-12-27,28.549999237060547,28.700000762939453,28.450000762939453,28.600000381469727,166973
2024-12-30,28.600000381469727,28.799999237060547,28.5,28.5,96095
2024-12-31,28.39999961853028,28.799999237060547,28.350000381469727,28.700000762939453,223000
2025-01-02,28.5,28.600000381469727,28.350000381469727,28.5,273068
2025-01-03,28.5,28.64999961853028,28.350000381469727,28.39999961853028,120030
2025-01-06,28.39999961853028,28.799999237060547,28.39999961853028,28.549999237060547,229925
2025-01-07,28.549999237060547,28.799999237060547,28.5,28.600000381469727,142109
2025-01-08,28.600000381469727,28.89999961853028,28.5,28.850000381469727,325241
2025-01-09,28.89999961853028,28.950000762939453,28.39999961853028,28.450000762939453,315623
2025-01-10,28.25,28.700000762939453,28.25,28.350000381469727,271013
2025-01-13,28.14999961853028,28.200000762939453,27.799999237060547,27.799999237060547,664299
2025-01-14,27.850000381469727,28.0,27.64999961853028,27.75,289943
2025-01-15,27.700000762939453,27.89999961853028,27.700000762939453,27.700000762939453,194318
2025-01-16,27.850000381469727,28.100000381469727,27.799999237060547,27.799999237060547,186505
2025-01-17,28.0,28.0,27.89999961853028,27.89999961853028,72107
2025-01-20,27.799999237060547,28.14999961853028,27.799999237060547,28.14999961853028,121779
2025-01-21,27.89999961853028,28.14999961853028,27.89999961853028,28.100000381469727,128103
2025-01-22,28.299999237060547,28.299999237060547,28.100000381469727,28.100000381469727,140107
2025-02-03,28.100000381469727,28.299999237060547,27.89999961853028,28.100000381469727,343284
2025-02-04,28.350000381469727,28.350000381469727,28.0,28.0,192000
2025-02-05,28.049999237060547,28.200000762939453,27.950000762939453,28.0,236289
2025-02-06,28.049999237060547,28.39999961853028,28.0,28.299999237060547,164489
2025-02-07,28.299999237060547,28.350000381469727,28.200000762939453,28.25,127566
2025-02-10,28.200000762939453,28.5,28.200000762939453,28.200000762939453,224003
2025-02-11,28.14999961853028,28.350000381469727,28.0,28.0,391201
2025-02-12,28.0,28.450000762939453,28.0,28.299999237060547,250000
2025-02-13,28.299999237060547,28.5,28.299999237060547,28.450000762939453,79661
2025-02-14,28.450000762939453,28.450000762939453,28.200000762939453,28.39999961853028,127327
2025-02-17,28.600000381469727,28.600000381469727,28.39999961853028,28.549999237060547,125654
2025-02-18,28.799999237060547,28.799999237060547,28.549999237060547,28.700000762939453,125187
2025-02-19,28.75,28.799999237060547,28.600000381469727,28.64999961853028,166765
2025-02-20,28.64999961853028,28.89999961853028,28.64999961853028,28.799999237060547,72116
2025-02-21,28.64999961853028,28.950000762939453,28.64999961853028,28.950000762939453,120207
2025-02-24,28.64999961853028,29.100000381469727,28.64999961853028,29.0,134185
2025-02-25,28.64999961853028,28.950000762939453,28.64999961853028,28.89999961853028,160199
2025-02-26,28.799999237060547,29.049999237060547,28.75,29.049999237060547,107233
2025-02-27,29.14999961853028,29.450000762939453,29.14999961853028,29.450000762939453,420546
2025-03-03,29.549999237060547,30.39999961853028,29.549999237060547,30.39999961853028,880887
2025-03-04,30.299999237060547,30.299999237060547,29.850000381469727,30.100000381469727,362352
2025-03-05,29.89999961853028,30.299999237060547,29.799999237060547,29.950000762939453,214401
2025-03-06,30.049999237060547,30.100000381469727,29.850000381469727,30.0,202101
2025-03-07,29.950000762939453,30.0,29.700000762939453,29.75,229121
2025-03-10,29.799999237060547,30.0,29.600000381469727,29.700000762939453,287515
2025-03-11,29.100000381469727,30.049999237060547,29.100000381469727,30.049999237060547,498217
2025-03-12,30.049999237060547,30.14999961853028,29.75,30.049999237060547,315161
2025-03-13,29.950000762939453,30.14999961853028,29.600000381469727,29.64999961853028,182778
2025-03-14,29.5,29.950000762939453,29.5,29.799999237060547,212103
2025-03-17,29.950000762939453,30.049999237060547,29.700000762939453,29.89999961853028,160590
2025-03-18,30.049999237060547,30.200000762939453,29.799999237060547,29.89999961853028,154204
2025-03-19,29.850000381469727,30.0,29.600000381469727,29.89999961853028,211102
2025-03-20,29.89999961853028,29.89999961853028,29.799999237060547,29.850000381469727,91000
2025-03-21,29.600000381469727,29.700000762939453,29.549999237060547,29.549999237060547,157677
2025-03-24,29.549999237060547,29.700000762939453,29.39999961853028,29.450000762939453,111100
2025-03-25,29.600000381469727,29.600000381469727,29.350000381469727,29.450000762939453,79037
2025-03-26,29.450000762939453,29.799999237060547,29.39999961853028,29.799999237060547,64000
2025-03-27,29.75,29.75,29.39999961853028,29.450000762939453,72103
2025-03-28,29.299999237060547,29.350000381469727,29.100000381469727,29.200000762939453,182000
2025-03-31,28.799999237060547,28.89999961853028,28.600000381469727,28.850000381469727,301367
2025-04-01,28.850000381469727,29.200000762939453,28.75,28.89999961853028,158545
2025-04-02,28.799999237060547,29.850000381469727,28.600000381469727,29.25,314104
2025-04-07,26.600000381469727,28.25,26.600000381469727,27.25,1116002
2025-04-08,27.39999961853028,28.049999237060547,27.39999961853028,27.700000762939453,722037
2025-04-09,27.600000381469727,27.89999961853028,26.5,26.700000762939453,990952
2025-04-10,28.299999237060547,28.89999961853028,28.299999237060547,28.600000381469727,402570
2025-04-11,28.549999237060547,28.549999237060547,27.549999237060547,28.299999237060547,421626
2025-04-14,28.049999237060547,28.450000762939453,27.799999237060547,27.89999961853028,354407
2025-04-15,27.799999237060547,28.25,27.799999237060547,28.25,147200
2025-04-16,27.950000762939453,28.049999237060547,27.89999961853028,27.950000762939453,170637
2025-04-17,27.89999961853028,28.100000381469727,27.850000381469727,28.0,26109
2025-04-18,28.25,28.25,27.799999237060547,28.100000381469727,89108
2025-04-21,28.0,28.0,27.75,27.75,98100
2025-04-22,27.950000762939453,28.0,27.799999237060547,27.89999961853028,87655
2025-04-23,27.89999961853028,28.200000762939453,27.850000381469727,28.100000381469727,121000
2025-04-24,28.0,28.100000381469727,27.950000762939453,28.049999237060547,97522
2025-04-25,28.200000762939453,28.25,28.0,28.0,71206
2025-04-28,28.0,28.200000762939453,28.0,28.0,110533
2025-04-29,28.0,28.299999237060547,28.0,28.100000381469727,138176
2025-04-30,28.0,28.049999237060547,27.850000381469727,27.89999961853028,240424
2025-05-02,27.950000762939453,28.200000762939453,27.950000762939453,28.049999237060547,155118
2025-05-05,28.25,28.600000381469727,28.049999237060547,28.450000762939453,414010
2025-05-06,28.5,28.700000762939453,28.299999237060547,28.350000381469727,217107
2025-05-07,28.14999961853028,28.64999961853028,28.14999961853028,28.14999961853028,118108
2025-05-08,28.450000762939453,28.549999237060547,28.200000762939453,28.39999961853028,179035
2025-05-09,28.350000381469727,28.75,28.350000381469727,28.549999237060547,255107
2025-05-12,28.64999961853028,28.89999961853028,28.5,28.600000381469727,153106
2025-05-13,28.600000381469727,28.64999961853028,28.549999237060547,28.549999237060547,122380
2025-05-14,28.600000381469727,28.799999237060547,28.25,28.450000762939453,258000
2025-05-15,28.450000762939453,28.600000381469727,28.0,28.0,200500
2025-05-16,28.049999237060547,28.299999237060547,28.049999237060547,28.299999237060547,180811
2025-05-19,28.39999961853028,28.450000762939453,27.950000762939453,28.100000381469727,211107
2025-05-20,28.200000762939453,28.200000762939453,28.0,28.0,151272
2025-05-21,28.0,28.299999237060547,28.0,28.049999237060547,198040
2025-05-22,28.049999237060547,28.14999961853028,27.89999961853028,27.950000762939453,245208
2025-05-23,27.89999961853028,28.14999961853028,27.89999961853028,28.049999237060547,169000
2025-05-26,28.049999237060547,28.25,28.049999237060547,28.200000762939453,264112
2025-05-27,28.25,28.39999961853028,27.950000762939453,28.0,397134
2025-05-28,28.39999961853028,28.39999961853028,27.89999961853028,27.89999961853028,329974
2025-05-29,28.14999961853028,28.14999961853028,27.700000762939453,27.700000762939453,647050
2025-06-02,27.64999961853028,27.799999237060547,27.549999237060547,27.600000381469727,452110
2025-06-03,27.75,27.799999237060547,27.549999237060547,27.549999237060547,358116
2025-06-04,27.549999237060547,27.850000381469727,27.549999237060547,27.75,222955
2025-06-05,27.75,28.0,27.75,27.850000381469727,328708
2025-06-06,27.850000381469727,28.200000762939453,27.850000381469727,27.89999961853028,281394
2025-06-09,28.100000381469727,28.14999961853028,27.89999961853028,28.0,678993
2025-06-10,26.39999961853028,27.0,26.100000381469727,26.75,1336482
2025-06-11,26.89999961853028,26.89999961853028,26.25,26.600000381469727,517286
2025-06-12,26.600000381469727,26.600000381469727,26.299999237060547,26.350000381469727,257114
2025-06-13,26.25,26.600000381469727,26.049999237060547,26.39999961853028,403661
2025-06-16,26.39999961853028,26.450000762939453,26.200000762939453,26.200000762939453,314070
2025-06-17,26.200000762939453,26.299999237060547,26.0,26.299999237060547,291077
2025-06-18,26.14999961853028,26.350000381469727,26.100000381469727,26.350000381469727,268330
2025-06-19,26.14999961853028,26.14999961853028,25.799999237060547,25.850000381469727,645023
2025-06-20,25.850000381469727,26.0,25.64999961853028,25.64999961853028,3089000
2025-06-23,25.5,25.5,24.89999961853028,25.25,544439
2025-06-24,25.14999961853028,25.64999961853028,25.14999961853028,25.299999237060547,351470
2025-06-25,25.200000762939453,25.299999237060547,25.14999961853028,25.14999961853028,227030
2025-06-26,25.14999961853028,25.700000762939453,25.14999961853028,25.450000762939453,385200
2025-06-27,25.299999237060547,25.450000762939453,25.14999961853028,25.200000762939453,396000
2025-06-30,25.200000762939453,25.25,25.049999237060547,25.100000381469727,230791
2025-07-01,25.100000381469727,25.75,24.799999237060547,25.25,1065280
2025-07-02,25.200000762939453,25.450000762939453,25.100000381469727,25.25,140120
2025-07-03,25.25,25.64999961853028,25.25,25.600000381469727,276198
2025-07-04,25.600000381469727,25.600000381469727,25.25,25.450000762939453,126100
2025-07-07,25.450000762939453,25.549999237060547,25.299999237060547,25.549999237060547,149110
2025-07-08,25.600000381469727,25.600000381469727,25.200000762939453,25.200000762939453,178041
2025-07-09,25.25,25.450000762939453,25.25,25.299999237060547,135000
2025-07-10,25.200000762939453,26.200000762939453,25.200000762939453,25.600000381469727,874227
2025-07-11,25.89999961853028,26.350000381469727,25.850000381469727,25.89999961853028,908118
2025-07-14,25.89999961853028,26.549999237060547,25.89999961853028,26.350000381469727,839255
2025-07-15,26.049999237060547,26.700000762939453,26.049999237060547,26.700000762939453,763575
2025-07-16,26.450000762939453,27.100000381469727,25.89999961853028,26.299999237060547,1405625
2025-07-17,26.299999237060547,26.299999237060547,25.89999961853028,25.89999961853028,207665
2025-07-18,26.14999961853028,26.200000762939453,25.850000381469727,25.950000762939453,152402
2025-07-21,25.950000762939453,26.0,25.799999237060547,25.799999237060547,131435
2025-07-22,25.799999237060547,25.850000381469727,25.5,25.549999237060547,223000
2025-07-23,25.700000762939453,26.100000381469727,25.700000762939453,26.0,297410
2025-07-24,25.850000381469727,26.0,25.75,25.799999237060547,122100
2025-07-25,25.799999237060547,25.89999961853028,25.700000762939453,25.700000762939453,102596
2025-07-28,25.799999237060547,25.850000381469727,25.600000381469727,25.64999961853028,124714
2025-07-29,25.799999237060547,25.799999237060547,25.600000381469727,25.799999237060547,132140
2025-07-30,25.64999961853028,25.799999237060547,25.600000381469727,25.799999237060547,164331
2025-07-31,25.64999961853028,25.799999237060547,25.39999961853028,25.39999961853028,408662
2025-08-04,25.14999961853028,25.350000381469727,25.0,25.299999237060547,264660
2025-08-05,25.299999237060547,25.39999961853028,25.200000762939453,25.200000762939453,159364
2025-08-06,25.200000762939453,25.25,25.100000381469727,25.100000381469727,258400
2025-08-07,25.049999237060547,25.14999961853028,25.0,25.0,218000
2025-08-08,25.0,25.39999961853028,25.0,25.299999237060547,247551
2025-08-11,25.14999961853028,25.600000381469727,25.0,25.600000381469727,308000
2025-08-12,25.600000381469727,25.700000762939453,25.14999961853028,25.14999961853028,249408
2025-08-13,25.25,25.25,25.0,25.049999237060547,227994
2025-08-14,25.14999961853028,25.14999961853028,25.049999237060547,25.14999961853028,129273
2025-08-15,25.100000381469727,25.100000381469727,24.799999237060547,24.950000762939453,464510
2025-08-18,24.799999237060547,24.950000762939453,24.799999237060547,24.799999237060547,198807
2025-08-19,24.799999237060547,24.799999237060547,24.549999237060547,24.64999961853028,324146
2025-08-20,24.700000762939453,24.700000762939453,24.350000381469727,24.600000381469727,320276
2025-08-21,24.64999961853028,24.700000762939453,24.25,24.350000381469727,347352
2025-08-22,24.299999237060547,24.299999237060547,24.100000381469727,24.200000762939453,342666
2025-08-25,24.200000762939453,24.299999237060547,24.100000381469727,24.100000381469727,255680
2025-08-26,24.049999237060547,24.14999961853028,23.950000762939453,24.0,503000
2025-08-27,24.0,24.100000381469727,23.89999961853028,24.0,282166
2025-08-28,24.0,24.049999237060547,23.89999961853028,23.89999961853028,188825
2025-08-29,23.950000762939453,24.200000762939453,23.89999961853028,24.100000381469727,192013
2025-09-01,24.100000381469727,24.100000381469727,23.89999961853028,23.950000762939453,219054
2025-09-02,23.950000762939453,24.299999237060547,23.950000762939453,24.14999961853028,200007
2025-09-03,24.100000381469727,24.299999237060547,24.100000381469727,24.100000381469727,104088
2025-09-04,24.100000381469727,26.200000762939453,24.100000381469727,26.049999237060547,1726821
2025-09-05,25.75,26.0,25.14999961853028,25.200000762939453,605753
2025-09-08,25.350000381469727,25.350000381469727,24.5,24.700000762939453,488050
2025-09-09,24.799999237060547,25.0,24.64999961853028,25.0,305209
2025-09-10,24.75,24.850000381469727,24.450000762939453,24.600000381469727,333967
2025-09-11,24.5,24.5,24.25,24.299999237060547,287687
2025-09-12,24.299999237060547,24.700000762939453,24.299999237060547,24.5,219413
2025-09-15,24.5,24.799999237060547,24.5,24.549999237060547,190159
2025-09-16,24.549999237060547,24.799999237060547,24.549999237060547,24.700000762939453,213092
2025-09-17,24.600000381469727,24.850000381469727,24.5,24.549999237060547,201279
2025-09-18,24.600000381469727,24.75,24.450000762939453,24.5,164221
2025-09-19,24.5,24.5,24.200000762939453,24.200000762939453,298571
2025-09-22,24.299999237060547,24.450000762939453,24.14999961853028,24.14999961853028,159165
2025-09-23,24.14999961853028,24.200000762939453,24.049999237060547,24.14999961853028,148125
2025-09-24,24.14999961853028,24.25,24.049999237060547,24.100000381469727,167000
2025-09-25,24.25,24.299999237060547,24.0,24.200000762939453,150004
2025-09-26,24.14999961853028,24.14999961853028,24.0,24.0,200489
2025-09-30,24.200000762939453,24.200000762939453,24.0,24.049999237060547,202150
2025-10-01,24.049999237060547,24.100000381469727,23.950000762939453,24.100000381469727,186185
2025-10-02,24.14999961853028,24.14999961853028,24.0,24.0,171360
2025-10-03,24.14999961853028,24.14999961853028,23.89999961853028,24.049999237060547,239000
2025-10-07,24.100000381469727,24.100000381469727,23.89999961853028,24.049999237060547,242888
2025-10-08,23.950000762939453,24.0,23.89999961853028,23.950000762939453,422402
2025-10-09,23.89999961853028,23.89999961853028,23.700000762939453,23.799999237060547,603178
2025-10-13,23.600000381469727,23.75,23.5,23.549999237060547,436990
2025-10-14,23.549999237060547,23.75,23.5,23.75,325804
2025-10-15,23.549999237060547,23.850000381469727,23.100000381469727,23.100000381469727,3736114
2025-10-16,23.299999237060547,23.549999237060547,23.100000381469727,23.39999961853028,687092
2025-10-17,23.39999961853028,23.39999961853028,23.100000381469727,23.14999961853028,440293
2025-10-20,23.14999961853028,23.25,22.799999237060547,22.799999237060547,675753
2025-10-21,22.950000762939453,22.950000762939453,22.5,22.700000762939453,1121336
2025-10-22,22.799999237060547,22.799999237060547,22.549999237060547,22.75,365440
2025-10-23,22.75,22.799999237060547,22.600000381469727,22.700000762939453,288100
2025-10-27,22.75,22.799999237060547,22.5,22.549999237060547,414322
2025-10-28,22.700000762939453,22.75,22.5,22.600000381469727,351162
2025-10-29,22.64999961853028,22.700000762939453,22.39999961853028,22.600000381469727,448586
2025-10-30,22.64999961853028,22.75,22.5,22.5,311182
2025-10-31,22.700000762939453,22.700000762939453,22.39999961853028,22.64999961853028,348250
2025-11-03,22.64999961853028,22.850000381469727,22.549999237060547,22.850000381469727,232000
2025-11-04,22.799999237060547,23.0,22.799999237060547,23.0,314074
2025-11-05,23.100000381469727,23.799999237060547,23.049999237060547,23.39999961853028,745176
2025-11-06,23.5,23.5,22.89999961853028,23.049999237060547,369132
2025-11-07,23.100000381469727,23.14999961853028,22.89999961853028,22.950000762939453,380133
2025-11-10,23.0,23.14999961853028,22.799999237060547,23.14999961853028,333232
2025-11-11,23.14999961853028,23.25,22.89999961853028,23.0,313132
2025-11-12,23.0,23.049999237060547,22.799999237060547,22.850000381469727,367464
2025-11-13,22.850000381469727,22.850000381469727,22.549999237060547,22.600000381469727,654119
2025-11-14,22.600000381469727,22.850000381469727,22.39999961853028,22.39999961853028,708110
2025-11-17,22.350000381469727,22.39999961853028,22.049999237060547,22.299999237060547,985000
2025-11-18,22.14999961853028,22.200000762939453,21.950000762939453,22.200000762939453,738706
2025-11-19,22.200000762939453,22.350000381469727,21.799999237060547,22.0,834137
2025-11-20,22.0,22.049999237060547,21.700000762939453,21.850000381469727,1289813
2025-11-21,22.0,22.0,21.5,21.5,1420060
2025-11-24,21.600000381469727,22.549999237060547,21.39999961853028,21.39999961853028,9787303
2025-11-25,21.64999961853028,23.0,21.64999961853028,22.100000381469727,1513500
2025-11-26,22.299999237060547,22.89999961853028,22.0,22.89999961853028,521705
2025-11-27,22.450000762939453,23.0,22.450000762939453,22.850000381469727,423000
2025-11-28,22.850000381469727,22.850000381469727,22.600000381469727,22.700000762939453,334304
2025-12-01,22.450000762939453,22.700000762939453,22.200000762939453,22.39999961853028,317056
2025-12-02,22.39999961853028,22.700000762939453,22.350000381469727,22.600000381469727,438137
2025-12-03,22.700000762939453,22.850000381469727,22.549999237060547,22.75,291222
2025-12-04,22.75,23.0,22.75,22.89999961853028,219344
2025-12-05,22.89999961853028,23.25,22.850000381469727,23.0,525530
2025-12-08,23.200000762939453,23.200000762939453,22.700000762939453,22.700000762939453,311382
2025-12-09,22.64999961853028,22.89999961853028,22.600000381469727,22.700000762939453,136092
2025-12-10,22.64999961853028,22.950000762939453,22.64999961853028,22.850000381469727,308697
2025-12-11,22.850000381469727,23.299999237060547,22.850000381469727,23.200000762939453,492245
2025-12-12,23.200000762939453,23.39999961853028,23.049999237060547,23.049999237060547,307138
2025-12-15,23.0,23.049999237060547,22.850000381469727,22.950000762939453,194951
2025-12-16,22.64999961853028,22.950000762939453,22.64999961853028,22.950000762939453,266000
2025-12-17,23.0,23.14999961853028,22.799999237060547,22.850000381469727,249464
2025-12-18,22.850000381469727,23.100000381469727,22.799999237060547,22.950000762939453,302098
2025-12-19,22.75,23.049999237060547,22.75,23.0,243142
2025-12-22,23.0,23.0,22.89999961853028,22.89999961853028,118055
2025-12-23,22.799999237060547,22.950000762939453,22.700000762939453,22.75,212307
2025-12-24,22.75,22.950000762939453,22.700000762939453,22.700000762939453,253569
2025-12-26,22.700000762939453,22.850000381469727,22.64999961853028,22.850000381469727,365044
2025-12-29,22.850000381469727,22.850000381469727,22.64999961853028,22.75,137706
2025-12-30,22.75,22.75,22.5,22.600000381469727,301000
2025-12-31,22.600000381469727,22.700000762939453,22.5,22.700000762939453,209627
2026-01-02,22.75,22.799999237060547,22.549999237060547,22.700000762939453,158250
2026-01-05,22.600000381469727,22.600000381469727,22.200000762939453,22.25,586004
2026-01-06,22.200000762939453,22.350000381469727,22.200000762939453,22.299999237060547,207872
2026-01-07,22.39999961853028,22.549999237060547,22.299999237060547,22.350000381469727,275534
2026-01-08,22.39999961853028,22.75,22.39999961853028,22.549999237060547,364044
2026-01-09,22.64999961853028,22.75,22.5,22.700000762939453,368244
2026-01-12,22.89999961853028,23.25,22.75,22.850000381469727,649521
2026-01-13,22.850000381469727,22.89999961853028,22.549999237060547,22.89999961853028,377638
2026-01-14,22.89999961853028,22.950000762939453,22.799999237060547,22.950000762939453,428391
2026-01-15,22.89999961853028,23.0,22.75,22.799999237060547,237046
2026-01-16,22.700000762939453,22.75,22.600000381469727,22.64999961853028,444992
2026-01-19,22.5,22.75,22.299999237060547,22.5,388145
2026-01-20,22.450000762939453,22.5,22.14999961853028,22.39999961853028,613288
2026-01-21,22.350000381469727,22.350000381469727,22.0,22.100000381469727,480058
2026-01-22,22.100000381469727,22.200000762939453,22.0,22.14999961853028,314201
2026-01-23,22.200000762939453,22.39999961853028,22.200000762939453,22.200000762939453,158135
2026-01-26,22.299999237060547,22.299999237060547,22.14999961853028,22.200000762939453,266409
2026-01-27,22.200000762939453,22.350000381469727,22.0,22.049999237060547,383137
2026-01-28,22.049999237060547,22.049999237060547,21.799999237060547,21.89999961853028,579050
2026-01-29,21.89999961853028,22.14999961853028,21.850000381469727,22.0,339060
2026-01-30,22.0,22.0,21.799999237060547,21.950000762939453,384050
2026-02-02,22.0,22.0,21.64999961853028,21.75,404500
2026-02-03,21.700000762939453,21.850000381469727,21.549999237060547,21.600000381469727,476139
2026-02-04,21.600000381469727,21.799999237060547,21.549999237060547,21.700000762939453,300410
2026-02-05,21.700000762939453,22.0,21.700000762939453,21.850000381469727,252922
2026-02-06,21.850000381469727,21.850000381469727,21.549999237060547,21.549999237060547,309154
2026-02-09,21.600000381469727,21.799999237060547,21.600000381469727,21.700000762939453,399999
2026-02-10,21.700000762939453,21.850000381469727,21.64999961853028,21.799999237060547,260885
2026-02-11,22.0,22.200000762939453,21.799999237060547,22.100000381469727,399001
2026-02-23,22.39999961853028,22.39999961853028,22.0,22.299999237060547,480000
2026-02-24,22.299999237060547,22.350000381469727,22.0,22.049999237060547,430500
2026-02-25,22.100000381469727,22.100000381469727,21.850000381469727,22.0,383192
2026-02-26,22.049999237060547,22.299999237060547,21.950000762939453,22.049999237060547,511320
2026-03-02,21.950000762939453,21.950000762939453,21.350000381469727,21.39999961853028,1088364
2026-03-03,21.350000381469727,21.350000381469727,21.0,21.100000381469727,1091021
2026-03-04,21.0,21.0,20.39999961853028,20.39999961853028,1050400
2026-03-05,20.64999961853028,20.700000762939453,20.450000762939453,20.5,424347
2026-03-06,20.5,20.549999237060547,20.299999237060547,20.450000762939453,513548
2026-03-09,20.0,20.14999961853028,19.700000762939453,20.14999961853028,1173250
2026-03-10,20.25,20.39999961853028,20.100000381469727,20.200000762939453,319170
2026-03-11,20.200000762939453,20.5,20.200000762939453,20.39999961853028,240776
2026-03-12,20.39999961853028,20.39999961853028,20.0,20.100000381469727,667099
2026-03-13,19.89999961853028,20.25,19.700000762939453,20.14999961853028,511165
2026-03-16,20.14999961853028,20.25,20.0,20.200000762939453,340170
2026-03-17,20.100000381469727,20.39999961853028,20.049999237060547,20.39999961853028,347197
2026-03-18,20.600000381469727,20.600000381469727,20.100000381469727,20.350000381469727,549325
2026-03-19,20.14999961853028,20.200000762939453,19.850000381469727,20.049999237060547,467310
2026-03-20,20.850000381469727,21.0,20.200000762939453,20.200000762939453,532056
2026-03-23,19.799999237060547,20.049999237060547,19.600000381469727,20.0,499015
2026-03-24,20.049999237060547,20.100000381469727,19.89999961853028,20.049999237060547,154000
2026-03-25,20.39999961853028,20.39999961853028,19.950000762939453,20.14999961853028,501613
2026-03-26,20.450000762939453,20.450000762939453,20.0,20.049999237060547,242329
2026-03-27,20.0,20.100000381469727,19.950000762939453,20.100000381469727,237370
2026-03-30,19.64999961853028,20.049999237060547,19.64999961853028,19.850000381469727,616151
2026-03-31,19.75,20.049999237060547,19.700000762939453,19.89999961853028,617205
2026-04-01,20.0,20.049999237060547,19.89999961853028,20.049999237060547,262321
2026-04-02,20.049999237060547,20.100000381469727,19.850000381469727,20.0,180152
2026-04-07,20.0,20.200000762939453,20.0,20.0,205000
2026-04-08,20.200000762939453,20.200000762939453,19.850000381469727,20.0,528201
2026-04-09,20.100000381469727,20.100000381469727,19.850000381469727,20.0,379991
2026-04-10,20.049999237060547,20.049999237060547,19.850000381469727,19.89999961853028,384524
2026-04-13,20.0,20.200000762939453,19.950000762939453,20.0,663752
2026-04-14,20.14999961853028,20.14999961853028,20.0,20.100000381469727,438236
2026-04-15,20.100000381469727,20.14999961853028,20.0,20.100000381469727,343634
2026-04-16,20.14999961853028,20.25,20.100000381469727,20.200000762939453,505199
2026-04-17,20.25,20.25,20.049999237060547,20.100000381469727,288745
2026-04-20,20.14999961853028,20.14999961853028,19.89999961853028,20.0,561120
2026-04-21,20.049999237060547,20.100000381469727,19.89999961853028,19.950000762939453,402010
2026-04-22,19.950000762939453,20.0,19.850000381469727,20.0,512362
2026-04-23,19.89999961853028,19.950000762939453,19.700000762939453,19.850000381469727,684628
2026-04-24,19.850000381469727,20.0,19.75,19.950000762939453,517210
2026-04-27,19.799999237060547,19.850000381469727,19.549999237060547,19.75,658152
2026-04-28,19.850000381469727,19.950000762939453,19.75,19.950000762939453,205152
2026-04-29,20.100000381469727,20.100000381469727,19.850000381469727,19.89999961853028,199468
2026-04-30,19.89999961853028,20.14999961853028,19.850000381469727,20.0,537090
2026-05-04,20.0,20.0,19.700000762939453,19.700000762939453,307528
2026-05-05,19.700000762939453,19.75,19.64999961853028,19.75,292744
2026-05-06,19.75,19.799999237060547,19.600000381469727,19.75,561300
2026-05-07,19.700000762939453,19.75,19.600000381469727,19.75,488153
2026-05-08,19.600000381469727,19.75,19.549999237060547,19.600000381469727,734402
2026-05-11,19.5,19.5,19.14999961853028,19.200000762939453,1337805
2026-05-12,19.200000762939453,19.200000762939453,18.89999961853028,18.950000762939453,985536
2026-05-13,18.950000762939453,19.0,18.64999961853028,19.0,799381
2026-05-14,18.89999961853028,19.049999237060547,18.600000381469727,18.600000381469727,475991
2026-05-15,18.600000381469727,18.700000762939453,18.200000762939453,18.25,887259
2026-05-18,18.25,18.450000762939453,18.14999961853028,18.299999237060547,419947
2026-05-19,18.350000381469727,18.850000381469727,18.350000381469727,18.799999237060547,552319
2026-05-20,18.850000381469727,18.850000381469727,18.450000762939453,18.799999237060547,350140
2026-05-21,18.89999961853028,19.049999237060547,18.700000762939453,18.799999237060547,319950
2026-05-22,18.799999237060547,18.799999237060547,18.600000381469727,18.75,280409
2026-05-25,18.75,18.950000762939453,18.450000762939453,18.600000381469727,530000
2026-05-26,18.549999237060547,18.75,18.5,18.75,508685
2026-05-27,18.700000762939453,18.700000762939453,18.5,18.600000381469727,481360
2026-05-28,18.600000381469727,18.64999961853028,18.450000762939453,18.549999237060547,494660
2026-05-29,18.5,18.75,18.5,18.64999961853028,513901
2026-06-01,18.64999961853028,19.14999961853028,18.549999237060547,19.100000381469727,940438
2026-06-02,19.049999237060547,19.200000762939453,18.950000762939453,19.100000381469727,613019
2026-06-03,19.25,19.549999237060547,19.14999961853028,19.549999237060547,566654
2026-06-04,19.5,19.549999237060547,19.25,19.5,559905
2026-06-05,19.5,19.600000381469727,19.350000381469727,19.5,475100
2026-06-08,19.350000381469727,19.64999961853028,19.049999237060547,19.299999237060547,859434
2026-06-09,18.799999237060547,19.200000762939453,18.700000762939453,18.850000381469727,907030
2026-06-10,18.799999237060547,19.75,18.75,19.549999237060547,2242304
2026-06-11,19.549999237060547,19.549999237060547,19.100000381469727,19.350000381469727,1025802
2026-06-12,19.350000381469727,19.799999237060547,19.100000381469727,19.75,986017
2026-06-15,19.89999961853028,19.89999961853028,19.450000762939453,19.600000381469727,812297
2026-06-16,19.600000381469727,20.25,19.600000381469727,20.25,967228
2026-06-17,20.100000381469727,20.25,19.89999961853028,20.0,598570
2026-06-18,20.25,21.0,19.799999237060547,19.850000381469727,1505916
2026-06-22,19.89999961853028,19.89999961853028,19.25,19.39999961853028,980231
2026-06-23,19.350000381469727,19.39999961853028,19.100000381469727,19.25,508055
2026-06-24,19.200000762939453,19.299999237060547,19.049999237060547,19.200000762939453,605160
2026-06-25,19.299999237060547,19.5,19.25,19.25,220291
2026-06-26,19.25,19.25,18.950000762939453,18.950000762939453,818446
2026-06-29,19.0,19.25,18.950000762939453,19.14999961853028,258160
2026-06-30,19.14999961853028,19.200000762939453,19.0,19.14999961853028,311571
2026-07-01,19.200000762939453,19.39999961853028,19.049999237060547,19.350000381469727,376661
2026-07-02,19.350000381469727,19.549999237060547,19.200000762939453,19.299999237060547,319358
2026-07-03,19.14999961853028,19.5,19.14999961853028,19.5,464000
2026-07-06,19.5,19.700000762939453,19.5,19.600000381469727,406050
2026-07-07,19.600000381469727,19.64999961853028,19.5,19.64999961853028,360262
2026-07-08,19.75,19.75,19.549999237060547,19.64999961853028,241156
2026-07-09,19.700000762939453,19.799999237060547,19.600000381469727,19.700000762939453,247843
2026-07-10,19.700000762939453,19.700000762939453,19.700000762939453,19.700000762939453,0
2026-07-13,19.700000762939453,19.850000381469727,19.600000381469727,19.75,286050
2026-07-14,19.850000381469727,19.850000381469727,19.39999961853028,19.5,539025
2026-07-15,19.5,19.75,19.5,19.75,421321
2026-07-16,19.850000381469727,20.5,19.600000381469727,20.299999237060547,1004500
2026-07-17,20.299999237060547,20.450000762939453,19.89999961853028,19.950000762939453,800306
2026-07-20,20.350000381469727,20.549999237060547,20.100000381469727,20.5,931931
2026-07-21,20.64999961853028,20.75,20.39999961853028,20.549999237060547,509148
2026-07-22,20.450000762939453,20.5,20.100000381469727,20.14999961853028,395748
2026-07-23,20.200000762939453,20.200000762939453,20.049999237060547,20.100000381469727,200500
2026-07-24,20.100000381469727,20.299999237060547,19.950000762939453,20.25,480530
2026-07-27,20.350000381469727,20.350000381469727,20.14999961853028,20.25,175876
2026-07-28,20.25,20.39999961853028,20.049999237060547,20.39999961853028,462504
2026-07-29,20.39999961853028,20.799999237060547,20.350000381469727,20.799999237060547,1744650
2026-07-30,21.0,21.0,20.549999237060547,20.850000381469727,614531
2026-07-31,20.89999961853028,21.0,20.450000762939453,20.450000762939453,724503
2026-08-03,20.299999237060547,20.75,20.200000762939453,20.64999961853028,574000
2026-08-04,20.450000762939453,20.600000381469727,20.350000381469727,20.39999961853028,502555
2026-08-05,20.64999961853028,20.64999961853028,20.299999237060547,20.39999961853028,351037
2026-08-06,20.299999237060547,20.549999237060547,20.299999237060547,20.350000381469727,347590
2026-08-07,20.5,20.950000762939453,20.450000762939453,20.799999237060547,407277
2026-08-10,21.200000762939453,21.450000762939453,21.200000762939453,21.25,494143
2026-08-11,21.25,21.350000381469727,20.89999961853028,21.049999237060547,415145
2026-08-12,21.14999961853028,21.799999237060547,21.14999961853028,21.700000762939453,747773
2026-08-13,21.799999237060547,21.850000381469727,20.950000762939453,21.14999961853028,879202
2026-08-14,21.14999961853028,21.14999961853028,20.799999237060547,20.850000381469727,364694
2026-08-17,20.700000762939453,21.0,20.700000762939453,20.89999961853028,187657
2026-08-18,20.799999237060547,20.850000381469727,20.64999961853028,20.700000762939453,216147
2026-08-19,20.600000381469727,20.700000762939453,20.5,20.5,265411
2026-08-20,20.600000381469727,20.850000381469727,20.600000381469727,20.799999237060547,119710
2026-08-21,20.799999237060547,21.100000381469727,20.64999961853028,21.049999237060547,432970
2026-08-24,21.0,21.450000762939453,20.700000762939453,20.850000381469727,161146
2026-08-25,20.799999237060547,20.799999237060547,20.5,20.5,345203
2026-08-26,20.5,20.700000762939453,20.450000762939453,20.549999237060547,209880
2026-08-27,20.549999237060547,20.799999237060547,20.549999237060547,20.64999961853028,175005
2026-08-28,20.64999961853028,20.64999961853028,20.25,20.5,405802
2026-08-31,20.5,20.549999237060547,20.100000381469727,20.14999961853028,511440
2026-09-01,20.100000381469727,20.350000381469727,20.100000381469727,20.25,174480
2026-09-02,20.100000381469727,20.25,19.950000762939453,20.25,221791
2026-09-03,20.200000762939453,20.450000762939453,20.14999961853028,20.299999237060547,209975
2026-09-04,20.39999961853028,20.5,20.350000381469727,20.5,252082
2026-09-07,20.64999961853028,20.64999961853028,20.200000762939453,20.39999961853028,228217
2026-09-08,20.39999961853028,20.450000762939453,20.25,20.25,206000
2026-09-09,20.14999961853028,20.350000381469727,20.14999961853028,20.299999237060547,117000
2026-09-10,20.299999237060547,20.299999237060547,20.14999961853028,20.25,137290
2026-09-11,20.25,20.25,20.100000381469727,20.100000381469727,203100
2026-09-14,20.0,20.049999237060547,19.850000381469727,19.850000381469727,473399
2026-09-15,19.850000381469727,19.89999961853028,19.75,19.850000381469727,227010
2026-09-16,19.89999961853028,19.89999961853028,19.799999237060547,19.850000381469727,173041
2026-09-17,19.850000381469727,20.39999961853028,19.850000381469727,20.299999237060547,215432
2026-09-18,21.299999237060547,21.39999961853028,20.450000762939453,20.75,1239239
2026-09-21,20.799999237060547,20.799999237060547,20.5,20.600000381469727,539205
2026-09-22,20.75,20.75,20.25,20.350000381469727,182861
2026-09-23,20.450000762939453,20.450000762939453,20.200000762939453,20.299999237060547,95464
2026-09-24,20.399999618530273,20.399999618530273,19.950000762939453,20.049999237060547,557357
2026-09-29,20.049999237060547,20.149999618530273,19.899999618530273,19.899999618530273,413580
2026-09-30,20.049999237060547,20.149999618530273,19.899999618530273,20.100000381469727,190000
